algorithm,executionOrderIndex,algorithmOrderRotation,warmupSampleCount,buildConfiguration,graphicsBackend,graphicsAdapter,graphicsVersion,vSyncEnabled,heightMapPath,heightMapWidth,heightMapHeight,rendererVertexCount,rendererTriangleCount,drawCallCount,pathSampleIndex,pathSampleCount,pathProgress,timeSeconds,cameraX,cameraY,cameraZ,frameMilliseconds,frameFenceWaitMilliseconds,rendererRenderMilliseconds,lodTotalMilliseconds,experimentSchemaVersion,terrainSize,heightScale,maxDepth,screenSpaceSplitThresholdPixels,screenSpaceMergeThresholdPixels,triangleBudget,dodParallelSplitEnabled,localConstraintsEnabled,topologyValidationEnabled,passEvidenceEnabled,topologyPairEvidenceEnabled,mergeScoreAction,splitScoreAction,mergeTopologyAction,splitTopologyAction,meshEmitAction,cpuUploadAction,mergeScoreWorkerLimit,splitScoreWorkerLimit,mergeTopologyWorkerLimit,splitTopologyWorkerLimit,meshEmitWorkerLimit,splitTopologyMinParallelCandidateCount,mergeTopologyMinParallelCandidateCount,parallelTopologyTargetBuild,parallelTopologyPhase,buildSequence,replayInputHash,topologyHash,activeLeafHash,meshHash,normalizedMeshHash,evidenceTriangleBudget,budgetViolationCount,queueInvariantViolationCount,resourceValidationFailureCount,resultValidationEvaluated,resultValidationPassed,resultValidationFailureMask,referenceComparisonEvaluated,referenceComparisonPassed,referenceComparisonDifferenceMask,passEvidenceMilliseconds,activeTriangleCount,activeNodeCount,originalTriangleCount,subdividedTriangleCount,rebuiltTriangleCount,activeSplitCount,splitCount,forcedSplitCount,mergeCount,crackRiskCount,constraintPassCount,candidatePeakCount,persistentSplitQueueSize,persistentMergeQueueSize,queueCrossoverCount,queueMembershipUpdateCount,cpuMeshFullRebuildCount,cpuMeshUpdatedTriangleCount,cpuMeshReusedTriangleCount,cpuMeshDirtyRangeCount,rejectedSplitCount,budgetRejectedSplitCount,rejectedMergeCount,tjunctionCount,invalidNeighborCount,invalidTopologyCount,cpuGpuUploadBytes,cpuGpuReadbackBytes,cpuWorkerCount,topologyCommitMinCandidateCount,splitTopologyCommitMinCandidateCount,mergeTopologyCommitMinCandidateCount,splitTopologyCandidateCount,splitTopologyNonEmptyChunkCount,splitTopologyCommitWorkerCount,parallelSplitCommitCount,mergeTopologyCandidateCount,mergeTopologyNonEmptyChunkCount,mergeTopologyCommitWorkerCount,parallelMergeCommitCount,interiorSplitCandidateCount,boundarySplitCandidateCount,interiorMergeCandidateCount,boundaryMergeCandidateCount,cpuUpdateMilliseconds,cpuUtilizationPercent,cpuPrepareMilliseconds,cpuMergeCandidateMarkMilliseconds,cpuMergeTopologyMilliseconds,cpuSplitTopologyChunkBuildMilliseconds,cpuSplitTopologyQueueInvalidationMilliseconds,cpuSplitTopologyParallelCommitMilliseconds,cpuSplitTopologyResultMergeMilliseconds,cpuSplitTopologyIndexQueueRefreshMilliseconds,cpuSplitTopologySerialConvergenceMilliseconds,cpuMergeTopologyChunkBuildMilliseconds,cpuMergeTopologyQueueInvalidationMilliseconds,cpuMergeTopologyParallelCommitMilliseconds,cpuMergeTopologyResultMergeMilliseconds,cpuMergeTopologyIndexQueueRefreshMilliseconds,cpuMergeTopologySerialConvergenceMilliseconds,cpuBudgetLeafCollectMilliseconds,cpuErrorEvalMilliseconds,cpuSplitCandidateMarkMilliseconds,cpuSplitTopologyMilliseconds,cpuFinalLeafCollectMilliseconds,cpuMeshEmitMilliseconds,cpuFinalizeMilliseconds,cpuUploadMilliseconds,algorithmRenderMilliseconds,splitMilliseconds,mergeMilliseconds,emitMilliseconds,validateMilliseconds,maxActiveDepth,mergeTopologyPairEvaluated,mergeTopologyPairEquivalent,mergeTopologyPairFrozenCandidateHash,mergeTopologyPairFrozenCandidateCount,mergeTopologyPairCandidateSnapshotMs,mergeTopologyPairEvidenceMs,mergeTopologyPairSerialAction,mergeTopologyPairSerialTopologyHash,mergeTopologyPairSerialActiveLeafHash,mergeTopologyPairSerialQueueMembershipHash,mergeTopologyPairSerialMeshEditHash,mergeTopologyPairSerialActiveTriangleCount,mergeTopologyPairSerialInteriorCandidateCount,mergeTopologyPairSerialBoundaryCandidateCount,mergeTopologyPairSerialEffectiveWorkerCount,mergeTopologyPairSerialEarlyCommitCount,mergeTopologyPairSerialBudgetViolationCount,mergeTopologyPairSerialQueueInvariantViolationCount,mergeTopologyPairSerialTjunctionCount,mergeTopologyPairSerialInvalidNeighborCount,mergeTopologyPairSerialInvalidTopologyCount,mergeTopologyPairSerialStateCloneMs,mergeTopologyPairSerialChunkBuildMs,mergeTopologyPairSerialQueueInvalidationMs,mergeTopologyPairSerialCommitMs,mergeTopologyPairSerialResultMergeMs,mergeTopologyPairSerialIndexQueueRefreshMs,mergeTopologyPairSerialSerialConvergenceMs,mergeTopologyPairSerialWallMs,mergeTopologyPairParallelAction,mergeTopologyPairParallelTopologyHash,mergeTopologyPairParallelActiveLeafHash,mergeTopologyPairParallelQueueMembershipHash,mergeTopologyPairParallelMeshEditHash,mergeTopologyPairParallelActiveTriangleCount,mergeTopologyPairParallelInteriorCandidateCount,mergeTopologyPairParallelBoundaryCandidateCount,mergeTopologyPairParallelEffectiveWorkerCount,mergeTopologyPairParallelEarlyCommitCount,mergeTopologyPairParallelBudgetViolationCount,mergeTopologyPairParallelQueueInvariantViolationCount,mergeTopologyPairParallelTjunctionCount,mergeTopologyPairParallelInvalidNeighborCount,mergeTopologyPairParallelInvalidTopologyCount,mergeTopologyPairParallelStateCloneMs,mergeTopologyPairParallelChunkBuildMs,mergeTopologyPairParallelQueueInvalidationMs,mergeTopologyPairParallelCommitMs,mergeTopologyPairParallelResultMergeMs,mergeTopologyPairParallelIndexQueueRefreshMs,mergeTopologyPairParallelSerialConvergenceMs,mergeTopologyPairParallelWallMs,splitTopologyPairEvaluated,splitTopologyPairEquivalent,splitTopologyPairFrozenCandidateHash,splitTopologyPairFrozenCandidateCount,splitTopologyPairCandidateSnapshotMs,splitTopologyPairEvidenceMs,splitTopologyPairSerialAction,splitTopologyPairSerialTopologyHash,splitTopologyPairSerialActiveLeafHash,splitTopologyPairSerialQueueMembershipHash,splitTopologyPairSerialMeshEditHash,splitTopologyPairSerialActiveTriangleCount,splitTopologyPairSerialInteriorCandidateCount,splitTopologyPairSerialBoundaryCandidateCount,splitTopologyPairSerialEffectiveWorkerCount,splitTopologyPairSerialEarlyCommitCount,splitTopologyPairSerialBudgetViolationCount,splitTopologyPairSerialQueueInvariantViolationCount,splitTopologyPairSerialTjunctionCount,splitTopologyPairSerialInvalidNeighborCount,splitTopologyPairSerialInvalidTopologyCount,splitTopologyPairSerialStateCloneMs,splitTopologyPairSerialChunkBuildMs,splitTopologyPairSerialQueueInvalidationMs,splitTopologyPairSerialCommitMs,splitTopologyPairSerialResultMergeMs,splitTopologyPairSerialIndexQueueRefreshMs,splitTopologyPairSerialSerialConvergenceMs,splitTopologyPairSerialWallMs,splitTopologyPairParallelAction,splitTopologyPairParallelTopologyHash,splitTopologyPairParallelActiveLeafHash,splitTopologyPairParallelQueueMembershipHash,splitTopologyPairParallelMeshEditHash,splitTopologyPairParallelActiveTriangleCount,splitTopologyPairParallelInteriorCandidateCount,splitTopologyPairParallelBoundaryCandidateCount,splitTopologyPairParallelEffectiveWorkerCount,splitTopologyPairParallelEarlyCommitCount,splitTopologyPairParallelBudgetViolationCount,splitTopologyPairParallelQueueInvariantViolationCount,splitTopologyPairParallelTjunctionCount,splitTopologyPairParallelInvalidNeighborCount,splitTopologyPairParallelInvalidTopologyCount,splitTopologyPairParallelStateCloneMs,splitTopologyPairParallelChunkBuildMs,splitTopologyPairParallelQueueInvalidationMs,splitTopologyPairParallelCommitMs,splitTopologyPairParallelResultMergeMs,splitTopologyPairParallelIndexQueueRefreshMs,splitTopologyPairParallelSerialConvergenceMs,splitTopologyPairParallelWallMs,pass_mergeScoreRequestedAction,pass_mergeScoreEffectiveAction,pass_mergeScoreFallbackReason,pass_mergeScoreMembershipUpdate,pass_mergeScorePriorityRefresh,pass_mergeScoreDataUpdate,pass_mergeScoreRequestedWorkerCount,pass_mergeScoreEffectiveWorkerCount,pass_mergeScoreCandidateCount,pass_mergeScoreDirtyItemCount,pass_mergeScoreScoreMs,pass_mergeScoreHeapifyMs,pass_mergeScoreCandidateSnapshotMs,pass_mergeScoreMembershipUpdateCount,pass_mergeScoreMembershipUpdateMs,pass_mergeScoreWallMs,pass_splitScoreRequestedAction,pass_splitScoreEffectiveAction,pass_splitScoreFallbackReason,pass_splitScoreMembershipUpdate,pass_splitScorePriorityRefresh,pass_splitScoreDataUpdate,pass_splitScoreRequestedWorkerCount,pass_splitScoreEffectiveWorkerCount,pass_splitScoreCandidateCount,pass_splitScoreDirtyItemCount,pass_splitScoreScoreMs,pass_splitScoreHeapifyMs,pass_splitScoreCandidateSnapshotMs,pass_splitScoreMembershipUpdateCount,pass_splitScoreMembershipUpdateMs,pass_splitScoreWallMs,pass_mergeTopologyRequestedAction,pass_mergeTopologyEffectiveAction,pass_mergeTopologyFallbackReason,pass_mergeTopologyMembershipUpdate,pass_mergeTopologyPriorityRefresh,pass_mergeTopologyDataUpdate,pass_mergeTopologyRequestedWorkerCount,pass_mergeTopologyEffectiveWorkerCount,pass_mergeTopologyCandidateCount,pass_mergeTopologyDirtyItemCount,pass_mergeTopologyScoreMs,pass_mergeTopologyHeapifyMs,pass_mergeTopologyCandidateSnapshotMs,pass_mergeTopologyMembershipUpdateCount,pass_mergeTopologyMembershipUpdateMs,pass_mergeTopologyWallMs,pass_splitTopologyRequestedAction,pass_splitTopologyEffectiveAction,pass_splitTopologyFallbackReason,pass_splitTopologyMembershipUpdate,pass_splitTopologyPriorityRefresh,pass_splitTopologyDataUpdate,pass_splitTopologyRequestedWorkerCount,pass_splitTopologyEffectiveWorkerCount,pass_splitTopologyCandidateCount,pass_splitTopologyDirtyItemCount,pass_splitTopologyScoreMs,pass_splitTopologyHeapifyMs,pass_splitTopologyCandidateSnapshotMs,pass_splitTopologyMembershipUpdateCount,pass_splitTopologyMembershipUpdateMs,pass_splitTopologyWallMs,pass_meshEmitRequestedAction,pass_meshEmitEffectiveAction,pass_meshEmitFallbackReason,pass_meshEmitMembershipUpdate,pass_meshEmitPriorityRefresh,pass_meshEmitDataUpdate,pass_meshEmitRequestedWorkerCount,pass_meshEmitEffectiveWorkerCount,pass_meshEmitCandidateCount,pass_meshEmitDirtyItemCount,pass_meshEmitScoreMs,pass_meshEmitHeapifyMs,pass_meshEmitCandidateSnapshotMs,pass_meshEmitMembershipUpdateCount,pass_meshEmitMembershipUpdateMs,pass_meshEmitWallMs,pass_cpuUploadRequestedAction,pass_cpuUploadEffectiveAction,pass_cpuUploadFallbackReason,pass_cpuUploadMembershipUpdate,pass_cpuUploadPriorityRefresh,pass_cpuUploadDataUpdate,pass_cpuUploadRequestedWorkerCount,pass_cpuUploadEffectiveWorkerCount,pass_cpuUploadCandidateCount,pass_cpuUploadDirtyItemCount,pass_cpuUploadScoreMs,pass_cpuUploadHeapifyMs,pass_cpuUploadCandidateSnapshotMs,pass_cpuUploadMembershipUpdateCount,pass_cpuUploadMembershipUpdateMs,pass_cpuUploadWallMs
Classic CPU ROAM,0,0,4,RelWithDebInfo,OpenGL,NVIDIA GeForce RTX 5090 D/PCIe/SSE2,4.1.0 NVIDIA 591.86,false,assets/heightmaps/Hm_Terrain_Peking_513.png,547,547,600000,200000,1,0,64,0.000,0.000,58.000,20.000,0.000,1011.881,0.000,0.000,955.273,3,80.000,12.000,20,0.250,0.100,200000,false,true,false,true,false,automatic,automatic,automatic,automatic,automatic,automatic,0,0,0,0,0,32,160,0,both,1,14098304620420485230,7588432357280601828,4475650156416630638,220946018676980248,18112605446491640586,200000,0,0,0,1,1,0,0,0,0,164.324,200000,399998,0,0,200000,199998,199998,99941,0,0,100736,233559,200000,33559,0,1369743,1,200000,0,1,0,796,0,0,0,0,33600000,0,1,0,0,0,0,0,0,0,0,0,0,0,0,0,0,0,787.452,100.136,94.538,0.000,0.000,0.000,0.000,0.000,0.000,0.000,465.765,0.000,0.000,0.000,0.000,0.000,0.000,0.000,0.000,0.001,465.765,0.000,156.775,70.372,3.422,0.000,465.766,0.000,156.775,0.000,20,false,false,0,0,0.000,0.000,notRun,0,0,0,0,0,0,0,0,0,0,0,0,0,0,0.000,0.000,0.000,0.000,0.000,0.000,0.000,0.000,notRun,0,0,0,0,0,0,0,0,0,0,0,0,0,0,0.000,0.000,0.000,0.000,0.000,0.000,0.000,0.000,false,false,0,0,0.000,0.000,notRun,0,0,0,0,0,0,0,0,0,0,0,0,0,0,0.000,0.000,0.000,0.000,0.000,0.000,0.000,0.000,notRun,0,0,0,0,0,0,0,0,0,0,0,0,0,0,0.000,0.000,0.000,0.000,0.000,0.000,0.000,0.000,automatic,serialFullRefresh,noWork,incremental,fullAllCurrentEntries,notApplicable,1,0,0,0,0.000,0.000,0.000,769747,35.444,0.000,automatic,serialFullRefresh,none,incremental,fullAllCurrentEntries,notApplicable,1,1,2,0,0.000,0.001,0.000,599996,121.167,0.001,automatic,serialImmediate,noWork,incremental,notApplicable,incremental,1,0,0,0,0.000,0.000,0.000,0,0.000,0.000,automatic,serialImmediate,none,incremental,notApplicable,incremental,1,1,2,0,0.000,0.000,0.000,0,0.000,465.765,automatic,serialDirty,none,notApplicable,notApplicable,full,1,1,0,200000,0.000,0.000,0.000,0,0.000,156.775,fullBuffer,fullBuffer,none,notApplicable,notApplicable,full,1,1,0,1,0.000,0.000,0.000,0,0.000,3.422
Classic CPU ROAM,0,0,4,RelWithDebInfo,OpenGL,NVIDIA GeForce RTX 5090 D/PCIe/SSE2,4.1.0 NVIDIA 591.86,false,assets/heightmaps/Hm_Terrain_Peking_513.png,547,547,600000,200000,1,1,64,0.016,0.960,57.712,20.594,5.775,960.439,0.000,0.000,377.186,3,80.000,12.000,20,0.250,0.100,200000,false,true,false,true,false,automatic,automatic,automatic,automatic,automatic,automatic,0,0,0,0,0,32,160,0,both,2,8659342411541577262,5676548594320867845,10548495358431706607,2033869471460259257,16296112369851061948,200000,0,0,0,1,1,0,0,0,0,163.806,200000,427218,0,169609,30391,199998,13610,6871,13610,0,11194,233748,200000,33615,5943,158530,0,200000,0,1,0,4214,0,0,0,0,33600000,0,1,0,0,0,0,0,0,0,0,0,0,0,0,0,0,0,209.889,96.153,7.825,14.885,19.957,0.000,0.000,0.000,0.000,0.000,30.393,0.000,0.000,0.000,0.000,0.000,0.000,0.000,0.000,43.958,30.393,0.000,33.188,59.682,3.411,0.000,74.351,34.842,33.188,0.000,20,false,false,0,0,0.000,0.000,notRun,0,0,0,0,0,0,0,0,0,0,0,0,0,0,0.000,0.000,0.000,0.000,0.000,0.000,0.000,0.000,notRun,0,0,0,0,0,0,0,0,0,0,0,0,0,0,0.000,0.000,0.000,0.000,0.000,0.000,0.000,0.000,false,false,0,0,0.000,0.000,notRun,0,0,0,0,0,0,0,0,0,0,0,0,0,0,0.000,0.000,0.000,0.000,0.000,0.000,0.000,0.000,notRun,0,0,0,0,0,0,0,0,0,0,0,0,0,0,0.000,0.000,0.000,0.000,0.000,0.000,0.000,0.000,automatic,serialFullRefresh,none,incremental,fullAllCurrentEntries,notApplicable,1,1,33559,0,14.578,0.307,0.000,76870,7.071,14.885,automatic,serialFullRefresh,none,incremental,fullAllCurrentEntries,notApplicable,1,1,200000,0,42.405,1.553,0.000,81660,9.790,43.958,automatic,serialImmediate,none,incremental,notApplicable,incremental,1,1,33559,0,0.000,0.000,0.000,0,0.000,19.957,automatic,serialImmediate,none,incremental,notApplicable,incremental,1,1,200000,0,0.000,0.000,0.000,0,0.000,30.393,automatic,serialDirty,none,notApplicable,notApplicable,incremental,1,1,0,200000,0.000,0.000,0.000,0,0.000,33.188,dirtyRange,dirtyRange,none,notApplicable,notApplicable,incremental,1,1,0,1,0.000,0.000,0.000,0,0.000,3.411
Classic CPU ROAM,0,0,4,RelWithDebInfo,OpenGL,NVIDIA GeForce RTX 5090 D/PCIe/SSE2,4.1.0 NVIDIA 591.86,false,assets/heightmaps/Hm_Terrain_Peking_513.png,547,547,600000,200000,1,2,64,0.032,1.343,56.850,21.165,11.492,382.390,0.000,0.000,368.651,3,80.000,12.000,20,0.250,0.100,200000,false,true,false,true,false,automatic,automatic,automatic,automatic,automatic,automatic,0,0,0,0,0,32,160,0,both,3,7288431114370965623,5961076052088102992,16527254313496818514,6724886879837742002,16258003530702147075,200000,0,0,0,1,1,0,0,0,0,163.570,200000,455332,0,168835,31165,199998,14461,7346,14461,0,10778,233842,200000,33715,4236,171124,0,57287,142713,16130,0,3417,0,0,0,0,9624216,0,1,0,0,0,0,0,0,0,0,0,0,0,0,0,0,0,200.134,98.778,8.450,14.732,19.524,0.000,0.000,0.000,0.000,0.000,34.298,0.000,0.000,0.000,0.000,0.000,0.000,0.000,0.000,41.461,34.298,0.000,21.650,60.016,4.785,0.000,75.759,34.257,21.650,0.000,20,false,false,0,0,0.000,0.000,notRun,0,0,0,0,0,0,0,0,0,0,0,0,0,0,0.000,0.000,0.000,0.000,0.000,0.000,0.000,0.000,notRun,0,0,0,0,0,0,0,0,0,0,0,0,0,0,0.000,0.000,0.000,0.000,0.000,0.000,0.000,0.000,false,false,0,0,0.000,0.000,notRun,0,0,0,0,0,0,0,0,0,0,0,0,0,0,0.000,0.000,0.000,0.000,0.000,0.000,0.000,0.000,notRun,0,0,0,0,0,0,0,0,0,0,0,0,0,0,0.000,0.000,0.000,0.000,0.000,0.000,0.000,0.000,automatic,serialFullRefresh,none,incremental,fullAllCurrentEntries,notApplicable,1,1,33615,0,14.467,0.266,0.000,84358,8.053,14.732,automatic,serialFullRefresh,none,incremental,fullAllCurrentEntries,notApplicable,1,1,200000,0,39.824,1.637,0.000,86766,10.408,41.461,automatic,serialImmediate,none,incremental,notApplicable,incremental,1,1,33615,0,0.000,0.000,0.000,0,0.000,19.524,automatic,serialImmediate,none,incremental,notApplicable,incremental,1,1,200000,0,0.000,0.000,0.000,0,0.000,34.298,automatic,serialDirty,none,notApplicable,notApplicable,incremental,1,1,0,57287,0.000,0.000,0.000,0,0.000,21.650,dirtyRange,dirtyRange,none,notApplicable,notApplicable,incremental,1,1,0,16130,0.000,0.000,0.000,0,0.000,4.785
Classic CPU ROAM,0,0,4,RelWithDebInfo,OpenGL,NVIDIA GeForce RTX 5090 D/PCIe/SSE2,4.1.0 NVIDIA 591.86,false,assets/heightmaps/Hm_Terrain_Peking_513.png,547,547,600000,200000,1,3,64,0.048,1.719,55.423,21.690,17.096,375.923,0.000,0.000,375.839,3,80.000,12.000,20,0.250,0.100,200000,false,true,false,true,false,automatic,automatic,automatic,automatic,automatic,automatic,0,0,0,0,0,32,160,0,both,4,7278823686050491780,7783645792805644058,10169010371920852236,15164778180041910628,3893915685971796344,200000,0,0,0,1,1,0,0,0,0,166.605,200000,484580,0,167824,32176,199998,15341,7854,15341,0,10283,234092,200000,33927,3881,183466,0,59267,140733,17276,0,2345,0,0,0,0,9956856,0,1,0,0,0,0,0,0,0,0,0,0,0,0,0,0,0,204.118,101.128,7.370,13.877,20.416,0.000,0.000,0.000,0.000,0.000,37.842,0.000,0.000,0.000,0.000,0.000,0.000,0.000,0.000,41.739,37.842,0.000,22.779,60.094,4.975,0.000,79.581,34.293,22.779,0.000,20,false,false,0,0,0.000,0.000,notRun,0,0,0,0,0,0,0,0,0,0,0,0,0,0,0.000,0.000,0.000,0.000,0.000,0.000,0.000,0.000,notRun,0,0,0,0,0,0,0,0,0,0,0,0,0,0,0.000,0.000,0.000,0.000,0.000,0.000,0.000,0.000,false,false,0,0,0.000,0.000,notRun,0,0,0,0,0,0,0,0,0,0,0,0,0,0,0.000,0.000,0.000,0.000,0.000,0.000,0.000,0.000,notRun,0,0,0,0,0,0,0,0,0,0,0,0,0,0,0.000,0.000,0.000,0.000,0.000,0.000,0.000,0.000,automatic,serialFullRefresh,none,incremental,fullAllCurrentEntries,notApplicable,1,1,33715,0,13.597,0.280,0.000,91420,8.624,13.877,automatic,serialFullRefresh,none,incremental,fullAllCurrentEntries,notApplicable,1,1,200000,0,40.059,1.680,0.000,92046,11.397,41.739,automatic,serialImmediate,none,incremental,notApplicable,incremental,1,1,33715,0,0.000,0.000,0.000,0,0.000,20.416,automatic,serialImmediate,none,incremental,notApplicable,incremental,1,1,200000,0,0.000,0.000,0.000,0,0.000,37.842,automatic,serialDirty,none,notApplicable,notApplicable,incremental,1,1,0,59267,0.000,0.000,0.000,0,0.000,22.779,dirtyRange,dirtyRange,none,notApplicable,notApplicable,incremental,1,1,0,17276,0.000,0.000,0.000,0,0.000,4.975
Classic CPU ROAM,0,0,4,RelWithDebInfo,OpenGL,NVIDIA GeForce RTX 5090 D/PCIe/SSE2,4.1.0 NVIDIA 591.86,false,assets/heightmaps/Hm_Terrain_Peking_513.png,547,547,600000,200000,1,4,64,0.063,2.103,53.446,22.148,22.529,383.759,0.000,0.000,384.575,3,80.000,12.000,20,0.250,0.100,200000,false,true,false,true,false,automatic,automatic,automatic,automatic,automatic,automatic,0,0,0,0,0,32,160,0,both,5,8205201682360257472,5476619637919345177,6867597602109571887,11864242824289070427,11684388553975355323,200000,0,0,0,1,1,0,0,0,0,166.547,200000,515876,0,165095,34905,199998,16557,8422,16557,0,10568,234322,200000,34140,4242,200383,0,60474,139526,17356,0,2090,0,0,0,0,10159632,0,1,0,0,0,0,0,0,0,0,0,0,0,0,0,0,0,212.828,98.824,8.761,14.112,22.295,0.000,0.000,0.000,0.000,0.000,40.186,0.000,0.000,0.000,0.000,0.000,0.000,0.000,0.000,42.190,40.186,0.000,24.725,60.559,5.066,0.000,82.375,36.407,24.725,0.000,20,false,false,0,0,0.000,0.000,notRun,0,0,0,0,0,0,0,0,0,0,0,0,0,0,0.000,0.000,0.000,0.000,0.000,0.000,0.000,0.000,notRun,0,0,0,0,0,0,0,0,0,0,0,0,0,0,0.000,0.000,0.000,0.000,0.000,0.000,0.000,0.000,false,false,0,0,0.000,0.000,notRun,0,0,0,0,0,0,0,0,0,0,0,0,0,0,0.000,0.000,0.000,0.000,0.000,0.000,0.000,0.000,notRun,0,0,0,0,0,0,0,0,0,0,0,0,0,0,0.000,0.000,0.000,0.000,0.000,0.000,0.000,0.000,automatic,serialFullRefresh,none,incremental,fullAllCurrentEntries,notApplicable,1,1,33927,0,13.828,0.283,0.000,101041,9.988,14.112,automatic,serialFullRefresh,none,incremental,fullAllCurrentEntries,notApplicable,1,1,200000,0,40.607,1.583,0.000,99342,12.117,42.190,automatic,serialImmediate,none,incremental,notApplicable,incremental,1,1,33927,0,0.000,0.000,0.000,0,0.000,22.295,automatic,serialImmediate,none,incremental,notApplicable,incremental,1,1,200000,0,0.000,0.000,0.000,0,0.000,40.186,automatic,serialDirty,none,notApplicable,notApplicable,incremental,1,1,0,60474,0.000,0.000,0.000,0,0.000,24.725,dirtyRange,dirtyRange,none,notApplicable,notApplicable,incremental,1,1,0,17356,0.000,0.000,0.000,0,0.000,5.066
Classic CPU ROAM,0,0,4,RelWithDebInfo,OpenGL,NVIDIA GeForce RTX 5090 D/PCIe/SSE2,4.1.0 NVIDIA 591.86,false,assets/heightmaps/Hm_Terrain_Peking_513.png,547,547,600000,200000,1,5,64,0.079,2.494,50.937,22.520,27.739,391.147,0.000,0.000,383.052,3,80.000,12.000,20,0.250,0.100,200000,false,true,false,true,false,automatic,automatic,automatic,automatic,automatic,automatic,0,0,0,0,0,32,160,0,both,6,6609361805166375492,2504589822901756120,6770990170278849198,10093601637157656392,9059139974614888873,200000,0,0,0,1,1,0,0,0,0,166.621,200000,545954,0,165660,34340,199998,16443,8347,16443,0,9524,234477,200000,34173,3967,195671,0,60671,139329,18051,0,1110,0,0,0,0,10192728,0,1,0,0,0,0,0,0,0,0,0,0,0,0,0,0,0,211.039,99.271,8.115,15.146,21.978,0.000,0.000,0.000,0.000,0.000,39.398,0.000,0.000,0.000,0.000,0.000,0.000,0.000,0.000,41.807,39.398,0.000,24.095,60.499,5.250,0.000,81.205,37.124,24.095,0.000,20,false,false,0,0,0.000,0.000,notRun,0,0,0,0,0,0,0,0,0,0,0,0,0,0,0.000,0.000,0.000,0.000,0.000,0.000,0.000,0.000,notRun,0,0,0,0,0,0,0,0,0,0,0,0,0,0,0.000,0.000,0.000,0.000,0.000,0.000,0.000,0.000,false,false,0,0,0.000,0.000,notRun,0,0,0,0,0,0,0,0,0,0,0,0,0,0,0.000,0.000,0.000,0.000,0.000,0.000,0.000,0.000,notRun,0,0,0,0,0,0,0,0,0,0,0,0,0,0,0.000,0.000,0.000,0.000,0.000,0.000,0.000,0.000,automatic,serialFullRefresh,none,incremental,fullAllCurrentEntries,notApplicable,1,1,34140,0,14.860,0.287,0.000,97013,9.473,15.146,automatic,serialFullRefresh,none,incremental,fullAllCurrentEntries,notApplicable,1,1,200000,0,40.211,1.596,0.000,98658,11.760,41.807,automatic,serialImmediate,none,incremental,notApplicable,incremental,1,1,34140,0,0.000,0.000,0.000,0,0.000,21.978,automatic,serialImmediate,none,incremental,notApplicable,incremental,1,1,200000,0,0.000,0.000,0.000,0,0.000,39.398,automatic,serialDirty,none,notApplicable,notApplicable,incremental,1,1,0,60671,0.000,0.000,0.000,0,0.000,24.095,dirtyRange,dirtyRange,none,notApplicable,notApplicable,incremental,1,1,0,18051,0.000,0.000,0.000,0,0.000,5.250
Classic CPU ROAM,0,0,4,RelWithDebInfo,OpenGL,NVIDIA GeForce RTX 5090 D/PCIe/SSE2,4.1.0 NVIDIA 591.86,false,assets/heightmaps/Hm_Terrain_Peking_513.png,547,547,600000,200000,1,6,64,0.095,2.884,47.922,22.793,32.673,390.238,0.000,0.000,383.658,3,80.000,12.000,20,0.250,0.100,200000,false,true,false,true,false,automatic,automatic,automatic,automatic,automatic,automatic,0,0,0,0,0,32,160,0,both,7,7460550267756605755,18016422774971089556,5595370295677071714,1887302360835562973,16791176934949813065,200000,0,0,0,1,1,0,0,0,0,169.277,200000,573734,0,167387,32613,199998,15473,7848,15473,0,10312,234509,200000,34107,4324,183782,0,60188,139812,18610,0,2455,0,0,0,0,10111584,0,1,0,0,0,0,0,0,0,0,0,0,0,0,0,0,0,208.966,99.120,7.526,15.092,21.522,0.000,0.000,0.000,0.000,0.000,37.943,0.000,0.000,0.000,0.000,0.000,0.000,0.000,0.000,42.038,37.943,0.000,23.449,61.393,5.282,0.000,79.981,36.615,23.449,0.000,20,false,false,0,0,0.000,0.000,notRun,0,0,0,0,0,0,0,0,0,0,0,0,0,0,0.000,0.000,0.000,0.000,0.000,0.000,0.000,0.000,notRun,0,0,0,0,0,0,0,0,0,0,0,0,0,0,0.000,0.000,0.000,0.000,0.000,0.000,0.000,0.000,false,false,0,0,0.000,0.000,notRun,0,0,0,0,0,0,0,0,0,0,0,0,0,0,0.000,0.000,0.000,0.000,0.000,0.000,0.000,0.000,notRun,0,0,0,0,0,0,0,0,0,0,0,0,0,0,0.000,0.000,0.000,0.000,0.000,0.000,0.000,0.000,automatic,serialFullRefresh,none,incremental,fullAllCurrentEntries,notApplicable,1,1,34173,0,14.801,0.291,0.000,90944,8.757,15.092,automatic,serialFullRefresh,none,incremental,fullAllCurrentEntries,notApplicable,1,1,200000,0,40.511,1.527,0.000,92838,11.330,42.038,automatic,serialImmediate,none,incremental,notApplicable,incremental,1,1,34173,0,0.000,0.000,0.000,0,0.000,21.522,automatic,serialImmediate,none,incremental,notApplicable,incremental,1,1,200000,0,0.000,0.000,0.000,0,0.000,37.943,automatic,serialDirty,none,notApplicable,notApplicable,incremental,1,1,0,60188,0.000,0.000,0.000,0,0.000,23.449,dirtyRange,dirtyRange,none,notApplicable,notApplicable,incremental,1,1,0,18610,0.000,0.000,0.000,0,0.000,5.282
Classic CPU ROAM,0,0,4,RelWithDebInfo,OpenGL,NVIDIA GeForce RTX 5090 D/PCIe/SSE2,4.1.0 NVIDIA 591.86,false,assets/heightmaps/Hm_Terrain_Peking_513.png,547,547,600000,200000,1,7,64,0.111,3.275,44.431,22.954,37.282,390.669,0.000,0.000,385.428,3,80.000,12.000,20,0.250,0.100,200000,false,true,false,true,false,automatic,automatic,automatic,automatic,automatic,automatic,0,0,0,0,0,32,160,0,both,8,14529096079396744546,7783257179921695138,15440299088060168580,17719311066879858208,4013228348692373109,200000,0,0,0,1,1,0,0,0,0,169.956,200000,601084,0,166276,33724,199998,15848,8037,15848,0,10047,234498,200000,34174,5324,189925,0,61733,138267,19821,0,1978,0,0,0,0,10371144,0,1,0,0,0,0,0,0,0,0,0,0,0,0,0,0,0,209.654,98.763,7.631,15.282,22.636,0.000,0.000,0.000,0.000,0.000,37.445,0.000,0.000,0.000,0.000,0.000,0.000,0.000,0.000,42.248,37.445,0.000,24.134,60.277,5.681,0.000,79.693,37.918,24.134,0.000,20,false,false,0,0,0.000,0.000,notRun,0,0,0,0,0,0,0,0,0,0,0,0,0,0,0.000,0.000,0.000,0.000,0.000,0.000,0.000,0.000,notRun,0,0,0,0,0,0,0,0,0,0,0,0,0,0,0.000,0.000,0.000,0.000,0.000,0.000,0.000,0.000,false,false,0,0,0.000,0.000,notRun,0,0,0,0,0,0,0,0,0,0,0,0,0,0,0.000,0.000,0.000,0.000,0.000,0.000,0.000,0.000,notRun,0,0,0,0,0,0,0,0,0,0,0,0,0,0,0.000,0.000,0.000,0.000,0.000,0.000,0.000,0.000,automatic,serialFullRefresh,none,incremental,fullAllCurrentEntries,notApplicable,1,1,34107,0,14.969,0.313,0.000,94837,8.977,15.282,automatic,serialFullRefresh,none,incremental,fullAllCurrentEntries,notApplicable,1,1,200000,0,40.675,1.574,0.000,95088,11.406,42.248,automatic,serialImmediate,none,incremental,notApplicable,incremental,1,1,34107,0,0.000,0.000,0.000,0,0.000,22.636,automatic,serialImmediate,none,incremental,notApplicable,incremental,1,1,200000,0,0.000,0.000,0.000,0,0.000,37.445,automatic,serialDirty,none,notApplicable,notApplicable,incremental,1,1,0,61733,0.000,0.000,0.000,0,0.000,24.134,dirtyRange,dirtyRange,none,notApplicable,notApplicable,incremental,1,1,0,19821,0.000,0.000,0.000,0,0.000,5.681
Classic CPU ROAM,0,0,4,RelWithDebInfo,OpenGL,NVIDIA GeForce RTX 5090 D/PCIe/SSE2,4.1.0 NVIDIA 591.86,false,assets/heightmaps/Hm_Terrain_Peking_513.png,547,547,600000,200000,1,8,64,0.127,3.668,40.498,22.999,41.520,393.123,0.000,0.000,387.839,3,80.000,12.000,20,0.250,0.100,200000,false,true,false,true,false,automatic,automatic,automatic,automatic,automatic,automatic,0,0,0,0,0,32,160,0,both,9,968169493307022999,5135072663637782232,15116215542321801954,1656205033384040152,7512965574802719500,200000,0,0,0,1,1,0,0,0,0,170.959,200000,627902,0,165946,34054,199998,16041,8141,16041,0,11505,234356,200000,34197,6160,186703,0,64076,135924,21380,0,3283,0,0,0,0,10764768,0,1,0,0,0,0,0,0,0,0,0,0,0,0,0,0,0,210.828,98.199,8.628,15.128,23.865,0.000,0.000,0.000,0.000,0.000,36.131,0.000,0.000,0.000,0.000,0.000,0.000,0.000,0.000,42.030,36.131,0.000,24.854,60.192,5.913,0.000,78.161,38.993,24.854,0.000,20,false,false,0,0,0.000,0.000,notRun,0,0,0,0,0,0,0,0,0,0,0,0,0,0,0.000,0.000,0.000,0.000,0.000,0.000,0.000,0.000,notRun,0,0,0,0,0,0,0,0,0,0,0,0,0,0,0.000,0.000,0.000,0.000,0.000,0.000,0.000,0.000,false,false,0,0,0.000,0.000,notRun,0,0,0,0,0,0,0,0,0,0,0,0,0,0,0.000,0.000,0.000,0.000,0.000,0.000,0.000,0.000,notRun,0,0,0,0,0,0,0,0,0,0,0,0,0,0,0.000,0.000,0.000,0.000,0.000,0.000,0.000,0.000,automatic,serialFullRefresh,none,incremental,fullAllCurrentEntries,notApplicable,1,1,34174,0,14.856,0.272,0.000,90457,8.101,15.128,automatic,serialFullRefresh,none,incremental,fullAllCurrentEntries,notApplicable,1,1,200000,0,40.538,1.492,0.000,96246,11.619,42.030,automatic,serialImmediate,none,incremental,notApplicable,incremental,1,1,34174,0,0.000,0.000,0.000,0,0.000,23.865,automatic,serialImmediate,none,incremental,notApplicable,incremental,1,1,200000,0,0.000,0.000,0.000,0,0.000,36.131,automatic,serialDirty,none,notApplicable,notApplicable,incremental,1,1,0,64076,0.000,0.000,0.000,0,0.000,24.854,dirtyRange,dirtyRange,none,notApplicable,notApplicable,incremental,1,1,0,21380,0.000,0.000,0.000,0,0.000,5.913
Classic CPU ROAM,0,0,4,RelWithDebInfo,OpenGL,NVIDIA GeForce RTX 5090 D/PCIe/SSE2,4.1.0 NVIDIA 591.86,false,assets/heightmaps/Hm_Terrain_Peking_513.png,547,547,600000,200000,1,9,64,0.143,4.063,36.162,22.925,45.346,395.748,0.000,0.000,387.118,3,80.000,12.000,20,0.250,0.100,200000,false,true,false,true,false,automatic,automatic,automatic,automatic,automatic,automatic,0,0,0,0,0,32,160,0,both,10,10126486524086268068,7476314301335915409,1773988661892439131,15736429493067664842,5990875151958568208,200000,0,0,0,1,1,0,0,0,0,169.458,200000,654594,0,164293,35707,199998,16361,8241,16361,0,12314,234311,200000,34044,6795,189921,0,65256,134744,22114,0,4015,0,0,0,0,10963008,0,1,0,0,0,0,0,0,0,0,0,0,0,0,0,0,0,211.280,98.469,7.396,15.160,25.183,0.000,0.000,0.000,0.000,0.000,36.476,0.000,0.000,0.000,0.000,0.000,0.000,0.000,0.000,42.204,36.476,0.000,25.197,59.661,6.235,0.000,78.681,40.343,25.197,0.000,20,false,false,0,0,0.000,0.000,notRun,0,0,0,0,0,0,0,0,0,0,0,0,0,0,0.000,0.000,0.000,0.000,0.000,0.000,0.000,0.000,notRun,0,0,0,0,0,0,0,0,0,0,0,0,0,0,0.000,0.000,0.000,0.000,0.000,0.000,0.000,0.000,false,false,0,0,0.000,0.000,notRun,0,0,0,0,0,0,0,0,0,0,0,0,0,0,0.000,0.000,0.000,0.000,0.000,0.000,0.000,0.000,notRun,0,0,0,0,0,0,0,0,0,0,0,0,0,0,0.000,0.000,0.000,0.000,0.000,0.000,0.000,0.000,automatic,serialFullRefresh,none,incremental,fullAllCurrentEntries,notApplicable,1,1,34197,0,14.887,0.273,0.000,91755,8.390,15.160,automatic,serialFullRefresh,none,incremental,fullAllCurrentEntries,notApplicable,1,1,200000,0,40.689,1.515,0.000,98166,11.758,42.204,automatic,serialImmediate,none,incremental,notApplicable,incremental,1,1,34197,0,0.000,0.000,0.000,0,0.000,25.183,automatic,serialImmediate,none,incremental,notApplicable,incremental,1,1,200000,0,0.000,0.000,0.000,0,0.000,36.476,automatic,serialDirty,none,notApplicable,notApplicable,incremental,1,1,0,65256,0.000,0.000,0.000,0,0.000,25.197,dirtyRange,dirtyRange,none,notApplicable,notApplicable,incremental,1,1,0,22114,0.000,0.000,0.000,0,0.000,6.235
Classic CPU ROAM,0,0,4,RelWithDebInfo,OpenGL,NVIDIA GeForce RTX 5090 D/PCIe/SSE2,4.1.0 NVIDIA 591.86,false,assets/heightmaps/Hm_Terrain_Peking_513.png,547,547,600000,200000,1,10,64,0.159,4.458,31.468,22.735,48.722,395.026,0.000,0.000,382.033,3,80.000,12.000,20,0.250,0.100,200000,false,true,false,true,false,automatic,automatic,automatic,automatic,automatic,automatic,0,0,0,0,0,32,160,0,both,11,14171297774235295312,11966640825832472449,2936329696377599435,4770062035309081603,3236808997738095582,200000,0,0,0,1,1,0,0,0,0,168.025,200000,678674,0,165628,34372,199998,15540,7903,15540,0,11408,234064,200000,33859,6816,182869,0,65340,134660,22436,0,3381,0,0,0,0,10977120,0,1,0,0,0,0,0,0,0,0,0,0,0,0,0,0,0,207.686,99.785,7.342,15.096,24.549,0.000,0.000,0.000,0.000,0.000,34.454,0.000,0.000,0.000,0.000,0.000,0.000,0.000,0.000,42.199,34.454,0.000,24.305,59.740,6.173,0.000,76.654,39.645,24.305,0.000,20,false,false,0,0,0.000,0.000,notRun,0,0,0,0,0,0,0,0,0,0,0,0,0,0,0.000,0.000,0.000,0.000,0.000,0.000,0.000,0.000,notRun,0,0,0,0,0,0,0,0,0,0,0,0,0,0,0.000,0.000,0.000,0.000,0.000,0.000,0.000,0.000,false,false,0,0,0.000,0.000,notRun,0,0,0,0,0,0,0,0,0,0,0,0,0,0,0.000,0.000,0.000,0.000,0.000,0.000,0.000,0.000,notRun,0,0,0,0,0,0,0,0,0,0,0,0,0,0,0.000,0.000,0.000,0.000,0.000,0.000,0.000,0.000,automatic,serialFullRefresh,none,incremental,fullAllCurrentEntries,notApplicable,1,1,34044,0,14.836,0.260,0.000,89629,8.447,15.096,automatic,serialFullRefresh,none,incremental,fullAllCurrentEntries,notApplicable,1,1,200000,0,40.614,1.585,0.000,93240,11.134,42.199,automatic,serialImmediate,none,incremental,notApplicable,incremental,1,1,34044,0,0.000,0.000,0.000,0,0.000,24.549,automatic,serialImmediate,none,incremental,notApplicable,incremental,1,1,200000,0,0.000,0.000,0.000,0,0.000,34.454,automatic,serialDirty,none,notApplicable,notApplicable,incremental,1,1,0,65340,0.000,0.000,0.000,0,0.000,24.305,dirtyRange,dirtyRange,none,notApplicable,notApplicable,incremental,1,1,0,22436,0.000,0.000,0.000,0,0.000,6.173
Classic CPU ROAM,0,0,4,RelWithDebInfo,OpenGL,NVIDIA GeForce RTX 5090 D/PCIe/SSE2,4.1.0 NVIDIA 591.86,false,assets/heightmaps/Hm_Terrain_Peking_513.png,547,547,600000,200000,1,11,64,0.175,4.849,26.460,22.436,51.613,390.721,0.000,0.000,383.794,3,80.000,12.000,20,0.250,0.100,200000,false,true,false,true,false,automatic,automatic,automatic,automatic,automatic,automatic,0,0,0,0,0,32,160,0,both,12,5329564024220870867,12340233750888763166,7252207091668294264,18372975826048541638,4208975477519361793,200000,0,0,0,1,1,0,0,0,0,170.908,200000,700598,0,168154,31846,199998,14497,7420,14497,0,9680,233892,200000,33757,5778,170854,0,62969,137031,22247,0,2149,0,0,0,0,10578792,0,1,0,0,0,0,0,0,0,0,0,0,0,0,0,0,0,206.581,99.316,7.515,14.990,22.859,0.000,0.000,0.000,0.000,0.000,34.564,0.000,0.000,0.000,0.000,0.000,0.000,0.000,0.000,42.135,34.564,0.000,24.347,60.168,6.160,0.000,76.699,37.848,24.347,0.000,20,false,false,0,0,0.000,0.000,notRun,0,0,0,0,0,0,0,0,0,0,0,0,0,0,0.000,0.000,0.000,0.000,0.000,0.000,0.000,0.000,notRun,0,0,0,0,0,0,0,0,0,0,0,0,0,0,0.000,0.000,0.000,0.000,0.000,0.000,0.000,0.000,false,false,0,0,0.000,0.000,notRun,0,0,0,0,0,0,0,0,0,0,0,0,0,0,0.000,0.000,0.000,0.000,0.000,0.000,0.000,0.000,notRun,0,0,0,0,0,0,0,0,0,0,0,0,0,0,0.000,0.000,0.000,0.000,0.000,0.000,0.000,0.000,automatic,serialFullRefresh,none,incremental,fullAllCurrentEntries,notApplicable,1,1,33859,0,14.726,0.264,0.000,83872,7.910,14.990,automatic,serialFullRefresh,none,incremental,fullAllCurrentEntries,notApplicable,1,1,200000,0,40.556,1.579,0.000,86982,10.403,42.135,automatic,serialImmediate,none,incremental,notApplicable,incremental,1,1,33859,0,0.000,0.000,0.000,0,0.000,22.859,automatic,serialImmediate,none,incremental,notApplicable,incremental,1,1,200000,0,0.000,0.000,0.000,0,0.000,34.564,automatic,serialDirty,none,notApplicable,notApplicable,incremental,1,1,0,62969,0.000,0.000,0.000,0,0.000,24.347,dirtyRange,dirtyRange,none,notApplicable,notApplicable,incremental,1,1,0,22247,0.000,0.000,0.000,0,0.000,6.160
Classic CPU ROAM,0,0,4,RelWithDebInfo,OpenGL,NVIDIA GeForce RTX 5090 D/PCIe/SSE2,4.1.0 NVIDIA 591.86,false,assets/heightmaps/Hm_Terrain_Peking_513.png,547,547,600000,200000,1,12,64,0.190,5.241,21.190,22.041,53.991,392.135,0.000,0.000,381.750,3,80.000,12.000,20,0.250,0.100,200000,false,true,false,true,false,automatic,automatic,automatic,automatic,automatic,automatic,0,0,0,0,0,32,160,0,both,13,16935892054332587610,7985901360231321369,1171555780814262575,5796067217651964906,13209847332320952565,200000,0,0,0,1,1,0,0,0,0,173.027,200000,721738,0,168719,31281,199998,14366,7329,14366,0,9947,233943,200000,33694,5388,170215,0,59658,140342,21759,0,2583,0,0,0,0,10022544,0,1,0,0,0,0,0,0,0,0,0,0,0,0,0,0,0,202.647,99.774,7.563,14.730,22.035,0.000,0.000,0.000,0.000,0.000,32.463,0.000,0.000,0.000,0.000,0.000,0.000,0.000,0.000,41.810,32.463,0.000,22.007,62.037,5.848,0.000,74.272,36.765,22.007,0.000,20,false,false,0,0,0.000,0.000,notRun,0,0,0,0,0,0,0,0,0,0,0,0,0,0,0.000,0.000,0.000,0.000,0.000,0.000,0.000,0.000,notRun,0,0,0,0,0,0,0,0,0,0,0,0,0,0,0.000,0.000,0.000,0.000,0.000,0.000,0.000,0.000,false,false,0,0,0.000,0.000,notRun,0,0,0,0,0,0,0,0,0,0,0,0,0,0,0.000,0.000,0.000,0.000,0.000,0.000,0.000,0.000,notRun,0,0,0,0,0,0,0,0,0,0,0,0,0,0,0.000,0.000,0.000,0.000,0.000,0.000,0.000,0.000,automatic,serialFullRefresh,none,incremental,fullAllCurrentEntries,notApplicable,1,1,33757,0,14.479,0.251,0.000,84019,7.788,14.730,automatic,serialFullRefresh,none,incremental,fullAllCurrentEntries,notApplicable,1,1,200000,0,40.272,1.537,0.000,86196,10.134,41.810,automatic,serialImmediate,none,incremental,notApplicable,incremental,1,1,33757,0,0.000,0.000,0.000,0,0.000,22.035,automatic,serialImmediate,none,incremental,notApplicable,incremental,1,1,200000,0,0.000,0.000,0.000,0,0.000,32.463,automatic,serialDirty,none,notApplicable,notApplicable,incremental,1,1,0,59658,0.000,0.000,0.000,0,0.000,22.007,dirtyRange,dirtyRange,none,notApplicable,notApplicable,incremental,1,1,0,21759,0.000,0.000,0.000,0,0.000,5.848
Classic CPU ROAM,0,0,4,RelWithDebInfo,OpenGL,NVIDIA GeForce RTX 5090 D/PCIe/SSE2,4.1.0 NVIDIA 591.86,false,assets/heightmaps/Hm_Terrain_Peking_513.png,547,547,600000,200000,1,13,64,0.206,5.631,15.709,21.564,55.832,389.885,0.000,0.000,388.781,3,80.000,12.000,20,0.250,0.100,200000,false,true,false,true,false,automatic,automatic,automatic,automatic,automatic,automatic,0,0,0,0,0,32,160,0,both,14,14001887723358013431,16290827925674946331,11927697215920248553,7295109318311684051,1284541679729744499,200000,0,0,0,1,1,0,0,0,0,173.143,200000,745076,0,166667,33333,199998,15353,7804,15353,0,10502,233853,200000,33627,5584,178533,0,61486,138514,22564,0,2689,0,0,0,0,10329648,0,1,0,0,0,0,0,0,0,0,0,0,0,0,0,0,0,209.237,102.114,7.660,15.491,23.667,0.000,0.000,0.000,0.000,0.000,35.023,0.000,0.000,0.000,0.000,0.000,0.000,0.000,0.000,43.330,35.023,0.000,23.764,60.298,6.188,0.000,78.354,39.158,23.764,0.000,20,false,false,0,0,0.000,0.000,notRun,0,0,0,0,0,0,0,0,0,0,0,0,0,0,0.000,0.000,0.000,0.000,0.000,0.000,0.000,0.000,notRun,0,0,0,0,0,0,0,0,0,0,0,0,0,0,0.000,0.000,0.000,0.000,0.000,0.000,0.000,0.000,false,false,0,0,0.000,0.000,notRun,0,0,0,0,0,0,0,0,0,0,0,0,0,0,0.000,0.000,0.000,0.000,0.000,0.000,0.000,0.000,notRun,0,0,0,0,0,0,0,0,0,0,0,0,0,0,0.000,0.000,0.000,0.000,0.000,0.000,0.000,0.000,automatic,serialFullRefresh,none,incremental,fullAllCurrentEntries,notApplicable,1,1,33694,0,15.226,0.265,0.000,86415,7.967,15.491,automatic,serialFullRefresh,none,incremental,fullAllCurrentEntries,notApplicable,1,1,200000,0,41.082,2.248,0.000,92118,11.425,43.330,automatic,serialImmediate,none,incremental,notApplicable,incremental,1,1,33694,0,0.000,0.000,0.000,0,0.000,23.667,automatic,serialImmediate,none,incremental,notApplicable,incremental,1,1,200000,0,0.000,0.000,0.000,0,0.000,35.023,automatic,serialDirty,none,notApplicable,notApplicable,incremental,1,1,0,61486,0.000,0.000,0.000,0,0.000,23.764,dirtyRange,dirtyRange,none,notApplicable,notApplicable,incremental,1,1,0,22564,0.000,0.000,0.000,0,0.000,6.188
Classic CPU ROAM,0,0,4,RelWithDebInfo,OpenGL,NVIDIA GeForce RTX 5090 D/PCIe/SSE2,4.1.0 NVIDIA 591.86,false,assets/heightmaps/Hm_Terrain_Peking_513.png,547,547,600000,200000,1,14,64,0.222,6.029,10.072,21.026,57.119,397.448,0.000,0.000,386.557,3,80.000,12.000,20,0.250,0.100,200000,false,true,false,true,false,automatic,automatic,automatic,automatic,automatic,automatic,0,0,0,0,0,32,160,0,both,15,6461387322705707052,12144965187181402796,5113406298481224610,14303990471150527108,6101665858607488865,200000,0,0,0,1,1,0,0,0,0,169.658,200000,770362,0,164860,35140,199998,16206,8304,16206,0,11405,233908,200000,33565,5787,188492,0,64786,135214,23432,0,3054,0,0,0,0,10884048,0,1,0,0,0,0,0,0,0,0,0,0,0,0,0,0,0,210.235,98.656,7.503,14.737,24.307,0.000,0.000,0.000,0.000,0.000,36.825,0.000,0.000,0.000,0.000,0.000,0.000,0.000,0.000,41.917,36.825,0.000,24.880,60.064,6.389,0.000,78.743,39.044,24.880,0.000,20,false,false,0,0,0.000,0.000,notRun,0,0,0,0,0,0,0,0,0,0,0,0,0,0,0.000,0.000,0.000,0.000,0.000,0.000,0.000,0.000,notRun,0,0,0,0,0,0,0,0,0,0,0,0,0,0,0.000,0.000,0.000,0.000,0.000,0.000,0.000,0.000,false,false,0,0,0.000,0.000,notRun,0,0,0,0,0,0,0,0,0,0,0,0,0,0,0.000,0.000,0.000,0.000,0.000,0.000,0.000,0.000,notRun,0,0,0,0,0,0,0,0,0,0,0,0,0,0,0.000,0.000,0.000,0.000,0.000,0.000,0.000,0.000,automatic,serialFullRefresh,none,incremental,fullAllCurrentEntries,notApplicable,1,1,33627,0,14.476,0.261,0.000,91256,8.380,14.737,automatic,serialFullRefresh,none,incremental,fullAllCurrentEntries,notApplicable,1,1,200000,0,40.348,1.569,0.000,97236,11.814,41.917,automatic,serialImmediate,none,incremental,notApplicable,incremental,1,1,33627,0,0.000,0.000,0.000,0,0.000,24.307,automatic,serialImmediate,none,incremental,notApplicable,incremental,1,1,200000,0,0.000,0.000,0.000,0,0.000,36.825,automatic,serialDirty,none,notApplicable,notApplicable,incremental,1,1,0,64786,0.000,0.000,0.000,0,0.000,24.880,dirtyRange,dirtyRange,none,notApplicable,notApplicable,incremental,1,1,0,23432,0.000,0.000,0.000,0,0.000,6.389
Classic CPU ROAM,0,0,4,RelWithDebInfo,OpenGL,NVIDIA GeForce RTX 5090 D/PCIe/SSE2,4.1.0 NVIDIA 591.86,false,assets/heightmaps/Hm_Terrain_Peking_513.png,547,547,600000,200000,1,15,64,0.238,6.424,4.334,20.447,57.838,395.060,0.000,0.000,390.964,3,80.000,12.000,20,0.250,0.100,200000,false,true,false,true,false,automatic,automatic,automatic,automatic,automatic,automatic,0,0,0,0,0,32,160,0,both,16,12944171275107291116,6670645994453464754,9504741384652833372,13441994835025162607,18194931384376558163,200000,0,0,0,1,1,0,0,0,0,173.238,200000,795986,0,164929,35071,199998,16399,8303,16399,0,11699,233659,200000,33433,5579,189692,0,65492,134508,23389,0,3387,0,0,0,0,11002656,0,1,0,0,0,0,0,0,0,0,0,0,0,0,0,0,0,211.043,101.607,7.535,14.752,24.147,0.000,0.000,0.000,0.000,0.000,36.873,0.000,0.000,0.000,0.000,0.000,0.000,0.000,0.000,42.175,36.873,0.000,25.273,60.287,6.459,0.000,79.048,38.899,25.273,0.000,20,false,false,0,0,0.000,0.000,notRun,0,0,0,0,0,0,0,0,0,0,0,0,0,0,0.000,0.000,0.000,0.000,0.000,0.000,0.000,0.000,notRun,0,0,0,0,0,0,0,0,0,0,0,0,0,0,0.000,0.000,0.000,0.000,0.000,0.000,0.000,0.000,false,false,0,0,0.000,0.000,notRun,0,0,0,0,0,0,0,0,0,0,0,0,0,0,0.000,0.000,0.000,0.000,0.000,0.000,0.000,0.000,notRun,0,0,0,0,0,0,0,0,0,0,0,0,0,0,0.000,0.000,0.000,0.000,0.000,0.000,0.000,0.000,automatic,serialFullRefresh,none,incremental,fullAllCurrentEntries,notApplicable,1,1,33565,0,14.476,0.276,0.000,91298,8.117,14.752,automatic,serialFullRefresh,none,incremental,fullAllCurrentEntries,notApplicable,1,1,200000,0,40.629,1.546,0.000,98394,11.741,42.175,automatic,serialImmediate,none,incremental,notApplicable,incremental,1,1,33565,0,0.000,0.000,0.000,0,0.000,24.147,automatic,serialImmediate,none,incremental,notApplicable,incremental,1,1,200000,0,0.000,0.000,0.000,0,0.000,36.873,automatic,serialDirty,none,notApplicable,notApplicable,incremental,1,1,0,65492,0.000,0.000,0.000,0,0.000,25.273,dirtyRange,dirtyRange,none,notApplicable,notApplicable,incremental,1,1,0,23389,0.000,0.000,0.000,0,0.000,6.459
Classic CPU ROAM,0,0,4,RelWithDebInfo,OpenGL,NVIDIA GeForce RTX 5090 D/PCIe/SSE2,4.1.0 NVIDIA 591.86,false,assets/heightmaps/Hm_Terrain_Peking_513.png,547,547,600000,200000,1,16,64,0.254,6.823,-1.446,19.850,57.982,399.563,0.000,0.000,390.371,3,80.000,12.000,20,0.250,0.100,200000,false,true,false,true,false,automatic,automatic,automatic,automatic,automatic,automatic,0,0,0,0,0,32,160,0,both,17,108896495127271535,3505936785992697936,13213597493490085694,13492103954664496713,4457614681459694059,200000,0,0,0,1,1,0,0,0,0,170.418,200000,822450,0,165144,34856,199998,15856,7931,15856,0,10374,233705,200000,33504,5256,187341,0,63732,136268,23059,0,2434,0,0,0,0,10706976,0,1,0,0,0,0,0,0,0,0,0,0,0,0,0,0,0,213.663,97.590,7.668,14.753,23.274,0.000,0.000,0.000,0.000,0.000,38.024,0.000,0.000,0.000,0.000,0.000,0.000,0.000,0.000,42.813,38.024,0.000,24.372,62.756,6.053,0.000,80.837,38.027,24.372,0.000,20,false,false,0,0,0.000,0.000,notRun,0,0,0,0,0,0,0,0,0,0,0,0,0,0,0.000,0.000,0.000,0.000,0.000,0.000,0.000,0.000,notRun,0,0,0,0,0,0,0,0,0,0,0,0,0,0,0.000,0.000,0.000,0.000,0.000,0.000,0.000,0.000,false,false,0,0,0.000,0.000,notRun,0,0,0,0,0,0,0,0,0,0,0,0,0,0,0.000,0.000,0.000,0.000,0.000,0.000,0.000,0.000,notRun,0,0,0,0,0,0,0,0,0,0,0,0,0,0,0.000,0.000,0.000,0.000,0.000,0.000,0.000,0.000,automatic,serialFullRefresh,none,incremental,fullAllCurrentEntries,notApplicable,1,1,33433,0,14.482,0.271,0.000,92205,8.744,14.753,automatic,serialFullRefresh,none,incremental,fullAllCurrentEntries,notApplicable,1,1,200000,0,41.183,1.630,0.000,95136,11.985,42.813,automatic,serialImmediate,none,incremental,notApplicable,incremental,1,1,33433,0,0.000,0.000,0.000,0,0.000,23.274,automatic,serialImmediate,none,incremental,notApplicable,incremental,1,1,200000,0,0.000,0.000,0.000,0,0.000,38.024,automatic,serialDirty,none,notApplicable,notApplicable,incremental,1,1,0,63732,0.000,0.000,0.000,0,0.000,24.372,dirtyRange,dirtyRange,none,notApplicable,notApplicable,incremental,1,1,0,23059,0.000,0.000,0.000,0,0.000,6.053
Classic CPU ROAM,0,0,4,RelWithDebInfo,OpenGL,NVIDIA GeForce RTX 5090 D/PCIe/SSE2,4.1.0 NVIDIA 591.86,false,assets/heightmaps/Hm_Terrain_Peking_513.png,547,547,600000,200000,1,17,64,0.270,7.223,-7.212,19.260,57.550,400.026,0.000,0.000,380.106,3,80.000,12.000,20,0.250,0.100,200000,false,true,false,true,false,automatic,automatic,automatic,automatic,automatic,automatic,0,0,0,0,0,32,160,0,both,18,3588831899230453524,2619533410868196136,5496134482746366190,13034177524068930537,9393088654783457509,200000,0,0,0,1,1,0,0,0,0,172.062,200000,847026,0,168379,31621,199998,14299,7231,14299,0,9719,233572,200000,33442,5127,167228,0,61081,138919,22445,0,2484,0,0,0,0,10261608,0,1,0,0,0,0,0,0,0,0,0,0,0,0,0,0,0,201.538,100.314,6.896,14.781,21.473,0.000,0.000,0.000,0.000,0.000,33.426,0.000,0.000,0.000,0.000,0.000,0.000,0.000,0.000,42.579,33.426,0.000,22.599,59.781,6.227,0.000,76.006,36.254,22.599,0.000,20,false,false,0,0,0.000,0.000,notRun,0,0,0,0,0,0,0,0,0,0,0,0,0,0,0.000,0.000,0.000,0.000,0.000,0.000,0.000,0.000,notRun,0,0,0,0,0,0,0,0,0,0,0,0,0,0,0.000,0.000,0.000,0.000,0.000,0.000,0.000,0.000,false,false,0,0,0.000,0.000,notRun,0,0,0,0,0,0,0,0,0,0,0,0,0,0,0.000,0.000,0.000,0.000,0.000,0.000,0.000,0.000,notRun,0,0,0,0,0,0,0,0,0,0,0,0,0,0,0.000,0.000,0.000,0.000,0.000,0.000,0.000,0.000,automatic,serialFullRefresh,none,incremental,fullAllCurrentEntries,notApplicable,1,1,33504,0,14.516,0.265,0.000,81434,7.859,14.781,automatic,serialFullRefresh,none,incremental,fullAllCurrentEntries,notApplicable,1,1,200000,0,41.057,1.522,0.000,85794,10.565,42.579,automatic,serialImmediate,none,incremental,notApplicable,incremental,1,1,33504,0,0.000,0.000,0.000,0,0.000,21.473,automatic,serialImmediate,none,incremental,notApplicable,incremental,1,1,200000,0,0.000,0.000,0.000,0,0.000,33.426,automatic,serialDirty,none,notApplicable,notApplicable,incremental,1,1,0,61081,0.000,0.000,0.000,0,0.000,22.599,dirtyRange,dirtyRange,none,notApplicable,notApplicable,incremental,1,1,0,22445,0.000,0.000,0.000,0,0.000,6.227
Classic CPU ROAM,0,0,4,RelWithDebInfo,OpenGL,NVIDIA GeForce RTX 5090 D/PCIe/SSE2,4.1.0 NVIDIA 591.86,false,assets/heightmaps/Hm_Terrain_Peking_513.png,547,547,600000,200000,1,18,64,0.286,7.612,-12.906,18.698,56.546,388.996,0.000,0.000,385.309,3,80.000,12.000,20,0.250,0.100,200000,false,true,false,true,false,automatic,automatic,automatic,automatic,automatic,automatic,0,0,0,0,0,32,160,0,both,19,11765761320066413723,6794682377720560234,2272792061998874864,15482843154462386586,13748637916083657185,200000,0,0,0,1,1,0,0,0,0,173.433,200000,871614,0,167594,32406,199998,14982,7663,14982,0,10545,233779,200000,33658,4708,176364,0,60007,139993,22180,0,2845,0,0,0,0,10081176,0,1,0,0,0,0,0,0,0,0,0,0,0,0,0,0,0,205.695,98.869,6.765,14.731,21.781,0.000,0.000,0.000,0.000,0.000,35.383,0.000,0.000,0.000,0.000,0.000,0.000,0.000,0.000,43.123,35.383,0.000,23.423,60.487,5.962,0.000,78.506,36.512,23.423,0.000,20,false,false,0,0,0.000,0.000,notRun,0,0,0,0,0,0,0,0,0,0,0,0,0,0,0.000,0.000,0.000,0.000,0.000,0.000,0.000,0.000,notRun,0,0,0,0,0,0,0,0,0,0,0,0,0,0,0.000,0.000,0.000,0.000,0.000,0.000,0.000,0.000,false,false,0,0,0.000,0.000,notRun,0,0,0,0,0,0,0,0,0,0,0,0,0,0,0.000,0.000,0.000,0.000,0.000,0.000,0.000,0.000,notRun,0,0,0,0,0,0,0,0,0,0,0,0,0,0,0.000,0.000,0.000,0.000,0.000,0.000,0.000,0.000,automatic,serialFullRefresh,none,incremental,fullAllCurrentEntries,notApplicable,1,1,33442,0,14.447,0.283,0.000,86472,8.081,14.731,automatic,serialFullRefresh,none,incremental,fullAllCurrentEntries,notApplicable,1,1,200000,0,41.488,1.636,0.000,89892,10.839,43.123,automatic,serialImmediate,none,incremental,notApplicable,incremental,1,1,33442,0,0.000,0.000,0.000,0,0.000,21.781,automatic,serialImmediate,none,incremental,notApplicable,incremental,1,1,200000,0,0.000,0.000,0.000,0,0.000,35.383,automatic,serialDirty,none,notApplicable,notApplicable,incremental,1,1,0,60007,0.000,0.000,0.000,0,0.000,23.423,dirtyRange,dirtyRange,none,notApplicable,notApplicable,incremental,1,1,0,22180,0.000,0.000,0.000,0,0.000,5.962
Classic CPU ROAM,0,0,4,RelWithDebInfo,OpenGL,NVIDIA GeForce RTX 5090 D/PCIe/SSE2,4.1.0 NVIDIA 591.86,false,assets/heightmaps/Hm_Terrain_Peking_513.png,547,547,600000,200000,1,19,64,0.302,8.006,-18.472,18.189,54.980,393.485,0.000,0.000,395.868,3,80.000,12.000,20,0.250,0.100,200000,false,true,false,true,false,automatic,automatic,automatic,automatic,automatic,automatic,0,0,0,0,0,32,160,0,both,20,17057726148893072504,18323998568648012168,11814088152895883178,16061839426492080044,17110547586156410951,200000,0,0,0,1,1,0,0,0,0,171.759,200000,899698,0,163118,36882,199998,17923,9200,17923,0,11898,233769,200000,33508,4576,207446,0,63318,136682,22171,0,2650,0,0,0,0,10637424,0,1,0,0,0,0,0,0,0,0,0,0,0,0,0,0,0,217.476,100.314,6.799,14.860,24.507,0.000,0.000,0.000,0.000,0.000,40.873,0.000,0.000,0.000,0.000,0.000,0.000,0.000,0.000,42.868,40.873,0.000,27.672,59.896,6.406,0.000,83.741,39.367,27.672,0.000,20,false,false,0,0,0.000,0.000,notRun,0,0,0,0,0,0,0,0,0,0,0,0,0,0,0.000,0.000,0.000,0.000,0.000,0.000,0.000,0.000,notRun,0,0,0,0,0,0,0,0,0,0,0,0,0,0,0.000,0.000,0.000,0.000,0.000,0.000,0.000,0.000,false,false,0,0,0.000,0.000,notRun,0,0,0,0,0,0,0,0,0,0,0,0,0,0,0.000,0.000,0.000,0.000,0.000,0.000,0.000,0.000,notRun,0,0,0,0,0,0,0,0,0,0,0,0,0,0,0.000,0.000,0.000,0.000,0.000,0.000,0.000,0.000,automatic,serialFullRefresh,none,incremental,fullAllCurrentEntries,notApplicable,1,1,33658,0,14.571,0.289,0.000,99908,9.216,14.860,automatic,serialFullRefresh,none,incremental,fullAllCurrentEntries,notApplicable,1,1,200000,0,41.242,1.626,0.000,107538,12.285,42.868,automatic,serialImmediate,none,incremental,notApplicable,incremental,1,1,33658,0,0.000,0.000,0.000,0,0.000,24.507,automatic,serialImmediate,none,incremental,notApplicable,incremental,1,1,200000,0,0.000,0.000,0.000,0,0.000,40.873,automatic,serialDirty,none,notApplicable,notApplicable,incremental,1,1,0,63318,0.000,0.000,0.000,0,0.000,27.672,dirtyRange,dirtyRange,none,notApplicable,notApplicable,incremental,1,1,0,22171,0.000,0.000,0.000,0,0.000,6.406
Classic CPU ROAM,0,0,4,RelWithDebInfo,OpenGL,NVIDIA GeForce RTX 5090 D/PCIe/SSE2,4.1.0 NVIDIA 591.86,false,assets/heightmaps/Hm_Terrain_Peking_513.png,547,547,600000,200000,1,20,64,0.317,8.410,-23.855,17.751,52.867,404.010,0.000,0.000,399.960,3,80.000,12.000,20,0.250,0.100,200000,false,true,false,true,false,automatic,automatic,automatic,automatic,automatic,automatic,0,0,0,0,0,32,160,0,both,21,4429436316164010888,7968502595871137764,17841303413826451158,4020739419125971521,4089705751550669975,200000,0,0,0,1,1,0,0,0,0,174.720,200000,927212,0,162168,37832,199998,18183,9182,18183,0,12026,233841,200000,33466,4638,208372,0,64941,135059,22911,0,2840,0,0,0,0,10910088,0,1,0,0,0,0,0,0,0,0,0,0,0,0,0,0,0,218.588,99.271,6.702,14.850,24.428,0.000,0.000,0.000,0.000,0.000,41.766,0.000,0.000,0.000,0.000,0.000,0.000,0.000,0.000,41.982,41.766,0.000,27.587,61.272,6.407,0.000,83.748,39.278,27.587,0.000,20,false,false,0,0,0.000,0.000,notRun,0,0,0,0,0,0,0,0,0,0,0,0,0,0,0.000,0.000,0.000,0.000,0.000,0.000,0.000,0.000,notRun,0,0,0,0,0,0,0,0,0,0,0,0,0,0,0.000,0.000,0.000,0.000,0.000,0.000,0.000,0.000,false,false,0,0,0.000,0.000,notRun,0,0,0,0,0,0,0,0,0,0,0,0,0,0,0.000,0.000,0.000,0.000,0.000,0.000,0.000,0.000,notRun,0,0,0,0,0,0,0,0,0,0,0,0,0,0,0.000,0.000,0.000,0.000,0.000,0.000,0.000,0.000,automatic,serialFullRefresh,none,incremental,fullAllCurrentEntries,notApplicable,1,1,33508,0,14.539,0.310,0.000,99274,9.239,14.850,automatic,serialFullRefresh,none,incremental,fullAllCurrentEntries,notApplicable,1,1,200000,0,40.406,1.576,0.000,109098,12.442,41.982,automatic,serialImmediate,none,incremental,notApplicable,incremental,1,1,33508,0,0.000,0.000,0.000,0,0.000,24.428,automatic,serialImmediate,none,incremental,notApplicable,incremental,1,1,200000,0,0.000,0.000,0.000,0,0.000,41.766,automatic,serialDirty,none,notApplicable,notApplicable,incremental,1,1,0,64941,0.000,0.000,0.000,0,0.000,27.587,dirtyRange,dirtyRange,none,notApplicable,notApplicable,incremental,1,1,0,22911,0.000,0.000,0.000,0,0.000,6.407
Classic CPU ROAM,0,0,4,RelWithDebInfo,OpenGL,NVIDIA GeForce RTX 5090 D/PCIe/SSE2,4.1.0 NVIDIA 591.86,false,assets/heightmaps/Hm_Terrain_Peking_513.png,547,547,600000,200000,1,21,64,0.333,8.818,-29.000,17.402,50.229,408.306,0.000,0.000,394.225,3,80.000,12.000,20,0.250,0.100,200000,false,true,false,true,false,automatic,automatic,automatic,automatic,automatic,automatic,0,0,0,0,0,32,160,0,both,22,9812319065817320684,4184009418848124478,4448185683158807684,17312507547840680562,7222130513436664374,200000,0,0,0,1,1,0,0,0,0,171.398,200000,954138,0,163344,36656,199998,17457,8796,17457,0,11465,233802,200000,33474,4409,200830,0,67884,132116,24085,0,2669,0,0,0,0,11404512,0,1,0,0,0,0,0,0,0,0,0,0,0,0,0,0,0,215.895,100.814,6.707,14.688,23.263,0.000,0.000,0.000,0.000,0.000,40.368,0.000,0.000,0.000,0.000,0.000,0.000,0.000,0.000,41.835,40.368,0.000,27.165,61.866,6.698,0.000,82.203,37.951,27.165,0.000,20,false,false,0,0,0.000,0.000,notRun,0,0,0,0,0,0,0,0,0,0,0,0,0,0,0.000,0.000,0.000,0.000,0.000,0.000,0.000,0.000,notRun,0,0,0,0,0,0,0,0,0,0,0,0,0,0,0.000,0.000,0.000,0.000,0.000,0.000,0.000,0.000,false,false,0,0,0.000,0.000,notRun,0,0,0,0,0,0,0,0,0,0,0,0,0,0,0.000,0.000,0.000,0.000,0.000,0.000,0.000,0.000,notRun,0,0,0,0,0,0,0,0,0,0,0,0,0,0,0.000,0.000,0.000,0.000,0.000,0.000,0.000,0.000,automatic,serialFullRefresh,none,incremental,fullAllCurrentEntries,notApplicable,1,1,33466,0,14.399,0.289,0.000,96088,8.958,14.688,automatic,serialFullRefresh,none,incremental,fullAllCurrentEntries,notApplicable,1,1,200000,0,40.189,1.645,0.000,104742,11.992,41.835,automatic,serialImmediate,none,incremental,notApplicable,incremental,1,1,33466,0,0.000,0.000,0.000,0,0.000,23.263,automatic,serialImmediate,none,incremental,notApplicable,incremental,1,1,200000,0,0.000,0.000,0.000,0,0.000,40.368,automatic,serialDirty,none,notApplicable,notApplicable,incremental,1,1,0,67884,0.000,0.000,0.000,0,0.000,27.165,dirtyRange,dirtyRange,none,notApplicable,notApplicable,incremental,1,1,0,24085,0.000,0.000,0.000,0,0.000,6.698
Classic CPU ROAM,0,0,4,RelWithDebInfo,OpenGL,NVIDIA GeForce RTX 5090 D/PCIe/SSE2,4.1.0 NVIDIA 591.86,false,assets/heightmaps/Hm_Terrain_Peking_513.png,547,547,600000,200000,1,22,64,0.349,9.221,-33.857,17.156,47.092,402.913,0.000,0.000,390.726,3,80.000,12.000,20,0.250,0.100,200000,false,true,false,true,false,automatic,automatic,automatic,automatic,automatic,automatic,0,0,0,0,0,32,160,0,both,23,15313080645142623424,14707106482833081009,10834835481697202155,17689478856377352085,18259117507493661046,200000,0,0,0,1,1,0,0,0,0,174.357,200000,978138,0,165253,34747,199998,16429,8321,16429,0,10917,233796,200000,33445,4742,188065,0,67754,132246,24525,0,2585,0,0,0,0,11382672,0,1,0,0,0,0,0,0,0,0,0,0,0,0,0,0,0,209.395,101.754,6.899,14.721,22.567,0.000,0.000,0.000,0.000,0.000,37.937,0.000,0.000,0.000,0.000,0.000,0.000,0.000,0.000,41.511,37.937,0.000,25.926,59.834,6.767,0.000,79.447,37.288,25.926,0.000,20,false,false,0,0,0.000,0.000,notRun,0,0,0,0,0,0,0,0,0,0,0,0,0,0,0.000,0.000,0.000,0.000,0.000,0.000,0.000,0.000,notRun,0,0,0,0,0,0,0,0,0,0,0,0,0,0,0.000,0.000,0.000,0.000,0.000,0.000,0.000,0.000,false,false,0,0,0.000,0.000,notRun,0,0,0,0,0,0,0,0,0,0,0,0,0,0,0.000,0.000,0.000,0.000,0.000,0.000,0.000,0.000,notRun,0,0,0,0,0,0,0,0,0,0,0,0,0,0,0.000,0.000,0.000,0.000,0.000,0.000,0.000,0.000,automatic,serialFullRefresh,none,incremental,fullAllCurrentEntries,notApplicable,1,1,33474,0,14.427,0.294,0.000,89491,8.218,14.721,automatic,serialFullRefresh,none,incremental,fullAllCurrentEntries,notApplicable,1,1,200000,0,39.872,1.639,0.000,98574,11.493,41.511,automatic,serialImmediate,none,incremental,notApplicable,incremental,1,1,33474,0,0.000,0.000,0.000,0,0.000,22.567,automatic,serialImmediate,none,incremental,notApplicable,incremental,1,1,200000,0,0.000,0.000,0.000,0,0.000,37.937,automatic,serialDirty,none,notApplicable,notApplicable,incremental,1,1,0,67754,0.000,0.000,0.000,0,0.000,25.926,dirtyRange,dirtyRange,none,notApplicable,notApplicable,incremental,1,1,0,24525,0.000,0.000,0.000,0,0.000,6.767
Classic CPU ROAM,0,0,4,RelWithDebInfo,OpenGL,NVIDIA GeForce RTX 5090 D/PCIe/SSE2,4.1.0 NVIDIA 591.86,false,assets/heightmaps/Hm_Terrain_Peking_513.png,547,547,600000,200000,1,23,64,0.365,9.621,-38.378,17.023,43.487,399.605,0.000,0.000,392.022,3,80.000,12.000,20,0.250,0.100,200000,false,true,false,true,false,automatic,automatic,automatic,automatic,automatic,automatic,0,0,0,0,0,32,160,0,both,24,11253620300214541990,6468255570671903217,13110756096065449747,17873237339055070796,15828634045359618972,200000,0,0,0,1,1,0,0,0,0,173.345,200000,1001030,0,165766,34234,199998,16206,8213,16206,0,10548,233710,200000,33422,5315,185037,0,65299,134701,24385,0,2334,0,0,0,0,10970232,0,1,0,0,0,0,0,0,0,0,0,0,0,0,0,0,0,211.679,93.295,6.514,14.740,24.368,0.000,0.000,0.000,0.000,0.000,38.156,0.000,0.000,0.000,0.000,0.000,0.000,0.000,0.000,41.237,38.156,0.000,25.947,60.715,6.754,0.000,79.393,39.108,25.947,0.000,20,false,false,0,0,0.000,0.000,notRun,0,0,0,0,0,0,0,0,0,0,0,0,0,0,0.000,0.000,0.000,0.000,0.000,0.000,0.000,0.000,notRun,0,0,0,0,0,0,0,0,0,0,0,0,0,0,0.000,0.000,0.000,0.000,0.000,0.000,0.000,0.000,false,false,0,0,0.000,0.000,notRun,0,0,0,0,0,0,0,0,0,0,0,0,0,0,0.000,0.000,0.000,0.000,0.000,0.000,0.000,0.000,notRun,0,0,0,0,0,0,0,0,0,0,0,0,0,0,0.000,0.000,0.000,0.000,0.000,0.000,0.000,0.000,automatic,serialFullRefresh,none,incremental,fullAllCurrentEntries,notApplicable,1,1,33445,0,14.463,0.277,0.000,87801,8.172,14.740,automatic,serialFullRefresh,none,incremental,fullAllCurrentEntries,notApplicable,1,1,200000,0,39.550,1.687,0.000,97236,12.225,41.237,automatic,serialImmediate,none,incremental,notApplicable,incremental,1,1,33445,0,0.000,0.000,0.000,0,0.000,24.368,automatic,serialImmediate,none,incremental,notApplicable,incremental,1,1,200000,0,0.000,0.000,0.000,0,0.000,38.156,automatic,serialDirty,none,notApplicable,notApplicable,incremental,1,1,0,65299,0.000,0.000,0.000,0,0.000,25.947,dirtyRange,dirtyRange,none,notApplicable,notApplicable,incremental,1,1,0,24385,0.000,0.000,0.000,0,0.000,6.754
Classic CPU ROAM,0,0,4,RelWithDebInfo,OpenGL,NVIDIA GeForce RTX 5090 D/PCIe/SSE2,4.1.0 NVIDIA 591.86,false,assets/heightmaps/Hm_Terrain_Peking_513.png,547,547,600000,200000,1,24,64,0.381,10.022,-42.517,17.008,39.450,401.038,0.000,0.000,400.923,3,80.000,12.000,20,0.250,0.100,200000,false,true,false,true,false,automatic,automatic,automatic,automatic,automatic,automatic,0,0,0,0,0,32,160,0,both,25,7527608695780837155,5613093925435064647,4192155250392760505,9806491557341151588,8050386059957555146,200000,0,0,0,1,1,0,0,0,0,183.365,200000,1023714,0,164644,35356,199998,16738,8552,16738,0,12446,233540,200000,33351,6071,187759,0,65113,134887,24630,0,3844,0,0,0,0,10938984,0,1,0,0,0,0,0,0,0,0,0,0,0,0,0,0,0,210.658,103.067,6.772,14.602,24.496,0.000,0.000,0.000,0.000,0.000,37.094,0.000,0.000,0.000,0.000,0.000,0.000,0.000,0.000,41.160,37.094,0.000,26.147,60.385,6.701,0.000,78.254,39.098,26.147,0.000,20,false,false,0,0,0.000,0.000,notRun,0,0,0,0,0,0,0,0,0,0,0,0,0,0,0.000,0.000,0.000,0.000,0.000,0.000,0.000,0.000,notRun,0,0,0,0,0,0,0,0,0,0,0,0,0,0,0.000,0.000,0.000,0.000,0.000,0.000,0.000,0.000,false,false,0,0,0.000,0.000,notRun,0,0,0,0,0,0,0,0,0,0,0,0,0,0,0.000,0.000,0.000,0.000,0.000,0.000,0.000,0.000,notRun,0,0,0,0,0,0,0,0,0,0,0,0,0,0,0.000,0.000,0.000,0.000,0.000,0.000,0.000,0.000,automatic,serialFullRefresh,none,incremental,fullAllCurrentEntries,notApplicable,1,1,33422,0,14.337,0.265,0.000,87331,7.711,14.602,automatic,serialFullRefresh,none,incremental,fullAllCurrentEntries,notApplicable,1,1,200000,0,39.542,1.618,0.000,100428,11.953,41.160,automatic,serialImmediate,none,incremental,notApplicable,incremental,1,1,33422,0,0.000,0.000,0.000,0,0.000,24.496,automatic,serialImmediate,none,incremental,notApplicable,incremental,1,1,200000,0,0.000,0.000,0.000,0,0.000,37.094,automatic,serialDirty,none,notApplicable,notApplicable,incremental,1,1,0,65113,0.000,0.000,0.000,0,0.000,26.147,dirtyRange,dirtyRange,none,notApplicable,notApplicable,incremental,1,1,0,24630,0.000,0.000,0.000,0,0.000,6.701
Classic CPU ROAM,0,0,4,RelWithDebInfo,OpenGL,NVIDIA GeForce RTX 5090 D/PCIe/SSE2,4.1.0 NVIDIA 591.86,false,assets/heightmaps/Hm_Terrain_Peking_513.png,547,547,600000,200000,1,25,64,0.397,10.431,-46.234,17.112,35.021,409.790,0.000,0.000,431.811,3,80.000,12.000,20,0.250,0.100,200000,false,true,false,true,false,automatic,automatic,automatic,automatic,automatic,automatic,0,0,0,0,0,32,160,0,both,26,10584851340606564996,6799830235164784937,4949422445672159251,16623821953730742419,17251279394026963017,200000,0,0,0,1,1,0,0,0,0,177.630,200000,1047570,0,161368,38632,199998,18663,9442,18663,0,12155,233609,200000,33413,6131,212170,0,68543,131457,25038,0,2682,0,0,0,0,11515224,0,1,0,0,0,0,0,0,0,0,0,0,0,0,0,0,0,246.920,99.324,6.781,18.460,31.472,0.000,0.000,0.000,0.000,0.000,48.091,0.000,0.000,0.000,0.000,0.000,0.000,0.000,0.000,53.354,48.091,0.000,28.777,59.983,7.002,0.000,101.444,49.932,28.777,0.000,20,false,false,0,0,0.000,0.000,notRun,0,0,0,0,0,0,0,0,0,0,0,0,0,0,0.000,0.000,0.000,0.000,0.000,0.000,0.000,0.000,notRun,0,0,0,0,0,0,0,0,0,0,0,0,0,0,0.000,0.000,0.000,0.000,0.000,0.000,0.000,0.000,false,false,0,0,0.000,0.000,notRun,0,0,0,0,0,0,0,0,0,0,0,0,0,0,0.000,0.000,0.000,0.000,0.000,0.000,0.000,0.000,notRun,0,0,0,0,0,0,0,0,0,0,0,0,0,0,0.000,0.000,0.000,0.000,0.000,0.000,0.000,0.000,automatic,serialFullRefresh,none,incremental,fullAllCurrentEntries,notApplicable,1,1,33351,0,17.966,0.495,0.000,100192,9.936,18.460,automatic,serialFullRefresh,none,incremental,fullAllCurrentEntries,notApplicable,1,1,200000,0,50.654,2.700,0.000,111978,15.868,53.354,automatic,serialImmediate,none,incremental,notApplicable,incremental,1,1,33351,0,0.000,0.000,0.000,0,0.000,31.472,automatic,serialImmediate,none,incremental,notApplicable,incremental,1,1,200000,0,0.000,0.000,0.000,0,0.000,48.091,automatic,serialDirty,none,notApplicable,notApplicable,incremental,1,1,0,68543,0.000,0.000,0.000,0,0.000,28.777,dirtyRange,dirtyRange,none,notApplicable,notApplicable,incremental,1,1,0,25038,0.000,0.000,0.000,0,0.000,7.002
Classic CPU ROAM,0,0,4,RelWithDebInfo,OpenGL,NVIDIA GeForce RTX 5090 D/PCIe/SSE2,4.1.0 NVIDIA 591.86,false,assets/heightmaps/Hm_Terrain_Peking_513.png,547,547,600000,200000,1,26,64,0.413,10.872,-49.491,17.330,30.243,440.759,0.000,0.000,399.713,3,80.000,12.000,20,0.250,0.100,200000,false,true,false,true,false,automatic,automatic,automatic,automatic,automatic,automatic,0,0,0,0,0,32,160,0,both,27,8815088540097141580,6856120173095685496,6755707351171696626,6033637362027023382,9829827555373913894,200000,0,0,0,1,1,0,0,0,0,175.009,200000,1071056,0,163249,36751,199998,17064,8616,17064,0,10577,233732,200000,33495,5302,197076,0,69001,130999,25331,0,1952,0,0,0,0,11592168,0,1,0,0,0,0,0,0,0,0,0,0,0,0,0,0,0,217.488,99.495,6.712,14.631,24.309,0.000,0.000,0.000,0.000,0.000,42.270,0.000,0.000,0.000,0.000,0.000,0.000,0.000,0.000,41.507,42.270,0.000,27.277,60.781,7.045,0.000,83.776,38.940,27.277,0.000,20,false,false,0,0,0.000,0.000,notRun,0,0,0,0,0,0,0,0,0,0,0,0,0,0,0.000,0.000,0.000,0.000,0.000,0.000,0.000,0.000,notRun,0,0,0,0,0,0,0,0,0,0,0,0,0,0,0.000,0.000,0.000,0.000,0.000,0.000,0.000,0.000,false,false,0,0,0.000,0.000,notRun,0,0,0,0,0,0,0,0,0,0,0,0,0,0,0.000,0.000,0.000,0.000,0.000,0.000,0.000,0.000,notRun,0,0,0,0,0,0,0,0,0,0,0,0,0,0,0.000,0.000,0.000,0.000,0.000,0.000,0.000,0.000,automatic,serialFullRefresh,none,incremental,fullAllCurrentEntries,notApplicable,1,1,33413,0,14.347,0.285,0.000,94692,9.089,14.631,automatic,serialFullRefresh,none,incremental,fullAllCurrentEntries,notApplicable,1,1,200000,0,39.872,1.634,0.000,102384,12.509,41.507,automatic,serialImmediate,none,incremental,notApplicable,incremental,1,1,33413,0,0.000,0.000,0.000,0,0.000,24.309,automatic,serialImmediate,none,incremental,notApplicable,incremental,1,1,200000,0,0.000,0.000,0.000,0,0.000,42.270,automatic,serialDirty,none,notApplicable,notApplicable,incremental,1,1,0,69001,0.000,0.000,0.000,0,0.000,27.277,dirtyRange,dirtyRange,none,notApplicable,notApplicable,incremental,1,1,0,25331,0.000,0.000,0.000,0,0.000,7.045
Classic CPU ROAM,0,0,4,RelWithDebInfo,OpenGL,NVIDIA GeForce RTX 5090 D/PCIe/SSE2,4.1.0 NVIDIA 591.86,false,assets/heightmaps/Hm_Terrain_Peking_513.png,547,547,600000,200000,1,27,64,0.429,11.281,-52.256,17.655,25.165,408.746,0.000,0.000,387.911,3,80.000,12.000,20,0.250,0.100,200000,false,true,false,true,false,automatic,automatic,automatic,automatic,automatic,automatic,0,0,0,0,0,32,160,0,both,28,15527346434681176432,11059640245212390381,7555315728193499563,9686194466863764310,5411466528937737195,200000,0,0,0,1,1,0,0,0,0,176.076,200000,1092716,0,166474,33526,199998,15122,7684,15122,0,10720,233813,200000,33477,4966,177472,0,65744,134256,25332,0,3005,0,0,0,0,11044992,0,1,0,0,0,0,0,0,0,0,0,0,0,0,0,0,0,204.706,98.440,7.008,14.683,22.044,0.000,0.000,0.000,0.000,0.000,35.545,0.000,0.000,0.000,0.000,0.000,0.000,0.000,0.000,41.520,35.545,0.000,24.526,59.378,6.907,0.000,77.064,36.727,24.526,0.000,20,false,false,0,0,0.000,0.000,notRun,0,0,0,0,0,0,0,0,0,0,0,0,0,0,0.000,0.000,0.000,0.000,0.000,0.000,0.000,0.000,notRun,0,0,0,0,0,0,0,0,0,0,0,0,0,0,0.000,0.000,0.000,0.000,0.000,0.000,0.000,0.000,false,false,0,0,0.000,0.000,notRun,0,0,0,0,0,0,0,0,0,0,0,0,0,0,0.000,0.000,0.000,0.000,0.000,0.000,0.000,0.000,notRun,0,0,0,0,0,0,0,0,0,0,0,0,0,0,0.000,0.000,0.000,0.000,0.000,0.000,0.000,0.000,automatic,serialFullRefresh,none,incremental,fullAllCurrentEntries,notApplicable,1,1,33495,0,14.412,0.271,0.000,86740,8.364,14.683,automatic,serialFullRefresh,none,incremental,fullAllCurrentEntries,notApplicable,1,1,200000,0,39.792,1.728,0.000,90732,10.772,41.520,automatic,serialImmediate,none,incremental,notApplicable,incremental,1,1,33495,0,0.000,0.000,0.000,0,0.000,22.044,automatic,serialImmediate,none,incremental,notApplicable,incremental,1,1,200000,0,0.000,0.000,0.000,0,0.000,35.545,automatic,serialDirty,none,notApplicable,notApplicable,incremental,1,1,0,65744,0.000,0.000,0.000,0,0.000,24.526,dirtyRange,dirtyRange,none,notApplicable,notApplicable,incremental,1,1,0,25332,0.000,0.000,0.000,0,0.000,6.907
Classic CPU ROAM,0,0,4,RelWithDebInfo,OpenGL,NVIDIA GeForce RTX 5090 D/PCIe/SSE2,4.1.0 NVIDIA 591.86,false,assets/heightmaps/Hm_Terrain_Peking_513.png,547,547,600000,200000,1,28,64,0.444,11.678,-54.502,18.072,19.837,396.892,0.000,0.000,383.192,3,80.000,12.000,20,0.250,0.100,200000,false,true,false,true,false,automatic,automatic,automatic,automatic,automatic,automatic,0,0,0,0,0,32,160,0,both,29,9519085702236904040,6230683355398155042,9888563655938865868,6802711605645862921,12436952546290142025,200000,0,0,0,1,1,0,0,0,0,175.613,200000,1113216,0,168233,31767,199998,14335,7290,14335,0,9511,233772,200000,33465,4834,167994,0,61395,138605,24706,0,2208,0,0,0,0,10314360,0,1,0,0,0,0,0,0,0,0,0,0,0,0,0,0,0,201.771,99.334,7.938,13.532,21.465,0.000,0.000,0.000,0.000,0.000,34.340,0.000,0.000,0.000,0.000,0.000,0.000,0.000,0.000,41.745,34.340,0.000,23.277,59.473,5.619,0.000,76.085,34.997,23.277,0.000,20,false,false,0,0,0.000,0.000,notRun,0,0,0,0,0,0,0,0,0,0,0,0,0,0,0.000,0.000,0.000,0.000,0.000,0.000,0.000,0.000,notRun,0,0,0,0,0,0,0,0,0,0,0,0,0,0,0.000,0.000,0.000,0.000,0.000,0.000,0.000,0.000,false,false,0,0,0.000,0.000,notRun,0,0,0,0,0,0,0,0,0,0,0,0,0,0,0.000,0.000,0.000,0.000,0.000,0.000,0.000,0.000,notRun,0,0,0,0,0,0,0,0,0,0,0,0,0,0,0.000,0.000,0.000,0.000,0.000,0.000,0.000,0.000,automatic,serialFullRefresh,none,incremental,fullAllCurrentEntries,notApplicable,1,1,33477,0,13.259,0.273,0.000,81984,7.853,13.532,automatic,serialFullRefresh,none,incremental,fullAllCurrentEntries,notApplicable,1,1,200000,0,40.094,1.651,0.000,86010,10.518,41.745,automatic,serialImmediate,none,incremental,notApplicable,incremental,1,1,33477,0,0.000,0.000,0.000,0,0.000,21.465,automatic,serialImmediate,none,incremental,notApplicable,incremental,1,1,200000,0,0.000,0.000,0.000,0,0.000,34.340,automatic,serialDirty,none,notApplicable,notApplicable,incremental,1,1,0,61395,0.000,0.000,0.000,0,0.000,23.277,dirtyRange,dirtyRange,none,notApplicable,notApplicable,incremental,1,1,0,24706,0.000,0.000,0.000,0,0.000,5.619
Classic CPU ROAM,0,0,4,RelWithDebInfo,OpenGL,NVIDIA GeForce RTX 5090 D/PCIe/SSE2,4.1.0 NVIDIA 591.86,false,assets/heightmaps/Hm_Terrain_Peking_513.png,547,547,600000,200000,1,29,64,0.460,12.068,-56.206,18.565,14.312,390.179,0.000,0.000,394.545,3,80.000,12.000,20,0.250,0.100,200000,false,true,false,true,false,automatic,automatic,automatic,automatic,automatic,automatic,0,0,0,0,0,32,160,0,both,30,13518188847597210740,15109329511028966282,4722452041654089608,6983045937520075164,6360625776249671492,200000,0,0,0,1,1,0,0,0,0,182.194,200000,1134936,0,166265,33735,199998,15312,7824,15312,0,10753,233718,200000,33572,5365,179891,0,62078,137922,25331,0,2859,0,0,0,0,10429104,0,1,0,0,0,0,0,0,0,0,0,0,0,0,0,0,0,205.352,100.757,6.667,14.850,22.573,0.000,0.000,0.000,0.000,0.000,35.588,0.000,0.000,0.000,0.000,0.000,0.000,0.000,0.000,42.088,35.588,0.000,24.019,59.565,6.794,0.000,77.676,37.423,24.019,0.000,20,false,false,0,0,0.000,0.000,notRun,0,0,0,0,0,0,0,0,0,0,0,0,0,0,0.000,0.000,0.000,0.000,0.000,0.000,0.000,0.000,notRun,0,0,0,0,0,0,0,0,0,0,0,0,0,0,0.000,0.000,0.000,0.000,0.000,0.000,0.000,0.000,false,false,0,0,0.000,0.000,notRun,0,0,0,0,0,0,0,0,0,0,0,0,0,0,0.000,0.000,0.000,0.000,0.000,0.000,0.000,0.000,notRun,0,0,0,0,0,0,0,0,0,0,0,0,0,0,0.000,0.000,0.000,0.000,0.000,0.000,0.000,0.000,automatic,serialFullRefresh,none,incremental,fullAllCurrentEntries,notApplicable,1,1,33465,0,14.584,0.266,0.000,88019,8.380,14.850,automatic,serialFullRefresh,none,incremental,fullAllCurrentEntries,notApplicable,1,1,200000,0,40.513,1.574,0.000,91872,11.137,42.088,automatic,serialImmediate,none,incremental,notApplicable,incremental,1,1,33465,0,0.000,0.000,0.000,0,0.000,22.573,automatic,serialImmediate,none,incremental,notApplicable,incremental,1,1,200000,0,0.000,0.000,0.000,0,0.000,35.588,automatic,serialDirty,none,notApplicable,notApplicable,incremental,1,1,0,62078,0.000,0.000,0.000,0,0.000,24.019,dirtyRange,dirtyRange,none,notApplicable,notApplicable,incremental,1,1,0,25331,0.000,0.000,0.000,0,0.000,6.794
Classic CPU ROAM,0,0,4,RelWithDebInfo,OpenGL,NVIDIA GeForce RTX 5090 D/PCIe/SSE2,4.1.0 NVIDIA 591.86,false,assets/heightmaps/Hm_Terrain_Peking_513.png,547,547,600000,200000,1,30,64,0.476,12.472,-57.352,19.116,8.644,403.655,0.000,0.000,392.734,3,80.000,12.000,20,0.250,0.100,200000,false,true,false,true,false,automatic,automatic,automatic,automatic,automatic,automatic,0,0,0,0,0,32,160,0,both,31,12799951195141729658,15337671370646515645,6452947698764962839,15378367499456464034,15460748289941399559,200000,0,0,0,1,1,0,0,0,0,178.078,200000,1156274,0,165660,34340,199998,15483,7916,15483,0,10070,233751,200000,33515,5638,179939,0,64043,135957,26078,0,2122,0,0,0,0,10759224,0,1,0,0,0,0,0,0,0,0,0,0,0,0,0,0,0,207.364,97.253,6.887,14.812,23.163,0.000,0.000,0.000,0.000,0.000,35.790,0.000,0.000,0.000,0.000,0.000,0.000,0.000,0.000,42.144,35.790,0.000,24.465,60.100,7.078,0.000,77.934,37.976,24.465,0.000,20,false,false,0,0,0.000,0.000,notRun,0,0,0,0,0,0,0,0,0,0,0,0,0,0,0.000,0.000,0.000,0.000,0.000,0.000,0.000,0.000,notRun,0,0,0,0,0,0,0,0,0,0,0,0,0,0,0.000,0.000,0.000,0.000,0.000,0.000,0.000,0.000,false,false,0,0,0.000,0.000,notRun,0,0,0,0,0,0,0,0,0,0,0,0,0,0,0.000,0.000,0.000,0.000,0.000,0.000,0.000,0.000,notRun,0,0,0,0,0,0,0,0,0,0,0,0,0,0,0.000,0.000,0.000,0.000,0.000,0.000,0.000,0.000,automatic,serialFullRefresh,none,incremental,fullAllCurrentEntries,notApplicable,1,1,33572,0,14.547,0.266,0.000,87041,8.035,14.812,automatic,serialFullRefresh,none,incremental,fullAllCurrentEntries,notApplicable,1,1,200000,0,40.533,1.610,0.000,92898,11.242,42.144,automatic,serialImmediate,none,incremental,notApplicable,incremental,1,1,33572,0,0.000,0.000,0.000,0,0.000,23.163,automatic,serialImmediate,none,incremental,notApplicable,incremental,1,1,200000,0,0.000,0.000,0.000,0,0.000,35.790,automatic,serialDirty,none,notApplicable,notApplicable,incremental,1,1,0,64043,0.000,0.000,0.000,0,0.000,24.465,dirtyRange,dirtyRange,none,notApplicable,notApplicable,incremental,1,1,0,26078,0.000,0.000,0.000,0,0.000,7.078
Classic CPU ROAM,0,0,4,RelWithDebInfo,OpenGL,NVIDIA GeForce RTX 5090 D/PCIe/SSE2,4.1.0 NVIDIA 591.86,false,assets/heightmaps/Hm_Terrain_Peking_513.png,547,547,600000,200000,1,31,64,0.492,12.874,-57.928,19.701,2.891,402.124,0.000,0.000,393.166,3,80.000,12.000,20,0.250,0.100,200000,false,true,false,true,false,automatic,automatic,automatic,automatic,automatic,automatic,0,0,0,0,0,32,160,0,both,32,9818272653111944093,17283981430703675719,17073906308288112677,12602582867782403863,14692211958689379275,200000,0,0,0,1,1,0,0,0,0,176.389,200000,1177026,0,165432,34568,199998,15570,7932,15570,0,11862,233689,200000,33631,6012,181652,0,64398,135602,26194,0,3867,0,0,0,0,10818864,0,1,0,0,0,0,0,0,0,0,0,0,0,0,0,0,0,209.508,101.186,6.552,14.755,23.811,0.000,0.000,0.000,0.000,0.000,36.432,0.000,0.000,0.000,0.000,0.000,0.000,0.000,0.000,42.876,36.432,0.000,24.942,60.137,7.055,0.000,79.308,38.566,24.942,0.000,20,false,false,0,0,0.000,0.000,notRun,0,0,0,0,0,0,0,0,0,0,0,0,0,0,0.000,0.000,0.000,0.000,0.000,0.000,0.000,0.000,notRun,0,0,0,0,0,0,0,0,0,0,0,0,0,0,0.000,0.000,0.000,0.000,0.000,0.000,0.000,0.000,false,false,0,0,0.000,0.000,notRun,0,0,0,0,0,0,0,0,0,0,0,0,0,0,0.000,0.000,0.000,0.000,0.000,0.000,0.000,0.000,notRun,0,0,0,0,0,0,0,0,0,0,0,0,0,0,0.000,0.000,0.000,0.000,0.000,0.000,0.000,0.000,automatic,serialFullRefresh,none,incremental,fullAllCurrentEntries,notApplicable,1,1,33515,0,14.496,0.259,0.000,88232,8.102,14.755,automatic,serialFullRefresh,none,incremental,fullAllCurrentEntries,notApplicable,1,1,200000,0,41.310,1.566,0.000,93420,11.362,42.876,automatic,serialImmediate,none,incremental,notApplicable,incremental,1,1,33515,0,0.000,0.000,0.000,0,0.000,23.811,automatic,serialImmediate,none,incremental,notApplicable,incremental,1,1,200000,0,0.000,0.000,0.000,0,0.000,36.432,automatic,serialDirty,none,notApplicable,notApplicable,incremental,1,1,0,64398,0.000,0.000,0.000,0,0.000,24.942,dirtyRange,dirtyRange,none,notApplicable,notApplicable,incremental,1,1,0,26194,0.000,0.000,0.000,0,0.000,7.055
Classic CPU ROAM,0,0,4,RelWithDebInfo,OpenGL,NVIDIA GeForce RTX 5090 D/PCIe/SSE2,4.1.0 NVIDIA 591.86,false,assets/heightmaps/Hm_Terrain_Peking_513.png,547,547,600000,200000,1,32,64,0.508,13.276,-57.928,20.299,-2.891,402.573,0.000,0.000,387.313,3,80.000,12.000,20,0.250,0.100,200000,false,true,false,true,false,automatic,automatic,automatic,automatic,automatic,automatic,0,0,0,0,0,32,160,0,both,33,14117076424678403371,16200465346316385833,8270221947589718051,14263644330598810710,16793404474157041475,200000,0,0,0,1,1,0,0,0,0,174.988,200000,1196024,0,166945,33055,199998,14598,7361,14598,0,9328,233843,200000,33535,5976,172556,0,61690,138310,25523,0,1942,0,0,0,0,10363920,0,1,0,0,0,0,0,0,0,0,0,0,0,0,0,0,0,205.162,98.605,6.768,13.912,23.407,0.000,0.000,0.000,0.000,0.000,34.719,0.000,0.000,0.000,0.000,0.000,0.000,0.000,0.000,43.035,34.719,0.000,23.480,59.838,6.947,0.000,77.754,37.319,23.480,0.000,20,false,false,0,0,0.000,0.000,notRun,0,0,0,0,0,0,0,0,0,0,0,0,0,0,0.000,0.000,0.000,0.000,0.000,0.000,0.000,0.000,notRun,0,0,0,0,0,0,0,0,0,0,0,0,0,0,0.000,0.000,0.000,0.000,0.000,0.000,0.000,0.000,false,false,0,0,0.000,0.000,notRun,0,0,0,0,0,0,0,0,0,0,0,0,0,0,0.000,0.000,0.000,0.000,0.000,0.000,0.000,0.000,notRun,0,0,0,0,0,0,0,0,0,0,0,0,0,0,0.000,0.000,0.000,0.000,0.000,0.000,0.000,0.000,automatic,serialFullRefresh,none,incremental,fullAllCurrentEntries,notApplicable,1,1,33631,0,13.654,0.259,0.000,84968,7.961,13.912,automatic,serialFullRefresh,none,incremental,fullAllCurrentEntries,notApplicable,1,1,200000,0,41.452,1.583,0.000,87588,11.040,43.035,automatic,serialImmediate,none,incremental,notApplicable,incremental,1,1,33631,0,0.000,0.000,0.000,0,0.000,23.407,automatic,serialImmediate,none,incremental,notApplicable,incremental,1,1,200000,0,0.000,0.000,0.000,0,0.000,34.719,automatic,serialDirty,none,notApplicable,notApplicable,incremental,1,1,0,61690,0.000,0.000,0.000,0,0.000,23.480,dirtyRange,dirtyRange,none,notApplicable,notApplicable,incremental,1,1,0,25523,0.000,0.000,0.000,0,0.000,6.947
Classic CPU ROAM,0,0,4,RelWithDebInfo,OpenGL,NVIDIA GeForce RTX 5090 D/PCIe/SSE2,4.1.0 NVIDIA 591.86,false,assets/heightmaps/Hm_Terrain_Peking_513.png,547,547,600000,200000,1,33,64,0.524,13.673,-57.352,20.884,-8.644,396.688,0.000,0.000,388.370,3,80.000,12.000,20,0.250,0.100,200000,false,true,false,true,false,automatic,automatic,automatic,automatic,automatic,automatic,0,0,0,0,0,32,160,0,both,34,6178910627307601499,13346581377158641293,17914689748063822155,4931974468709486550,8192634735438136606,200000,0,0,0,1,1,0,0,0,0,181.775,200000,1214838,0,169990,30010,199998,13220,6709,13220,0,10341,233707,200000,33635,5268,155446,0,58030,141970,25017,0,3538,0,0,0,0,9749040,0,1,0,0,0,0,0,0,0,0,0,0,0,0,0,0,0,199.792,98.234,6.800,14.844,20.899,0.000,0.000,0.000,0.000,0.000,32.258,0.000,0.000,0.000,0.000,0.000,0.000,0.000,0.000,43.703,32.258,0.000,21.435,59.850,6.571,0.000,75.961,35.743,21.435,0.000,20,false,false,0,0,0.000,0.000,notRun,0,0,0,0,0,0,0,0,0,0,0,0,0,0,0.000,0.000,0.000,0.000,0.000,0.000,0.000,0.000,notRun,0,0,0,0,0,0,0,0,0,0,0,0,0,0,0.000,0.000,0.000,0.000,0.000,0.000,0.000,0.000,false,false,0,0,0.000,0.000,notRun,0,0,0,0,0,0,0,0,0,0,0,0,0,0,0.000,0.000,0.000,0.000,0.000,0.000,0.000,0.000,notRun,0,0,0,0,0,0,0,0,0,0,0,0,0,0,0.000,0.000,0.000,0.000,0.000,0.000,0.000,0.000,automatic,serialFullRefresh,none,incremental,fullAllCurrentEntries,notApplicable,1,1,33535,0,14.587,0.256,0.000,76126,7.260,14.844,automatic,serialFullRefresh,none,incremental,fullAllCurrentEntries,notApplicable,1,1,200000,0,42.144,1.559,0.000,79320,9.926,43.703,automatic,serialImmediate,none,incremental,notApplicable,incremental,1,1,33535,0,0.000,0.000,0.000,0,0.000,20.899,automatic,serialImmediate,none,incremental,notApplicable,incremental,1,1,200000,0,0.000,0.000,0.000,0,0.000,32.258,automatic,serialDirty,none,notApplicable,notApplicable,incremental,1,1,0,58030,0.000,0.000,0.000,0,0.000,21.435,dirtyRange,dirtyRange,none,notApplicable,notApplicable,incremental,1,1,0,25017,0.000,0.000,0.000,0,0.000,6.571
Classic CPU ROAM,0,0,4,RelWithDebInfo,OpenGL,NVIDIA GeForce RTX 5090 D/PCIe/SSE2,4.1.0 NVIDIA 591.86,false,assets/heightmaps/Hm_Terrain_Peking_513.png,547,547,600000,200000,1,34,64,0.540,14.071,-56.206,21.435,-14.312,398.194,0.000,0.000,389.561,3,80.000,12.000,20,0.250,0.100,200000,false,true,false,true,false,automatic,automatic,automatic,automatic,automatic,automatic,0,0,0,0,0,32,160,0,both,35,11746726819812728007,2817222760074155981,14006666610658801887,2747198251907076028,10573782616376506026,200000,0,0,0,1,1,0,0,0,0,176.725,200000,1233768,0,168017,31983,199998,15182,7732,15182,0,10157,233801,200000,33571,3811,178636,0,60177,139823,24412,0,2375,0,0,0,0,10109736,0,1,0,0,0,0,0,0,0,0,0,0,0,0,0,0,0,205.901,97.971,6.911,14.908,20.591,0.000,0.000,0.000,0.000,0.000,36.976,0.000,0.000,0.000,0.000,0.000,0.000,0.000,0.000,43.101,36.976,0.000,23.393,60.019,6.734,0.000,80.077,35.499,23.393,0.000,20,false,false,0,0,0.000,0.000,notRun,0,0,0,0,0,0,0,0,0,0,0,0,0,0,0.000,0.000,0.000,0.000,0.000,0.000,0.000,0.000,notRun,0,0,0,0,0,0,0,0,0,0,0,0,0,0,0.000,0.000,0.000,0.000,0.000,0.000,0.000,0.000,false,false,0,0,0.000,0.000,notRun,0,0,0,0,0,0,0,0,0,0,0,0,0,0,0.000,0.000,0.000,0.000,0.000,0.000,0.000,0.000,notRun,0,0,0,0,0,0,0,0,0,0,0,0,0,0,0.000,0.000,0.000,0.000,0.000,0.000,0.000,0.000,automatic,serialFullRefresh,none,incremental,fullAllCurrentEntries,notApplicable,1,1,33635,0,14.608,0.300,0.000,87544,8.292,14.908,automatic,serialFullRefresh,none,incremental,fullAllCurrentEntries,notApplicable,1,1,200000,0,41.413,1.688,0.000,91092,11.175,43.101,automatic,serialImmediate,none,incremental,notApplicable,incremental,1,1,33635,0,0.000,0.000,0.000,0,0.000,20.591,automatic,serialImmediate,none,incremental,notApplicable,incremental,1,1,200000,0,0.000,0.000,0.000,0,0.000,36.976,automatic,serialDirty,none,notApplicable,notApplicable,incremental,1,1,0,60177,0.000,0.000,0.000,0,0.000,23.393,dirtyRange,dirtyRange,none,notApplicable,notApplicable,incremental,1,1,0,24412,0.000,0.000,0.000,0,0.000,6.734
Classic CPU ROAM,0,0,4,RelWithDebInfo,OpenGL,NVIDIA GeForce RTX 5090 D/PCIe/SSE2,4.1.0 NVIDIA 591.86,false,assets/heightmaps/Hm_Terrain_Peking_513.png,547,547,600000,200000,1,35,64,0.556,14.470,-54.502,21.928,-19.837,398.531,0.000,0.000,398.150,3,80.000,12.000,20,0.250,0.100,200000,false,true,false,true,false,automatic,automatic,automatic,automatic,automatic,automatic,0,0,0,0,0,32,160,0,both,36,16993049945272242478,13527224358381511974,17721546227294611904,2586764488759282298,5604490718492392840,200000,0,0,0,1,1,0,0,0,0,183.994,200000,1251996,0,167969,32031,199998,15132,7707,15132,0,10314,233898,200000,33656,3965,179945,0,59256,140744,24523,0,2552,0,0,0,0,9955008,0,1,0,0,0,0,0,0,0,0,0,0,0,0,0,0,0,207.219,99.813,6.640,14.898,20.778,0.000,0.000,0.000,0.000,0.000,37.502,0.000,0.000,0.000,0.000,0.000,0.000,0.000,0.000,43.120,37.502,0.000,23.801,60.477,6.735,0.000,80.623,35.677,23.801,0.000,20,false,false,0,0,0.000,0.000,notRun,0,0,0,0,0,0,0,0,0,0,0,0,0,0,0.000,0.000,0.000,0.000,0.000,0.000,0.000,0.000,notRun,0,0,0,0,0,0,0,0,0,0,0,0,0,0,0.000,0.000,0.000,0.000,0.000,0.000,0.000,0.000,false,false,0,0,0.000,0.000,notRun,0,0,0,0,0,0,0,0,0,0,0,0,0,0,0.000,0.000,0.000,0.000,0.000,0.000,0.000,0.000,notRun,0,0,0,0,0,0,0,0,0,0,0,0,0,0,0.000,0.000,0.000,0.000,0.000,0.000,0.000,0.000,automatic,serialFullRefresh,none,incremental,fullAllCurrentEntries,notApplicable,1,1,33571,0,14.609,0.289,0.000,89153,8.464,14.898,automatic,serialFullRefresh,none,incremental,fullAllCurrentEntries,notApplicable,1,1,200000,0,41.466,1.654,0.000,90792,10.946,43.120,automatic,serialImmediate,none,incremental,notApplicable,incremental,1,1,33571,0,0.000,0.000,0.000,0,0.000,20.778,automatic,serialImmediate,none,incremental,notApplicable,incremental,1,1,200000,0,0.000,0.000,0.000,0,0.000,37.502,automatic,serialDirty,none,notApplicable,notApplicable,incremental,1,1,0,59256,0.000,0.000,0.000,0,0.000,23.801,dirtyRange,dirtyRange,none,notApplicable,notApplicable,incremental,1,1,0,24523,0.000,0.000,0.000,0,0.000,6.735
Classic CPU ROAM,0,0,4,RelWithDebInfo,OpenGL,NVIDIA GeForce RTX 5090 D/PCIe/SSE2,4.1.0 NVIDIA 591.86,false,assets/heightmaps/Hm_Terrain_Peking_513.png,547,547,600000,200000,1,36,64,0.571,14.877,-52.256,22.345,-25.165,407.181,0.000,0.000,395.839,3,80.000,12.000,20,0.250,0.100,200000,false,true,false,true,false,automatic,automatic,automatic,automatic,automatic,automatic,0,0,0,0,0,32,160,0,both,37,10934855716126561632,1496534923326945117,10145042690056851243,3102267663174235207,18299975427405264666,200000,0,0,0,1,1,0,0,0,0,179.270,200000,1273930,0,166663,33337,199998,15948,8142,15948,0,10318,234002,200000,33754,3873,188618,0,58852,141148,24348,0,2140,0,0,0,0,9887136,0,1,0,0,0,0,0,0,0,0,0,0,0,0,0,0,0,209.744,100.380,6.759,14.920,21.626,0.000,0.000,0.000,0.000,0.000,38.564,0.000,0.000,0.000,0.000,0.000,0.000,0.000,0.000,43.242,38.564,0.000,24.531,60.100,6.634,0.000,81.806,36.546,24.531,0.000,20,false,false,0,0,0.000,0.000,notRun,0,0,0,0,0,0,0,0,0,0,0,0,0,0,0.000,0.000,0.000,0.000,0.000,0.000,0.000,0.000,notRun,0,0,0,0,0,0,0,0,0,0,0,0,0,0,0.000,0.000,0.000,0.000,0.000,0.000,0.000,0.000,false,false,0,0,0.000,0.000,notRun,0,0,0,0,0,0,0,0,0,0,0,0,0,0,0.000,0.000,0.000,0.000,0.000,0.000,0.000,0.000,notRun,0,0,0,0,0,0,0,0,0,0,0,0,0,0,0.000,0.000,0.000,0.000,0.000,0.000,0.000,0.000,automatic,serialFullRefresh,none,incremental,fullAllCurrentEntries,notApplicable,1,1,33656,0,14.618,0.302,0.000,92930,8.850,14.920,automatic,serialFullRefresh,none,incremental,fullAllCurrentEntries,notApplicable,1,1,200000,0,41.592,1.650,0.000,95688,11.232,43.242,automatic,serialImmediate,none,incremental,notApplicable,incremental,1,1,33656,0,0.000,0.000,0.000,0,0.000,21.626,automatic,serialImmediate,none,incremental,notApplicable,incremental,1,1,200000,0,0.000,0.000,0.000,0,0.000,38.564,automatic,serialDirty,none,notApplicable,notApplicable,incremental,1,1,0,58852,0.000,0.000,0.000,0,0.000,24.531,dirtyRange,dirtyRange,none,notApplicable,notApplicable,incremental,1,1,0,24348,0.000,0.000,0.000,0,0.000,6.634
Classic CPU ROAM,0,0,4,RelWithDebInfo,OpenGL,NVIDIA GeForce RTX 5090 D/PCIe/SSE2,4.1.0 NVIDIA 591.86,false,assets/heightmaps/Hm_Terrain_Peking_513.png,547,547,600000,200000,1,37,64,0.587,15.282,-49.491,22.670,-30.243,404.673,0.000,0.000,402.713,3,80.000,12.000,20,0.250,0.100,200000,false,true,false,true,false,automatic,automatic,automatic,automatic,automatic,automatic,0,0,0,0,0,32,160,0,both,38,15326444167578047510,8131120372325885611,18280130596683437565,5241553742240944586,8193547535160834578,200000,0,0,0,1,1,0,0,0,0,176.968,200000,1295570,0,165798,34202,199998,16398,8316,16398,0,10928,234264,200000,33958,4263,195984,0,59147,140853,24435,0,2508,0,0,0,0,9936696,0,1,0,0,0,0,0,0,0,0,0,0,0,0,0,0,0,218.894,98.632,6.954,14.899,24.147,0.000,0.000,0.000,0.000,0.000,44.789,0.000,0.000,0.000,0.000,0.000,0.000,0.000,0.000,42.946,44.789,0.000,25.380,59.777,6.611,0.000,87.735,39.046,25.380,0.000,20,false,false,0,0,0.000,0.000,notRun,0,0,0,0,0,0,0,0,0,0,0,0,0,0,0.000,0.000,0.000,0.000,0.000,0.000,0.000,0.000,notRun,0,0,0,0,0,0,0,0,0,0,0,0,0,0,0.000,0.000,0.000,0.000,0.000,0.000,0.000,0.000,false,false,0,0,0.000,0.000,notRun,0,0,0,0,0,0,0,0,0,0,0,0,0,0,0.000,0.000,0.000,0.000,0.000,0.000,0.000,0.000,notRun,0,0,0,0,0,0,0,0,0,0,0,0,0,0,0.000,0.000,0.000,0.000,0.000,0.000,0.000,0.000,automatic,serialFullRefresh,none,incremental,fullAllCurrentEntries,notApplicable,1,1,33754,0,14.607,0.292,0.000,97596,10.254,14.899,automatic,serialFullRefresh,none,incremental,fullAllCurrentEntries,notApplicable,1,1,200000,0,41.382,1.564,0.000,98388,13.270,42.946,automatic,serialImmediate,none,incremental,notApplicable,incremental,1,1,33754,0,0.000,0.000,0.000,0,0.000,24.147,automatic,serialImmediate,none,incremental,notApplicable,incremental,1,1,200000,0,0.000,0.000,0.000,0,0.000,44.789,automatic,serialDirty,none,notApplicable,notApplicable,incremental,1,1,0,59147,0.000,0.000,0.000,0,0.000,25.380,dirtyRange,dirtyRange,none,notApplicable,notApplicable,incremental,1,1,0,24435,0.000,0.000,0.000,0,0.000,6.611
Classic CPU ROAM,0,0,4,RelWithDebInfo,OpenGL,NVIDIA GeForce RTX 5090 D/PCIe/SSE2,4.1.0 NVIDIA 591.86,false,assets/heightmaps/Hm_Terrain_Peking_513.png,547,547,600000,200000,1,38,64,0.603,15.693,-46.234,22.888,-35.021,411.663,0.000,0.000,394.238,3,80.000,12.000,20,0.250,0.100,200000,false,true,false,true,false,automatic,automatic,automatic,automatic,automatic,automatic,0,0,0,0,0,32,160,0,both,39,8793215930069954994,11110283535362372986,3587553531994931092,11341183490841006377,4435577496345909474,200000,0,0,0,1,1,0,0,0,0,176.959,200000,1312514,0,167212,32788,199998,15820,8019,15820,0,10067,234257,200000,33912,4588,185956,0,59813,140187,24837,0,2010,0,0,0,0,10048584,0,1,0,0,0,0,0,0,0,0,0,0,0,0,0,0,0,210.318,100.832,6.661,14.867,22.011,0.000,0.000,0.000,0.000,0.000,37.114,0.000,0.000,0.000,0.000,0.000,0.000,0.000,0.000,42.731,37.114,0.000,24.536,62.398,6.779,0.000,79.845,36.878,24.536,0.000,20,false,false,0,0,0.000,0.000,notRun,0,0,0,0,0,0,0,0,0,0,0,0,0,0,0.000,0.000,0.000,0.000,0.000,0.000,0.000,0.000,notRun,0,0,0,0,0,0,0,0,0,0,0,0,0,0,0.000,0.000,0.000,0.000,0.000,0.000,0.000,0.000,false,false,0,0,0.000,0.000,notRun,0,0,0,0,0,0,0,0,0,0,0,0,0,0,0.000,0.000,0.000,0.000,0.000,0.000,0.000,0.000,notRun,0,0,0,0,0,0,0,0,0,0,0,0,0,0,0.000,0.000,0.000,0.000,0.000,0.000,0.000,0.000,automatic,serialFullRefresh,none,incremental,fullAllCurrentEntries,notApplicable,1,1,33958,0,14.580,0.287,0.000,91036,8.474,14.867,automatic,serialFullRefresh,none,incremental,fullAllCurrentEntries,notApplicable,1,1,200000,0,41.166,1.565,0.000,94920,11.112,42.731,automatic,serialImmediate,none,incremental,notApplicable,incremental,1,1,33958,0,0.000,0.000,0.000,0,0.000,22.011,automatic,serialImmediate,none,incremental,notApplicable,incremental,1,1,200000,0,0.000,0.000,0.000,0,0.000,37.114,automatic,serialDirty,none,notApplicable,notApplicable,incremental,1,1,0,59813,0.000,0.000,0.000,0,0.000,24.536,dirtyRange,dirtyRange,none,notApplicable,notApplicable,incremental,1,1,0,24837,0.000,0.000,0.000,0,0.000,6.779
Classic CPU ROAM,0,0,4,RelWithDebInfo,OpenGL,NVIDIA GeForce RTX 5090 D/PCIe/SSE2,4.1.0 NVIDIA 591.86,false,assets/heightmaps/Hm_Terrain_Peking_513.png,547,547,600000,200000,1,39,64,0.619,16.097,-42.517,22.992,-39.450,403.873,0.000,0.000,406.383,3,80.000,12.000,20,0.250,0.100,200000,false,true,false,true,false,automatic,automatic,automatic,automatic,automatic,automatic,0,0,0,0,0,32,160,0,both,40,4341115752885500299,2492034376308645561,7257474350009245571,6222817655162146031,6886515912890788978,200000,0,0,0,1,1,0,0,0,0,181.661,200000,1329038,0,164633,35367,199998,16753,8514,16753,0,11510,234337,200000,34243,5773,202435,0,62177,137823,26127,0,2942,0,0,0,0,10445736,0,1,0,0,0,0,0,0,0,0,0,0,0,0,0,0,0,217.466,101.747,6.893,15.006,24.590,0.000,0.000,0.000,0.000,0.000,40.604,0.000,0.000,0.000,0.000,0.000,0.000,0.000,0.000,43.049,40.604,0.000,26.313,61.010,7.045,0.000,83.652,39.595,26.313,0.000,20,false,false,0,0,0.000,0.000,notRun,0,0,0,0,0,0,0,0,0,0,0,0,0,0,0.000,0.000,0.000,0.000,0.000,0.000,0.000,0.000,notRun,0,0,0,0,0,0,0,0,0,0,0,0,0,0,0.000,0.000,0.000,0.000,0.000,0.000,0.000,0.000,false,false,0,0,0.000,0.000,notRun,0,0,0,0,0,0,0,0,0,0,0,0,0,0,0.000,0.000,0.000,0.000,0.000,0.000,0.000,0.000,notRun,0,0,0,0,0,0,0,0,0,0,0,0,0,0,0.000,0.000,0.000,0.000,0.000,0.000,0.000,0.000,automatic,serialFullRefresh,none,incremental,fullAllCurrentEntries,notApplicable,1,1,33912,0,14.726,0.279,0.000,101917,9.660,15.006,automatic,serialFullRefresh,none,incremental,fullAllCurrentEntries,notApplicable,1,1,200000,0,41.401,1.648,0.000,100518,12.072,43.049,automatic,serialImmediate,none,incremental,notApplicable,incremental,1,1,33912,0,0.000,0.000,0.000,0,0.000,24.590,automatic,serialImmediate,none,incremental,notApplicable,incremental,1,1,200000,0,0.000,0.000,0.000,0,0.000,40.604,automatic,serialDirty,none,notApplicable,notApplicable,incremental,1,1,0,62177,0.000,0.000,0.000,0,0.000,26.313,dirtyRange,dirtyRange,none,notApplicable,notApplicable,incremental,1,1,0,26127,0.000,0.000,0.000,0,0.000,7.045
Classic CPU ROAM,0,0,4,RelWithDebInfo,OpenGL,NVIDIA GeForce RTX 5090 D/PCIe/SSE2,4.1.0 NVIDIA 591.86,false,assets/heightmaps/Hm_Terrain_Peking_513.png,547,547,600000,200000,1,40,64,0.635,16.513,-38.378,22.977,-43.487,415.655,0.000,0.000,404.615,3,80.000,12.000,20,0.250,0.100,200000,false,true,false,true,false,automatic,automatic,automatic,automatic,automatic,automatic,0,0,0,0,0,32,160,0,both,41,5640557840597479361,14857908528817655382,1928326867279124476,11595271541229955106,13341262442090873672,200000,0,0,0,1,1,0,0,0,0,180.585,200000,1343102,0,164727,35273,199998,16591,8356,16591,0,12119,234386,200000,34252,6463,194309,0,65173,134827,27402,0,3695,0,0,0,0,10949064,0,1,0,0,0,0,0,0,0,0,0,0,0,0,0,0,0,216.401,94.426,6.767,15.115,25.613,0.000,0.000,0.000,0.000,0.000,38.669,0.000,0.000,0.000,0.000,0.000,0.000,0.000,0.000,43.201,38.669,0.000,26.779,60.256,7.412,0.000,81.870,40.728,26.779,0.000,20,false,false,0,0,0.000,0.000,notRun,0,0,0,0,0,0,0,0,0,0,0,0,0,0,0.000,0.000,0.000,0.000,0.000,0.000,0.000,0.000,notRun,0,0,0,0,0,0,0,0,0,0,0,0,0,0,0.000,0.000,0.000,0.000,0.000,0.000,0.000,0.000,false,false,0,0,0.000,0.000,notRun,0,0,0,0,0,0,0,0,0,0,0,0,0,0,0.000,0.000,0.000,0.000,0.000,0.000,0.000,0.000,notRun,0,0,0,0,0,0,0,0,0,0,0,0,0,0,0.000,0.000,0.000,0.000,0.000,0.000,0.000,0.000,automatic,serialFullRefresh,none,incremental,fullAllCurrentEntries,notApplicable,1,1,34243,0,14.837,0.278,0.000,94763,8.726,15.115,automatic,serialFullRefresh,none,incremental,fullAllCurrentEntries,notApplicable,1,1,200000,0,41.459,1.742,0.000,99546,11.889,43.201,automatic,serialImmediate,none,incremental,notApplicable,incremental,1,1,34243,0,0.000,0.000,0.000,0,0.000,25.613,automatic,serialImmediate,none,incremental,notApplicable,incremental,1,1,200000,0,0.000,0.000,0.000,0,0.000,38.669,automatic,serialDirty,none,notApplicable,notApplicable,incremental,1,1,0,65173,0.000,0.000,0.000,0,0.000,26.779,dirtyRange,dirtyRange,none,notApplicable,notApplicable,incremental,1,1,0,27402,0.000,0.000,0.000,0,0.000,7.412
Classic CPU ROAM,0,0,4,RelWithDebInfo,OpenGL,NVIDIA GeForce RTX 5090 D/PCIe/SSE2,4.1.0 NVIDIA 591.86,false,assets/heightmaps/Hm_Terrain_Peking_513.png,547,547,600000,200000,1,41,64,0.651,16.927,-33.857,22.844,-47.092,414.272,0.000,0.000,400.694,3,80.000,12.000,20,0.250,0.100,200000,false,true,false,true,false,automatic,automatic,automatic,automatic,automatic,automatic,0,0,0,0,0,32,160,0,both,42,8883561786973955779,6795102887817331768,16418398602788939930,10370168128108726468,18043304207587188639,200000,0,0,0,1,1,0,0,0,0,179.443,200000,1356936,0,164933,35067,199998,15778,8021,15778,0,11144,234333,200000,34210,6690,189874,0,65279,134721,27804,0,3034,0,0,0,0,10966872,0,1,0,0,0,0,0,0,0,0,0,0,0,0,0,0,0,213.405,99.391,6.853,14.448,25.351,0.000,0.000,0.000,0.000,0.000,37.812,0.000,0.000,0.000,0.000,0.000,0.000,0.000,0.000,42.896,37.812,0.000,25.845,60.198,7.605,0.000,80.708,39.799,25.845,0.000,20,false,false,0,0,0.000,0.000,notRun,0,0,0,0,0,0,0,0,0,0,0,0,0,0,0.000,0.000,0.000,0.000,0.000,0.000,0.000,0.000,notRun,0,0,0,0,0,0,0,0,0,0,0,0,0,0,0.000,0.000,0.000,0.000,0.000,0.000,0.000,0.000,false,false,0,0,0.000,0.000,notRun,0,0,0,0,0,0,0,0,0,0,0,0,0,0,0.000,0.000,0.000,0.000,0.000,0.000,0.000,0.000,notRun,0,0,0,0,0,0,0,0,0,0,0,0,0,0,0.000,0.000,0.000,0.000,0.000,0.000,0.000,0.000,automatic,serialFullRefresh,none,incremental,fullAllCurrentEntries,notApplicable,1,1,34252,0,14.149,0.298,0.000,95206,9.349,14.448,automatic,serialFullRefresh,none,incremental,fullAllCurrentEntries,notApplicable,1,1,200000,0,41.214,1.682,0.000,94668,11.411,42.896,automatic,serialImmediate,none,incremental,notApplicable,incremental,1,1,34252,0,0.000,0.000,0.000,0,0.000,25.351,automatic,serialImmediate,none,incremental,notApplicable,incremental,1,1,200000,0,0.000,0.000,0.000,0,0.000,37.812,automatic,serialDirty,none,notApplicable,notApplicable,incremental,1,1,0,65279,0.000,0.000,0.000,0,0.000,25.845,dirtyRange,dirtyRange,none,notApplicable,notApplicable,incremental,1,1,0,27804,0.000,0.000,0.000,0,0.000,7.605
Classic CPU ROAM,0,0,4,RelWithDebInfo,OpenGL,NVIDIA GeForce RTX 5090 D/PCIe/SSE2,4.1.0 NVIDIA 591.86,false,assets/heightmaps/Hm_Terrain_Peking_513.png,547,547,600000,200000,1,42,64,0.667,17.338,-29.000,22.598,-50.229,410.435,0.000,0.000,393.823,3,80.000,12.000,20,0.250,0.100,200000,false,true,false,true,false,automatic,automatic,automatic,automatic,automatic,automatic,0,0,0,0,0,32,160,0,both,43,18244366383052005441,11539274937098670880,13370878448706581218,2428502504339929331,10580619876848912246,200000,0,0,0,1,1,0,0,0,0,179.708,200000,1372434,0,167412,32588,199998,14677,7472,14677,0,10773,234221,200000,34055,6046,175387,0,63643,136357,27964,0,3246,0,0,0,0,10692024,0,1,0,0,0,0,0,0,0,0,0,0,0,0,0,0,0,206.329,97.104,6.873,15.158,23.573,0.000,0.000,0.000,0.000,0.000,34.307,0.000,0.000,0.000,0.000,0.000,0.000,0.000,0.000,42.495,34.307,0.000,24.152,59.770,7.575,0.000,76.801,38.732,24.152,0.000,20,false,false,0,0,0.000,0.000,notRun,0,0,0,0,0,0,0,0,0,0,0,0,0,0,0.000,0.000,0.000,0.000,0.000,0.000,0.000,0.000,notRun,0,0,0,0,0,0,0,0,0,0,0,0,0,0,0.000,0.000,0.000,0.000,0.000,0.000,0.000,0.000,false,false,0,0,0.000,0.000,notRun,0,0,0,0,0,0,0,0,0,0,0,0,0,0,0.000,0.000,0.000,0.000,0.000,0.000,0.000,0.000,notRun,0,0,0,0,0,0,0,0,0,0,0,0,0,0,0.000,0.000,0.000,0.000,0.000,0.000,0.000,0.000,automatic,serialFullRefresh,none,incremental,fullAllCurrentEntries,notApplicable,1,1,34210,0,14.898,0.260,0.000,87325,8.328,15.158,automatic,serialFullRefresh,none,incremental,fullAllCurrentEntries,notApplicable,1,1,200000,0,40.930,1.565,0.000,88062,10.511,42.495,automatic,serialImmediate,none,incremental,notApplicable,incremental,1,1,34210,0,0.000,0.000,0.000,0,0.000,23.573,automatic,serialImmediate,none,incremental,notApplicable,incremental,1,1,200000,0,0.000,0.000,0.000,0,0.000,34.307,automatic,serialDirty,none,notApplicable,notApplicable,incremental,1,1,0,63643,0.000,0.000,0.000,0,0.000,24.152,dirtyRange,dirtyRange,none,notApplicable,notApplicable,incremental,1,1,0,27964,0.000,0.000,0.000,0,0.000,7.575
Classic CPU ROAM,0,0,4,RelWithDebInfo,OpenGL,NVIDIA GeForce RTX 5090 D/PCIe/SSE2,4.1.0 NVIDIA 591.86,false,assets/heightmaps/Hm_Terrain_Peking_513.png,547,547,600000,200000,1,43,64,0.683,17.741,-23.855,22.249,-52.867,403.810,0.000,0.000,389.282,3,80.000,12.000,20,0.250,0.100,200000,false,true,false,true,false,automatic,automatic,automatic,automatic,automatic,automatic,0,0,0,0,0,32,160,0,both,44,9332276176334591966,6965282697844826061,8882002267534927791,7267293934232991669,1971615220371960845,200000,0,0,0,1,1,0,0,0,0,178.577,200000,1388576,0,168992,31008,199998,14286,7280,14286,0,9377,234179,200000,34082,5145,171531,0,60632,139368,27233,0,2082,0,0,0,0,10186176,0,1,0,0,0,0,0,0,0,0,0,0,0,0,0,0,0,203.205,102.278,6.752,15.085,22.012,0.000,0.000,0.000,0.000,0.000,33.053,0.000,0.000,0.000,0.000,0.000,0.000,0.000,0.000,42.847,33.053,0.000,22.854,60.600,7.293,0.000,75.900,37.098,22.854,0.000,20,false,false,0,0,0.000,0.000,notRun,0,0,0,0,0,0,0,0,0,0,0,0,0,0,0.000,0.000,0.000,0.000,0.000,0.000,0.000,0.000,notRun,0,0,0,0,0,0,0,0,0,0,0,0,0,0,0.000,0.000,0.000,0.000,0.000,0.000,0.000,0.000,false,false,0,0,0.000,0.000,notRun,0,0,0,0,0,0,0,0,0,0,0,0,0,0,0.000,0.000,0.000,0.000,0.000,0.000,0.000,0.000,notRun,0,0,0,0,0,0,0,0,0,0,0,0,0,0,0.000,0.000,0.000,0.000,0.000,0.000,0.000,0.000,automatic,serialFullRefresh,none,incremental,fullAllCurrentEntries,notApplicable,1,1,34055,0,14.805,0.280,0.000,85815,8.090,15.085,automatic,serialFullRefresh,none,incremental,fullAllCurrentEntries,notApplicable,1,1,200000,0,41.266,1.580,0.000,85716,10.043,42.847,automatic,serialImmediate,none,incremental,notApplicable,incremental,1,1,34055,0,0.000,0.000,0.000,0,0.000,22.012,automatic,serialImmediate,none,incremental,notApplicable,incremental,1,1,200000,0,0.000,0.000,0.000,0,0.000,33.053,automatic,serialDirty,none,notApplicable,notApplicable,incremental,1,1,0,60632,0.000,0.000,0.000,0,0.000,22.854,dirtyRange,dirtyRange,none,notApplicable,notApplicable,incremental,1,1,0,27233,0.000,0.000,0.000,0,0.000,7.293
Classic CPU ROAM,0,0,4,RelWithDebInfo,OpenGL,NVIDIA GeForce RTX 5090 D/PCIe/SSE2,4.1.0 NVIDIA 591.86,false,assets/heightmaps/Hm_Terrain_Peking_513.png,547,547,600000,200000,1,44,64,0.698,18.141,-18.472,21.811,-54.980,399.183,0.000,0.000,391.319,3,80.000,12.000,20,0.250,0.100,200000,false,true,false,true,false,automatic,automatic,automatic,automatic,automatic,automatic,0,0,0,0,0,32,160,0,both,45,18194916085207186180,13831941261432722240,11262328333957560934,13572103771761879173,10696085729681648563,200000,0,0,0,1,1,0,0,0,0,180.136,200000,1405436,0,168346,31654,199998,14584,7441,14584,0,9961,234229,200000,33998,5280,173596,0,59378,140622,27283,0,2477,0,0,0,0,9975504,0,1,0,0,0,0,0,0,0,0,0,0,0,0,0,0,0,203.746,101.710,6.571,15.057,22.430,0.000,0.000,0.000,0.000,0.000,33.750,0.000,0.000,0.000,0.000,0.000,0.000,0.000,0.000,43.016,33.750,0.000,23.139,59.781,7.197,0.000,76.766,37.486,23.139,0.000,20,false,false,0,0,0.000,0.000,notRun,0,0,0,0,0,0,0,0,0,0,0,0,0,0,0.000,0.000,0.000,0.000,0.000,0.000,0.000,0.000,notRun,0,0,0,0,0,0,0,0,0,0,0,0,0,0,0.000,0.000,0.000,0.000,0.000,0.000,0.000,0.000,false,false,0,0,0.000,0.000,notRun,0,0,0,0,0,0,0,0,0,0,0,0,0,0,0.000,0.000,0.000,0.000,0.000,0.000,0.000,0.000,notRun,0,0,0,0,0,0,0,0,0,0,0,0,0,0,0.000,0.000,0.000,0.000,0.000,0.000,0.000,0.000,automatic,serialFullRefresh,none,incremental,fullAllCurrentEntries,notApplicable,1,1,34082,0,14.801,0.255,0.000,86092,7.973,15.057,automatic,serialFullRefresh,none,incremental,fullAllCurrentEntries,notApplicable,1,1,200000,0,41.376,1.640,0.000,87504,10.364,43.016,automatic,serialImmediate,none,incremental,notApplicable,incremental,1,1,34082,0,0.000,0.000,0.000,0,0.000,22.430,automatic,serialImmediate,none,incremental,notApplicable,incremental,1,1,200000,0,0.000,0.000,0.000,0,0.000,33.750,automatic,serialDirty,none,notApplicable,notApplicable,incremental,1,1,0,59378,0.000,0.000,0.000,0,0.000,23.139,dirtyRange,dirtyRange,none,notApplicable,notApplicable,incremental,1,1,0,27283,0.000,0.000,0.000,0,0.000,7.197
Classic CPU ROAM,0,0,4,RelWithDebInfo,OpenGL,NVIDIA GeForce RTX 5090 D/PCIe/SSE2,4.1.0 NVIDIA 591.86,false,assets/heightmaps/Hm_Terrain_Peking_513.png,547,547,600000,200000,1,45,64,0.714,18.542,-12.906,21.302,-56.546,401.203,0.000,0.000,412.411,3,80.000,12.000,20,0.250,0.100,200000,false,true,false,true,false,automatic,automatic,automatic,automatic,automatic,automatic,0,0,0,0,0,32,160,0,both,46,9949714469453535672,11277505994945043421,17114593554410757175,13187097692078154093,1757098035051615044,200000,0,0,0,1,1,0,0,0,0,181.445,200000,1422106,0,166334,33666,199998,15499,7915,15499,0,11101,234137,200000,33808,5625,181450,0,61849,138151,28208,0,3132,0,0,0,0,10390632,0,1,0,0,0,0,0,0,0,0,0,0,0,0,0,0,0,222.383,100.552,6.814,15.079,23.898,0.000,0.000,0.000,0.000,0.000,36.103,0.000,0.000,0.000,0.000,0.000,0.000,0.000,0.000,42.789,36.103,0.000,27.156,70.544,8.313,0.000,78.892,38.976,27.156,0.000,20,false,false,0,0,0.000,0.000,notRun,0,0,0,0,0,0,0,0,0,0,0,0,0,0,0.000,0.000,0.000,0.000,0.000,0.000,0.000,0.000,notRun,0,0,0,0,0,0,0,0,0,0,0,0,0,0,0.000,0.000,0.000,0.000,0.000,0.000,0.000,0.000,false,false,0,0,0.000,0.000,notRun,0,0,0,0,0,0,0,0,0,0,0,0,0,0,0.000,0.000,0.000,0.000,0.000,0.000,0.000,0.000,notRun,0,0,0,0,0,0,0,0,0,0,0,0,0,0,0.000,0.000,0.000,0.000,0.000,0.000,0.000,0.000,automatic,serialFullRefresh,none,incremental,fullAllCurrentEntries,notApplicable,1,1,33998,0,14.804,0.275,0.000,88456,8.164,15.079,automatic,serialFullRefresh,none,incremental,fullAllCurrentEntries,notApplicable,1,1,200000,0,41.193,1.596,0.000,92994,11.153,42.789,automatic,serialImmediate,none,incremental,notApplicable,incremental,1,1,33998,0,0.000,0.000,0.000,0,0.000,23.898,automatic,serialImmediate,none,incremental,notApplicable,incremental,1,1,200000,0,0.000,0.000,0.000,0,0.000,36.103,automatic,serialDirty,none,notApplicable,notApplicable,incremental,1,1,0,61849,0.000,0.000,0.000,0,0.000,27.156,dirtyRange,dirtyRange,none,notApplicable,notApplicable,incremental,1,1,0,28208,0.000,0.000,0.000,0,0.000,8.313
Classic CPU ROAM,0,0,4,RelWithDebInfo,OpenGL,NVIDIA GeForce RTX 5090 D/PCIe/SSE2,4.1.0 NVIDIA 591.86,false,assets/heightmaps/Hm_Terrain_Peking_513.png,547,547,600000,200000,1,46,64,0.730,18.963,-7.212,20.740,-57.550,421.570,0.000,0.000,399.014,3,80.000,12.000,20,0.250,0.100,200000,false,true,false,true,false,automatic,automatic,automatic,automatic,automatic,automatic,0,0,0,0,0,32,160,0,both,47,8085739757682157168,15078120519465764866,3045942073179456604,5293515024652262564,6085422030732384001,200000,0,0,0,1,1,0,0,0,0,178.270,200000,1438704,0,165374,34626,199998,15927,8130,15927,0,11469,233951,200000,33610,5578,184800,0,63152,136848,28231,0,3288,0,0,0,0,10609536,0,1,0,0,0,0,0,0,0,0,0,0,0,0,0,0,0,212.931,99.812,6.728,14.994,24.237,0.000,0.000,0.000,0.000,0.000,37.107,0.000,0.000,0.000,0.000,0.000,0.000,0.000,0.000,44.678,37.107,0.000,25.152,60.033,7.591,0.000,81.785,39.231,25.152,0.000,20,false,false,0,0,0.000,0.000,notRun,0,0,0,0,0,0,0,0,0,0,0,0,0,0,0.000,0.000,0.000,0.000,0.000,0.000,0.000,0.000,notRun,0,0,0,0,0,0,0,0,0,0,0,0,0,0,0.000,0.000,0.000,0.000,0.000,0.000,0.000,0.000,false,false,0,0,0.000,0.000,notRun,0,0,0,0,0,0,0,0,0,0,0,0,0,0,0.000,0.000,0.000,0.000,0.000,0.000,0.000,0.000,notRun,0,0,0,0,0,0,0,0,0,0,0,0,0,0,0.000,0.000,0.000,0.000,0.000,0.000,0.000,0.000,automatic,serialFullRefresh,none,incremental,fullAllCurrentEntries,notApplicable,1,1,33808,0,14.716,0.278,0.000,89238,8.222,14.994,automatic,serialFullRefresh,none,incremental,fullAllCurrentEntries,notApplicable,1,1,200000,0,43.100,1.578,0.000,95562,11.669,44.678,automatic,serialImmediate,none,incremental,notApplicable,incremental,1,1,33808,0,0.000,0.000,0.000,0,0.000,24.237,automatic,serialImmediate,none,incremental,notApplicable,incremental,1,1,200000,0,0.000,0.000,0.000,0,0.000,37.107,automatic,serialDirty,none,notApplicable,notApplicable,incremental,1,1,0,63152,0.000,0.000,0.000,0,0.000,25.152,dirtyRange,dirtyRange,none,notApplicable,notApplicable,incremental,1,1,0,28231,0.000,0.000,0.000,0,0.000,7.591
Classic CPU ROAM,0,0,4,RelWithDebInfo,OpenGL,NVIDIA GeForce RTX 5090 D/PCIe/SSE2,4.1.0 NVIDIA 591.86,false,assets/heightmaps/Hm_Terrain_Peking_513.png,547,547,600000,200000,1,47,64,0.746,19.372,-1.446,20.150,-57.982,408.983,0.000,0.000,397.487,3,80.000,12.000,20,0.250,0.100,200000,false,true,false,true,false,automatic,automatic,automatic,automatic,automatic,automatic,0,0,0,0,0,32,160,0,both,48,14986513597530100079,14315627566301579737,2484608468122067079,18105314321580107672,11229033532730744092,200000,0,0,0,1,1,0,0,0,0,180.521,200000,1452546,0,166882,33118,199998,15176,7716,15176,0,10545,233813,200000,33584,5407,176066,0,61783,138217,27751,0,2759,0,0,0,0,10379544,0,1,0,0,0,0,0,0,0,0,0,0,0,0,0,0,0,209.305,100.165,6.869,14.787,22.897,0.000,0.000,0.000,0.000,0.000,35.569,0.000,0.000,0.000,0.000,0.000,0.000,0.000,0.000,43.481,35.569,0.000,24.354,61.346,7.444,0.000,79.050,37.684,24.354,0.000,20,false,false,0,0,0.000,0.000,notRun,0,0,0,0,0,0,0,0,0,0,0,0,0,0,0.000,0.000,0.000,0.000,0.000,0.000,0.000,0.000,notRun,0,0,0,0,0,0,0,0,0,0,0,0,0,0,0.000,0.000,0.000,0.000,0.000,0.000,0.000,0.000,false,false,0,0,0.000,0.000,notRun,0,0,0,0,0,0,0,0,0,0,0,0,0,0,0.000,0.000,0.000,0.000,0.000,0.000,0.000,0.000,notRun,0,0,0,0,0,0,0,0,0,0,0,0,0,0,0.000,0.000,0.000,0.000,0.000,0.000,0.000,0.000,automatic,serialFullRefresh,none,incremental,fullAllCurrentEntries,notApplicable,1,1,33610,0,14.525,0.262,0.000,85010,7.723,14.787,automatic,serialFullRefresh,none,incremental,fullAllCurrentEntries,notApplicable,1,1,200000,0,41.829,1.652,0.000,91056,10.951,43.481,automatic,serialImmediate,none,incremental,notApplicable,incremental,1,1,33610,0,0.000,0.000,0.000,0,0.000,22.897,automatic,serialImmediate,none,incremental,notApplicable,incremental,1,1,200000,0,0.000,0.000,0.000,0,0.000,35.569,automatic,serialDirty,none,notApplicable,notApplicable,incremental,1,1,0,61783,0.000,0.000,0.000,0,0.000,24.354,dirtyRange,dirtyRange,none,notApplicable,notApplicable,incremental,1,1,0,27751,0.000,0.000,0.000,0,0.000,7.444
Classic CPU ROAM,0,0,4,RelWithDebInfo,OpenGL,NVIDIA GeForce RTX 5090 D/PCIe/SSE2,4.1.0 NVIDIA 591.86,false,assets/heightmaps/Hm_Terrain_Peking_513.png,547,547,600000,200000,1,48,64,0.762,19.780,4.334,19.553,-57.838,407.387,0.000,0.000,401.185,3,80.000,12.000,20,0.250,0.100,200000,false,true,false,true,false,automatic,automatic,automatic,automatic,automatic,automatic,0,0,0,0,0,32,160,0,both,49,7875227717369078677,13257489703289346144,9737631344837350734,5806748580413909727,13058811890126140084,200000,0,0,0,1,1,0,0,0,0,181.876,200000,1465556,0,167804,32196,199998,14510,7293,14510,0,12238,233790,200000,33664,5540,169718,0,59852,140148,27141,0,4898,0,0,0,0,10055136,0,1,0,0,0,0,0,0,0,0,0,0,0,0,0,0,0,211.780,99.167,6.712,14.875,22.386,0.000,0.000,0.000,0.000,0.000,34.951,0.000,0.000,0.000,0.000,0.000,0.000,0.000,0.000,43.785,34.951,0.000,23.676,65.396,7.218,0.000,78.735,37.261,23.676,0.000,20,false,false,0,0,0.000,0.000,notRun,0,0,0,0,0,0,0,0,0,0,0,0,0,0,0.000,0.000,0.000,0.000,0.000,0.000,0.000,0.000,notRun,0,0,0,0,0,0,0,0,0,0,0,0,0,0,0.000,0.000,0.000,0.000,0.000,0.000,0.000,0.000,false,false,0,0,0.000,0.000,notRun,0,0,0,0,0,0,0,0,0,0,0,0,0,0,0.000,0.000,0.000,0.000,0.000,0.000,0.000,0.000,notRun,0,0,0,0,0,0,0,0,0,0,0,0,0,0,0.000,0.000,0.000,0.000,0.000,0.000,0.000,0.000,automatic,serialFullRefresh,none,incremental,fullAllCurrentEntries,notApplicable,1,1,33584,0,14.611,0.264,0.000,82658,7.722,14.875,automatic,serialFullRefresh,none,incremental,fullAllCurrentEntries,notApplicable,1,1,200000,0,42.227,1.557,0.000,87060,10.660,43.785,automatic,serialImmediate,none,incremental,notApplicable,incremental,1,1,33584,0,0.000,0.000,0.000,0,0.000,22.386,automatic,serialImmediate,none,incremental,notApplicable,incremental,1,1,200000,0,0.000,0.000,0.000,0,0.000,34.951,automatic,serialDirty,none,notApplicable,notApplicable,incremental,1,1,0,59852,0.000,0.000,0.000,0,0.000,23.676,dirtyRange,dirtyRange,none,notApplicable,notApplicable,incremental,1,1,0,27141,0.000,0.000,0.000,0,0.000,7.218
Classic CPU ROAM,0,0,4,RelWithDebInfo,OpenGL,NVIDIA GeForce RTX 5090 D/PCIe/SSE2,4.1.0 NVIDIA 591.86,false,assets/heightmaps/Hm_Terrain_Peking_513.png,547,547,600000,200000,1,49,64,0.778,20.191,10.072,18.974,-57.119,410.953,0.000,0.000,421.854,3,80.000,12.000,20,0.250,0.100,200000,false,true,false,true,false,automatic,automatic,automatic,automatic,automatic,automatic,0,0,0,0,0,32,160,0,both,50,14516129738966518200,9618937876771584471,15250975710174378021,9853983161442693405,4498258487991048180,200000,0,0,0,1,1,0,0,0,0,199.191,200000,1478618,0,168331,31669,199998,14092,7098,14092,0,8881,233867,200000,33680,4909,163882,0,58524,141476,26874,0,1769,0,0,0,0,9832032,0,1,0,0,0,0,0,0,0,0,0,0,0,0,0,0,0,215.374,101.720,6.810,14.978,21.304,0.000,0.000,0.000,0.000,0.000,34.254,0.000,0.000,0.000,0.000,0.000,0.000,0.000,0.000,43.631,34.254,0.000,22.842,71.554,7.048,0.000,77.885,36.282,22.842,0.000,20,false,false,0,0,0.000,0.000,notRun,0,0,0,0,0,0,0,0,0,0,0,0,0,0,0.000,0.000,0.000,0.000,0.000,0.000,0.000,0.000,notRun,0,0,0,0,0,0,0,0,0,0,0,0,0,0,0.000,0.000,0.000,0.000,0.000,0.000,0.000,0.000,false,false,0,0,0.000,0.000,notRun,0,0,0,0,0,0,0,0,0,0,0,0,0,0,0.000,0.000,0.000,0.000,0.000,0.000,0.000,0.000,notRun,0,0,0,0,0,0,0,0,0,0,0,0,0,0,0.000,0.000,0.000,0.000,0.000,0.000,0.000,0.000,automatic,serialFullRefresh,none,incremental,fullAllCurrentEntries,notApplicable,1,1,33664,0,14.720,0.258,0.000,79330,7.763,14.978,automatic,serialFullRefresh,none,incremental,fullAllCurrentEntries,notApplicable,1,1,200000,0,41.999,1.632,0.000,84552,10.378,43.631,automatic,serialImmediate,none,incremental,notApplicable,incremental,1,1,33664,0,0.000,0.000,0.000,0,0.000,21.304,automatic,serialImmediate,none,incremental,notApplicable,incremental,1,1,200000,0,0.000,0.000,0.000,0,0.000,34.254,automatic,serialDirty,none,notApplicable,notApplicable,incremental,1,1,0,58524,0.000,0.000,0.000,0,0.000,22.842,dirtyRange,dirtyRange,none,notApplicable,notApplicable,incremental,1,1,0,26874,0.000,0.000,0.000,0,0.000,7.048
Classic CPU ROAM,0,0,4,RelWithDebInfo,OpenGL,NVIDIA GeForce RTX 5090 D/PCIe/SSE2,4.1.0 NVIDIA 591.86,false,assets/heightmaps/Hm_Terrain_Peking_513.png,547,547,600000,200000,1,50,64,0.794,20.623,15.709,18.436,-55.832,432.070,0.000,0.000,406.752,3,80.000,12.000,20,0.250,0.100,200000,false,true,false,true,false,automatic,automatic,automatic,automatic,automatic,automatic,0,0,0,0,0,32,160,0,both,51,4624788526026817210,3008041548493109848,12218100229106065782,10807794686108216961,9740759885869643506,200000,0,0,0,1,1,0,0,0,0,184.835,200000,1494856,0,165192,34808,199998,16102,8263,16102,0,9625,233804,200000,33363,4642,187191,0,62886,137114,27490,0,1336,0,0,0,0,10564848,0,1,0,0,0,0,0,0,0,0,0,0,0,0,0,0,0,214.046,97.880,6.846,14.933,23.117,0.000,0.000,0.000,0.000,0.000,38.986,0.000,0.000,0.000,0.000,0.000,0.000,0.000,0.000,43.939,38.986,0.000,25.763,60.459,7.597,0.000,82.925,38.050,25.763,0.000,20,false,false,0,0,0.000,0.000,notRun,0,0,0,0,0,0,0,0,0,0,0,0,0,0,0.000,0.000,0.000,0.000,0.000,0.000,0.000,0.000,notRun,0,0,0,0,0,0,0,0,0,0,0,0,0,0,0.000,0.000,0.000,0.000,0.000,0.000,0.000,0.000,false,false,0,0,0.000,0.000,notRun,0,0,0,0,0,0,0,0,0,0,0,0,0,0,0.000,0.000,0.000,0.000,0.000,0.000,0.000,0.000,notRun,0,0,0,0,0,0,0,0,0,0,0,0,0,0,0.000,0.000,0.000,0.000,0.000,0.000,0.000,0.000,automatic,serialFullRefresh,none,incremental,fullAllCurrentEntries,notApplicable,1,1,33680,0,14.650,0.283,0.000,90579,8.539,14.933,automatic,serialFullRefresh,none,incremental,fullAllCurrentEntries,notApplicable,1,1,200000,0,42.193,1.746,0.000,96612,11.698,43.939,automatic,serialImmediate,none,incremental,notApplicable,incremental,1,1,33680,0,0.000,0.000,0.000,0,0.000,23.117,automatic,serialImmediate,none,incremental,notApplicable,incremental,1,1,200000,0,0.000,0.000,0.000,0,0.000,38.986,automatic,serialDirty,none,notApplicable,notApplicable,incremental,1,1,0,62886,0.000,0.000,0.000,0,0.000,25.763,dirtyRange,dirtyRange,none,notApplicable,notApplicable,incremental,1,1,0,27490,0.000,0.000,0.000,0,0.000,7.597
Classic CPU ROAM,0,0,4,RelWithDebInfo,OpenGL,NVIDIA GeForce RTX 5090 D/PCIe/SSE2,4.1.0 NVIDIA 591.86,false,assets/heightmaps/Hm_Terrain_Peking_513.png,547,547,600000,200000,1,51,64,0.810,21.039,21.190,17.959,-53.991,416.491,0.000,0.000,408.800,3,80.000,12.000,20,0.250,0.100,200000,false,true,false,true,false,automatic,automatic,automatic,automatic,automatic,automatic,0,0,0,0,0,32,160,0,both,52,2717975667231973755,5431540550642941704,11869539816467471350,11101953347597980034,17038757225831236034,200000,0,0,0,1,1,0,0,0,0,179.595,200000,1514374,0,162529,37471,199998,17971,9136,17971,0,10771,233638,200000,33277,4528,208636,0,64979,135021,27554,0,1627,0,0,0,0,10916472,0,1,0,0,0,0,0,0,0,0,0,0,0,0,0,0,0,221.591,105.117,7.233,14.762,24.694,0.000,0.000,0.000,0.000,0.000,42.417,0.000,0.000,0.000,0.000,0.000,0.000,0.000,0.000,43.155,42.417,0.000,27.742,61.586,7.395,0.000,85.572,39.457,27.742,0.000,20,false,false,0,0,0.000,0.000,notRun,0,0,0,0,0,0,0,0,0,0,0,0,0,0,0.000,0.000,0.000,0.000,0.000,0.000,0.000,0.000,notRun,0,0,0,0,0,0,0,0,0,0,0,0,0,0,0.000,0.000,0.000,0.000,0.000,0.000,0.000,0.000,false,false,0,0,0.000,0.000,notRun,0,0,0,0,0,0,0,0,0,0,0,0,0,0,0.000,0.000,0.000,0.000,0.000,0.000,0.000,0.000,notRun,0,0,0,0,0,0,0,0,0,0,0,0,0,0,0.000,0.000,0.000,0.000,0.000,0.000,0.000,0.000,automatic,serialFullRefresh,none,incremental,fullAllCurrentEntries,notApplicable,1,1,33363,0,14.470,0.292,0.000,100810,9.479,14.762,automatic,serialFullRefresh,none,incremental,fullAllCurrentEntries,notApplicable,1,1,200000,0,41.515,1.640,0.000,107826,12.503,43.155,automatic,serialImmediate,none,incremental,notApplicable,incremental,1,1,33363,0,0.000,0.000,0.000,0,0.000,24.694,automatic,serialImmediate,none,incremental,notApplicable,incremental,1,1,200000,0,0.000,0.000,0.000,0,0.000,42.417,automatic,serialDirty,none,notApplicable,notApplicable,incremental,1,1,0,64979,0.000,0.000,0.000,0,0.000,27.742,dirtyRange,dirtyRange,none,notApplicable,notApplicable,incremental,1,1,0,27554,0.000,0.000,0.000,0,0.000,7.395
Classic CPU ROAM,0,0,4,RelWithDebInfo,OpenGL,NVIDIA GeForce RTX 5090 D/PCIe/SSE2,4.1.0 NVIDIA 591.86,false,assets/heightmaps/Hm_Terrain_Peking_513.png,547,547,600000,200000,1,52,64,0.825,21.458,26.460,17.564,-51.613,419.216,0.000,0.000,408.013,3,80.000,12.000,20,0.250,0.100,200000,false,true,false,true,false,automatic,automatic,automatic,automatic,automatic,automatic,0,0,0,0,0,32,160,0,both,53,13383574132570346014,11415814594753363039,12764079798955427945,7792899992017091332,10776500482527101165,200000,0,0,0,1,1,0,0,0,0,181.383,200000,1534184,0,163280,36720,199998,17601,8847,17601,0,11105,233584,200000,33237,4434,200822,0,64747,135253,27853,0,2257,0,0,0,0,10877496,0,1,0,0,0,0,0,0,0,0,0,0,0,0,0,0,0,218.885,101.458,8.032,14.805,23.516,0.000,0.000,0.000,0.000,0.000,40.860,0.000,0.000,0.000,0.000,0.000,0.000,0.000,0.000,43.264,40.860,0.000,27.320,61.086,7.536,0.000,84.124,38.321,27.320,0.000,20,false,false,0,0,0.000,0.000,notRun,0,0,0,0,0,0,0,0,0,0,0,0,0,0,0.000,0.000,0.000,0.000,0.000,0.000,0.000,0.000,notRun,0,0,0,0,0,0,0,0,0,0,0,0,0,0,0.000,0.000,0.000,0.000,0.000,0.000,0.000,0.000,false,false,0,0,0.000,0.000,notRun,0,0,0,0,0,0,0,0,0,0,0,0,0,0,0.000,0.000,0.000,0.000,0.000,0.000,0.000,0.000,notRun,0,0,0,0,0,0,0,0,0,0,0,0,0,0,0.000,0.000,0.000,0.000,0.000,0.000,0.000,0.000,automatic,serialFullRefresh,none,incremental,fullAllCurrentEntries,notApplicable,1,1,33277,0,14.511,0.294,0.000,95216,8.841,14.805,automatic,serialFullRefresh,none,incremental,fullAllCurrentEntries,notApplicable,1,1,200000,0,41.647,1.617,0.000,105606,12.107,43.264,automatic,serialImmediate,none,incremental,notApplicable,incremental,1,1,33277,0,0.000,0.000,0.000,0,0.000,23.516,automatic,serialImmediate,none,incremental,notApplicable,incremental,1,1,200000,0,0.000,0.000,0.000,0,0.000,40.860,automatic,serialDirty,none,notApplicable,notApplicable,incremental,1,1,0,64747,0.000,0.000,0.000,0,0.000,27.320,dirtyRange,dirtyRange,none,notApplicable,notApplicable,incremental,1,1,0,27853,0.000,0.000,0.000,0,0.000,7.536
Classic CPU ROAM,0,0,4,RelWithDebInfo,OpenGL,NVIDIA GeForce RTX 5090 D/PCIe/SSE2,4.1.0 NVIDIA 591.86,false,assets/heightmaps/Hm_Terrain_Peking_513.png,547,547,600000,200000,1,53,64,0.841,21.876,31.468,17.265,-48.722,417.969,0.000,0.000,409.565,3,80.000,12.000,20,0.250,0.100,200000,false,true,false,true,false,automatic,automatic,automatic,automatic,automatic,automatic,0,0,0,0,0,32,160,0,both,54,1580304990554943114,9922918741564438369,11299377438957458635,10262884149721314647,14616469546901186370,200000,0,0,0,1,1,0,0,0,0,180.091,200000,1551700,0,164969,35031,199998,16802,8469,16802,0,11451,233656,200000,33381,4470,194526,0,66448,133552,28585,0,2955,0,0,0,0,11163264,0,1,0,0,0,0,0,0,0,0,0,0,0,0,0,0,0,221.520,101.107,6.791,15.861,23.557,0.000,0.000,0.000,0.000,0.000,45.243,0.000,0.000,0.000,0.000,0.000,0.000,0.000,0.000,43.129,45.243,0.000,26.767,60.171,7.690,0.000,88.372,39.419,26.767,0.000,20,false,false,0,0,0.000,0.000,notRun,0,0,0,0,0,0,0,0,0,0,0,0,0,0,0.000,0.000,0.000,0.000,0.000,0.000,0.000,0.000,notRun,0,0,0,0,0,0,0,0,0,0,0,0,0,0,0.000,0.000,0.000,0.000,0.000,0.000,0.000,0.000,false,false,0,0,0.000,0.000,notRun,0,0,0,0,0,0,0,0,0,0,0,0,0,0,0.000,0.000,0.000,0.000,0.000,0.000,0.000,0.000,notRun,0,0,0,0,0,0,0,0,0,0,0,0,0,0,0.000,0.000,0.000,0.000,0.000,0.000,0.000,0.000,automatic,serialFullRefresh,none,incremental,fullAllCurrentEntries,notApplicable,1,1,33237,0,15.537,0.324,0.000,93714,9.293,15.861,automatic,serialFullRefresh,none,incremental,fullAllCurrentEntries,notApplicable,1,1,200000,0,41.491,1.639,0.000,100812,13.147,43.129,automatic,serialImmediate,none,incremental,notApplicable,incremental,1,1,33237,0,0.000,0.000,0.000,0,0.000,23.557,automatic,serialImmediate,none,incremental,notApplicable,incremental,1,1,200000,0,0.000,0.000,0.000,0,0.000,45.243,automatic,serialDirty,none,notApplicable,notApplicable,incremental,1,1,0,66448,0.000,0.000,0.000,0,0.000,26.767,dirtyRange,dirtyRange,none,notApplicable,notApplicable,incremental,1,1,0,28585,0.000,0.000,0.000,0,0.000,7.690
Classic CPU ROAM,0,0,4,RelWithDebInfo,OpenGL,NVIDIA GeForce RTX 5090 D/PCIe/SSE2,4.1.0 NVIDIA 591.86,false,assets/heightmaps/Hm_Terrain_Peking_513.png,547,547,600000,200000,1,54,64,0.857,22.296,36.162,17.075,-45.346,419.675,0.000,0.000,417.497,3,80.000,12.000,20,0.250,0.100,200000,false,true,false,true,false,automatic,automatic,automatic,automatic,automatic,automatic,0,0,0,0,0,32,160,0,both,55,7640739004756412505,7309046668467611194,13233218095478895300,4758323082569551632,17497705209897025484,200000,0,0,0,1,1,0,0,0,0,183.173,200000,1565178,0,165183,34817,199998,16670,8438,16670,0,11299,233849,200000,33498,4914,193821,0,66388,133612,28963,0,2862,0,0,0,0,11153184,0,1,0,0,0,0,0,0,0,0,0,0,0,0,0,0,0,226.326,99.165,6.694,17.089,27.126,0.000,0.000,0.000,0.000,0.000,46.957,0.000,0.000,0.000,0.000,0.000,0.000,0.000,0.000,42.057,46.957,0.000,26.508,59.894,7.760,0.000,89.014,44.214,26.508,0.000,20,false,false,0,0,0.000,0.000,notRun,0,0,0,0,0,0,0,0,0,0,0,0,0,0,0.000,0.000,0.000,0.000,0.000,0.000,0.000,0.000,notRun,0,0,0,0,0,0,0,0,0,0,0,0,0,0,0.000,0.000,0.000,0.000,0.000,0.000,0.000,0.000,false,false,0,0,0.000,0.000,notRun,0,0,0,0,0,0,0,0,0,0,0,0,0,0,0.000,0.000,0.000,0.000,0.000,0.000,0.000,0.000,notRun,0,0,0,0,0,0,0,0,0,0,0,0,0,0,0.000,0.000,0.000,0.000,0.000,0.000,0.000,0.000,automatic,serialFullRefresh,none,incremental,fullAllCurrentEntries,notApplicable,1,1,33381,0,16.612,0.477,0.000,93801,9.939,17.089,automatic,serialFullRefresh,none,incremental,fullAllCurrentEntries,notApplicable,1,1,200000,0,40.427,1.630,0.000,100020,13.332,42.057,automatic,serialImmediate,none,incremental,notApplicable,incremental,1,1,33381,0,0.000,0.000,0.000,0,0.000,27.126,automatic,serialImmediate,none,incremental,notApplicable,incremental,1,1,200000,0,0.000,0.000,0.000,0,0.000,46.957,automatic,serialDirty,none,notApplicable,notApplicable,incremental,1,1,0,66388,0.000,0.000,0.000,0,0.000,26.508,dirtyRange,dirtyRange,none,notApplicable,notApplicable,incremental,1,1,0,28963,0.000,0.000,0.000,0,0.000,7.760
Classic CPU ROAM,0,0,4,RelWithDebInfo,OpenGL,NVIDIA GeForce RTX 5090 D/PCIe/SSE2,4.1.0 NVIDIA 591.86,false,assets/heightmaps/Hm_Terrain_Peking_513.png,547,547,600000,200000,1,55,64,0.873,22.724,40.498,17.001,-41.520,428.194,0.000,0.000,413.642,3,80.000,12.000,20,0.250,0.100,200000,false,true,false,true,false,automatic,automatic,automatic,automatic,automatic,automatic,0,0,0,0,0,32,160,0,both,56,10043160010472302083,9605223092137381235,13660230550454375333,15825790280935282699,3241115206792746625,200000,0,0,0,1,1,0,0,0,0,185.101,200000,1576172,0,164407,35593,199998,16899,8576,16899,0,12486,233815,200000,33558,5850,194450,0,66427,133573,29206,0,3891,0,0,0,0,11159736,0,1,0,0,0,0,0,0,0,0,0,0,0,0,0,0,0,220.462,100.128,6.969,13.784,25.750,0.000,0.000,0.000,0.000,0.000,43.546,0.000,0.000,0.000,0.000,0.000,0.000,0.000,0.000,42.507,43.546,0.000,27.504,60.400,7.845,0.000,86.053,39.534,27.504,0.000,20,false,false,0,0,0.000,0.000,notRun,0,0,0,0,0,0,0,0,0,0,0,0,0,0,0.000,0.000,0.000,0.000,0.000,0.000,0.000,0.000,notRun,0,0,0,0,0,0,0,0,0,0,0,0,0,0,0.000,0.000,0.000,0.000,0.000,0.000,0.000,0.000,false,false,0,0,0.000,0.000,notRun,0,0,0,0,0,0,0,0,0,0,0,0,0,0,0.000,0.000,0.000,0.000,0.000,0.000,0.000,0.000,notRun,0,0,0,0,0,0,0,0,0,0,0,0,0,0,0.000,0.000,0.000,0.000,0.000,0.000,0.000,0.000,automatic,serialFullRefresh,none,incremental,fullAllCurrentEntries,notApplicable,1,1,33498,0,13.361,0.423,0.000,93056,8.658,13.784,automatic,serialFullRefresh,none,incremental,fullAllCurrentEntries,notApplicable,1,1,200000,0,40.927,1.580,0.000,101394,12.460,42.507,automatic,serialImmediate,none,incremental,notApplicable,incremental,1,1,33498,0,0.000,0.000,0.000,0,0.000,25.750,automatic,serialImmediate,none,incremental,notApplicable,incremental,1,1,200000,0,0.000,0.000,0.000,0,0.000,43.546,automatic,serialDirty,none,notApplicable,notApplicable,incremental,1,1,0,66427,0.000,0.000,0.000,0,0.000,27.504,dirtyRange,dirtyRange,none,notApplicable,notApplicable,incremental,1,1,0,29206,0.000,0.000,0.000,0,0.000,7.845
Classic CPU ROAM,0,0,4,RelWithDebInfo,OpenGL,NVIDIA GeForce RTX 5090 D/PCIe/SSE2,4.1.0 NVIDIA 591.86,false,assets/heightmaps/Hm_Terrain_Peking_513.png,547,547,600000,200000,1,56,64,0.889,23.148,44.431,17.046,-37.282,424.079,0.000,0.000,418.111,3,80.000,12.000,20,0.250,0.100,200000,false,true,false,true,false,automatic,automatic,automatic,automatic,automatic,automatic,0,0,0,0,0,32,160,0,both,57,10489926895760994281,2991304471034850643,15320526172865684881,2165207472236880897,4634311126509484066,200000,0,0,0,1,1,0,0,0,0,184.921,200000,1586108,0,162529,37471,199998,18110,9206,18110,0,12596,233670,200000,33445,6414,204891,0,67642,132358,29578,0,3345,0,0,0,0,11363856,0,1,0,0,0,0,0,0,0,0,0,0,0,0,0,0,0,225.070,102.857,6.937,14.831,27.963,0.000,0.000,0.000,0.000,0.000,42.660,0.000,0.000,0.000,0.000,0.000,0.000,0.000,0.000,42.507,42.660,0.000,28.972,61.199,7.884,0.000,85.167,42.795,28.972,0.000,20,false,false,0,0,0.000,0.000,notRun,0,0,0,0,0,0,0,0,0,0,0,0,0,0,0.000,0.000,0.000,0.000,0.000,0.000,0.000,0.000,notRun,0,0,0,0,0,0,0,0,0,0,0,0,0,0,0.000,0.000,0.000,0.000,0.000,0.000,0.000,0.000,false,false,0,0,0.000,0.000,notRun,0,0,0,0,0,0,0,0,0,0,0,0,0,0,0.000,0.000,0.000,0.000,0.000,0.000,0.000,0.000,notRun,0,0,0,0,0,0,0,0,0,0,0,0,0,0,0.000,0.000,0.000,0.000,0.000,0.000,0.000,0.000,automatic,serialFullRefresh,none,incremental,fullAllCurrentEntries,notApplicable,1,1,33558,0,14.519,0.312,0.000,96231,8.748,14.831,automatic,serialFullRefresh,none,incremental,fullAllCurrentEntries,notApplicable,1,1,200000,0,40.767,1.740,0.000,108660,13.352,42.507,automatic,serialImmediate,none,incremental,notApplicable,incremental,1,1,33558,0,0.000,0.000,0.000,0,0.000,27.963,automatic,serialImmediate,none,incremental,notApplicable,incremental,1,1,200000,0,0.000,0.000,0.000,0,0.000,42.660,automatic,serialDirty,none,notApplicable,notApplicable,incremental,1,1,0,67642,0.000,0.000,0.000,0,0.000,28.972,dirtyRange,dirtyRange,none,notApplicable,notApplicable,incremental,1,1,0,29578,0.000,0.000,0.000,0,0.000,7.884
Classic CPU ROAM,0,0,4,RelWithDebInfo,OpenGL,NVIDIA GeForce RTX 5090 D/PCIe/SSE2,4.1.0 NVIDIA 591.86,false,assets/heightmaps/Hm_Terrain_Peking_513.png,547,547,600000,200000,1,57,64,0.905,23.577,47.922,17.207,-32.673,428.431,0.000,0.000,418.431,3,80.000,12.000,20,0.250,0.100,200000,false,true,false,true,false,automatic,automatic,automatic,automatic,automatic,automatic,0,0,0,0,0,32,160,0,both,58,3640679193703727146,14931035836366094131,8782637290810732841,1011084393964165441,10819543546728440841,200000,0,0,0,1,1,0,0,0,0,185.464,200000,1595956,0,162156,37844,199998,17926,9041,17926,0,12232,233810,200000,33598,5648,206245,0,69761,130239,30045,0,3127,0,0,0,0,11719848,0,1,0,0,0,0,0,0,0,0,0,0,0,0,0,0,0,224.660,99.016,6.832,14.764,25.376,0.000,0.000,0.000,0.000,0.000,44.297,0.000,0.000,0.000,0.000,0.000,0.000,0.000,0.000,42.233,44.297,0.000,29.022,62.133,8.077,0.000,86.530,40.141,29.022,0.000,20,false,false,0,0,0.000,0.000,notRun,0,0,0,0,0,0,0,0,0,0,0,0,0,0,0.000,0.000,0.000,0.000,0.000,0.000,0.000,0.000,notRun,0,0,0,0,0,0,0,0,0,0,0,0,0,0,0.000,0.000,0.000,0.000,0.000,0.000,0.000,0.000,false,false,0,0,0.000,0.000,notRun,0,0,0,0,0,0,0,0,0,0,0,0,0,0,0.000,0.000,0.000,0.000,0.000,0.000,0.000,0.000,notRun,0,0,0,0,0,0,0,0,0,0,0,0,0,0,0.000,0.000,0.000,0.000,0.000,0.000,0.000,0.000,automatic,serialFullRefresh,none,incremental,fullAllCurrentEntries,notApplicable,1,1,33445,0,14.474,0.290,0.000,98689,9.357,14.764,automatic,serialFullRefresh,none,incremental,fullAllCurrentEntries,notApplicable,1,1,200000,0,40.591,1.641,0.000,107556,13.149,42.233,automatic,serialImmediate,none,incremental,notApplicable,incremental,1,1,33445,0,0.000,0.000,0.000,0,0.000,25.376,automatic,serialImmediate,none,incremental,notApplicable,incremental,1,1,200000,0,0.000,0.000,0.000,0,0.000,44.297,automatic,serialDirty,none,notApplicable,notApplicable,incremental,1,1,0,69761,0.000,0.000,0.000,0,0.000,29.022,dirtyRange,dirtyRange,none,notApplicable,notApplicable,incremental,1,1,0,30045,0.000,0.000,0.000,0,0.000,8.077
Classic CPU ROAM,0,0,4,RelWithDebInfo,OpenGL,NVIDIA GeForce RTX 5090 D/PCIe/SSE2,4.1.0 NVIDIA 591.86,false,assets/heightmaps/Hm_Terrain_Peking_513.png,547,547,600000,200000,1,58,64,0.921,24.006,50.937,17.480,-27.739,429.037,0.000,0.000,407.692,3,80.000,12.000,20,0.250,0.100,200000,false,true,false,true,false,automatic,automatic,automatic,automatic,automatic,automatic,0,0,0,0,0,32,160,0,both,59,16456659559126933123,2939512850328083782,3999098198439707140,5397616923161460118,11478518909909553113,200000,0,0,0,1,1,0,0,0,0,183.599,200000,1604498,0,164775,35225,199998,15972,8097,15972,0,10559,233983,200000,33776,5160,189504,0,67952,132048,30218,0,2440,0,0,0,0,11415936,0,1,0,0,0,0,0,0,0,0,0,0,0,0,0,0,0,215.861,101.661,7.637,13.587,23.799,0.000,0.000,0.000,0.000,0.000,40.432,0.000,0.000,0.000,0.000,0.000,0.000,0.000,0.000,42.049,40.432,0.000,26.387,61.968,8.013,0.000,82.481,37.386,26.387,0.000,20,false,false,0,0,0.000,0.000,notRun,0,0,0,0,0,0,0,0,0,0,0,0,0,0,0.000,0.000,0.000,0.000,0.000,0.000,0.000,0.000,notRun,0,0,0,0,0,0,0,0,0,0,0,0,0,0,0.000,0.000,0.000,0.000,0.000,0.000,0.000,0.000,false,false,0,0,0.000,0.000,notRun,0,0,0,0,0,0,0,0,0,0,0,0,0,0,0.000,0.000,0.000,0.000,0.000,0.000,0.000,0.000,notRun,0,0,0,0,0,0,0,0,0,0,0,0,0,0,0.000,0.000,0.000,0.000,0.000,0.000,0.000,0.000,automatic,serialFullRefresh,none,incremental,fullAllCurrentEntries,notApplicable,1,1,33598,0,13.306,0.281,0.000,93672,9.287,13.587,automatic,serialFullRefresh,none,incremental,fullAllCurrentEntries,notApplicable,1,1,200000,0,40.436,1.613,0.000,95832,12.146,42.049,automatic,serialImmediate,none,incremental,notApplicable,incremental,1,1,33598,0,0.000,0.000,0.000,0,0.000,23.799,automatic,serialImmediate,none,incremental,notApplicable,incremental,1,1,200000,0,0.000,0.000,0.000,0,0.000,40.432,automatic,serialDirty,none,notApplicable,notApplicable,incremental,1,1,0,67952,0.000,0.000,0.000,0,0.000,26.387,dirtyRange,dirtyRange,none,notApplicable,notApplicable,incremental,1,1,0,30218,0.000,0.000,0.000,0,0.000,8.013
Classic CPU ROAM,0,0,4,RelWithDebInfo,OpenGL,NVIDIA GeForce RTX 5090 D/PCIe/SSE2,4.1.0 NVIDIA 591.86,false,assets/heightmaps/Hm_Terrain_Peking_513.png,547,547,600000,200000,1,59,64,0.937,24.424,53.446,17.852,-22.529,418.467,0.000,0.000,398.507,3,80.000,12.000,20,0.250,0.100,200000,false,true,false,true,false,automatic,automatic,automatic,automatic,automatic,automatic,0,0,0,0,0,32,160,0,both,60,8331262008288669219,3769314798835084249,8482777898488438687,10367284481961459862,14770460149585646933,200000,0,0,0,1,1,0,0,0,0,185.815,200000,1610400,0,168968,31032,199998,14004,7137,14004,0,9815,233963,200000,33635,4676,164499,0,62402,137598,28954,0,2639,0,0,0,0,10483536,0,1,0,0,0,0,0,0,0,0,0,0,0,0,0,0,0,204.756,99.964,6.851,15.208,21.275,0.000,0.000,0.000,0.000,0.000,34.644,0.000,0.000,0.000,0.000,0.000,0.000,0.000,0.000,42.448,34.644,0.000,23.125,61.203,7.674,0.000,77.092,36.483,23.125,0.000,20,false,false,0,0,0.000,0.000,notRun,0,0,0,0,0,0,0,0,0,0,0,0,0,0,0.000,0.000,0.000,0.000,0.000,0.000,0.000,0.000,notRun,0,0,0,0,0,0,0,0,0,0,0,0,0,0,0.000,0.000,0.000,0.000,0.000,0.000,0.000,0.000,false,false,0,0,0.000,0.000,notRun,0,0,0,0,0,0,0,0,0,0,0,0,0,0,0.000,0.000,0.000,0.000,0.000,0.000,0.000,0.000,notRun,0,0,0,0,0,0,0,0,0,0,0,0,0,0,0.000,0.000,0.000,0.000,0.000,0.000,0.000,0.000,automatic,serialFullRefresh,none,incremental,fullAllCurrentEntries,notApplicable,1,1,33776,0,14.916,0.292,0.000,80475,7.767,15.208,automatic,serialFullRefresh,none,incremental,fullAllCurrentEntries,notApplicable,1,1,200000,0,40.799,1.650,0.000,84024,10.606,42.448,automatic,serialImmediate,none,incremental,notApplicable,incremental,1,1,33776,0,0.000,0.000,0.000,0,0.000,21.275,automatic,serialImmediate,none,incremental,notApplicable,incremental,1,1,200000,0,0.000,0.000,0.000,0,0.000,34.644,automatic,serialDirty,none,notApplicable,notApplicable,incremental,1,1,0,62402,0.000,0.000,0.000,0,0.000,23.125,dirtyRange,dirtyRange,none,notApplicable,notApplicable,incremental,1,1,0,28954,0.000,0.000,0.000,0,0.000,7.674
Classic CPU ROAM,0,0,4,RelWithDebInfo,OpenGL,NVIDIA GeForce RTX 5090 D/PCIe/SSE2,4.1.0 NVIDIA 591.86,false,assets/heightmaps/Hm_Terrain_Peking_513.png,547,547,600000,200000,1,60,64,0.952,24.833,55.423,18.310,-17.096,408.797,0.000,0.000,400.601,3,80.000,12.000,20,0.250,0.100,200000,false,true,false,true,false,automatic,automatic,automatic,automatic,automatic,automatic,0,0,0,0,0,32,160,0,both,61,13343772191717118949,14069151452979917280,891199421083777342,13114021429464446957,9792374462707050516,200000,0,0,0,1,1,0,0,0,0,182.225,200000,1613728,0,166571,33429,199998,15077,7673,15077,0,10130,233914,200000,33628,5206,177259,0,61085,138915,29201,0,2412,0,0,0,0,10262280,0,1,0,0,0,0,0,0,0,0,0,0,0,0,0,0,0,210.431,99.434,7.375,14.680,22.380,0.000,0.000,0.000,0.000,0.000,36.548,0.000,0.000,0.000,0.000,0.000,0.000,0.000,0.000,42.293,36.548,0.000,24.574,62.579,7.688,0.000,78.841,37.061,24.574,0.000,20,false,false,0,0,0.000,0.000,notRun,0,0,0,0,0,0,0,0,0,0,0,0,0,0,0.000,0.000,0.000,0.000,0.000,0.000,0.000,0.000,notRun,0,0,0,0,0,0,0,0,0,0,0,0,0,0,0.000,0.000,0.000,0.000,0.000,0.000,0.000,0.000,false,false,0,0,0.000,0.000,notRun,0,0,0,0,0,0,0,0,0,0,0,0,0,0,0.000,0.000,0.000,0.000,0.000,0.000,0.000,0.000,notRun,0,0,0,0,0,0,0,0,0,0,0,0,0,0,0.000,0.000,0.000,0.000,0.000,0.000,0.000,0.000,automatic,serialFullRefresh,none,incremental,fullAllCurrentEntries,notApplicable,1,1,33635,0,14.418,0.262,0.000,86797,8.206,14.680,automatic,serialFullRefresh,none,incremental,fullAllCurrentEntries,notApplicable,1,1,200000,0,40.722,1.571,0.000,90462,11.355,42.293,automatic,serialImmediate,none,incremental,notApplicable,incremental,1,1,33635,0,0.000,0.000,0.000,0,0.000,22.380,automatic,serialImmediate,none,incremental,notApplicable,incremental,1,1,200000,0,0.000,0.000,0.000,0,0.000,36.548,automatic,serialDirty,none,notApplicable,notApplicable,incremental,1,1,0,61085,0.000,0.000,0.000,0,0.000,24.574,dirtyRange,dirtyRange,none,notApplicable,notApplicable,incremental,1,1,0,29201,0.000,0.000,0.000,0,0.000,7.688
Classic CPU ROAM,0,0,4,RelWithDebInfo,OpenGL,NVIDIA GeForce RTX 5090 D/PCIe/SSE2,4.1.0 NVIDIA 591.86,false,assets/heightmaps/Hm_Terrain_Peking_513.png,547,547,600000,200000,1,61,64,0.968,25.244,56.850,18.835,-11.492,410.940,0.000,0.000,400.312,3,80.000,12.000,20,0.250,0.100,200000,false,true,false,true,false,automatic,automatic,automatic,automatic,automatic,automatic,0,0,0,0,0,32,160,0,both,62,8372586506375347726,14119568360212279838,14426469115822831624,17934462993234615333,14359339353071339021,200000,0,0,0,1,1,0,0,0,0,183.346,200000,1616268,0,165500,34500,199998,15566,7957,15566,0,11036,233818,200000,33577,5724,181255,0,64317,135683,30351,0,3031,0,0,0,0,10805256,0,1,0,0,0,0,0,0,0,0,0,0,0,0,0,0,0,208.758,99.563,6.826,13.410,23.754,0.000,0.000,0.000,0.000,0.000,37.545,0.000,0.000,0.000,0.000,0.000,0.000,0.000,0.000,42.335,37.545,0.000,25.183,59.704,7.876,0.000,79.880,37.164,25.183,0.000,20,false,false,0,0,0.000,0.000,notRun,0,0,0,0,0,0,0,0,0,0,0,0,0,0,0.000,0.000,0.000,0.000,0.000,0.000,0.000,0.000,notRun,0,0,0,0,0,0,0,0,0,0,0,0,0,0,0.000,0.000,0.000,0.000,0.000,0.000,0.000,0.000,false,false,0,0,0.000,0.000,notRun,0,0,0,0,0,0,0,0,0,0,0,0,0,0,0.000,0.000,0.000,0.000,0.000,0.000,0.000,0.000,notRun,0,0,0,0,0,0,0,0,0,0,0,0,0,0,0.000,0.000,0.000,0.000,0.000,0.000,0.000,0.000,automatic,serialFullRefresh,none,incremental,fullAllCurrentEntries,notApplicable,1,1,33628,0,13.146,0.264,0.000,87859,8.328,13.410,automatic,serialFullRefresh,none,incremental,fullAllCurrentEntries,notApplicable,1,1,200000,0,40.701,1.634,0.000,93396,11.511,42.335,automatic,serialImmediate,none,incremental,notApplicable,incremental,1,1,33628,0,0.000,0.000,0.000,0,0.000,23.754,automatic,serialImmediate,none,incremental,notApplicable,incremental,1,1,200000,0,0.000,0.000,0.000,0,0.000,37.545,automatic,serialDirty,none,notApplicable,notApplicable,incremental,1,1,0,64317,0.000,0.000,0.000,0,0.000,25.183,dirtyRange,dirtyRange,none,notApplicable,notApplicable,incremental,1,1,0,30351,0.000,0.000,0.000,0,0.000,7.876
Classic CPU ROAM,0,0,4,RelWithDebInfo,OpenGL,NVIDIA GeForce RTX 5090 D/PCIe/SSE2,4.1.0 NVIDIA 591.86,false,assets/heightmaps/Hm_Terrain_Peking_513.png,547,547,600000,200000,1,62,64,0.984,25.655,57.712,19.406,-5.775,411.050,0.000,0.000,411.990,3,80.000,12.000,20,0.250,0.100,200000,false,true,false,true,false,automatic,automatic,automatic,automatic,automatic,automatic,0,0,0,0,0,32,160,0,both,63,15462728897452778546,8145734515516221240,4795982067226492978,6556562284743222332,2373929567024298828,200000,0,0,0,1,1,0,0,0,0,188.453,200000,1618212,0,164729,35271,199998,15775,8075,15775,0,11289,233768,200000,33553,6164,183484,0,65507,134493,30601,0,3117,0,0,0,0,11005176,0,1,0,0,0,0,0,0,0,0,0,0,0,0,0,0,0,215.325,100.582,7.917,14.809,24.350,0.000,0.000,0.000,0.000,0.000,38.775,0.000,0.000,0.000,0.000,0.000,0.000,0.000,0.000,42.633,38.775,0.000,25.767,61.072,8.020,0.000,81.408,39.159,25.767,0.000,20,false,false,0,0,0.000,0.000,notRun,0,0,0,0,0,0,0,0,0,0,0,0,0,0,0.000,0.000,0.000,0.000,0.000,0.000,0.000,0.000,notRun,0,0,0,0,0,0,0,0,0,0,0,0,0,0,0.000,0.000,0.000,0.000,0.000,0.000,0.000,0.000,false,false,0,0,0.000,0.000,notRun,0,0,0,0,0,0,0,0,0,0,0,0,0,0,0.000,0.000,0.000,0.000,0.000,0.000,0.000,0.000,notRun,0,0,0,0,0,0,0,0,0,0,0,0,0,0,0.000,0.000,0.000,0.000,0.000,0.000,0.000,0.000,automatic,serialFullRefresh,none,incremental,fullAllCurrentEntries,notApplicable,1,1,33577,0,14.556,0.253,0.000,88834,8.334,14.809,automatic,serialFullRefresh,none,incremental,fullAllCurrentEntries,notApplicable,1,1,200000,0,41.081,1.552,0.000,94650,11.894,42.633,automatic,serialImmediate,none,incremental,notApplicable,incremental,1,1,33577,0,0.000,0.000,0.000,0,0.000,24.350,automatic,serialImmediate,none,incremental,notApplicable,incremental,1,1,200000,0,0.000,0.000,0.000,0,0.000,38.775,automatic,serialDirty,none,notApplicable,notApplicable,incremental,1,1,0,65507,0.000,0.000,0.000,0,0.000,25.767,dirtyRange,dirtyRange,none,notApplicable,notApplicable,incremental,1,1,0,30601,0.000,0.000,0.000,0,0.000,8.020
Classic CPU ROAM,0,0,4,RelWithDebInfo,OpenGL,NVIDIA GeForce RTX 5090 D/PCIe/SSE2,4.1.0 NVIDIA 591.86,false,assets/heightmaps/Hm_Terrain_Peking_513.png,547,547,600000,200000,1,63,64,1.000,26.078,58.000,20.000,0.000,422.769,0.000,0.000,429.264,3,80.000,12.000,20,0.250,0.100,200000,false,true,false,true,false,automatic,automatic,automatic,automatic,automatic,automatic,0,0,0,0,0,32,160,0,both,64,9284411679429003475,16565719601786175302,17501515389035867340,5890957517759327051,4689295398733777415,200000,0,0,0,1,1,0,0,0,0,179.809,200000,1618212,0,167505,32495,199998,14237,7228,14237,0,11225,233858,200000,33558,5847,168875,0,62160,137840,29725,0,3984,0,0,0,0,10442880,0,1,0,0,0,0,0,0,0,0,0,0,0,0,0,0,0,241.345,126.105,8.621,21.379,24.638,0.000,0.000,0.000,0.000,0.000,36.904,0.000,0.000,0.000,0.000,0.000,0.000,0.000,0.000,65.806,36.904,0.000,23.306,60.688,7.920,0.000,102.711,46.017,23.306,0.000,20,false,false,0,0,0.000,0.000,notRun,0,0,0,0,0,0,0,0,0,0,0,0,0,0,0.000,0.000,0.000,0.000,0.000,0.000,0.000,0.000,notRun,0,0,0,0,0,0,0,0,0,0,0,0,0,0,0.000,0.000,0.000,0.000,0.000,0.000,0.000,0.000,false,false,0,0,0.000,0.000,notRun,0,0,0,0,0,0,0,0,0,0,0,0,0,0,0.000,0.000,0.000,0.000,0.000,0.000,0.000,0.000,notRun,0,0,0,0,0,0,0,0,0,0,0,0,0,0,0.000,0.000,0.000,0.000,0.000,0.000,0.000,0.000,automatic,serialFullRefresh,none,incremental,fullAllCurrentEntries,notApplicable,1,1,33553,0,20.955,0.424,0.000,83453,8.224,21.379,automatic,serialFullRefresh,none,incremental,fullAllCurrentEntries,notApplicable,1,1,200000,0,63.175,2.631,0.000,85422,11.639,65.806,automatic,serialImmediate,none,incremental,notApplicable,incremental,1,1,33553,0,0.000,0.000,0.000,0,0.000,24.638,automatic,serialImmediate,none,incremental,notApplicable,incremental,1,1,200000,0,0.000,0.000,0.000,0,0.000,36.904,automatic,serialDirty,none,notApplicable,notApplicable,incremental,1,1,0,62160,0.000,0.000,0.000,0,0.000,23.306,dirtyRange,dirtyRange,none,notApplicable,notApplicable,incremental,1,1,0,29725,0.000,0.000,0.000,0,0.000,7.920
Data-Oriented CPU ROAM,1,0,4,RelWithDebInfo,OpenGL,NVIDIA GeForce RTX 5090 D/PCIe/SSE2,4.1.0 NVIDIA 591.86,false,assets/heightmaps/Hm_Terrain_Peking_513.png,547,547,599997,199999,1,0,64,0.000,0.000,58.000,20.000,0.000,646.755,0.000,0.000,601.476,3,80.000,12.000,20,0.250,0.100,200000,false,true,false,true,false,automatic,automatic,automatic,automatic,automatic,automatic,0,0,0,0,0,32,160,0,both,1,14098304620420485230,5977180557121830227,17573036779925616676,4572731874036087188,5677462786853086169,200000,0,0,0,1,1,0,0,0,0,108.733,199999,399996,0,0,199999,199997,199997,99941,0,0,99942,233557,199999,33558,0,1369733,1,199999,0,1,1,1,0,0,0,0,33599832,0,8,160,0,160,0,0,0,0,0,0,1,0,0,0,0,0,489.333,120.156,94.973,0.000,0.006,0.000,0.000,0.000,0.000,0.000,342.784,0.001,0.000,0.000,0.000,0.000,0.000,0.000,0.000,0.000,342.785,0.000,19.228,32.340,3.265,0.000,342.785,0.006,19.228,0.000,20,false,false,0,0,0.000,0.000,notRun,0,0,0,0,0,0,0,0,0,0,0,0,0,0,0.000,0.000,0.000,0.000,0.000,0.000,0.000,0.000,notRun,0,0,0,0,0,0,0,0,0,0,0,0,0,0,0.000,0.000,0.000,0.000,0.000,0.000,0.000,0.000,false,false,0,0,0.000,0.000,notRun,0,0,0,0,0,0,0,0,0,0,0,0,0,0,0.000,0.000,0.000,0.000,0.000,0.000,0.000,0.000,notRun,0,0,0,0,0,0,0,0,0,0,0,0,0,0,0.000,0.000,0.000,0.000,0.000,0.000,0.000,0.000,automatic,serialFullRefresh,noWork,incremental,fullAllCurrentEntries,notApplicable,0,0,0,0,0.000,0.000,0.000,769742,28.680,0.000,automatic,serialFullRefresh,belowParallelThreshold,incremental,fullAllCurrentEntries,notApplicable,0,1,2,0,0.000,0.000,0.000,599991,105.750,0.000,automatic,serialImmediate,noWork,incremental,notApplicable,incremental,0,1,0,0,0.000,0.000,0.000,0,0.000,0.002,serialImmediate,serialImmediate,none,incremental,notApplicable,incremental,1,1,2,0,0.000,0.000,0.000,0,0.000,342.784,automatic,parallelDirty,none,notApplicable,notApplicable,full,0,8,0,199999,0.000,0.000,0.000,0,0.000,19.228,fullBuffer,fullBuffer,none,notApplicable,notApplicable,full,1,1,0,1,0.000,0.000,0.000,0,0.000,3.265
Data-Oriented CPU ROAM,1,0,4,RelWithDebInfo,OpenGL,NVIDIA GeForce RTX 5090 D/PCIe/SSE2,4.1.0 NVIDIA 591.86,false,assets/heightmaps/Hm_Terrain_Peking_513.png,547,547,599997,199999,1,1,64,0.016,0.606,57.712,20.594,5.775,606.349,0.000,0.000,254.895,3,80.000,12.000,20,0.250,0.100,200000,false,true,false,true,false,automatic,automatic,automatic,automatic,automatic,automatic,0,0,0,0,0,32,160,0,both,2,8659342411541577262,10138580484592569624,6974023681053322935,17938350964135252007,8980536802231160320,200000,0,0,0,1,1,0,0,0,0,128.033,199999,427214,0,169611,30388,199997,13609,6871,13609,0,9628,233748,199999,33614,5942,159076,0,199999,0,1,5943,5943,0,0,0,0,33599832,0,8,160,0,160,0,0,0,0,297,5,5,594,0,0,297,15,123.456,111.783,6.990,2.740,20.984,0.000,0.000,0.000,0.000,0.000,37.564,0.083,0.326,0.156,0.002,1.380,18.988,0.000,0.000,7.598,37.568,0.000,18.848,28.729,3.272,0.000,62.971,23.724,18.848,0.000,20,false,false,0,0,0.000,0.000,notRun,0,0,0,0,0,0,0,0,0,0,0,0,0,0,0.000,0.000,0.000,0.000,0.000,0.000,0.000,0.000,notRun,0,0,0,0,0,0,0,0,0,0,0,0,0,0,0.000,0.000,0.000,0.000,0.000,0.000,0.000,0.000,false,false,0,0,0.000,0.000,notRun,0,0,0,0,0,0,0,0,0,0,0,0,0,0,0.000,0.000,0.000,0.000,0.000,0.000,0.000,0.000,notRun,0,0,0,0,0,0,0,0,0,0,0,0,0,0,0.000,0.000,0.000,0.000,0.000,0.000,0.000,0.000,automatic,parallelFullRefresh,none,incremental,fullAllCurrentEntries,notApplicable,0,8,33558,0,2.438,0.301,0.000,77422,8.769,2.740,automatic,parallelFullRefresh,none,incremental,fullAllCurrentEntries,notApplicable,0,8,198275,0,6.285,1.313,0.000,81654,10.899,7.598,automatic,parallelAssisted,none,incremental,notApplicable,incremental,0,5,312,0,0.000,0.000,0.024,0,0.000,20.960,serialImmediate,serialImmediate,none,incremental,notApplicable,incremental,1,1,198275,0,0.000,0.000,0.000,0,0.000,37.564,automatic,parallelDirty,none,notApplicable,notApplicable,incremental,0,8,0,199999,0.000,0.000,0.000,0,0.000,18.848,dirtyRange,dirtyRange,none,notApplicable,notApplicable,incremental,1,1,0,1,0.000,0.000,0.000,0,0.000,3.272
Data-Oriented CPU ROAM,1,0,4,RelWithDebInfo,OpenGL,NVIDIA GeForce RTX 5090 D/PCIe/SSE2,4.1.0 NVIDIA 591.86,false,assets/heightmaps/Hm_Terrain_Peking_513.png,547,547,599997,199999,1,2,64,0.032,0.866,56.850,21.165,11.492,259.699,0.000,0.000,229.732,3,80.000,12.000,20,0.250,0.100,200000,false,true,false,true,false,automatic,automatic,automatic,automatic,automatic,automatic,0,0,0,0,0,32,160,0,both,3,7288431114370965623,1640555370884832755,5591888071812846264,16866582986305908546,15168832056936147836,200000,0,0,0,1,1,0,0,0,0,115.435,199999,455328,0,168835,31164,199997,14461,7346,14461,0,10242,233842,199999,33714,4236,173336,0,57215,142784,22782,4237,4237,0,0,0,0,9612120,0,8,160,0,160,0,0,0,0,1085,7,7,2169,0,0,1085,59,108.090,174.571,7.190,2.603,22.748,0.000,0.000,0.000,0.000,0.000,30.313,0.243,1.177,0.298,0.009,5.122,15.809,0.000,0.000,7.927,30.317,0.000,8.764,28.540,5.911,0.000,50.277,25.351,8.764,0.000,20,false,false,0,0,0.000,0.000,notRun,0,0,0,0,0,0,0,0,0,0,0,0,0,0,0.000,0.000,0.000,0.000,0.000,0.000,0.000,0.000,notRun,0,0,0,0,0,0,0,0,0,0,0,0,0,0,0.000,0.000,0.000,0.000,0.000,0.000,0.000,0.000,false,false,0,0,0.000,0.000,notRun,0,0,0,0,0,0,0,0,0,0,0,0,0,0,0.000,0.000,0.000,0.000,0.000,0.000,0.000,0.000,notRun,0,0,0,0,0,0,0,0,0,0,0,0,0,0,0.000,0.000,0.000,0.000,0.000,0.000,0.000,0.000,automatic,parallelFullRefresh,none,incremental,fullAllCurrentEntries,notApplicable,0,8,33614,0,2.333,0.270,0.000,86570,9.605,2.603,automatic,parallelFullRefresh,none,incremental,fullAllCurrentEntries,notApplicable,0,8,194008,0,6.660,1.267,0.000,86766,10.836,7.927,automatic,parallelAssisted,none,incremental,notApplicable,incremental,0,7,1144,0,0.000,0.000,0.030,0,0.000,22.688,serialImmediate,serialImmediate,none,incremental,notApplicable,incremental,1,1,194008,0,0.000,0.000,0.000,0,0.000,30.313,automatic,parallelDirty,none,notApplicable,notApplicable,incremental,0,8,0,57215,0.000,0.000,0.000,0,0.000,8.764,dirtyRange,dirtyRange,none,notApplicable,notApplicable,incremental,1,1,0,22782,0.000,0.000,0.000,0,0.000,5.911
Data-Oriented CPU ROAM,1,0,4,RelWithDebInfo,OpenGL,NVIDIA GeForce RTX 5090 D/PCIe/SSE2,4.1.0 NVIDIA 591.86,false,assets/heightmaps/Hm_Terrain_Peking_513.png,547,547,599997,199999,1,3,64,0.048,1.107,55.423,21.690,17.096,241.393,0.000,0.000,240.724,3,80.000,12.000,20,0.250,0.100,200000,false,true,false,true,false,automatic,automatic,automatic,automatic,automatic,automatic,0,0,0,0,0,32,160,0,both,4,7278823686050491780,7568413999248190805,4921616559892757118,15724432357960388310,11487383912968617224,200000,0,0,0,1,1,0,0,0,0,119.140,199999,484576,0,167824,32175,199997,15341,7854,15341,0,9819,234092,199999,33926,3881,185556,0,59196,140803,25359,3882,3882,0,0,0,0,9944928,0,8,160,0,160,0,0,0,0,1329,6,6,2658,0,0,1329,52,114.823,100.066,7.260,4.967,24.918,0.000,0.000,0.000,0.000,0.000,32.226,0.309,1.689,0.618,0.022,6.146,16.027,0.000,0.000,7.541,32.231,0.000,8.830,29.076,6.444,0.000,51.006,29.885,8.830,0.000,20,false,false,0,0,0.000,0.000,notRun,0,0,0,0,0,0,0,0,0,0,0,0,0,0,0.000,0.000,0.000,0.000,0.000,0.000,0.000,0.000,notRun,0,0,0,0,0,0,0,0,0,0,0,0,0,0,0.000,0.000,0.000,0.000,0.000,0.000,0.000,0.000,false,false,0,0,0.000,0.000,notRun,0,0,0,0,0,0,0,0,0,0,0,0,0,0,0.000,0.000,0.000,0.000,0.000,0.000,0.000,0.000,notRun,0,0,0,0,0,0,0,0,0,0,0,0,0,0,0.000,0.000,0.000,0.000,0.000,0.000,0.000,0.000,automatic,parallelFullRefresh,none,incremental,fullAllCurrentEntries,notApplicable,0,8,33714,0,4.661,0.306,0.000,93510,10.274,4.967,automatic,parallelFullRefresh,none,incremental,fullAllCurrentEntries,notApplicable,0,8,192418,0,6.346,1.195,0.000,92046,11.686,7.541,automatic,parallelAssisted,none,incremental,notApplicable,incremental,0,6,1381,0,0.000,0.000,0.037,0,0.000,24.847,serialImmediate,serialImmediate,none,incremental,notApplicable,incremental,1,1,192418,0,0.000,0.000,0.000,0,0.000,32.226,automatic,parallelDirty,none,notApplicable,notApplicable,incremental,0,8,0,59196,0.000,0.000,0.000,0,0.000,8.830,dirtyRange,dirtyRange,none,notApplicable,notApplicable,incremental,1,1,0,25359,0.000,0.000,0.000,0,0.000,6.444
Data-Oriented CPU ROAM,1,0,4,RelWithDebInfo,OpenGL,NVIDIA GeForce RTX 5090 D/PCIe/SSE2,4.1.0 NVIDIA 591.86,false,assets/heightmaps/Hm_Terrain_Peking_513.png,547,547,599997,199999,1,4,64,0.063,1.373,53.446,22.148,22.529,265.174,0.000,0.000,241.802,3,80.000,12.000,20,0.250,0.100,200000,false,true,false,true,false,automatic,automatic,automatic,automatic,automatic,automatic,0,0,0,0,0,32,160,0,both,5,8205201682360257472,6733319019663245412,12259924687577902111,8876055693404098933,6403151579971455132,200000,0,0,0,1,1,0,0,0,0,117.261,199999,515872,0,165095,34904,199997,16557,8422,16557,0,10546,234322,199999,34139,4242,201391,0,60480,139519,25980,4243,4243,0,0,0,0,10160640,0,8,160,0,160,0,0,0,0,1500,5,5,3000,0,0,1500,35,117.657,99.682,6.933,2.933,26.830,0.000,0.000,0.000,0.000,0.000,35.073,0.301,1.669,0.450,0.016,7.052,17.230,0.000,0.000,7.627,35.078,0.000,9.053,29.201,6.614,0.000,55.002,29.763,9.053,0.000,20,false,false,0,0,0.000,0.000,notRun,0,0,0,0,0,0,0,0,0,0,0,0,0,0,0.000,0.000,0.000,0.000,0.000,0.000,0.000,0.000,notRun,0,0,0,0,0,0,0,0,0,0,0,0,0,0,0.000,0.000,0.000,0.000,0.000,0.000,0.000,0.000,false,false,0,0,0.000,0.000,notRun,0,0,0,0,0,0,0,0,0,0,0,0,0,0,0.000,0.000,0.000,0.000,0.000,0.000,0.000,0.000,notRun,0,0,0,0,0,0,0,0,0,0,0,0,0,0,0.000,0.000,0.000,0.000,0.000,0.000,0.000,0.000,automatic,parallelFullRefresh,none,incremental,fullAllCurrentEntries,notApplicable,0,8,33926,0,2.640,0.292,0.000,102049,11.451,2.933,automatic,parallelFullRefresh,none,incremental,fullAllCurrentEntries,notApplicable,0,8,191925,0,6.486,1.141,0.000,99342,12.389,7.627,automatic,parallelAssisted,none,incremental,notApplicable,incremental,0,5,1535,0,0.000,0.000,0.033,0,0.000,26.751,serialImmediate,serialImmediate,none,incremental,notApplicable,incremental,1,1,191925,0,0.000,0.000,0.000,0,0.000,35.073,automatic,parallelDirty,none,notApplicable,notApplicable,incremental,0,8,0,60480,0.000,0.000,0.000,0,0.000,9.053,dirtyRange,dirtyRange,none,notApplicable,notApplicable,incremental,1,1,0,25980,0.000,0.000,0.000,0,0.000,6.614
Data-Oriented CPU ROAM,1,0,4,RelWithDebInfo,OpenGL,NVIDIA GeForce RTX 5090 D/PCIe/SSE2,4.1.0 NVIDIA 591.86,false,assets/heightmaps/Hm_Terrain_Peking_513.png,547,547,600000,200000,1,5,64,0.079,1.638,50.937,22.520,27.739,265.653,0.000,0.000,243.967,3,80.000,12.000,20,0.250,0.100,200000,false,true,false,true,false,automatic,automatic,automatic,automatic,automatic,automatic,0,0,0,0,0,32,160,0,both,6,6609361805166375492,2504589822901756120,6770990170278849198,5355748138083329972,9059139974614888873,200000,0,0,0,1,1,0,0,0,0,119.402,200000,545952,0,165658,34342,199998,16444,8347,16443,0,9524,234477,200000,34173,3967,197069,0,60699,139301,26937,3968,3968,0,0,0,0,10197432,0,8,160,0,160,0,0,0,0,1501,5,5,2999,0,0,1501,99,117.341,98.879,7.234,3.049,26.511,0.000,0.000,0.000,0.000,0.000,34.693,0.301,1.646,0.548,0.012,6.821,17.075,0.000,0.000,7.268,34.698,0.000,9.323,29.257,6.873,0.000,53.689,29.561,9.323,0.000,20,false,false,0,0,0.000,0.000,notRun,0,0,0,0,0,0,0,0,0,0,0,0,0,0,0.000,0.000,0.000,0.000,0.000,0.000,0.000,0.000,notRun,0,0,0,0,0,0,0,0,0,0,0,0,0,0,0.000,0.000,0.000,0.000,0.000,0.000,0.000,0.000,false,false,0,0,0.000,0.000,notRun,0,0,0,0,0,0,0,0,0,0,0,0,0,0,0.000,0.000,0.000,0.000,0.000,0.000,0.000,0.000,notRun,0,0,0,0,0,0,0,0,0,0,0,0,0,0,0.000,0.000,0.000,0.000,0.000,0.000,0.000,0.000,automatic,parallelFullRefresh,none,incremental,fullAllCurrentEntries,notApplicable,0,8,34139,0,2.753,0.296,0.000,98408,11.079,3.049,automatic,parallelFullRefresh,none,incremental,fullAllCurrentEntries,notApplicable,0,8,191488,0,6.153,1.115,0.000,98661,12.639,7.268,automatic,parallelAssisted,none,incremental,notApplicable,incremental,0,5,1600,0,0.000,0.000,0.032,0,0.000,26.436,serialImmediate,serialImmediate,none,incremental,notApplicable,incremental,1,1,191488,0,0.000,0.000,0.000,0,0.000,34.693,automatic,parallelDirty,none,notApplicable,notApplicable,incremental,0,8,0,60699,0.000,0.000,0.000,0,0.000,9.323,dirtyRange,dirtyRange,none,notApplicable,notApplicable,incremental,1,1,0,26937,0.000,0.000,0.000,0,0.000,6.873
Data-Oriented CPU ROAM,1,0,4,RelWithDebInfo,OpenGL,NVIDIA GeForce RTX 5090 D/PCIe/SSE2,4.1.0 NVIDIA 591.86,false,assets/heightmaps/Hm_Terrain_Peking_513.png,547,547,599997,199999,1,6,64,0.095,1.908,47.922,22.793,32.673,269.474,0.000,0.000,243.708,3,80.000,12.000,20,0.250,0.100,200000,false,true,false,true,false,automatic,automatic,automatic,automatic,automatic,automatic,0,0,0,0,0,32,160,0,both,7,7460550267756605755,1484508623185095291,17769969818639545704,3262819588357346394,11044276454600441868,200000,0,0,0,1,1,0,0,0,0,122.721,199999,573730,0,167388,32611,199997,15472,7848,15473,0,10113,234509,199999,34106,4324,185316,0,60188,139811,28102,4325,4325,0,0,0,0,10111584,0,8,160,0,160,0,0,0,0,1209,5,5,2418,0,0,1209,70,113.495,99.103,6.879,2.968,24.523,0.000,0.000,0.000,0.000,0.000,32.366,0.242,1.355,0.423,0.027,5.502,16.878,0.000,0.000,7.457,32.371,0.000,8.870,30.426,7.147,0.000,52.418,27.491,8.870,0.000,20,false,false,0,0,0.000,0.000,notRun,0,0,0,0,0,0,0,0,0,0,0,0,0,0,0.000,0.000,0.000,0.000,0.000,0.000,0.000,0.000,notRun,0,0,0,0,0,0,0,0,0,0,0,0,0,0,0.000,0.000,0.000,0.000,0.000,0.000,0.000,0.000,false,false,0,0,0.000,0.000,notRun,0,0,0,0,0,0,0,0,0,0,0,0,0,0,0.000,0.000,0.000,0.000,0.000,0.000,0.000,0.000,notRun,0,0,0,0,0,0,0,0,0,0,0,0,0,0,0.000,0.000,0.000,0.000,0.000,0.000,0.000,0.000,automatic,parallelFullRefresh,none,incremental,fullAllCurrentEntries,notApplicable,0,8,34173,0,2.682,0.287,0.000,92481,10.362,2.968,automatic,parallelFullRefresh,none,incremental,fullAllCurrentEntries,notApplicable,0,8,193165,0,6.346,1.111,0.000,92835,12.203,7.457,automatic,parallelAssisted,none,incremental,notApplicable,incremental,0,5,1279,0,0.000,0.000,0.032,0,0.000,24.460,serialImmediate,serialImmediate,none,incremental,notApplicable,incremental,1,1,193165,0,0.000,0.000,0.000,0,0.000,32.366,automatic,parallelDirty,none,notApplicable,notApplicable,incremental,0,8,0,60188,0.000,0.000,0.000,0,0.000,8.870,dirtyRange,dirtyRange,none,notApplicable,notApplicable,incremental,1,1,0,28102,0.000,0.000,0.000,0,0.000,7.147
Data-Oriented CPU ROAM,1,0,4,RelWithDebInfo,OpenGL,NVIDIA GeForce RTX 5090 D/PCIe/SSE2,4.1.0 NVIDIA 591.86,false,assets/heightmaps/Hm_Terrain_Peking_513.png,547,547,600000,200000,1,7,64,0.111,2.177,44.431,22.954,37.282,269.751,0.000,0.000,257.634,3,80.000,12.000,20,0.250,0.100,200000,false,true,false,true,false,automatic,automatic,automatic,automatic,automatic,automatic,0,0,0,0,0,32,160,0,both,8,14529096079396744546,7783257179921695138,15440299088060168580,921642896696603116,4013228348692373109,200000,0,0,0,1,1,0,0,0,0,120.785,200000,601082,0,166274,33726,199998,15849,8037,15848,0,10320,234498,200000,34174,5324,191255,0,61733,138267,29908,5325,5325,0,0,0,0,10371144,0,8,160,0,160,0,0,0,0,932,3,3,1864,0,0,932,44,128.940,118.740,7.294,2.936,25.349,0.000,0.000,0.000,0.000,0.000,44.059,0.199,1.020,0.612,0.012,4.289,19.138,0.000,0.000,7.405,44.064,0.000,9.469,32.422,7.544,0.000,67.292,28.285,9.469,0.000,20,false,false,0,0,0.000,0.000,notRun,0,0,0,0,0,0,0,0,0,0,0,0,0,0,0.000,0.000,0.000,0.000,0.000,0.000,0.000,0.000,notRun,0,0,0,0,0,0,0,0,0,0,0,0,0,0,0.000,0.000,0.000,0.000,0.000,0.000,0.000,0.000,false,false,0,0,0.000,0.000,notRun,0,0,0,0,0,0,0,0,0,0,0,0,0,0,0.000,0.000,0.000,0.000,0.000,0.000,0.000,0.000,notRun,0,0,0,0,0,0,0,0,0,0,0,0,0,0,0.000,0.000,0.000,0.000,0.000,0.000,0.000,0.000,automatic,parallelFullRefresh,none,incremental,fullAllCurrentEntries,notApplicable,0,8,34106,0,2.660,0.276,0.000,96164,10.632,2.936,automatic,parallelFullRefresh,none,incremental,fullAllCurrentEntries,notApplicable,0,8,194783,0,6.220,1.185,0.000,95091,12.867,7.405,automatic,parallelAssisted,none,incremental,notApplicable,incremental,0,3,976,0,0.000,0.000,0.029,0,0.000,25.300,serialImmediate,serialImmediate,none,incremental,notApplicable,incremental,1,1,194783,0,0.000,0.000,0.000,0,0.000,44.059,automatic,parallelDirty,none,notApplicable,notApplicable,incremental,0,8,0,61733,0.000,0.000,0.000,0,0.000,9.469,dirtyRange,dirtyRange,none,notApplicable,notApplicable,incremental,1,1,0,29908,0.000,0.000,0.000,0,0.000,7.544
Data-Oriented CPU ROAM,1,0,4,RelWithDebInfo,OpenGL,NVIDIA GeForce RTX 5090 D/PCIe/SSE2,4.1.0 NVIDIA 591.86,false,assets/heightmaps/Hm_Terrain_Peking_513.png,547,547,599997,199999,1,8,64,0.127,2.463,40.498,22.999,41.520,285.367,0.000,0.000,237.016,3,80.000,12.000,20,0.250,0.100,200000,false,true,false,true,false,automatic,automatic,automatic,automatic,automatic,automatic,0,0,0,0,0,32,160,0,both,9,968169493307022999,1130222887761867190,12831338062014181277,6633368482199957854,12642480308814401432,200000,0,0,0,1,1,0,0,0,0,118.167,199999,627898,0,165946,34053,199997,16040,8141,16041,0,11019,234356,199999,34196,6160,187607,0,64077,135922,32070,6161,6161,0,0,0,0,10764936,0,8,160,0,160,0,0,0,0,685,3,3,1370,0,0,685,21,110.512,150.081,7.194,2.889,24.036,0.000,0.000,0.000,0.000,0.000,30.927,0.149,0.734,0.460,0.015,3.080,19.529,0.000,0.000,8.037,30.931,0.000,9.577,27.847,7.901,0.000,56.210,26.925,9.577,0.000,20,false,false,0,0,0.000,0.000,notRun,0,0,0,0,0,0,0,0,0,0,0,0,0,0,0.000,0.000,0.000,0.000,0.000,0.000,0.000,0.000,notRun,0,0,0,0,0,0,0,0,0,0,0,0,0,0,0.000,0.000,0.000,0.000,0.000,0.000,0.000,0.000,false,false,0,0,0.000,0.000,notRun,0,0,0,0,0,0,0,0,0,0,0,0,0,0,0.000,0.000,0.000,0.000,0.000,0.000,0.000,0.000,notRun,0,0,0,0,0,0,0,0,0,0,0,0,0,0,0.000,0.000,0.000,0.000,0.000,0.000,0.000,0.000,automatic,parallelFullRefresh,none,incremental,fullAllCurrentEntries,notApplicable,0,8,34174,0,2.633,0.256,0.000,91364,9.292,2.889,automatic,parallelFullRefresh,none,incremental,fullAllCurrentEntries,notApplicable,0,8,196245,0,6.841,1.196,0.000,96243,12.853,8.037,automatic,parallelAssisted,none,incremental,notApplicable,incremental,0,3,706,0,0.000,0.000,0.030,0,0.000,23.996,serialImmediate,serialImmediate,none,incremental,notApplicable,incremental,1,1,196245,0,0.000,0.000,0.000,0,0.000,30.927,automatic,parallelDirty,none,notApplicable,notApplicable,incremental,0,8,0,64077,0.000,0.000,0.000,0,0.000,9.577,dirtyRange,dirtyRange,none,notApplicable,notApplicable,incremental,1,1,0,32070,0.000,0.000,0.000,0,0.000,7.901
Data-Oriented CPU ROAM,1,0,4,RelWithDebInfo,OpenGL,NVIDIA GeForce RTX 5090 D/PCIe/SSE2,4.1.0 NVIDIA 591.86,false,assets/heightmaps/Hm_Terrain_Peking_513.png,547,547,599997,199999,1,9,64,0.143,2.730,36.162,22.925,45.346,267.162,0.000,0.000,237.396,3,80.000,12.000,20,0.250,0.100,200000,false,true,false,true,false,automatic,automatic,automatic,automatic,automatic,automatic,0,0,0,0,0,32,160,0,both,10,10126486524086268068,4148249379369897430,4789572561677936393,8463611025387298368,12129584698622722319,200000,0,0,0,1,1,0,0,0,0,118.245,199999,654588,0,164294,35705,199997,16360,8241,16360,0,11435,234311,199999,34043,6794,190397,0,65254,134745,33954,6795,6795,0,0,0,0,10962672,0,8,160,0,160,0,0,0,0,503,3,3,1006,0,0,503,27,110.465,136.434,6.837,2.621,24.390,0.000,0.000,0.000,0.000,0.000,31.392,0.125,0.571,0.228,0.009,2.304,21.085,0.000,0.000,7.888,31.396,0.000,9.899,27.434,8.273,0.000,58.651,27.012,9.899,0.000,20,false,false,0,0,0.000,0.000,notRun,0,0,0,0,0,0,0,0,0,0,0,0,0,0,0.000,0.000,0.000,0.000,0.000,0.000,0.000,0.000,notRun,0,0,0,0,0,0,0,0,0,0,0,0,0,0,0.000,0.000,0.000,0.000,0.000,0.000,0.000,0.000,false,false,0,0,0.000,0.000,notRun,0,0,0,0,0,0,0,0,0,0,0,0,0,0,0.000,0.000,0.000,0.000,0.000,0.000,0.000,0.000,notRun,0,0,0,0,0,0,0,0,0,0,0,0,0,0,0.000,0.000,0.000,0.000,0.000,0.000,0.000,0.000,automatic,parallelFullRefresh,none,incremental,fullAllCurrentEntries,notApplicable,0,8,34196,0,2.375,0.246,0.000,92237,9.660,2.621,automatic,parallelFullRefresh,none,incremental,fullAllCurrentEntries,notApplicable,0,8,197217,0,6.661,1.227,0.000,98160,13.080,7.888,automatic,parallelAssisted,none,incremental,notApplicable,incremental,0,3,530,0,0.000,0.000,0.035,0,0.000,24.358,serialImmediate,serialImmediate,none,incremental,notApplicable,incremental,1,1,197217,0,0.000,0.000,0.000,0,0.000,31.392,automatic,parallelDirty,none,notApplicable,notApplicable,incremental,0,8,0,65254,0.000,0.000,0.000,0,0.000,9.899,dirtyRange,dirtyRange,none,notApplicable,notApplicable,incremental,1,1,0,33954,0.000,0.000,0.000,0,0.000,8.273
Data-Oriented CPU ROAM,1,0,4,RelWithDebInfo,OpenGL,NVIDIA GeForce RTX 5090 D/PCIe/SSE2,4.1.0 NVIDIA 591.86,false,assets/heightmaps/Hm_Terrain_Peking_513.png,547,547,600000,200000,1,10,64,0.159,2.998,31.468,22.735,48.722,268.269,0.000,0.000,236.608,3,80.000,12.000,20,0.250,0.100,200000,false,true,false,true,false,automatic,automatic,automatic,automatic,automatic,automatic,0,0,0,0,0,32,160,0,both,11,14171297774235295312,11966640825832472449,2936329696377599435,423673372013092298,3236808997738095582,200000,0,0,0,1,1,0,0,0,0,119.538,200000,678670,0,165627,34373,199998,15541,7903,15540,0,10242,234064,200000,33859,6816,183005,0,65340,134660,34702,6817,6817,0,0,0,0,10977120,0,8,160,0,160,0,0,0,0,366,2,2,732,0,0,366,17,108.100,178.231,6.870,2.819,23.069,0.000,0.000,0.000,0.000,0.000,30.327,0.098,0.392,0.126,0.002,1.580,20.817,0.000,0.000,7.781,30.331,0.000,9.805,27.425,8.599,0.000,57.731,25.888,9.805,0.000,20,false,false,0,0,0.000,0.000,notRun,0,0,0,0,0,0,0,0,0,0,0,0,0,0,0.000,0.000,0.000,0.000,0.000,0.000,0.000,0.000,notRun,0,0,0,0,0,0,0,0,0,0,0,0,0,0,0.000,0.000,0.000,0.000,0.000,0.000,0.000,0.000,false,false,0,0,0.000,0.000,notRun,0,0,0,0,0,0,0,0,0,0,0,0,0,0,0.000,0.000,0.000,0.000,0.000,0.000,0.000,0.000,notRun,0,0,0,0,0,0,0,0,0,0,0,0,0,0,0.000,0.000,0.000,0.000,0.000,0.000,0.000,0.000,automatic,parallelFullRefresh,none,incremental,fullAllCurrentEntries,notApplicable,0,8,34043,0,2.581,0.238,0.000,89762,9.905,2.819,automatic,parallelFullRefresh,none,incremental,fullAllCurrentEntries,notApplicable,0,8,198088,0,6.570,1.211,0.000,93243,12.505,7.781,automatic,parallelAssisted,none,incremental,notApplicable,incremental,0,2,383,0,0.000,0.000,0.025,0,0.000,23.042,serialImmediate,serialImmediate,none,incremental,notApplicable,incremental,1,1,198088,0,0.000,0.000,0.000,0,0.000,30.327,automatic,parallelDirty,none,notApplicable,notApplicable,incremental,0,8,0,65340,0.000,0.000,0.000,0,0.000,9.805,dirtyRange,dirtyRange,none,notApplicable,notApplicable,incremental,1,1,0,34702,0.000,0.000,0.000,0,0.000,8.599
Data-Oriented CPU ROAM,1,0,4,RelWithDebInfo,OpenGL,NVIDIA GeForce RTX 5090 D/PCIe/SSE2,4.1.0 NVIDIA 591.86,false,assets/heightmaps/Hm_Terrain_Peking_513.png,547,547,599997,199999,1,11,64,0.175,3.268,26.460,22.436,51.613,269.433,0.000,0.000,242.091,3,80.000,12.000,20,0.250,0.100,200000,false,true,false,true,false,automatic,automatic,automatic,automatic,automatic,automatic,0,0,0,0,0,32,160,0,both,12,5329564024220870867,8773347649960306180,11742563192499543283,11574658332401899013,7817316123620822810,200000,0,0,0,1,1,0,0,0,0,118.876,199999,700592,0,168155,31844,199997,14496,7420,14497,0,9309,233892,199999,33756,5778,171324,0,62968,137031,34651,5779,5779,0,0,0,0,10578624,0,8,160,0,160,0,0,0,0,580,4,4,1160,0,0,580,20,114.501,93.606,6.643,2.744,24.774,0.000,0.000,0.000,0.000,0.000,31.350,0.119,0.604,0.200,0.003,2.547,21.227,0.000,0.000,7.765,31.356,0.000,9.821,31.398,8.317,0.000,58.624,27.518,9.821,0.000,20,false,false,0,0,0.000,0.000,notRun,0,0,0,0,0,0,0,0,0,0,0,0,0,0,0.000,0.000,0.000,0.000,0.000,0.000,0.000,0.000,notRun,0,0,0,0,0,0,0,0,0,0,0,0,0,0,0.000,0.000,0.000,0.000,0.000,0.000,0.000,0.000,false,false,0,0,0.000,0.000,notRun,0,0,0,0,0,0,0,0,0,0,0,0,0,0,0.000,0.000,0.000,0.000,0.000,0.000,0.000,0.000,notRun,0,0,0,0,0,0,0,0,0,0,0,0,0,0,0.000,0.000,0.000,0.000,0.000,0.000,0.000,0.000,automatic,parallelFullRefresh,none,incremental,fullAllCurrentEntries,notApplicable,0,8,33859,0,2.503,0.241,0.000,84345,9.962,2.744,automatic,parallelFullRefresh,none,incremental,fullAllCurrentEntries,notApplicable,0,8,197047,0,6.613,1.152,0.000,86979,12.762,7.765,automatic,parallelAssisted,none,incremental,notApplicable,incremental,0,4,600,0,0.000,0.000,0.031,0,0.000,24.731,serialImmediate,serialImmediate,none,incremental,notApplicable,incremental,1,1,197047,0,0.000,0.000,0.000,0,0.000,31.350,automatic,parallelDirty,none,notApplicable,notApplicable,incremental,0,8,0,62968,0.000,0.000,0.000,0,0.000,9.821,dirtyRange,dirtyRange,none,notApplicable,notApplicable,incremental,1,1,0,34651,0.000,0.000,0.000,0,0.000,8.317
Data-Oriented CPU ROAM,1,0,4,RelWithDebInfo,OpenGL,NVIDIA GeForce RTX 5090 D/PCIe/SSE2,4.1.0 NVIDIA 591.86,false,assets/heightmaps/Hm_Terrain_Peking_513.png,547,547,600000,200000,1,12,64,0.190,3.542,21.190,22.041,53.991,274.544,0.000,0.000,234.113,3,80.000,12.000,20,0.250,0.100,200000,false,true,false,true,false,automatic,automatic,automatic,automatic,automatic,automatic,0,0,0,0,0,32,160,0,both,13,16935892054332587610,7985901360231321369,1171555780814262575,10476269496800080979,13209847332320952565,200000,0,0,0,1,1,0,0,0,0,120.164,200000,721734,0,168718,31282,199998,14367,7329,14366,0,10303,233943,200000,33694,5388,171299,0,59664,140336,34358,5389,5389,0,0,0,0,10023552,0,8,160,0,160,0,0,0,0,646,4,4,1288,0,0,646,16,106.675,151.337,6.815,2.901,22.615,0.000,0.000,0.000,0.000,0.000,28.779,0.137,0.692,0.277,0.003,2.805,18.632,0.000,0.000,7.684,28.783,0.000,9.408,28.470,6.896,0.000,52.964,25.516,9.408,0.000,20,false,false,0,0,0.000,0.000,notRun,0,0,0,0,0,0,0,0,0,0,0,0,0,0,0.000,0.000,0.000,0.000,0.000,0.000,0.000,0.000,notRun,0,0,0,0,0,0,0,0,0,0,0,0,0,0,0.000,0.000,0.000,0.000,0.000,0.000,0.000,0.000,false,false,0,0,0.000,0.000,notRun,0,0,0,0,0,0,0,0,0,0,0,0,0,0,0.000,0.000,0.000,0.000,0.000,0.000,0.000,0.000,notRun,0,0,0,0,0,0,0,0,0,0,0,0,0,0,0.000,0.000,0.000,0.000,0.000,0.000,0.000,0.000,automatic,parallelFullRefresh,none,incremental,fullAllCurrentEntries,notApplicable,0,8,33756,0,2.655,0.246,0.000,85100,9.097,2.901,automatic,parallelFullRefresh,none,incremental,fullAllCurrentEntries,notApplicable,0,8,196403,0,6.531,1.152,0.000,86199,11.780,7.684,automatic,parallelAssisted,none,incremental,notApplicable,incremental,0,4,662,0,0.000,0.000,0.031,0,0.000,22.577,serialImmediate,serialImmediate,none,incremental,notApplicable,incremental,1,1,196403,0,0.000,0.000,0.000,0,0.000,28.779,automatic,parallelDirty,none,notApplicable,notApplicable,incremental,0,8,0,59664,0.000,0.000,0.000,0,0.000,9.408,dirtyRange,dirtyRange,none,notApplicable,notApplicable,incremental,1,1,0,34358,0.000,0.000,0.000,0,0.000,6.896
Data-Oriented CPU ROAM,1,0,4,RelWithDebInfo,OpenGL,NVIDIA GeForce RTX 5090 D/PCIe/SSE2,4.1.0 NVIDIA 591.86,false,assets/heightmaps/Hm_Terrain_Peking_513.png,547,547,600000,200000,1,13,64,0.206,3.806,15.709,21.564,55.832,263.747,0.000,0.000,237.507,3,80.000,12.000,20,0.250,0.100,200000,false,true,false,true,false,automatic,automatic,automatic,automatic,automatic,automatic,0,0,0,0,0,32,160,0,both,14,14001887723358013431,16290827925674946331,11927697215920248553,2335611565723524751,1284541679729744499,200000,0,0,0,1,1,0,0,0,0,118.396,200000,745072,0,166667,33333,199998,15353,7804,15353,0,10502,233853,200000,33627,5584,180389,0,61490,138510,35391,5585,5585,0,0,0,0,10330320,0,8,160,0,160,0,0,0,0,728,4,4,1448,0,0,728,8,110.326,136.441,6.645,2.975,24.330,0.000,0.000,0.000,0.000,0.000,30.250,0.162,0.773,0.325,0.003,3.362,19.634,0.000,0.000,7.834,30.254,0.000,9.692,28.596,8.393,0.000,55.033,27.305,9.692,0.000,20,false,false,0,0,0.000,0.000,notRun,0,0,0,0,0,0,0,0,0,0,0,0,0,0,0.000,0.000,0.000,0.000,0.000,0.000,0.000,0.000,notRun,0,0,0,0,0,0,0,0,0,0,0,0,0,0,0.000,0.000,0.000,0.000,0.000,0.000,0.000,0.000,false,false,0,0,0.000,0.000,notRun,0,0,0,0,0,0,0,0,0,0,0,0,0,0,0.000,0.000,0.000,0.000,0.000,0.000,0.000,0.000,notRun,0,0,0,0,0,0,0,0,0,0,0,0,0,0,0.000,0.000,0.000,0.000,0.000,0.000,0.000,0.000,automatic,parallelFullRefresh,none,incremental,fullAllCurrentEntries,notApplicable,0,8,33694,0,2.727,0.248,0.000,88271,9.372,2.975,automatic,parallelFullRefresh,none,incremental,fullAllCurrentEntries,notApplicable,0,8,195813,0,6.695,1.138,0.000,92118,12.923,7.834,automatic,parallelAssisted,none,incremental,notApplicable,incremental,0,4,736,0,0.000,0.000,0.030,0,0.000,24.289,serialImmediate,serialImmediate,none,incremental,notApplicable,incremental,1,1,195813,0,0.000,0.000,0.000,0,0.000,30.250,automatic,parallelDirty,none,notApplicable,notApplicable,incremental,0,8,0,61490,0.000,0.000,0.000,0,0.000,9.692,dirtyRange,dirtyRange,none,notApplicable,notApplicable,incremental,1,1,0,35391,0.000,0.000,0.000,0,0.000,8.393
Data-Oriented CPU ROAM,1,0,4,RelWithDebInfo,OpenGL,NVIDIA GeForce RTX 5090 D/PCIe/SSE2,4.1.0 NVIDIA 591.86,false,assets/heightmaps/Hm_Terrain_Peking_513.png,547,547,600000,200000,1,14,64,0.222,4.076,10.072,21.026,57.119,270.114,0.000,0.000,243.702,3,80.000,12.000,20,0.250,0.100,200000,false,true,false,true,false,automatic,automatic,automatic,automatic,automatic,automatic,0,0,0,0,0,32,160,0,both,15,6461387322705707052,12144965187181402796,5113406298481224610,6305640428389401644,6101665858607488865,200000,0,0,0,1,1,0,0,0,0,119.790,200000,770358,0,164860,35140,199998,16206,8304,16206,0,11405,233908,200000,33565,5787,190490,0,64783,135217,36207,5788,5788,0,0,0,0,10883544,0,8,160,0,160,0,0,0,0,751,6,6,1493,0,0,751,46,114.729,99.811,6.689,3.000,26.053,0.000,0.000,0.000,0.000,0.000,32.332,0.168,0.796,0.283,0.019,3.611,21.102,0.000,0.000,7.614,32.337,0.000,10.116,28.920,8.801,0.000,58.001,29.053,10.116,0.000,20,false,false,0,0,0.000,0.000,notRun,0,0,0,0,0,0,0,0,0,0,0,0,0,0,0.000,0.000,0.000,0.000,0.000,0.000,0.000,0.000,notRun,0,0,0,0,0,0,0,0,0,0,0,0,0,0,0.000,0.000,0.000,0.000,0.000,0.000,0.000,0.000,false,false,0,0,0.000,0.000,notRun,0,0,0,0,0,0,0,0,0,0,0,0,0,0,0.000,0.000,0.000,0.000,0.000,0.000,0.000,0.000,notRun,0,0,0,0,0,0,0,0,0,0,0,0,0,0,0.000,0.000,0.000,0.000,0.000,0.000,0.000,0.000,automatic,parallelFullRefresh,none,incremental,fullAllCurrentEntries,notApplicable,0,8,33627,0,2.744,0.256,0.000,93254,10.284,3.000,automatic,parallelFullRefresh,none,incremental,fullAllCurrentEntries,notApplicable,0,8,195367,0,6.498,1.116,0.000,97236,13.605,7.614,automatic,parallelAssisted,none,incremental,notApplicable,incremental,0,6,797,0,0.000,0.000,0.033,0,0.000,26.011,serialImmediate,serialImmediate,none,incremental,notApplicable,incremental,1,1,195367,0,0.000,0.000,0.000,0,0.000,32.332,automatic,parallelDirty,none,notApplicable,notApplicable,incremental,0,8,0,64783,0.000,0.000,0.000,0,0.000,10.116,dirtyRange,dirtyRange,none,notApplicable,notApplicable,incremental,1,1,0,36207,0.000,0.000,0.000,0,0.000,8.801
Data-Oriented CPU ROAM,1,0,4,RelWithDebInfo,OpenGL,NVIDIA GeForce RTX 5090 D/PCIe/SSE2,4.1.0 NVIDIA 591.86,false,assets/heightmaps/Hm_Terrain_Peking_513.png,547,547,599997,199999,1,15,64,0.238,4.353,4.334,20.447,57.838,277.304,0.000,0.000,248.128,3,80.000,12.000,20,0.250,0.100,200000,false,true,false,true,false,automatic,automatic,automatic,automatic,automatic,automatic,0,0,0,0,0,32,160,0,both,16,12944171275107291116,5936097924742473912,7066146189345485211,7408618186583298037,9983541250134023741,200000,0,0,0,1,1,0,0,0,0,121.462,199999,795980,0,164930,35069,199997,16398,8303,16399,0,11657,233659,199999,33433,5579,191619,0,65487,134512,36662,5580,5580,0,0,0,0,11001816,0,8,160,0,160,0,0,0,0,886,6,6,1765,0,0,886,43,117.471,176.339,6.933,2.906,26.125,0.000,0.000,0.000,0.000,0.000,32.412,0.194,0.938,0.350,0.005,4.079,20.480,0.000,0.000,7.470,32.418,0.000,10.589,31.030,8.805,0.000,56.971,29.031,10.589,0.000,20,false,false,0,0,0.000,0.000,notRun,0,0,0,0,0,0,0,0,0,0,0,0,0,0,0.000,0.000,0.000,0.000,0.000,0.000,0.000,0.000,notRun,0,0,0,0,0,0,0,0,0,0,0,0,0,0,0.000,0.000,0.000,0.000,0.000,0.000,0.000,0.000,false,false,0,0,0.000,0.000,notRun,0,0,0,0,0,0,0,0,0,0,0,0,0,0,0.000,0.000,0.000,0.000,0.000,0.000,0.000,0.000,notRun,0,0,0,0,0,0,0,0,0,0,0,0,0,0,0.000,0.000,0.000,0.000,0.000,0.000,0.000,0.000,automatic,parallelFullRefresh,none,incremental,fullAllCurrentEntries,notApplicable,0,8,33565,0,2.637,0.269,0.000,93228,9.835,2.906,automatic,parallelFullRefresh,none,incremental,fullAllCurrentEntries,notApplicable,0,8,194764,0,6.372,1.098,0.000,98391,13.915,7.470,automatic,parallelAssisted,none,incremental,notApplicable,incremental,0,6,929,0,0.000,0.000,0.031,0,0.000,26.076,serialImmediate,serialImmediate,none,incremental,notApplicable,incremental,1,1,194764,0,0.000,0.000,0.000,0,0.000,32.412,automatic,parallelDirty,none,notApplicable,notApplicable,incremental,0,8,0,65487,0.000,0.000,0.000,0,0.000,10.589,dirtyRange,dirtyRange,none,notApplicable,notApplicable,incremental,1,1,0,36662,0.000,0.000,0.000,0,0.000,8.805
Data-Oriented CPU ROAM,1,0,4,RelWithDebInfo,OpenGL,NVIDIA GeForce RTX 5090 D/PCIe/SSE2,4.1.0 NVIDIA 591.86,false,assets/heightmaps/Hm_Terrain_Peking_513.png,547,547,600000,200000,1,16,64,0.254,4.636,-1.446,19.850,57.982,282.130,0.000,0.000,240.986,3,80.000,12.000,20,0.250,0.100,200000,false,true,false,true,false,automatic,automatic,automatic,automatic,automatic,automatic,0,0,0,0,0,32,160,0,both,17,108896495127271535,3505936785992697936,13213597493490085694,14675599686121848749,4457614681459694059,200000,0,0,0,1,1,0,0,0,0,117.934,200000,822444,0,165144,34856,199998,15856,7931,15855,0,10809,233704,200000,33504,5255,188074,0,63735,136265,35863,5256,5256,0,0,0,0,10707480,0,8,160,0,160,0,0,0,0,1021,6,6,2042,0,0,1021,36,114.132,181.549,7.137,2.989,25.258,0.000,0.000,0.000,0.000,0.000,32.690,0.213,1.098,0.683,0.020,4.387,18.767,0.000,0.000,7.482,32.695,0.000,9.483,29.087,8.529,0.000,55.802,28.248,9.483,0.000,20,false,false,0,0,0.000,0.000,notRun,0,0,0,0,0,0,0,0,0,0,0,0,0,0,0.000,0.000,0.000,0.000,0.000,0.000,0.000,0.000,notRun,0,0,0,0,0,0,0,0,0,0,0,0,0,0,0.000,0.000,0.000,0.000,0.000,0.000,0.000,0.000,false,false,0,0,0.000,0.000,notRun,0,0,0,0,0,0,0,0,0,0,0,0,0,0,0.000,0.000,0.000,0.000,0.000,0.000,0.000,0.000,notRun,0,0,0,0,0,0,0,0,0,0,0,0,0,0,0.000,0.000,0.000,0.000,0.000,0.000,0.000,0.000,automatic,parallelFullRefresh,none,incremental,fullAllCurrentEntries,notApplicable,0,8,33433,0,2.722,0.267,0.000,92941,10.222,2.989,automatic,parallelFullRefresh,none,incremental,fullAllCurrentEntries,notApplicable,0,8,194653,0,6.334,1.148,0.000,95133,13.182,7.482,automatic,parallelAssisted,none,incremental,notApplicable,incremental,0,6,1057,0,0.000,0.000,0.034,0,0.000,25.203,serialImmediate,serialImmediate,none,incremental,notApplicable,incremental,1,1,194653,0,0.000,0.000,0.000,0,0.000,32.690,automatic,parallelDirty,none,notApplicable,notApplicable,incremental,0,8,0,63735,0.000,0.000,0.000,0,0.000,9.483,dirtyRange,dirtyRange,none,notApplicable,notApplicable,incremental,1,1,0,35863,0.000,0.000,0.000,0,0.000,8.529
Data-Oriented CPU ROAM,1,0,4,RelWithDebInfo,OpenGL,NVIDIA GeForce RTX 5090 D/PCIe/SSE2,4.1.0 NVIDIA 591.86,false,assets/heightmaps/Hm_Terrain_Peking_513.png,547,547,599997,199999,1,17,64,0.270,4.908,-7.212,19.260,57.550,272.349,0.000,0.000,235.228,3,80.000,12.000,20,0.250,0.100,200000,false,true,false,true,false,automatic,automatic,automatic,automatic,automatic,automatic,0,0,0,0,0,32,160,0,both,18,3588831899230453524,2487873219934328708,17735542073906748983,15199308462619871558,14181217687350337688,200000,0,0,0,1,1,0,0,0,0,119.919,199999,847018,0,168380,31619,199997,14298,7231,14299,0,9602,233572,199999,33441,5127,167266,0,61079,138920,34986,5128,5128,0,0,0,0,10261272,0,8,160,0,160,0,0,0,0,802,6,6,1586,0,0,802,51,106.609,117.106,6.867,3.007,22.371,0.000,0.000,0.000,0.000,0.000,28.608,0.179,0.842,0.495,0.004,3.630,17.141,0.000,0.000,7.484,28.612,0.000,9.178,29.089,8.321,0.000,50.842,25.378,9.178,0.000,20,false,false,0,0,0.000,0.000,notRun,0,0,0,0,0,0,0,0,0,0,0,0,0,0,0.000,0.000,0.000,0.000,0.000,0.000,0.000,0.000,notRun,0,0,0,0,0,0,0,0,0,0,0,0,0,0,0.000,0.000,0.000,0.000,0.000,0.000,0.000,0.000,false,false,0,0,0.000,0.000,notRun,0,0,0,0,0,0,0,0,0,0,0,0,0,0,0.000,0.000,0.000,0.000,0.000,0.000,0.000,0.000,notRun,0,0,0,0,0,0,0,0,0,0,0,0,0,0,0.000,0.000,0.000,0.000,0.000,0.000,0.000,0.000,automatic,parallelFullRefresh,none,incremental,fullAllCurrentEntries,notApplicable,0,8,33504,0,2.750,0.256,0.000,81475,9.097,3.007,automatic,parallelFullRefresh,none,incremental,fullAllCurrentEntries,notApplicable,0,8,195924,0,6.379,1.106,0.000,85791,11.578,7.484,automatic,parallelAssisted,none,incremental,notApplicable,incremental,0,6,853,0,0.000,0.000,0.032,0,0.000,22.325,serialImmediate,serialImmediate,none,incremental,notApplicable,incremental,1,1,195924,0,0.000,0.000,0.000,0,0.000,28.608,automatic,parallelDirty,none,notApplicable,notApplicable,incremental,0,8,0,61079,0.000,0.000,0.000,0,0.000,9.178,dirtyRange,dirtyRange,none,notApplicable,notApplicable,incremental,1,1,0,34986,0.000,0.000,0.000,0,0.000,8.321
Data-Oriented CPU ROAM,1,0,4,RelWithDebInfo,OpenGL,NVIDIA GeForce RTX 5090 D/PCIe/SSE2,4.1.0 NVIDIA 591.86,false,assets/heightmaps/Hm_Terrain_Peking_513.png,547,547,599997,199999,1,18,64,0.286,5.175,-12.906,18.698,56.546,267.389,0.000,0.000,242.565,3,80.000,12.000,20,0.250,0.100,200000,false,true,false,true,false,automatic,automatic,automatic,automatic,automatic,automatic,0,0,0,0,0,32,160,0,both,19,11765761320066413723,12718344502534008569,15886483787497277154,2887509691713464662,13543176309830874428,200000,0,0,0,1,1,0,0,0,0,121.737,199999,871604,0,167595,32404,199997,14981,7663,14981,0,10534,233779,199999,33658,4708,178727,0,60002,139997,34555,4709,4709,0,0,0,0,10080336,0,8,160,0,160,0,0,0,0,979,7,7,1953,0,0,979,49,112.347,99.991,7.357,2.974,24.168,0.000,0.000,0.000,0.000,0.000,31.030,0.223,1.057,0.245,0.013,4.403,18.139,0.000,0.000,7.396,31.035,0.000,8.984,30.433,8.091,0.000,52.839,27.142,8.984,0.000,20,false,false,0,0,0.000,0.000,notRun,0,0,0,0,0,0,0,0,0,0,0,0,0,0,0.000,0.000,0.000,0.000,0.000,0.000,0.000,0.000,notRun,0,0,0,0,0,0,0,0,0,0,0,0,0,0,0.000,0.000,0.000,0.000,0.000,0.000,0.000,0.000,false,false,0,0,0.000,0.000,notRun,0,0,0,0,0,0,0,0,0,0,0,0,0,0,0.000,0.000,0.000,0.000,0.000,0.000,0.000,0.000,notRun,0,0,0,0,0,0,0,0,0,0,0,0,0,0,0.000,0.000,0.000,0.000,0.000,0.000,0.000,0.000,automatic,parallelFullRefresh,none,incremental,fullAllCurrentEntries,notApplicable,0,8,33441,0,2.711,0.263,0.000,88841,9.848,2.974,automatic,parallelFullRefresh,none,incremental,fullAllCurrentEntries,notApplicable,0,8,194428,0,6.247,1.148,0.000,89886,12.674,7.396,automatic,parallelAssisted,none,incremental,notApplicable,incremental,0,7,1028,0,0.000,0.000,0.033,0,0.000,24.113,serialImmediate,serialImmediate,none,incremental,notApplicable,incremental,1,1,194428,0,0.000,0.000,0.000,0,0.000,31.030,automatic,parallelDirty,none,notApplicable,notApplicable,incremental,0,8,0,60002,0.000,0.000,0.000,0,0.000,8.984,dirtyRange,dirtyRange,none,notApplicable,notApplicable,incremental,1,1,0,34555,0.000,0.000,0.000,0,0.000,8.091
Data-Oriented CPU ROAM,1,0,4,RelWithDebInfo,OpenGL,NVIDIA GeForce RTX 5090 D/PCIe/SSE2,4.1.0 NVIDIA 591.86,false,assets/heightmaps/Hm_Terrain_Peking_513.png,547,547,600000,200000,1,19,64,0.302,5.448,-18.472,18.189,54.980,273.189,0.000,0.000,249.943,3,80.000,12.000,20,0.250,0.100,200000,false,true,false,true,false,automatic,automatic,automatic,automatic,automatic,automatic,0,0,0,0,0,32,160,0,both,20,17057726148893072504,18323998568648012168,11814088152895883178,1599982620948340860,17110547586156410951,200000,0,0,0,1,1,0,0,0,0,120.760,200000,899688,0,163118,36882,199998,17923,9200,17922,0,11898,233769,200000,33508,4576,209181,0,63307,136693,34687,4577,4577,0,0,0,0,10635576,0,8,160,0,160,0,0,0,0,1605,6,6,3197,0,0,1605,36,120.518,103.477,6.849,2.756,28.600,0.000,0.000,0.000,0.000,0.000,35.015,0.295,1.650,0.346,0.019,7.038,19.131,0.000,0.000,7.349,35.019,0.000,9.881,30.063,8.264,0.000,55.898,31.356,9.881,0.000,20,false,false,0,0,0.000,0.000,notRun,0,0,0,0,0,0,0,0,0,0,0,0,0,0,0.000,0.000,0.000,0.000,0.000,0.000,0.000,0.000,notRun,0,0,0,0,0,0,0,0,0,0,0,0,0,0,0.000,0.000,0.000,0.000,0.000,0.000,0.000,0.000,false,false,0,0,0.000,0.000,notRun,0,0,0,0,0,0,0,0,0,0,0,0,0,0,0.000,0.000,0.000,0.000,0.000,0.000,0.000,0.000,notRun,0,0,0,0,0,0,0,0,0,0,0,0,0,0,0.000,0.000,0.000,0.000,0.000,0.000,0.000,0.000,automatic,parallelFullRefresh,none,incremental,fullAllCurrentEntries,notApplicable,0,8,33658,0,2.466,0.290,0.000,101646,10.941,2.756,automatic,parallelFullRefresh,none,incremental,fullAllCurrentEntries,notApplicable,0,8,191223,0,6.294,1.055,0.000,107535,14.246,7.349,automatic,parallelAssisted,none,incremental,notApplicable,incremental,0,6,1641,0,0.000,0.000,0.038,0,0.000,28.517,serialImmediate,serialImmediate,none,incremental,notApplicable,incremental,1,1,191223,0,0.000,0.000,0.000,0,0.000,35.015,automatic,parallelDirty,none,notApplicable,notApplicable,incremental,0,8,0,63307,0.000,0.000,0.000,0,0.000,9.881,dirtyRange,dirtyRange,none,notApplicable,notApplicable,incremental,1,1,0,34687,0.000,0.000,0.000,0,0.000,8.264
Data-Oriented CPU ROAM,1,0,4,RelWithDebInfo,OpenGL,NVIDIA GeForce RTX 5090 D/PCIe/SSE2,4.1.0 NVIDIA 591.86,false,assets/heightmaps/Hm_Terrain_Peking_513.png,547,547,599997,199999,1,20,64,0.317,5.731,-23.855,17.751,52.867,282.583,0.000,0.000,275.374,3,80.000,12.000,20,0.250,0.100,200000,false,true,false,true,false,automatic,automatic,automatic,automatic,automatic,automatic,0,0,0,0,0,32,160,0,both,21,4429436316164010888,9768216618377063536,1454652581396991471,11498230909133241994,6877644868321707714,200000,0,0,0,1,1,0,0,0,0,124.141,199999,927200,0,162169,37830,199997,18182,9182,18183,0,11762,233841,199999,33465,4638,211870,0,64938,135061,35672,4639,4639,0,0,0,0,10909584,0,8,160,0,160,0,0,0,0,1541,6,6,3082,0,0,1541,30,142.253,99.598,7.194,2.814,29.011,0.000,0.000,0.000,0.000,0.000,55.588,0.270,1.607,0.594,0.024,6.679,19.727,0.000,0.000,7.431,55.594,0.000,10.230,29.978,8.595,0.000,77.411,31.825,10.230,0.000,20,false,false,0,0,0.000,0.000,notRun,0,0,0,0,0,0,0,0,0,0,0,0,0,0,0.000,0.000,0.000,0.000,0.000,0.000,0.000,0.000,notRun,0,0,0,0,0,0,0,0,0,0,0,0,0,0,0.000,0.000,0.000,0.000,0.000,0.000,0.000,0.000,false,false,0,0,0.000,0.000,notRun,0,0,0,0,0,0,0,0,0,0,0,0,0,0,0.000,0.000,0.000,0.000,0.000,0.000,0.000,0.000,notRun,0,0,0,0,0,0,0,0,0,0,0,0,0,0,0.000,0.000,0.000,0.000,0.000,0.000,0.000,0.000,automatic,parallelFullRefresh,none,incremental,fullAllCurrentEntries,notApplicable,0,8,33508,0,2.489,0.326,0.000,102775,11.466,2.814,automatic,parallelFullRefresh,none,incremental,fullAllCurrentEntries,notApplicable,0,8,191122,0,6.384,1.048,0.000,109095,15.057,7.431,automatic,parallelAssisted,none,incremental,notApplicable,incremental,0,6,1571,0,0.000,0.000,0.037,0,0.000,28.938,serialImmediate,serialImmediate,none,incremental,notApplicable,incremental,1,1,191122,0,0.000,0.000,0.000,0,0.000,55.588,automatic,parallelDirty,none,notApplicable,notApplicable,incremental,0,8,0,64938,0.000,0.000,0.000,0,0.000,10.230,dirtyRange,dirtyRange,none,notApplicable,notApplicable,incremental,1,1,0,35672,0.000,0.000,0.000,0,0.000,8.595
Data-Oriented CPU ROAM,1,0,4,RelWithDebInfo,OpenGL,NVIDIA GeForce RTX 5090 D/PCIe/SSE2,4.1.0 NVIDIA 591.86,false,assets/heightmaps/Hm_Terrain_Peking_513.png,547,547,599997,199999,1,21,64,0.333,6.038,-29.000,17.402,50.229,307.174,0.000,0.000,254.987,3,80.000,12.000,20,0.250,0.100,200000,false,true,false,true,false,automatic,automatic,automatic,automatic,automatic,automatic,0,0,0,0,0,32,160,0,both,22,9812319065817320684,15077720415661972525,18130635415174804634,6619712385569701,838265267417251517,200000,0,0,0,1,1,0,0,0,0,122.780,199999,954126,0,163344,36655,199997,17457,8796,17457,0,11441,233802,199999,33473,4409,204084,0,67883,132116,37157,4410,4410,0,0,0,0,11404344,0,8,160,0,160,0,0,0,0,1454,6,6,2908,0,0,1454,69,122.924,146.083,7.104,2.904,28.593,0.000,0.000,0.000,0.000,0.000,36.943,0.269,1.538,0.591,0.018,6.612,19.461,0.000,0.000,7.720,36.949,0.000,10.299,29.354,8.896,0.000,58.695,31.497,10.299,0.000,20,false,false,0,0,0.000,0.000,notRun,0,0,0,0,0,0,0,0,0,0,0,0,0,0,0.000,0.000,0.000,0.000,0.000,0.000,0.000,0.000,notRun,0,0,0,0,0,0,0,0,0,0,0,0,0,0,0.000,0.000,0.000,0.000,0.000,0.000,0.000,0.000,false,false,0,0,0.000,0.000,notRun,0,0,0,0,0,0,0,0,0,0,0,0,0,0,0.000,0.000,0.000,0.000,0.000,0.000,0.000,0.000,notRun,0,0,0,0,0,0,0,0,0,0,0,0,0,0,0.000,0.000,0.000,0.000,0.000,0.000,0.000,0.000,automatic,parallelFullRefresh,none,incremental,fullAllCurrentEntries,notApplicable,0,8,33465,0,2.614,0.290,0.000,99342,11.087,2.904,automatic,parallelFullRefresh,none,incremental,fullAllCurrentEntries,notApplicable,0,8,191409,0,6.518,1.202,0.000,104742,14.086,7.720,automatic,parallelAssisted,none,incremental,notApplicable,incremental,0,6,1523,0,0.000,0.000,0.034,0,0.000,28.521,serialImmediate,serialImmediate,none,incremental,notApplicable,incremental,1,1,191409,0,0.000,0.000,0.000,0,0.000,36.943,automatic,parallelDirty,none,notApplicable,notApplicable,incremental,0,8,0,67883,0.000,0.000,0.000,0,0.000,10.299,dirtyRange,dirtyRange,none,notApplicable,notApplicable,incremental,1,1,0,37157,0.000,0.000,0.000,0,0.000,8.896
Data-Oriented CPU ROAM,1,0,4,RelWithDebInfo,OpenGL,NVIDIA GeForce RTX 5090 D/PCIe/SSE2,4.1.0 NVIDIA 591.86,false,assets/heightmaps/Hm_Terrain_Peking_513.png,547,547,599997,199999,1,22,64,0.349,6.327,-33.857,17.156,47.092,288.985,0.000,0.000,255.315,3,80.000,12.000,20,0.250,0.100,200000,false,true,false,true,false,automatic,automatic,automatic,automatic,automatic,automatic,0,0,0,0,0,32,160,0,both,23,15313080645142623424,13137791350344150494,18250664861099904845,14045003542258285643,11757914711316819410,200000,0,0,0,1,1,0,0,0,0,123.236,199999,978124,0,165254,34745,199997,16428,8321,16428,0,10538,233796,199999,33444,4742,190907,0,67754,132245,37381,4743,4743,0,0,0,0,11382672,0,8,160,0,160,0,0,0,0,1151,5,5,2296,0,0,1151,55,122.702,101.526,7.105,2.950,28.363,0.000,0.000,0.000,0.000,0.000,36.329,0.225,1.227,0.397,0.004,5.260,21.159,0.000,0.000,8.128,36.335,0.000,10.431,29.389,8.993,0.000,61.073,31.313,10.431,0.000,20,false,false,0,0,0.000,0.000,notRun,0,0,0,0,0,0,0,0,0,0,0,0,0,0,0.000,0.000,0.000,0.000,0.000,0.000,0.000,0.000,notRun,0,0,0,0,0,0,0,0,0,0,0,0,0,0,0.000,0.000,0.000,0.000,0.000,0.000,0.000,0.000,false,false,0,0,0.000,0.000,notRun,0,0,0,0,0,0,0,0,0,0,0,0,0,0,0.000,0.000,0.000,0.000,0.000,0.000,0.000,0.000,notRun,0,0,0,0,0,0,0,0,0,0,0,0,0,0,0.000,0.000,0.000,0.000,0.000,0.000,0.000,0.000,automatic,parallelFullRefresh,none,incremental,fullAllCurrentEntries,notApplicable,0,8,33473,0,2.661,0.290,0.000,92339,10.801,2.950,automatic,parallelFullRefresh,none,incremental,fullAllCurrentEntries,notApplicable,0,8,193066,0,6.927,1.201,0.000,98568,13.966,8.128,automatic,parallelAssisted,none,incremental,notApplicable,incremental,0,5,1206,0,0.000,0.000,0.031,0,0.000,28.302,serialImmediate,serialImmediate,none,incremental,notApplicable,incremental,1,1,193066,0,0.000,0.000,0.000,0,0.000,36.329,automatic,parallelDirty,none,notApplicable,notApplicable,incremental,0,8,0,67754,0.000,0.000,0.000,0,0.000,10.431,dirtyRange,dirtyRange,none,notApplicable,notApplicable,incremental,1,1,0,37381,0.000,0.000,0.000,0,0.000,8.993
Data-Oriented CPU ROAM,1,0,4,RelWithDebInfo,OpenGL,NVIDIA GeForce RTX 5090 D/PCIe/SSE2,4.1.0 NVIDIA 591.86,false,assets/heightmaps/Hm_Terrain_Peking_513.png,547,547,600000,200000,1,23,64,0.365,6.617,-38.378,17.023,43.487,290.098,0.000,0.000,247.276,3,80.000,12.000,20,0.250,0.100,200000,false,true,false,true,false,automatic,automatic,automatic,automatic,automatic,automatic,0,0,0,0,0,32,160,0,both,24,11253620300214541990,6468255570671903217,13110756096065449747,6432455637644858164,15828634045359618972,200000,0,0,0,1,1,0,0,0,0,122.356,200000,1001018,0,165764,34236,199998,16207,8213,16206,0,9599,233711,200000,33422,5315,187623,0,65299,134701,36983,5316,5316,0,0,0,0,10970232,0,8,160,0,160,0,0,0,0,902,5,5,1804,0,0,902,32,115.697,183.531,7.174,2.696,24.944,0.000,0.000,0.000,0.000,0.000,32.067,0.185,0.959,0.361,0.010,4.034,19.314,0.000,0.000,7.971,32.072,0.000,10.228,30.610,8.812,0.000,55.732,27.641,10.228,0.000,20,false,false,0,0,0.000,0.000,notRun,0,0,0,0,0,0,0,0,0,0,0,0,0,0,0.000,0.000,0.000,0.000,0.000,0.000,0.000,0.000,notRun,0,0,0,0,0,0,0,0,0,0,0,0,0,0,0.000,0.000,0.000,0.000,0.000,0.000,0.000,0.000,false,false,0,0,0.000,0.000,notRun,0,0,0,0,0,0,0,0,0,0,0,0,0,0,0.000,0.000,0.000,0.000,0.000,0.000,0.000,0.000,notRun,0,0,0,0,0,0,0,0,0,0,0,0,0,0,0.000,0.000,0.000,0.000,0.000,0.000,0.000,0.000,automatic,parallelFullRefresh,none,incremental,fullAllCurrentEntries,notApplicable,0,8,33444,0,2.432,0.264,0.000,90384,9.831,2.696,automatic,parallelFullRefresh,none,incremental,fullAllCurrentEntries,notApplicable,0,8,194509,0,6.693,1.278,0.000,97239,12.697,7.971,automatic,parallelAssisted,none,incremental,notApplicable,incremental,0,5,934,0,0.000,0.000,0.032,0,0.000,24.896,serialImmediate,serialImmediate,none,incremental,notApplicable,incremental,1,1,194509,0,0.000,0.000,0.000,0,0.000,32.067,automatic,parallelDirty,none,notApplicable,notApplicable,incremental,0,8,0,65299,0.000,0.000,0.000,0,0.000,10.228,dirtyRange,dirtyRange,none,notApplicable,notApplicable,incremental,1,1,0,36983,0.000,0.000,0.000,0,0.000,8.812
Data-Oriented CPU ROAM,1,0,4,RelWithDebInfo,OpenGL,NVIDIA GeForce RTX 5090 D/PCIe/SSE2,4.1.0 NVIDIA 591.86,false,assets/heightmaps/Hm_Terrain_Peking_513.png,547,547,599997,199999,1,24,64,0.381,6.899,-42.517,17.008,39.450,281.695,0.000,0.000,248.007,3,80.000,12.000,20,0.250,0.100,200000,false,true,false,true,false,automatic,automatic,automatic,automatic,automatic,automatic,0,0,0,0,0,32,160,0,both,25,7527608695780837155,6823856870244076732,13651081414696752035,10721349032707905682,3831294836474750262,200000,0,0,0,1,1,0,0,0,0,123.601,199999,1023700,0,164645,35354,199997,16737,8552,16738,0,11647,233540,199999,33351,6071,189766,0,65113,134886,37318,6072,6072,0,0,0,0,10938984,0,8,160,0,160,0,0,0,0,786,5,5,1572,0,0,786,24,115.373,189.382,7.032,3.332,25.568,0.000,0.000,0.000,0.000,0.000,31.800,0.179,0.962,0.364,0.003,3.677,20.306,0.000,0.000,7.855,31.804,0.000,9.884,29.897,8.662,0.000,57.029,28.900,9.884,0.000,20,false,false,0,0,0.000,0.000,notRun,0,0,0,0,0,0,0,0,0,0,0,0,0,0,0.000,0.000,0.000,0.000,0.000,0.000,0.000,0.000,notRun,0,0,0,0,0,0,0,0,0,0,0,0,0,0,0.000,0.000,0.000,0.000,0.000,0.000,0.000,0.000,false,false,0,0,0.000,0.000,notRun,0,0,0,0,0,0,0,0,0,0,0,0,0,0,0.000,0.000,0.000,0.000,0.000,0.000,0.000,0.000,notRun,0,0,0,0,0,0,0,0,0,0,0,0,0,0,0.000,0.000,0.000,0.000,0.000,0.000,0.000,0.000,automatic,parallelFullRefresh,none,incremental,fullAllCurrentEntries,notApplicable,0,8,33422,0,3.075,0.257,0.000,89341,9.473,3.332,automatic,parallelFullRefresh,none,incremental,fullAllCurrentEntries,notApplicable,0,8,195446,0,6.590,1.265,0.000,100425,13.046,7.855,automatic,parallelAssisted,none,incremental,notApplicable,incremental,0,5,810,0,0.000,0.000,0.029,0,0.000,25.520,serialImmediate,serialImmediate,none,incremental,notApplicable,incremental,1,1,195446,0,0.000,0.000,0.000,0,0.000,31.800,automatic,parallelDirty,none,notApplicable,notApplicable,incremental,0,8,0,65113,0.000,0.000,0.000,0,0.000,9.884,dirtyRange,dirtyRange,none,notApplicable,notApplicable,incremental,1,1,0,37318,0.000,0.000,0.000,0,0.000,8.662
Data-Oriented CPU ROAM,1,0,4,RelWithDebInfo,OpenGL,NVIDIA GeForce RTX 5090 D/PCIe/SSE2,4.1.0 NVIDIA 591.86,false,assets/heightmaps/Hm_Terrain_Peking_513.png,547,547,600000,200000,1,25,64,0.397,7.180,-46.234,17.112,35.021,280.613,0.000,0.000,262.376,3,80.000,12.000,20,0.250,0.100,200000,false,true,false,true,false,automatic,automatic,automatic,automatic,automatic,automatic,0,0,0,0,0,32,160,0,both,26,10584851340606564996,6799830235164784937,4949422445672159251,2339991967096535759,17251279394026963017,200000,0,0,0,1,1,0,0,0,0,127.871,200000,1047560,0,161366,38634,199998,18664,9442,18663,0,12458,233609,200000,33413,6131,214997,0,68544,131456,38086,6132,6132,0,0,0,0,11515392,0,8,160,0,160,0,0,0,0,1111,5,5,2222,0,0,1111,32,125.134,185.050,7.320,3.025,28.955,0.000,0.000,0.000,0.000,0.000,37.471,0.221,1.179,0.713,0.012,4.976,21.762,0.000,0.000,7.635,37.476,0.000,10.687,30.035,8.984,0.000,62.862,31.979,10.687,0.000,20,false,false,0,0,0.000,0.000,notRun,0,0,0,0,0,0,0,0,0,0,0,0,0,0,0.000,0.000,0.000,0.000,0.000,0.000,0.000,0.000,notRun,0,0,0,0,0,0,0,0,0,0,0,0,0,0,0.000,0.000,0.000,0.000,0.000,0.000,0.000,0.000,false,false,0,0,0.000,0.000,notRun,0,0,0,0,0,0,0,0,0,0,0,0,0,0,0.000,0.000,0.000,0.000,0.000,0.000,0.000,0.000,notRun,0,0,0,0,0,0,0,0,0,0,0,0,0,0,0.000,0.000,0.000,0.000,0.000,0.000,0.000,0.000,automatic,parallelFullRefresh,none,incremental,fullAllCurrentEntries,notApplicable,0,8,33351,0,2.751,0.274,0.000,103016,11.147,3.025,automatic,parallelFullRefresh,none,incremental,fullAllCurrentEntries,notApplicable,0,8,193610,0,6.398,1.238,0.000,111981,14.997,7.635,automatic,parallelAssisted,none,incremental,notApplicable,incremental,0,5,1143,0,0.000,0.000,0.033,0,0.000,28.897,serialImmediate,serialImmediate,none,incremental,notApplicable,incremental,1,1,193610,0,0.000,0.000,0.000,0,0.000,37.471,automatic,parallelDirty,none,notApplicable,notApplicable,incremental,0,8,0,68544,0.000,0.000,0.000,0,0.000,10.687,dirtyRange,dirtyRange,none,notApplicable,notApplicable,incremental,1,1,0,38086,0.000,0.000,0.000,0,0.000,8.984
Data-Oriented CPU ROAM,1,0,4,RelWithDebInfo,OpenGL,NVIDIA GeForce RTX 5090 D/PCIe/SSE2,4.1.0 NVIDIA 591.86,false,assets/heightmaps/Hm_Terrain_Peking_513.png,547,547,600000,200000,1,26,64,0.413,7.478,-49.491,17.330,30.243,297.987,0.000,0.000,249.136,3,80.000,12.000,20,0.250,0.100,200000,false,true,false,true,false,automatic,automatic,automatic,automatic,automatic,automatic,0,0,0,0,0,32,160,0,both,27,8815088540097141580,6856120173095685496,6755707351171696626,5273430230920304774,9829827555373913894,200000,0,0,0,1,1,0,0,0,0,120.942,200000,1071046,0,163249,36751,199998,17064,8616,17064,0,10577,233732,200000,33495,5302,199638,0,69002,130998,38321,5303,5303,0,0,0,0,11592336,0,8,160,0,160,0,0,0,0,1053,5,5,2106,0,0,1053,48,118.740,188.796,6.906,3.017,26.571,0.000,0.000,0.000,0.000,0.000,34.645,0.221,1.192,0.433,0.015,4.965,19.648,0.000,0.000,8.025,34.651,0.000,10.649,28.922,9.038,0.000,57.962,29.588,10.649,0.000,20,false,false,0,0,0.000,0.000,notRun,0,0,0,0,0,0,0,0,0,0,0,0,0,0,0.000,0.000,0.000,0.000,0.000,0.000,0.000,0.000,notRun,0,0,0,0,0,0,0,0,0,0,0,0,0,0,0.000,0.000,0.000,0.000,0.000,0.000,0.000,0.000,false,false,0,0,0.000,0.000,notRun,0,0,0,0,0,0,0,0,0,0,0,0,0,0,0.000,0.000,0.000,0.000,0.000,0.000,0.000,0.000,notRun,0,0,0,0,0,0,0,0,0,0,0,0,0,0,0.000,0.000,0.000,0.000,0.000,0.000,0.000,0.000,automatic,parallelFullRefresh,none,incremental,fullAllCurrentEntries,notApplicable,0,8,33413,0,2.710,0.307,0.000,97254,11.021,3.017,automatic,parallelFullRefresh,none,incremental,fullAllCurrentEntries,notApplicable,0,8,193545,0,6.810,1.215,0.000,102384,13.584,8.025,automatic,parallelAssisted,none,incremental,notApplicable,incremental,0,5,1101,0,0.000,0.000,0.037,0,0.000,26.512,serialImmediate,serialImmediate,none,incremental,notApplicable,incremental,1,1,193545,0,0.000,0.000,0.000,0,0.000,34.645,automatic,parallelDirty,none,notApplicable,notApplicable,incremental,0,8,0,69002,0.000,0.000,0.000,0,0.000,10.649,dirtyRange,dirtyRange,none,notApplicable,notApplicable,incremental,1,1,0,38321,0.000,0.000,0.000,0,0.000,9.038
Data-Oriented CPU ROAM,1,0,4,RelWithDebInfo,OpenGL,NVIDIA GeForce RTX 5090 D/PCIe/SSE2,4.1.0 NVIDIA 591.86,false,assets/heightmaps/Hm_Terrain_Peking_513.png,547,547,599997,199999,1,27,64,0.429,7.763,-52.256,17.655,25.165,285.268,0.000,0.000,243.267,3,80.000,12.000,20,0.250,0.100,200000,false,true,false,true,false,automatic,automatic,automatic,automatic,automatic,automatic,0,0,0,0,0,32,160,0,both,28,15527346434681176432,13694642725100243212,2831052878605794719,5762973321056412728,12734620768752655158,200000,0,0,0,1,1,0,0,0,0,122.337,199999,1092704,0,166475,33524,199997,15121,7684,15122,0,10711,233813,199999,33476,4966,179266,0,65742,134257,37712,4967,4967,0,0,0,0,11044656,0,8,160,0,160,0,0,0,0,890,5,5,1780,0,0,890,27,111.744,133.322,7.090,3.025,23.606,0.000,0.000,0.000,0.000,0.000,31.203,0.191,0.979,0.305,0.012,3.985,18.054,0.000,0.000,7.832,31.207,0.000,9.949,29.033,8.786,0.000,53.595,26.631,9.949,0.000,20,false,false,0,0,0.000,0.000,notRun,0,0,0,0,0,0,0,0,0,0,0,0,0,0,0.000,0.000,0.000,0.000,0.000,0.000,0.000,0.000,notRun,0,0,0,0,0,0,0,0,0,0,0,0,0,0,0.000,0.000,0.000,0.000,0.000,0.000,0.000,0.000,false,false,0,0,0.000,0.000,notRun,0,0,0,0,0,0,0,0,0,0,0,0,0,0,0.000,0.000,0.000,0.000,0.000,0.000,0.000,0.000,notRun,0,0,0,0,0,0,0,0,0,0,0,0,0,0,0.000,0.000,0.000,0.000,0.000,0.000,0.000,0.000,automatic,parallelFullRefresh,none,incremental,fullAllCurrentEntries,notApplicable,0,8,33495,0,2.758,0.267,0.000,88537,9.953,3.025,automatic,parallelFullRefresh,none,incremental,fullAllCurrentEntries,notApplicable,0,8,194820,0,6.577,1.255,0.000,90729,12.297,7.832,automatic,parallelAssisted,none,incremental,notApplicable,incremental,0,5,917,0,0.000,0.000,0.032,0,0.000,23.559,serialImmediate,serialImmediate,none,incremental,notApplicable,incremental,1,1,194820,0,0.000,0.000,0.000,0,0.000,31.203,automatic,parallelDirty,none,notApplicable,notApplicable,incremental,0,8,0,65742,0.000,0.000,0.000,0,0.000,9.949,dirtyRange,dirtyRange,none,notApplicable,notApplicable,incremental,1,1,0,37712,0.000,0.000,0.000,0,0.000,8.786
Data-Oriented CPU ROAM,1,0,4,RelWithDebInfo,OpenGL,NVIDIA GeForce RTX 5090 D/PCIe/SSE2,4.1.0 NVIDIA 591.86,false,assets/heightmaps/Hm_Terrain_Peking_513.png,547,547,600000,200000,1,28,64,0.444,8.041,-54.502,18.072,19.837,278.201,0.000,0.000,238.028,3,80.000,12.000,20,0.250,0.100,200000,false,true,false,true,false,automatic,automatic,automatic,automatic,automatic,automatic,0,0,0,0,0,32,160,0,both,29,9519085702236904040,6230683355398155042,9888563655938865868,13347646568529250384,12436952546290142025,200000,0,0,0,1,1,0,0,0,0,121.022,200000,1113206,0,168232,31768,199998,14336,7290,14335,0,9511,233772,200000,33465,4834,169510,0,61395,138605,36941,4835,4835,0,0,0,0,10314360,0,8,160,0,160,0,0,0,0,848,5,5,1688,0,0,848,12,109.340,149.022,6.967,2.996,22.461,0.000,0.000,0.000,0.000,0.000,29.689,0.178,0.901,0.372,0.005,3.935,16.995,0.000,0.000,8.008,29.693,0.000,9.636,29.579,7.271,0.000,51.676,25.457,9.636,0.000,20,false,false,0,0,0.000,0.000,notRun,0,0,0,0,0,0,0,0,0,0,0,0,0,0,0.000,0.000,0.000,0.000,0.000,0.000,0.000,0.000,notRun,0,0,0,0,0,0,0,0,0,0,0,0,0,0,0.000,0.000,0.000,0.000,0.000,0.000,0.000,0.000,false,false,0,0,0.000,0.000,notRun,0,0,0,0,0,0,0,0,0,0,0,0,0,0,0.000,0.000,0.000,0.000,0.000,0.000,0.000,0.000,notRun,0,0,0,0,0,0,0,0,0,0,0,0,0,0,0.000,0.000,0.000,0.000,0.000,0.000,0.000,0.000,automatic,parallelFullRefresh,none,incremental,fullAllCurrentEntries,notApplicable,0,8,33476,0,2.738,0.258,0.000,83497,9.323,2.996,automatic,parallelFullRefresh,none,incremental,fullAllCurrentEntries,notApplicable,0,8,195319,0,6.820,1.188,0.000,86013,12.040,8.008,automatic,parallelAssisted,none,incremental,notApplicable,incremental,0,5,860,0,0.000,0.000,0.029,0,0.000,22.415,serialImmediate,serialImmediate,none,incremental,notApplicable,incremental,1,1,195319,0,0.000,0.000,0.000,0,0.000,29.689,automatic,parallelDirty,none,notApplicable,notApplicable,incremental,0,8,0,61395,0.000,0.000,0.000,0,0.000,9.636,dirtyRange,dirtyRange,none,notApplicable,notApplicable,incremental,1,1,0,36941,0.000,0.000,0.000,0,0.000,7.271
Data-Oriented CPU ROAM,1,0,4,RelWithDebInfo,OpenGL,NVIDIA GeForce RTX 5090 D/PCIe/SSE2,4.1.0 NVIDIA 591.86,false,assets/heightmaps/Hm_Terrain_Peking_513.png,547,547,600000,200000,1,29,64,0.460,8.311,-56.206,18.565,14.312,269.502,0.000,0.000,241.144,3,80.000,12.000,20,0.250,0.100,200000,false,true,false,true,false,automatic,automatic,automatic,automatic,automatic,automatic,0,0,0,0,0,32,160,0,both,30,13518188847597210740,15109329511028966282,4722452041654089608,18009542120423971300,6360625776249671492,200000,0,0,0,1,1,0,0,0,0,120.998,200000,1134926,0,166265,33735,199998,15312,7824,15312,0,10753,233718,200000,33572,5365,181397,0,62079,137921,37624,5366,5366,0,0,0,0,10429272,0,8,160,0,160,0,0,0,0,789,7,7,1570,0,0,789,36,111.210,147.835,7.028,2.959,23.848,0.000,0.000,0.000,0.000,0.000,31.324,0.165,0.847,0.236,0.003,3.520,19.004,0.000,0.000,7.762,31.328,0.000,9.728,28.556,8.539,0.000,55.193,26.806,9.728,0.000,20,false,false,0,0,0.000,0.000,notRun,0,0,0,0,0,0,0,0,0,0,0,0,0,0,0.000,0.000,0.000,0.000,0.000,0.000,0.000,0.000,notRun,0,0,0,0,0,0,0,0,0,0,0,0,0,0,0.000,0.000,0.000,0.000,0.000,0.000,0.000,0.000,false,false,0,0,0.000,0.000,notRun,0,0,0,0,0,0,0,0,0,0,0,0,0,0,0.000,0.000,0.000,0.000,0.000,0.000,0.000,0.000,notRun,0,0,0,0,0,0,0,0,0,0,0,0,0,0,0.000,0.000,0.000,0.000,0.000,0.000,0.000,0.000,automatic,parallelFullRefresh,none,incremental,fullAllCurrentEntries,notApplicable,0,8,33465,0,2.654,0.304,0.000,89525,9.936,2.959,automatic,parallelFullRefresh,none,incremental,fullAllCurrentEntries,notApplicable,0,8,195426,0,6.577,1.185,0.000,91872,13.007,7.762,automatic,parallelAssisted,none,incremental,notApplicable,incremental,0,7,825,0,0.000,0.000,0.029,0,0.000,23.804,serialImmediate,serialImmediate,none,incremental,notApplicable,incremental,1,1,195426,0,0.000,0.000,0.000,0,0.000,31.324,automatic,parallelDirty,none,notApplicable,notApplicable,incremental,0,8,0,62079,0.000,0.000,0.000,0,0.000,9.728,dirtyRange,dirtyRange,none,notApplicable,notApplicable,incremental,1,1,0,37624,0.000,0.000,0.000,0,0.000,8.539
Data-Oriented CPU ROAM,1,0,4,RelWithDebInfo,OpenGL,NVIDIA GeForce RTX 5090 D/PCIe/SSE2,4.1.0 NVIDIA 591.86,false,assets/heightmaps/Hm_Terrain_Peking_513.png,547,547,600000,200000,1,30,64,0.476,8.587,-57.352,19.116,8.644,276.299,0.000,0.000,245.342,3,80.000,12.000,20,0.250,0.100,200000,false,true,false,true,false,automatic,automatic,automatic,automatic,automatic,automatic,0,0,0,0,0,32,160,0,both,31,12799951195141729658,15337671370646515645,6452947698764962839,3004704494145134798,15460748289941399559,200000,0,0,0,1,1,0,0,0,0,123.523,200000,1156264,0,165660,34340,199998,15483,7916,15483,0,10070,233751,200000,33515,5638,181205,0,64043,135957,38541,5639,5639,0,0,0,0,10759224,0,8,160,0,160,0,0,0,0,721,7,7,1435,0,0,721,40,112.566,145.402,8.049,3.044,23.899,0.000,0.000,0.000,0.000,0.000,30.791,0.158,0.762,0.211,0.005,3.283,19.404,0.000,0.000,7.996,30.797,0.000,9.558,29.222,8.844,0.000,55.411,26.943,9.558,0.000,20,false,false,0,0,0.000,0.000,notRun,0,0,0,0,0,0,0,0,0,0,0,0,0,0,0.000,0.000,0.000,0.000,0.000,0.000,0.000,0.000,notRun,0,0,0,0,0,0,0,0,0,0,0,0,0,0,0.000,0.000,0.000,0.000,0.000,0.000,0.000,0.000,false,false,0,0,0.000,0.000,notRun,0,0,0,0,0,0,0,0,0,0,0,0,0,0,0.000,0.000,0.000,0.000,0.000,0.000,0.000,0.000,notRun,0,0,0,0,0,0,0,0,0,0,0,0,0,0,0.000,0.000,0.000,0.000,0.000,0.000,0.000,0.000,automatic,parallelFullRefresh,none,incremental,fullAllCurrentEntries,notApplicable,0,8,33572,0,2.786,0.258,0.000,88307,9.598,3.044,automatic,parallelFullRefresh,none,incremental,fullAllCurrentEntries,notApplicable,0,8,195814,0,6.845,1.151,0.000,92898,13.068,7.996,automatic,parallelAssisted,none,incremental,notApplicable,incremental,0,7,761,0,0.000,0.000,0.033,0,0.000,23.856,serialImmediate,serialImmediate,none,incremental,notApplicable,incremental,1,1,195814,0,0.000,0.000,0.000,0,0.000,30.791,automatic,parallelDirty,none,notApplicable,notApplicable,incremental,0,8,0,64043,0.000,0.000,0.000,0,0.000,9.558,dirtyRange,dirtyRange,none,notApplicable,notApplicable,incremental,1,1,0,38541,0.000,0.000,0.000,0,0.000,8.844
Data-Oriented CPU ROAM,1,0,4,RelWithDebInfo,OpenGL,NVIDIA GeForce RTX 5090 D/PCIe/SSE2,4.1.0 NVIDIA 591.86,false,assets/heightmaps/Hm_Terrain_Peking_513.png,547,547,599997,199999,1,31,64,0.492,8.868,-57.928,19.701,2.891,280.778,0.000,0.000,243.460,3,80.000,12.000,20,0.250,0.100,200000,false,true,false,true,false,automatic,automatic,automatic,automatic,automatic,automatic,0,0,0,0,0,32,160,0,both,32,9818272653111944093,10713108866754931314,12285744314165906881,2794819429904163766,13473134103925139961,200000,0,0,0,1,1,0,0,0,0,123.246,199999,1177014,0,165433,34566,199997,15569,7932,15570,0,11720,233689,199999,33631,6012,182599,0,64396,135603,38596,6013,6013,0,0,0,0,10818528,0,8,160,0,160,0,0,0,0,631,6,6,1257,0,0,631,22,110.974,146.564,7.006,2.832,23.560,0.000,0.000,0.000,0.000,0.000,31.052,0.141,0.666,0.260,0.002,2.711,19.709,0.000,0.000,7.889,31.057,0.000,9.653,28.978,8.835,0.000,56.410,26.392,9.653,0.000,20,false,false,0,0,0.000,0.000,notRun,0,0,0,0,0,0,0,0,0,0,0,0,0,0,0.000,0.000,0.000,0.000,0.000,0.000,0.000,0.000,notRun,0,0,0,0,0,0,0,0,0,0,0,0,0,0,0.000,0.000,0.000,0.000,0.000,0.000,0.000,0.000,false,false,0,0,0.000,0.000,notRun,0,0,0,0,0,0,0,0,0,0,0,0,0,0,0.000,0.000,0.000,0.000,0.000,0.000,0.000,0.000,notRun,0,0,0,0,0,0,0,0,0,0,0,0,0,0,0.000,0.000,0.000,0.000,0.000,0.000,0.000,0.000,automatic,parallelFullRefresh,none,incremental,fullAllCurrentEntries,notApplicable,0,8,33515,0,2.572,0.260,0.000,89182,9.651,2.832,automatic,parallelFullRefresh,none,incremental,fullAllCurrentEntries,notApplicable,0,8,196468,0,6.702,1.187,0.000,93417,12.804,7.889,automatic,parallelAssisted,none,incremental,notApplicable,incremental,0,6,653,0,0.000,0.000,0.033,0,0.000,23.521,serialImmediate,serialImmediate,none,incremental,notApplicable,incremental,1,1,196468,0,0.000,0.000,0.000,0,0.000,31.052,automatic,parallelDirty,none,notApplicable,notApplicable,incremental,0,8,0,64396,0.000,0.000,0.000,0,0.000,9.653,dirtyRange,dirtyRange,none,notApplicable,notApplicable,incremental,1,1,0,38596,0.000,0.000,0.000,0,0.000,8.835
Data-Oriented CPU ROAM,1,0,4,RelWithDebInfo,OpenGL,NVIDIA GeForce RTX 5090 D/PCIe/SSE2,4.1.0 NVIDIA 591.86,false,assets/heightmaps/Hm_Terrain_Peking_513.png,547,547,599997,199999,1,32,64,0.508,9.147,-57.928,20.299,-2.891,279.069,0.000,0.000,239.464,3,80.000,12.000,20,0.250,0.100,200000,false,true,false,true,false,automatic,automatic,automatic,automatic,automatic,automatic,0,0,0,0,0,32,160,0,both,33,14117076424678403371,2021882922645883033,7974187135522050102,1939079808133841643,12803817730138524999,200000,0,0,0,1,1,0,0,0,0,121.692,199999,1196014,0,166944,33055,199997,14598,7361,14598,0,10573,233842,199999,33534,5976,172573,0,61689,138310,37850,5977,5977,0,0,0,0,10363752,0,8,160,0,160,0,0,0,0,541,3,3,1082,0,0,541,9,108.593,101.633,6.957,2.832,22.780,0.000,0.000,0.000,0.000,0.000,29.825,0.119,0.559,0.235,0.002,2.563,19.232,0.000,0.000,7.546,29.830,0.000,9.529,29.118,8.767,0.000,54.950,25.612,9.529,0.000,20,false,false,0,0,0.000,0.000,notRun,0,0,0,0,0,0,0,0,0,0,0,0,0,0,0.000,0.000,0.000,0.000,0.000,0.000,0.000,0.000,notRun,0,0,0,0,0,0,0,0,0,0,0,0,0,0,0.000,0.000,0.000,0.000,0.000,0.000,0.000,0.000,false,false,0,0,0.000,0.000,notRun,0,0,0,0,0,0,0,0,0,0,0,0,0,0,0.000,0.000,0.000,0.000,0.000,0.000,0.000,0.000,notRun,0,0,0,0,0,0,0,0,0,0,0,0,0,0,0.000,0.000,0.000,0.000,0.000,0.000,0.000,0.000,automatic,parallelFullRefresh,none,incremental,fullAllCurrentEntries,notApplicable,0,8,33631,0,2.586,0.247,0.000,84985,9.471,2.832,automatic,parallelFullRefresh,none,incremental,fullAllCurrentEntries,notApplicable,0,8,197352,0,6.381,1.165,0.000,87588,12.236,7.546,automatic,parallelAssisted,none,incremental,notApplicable,incremental,0,3,550,0,0.000,0.000,0.030,0,0.000,22.740,serialImmediate,serialImmediate,none,incremental,notApplicable,incremental,1,1,197352,0,0.000,0.000,0.000,0,0.000,29.825,automatic,parallelDirty,none,notApplicable,notApplicable,incremental,0,8,0,61689,0.000,0.000,0.000,0,0.000,9.529,dirtyRange,dirtyRange,none,notApplicable,notApplicable,incremental,1,1,0,37850,0.000,0.000,0.000,0,0.000,8.767
Data-Oriented CPU ROAM,1,0,4,RelWithDebInfo,OpenGL,NVIDIA GeForce RTX 5090 D/PCIe/SSE2,4.1.0 NVIDIA 591.86,false,assets/heightmaps/Hm_Terrain_Peking_513.png,547,547,599997,199999,1,33,64,0.524,9.420,-57.352,20.884,-8.644,273.138,0.000,0.000,233.992,3,80.000,12.000,20,0.250,0.100,200000,false,true,false,true,false,automatic,automatic,automatic,automatic,automatic,automatic,0,0,0,0,0,32,160,0,both,34,6178910627307601499,9023680170232145903,5619475490710652660,14943737074372138569,15311841522855486508,200000,0,0,0,1,1,0,0,0,0,122.216,199999,1214828,0,169989,30010,199997,13220,6709,13220,0,9269,233707,199999,33635,5268,156377,0,58030,141969,37096,5269,5269,0,0,0,0,9749040,0,8,160,0,160,0,0,0,0,475,5,5,950,0,0,475,26,103.114,152.341,7.586,2.872,20.214,0.000,0.000,0.000,0.000,0.000,27.081,0.174,0.512,0.168,0.003,2.095,17.194,0.000,0.000,7.776,27.087,0.000,8.430,29.149,8.265,0.000,50.299,23.086,8.430,0.000,20,false,false,0,0,0.000,0.000,notRun,0,0,0,0,0,0,0,0,0,0,0,0,0,0,0.000,0.000,0.000,0.000,0.000,0.000,0.000,0.000,notRun,0,0,0,0,0,0,0,0,0,0,0,0,0,0,0.000,0.000,0.000,0.000,0.000,0.000,0.000,0.000,false,false,0,0,0.000,0.000,notRun,0,0,0,0,0,0,0,0,0,0,0,0,0,0,0.000,0.000,0.000,0.000,0.000,0.000,0.000,0.000,notRun,0,0,0,0,0,0,0,0,0,0,0,0,0,0,0.000,0.000,0.000,0.000,0.000,0.000,0.000,0.000,automatic,parallelFullRefresh,none,incremental,fullAllCurrentEntries,notApplicable,0,8,33534,0,2.624,0.248,0.000,77057,8.662,2.872,automatic,parallelFullRefresh,none,incremental,fullAllCurrentEntries,notApplicable,0,8,197310,0,6.639,1.137,0.000,79320,11.148,7.776,automatic,parallelAssisted,none,incremental,notApplicable,incremental,0,5,501,0,0.000,0.000,0.028,0,0.000,20.174,serialImmediate,serialImmediate,none,incremental,notApplicable,incremental,1,1,197310,0,0.000,0.000,0.000,0,0.000,27.081,automatic,parallelDirty,none,notApplicable,notApplicable,incremental,0,8,0,58030,0.000,0.000,0.000,0,0.000,8.430,dirtyRange,dirtyRange,none,notApplicable,notApplicable,incremental,1,1,0,37096,0.000,0.000,0.000,0,0.000,8.265
Data-Oriented CPU ROAM,1,0,4,RelWithDebInfo,OpenGL,NVIDIA GeForce RTX 5090 D/PCIe/SSE2,4.1.0 NVIDIA 591.86,false,assets/heightmaps/Hm_Terrain_Peking_513.png,547,547,600000,200000,1,34,64,0.540,9.689,-56.206,21.435,-14.312,269.075,0.000,0.000,244.418,3,80.000,12.000,20,0.250,0.100,200000,false,true,false,true,false,automatic,automatic,automatic,automatic,automatic,automatic,0,0,0,0,0,32,160,0,both,35,11746726819812728007,2817222760074155981,14006666610658801887,14289577233644243686,10573782616376506026,200000,0,0,0,1,1,0,0,0,0,123.427,200000,1233758,0,168018,31982,199998,15182,7732,15181,0,9277,233802,200000,33571,3810,180851,0,60125,139875,36356,3811,3811,0,0,0,0,10101000,0,8,160,0,160,0,0,0,0,1364,6,6,2727,0,0,1364,66,112.315,99.290,7.221,2.978,24.656,0.000,0.000,0.000,0.000,0.000,31.814,0.270,1.519,0.378,0.005,6.095,16.290,0.000,0.000,7.436,31.819,0.000,9.208,28.995,8.287,0.000,50.617,27.634,9.208,0.000,20,false,false,0,0,0.000,0.000,notRun,0,0,0,0,0,0,0,0,0,0,0,0,0,0,0.000,0.000,0.000,0.000,0.000,0.000,0.000,0.000,notRun,0,0,0,0,0,0,0,0,0,0,0,0,0,0,0.000,0.000,0.000,0.000,0.000,0.000,0.000,0.000,false,false,0,0,0.000,0.000,notRun,0,0,0,0,0,0,0,0,0,0,0,0,0,0,0.000,0.000,0.000,0.000,0.000,0.000,0.000,0.000,notRun,0,0,0,0,0,0,0,0,0,0,0,0,0,0,0.000,0.000,0.000,0.000,0.000,0.000,0.000,0.000,automatic,parallelFullRefresh,none,incremental,fullAllCurrentEntries,notApplicable,0,8,33635,0,2.690,0.289,0.000,89762,9.944,2.978,automatic,parallelFullRefresh,none,incremental,fullAllCurrentEntries,notApplicable,0,8,192433,0,6.364,1.072,0.000,91089,13.594,7.436,automatic,parallelAssisted,none,incremental,notApplicable,incremental,0,6,1430,0,0.000,0.000,0.032,0,0.000,24.589,serialImmediate,serialImmediate,none,incremental,notApplicable,incremental,1,1,192433,0,0.000,0.000,0.000,0,0.000,31.814,automatic,parallelDirty,none,notApplicable,notApplicable,incremental,0,8,0,60125,0.000,0.000,0.000,0,0.000,9.208,dirtyRange,dirtyRange,none,notApplicable,notApplicable,incremental,1,1,0,36356,0.000,0.000,0.000,0,0.000,8.287
Data-Oriented CPU ROAM,1,0,4,RelWithDebInfo,OpenGL,NVIDIA GeForce RTX 5090 D/PCIe/SSE2,4.1.0 NVIDIA 591.86,false,assets/heightmaps/Hm_Terrain_Peking_513.png,547,547,599997,199999,1,35,64,0.556,9.967,-54.502,21.928,-19.837,278.001,0.000,0.000,248.645,3,80.000,12.000,20,0.250,0.100,200000,false,true,false,true,false,automatic,automatic,automatic,automatic,automatic,automatic,0,0,0,0,0,32,160,0,both,36,16993049945272242478,701964006115934862,4983152477623667885,4531939820903123194,4333385337321885814,200000,0,0,0,1,1,0,0,0,0,121.033,199999,1251984,0,167970,32029,199997,15131,7707,15132,0,9455,233898,199999,33655,3965,181529,0,59253,140746,36099,3966,3966,0,0,0,0,9954504,0,8,160,0,160,0,0,0,0,1305,6,6,2610,0,0,1305,46,119.072,149.484,7.675,2.839,24.524,0.000,0.000,0.000,0.000,0.000,31.932,0.258,1.512,0.357,0.009,6.043,16.246,0.000,0.000,7.500,31.937,0.000,9.494,35.102,8.153,0.000,51.182,27.363,9.494,0.000,20,false,false,0,0,0.000,0.000,notRun,0,0,0,0,0,0,0,0,0,0,0,0,0,0,0.000,0.000,0.000,0.000,0.000,0.000,0.000,0.000,notRun,0,0,0,0,0,0,0,0,0,0,0,0,0,0,0.000,0.000,0.000,0.000,0.000,0.000,0.000,0.000,false,false,0,0,0.000,0.000,notRun,0,0,0,0,0,0,0,0,0,0,0,0,0,0,0.000,0.000,0.000,0.000,0.000,0.000,0.000,0.000,notRun,0,0,0,0,0,0,0,0,0,0,0,0,0,0,0.000,0.000,0.000,0.000,0.000,0.000,0.000,0.000,automatic,parallelFullRefresh,none,incremental,fullAllCurrentEntries,notApplicable,0,8,33571,0,2.543,0.296,0.000,90740,10.049,2.839,automatic,parallelFullRefresh,none,incremental,fullAllCurrentEntries,notApplicable,0,8,192802,0,6.351,1.149,0.000,90789,13.496,7.500,automatic,parallelAssisted,none,incremental,notApplicable,incremental,0,6,1351,0,0.000,0.000,0.035,0,0.000,24.460,serialImmediate,serialImmediate,none,incremental,notApplicable,incremental,1,1,192802,0,0.000,0.000,0.000,0,0.000,31.932,automatic,parallelDirty,none,notApplicable,notApplicable,incremental,0,8,0,59253,0.000,0.000,0.000,0,0.000,9.494,dirtyRange,dirtyRange,none,notApplicable,notApplicable,incremental,1,1,0,36099,0.000,0.000,0.000,0,0.000,8.153
Data-Oriented CPU ROAM,1,0,4,RelWithDebInfo,OpenGL,NVIDIA GeForce RTX 5090 D/PCIe/SSE2,4.1.0 NVIDIA 591.86,false,assets/heightmaps/Hm_Terrain_Peking_513.png,547,547,600000,200000,1,36,64,0.571,10.249,-52.256,22.345,-25.165,282.195,0.000,0.000,248.057,3,80.000,12.000,20,0.250,0.100,200000,false,true,false,true,false,automatic,automatic,automatic,automatic,automatic,automatic,0,0,0,0,0,32,160,0,both,37,10934855716126561632,1496534923326945117,10145042690056851243,607572789031066818,18299975427405264666,200000,0,0,0,1,1,0,0,0,0,122.870,200000,1273920,0,166662,33338,199998,15949,8142,15948,0,10318,234002,200000,33754,3873,190838,0,58881,141119,35528,3874,3874,0,0,0,0,9892008,0,8,160,0,160,0,0,0,0,1391,5,5,2782,0,0,1391,74,116.785,97.676,7.891,2.753,25.874,0.000,0.000,0.000,0.000,0.000,33.446,0.276,1.702,0.447,0.003,6.264,17.080,0.000,0.000,7.574,33.451,0.000,9.436,29.805,8.019,0.000,52.718,28.627,9.436,0.000,20,false,false,0,0,0.000,0.000,notRun,0,0,0,0,0,0,0,0,0,0,0,0,0,0,0.000,0.000,0.000,0.000,0.000,0.000,0.000,0.000,notRun,0,0,0,0,0,0,0,0,0,0,0,0,0,0,0.000,0.000,0.000,0.000,0.000,0.000,0.000,0.000,false,false,0,0,0.000,0.000,notRun,0,0,0,0,0,0,0,0,0,0,0,0,0,0,0.000,0.000,0.000,0.000,0.000,0.000,0.000,0.000,notRun,0,0,0,0,0,0,0,0,0,0,0,0,0,0,0.000,0.000,0.000,0.000,0.000,0.000,0.000,0.000,automatic,parallelFullRefresh,none,incremental,fullAllCurrentEntries,notApplicable,0,8,33655,0,2.459,0.293,0.000,95147,10.639,2.753,automatic,parallelFullRefresh,none,incremental,fullAllCurrentEntries,notApplicable,0,8,191798,0,6.492,1.083,0.000,95691,13.849,7.574,automatic,parallelAssisted,none,incremental,notApplicable,incremental,0,5,1465,0,0.000,0.000,0.034,0,0.000,25.806,serialImmediate,serialImmediate,none,incremental,notApplicable,incremental,1,1,191798,0,0.000,0.000,0.000,0,0.000,33.446,automatic,parallelDirty,none,notApplicable,notApplicable,incremental,0,8,0,58881,0.000,0.000,0.000,0,0.000,9.436,dirtyRange,dirtyRange,none,notApplicable,notApplicable,incremental,1,1,0,35528,0.000,0.000,0.000,0,0.000,8.019
Data-Oriented CPU ROAM,1,0,4,RelWithDebInfo,OpenGL,NVIDIA GeForce RTX 5090 D/PCIe/SSE2,4.1.0 NVIDIA 591.86,false,assets/heightmaps/Hm_Terrain_Peking_513.png,547,547,599997,199999,1,37,64,0.587,10.530,-49.491,22.670,-30.243,281.023,0.000,0.000,260.462,3,80.000,12.000,20,0.250,0.100,200000,false,true,false,true,false,automatic,automatic,automatic,automatic,automatic,automatic,0,0,0,0,0,32,160,0,both,38,15326444167578047510,5262672678279255221,4043733013249855594,18201679826480110755,18399920599816095179,200000,0,0,0,1,1,0,0,0,0,135.316,199999,1295558,0,165799,34200,199997,16397,8316,16398,0,10585,234264,199999,33957,4263,197400,0,59146,140853,35457,4264,4264,0,0,0,0,9936528,0,8,160,0,160,0,0,0,0,1397,5,5,2794,0,0,1397,89,116.818,99.034,7.282,2.918,26.257,0.000,0.000,0.000,0.000,0.000,34.742,0.287,1.489,0.698,0.012,6.258,17.409,0.000,0.000,7.525,34.747,0.000,9.180,28.909,7.944,0.000,54.944,29.174,9.180,0.000,20,false,false,0,0,0.000,0.000,notRun,0,0,0,0,0,0,0,0,0,0,0,0,0,0,0.000,0.000,0.000,0.000,0.000,0.000,0.000,0.000,notRun,0,0,0,0,0,0,0,0,0,0,0,0,0,0,0.000,0.000,0.000,0.000,0.000,0.000,0.000,0.000,false,false,0,0,0.000,0.000,notRun,0,0,0,0,0,0,0,0,0,0,0,0,0,0,0.000,0.000,0.000,0.000,0.000,0.000,0.000,0.000,notRun,0,0,0,0,0,0,0,0,0,0,0,0,0,0,0.000,0.000,0.000,0.000,0.000,0.000,0.000,0.000,automatic,parallelFullRefresh,none,incremental,fullAllCurrentEntries,notApplicable,0,8,33754,0,2.627,0.291,0.000,99015,11.019,2.918,automatic,parallelFullRefresh,none,incremental,fullAllCurrentEntries,notApplicable,0,8,192123,0,6.424,1.101,0.000,98385,14.059,7.525,automatic,parallelAssisted,none,incremental,notApplicable,incremental,0,5,1486,0,0.000,0.000,0.033,0,0.000,26.186,serialImmediate,serialImmediate,none,incremental,notApplicable,incremental,1,1,192123,0,0.000,0.000,0.000,0,0.000,34.742,automatic,parallelDirty,none,notApplicable,notApplicable,incremental,0,8,0,59146,0.000,0.000,0.000,0,0.000,9.180,dirtyRange,dirtyRange,none,notApplicable,notApplicable,incremental,1,1,0,35457,0.000,0.000,0.000,0,0.000,7.944
Data-Oriented CPU ROAM,1,0,4,RelWithDebInfo,OpenGL,NVIDIA GeForce RTX 5090 D/PCIe/SSE2,4.1.0 NVIDIA 591.86,false,assets/heightmaps/Hm_Terrain_Peking_513.png,547,547,599997,199999,1,38,64,0.603,10.823,-46.234,22.888,-35.021,293.318,0.000,0.000,270.246,3,80.000,12.000,20,0.250,0.100,200000,false,true,false,true,false,automatic,automatic,automatic,automatic,automatic,automatic,0,0,0,0,0,32,160,0,both,39,8793215930069954994,14776144372496302741,4847513245965442294,16409959997037912794,16117276973202228294,200000,0,0,0,1,1,0,0,0,0,122.963,199999,1312504,0,167212,32787,199997,15820,8019,15820,0,10267,234255,199999,33911,4588,187606,0,59811,140188,35831,4589,4589,0,0,0,0,10048248,0,8,160,0,160,0,0,0,0,1194,5,5,2387,0,0,1194,46,138.639,101.408,8.121,2.870,31.003,0.000,0.000,0.000,0.000,0.000,46.048,0.232,1.281,0.556,0.010,5.689,23.138,0.000,0.000,7.797,46.054,0.000,10.795,31.997,8.224,0.000,72.910,33.873,10.795,0.000,20,false,false,0,0,0.000,0.000,notRun,0,0,0,0,0,0,0,0,0,0,0,0,0,0,0.000,0.000,0.000,0.000,0.000,0.000,0.000,0.000,notRun,0,0,0,0,0,0,0,0,0,0,0,0,0,0,0.000,0.000,0.000,0.000,0.000,0.000,0.000,0.000,false,false,0,0,0.000,0.000,notRun,0,0,0,0,0,0,0,0,0,0,0,0,0,0,0.000,0.000,0.000,0.000,0.000,0.000,0.000,0.000,notRun,0,0,0,0,0,0,0,0,0,0,0,0,0,0,0.000,0.000,0.000,0.000,0.000,0.000,0.000,0.000,automatic,parallelFullRefresh,none,incremental,fullAllCurrentEntries,notApplicable,0,8,33957,0,2.584,0.287,0.000,92686,12.849,2.870,automatic,parallelFullRefresh,none,incremental,fullAllCurrentEntries,notApplicable,0,8,193344,0,6.662,1.135,0.000,94920,17.423,7.797,automatic,parallelAssisted,none,incremental,notApplicable,incremental,0,5,1240,0,0.000,0.000,0.035,0,0.000,30.941,serialImmediate,serialImmediate,none,incremental,notApplicable,incremental,1,1,193344,0,0.000,0.000,0.000,0,0.000,46.048,automatic,parallelDirty,none,notApplicable,notApplicable,incremental,0,8,0,59811,0.000,0.000,0.000,0,0.000,10.795,dirtyRange,dirtyRange,none,notApplicable,notApplicable,incremental,1,1,0,35831,0.000,0.000,0.000,0,0.000,8.224
Data-Oriented CPU ROAM,1,0,4,RelWithDebInfo,OpenGL,NVIDIA GeForce RTX 5090 D/PCIe/SSE2,4.1.0 NVIDIA 591.86,false,assets/heightmaps/Hm_Terrain_Peking_513.png,547,547,599997,199999,1,39,64,0.619,11.126,-42.517,22.992,-39.450,302.107,0.000,0.000,254.042,3,80.000,12.000,20,0.250,0.100,200000,false,true,false,true,false,automatic,automatic,automatic,automatic,automatic,automatic,0,0,0,0,0,32,160,0,both,40,4341115752885500299,8852138686551335291,16257377712012999508,9534339304132706730,4352047865219232259,200000,0,0,0,1,1,0,0,0,0,123.107,199999,1329026,0,164632,35367,199997,16753,8514,16753,0,12010,234335,199999,34242,5773,203511,0,62176,137823,37373,5774,5774,0,0,0,0,10445568,0,8,160,0,160,0,0,0,0,953,3,3,1906,0,0,953,34,122.109,95.460,8.293,2.804,25.721,0.000,0.000,0.000,0.000,0.000,35.013,0.198,1.052,0.393,0.009,4.186,19.802,0.000,0.000,7.857,35.018,0.000,10.046,32.371,8.439,0.000,59.527,28.525,10.046,0.000,20,false,false,0,0,0.000,0.000,notRun,0,0,0,0,0,0,0,0,0,0,0,0,0,0,0.000,0.000,0.000,0.000,0.000,0.000,0.000,0.000,notRun,0,0,0,0,0,0,0,0,0,0,0,0,0,0,0.000,0.000,0.000,0.000,0.000,0.000,0.000,0.000,false,false,0,0,0.000,0.000,notRun,0,0,0,0,0,0,0,0,0,0,0,0,0,0,0.000,0.000,0.000,0.000,0.000,0.000,0.000,0.000,notRun,0,0,0,0,0,0,0,0,0,0,0,0,0,0,0.000,0.000,0.000,0.000,0.000,0.000,0.000,0.000,automatic,parallelFullRefresh,none,incremental,fullAllCurrentEntries,notApplicable,0,8,33911,0,2.535,0.269,0.000,102993,11.122,2.804,automatic,parallelFullRefresh,none,incremental,fullAllCurrentEntries,notApplicable,0,8,194763,0,6.660,1.196,0.000,100518,14.580,7.857,automatic,parallelAssisted,none,incremental,notApplicable,incremental,0,3,987,0,0.000,0.000,0.033,0,0.000,25.672,serialImmediate,serialImmediate,none,incremental,notApplicable,incremental,1,1,194763,0,0.000,0.000,0.000,0,0.000,35.013,automatic,parallelDirty,none,notApplicable,notApplicable,incremental,0,8,0,62176,0.000,0.000,0.000,0,0.000,10.046,dirtyRange,dirtyRange,none,notApplicable,notApplicable,incremental,1,1,0,37373,0.000,0.000,0.000,0,0.000,8.439
Data-Oriented CPU ROAM,1,0,4,RelWithDebInfo,OpenGL,NVIDIA GeForce RTX 5090 D/PCIe/SSE2,4.1.0 NVIDIA 591.86,false,assets/heightmaps/Hm_Terrain_Peking_513.png,547,547,600000,200000,1,40,64,0.635,11.415,-38.378,22.977,-43.487,289.108,0.000,0.000,258.275,3,80.000,12.000,20,0.250,0.100,200000,false,true,false,true,false,automatic,automatic,automatic,automatic,automatic,automatic,0,0,0,0,0,32,160,0,both,41,5640557840597479361,14857908528817655382,1928326867279124476,2548530744333317786,13341262442090873672,200000,0,0,0,1,1,0,0,0,0,127.452,200000,1343092,0,164727,35273,199998,16592,8356,16591,0,12018,234386,200000,34252,6463,194007,0,65175,134825,38836,6464,6464,0,0,0,0,10949400,0,8,160,0,160,0,0,0,0,716,4,4,1432,0,0,716,48,121.535,175.482,6.892,3.047,27.374,0.000,0.000,0.000,0.000,0.000,35.613,0.164,0.760,0.280,0.002,3.175,22.910,0.000,0.000,8.071,35.619,0.000,10.150,30.382,8.879,0.000,64.380,30.420,10.150,0.000,20,false,false,0,0,0.000,0.000,notRun,0,0,0,0,0,0,0,0,0,0,0,0,0,0,0.000,0.000,0.000,0.000,0.000,0.000,0.000,0.000,notRun,0,0,0,0,0,0,0,0,0,0,0,0,0,0,0.000,0.000,0.000,0.000,0.000,0.000,0.000,0.000,false,false,0,0,0.000,0.000,notRun,0,0,0,0,0,0,0,0,0,0,0,0,0,0,0.000,0.000,0.000,0.000,0.000,0.000,0.000,0.000,notRun,0,0,0,0,0,0,0,0,0,0,0,0,0,0,0.000,0.000,0.000,0.000,0.000,0.000,0.000,0.000,automatic,parallelFullRefresh,none,incremental,fullAllCurrentEntries,notApplicable,0,8,34242,0,2.688,0.358,0.000,94458,10.711,3.047,automatic,parallelFullRefresh,none,incremental,fullAllCurrentEntries,notApplicable,0,8,196300,0,6.891,1.181,0.000,99549,15.432,8.071,automatic,parallelAssisted,none,incremental,notApplicable,incremental,0,4,764,0,0.000,0.000,0.035,0,0.000,27.327,serialImmediate,serialImmediate,none,incremental,notApplicable,incremental,1,1,196300,0,0.000,0.000,0.000,0,0.000,35.613,automatic,parallelDirty,none,notApplicable,notApplicable,incremental,0,8,0,65175,0.000,0.000,0.000,0,0.000,10.150,dirtyRange,dirtyRange,none,notApplicable,notApplicable,incremental,1,1,0,38836,0.000,0.000,0.000,0,0.000,8.879
Data-Oriented CPU ROAM,1,0,4,RelWithDebInfo,OpenGL,NVIDIA GeForce RTX 5090 D/PCIe/SSE2,4.1.0 NVIDIA 591.86,false,assets/heightmaps/Hm_Terrain_Peking_513.png,547,547,599997,199999,1,41,64,0.651,11.709,-33.857,22.844,-47.092,293.943,0.000,0.000,278.689,3,80.000,12.000,20,0.250,0.100,200000,false,true,false,true,false,automatic,automatic,automatic,automatic,automatic,automatic,0,0,0,0,0,32,160,0,both,42,8883561786973955779,1976094848974566822,7379411759500991009,15556941674249719847,15059615718916415088,200000,0,0,0,1,1,0,0,0,0,126.239,199999,1356924,0,164934,35065,199997,15777,8021,15778,0,10914,234333,199999,34209,6690,188868,0,65277,134722,39104,6691,6691,0,0,0,0,10966536,0,8,160,0,160,0,0,0,0,552,3,3,1104,0,0,552,24,143.084,98.503,6.890,2.927,25.796,0.000,0.000,0.000,0.000,0.000,59.118,0.114,0.584,0.159,0.003,2.463,22.405,0.000,0.000,7.899,59.124,0.000,10.429,30.017,8.943,0.000,88.070,28.723,10.429,0.000,20,false,false,0,0,0.000,0.000,notRun,0,0,0,0,0,0,0,0,0,0,0,0,0,0,0.000,0.000,0.000,0.000,0.000,0.000,0.000,0.000,notRun,0,0,0,0,0,0,0,0,0,0,0,0,0,0,0.000,0.000,0.000,0.000,0.000,0.000,0.000,0.000,false,false,0,0,0.000,0.000,notRun,0,0,0,0,0,0,0,0,0,0,0,0,0,0,0.000,0.000,0.000,0.000,0.000,0.000,0.000,0.000,notRun,0,0,0,0,0,0,0,0,0,0,0,0,0,0,0.000,0.000,0.000,0.000,0.000,0.000,0.000,0.000,automatic,parallelFullRefresh,none,incremental,fullAllCurrentEntries,notApplicable,0,8,34252,0,2.679,0.248,0.000,94203,10.990,2.927,automatic,parallelFullRefresh,none,incremental,fullAllCurrentEntries,notApplicable,0,8,197597,0,6.734,1.165,0.000,94665,14.436,7.899,automatic,parallelAssisted,none,incremental,notApplicable,incremental,0,3,576,0,0.000,0.000,0.034,0,0.000,25.762,serialImmediate,serialImmediate,none,incremental,notApplicable,incremental,1,1,197597,0,0.000,0.000,0.000,0,0.000,59.118,automatic,parallelDirty,none,notApplicable,notApplicable,incremental,0,8,0,65277,0.000,0.000,0.000,0,0.000,10.429,dirtyRange,dirtyRange,none,notApplicable,notApplicable,incremental,1,1,0,39104,0.000,0.000,0.000,0,0.000,8.943
Data-Oriented CPU ROAM,1,0,4,RelWithDebInfo,OpenGL,NVIDIA GeForce RTX 5090 D/PCIe/SSE2,4.1.0 NVIDIA 591.86,false,assets/heightmaps/Hm_Terrain_Peking_513.png,547,547,600000,200000,1,42,64,0.667,12.023,-29.000,22.598,-50.229,314.563,0.000,0.000,251.071,3,80.000,12.000,20,0.250,0.100,200000,false,true,false,true,false,automatic,automatic,automatic,automatic,automatic,automatic,0,0,0,0,0,32,160,0,both,43,18244366383052005441,11539274937098670880,13370878448706581218,5412859575946157590,10580619876848912246,200000,0,0,0,1,1,0,0,0,0,124.820,200000,1372424,0,167411,32589,199998,14678,7472,14677,0,10159,234221,200000,34055,6046,174979,0,63644,136356,38926,6047,6047,0,0,0,0,10692192,0,8,160,0,160,0,0,0,0,592,3,3,1184,0,0,592,10,117.034,96.789,8.300,2.967,23.349,0.000,0.000,0.000,0.000,0.000,29.673,0.113,0.603,0.159,0.002,2.763,19.650,0.000,0.000,8.085,29.679,0.000,10.122,34.532,8.839,0.000,56.043,26.316,10.122,0.000,20,false,false,0,0,0.000,0.000,notRun,0,0,0,0,0,0,0,0,0,0,0,0,0,0,0.000,0.000,0.000,0.000,0.000,0.000,0.000,0.000,notRun,0,0,0,0,0,0,0,0,0,0,0,0,0,0,0.000,0.000,0.000,0.000,0.000,0.000,0.000,0.000,false,false,0,0,0.000,0.000,notRun,0,0,0,0,0,0,0,0,0,0,0,0,0,0,0.000,0.000,0.000,0.000,0.000,0.000,0.000,0.000,notRun,0,0,0,0,0,0,0,0,0,0,0,0,0,0,0.000,0.000,0.000,0.000,0.000,0.000,0.000,0.000,automatic,parallelFullRefresh,none,incremental,fullAllCurrentEntries,notApplicable,0,8,34209,0,2.724,0.243,0.000,86914,9.368,2.967,automatic,parallelFullRefresh,none,incremental,fullAllCurrentEntries,notApplicable,0,8,197397,0,6.913,1.171,0.000,88065,11.940,8.085,automatic,parallelAssisted,none,incremental,notApplicable,incremental,0,3,602,0,0.000,0.000,0.023,0,0.000,23.313,serialImmediate,serialImmediate,none,incremental,notApplicable,incremental,1,1,197397,0,0.000,0.000,0.000,0,0.000,29.673,automatic,parallelDirty,none,notApplicable,notApplicable,incremental,0,8,0,63644,0.000,0.000,0.000,0,0.000,10.122,dirtyRange,dirtyRange,none,notApplicable,notApplicable,incremental,1,1,0,38926,0.000,0.000,0.000,0,0.000,8.839
Data-Oriented CPU ROAM,1,0,4,RelWithDebInfo,OpenGL,NVIDIA GeForce RTX 5090 D/PCIe/SSE2,4.1.0 NVIDIA 591.86,false,assets/heightmaps/Hm_Terrain_Peking_513.png,547,547,600000,200000,1,43,64,0.683,12.309,-23.855,22.249,-52.867,286.038,0.000,0.000,249.661,3,80.000,12.000,20,0.250,0.100,200000,false,true,false,true,false,automatic,automatic,automatic,automatic,automatic,automatic,0,0,0,0,0,32,160,0,both,44,9332276176334591966,6965282697844826061,8882002267534927791,6179960201051440445,1971615220371960845,200000,0,0,0,1,1,0,0,0,0,129.432,200000,1388566,0,168992,31008,199998,14286,7280,14286,0,9377,234179,200000,34082,5145,172373,0,60621,139379,37651,5146,5146,0,0,0,0,10184328,0,8,160,0,160,0,0,0,0,751,4,4,1502,0,0,751,23,111.395,149.043,7.897,3.092,22.938,0.000,0.000,0.000,0.000,0.000,29.367,0.135,0.766,0.280,0.008,3.243,18.430,0.000,0.000,8.052,29.372,0.000,9.419,30.623,8.455,0.000,53.466,26.030,9.419,0.000,20,false,false,0,0,0.000,0.000,notRun,0,0,0,0,0,0,0,0,0,0,0,0,0,0,0.000,0.000,0.000,0.000,0.000,0.000,0.000,0.000,notRun,0,0,0,0,0,0,0,0,0,0,0,0,0,0,0.000,0.000,0.000,0.000,0.000,0.000,0.000,0.000,false,false,0,0,0.000,0.000,notRun,0,0,0,0,0,0,0,0,0,0,0,0,0,0,0.000,0.000,0.000,0.000,0.000,0.000,0.000,0.000,notRun,0,0,0,0,0,0,0,0,0,0,0,0,0,0,0.000,0.000,0.000,0.000,0.000,0.000,0.000,0.000,automatic,parallelFullRefresh,none,incremental,fullAllCurrentEntries,notApplicable,0,8,34055,0,2.852,0.241,0.000,86657,9.255,3.092,automatic,parallelFullRefresh,none,incremental,fullAllCurrentEntries,notApplicable,0,8,195993,0,6.911,1.141,0.000,85716,11.732,8.052,automatic,parallelAssisted,none,incremental,notApplicable,incremental,0,4,774,0,0.000,0.000,0.031,0,0.000,22.894,serialImmediate,serialImmediate,none,incremental,notApplicable,incremental,1,1,195993,0,0.000,0.000,0.000,0,0.000,29.367,automatic,parallelDirty,none,notApplicable,notApplicable,incremental,0,8,0,60621,0.000,0.000,0.000,0,0.000,9.419,dirtyRange,dirtyRange,none,notApplicable,notApplicable,incremental,1,1,0,37651,0.000,0.000,0.000,0,0.000,8.455
Data-Oriented CPU ROAM,1,0,4,RelWithDebInfo,OpenGL,NVIDIA GeForce RTX 5090 D/PCIe/SSE2,4.1.0 NVIDIA 591.86,false,assets/heightmaps/Hm_Terrain_Peking_513.png,547,547,600000,200000,1,44,64,0.698,12.594,-18.472,21.811,-54.980,284.462,0.000,0.000,246.121,3,80.000,12.000,20,0.250,0.100,200000,false,true,false,true,false,automatic,automatic,automatic,automatic,automatic,automatic,0,0,0,0,0,32,160,0,both,45,18194916085207186180,13831941261432722240,11262328333957560934,15474985809290025773,10696085729681648563,200000,0,0,0,1,1,0,0,0,0,125.216,200000,1405426,0,168346,31654,199998,14584,7441,14584,0,9961,234229,200000,33998,5280,174870,0,59377,140623,37551,5281,5281,0,0,0,0,9975336,0,8,160,0,160,0,0,0,0,719,5,5,1431,0,0,719,19,112.161,157.772,8.129,3.051,23.306,0.000,0.000,0.000,0.000,0.000,29.198,0.182,0.974,0.228,0.004,3.261,18.555,0.000,0.000,7.958,29.203,0.000,9.196,31.317,8.354,0.000,53.164,26.357,9.196,0.000,20,false,false,0,0,0.000,0.000,notRun,0,0,0,0,0,0,0,0,0,0,0,0,0,0,0.000,0.000,0.000,0.000,0.000,0.000,0.000,0.000,notRun,0,0,0,0,0,0,0,0,0,0,0,0,0,0,0.000,0.000,0.000,0.000,0.000,0.000,0.000,0.000,false,false,0,0,0.000,0.000,notRun,0,0,0,0,0,0,0,0,0,0,0,0,0,0,0.000,0.000,0.000,0.000,0.000,0.000,0.000,0.000,notRun,0,0,0,0,0,0,0,0,0,0,0,0,0,0,0.000,0.000,0.000,0.000,0.000,0.000,0.000,0.000,automatic,parallelFullRefresh,none,incremental,fullAllCurrentEntries,notApplicable,0,8,34082,0,2.630,0.421,0.000,87366,9.260,3.051,automatic,parallelFullRefresh,none,incremental,fullAllCurrentEntries,notApplicable,0,8,195979,0,6.817,1.141,0.000,87504,11.517,7.958,automatic,parallelAssisted,none,incremental,notApplicable,incremental,0,5,738,0,0.000,0.000,0.051,0,0.000,23.254,serialImmediate,serialImmediate,none,incremental,notApplicable,incremental,1,1,195979,0,0.000,0.000,0.000,0,0.000,29.198,automatic,parallelDirty,none,notApplicable,notApplicable,incremental,0,8,0,59377,0.000,0.000,0.000,0,0.000,9.196,dirtyRange,dirtyRange,none,notApplicable,notApplicable,incremental,1,1,0,37551,0.000,0.000,0.000,0,0.000,8.354
Data-Oriented CPU ROAM,1,0,4,RelWithDebInfo,OpenGL,NVIDIA GeForce RTX 5090 D/PCIe/SSE2,4.1.0 NVIDIA 591.86,false,assets/heightmaps/Hm_Terrain_Peking_513.png,547,547,600000,200000,1,45,64,0.714,12.874,-12.906,21.302,-56.546,279.794,0.000,0.000,251.050,3,80.000,12.000,20,0.250,0.100,200000,false,true,false,true,false,automatic,automatic,automatic,automatic,automatic,automatic,0,0,0,0,0,32,160,0,both,46,9949714469453535672,11277505994945043421,17114593554410757175,7983811566406577089,1757098035051615044,200000,0,0,0,1,1,0,0,0,0,126.081,200000,1422096,0,166334,33666,199998,15499,7915,15499,0,11101,234137,200000,33808,5625,183210,0,61849,138151,38839,5626,5626,0,0,0,0,10390632,0,8,160,0,160,0,0,0,0,740,5,5,1472,0,0,740,18,115.034,148.710,8.512,2.731,23.914,0.000,0.000,0.000,0.000,0.000,30.987,0.154,0.770,0.245,0.003,3.173,19.500,0.000,0.000,8.190,30.993,0.000,9.776,30.919,9.275,0.000,56.093,26.644,9.776,0.000,20,false,false,0,0,0.000,0.000,notRun,0,0,0,0,0,0,0,0,0,0,0,0,0,0,0.000,0.000,0.000,0.000,0.000,0.000,0.000,0.000,notRun,0,0,0,0,0,0,0,0,0,0,0,0,0,0,0.000,0.000,0.000,0.000,0.000,0.000,0.000,0.000,false,false,0,0,0.000,0.000,notRun,0,0,0,0,0,0,0,0,0,0,0,0,0,0,0.000,0.000,0.000,0.000,0.000,0.000,0.000,0.000,notRun,0,0,0,0,0,0,0,0,0,0,0,0,0,0,0.000,0.000,0.000,0.000,0.000,0.000,0.000,0.000,automatic,parallelFullRefresh,none,incremental,fullAllCurrentEntries,notApplicable,0,8,33998,0,2.479,0.252,0.000,90216,9.506,2.731,automatic,parallelFullRefresh,none,incremental,fullAllCurrentEntries,notApplicable,0,8,195746,0,7.024,1.166,0.000,92994,12.512,8.190,automatic,parallelAssisted,none,incremental,notApplicable,incremental,0,5,758,0,0.000,0.000,0.028,0,0.000,23.872,serialImmediate,serialImmediate,none,incremental,notApplicable,incremental,1,1,195746,0,0.000,0.000,0.000,0,0.000,30.987,automatic,parallelDirty,none,notApplicable,notApplicable,incremental,0,8,0,61849,0.000,0.000,0.000,0,0.000,9.776,dirtyRange,dirtyRange,none,notApplicable,notApplicable,incremental,1,1,0,38839,0.000,0.000,0.000,0,0.000,9.275
Data-Oriented CPU ROAM,1,0,4,RelWithDebInfo,OpenGL,NVIDIA GeForce RTX 5090 D/PCIe/SSE2,4.1.0 NVIDIA 591.86,false,assets/heightmaps/Hm_Terrain_Peking_513.png,547,547,600000,200000,1,46,64,0.730,13.161,-7.212,20.740,-57.550,287.038,0.000,0.000,251.940,3,80.000,12.000,20,0.250,0.100,200000,false,true,false,true,false,automatic,automatic,automatic,automatic,automatic,automatic,0,0,0,0,0,32,160,0,both,47,8085739757682157168,15078120519465764866,3045942073179456604,15715820681695514140,6085422030732384001,200000,0,0,0,1,1,0,0,0,0,126.386,200000,1438694,0,165374,34626,199998,15927,8130,15927,0,11469,233951,200000,33610,5578,186732,0,63165,136835,39086,5579,5579,0,0,0,0,10611720,0,8,160,0,160,0,0,0,0,784,8,8,1560,0,0,784,47,116.422,96.402,8.192,2.895,24.821,0.000,0.000,0.000,0.000,0.000,32.162,0.183,0.830,0.167,0.004,3.466,20.091,0.000,0.000,8.149,32.166,0.000,10.033,30.166,8.738,0.000,57.382,27.716,10.033,0.000,20,false,false,0,0,0.000,0.000,notRun,0,0,0,0,0,0,0,0,0,0,0,0,0,0,0.000,0.000,0.000,0.000,0.000,0.000,0.000,0.000,notRun,0,0,0,0,0,0,0,0,0,0,0,0,0,0,0.000,0.000,0.000,0.000,0.000,0.000,0.000,0.000,false,false,0,0,0.000,0.000,notRun,0,0,0,0,0,0,0,0,0,0,0,0,0,0,0.000,0.000,0.000,0.000,0.000,0.000,0.000,0.000,notRun,0,0,0,0,0,0,0,0,0,0,0,0,0,0,0.000,0.000,0.000,0.000,0.000,0.000,0.000,0.000,automatic,parallelFullRefresh,none,incremental,fullAllCurrentEntries,notApplicable,0,8,33808,0,2.638,0.257,0.000,91170,9.561,2.895,automatic,parallelFullRefresh,none,incremental,fullAllCurrentEntries,notApplicable,0,8,195232,0,7.001,1.147,0.000,95562,13.264,8.149,automatic,parallelAssisted,none,incremental,notApplicable,incremental,0,8,831,0,0.000,0.000,0.033,0,0.000,24.774,serialImmediate,serialImmediate,none,incremental,notApplicable,incremental,1,1,195232,0,0.000,0.000,0.000,0,0.000,32.162,automatic,parallelDirty,none,notApplicable,notApplicable,incremental,0,8,0,63165,0.000,0.000,0.000,0,0.000,10.033,dirtyRange,dirtyRange,none,notApplicable,notApplicable,incremental,1,1,0,39086,0.000,0.000,0.000,0,0.000,8.738
Data-Oriented CPU ROAM,1,0,4,RelWithDebInfo,OpenGL,NVIDIA GeForce RTX 5090 D/PCIe/SSE2,4.1.0 NVIDIA 591.86,false,assets/heightmaps/Hm_Terrain_Peking_513.png,547,547,600000,200000,1,47,64,0.746,13.448,-1.446,20.150,-57.982,287.564,0.000,0.000,252.834,3,80.000,12.000,20,0.250,0.100,200000,false,true,false,true,false,automatic,automatic,automatic,automatic,automatic,automatic,0,0,0,0,0,32,160,0,both,48,14986513597530100079,14315627566301579737,2484608468122067079,9954285738862980064,11229033532730744092,200000,0,0,0,1,1,0,0,0,0,125.724,200000,1452536,0,166882,33118,199998,15176,7716,15176,0,10545,233813,200000,33584,5407,177664,0,61783,138217,38267,5408,5408,0,0,0,0,10379544,0,8,160,0,160,0,0,0,0,742,5,5,1482,0,0,742,35,118.249,191.898,8.146,2.975,24.717,0.000,0.000,0.000,0.000,0.000,32.210,0.186,0.808,0.212,0.010,3.227,20.202,0.000,0.000,8.047,32.216,0.000,11.482,30.667,8.482,0.000,57.746,27.692,11.482,0.000,20,false,false,0,0,0.000,0.000,notRun,0,0,0,0,0,0,0,0,0,0,0,0,0,0,0.000,0.000,0.000,0.000,0.000,0.000,0.000,0.000,notRun,0,0,0,0,0,0,0,0,0,0,0,0,0,0,0.000,0.000,0.000,0.000,0.000,0.000,0.000,0.000,false,false,0,0,0.000,0.000,notRun,0,0,0,0,0,0,0,0,0,0,0,0,0,0,0.000,0.000,0.000,0.000,0.000,0.000,0.000,0.000,notRun,0,0,0,0,0,0,0,0,0,0,0,0,0,0,0.000,0.000,0.000,0.000,0.000,0.000,0.000,0.000,automatic,parallelFullRefresh,none,incremental,fullAllCurrentEntries,notApplicable,0,8,33610,0,2.723,0.253,0.000,86608,9.449,2.975,automatic,parallelFullRefresh,none,incremental,fullAllCurrentEntries,notApplicable,0,8,195661,0,6.883,1.164,0.000,91056,13.273,8.047,automatic,parallelAssisted,none,incremental,notApplicable,incremental,0,5,777,0,0.000,0.000,0.027,0,0.000,24.674,serialImmediate,serialImmediate,none,incremental,notApplicable,incremental,1,1,195661,0,0.000,0.000,0.000,0,0.000,32.210,automatic,parallelDirty,none,notApplicable,notApplicable,incremental,0,8,0,61783,0.000,0.000,0.000,0,0.000,11.482,dirtyRange,dirtyRange,none,notApplicable,notApplicable,incremental,1,1,0,38267,0.000,0.000,0.000,0,0.000,8.482
Data-Oriented CPU ROAM,1,0,4,RelWithDebInfo,OpenGL,NVIDIA GeForce RTX 5090 D/PCIe/SSE2,4.1.0 NVIDIA 591.86,false,assets/heightmaps/Hm_Terrain_Peking_513.png,547,547,599997,199999,1,48,64,0.762,13.736,4.334,19.553,-57.838,287.998,0.000,0.000,246.112,3,80.000,12.000,20,0.250,0.100,200000,false,true,false,true,false,automatic,automatic,automatic,automatic,automatic,automatic,0,0,0,0,0,32,160,0,both,49,7875227717369078677,5291258678658264488,8620018840951426255,8520585651199533248,12918603806119797218,200000,0,0,0,1,1,0,0,0,0,125.970,199999,1465546,0,167805,32194,199997,14509,7293,14510,0,10426,233790,199999,33663,5540,170278,0,59850,140149,37337,5541,5541,0,0,0,0,10054800,0,8,160,0,160,0,0,0,0,650,6,6,1300,0,0,650,31,111.438,144.603,7.238,2.993,22.419,0.000,0.000,0.000,0.000,0.000,29.938,0.149,0.700,0.255,0.003,2.763,18.481,0.000,0.000,8.202,29.941,0.000,9.648,30.996,8.314,0.000,54.463,25.412,9.648,0.000,20,false,false,0,0,0.000,0.000,notRun,0,0,0,0,0,0,0,0,0,0,0,0,0,0,0.000,0.000,0.000,0.000,0.000,0.000,0.000,0.000,notRun,0,0,0,0,0,0,0,0,0,0,0,0,0,0,0.000,0.000,0.000,0.000,0.000,0.000,0.000,0.000,false,false,0,0,0.000,0.000,notRun,0,0,0,0,0,0,0,0,0,0,0,0,0,0,0.000,0.000,0.000,0.000,0.000,0.000,0.000,0.000,notRun,0,0,0,0,0,0,0,0,0,0,0,0,0,0,0.000,0.000,0.000,0.000,0.000,0.000,0.000,0.000,automatic,parallelFullRefresh,none,incremental,fullAllCurrentEntries,notApplicable,0,8,33584,0,2.737,0.257,0.000,83221,8.974,2.993,automatic,parallelFullRefresh,none,incremental,fullAllCurrentEntries,notApplicable,0,8,196564,0,6.993,1.209,0.000,87057,12.288,8.202,automatic,parallelAssisted,none,incremental,notApplicable,incremental,0,6,681,0,0.000,0.000,0.030,0,0.000,22.381,serialImmediate,serialImmediate,none,incremental,notApplicable,incremental,1,1,196564,0,0.000,0.000,0.000,0,0.000,29.938,automatic,parallelDirty,none,notApplicable,notApplicable,incremental,0,8,0,59850,0.000,0.000,0.000,0,0.000,9.648,dirtyRange,dirtyRange,none,notApplicable,notApplicable,incremental,1,1,0,37337,0.000,0.000,0.000,0,0.000,8.314
Data-Oriented CPU ROAM,1,0,4,RelWithDebInfo,OpenGL,NVIDIA GeForce RTX 5090 D/PCIe/SSE2,4.1.0 NVIDIA 591.86,false,assets/heightmaps/Hm_Terrain_Peking_513.png,547,547,599997,199999,1,49,64,0.778,14.017,10.072,18.974,-57.119,280.887,0.000,0.000,243.703,3,80.000,12.000,20,0.250,0.100,200000,false,true,false,true,false,automatic,automatic,automatic,automatic,automatic,automatic,0,0,0,0,0,32,160,0,both,50,14516129738966518200,14600018523449856346,14383284684393467521,14207915094964080587,11779309111208519426,200000,0,0,0,1,1,0,0,0,0,125.254,199999,1478606,0,168331,31668,199997,14092,7098,14092,0,8450,233867,199999,33680,4909,165641,0,58503,141496,36935,4910,4910,0,0,0,0,9828504,0,8,160,0,160,0,0,0,0,743,6,6,1485,0,0,743,45,109.814,146.054,6.936,2.850,22.036,0.000,0.000,0.000,0.000,0.000,29.894,0.178,0.791,0.169,0.005,3.329,17.485,0.000,0.000,8.060,29.898,0.000,9.513,30.520,8.264,0.000,52.674,24.886,9.513,0.000,20,false,false,0,0,0.000,0.000,notRun,0,0,0,0,0,0,0,0,0,0,0,0,0,0,0.000,0.000,0.000,0.000,0.000,0.000,0.000,0.000,notRun,0,0,0,0,0,0,0,0,0,0,0,0,0,0,0.000,0.000,0.000,0.000,0.000,0.000,0.000,0.000,false,false,0,0,0.000,0.000,notRun,0,0,0,0,0,0,0,0,0,0,0,0,0,0,0.000,0.000,0.000,0.000,0.000,0.000,0.000,0.000,notRun,0,0,0,0,0,0,0,0,0,0,0,0,0,0,0.000,0.000,0.000,0.000,0.000,0.000,0.000,0.000,automatic,parallelFullRefresh,none,incremental,fullAllCurrentEntries,notApplicable,0,8,33663,0,2.588,0.262,0.000,81089,9.017,2.850,automatic,parallelFullRefresh,none,incremental,fullAllCurrentEntries,notApplicable,0,8,195720,0,6.864,1.197,0.000,84552,12.229,8.060,automatic,parallelAssisted,none,incremental,notApplicable,incremental,0,6,788,0,0.000,0.000,0.029,0,0.000,21.987,serialImmediate,serialImmediate,none,incremental,notApplicable,incremental,1,1,195720,0,0.000,0.000,0.000,0,0.000,29.894,automatic,parallelDirty,none,notApplicable,notApplicable,incremental,0,8,0,58503,0.000,0.000,0.000,0,0.000,9.513,dirtyRange,dirtyRange,none,notApplicable,notApplicable,incremental,1,1,0,36935,0.000,0.000,0.000,0,0.000,8.264
Data-Oriented CPU ROAM,1,0,4,RelWithDebInfo,OpenGL,NVIDIA GeForce RTX 5090 D/PCIe/SSE2,4.1.0 NVIDIA 591.86,false,assets/heightmaps/Hm_Terrain_Peking_513.png,547,547,600000,200000,1,50,64,0.794,14.295,15.709,18.436,-55.832,278.350,0.000,0.000,255.243,3,80.000,12.000,20,0.250,0.100,200000,false,true,false,true,false,automatic,automatic,automatic,automatic,automatic,automatic,0,0,0,0,0,32,160,0,both,51,4624788526026817210,3008041548493109848,12218100229106065782,6386073274215138345,9740759885869643506,200000,0,0,0,1,1,0,0,0,0,127.750,200000,1494844,0,165192,34808,199998,16102,8263,16101,0,9625,233804,200000,33363,4642,189702,0,62889,137111,37989,4643,4643,0,0,0,0,10565352,0,8,160,0,160,0,0,0,0,1168,6,6,2302,0,0,1168,51,118.467,101.414,6.842,2.830,26.114,0.000,0.000,0.000,0.000,0.000,33.813,0.260,1.264,0.380,0.011,5.388,18.718,0.000,0.000,8.201,33.819,0.000,10.377,30.284,8.651,0.000,56.351,28.944,10.377,0.000,20,false,false,0,0,0.000,0.000,notRun,0,0,0,0,0,0,0,0,0,0,0,0,0,0,0.000,0.000,0.000,0.000,0.000,0.000,0.000,0.000,notRun,0,0,0,0,0,0,0,0,0,0,0,0,0,0,0.000,0.000,0.000,0.000,0.000,0.000,0.000,0.000,false,false,0,0,0.000,0.000,notRun,0,0,0,0,0,0,0,0,0,0,0,0,0,0,0.000,0.000,0.000,0.000,0.000,0.000,0.000,0.000,notRun,0,0,0,0,0,0,0,0,0,0,0,0,0,0,0.000,0.000,0.000,0.000,0.000,0.000,0.000,0.000,automatic,parallelFullRefresh,none,incremental,fullAllCurrentEntries,notApplicable,0,8,33680,0,2.545,0.285,0.000,93093,10.098,2.830,automatic,parallelFullRefresh,none,incremental,fullAllCurrentEntries,notApplicable,0,8,193176,0,6.926,1.275,0.000,96609,14.219,8.201,automatic,parallelAssisted,none,incremental,notApplicable,incremental,0,6,1219,0,0.000,0.000,0.033,0,0.000,26.055,serialImmediate,serialImmediate,none,incremental,notApplicable,incremental,1,1,193176,0,0.000,0.000,0.000,0,0.000,33.813,automatic,parallelDirty,none,notApplicable,notApplicable,incremental,0,8,0,62889,0.000,0.000,0.000,0,0.000,10.377,dirtyRange,dirtyRange,none,notApplicable,notApplicable,incremental,1,1,0,37989,0.000,0.000,0.000,0,0.000,8.651
Data-Oriented CPU ROAM,1,0,4,RelWithDebInfo,OpenGL,NVIDIA GeForce RTX 5090 D/PCIe/SSE2,4.1.0 NVIDIA 591.86,false,assets/heightmaps/Hm_Terrain_Peking_513.png,547,547,599997,199999,1,51,64,0.810,14.588,21.190,17.959,-53.991,292.429,0.000,0.000,259.930,3,80.000,12.000,20,0.250,0.100,200000,false,true,false,true,false,automatic,automatic,automatic,automatic,automatic,automatic,0,0,0,0,0,32,160,0,both,52,2717975667231973755,1787959666903436587,8506446822150327116,15343448377563558361,7008856661032212479,200000,0,0,0,1,1,0,0,0,0,126.565,199999,1514362,0,162529,37470,199997,17970,9136,17971,0,10560,233638,199999,33276,4528,211986,0,64990,135009,38180,4529,4529,0,0,0,0,10918320,0,8,160,0,160,0,0,0,0,1516,5,5,3032,0,0,1516,28,124.084,99.620,7.252,2.789,29.313,0.000,0.000,0.000,0.000,0.000,36.597,0.275,1.650,0.454,0.003,7.015,19.810,0.000,0.000,7.856,36.603,0.000,10.383,29.888,8.898,0.000,58.316,32.102,10.383,0.000,20,false,false,0,0,0.000,0.000,notRun,0,0,0,0,0,0,0,0,0,0,0,0,0,0,0.000,0.000,0.000,0.000,0.000,0.000,0.000,0.000,notRun,0,0,0,0,0,0,0,0,0,0,0,0,0,0,0.000,0.000,0.000,0.000,0.000,0.000,0.000,0.000,false,false,0,0,0.000,0.000,notRun,0,0,0,0,0,0,0,0,0,0,0,0,0,0,0.000,0.000,0.000,0.000,0.000,0.000,0.000,0.000,notRun,0,0,0,0,0,0,0,0,0,0,0,0,0,0,0.000,0.000,0.000,0.000,0.000,0.000,0.000,0.000,automatic,parallelFullRefresh,none,incremental,fullAllCurrentEntries,notApplicable,0,8,33363,0,2.491,0.298,0.000,104163,11.188,2.789,automatic,parallelFullRefresh,none,incremental,fullAllCurrentEntries,notApplicable,0,8,191087,0,6.665,1.191,0.000,107823,15.220,7.856,automatic,parallelAssisted,none,incremental,notApplicable,incremental,0,5,1544,0,0.000,0.000,0.032,0,0.000,29.239,serialImmediate,serialImmediate,none,incremental,notApplicable,incremental,1,1,191087,0,0.000,0.000,0.000,0,0.000,36.597,automatic,parallelDirty,none,notApplicable,notApplicable,incremental,0,8,0,64990,0.000,0.000,0.000,0,0.000,10.383,dirtyRange,dirtyRange,none,notApplicable,notApplicable,incremental,1,1,0,38180,0.000,0.000,0.000,0,0.000,8.898
Data-Oriented CPU ROAM,1,0,4,RelWithDebInfo,OpenGL,NVIDIA GeForce RTX 5090 D/PCIe/SSE2,4.1.0 NVIDIA 591.86,false,assets/heightmaps/Hm_Terrain_Peking_513.png,547,547,600000,200000,1,52,64,0.825,14.875,26.460,17.564,-51.613,286.942,0.000,0.000,262.357,3,80.000,12.000,20,0.250,0.100,200000,false,true,false,true,false,automatic,automatic,automatic,automatic,automatic,automatic,0,0,0,0,0,32,160,0,both,53,13383574132570346014,11415814594753363039,12764079798955427945,1871852563762119944,10776500482527101165,200000,0,0,0,1,1,0,0,0,0,129.592,200000,1534172,0,163278,36722,199998,17602,8847,17601,0,11105,233584,200000,33237,4434,204630,0,64747,135253,38175,4435,4435,0,0,0,0,10877496,0,8,160,0,160,0,0,0,0,1443,6,6,2886,0,0,1443,63,123.641,154.082,8.034,2.907,27.937,0.000,0.000,0.000,0.000,0.000,35.853,0.236,1.737,0.367,0.012,6.546,18.933,0.000,0.000,8.003,35.858,0.000,10.600,30.300,8.759,0.000,57.344,30.844,10.600,0.000,20,false,false,0,0,0.000,0.000,notRun,0,0,0,0,0,0,0,0,0,0,0,0,0,0,0.000,0.000,0.000,0.000,0.000,0.000,0.000,0.000,notRun,0,0,0,0,0,0,0,0,0,0,0,0,0,0,0.000,0.000,0.000,0.000,0.000,0.000,0.000,0.000,false,false,0,0,0.000,0.000,notRun,0,0,0,0,0,0,0,0,0,0,0,0,0,0,0.000,0.000,0.000,0.000,0.000,0.000,0.000,0.000,notRun,0,0,0,0,0,0,0,0,0,0,0,0,0,0,0.000,0.000,0.000,0.000,0.000,0.000,0.000,0.000,automatic,parallelFullRefresh,none,incremental,fullAllCurrentEntries,notApplicable,0,8,33276,0,2.623,0.283,0.000,99021,10.674,2.907,automatic,parallelFullRefresh,none,incremental,fullAllCurrentEntries,notApplicable,0,8,191271,0,6.859,1.144,0.000,105609,14.763,8.003,automatic,parallelAssisted,none,incremental,notApplicable,incremental,0,6,1506,0,0.000,0.000,0.032,0,0.000,27.865,serialImmediate,serialImmediate,none,incremental,notApplicable,incremental,1,1,191271,0,0.000,0.000,0.000,0,0.000,35.853,automatic,parallelDirty,none,notApplicable,notApplicable,incremental,0,8,0,64747,0.000,0.000,0.000,0,0.000,10.600,dirtyRange,dirtyRange,none,notApplicable,notApplicable,incremental,1,1,0,38175,0.000,0.000,0.000,0,0.000,8.759
Data-Oriented CPU ROAM,1,0,4,RelWithDebInfo,OpenGL,NVIDIA GeForce RTX 5090 D/PCIe/SSE2,4.1.0 NVIDIA 591.86,false,assets/heightmaps/Hm_Terrain_Peking_513.png,547,547,599997,199999,1,53,64,0.841,15.172,31.468,17.265,-48.722,296.928,0.000,0.000,260.097,3,80.000,12.000,20,0.250,0.100,200000,false,true,false,true,false,automatic,automatic,automatic,automatic,automatic,automatic,0,0,0,0,0,32,160,0,both,54,1580304990554943114,13700608358763085086,8041159195156157533,1436738945358498321,3163412826930471358,200000,0,0,0,1,1,0,0,0,0,126.346,199999,1551688,0,164970,35029,199997,16801,8469,16802,0,10686,233656,199999,33380,4470,197952,0,66449,133550,39124,4471,4471,0,0,0,0,11163432,0,8,160,0,160,0,0,0,0,1277,6,6,2549,0,0,1277,65,124.448,105.758,7.910,2.963,27.335,0.000,0.000,0.000,0.000,0.000,34.616,0.233,1.481,0.393,0.016,6.399,18.713,0.000,0.000,7.956,34.622,0.000,10.708,32.953,8.841,0.000,56.213,30.298,10.708,0.000,20,false,false,0,0,0.000,0.000,notRun,0,0,0,0,0,0,0,0,0,0,0,0,0,0,0.000,0.000,0.000,0.000,0.000,0.000,0.000,0.000,notRun,0,0,0,0,0,0,0,0,0,0,0,0,0,0,0.000,0.000,0.000,0.000,0.000,0.000,0.000,0.000,false,false,0,0,0.000,0.000,notRun,0,0,0,0,0,0,0,0,0,0,0,0,0,0,0.000,0.000,0.000,0.000,0.000,0.000,0.000,0.000,notRun,0,0,0,0,0,0,0,0,0,0,0,0,0,0,0.000,0.000,0.000,0.000,0.000,0.000,0.000,0.000,automatic,parallelFullRefresh,none,incremental,fullAllCurrentEntries,notApplicable,0,8,33237,0,2.688,0.275,0.000,97143,10.641,2.963,automatic,parallelFullRefresh,none,incremental,fullAllCurrentEntries,notApplicable,0,8,192180,0,6.720,1.236,0.000,100809,14.432,7.956,automatic,parallelAssisted,none,incremental,notApplicable,incremental,0,6,1342,0,0.000,0.000,0.032,0,0.000,27.267,serialImmediate,serialImmediate,none,incremental,notApplicable,incremental,1,1,192180,0,0.000,0.000,0.000,0,0.000,34.616,automatic,parallelDirty,none,notApplicable,notApplicable,incremental,0,8,0,66449,0.000,0.000,0.000,0,0.000,10.708,dirtyRange,dirtyRange,none,notApplicable,notApplicable,incremental,1,1,0,39124,0.000,0.000,0.000,0,0.000,8.841
Data-Oriented CPU ROAM,1,0,4,RelWithDebInfo,OpenGL,NVIDIA GeForce RTX 5090 D/PCIe/SSE2,4.1.0 NVIDIA 591.86,false,assets/heightmaps/Hm_Terrain_Peking_513.png,547,547,599997,199999,1,54,64,0.857,15.468,36.162,17.075,-45.346,296.463,0.000,0.000,258.252,3,80.000,12.000,20,0.250,0.100,200000,false,true,false,true,false,automatic,automatic,automatic,automatic,automatic,automatic,0,0,0,0,0,32,160,0,both,55,7640739004756412505,13238418270436771024,4638604860998101699,821266165783342208,17760225748658385439,200000,0,0,0,1,1,0,0,0,0,125.900,199999,1565166,0,165182,34817,199997,16670,8438,16670,0,11172,233849,199999,33497,4914,197023,0,66386,133613,39153,4915,4915,0,0,0,0,11152848,0,8,160,0,160,0,0,0,0,1124,5,5,2248,0,0,1124,39,123.104,100.266,7.254,2.762,25.983,0.000,0.000,0.000,0.000,0.000,34.692,0.213,1.193,0.357,0.002,4.965,19.161,0.000,0.000,8.097,34.697,0.000,10.801,33.511,8.832,0.000,57.544,28.744,10.801,0.000,20,false,false,0,0,0.000,0.000,notRun,0,0,0,0,0,0,0,0,0,0,0,0,0,0,0.000,0.000,0.000,0.000,0.000,0.000,0.000,0.000,notRun,0,0,0,0,0,0,0,0,0,0,0,0,0,0,0.000,0.000,0.000,0.000,0.000,0.000,0.000,0.000,false,false,0,0,0.000,0.000,notRun,0,0,0,0,0,0,0,0,0,0,0,0,0,0,0.000,0.000,0.000,0.000,0.000,0.000,0.000,0.000,notRun,0,0,0,0,0,0,0,0,0,0,0,0,0,0,0.000,0.000,0.000,0.000,0.000,0.000,0.000,0.000,automatic,parallelFullRefresh,none,incremental,fullAllCurrentEntries,notApplicable,0,8,33380,0,2.480,0.282,0.000,97003,10.405,2.762,automatic,parallelFullRefresh,none,incremental,fullAllCurrentEntries,notApplicable,0,8,193200,0,6.861,1.236,0.000,100020,14.399,8.097,automatic,parallelAssisted,none,incremental,notApplicable,incremental,0,5,1163,0,0.000,0.000,0.032,0,0.000,25.922,serialImmediate,serialImmediate,none,incremental,notApplicable,incremental,1,1,193200,0,0.000,0.000,0.000,0,0.000,34.692,automatic,parallelDirty,none,notApplicable,notApplicable,incremental,0,8,0,66386,0.000,0.000,0.000,0,0.000,10.801,dirtyRange,dirtyRange,none,notApplicable,notApplicable,incremental,1,1,0,39153,0.000,0.000,0.000,0,0.000,8.832
Data-Oriented CPU ROAM,1,0,4,RelWithDebInfo,OpenGL,NVIDIA GeForce RTX 5090 D/PCIe/SSE2,4.1.0 NVIDIA 591.86,false,assets/heightmaps/Hm_Terrain_Peking_513.png,547,547,599997,199999,1,55,64,0.873,15.762,40.498,17.001,-41.520,294.186,0.000,0.000,263.025,3,80.000,12.000,20,0.250,0.100,200000,false,true,false,true,false,automatic,automatic,automatic,automatic,automatic,automatic,0,0,0,0,0,32,160,0,both,56,10043160010472302083,17419069598135635721,13808111960316725902,3166529929577728683,12886336515350552655,200000,0,0,0,1,1,0,0,0,0,130.248,199999,1576158,0,164407,35592,199997,16899,8576,16899,0,11705,233815,199999,33558,5850,196599,0,66428,133571,39752,5851,5851,0,0,0,0,11159904,0,8,160,0,160,0,0,0,0,884,5,5,1768,0,0,884,23,123.182,147.769,7.016,2.782,27.476,0.000,0.000,0.000,0.000,0.000,35.996,0.174,0.931,0.322,0.009,3.964,22.001,0.000,0.000,8.309,36.001,0.000,10.877,30.719,9.166,0.000,63.071,30.259,10.877,0.000,20,false,false,0,0,0.000,0.000,notRun,0,0,0,0,0,0,0,0,0,0,0,0,0,0,0.000,0.000,0.000,0.000,0.000,0.000,0.000,0.000,notRun,0,0,0,0,0,0,0,0,0,0,0,0,0,0,0.000,0.000,0.000,0.000,0.000,0.000,0.000,0.000,false,false,0,0,0.000,0.000,notRun,0,0,0,0,0,0,0,0,0,0,0,0,0,0,0.000,0.000,0.000,0.000,0.000,0.000,0.000,0.000,notRun,0,0,0,0,0,0,0,0,0,0,0,0,0,0,0.000,0.000,0.000,0.000,0.000,0.000,0.000,0.000,automatic,parallelFullRefresh,none,incremental,fullAllCurrentEntries,notApplicable,0,8,33497,0,2.519,0.264,0.000,95205,10.413,2.782,automatic,parallelFullRefresh,none,incremental,fullAllCurrentEntries,notApplicable,0,8,194834,0,6.966,1.343,0.000,101394,15.309,8.309,automatic,parallelAssisted,none,incremental,notApplicable,incremental,0,5,907,0,0.000,0.000,0.025,0,0.000,27.425,serialImmediate,serialImmediate,none,incremental,notApplicable,incremental,1,1,194834,0,0.000,0.000,0.000,0,0.000,35.996,automatic,parallelDirty,none,notApplicable,notApplicable,incremental,0,8,0,66428,0.000,0.000,0.000,0,0.000,10.877,dirtyRange,dirtyRange,none,notApplicable,notApplicable,incremental,1,1,0,39752,0.000,0.000,0.000,0,0.000,9.166
Data-Oriented CPU ROAM,1,0,4,RelWithDebInfo,OpenGL,NVIDIA GeForce RTX 5090 D/PCIe/SSE2,4.1.0 NVIDIA 591.86,false,assets/heightmaps/Hm_Terrain_Peking_513.png,547,547,599997,199999,1,56,64,0.889,16.062,44.431,17.046,-37.282,299.463,0.000,0.000,259.651,3,80.000,12.000,20,0.250,0.100,200000,false,true,false,true,false,automatic,automatic,automatic,automatic,automatic,automatic,0,0,0,0,0,32,160,0,both,57,10489926895760994281,12726575308572454149,16072537589226680370,15586574935756950905,4224510392248073610,200000,0,0,0,1,1,0,0,0,0,125.602,199999,1586094,0,162530,37469,199997,18109,9206,18109,0,12227,233670,199999,33444,6413,206930,0,67640,132359,40277,6414,6414,0,0,0,0,11363520,0,8,160,0,160,0,0,0,0,915,7,7,1830,0,0,915,39,124.449,99.845,7.120,2.914,28.575,0.000,0.000,0.000,0.000,0.000,36.029,0.206,0.993,0.389,0.013,4.149,22.741,0.000,0.000,8.410,36.035,0.000,10.927,30.468,9.156,0.000,63.917,31.488,10.927,0.000,20,false,false,0,0,0.000,0.000,notRun,0,0,0,0,0,0,0,0,0,0,0,0,0,0,0.000,0.000,0.000,0.000,0.000,0.000,0.000,0.000,notRun,0,0,0,0,0,0,0,0,0,0,0,0,0,0,0.000,0.000,0.000,0.000,0.000,0.000,0.000,0.000,false,false,0,0,0.000,0.000,notRun,0,0,0,0,0,0,0,0,0,0,0,0,0,0,0.000,0.000,0.000,0.000,0.000,0.000,0.000,0.000,notRun,0,0,0,0,0,0,0,0,0,0,0,0,0,0,0.000,0.000,0.000,0.000,0.000,0.000,0.000,0.000,automatic,parallelFullRefresh,none,incremental,fullAllCurrentEntries,notApplicable,0,8,33558,0,2.639,0.275,0.000,98276,10.192,2.914,automatic,parallelFullRefresh,none,incremental,fullAllCurrentEntries,notApplicable,0,8,194773,0,7.064,1.346,0.000,108654,16.072,8.410,automatic,parallelAssisted,none,incremental,notApplicable,incremental,0,7,954,0,0.000,0.000,0.032,0,0.000,28.524,serialImmediate,serialImmediate,none,incremental,notApplicable,incremental,1,1,194773,0,0.000,0.000,0.000,0,0.000,36.029,automatic,parallelDirty,none,notApplicable,notApplicable,incremental,0,8,0,67640,0.000,0.000,0.000,0,0.000,10.927,dirtyRange,dirtyRange,none,notApplicable,notApplicable,incremental,1,1,0,40277,0.000,0.000,0.000,0,0.000,9.156
Data-Oriented CPU ROAM,1,0,4,RelWithDebInfo,OpenGL,NVIDIA GeForce RTX 5090 D/PCIe/SSE2,4.1.0 NVIDIA 591.86,false,assets/heightmaps/Hm_Terrain_Peking_513.png,547,547,600000,200000,1,57,64,0.905,16.358,47.922,17.207,-32.673,296.526,0.000,0.000,261.823,3,80.000,12.000,20,0.250,0.100,200000,false,true,false,true,false,automatic,automatic,automatic,automatic,automatic,automatic,0,0,0,0,0,32,160,0,both,58,3640679193703727146,14931035836366094131,8782637290810732841,15157848641308435572,10819543546728440841,200000,0,0,0,1,1,0,0,0,0,125.678,200000,1595942,0,162155,37845,199998,17927,9041,17926,0,12232,233810,200000,33598,5648,208671,0,69712,130288,40588,5649,5649,0,0,0,0,11711616,0,8,160,0,160,0,0,0,0,1124,5,5,2248,0,0,1124,54,126.333,105.221,7.064,3.072,27.992,0.000,0.000,0.000,0.000,0.000,37.601,0.243,1.237,0.567,0.011,5.132,20.708,0.000,0.000,7.966,37.606,0.000,11.105,31.527,9.290,0.000,62.132,31.065,11.105,0.000,20,false,false,0,0,0.000,0.000,notRun,0,0,0,0,0,0,0,0,0,0,0,0,0,0,0.000,0.000,0.000,0.000,0.000,0.000,0.000,0.000,notRun,0,0,0,0,0,0,0,0,0,0,0,0,0,0,0.000,0.000,0.000,0.000,0.000,0.000,0.000,0.000,false,false,0,0,0.000,0.000,notRun,0,0,0,0,0,0,0,0,0,0,0,0,0,0,0.000,0.000,0.000,0.000,0.000,0.000,0.000,0.000,notRun,0,0,0,0,0,0,0,0,0,0,0,0,0,0,0.000,0.000,0.000,0.000,0.000,0.000,0.000,0.000,automatic,parallelFullRefresh,none,incremental,fullAllCurrentEntries,notApplicable,0,8,33444,0,2.795,0.277,0.000,101112,10.935,3.072,automatic,parallelFullRefresh,none,incremental,fullAllCurrentEntries,notApplicable,0,8,193385,0,6.671,1.294,0.000,107559,15.973,7.966,automatic,parallelAssisted,none,incremental,notApplicable,incremental,0,5,1178,0,0.000,0.000,0.032,0,0.000,27.931,serialImmediate,serialImmediate,none,incremental,notApplicable,incremental,1,1,193385,0,0.000,0.000,0.000,0,0.000,37.601,automatic,parallelDirty,none,notApplicable,notApplicable,incremental,0,8,0,69712,0.000,0.000,0.000,0,0.000,11.105,dirtyRange,dirtyRange,none,notApplicable,notApplicable,incremental,1,1,0,40588,0.000,0.000,0.000,0,0.000,9.290
Data-Oriented CPU ROAM,1,0,4,RelWithDebInfo,OpenGL,NVIDIA GeForce RTX 5090 D/PCIe/SSE2,4.1.0 NVIDIA 591.86,false,assets/heightmaps/Hm_Terrain_Peking_513.png,547,547,599997,199999,1,58,64,0.921,16.658,50.937,17.480,-27.739,299.450,0.000,0.000,257.185,3,80.000,12.000,20,0.250,0.100,200000,false,true,false,true,false,automatic,automatic,automatic,automatic,automatic,automatic,0,0,0,0,0,32,160,0,both,59,16456659559126933123,2739885970612024836,15214969696279841583,8779494652515899221,7359711841302740049,200000,0,0,0,1,1,0,0,0,0,129.670,199999,1604484,0,164776,35223,199997,15971,8097,15972,0,10393,233983,199999,33776,5160,191329,0,67951,132048,40362,5161,5161,0,0,0,0,11415768,0,8,160,0,160,0,0,0,0,975,5,5,1950,0,0,975,35,117.872,94.560,6.905,2.992,25.139,0.000,0.000,0.000,0.000,0.000,34.106,0.206,1.038,0.289,0.009,4.322,19.192,0.000,0.000,8.089,34.111,0.000,10.277,30.357,9.245,0.000,57.703,28.132,10.277,0.000,20,false,false,0,0,0.000,0.000,notRun,0,0,0,0,0,0,0,0,0,0,0,0,0,0,0.000,0.000,0.000,0.000,0.000,0.000,0.000,0.000,notRun,0,0,0,0,0,0,0,0,0,0,0,0,0,0,0.000,0.000,0.000,0.000,0.000,0.000,0.000,0.000,false,false,0,0,0.000,0.000,notRun,0,0,0,0,0,0,0,0,0,0,0,0,0,0,0.000,0.000,0.000,0.000,0.000,0.000,0.000,0.000,notRun,0,0,0,0,0,0,0,0,0,0,0,0,0,0,0.000,0.000,0.000,0.000,0.000,0.000,0.000,0.000,automatic,parallelFullRefresh,none,incremental,fullAllCurrentEntries,notApplicable,0,8,33598,0,2.727,0.265,0.000,95500,10.604,2.992,automatic,parallelFullRefresh,none,incremental,fullAllCurrentEntries,notApplicable,0,8,194357,0,6.844,1.246,0.000,95829,14.098,8.089,automatic,parallelAssisted,none,incremental,notApplicable,incremental,0,5,1010,0,0.000,0.000,0.030,0,0.000,25.086,serialImmediate,serialImmediate,none,incremental,notApplicable,incremental,1,1,194357,0,0.000,0.000,0.000,0,0.000,34.106,automatic,parallelDirty,none,notApplicable,notApplicable,incremental,0,8,0,67951,0.000,0.000,0.000,0,0.000,10.277,dirtyRange,dirtyRange,none,notApplicable,notApplicable,incremental,1,1,0,40362,0.000,0.000,0.000,0,0.000,9.245
Data-Oriented CPU ROAM,1,0,4,RelWithDebInfo,OpenGL,NVIDIA GeForce RTX 5090 D/PCIe/SSE2,4.1.0 NVIDIA 591.86,false,assets/heightmaps/Hm_Terrain_Peking_513.png,547,547,599997,199999,1,59,64,0.937,16.952,53.446,17.852,-22.529,294.232,0.000,0.000,249.916,3,80.000,12.000,20,0.250,0.100,200000,false,true,false,true,false,automatic,automatic,automatic,automatic,automatic,automatic,0,0,0,0,0,32,160,0,both,60,8331262008288669219,17036585647265425869,9418645314513683138,10591023381583572444,726391118472711587,200000,0,0,0,1,1,0,0,0,0,130.751,199999,1610386,0,168966,31033,199997,14004,7137,14004,0,9700,233963,199999,33634,4676,165578,0,62401,137598,38793,4677,4677,0,0,0,0,10483368,0,8,160,0,160,0,0,0,0,865,5,5,1725,0,0,865,16,110.028,103.697,6.814,2.956,22.363,0.000,0.000,0.000,0.000,0.000,29.228,0.181,0.907,0.210,0.006,3.845,17.138,0.000,0.000,8.337,29.232,0.000,9.875,30.450,8.747,0.000,51.867,25.319,9.875,0.000,20,false,false,0,0,0.000,0.000,notRun,0,0,0,0,0,0,0,0,0,0,0,0,0,0,0.000,0.000,0.000,0.000,0.000,0.000,0.000,0.000,notRun,0,0,0,0,0,0,0,0,0,0,0,0,0,0,0.000,0.000,0.000,0.000,0.000,0.000,0.000,0.000,false,false,0,0,0.000,0.000,notRun,0,0,0,0,0,0,0,0,0,0,0,0,0,0,0.000,0.000,0.000,0.000,0.000,0.000,0.000,0.000,notRun,0,0,0,0,0,0,0,0,0,0,0,0,0,0,0.000,0.000,0.000,0.000,0.000,0.000,0.000,0.000,automatic,parallelFullRefresh,none,incremental,fullAllCurrentEntries,notApplicable,0,8,33776,0,2.693,0.263,0.000,81554,9.032,2.956,automatic,parallelFullRefresh,none,incremental,fullAllCurrentEntries,notApplicable,0,8,195350,0,7.026,1.311,0.000,84024,12.373,8.337,automatic,parallelAssisted,none,incremental,notApplicable,incremental,0,5,881,0,0.000,0.000,0.026,0,0.000,22.314,serialImmediate,serialImmediate,none,incremental,notApplicable,incremental,1,1,195350,0,0.000,0.000,0.000,0,0.000,29.228,automatic,parallelDirty,none,notApplicable,notApplicable,incremental,0,8,0,62401,0.000,0.000,0.000,0,0.000,9.875,dirtyRange,dirtyRange,none,notApplicable,notApplicable,incremental,1,1,0,38793,0.000,0.000,0.000,0,0.000,8.747
Data-Oriented CPU ROAM,1,0,4,RelWithDebInfo,OpenGL,NVIDIA GeForce RTX 5090 D/PCIe/SSE2,4.1.0 NVIDIA 591.86,false,assets/heightmaps/Hm_Terrain_Peking_513.png,547,547,600000,200000,1,60,64,0.952,17.236,55.423,18.310,-17.096,284.408,0.000,0.000,247.944,3,80.000,12.000,20,0.250,0.100,200000,false,true,false,true,false,automatic,automatic,automatic,automatic,automatic,automatic,0,0,0,0,0,32,160,0,both,61,13343772191717118949,14069151452979917280,891199421083777342,8545682912065518615,9792374462707050516,200000,0,0,0,1,1,0,0,0,0,127.298,200000,1613714,0,166572,33428,199998,15077,7673,15076,0,10051,233913,200000,33628,5205,178779,0,61088,138912,38459,5206,5206,0,0,0,0,10262784,0,8,160,0,160,0,0,0,0,850,4,4,1692,0,0,850,8,111.670,97.955,6.766,2.814,23.351,0.000,0.000,0.000,0.000,0.000,30.892,0.179,0.882,0.241,0.006,3.758,18.205,0.000,0.000,7.896,30.897,0.000,9.481,30.464,8.598,0.000,54.193,26.164,9.481,0.000,20,false,false,0,0,0.000,0.000,notRun,0,0,0,0,0,0,0,0,0,0,0,0,0,0,0.000,0.000,0.000,0.000,0.000,0.000,0.000,0.000,notRun,0,0,0,0,0,0,0,0,0,0,0,0,0,0,0.000,0.000,0.000,0.000,0.000,0.000,0.000,0.000,false,false,0,0,0.000,0.000,notRun,0,0,0,0,0,0,0,0,0,0,0,0,0,0,0.000,0.000,0.000,0.000,0.000,0.000,0.000,0.000,notRun,0,0,0,0,0,0,0,0,0,0,0,0,0,0,0.000,0.000,0.000,0.000,0.000,0.000,0.000,0.000,automatic,parallelFullRefresh,none,incremental,fullAllCurrentEntries,notApplicable,0,8,33634,0,2.541,0.272,0.000,88320,9.628,2.814,automatic,parallelFullRefresh,none,incremental,fullAllCurrentEntries,notApplicable,0,8,195338,0,6.621,1.275,0.000,90459,13.219,7.896,automatic,parallelAssisted,none,incremental,notApplicable,incremental,0,4,858,0,0.000,0.000,0.032,0,0.000,23.303,serialImmediate,serialImmediate,none,incremental,notApplicable,incremental,1,1,195338,0,0.000,0.000,0.000,0,0.000,30.892,automatic,parallelDirty,none,notApplicable,notApplicable,incremental,0,8,0,61088,0.000,0.000,0.000,0,0.000,9.481,dirtyRange,dirtyRange,none,notApplicable,notApplicable,incremental,1,1,0,38459,0.000,0.000,0.000,0,0.000,8.598
Data-Oriented CPU ROAM,1,0,4,RelWithDebInfo,OpenGL,NVIDIA GeForce RTX 5090 D/PCIe/SSE2,4.1.0 NVIDIA 591.86,false,assets/heightmaps/Hm_Terrain_Peking_513.png,547,547,600000,200000,1,61,64,0.968,17.520,56.850,18.835,-11.492,283.624,0.000,0.000,251.954,3,80.000,12.000,20,0.250,0.100,200000,false,true,false,true,false,automatic,automatic,automatic,automatic,automatic,automatic,0,0,0,0,0,32,160,0,both,62,8372586506375347726,14119568360212279838,14426469115822831624,5019815125008644501,14359339353071339021,200000,0,0,0,1,1,0,0,0,0,126.580,200000,1616254,0,165500,34500,199998,15566,7957,15566,0,11036,233818,200000,33577,5724,182543,0,64316,135684,39698,5725,5725,0,0,0,0,10805088,0,8,160,0,160,0,0,0,0,685,9,8,1362,0,0,685,53,116.003,96.491,6.742,2.925,24.096,0.000,0.000,0.000,0.000,0.000,31.464,0.165,0.731,0.217,0.006,3.049,19.855,0.000,0.000,7.805,31.469,0.000,9.768,33.198,8.966,0.000,56.413,27.020,9.768,0.000,20,false,false,0,0,0.000,0.000,notRun,0,0,0,0,0,0,0,0,0,0,0,0,0,0,0.000,0.000,0.000,0.000,0.000,0.000,0.000,0.000,notRun,0,0,0,0,0,0,0,0,0,0,0,0,0,0,0.000,0.000,0.000,0.000,0.000,0.000,0.000,0.000,false,false,0,0,0.000,0.000,notRun,0,0,0,0,0,0,0,0,0,0,0,0,0,0,0.000,0.000,0.000,0.000,0.000,0.000,0.000,0.000,notRun,0,0,0,0,0,0,0,0,0,0,0,0,0,0,0.000,0.000,0.000,0.000,0.000,0.000,0.000,0.000,automatic,parallelFullRefresh,none,incremental,fullAllCurrentEntries,notApplicable,0,8,33628,0,2.670,0.255,0.000,89147,9.759,2.925,automatic,parallelFullRefresh,none,incremental,fullAllCurrentEntries,notApplicable,0,8,195859,0,6.571,1.234,0.000,93396,13.624,7.805,automatic,parallelAssisted,none,incremental,notApplicable,incremental,0,8,738,0,0.000,0.000,0.031,0,0.000,24.054,serialImmediate,serialImmediate,none,incremental,notApplicable,incremental,1,1,195859,0,0.000,0.000,0.000,0,0.000,31.464,automatic,parallelDirty,none,notApplicable,notApplicable,incremental,0,8,0,64316,0.000,0.000,0.000,0,0.000,9.768,dirtyRange,dirtyRange,none,notApplicable,notApplicable,incremental,1,1,0,39698,0.000,0.000,0.000,0,0.000,8.966
Data-Oriented CPU ROAM,1,0,4,RelWithDebInfo,OpenGL,NVIDIA GeForce RTX 5090 D/PCIe/SSE2,4.1.0 NVIDIA 591.86,false,assets/heightmaps/Hm_Terrain_Peking_513.png,547,547,599997,199999,1,62,64,0.984,17.807,57.712,19.406,-5.775,286.705,0.000,0.000,253.804,3,80.000,12.000,20,0.250,0.100,200000,false,true,false,true,false,automatic,automatic,automatic,automatic,automatic,automatic,0,0,0,0,0,32,160,0,both,63,15462728897452778546,17556954218125128268,10514257532688027711,11527258977405046824,7629037389415132472,200000,0,0,0,1,1,0,0,0,0,130.588,199999,1618198,0,164729,35270,199997,15774,8075,15775,0,10961,233768,199999,33552,6164,184632,0,65506,134493,40096,6165,6165,0,0,0,0,11005008,0,8,160,0,160,0,0,0,0,591,7,7,1176,0,0,591,31,113.756,146.894,6.896,3.016,23.902,0.000,0.000,0.000,0.000,0.000,32.287,0.132,0.621,0.140,0.003,2.576,20.361,0.000,0.000,7.830,32.291,0.000,10.598,29.223,9.072,0.000,58.335,26.917,10.598,0.000,20,false,false,0,0,0.000,0.000,notRun,0,0,0,0,0,0,0,0,0,0,0,0,0,0,0.000,0.000,0.000,0.000,0.000,0.000,0.000,0.000,notRun,0,0,0,0,0,0,0,0,0,0,0,0,0,0,0.000,0.000,0.000,0.000,0.000,0.000,0.000,0.000,false,false,0,0,0.000,0.000,notRun,0,0,0,0,0,0,0,0,0,0,0,0,0,0,0.000,0.000,0.000,0.000,0.000,0.000,0.000,0.000,notRun,0,0,0,0,0,0,0,0,0,0,0,0,0,0,0.000,0.000,0.000,0.000,0.000,0.000,0.000,0.000,automatic,parallelFullRefresh,none,incremental,fullAllCurrentEntries,notApplicable,0,8,33577,0,2.769,0.247,0.000,89985,9.696,3.016,automatic,parallelFullRefresh,none,incremental,fullAllCurrentEntries,notApplicable,0,8,196570,0,6.576,1.254,0.000,94647,13.502,7.830,automatic,parallelAssisted,none,incremental,notApplicable,incremental,0,7,622,0,0.000,0.000,0.031,0,0.000,23.863,serialImmediate,serialImmediate,none,incremental,notApplicable,incremental,1,1,196570,0,0.000,0.000,0.000,0,0.000,32.287,automatic,parallelDirty,none,notApplicable,notApplicable,incremental,0,8,0,65506,0.000,0.000,0.000,0,0.000,10.598,dirtyRange,dirtyRange,none,notApplicable,notApplicable,incremental,1,1,0,40096,0.000,0.000,0.000,0,0.000,9.072
Data-Oriented CPU ROAM,1,0,4,RelWithDebInfo,OpenGL,NVIDIA GeForce RTX 5090 D/PCIe/SSE2,4.1.0 NVIDIA 591.86,false,assets/heightmaps/Hm_Terrain_Peking_513.png,547,547,599997,199999,1,63,64,1.000,18.098,58.000,20.000,0.000,290.855,0.000,0.000,243.143,3,80.000,12.000,20,0.250,0.100,200000,false,true,false,true,false,automatic,automatic,automatic,automatic,automatic,automatic,0,0,0,0,0,32,160,0,both,64,9284411679429003475,5977180557121830227,17573036779925616676,18443833764801475330,5677462786853086169,200000,0,0,0,1,1,0,0,0,0,127.898,199999,1618198,0,167506,32493,199997,14236,7228,14236,0,10920,233858,199999,33558,5846,169606,0,62158,137841,38928,5847,5847,0,0,0,0,10442544,0,8,160,0,160,0,0,0,0,465,5,5,929,0,0,465,12,106.057,146.740,6.893,2.631,21.485,0.000,0.000,0.000,0.000,0.000,28.604,0.104,0.489,0.139,0.003,2.100,18.593,0.000,0.000,8.479,28.610,0.000,9.145,28.815,8.804,0.000,53.823,24.116,9.145,0.000,20,false,false,0,0,0.000,0.000,notRun,0,0,0,0,0,0,0,0,0,0,0,0,0,0,0.000,0.000,0.000,0.000,0.000,0.000,0.000,0.000,notRun,0,0,0,0,0,0,0,0,0,0,0,0,0,0,0.000,0.000,0.000,0.000,0.000,0.000,0.000,0.000,false,false,0,0,0.000,0.000,notRun,0,0,0,0,0,0,0,0,0,0,0,0,0,0,0.000,0.000,0.000,0.000,0.000,0.000,0.000,0.000,notRun,0,0,0,0,0,0,0,0,0,0,0,0,0,0,0.000,0.000,0.000,0.000,0.000,0.000,0.000,0.000,automatic,parallelFullRefresh,none,incremental,fullAllCurrentEntries,notApplicable,0,8,33552,0,2.387,0.244,0.000,84190,9.168,2.631,automatic,parallelFullRefresh,none,incremental,fullAllCurrentEntries,notApplicable,0,8,197480,0,7.232,1.247,0.000,85416,11.948,8.479,automatic,parallelAssisted,none,incremental,notApplicable,incremental,0,5,477,0,0.000,0.000,0.020,0,0.000,21.448,serialImmediate,serialImmediate,none,incremental,notApplicable,incremental,1,1,197480,0,0.000,0.000,0.000,0,0.000,28.604,automatic,parallelDirty,none,notApplicable,notApplicable,incremental,0,8,0,62158,0.000,0.000,0.000,0,0.000,9.145,dirtyRange,dirtyRange,none,notApplicable,notApplicable,incremental,1,1,0,38928,0.000,0.000,0.000,0,0.000,8.804
