algorithm,executionOrderIndex,algorithmOrderRotation,warmupSampleCount,buildConfiguration,graphicsBackend,graphicsAdapter,graphicsVersion,vSyncEnabled,heightMapPath,heightMapWidth,heightMapHeight,rendererVertexCount,rendererTriangleCount,drawCallCount,pathSampleIndex,pathSampleCount,pathProgress,timeSeconds,cameraX,cameraY,cameraZ,frameMilliseconds,frameFenceWaitMilliseconds,rendererRenderMilliseconds,lodTotalMilliseconds,experimentSchemaVersion,terrainSize,heightScale,maxDepth,screenSpaceSplitThresholdPixels,screenSpaceMergeThresholdPixels,triangleBudget,dodParallelSplitEnabled,localConstraintsEnabled,topologyValidationEnabled,passEvidenceEnabled,mergeScoreAction,splitScoreAction,mergeTopologyAction,splitTopologyAction,meshEmitAction,cpuUploadAction,mergeScoreWorkerLimit,splitScoreWorkerLimit,mergeTopologyWorkerLimit,splitTopologyWorkerLimit,meshEmitWorkerLimit,splitTopologyMinParallelCandidateCount,mergeTopologyMinParallelCandidateCount,parallelTopologyTargetBuild,parallelTopologyPhase,buildSequence,replayInputHash,topologyHash,activeLeafHash,meshHash,normalizedMeshHash,evidenceTriangleBudget,budgetViolationCount,queueInvariantViolationCount,resourceValidationFailureCount,passEvidenceMilliseconds,activeTriangleCount,activeNodeCount,originalTriangleCount,subdividedTriangleCount,rebuiltTriangleCount,activeSplitCount,splitCount,forcedSplitCount,mergeCount,crackRiskCount,constraintPassCount,candidatePeakCount,persistentSplitQueueSize,persistentMergeQueueSize,queueCrossoverCount,queueMembershipUpdateCount,cpuMeshFullRebuildCount,cpuMeshUpdatedTriangleCount,cpuMeshReusedTriangleCount,cpuMeshDirtyRangeCount,rejectedSplitCount,budgetRejectedSplitCount,rejectedMergeCount,tjunctionCount,invalidNeighborCount,invalidTopologyCount,cpuGpuUploadBytes,cpuGpuReadbackBytes,cpuWorkerCount,topologyCommitMinCandidateCount,splitTopologyCommitMinCandidateCount,mergeTopologyCommitMinCandidateCount,splitTopologyCandidateCount,splitTopologyNonEmptyChunkCount,splitTopologyCommitWorkerCount,parallelSplitCommitCount,mergeTopologyCandidateCount,mergeTopologyNonEmptyChunkCount,mergeTopologyCommitWorkerCount,parallelMergeCommitCount,interiorSplitCandidateCount,boundarySplitCandidateCount,interiorMergeCandidateCount,boundaryMergeCandidateCount,cpuUpdateMilliseconds,cpuUtilizationPercent,cpuPrepareMilliseconds,cpuMergeCandidateMarkMilliseconds,cpuMergeTopologyMilliseconds,cpuSplitTopologyChunkBuildMilliseconds,cpuSplitTopologyQueueInvalidationMilliseconds,cpuSplitTopologyParallelCommitMilliseconds,cpuSplitTopologyResultMergeMilliseconds,cpuSplitTopologyIndexQueueRefreshMilliseconds,cpuSplitTopologySerialConvergenceMilliseconds,cpuMergeTopologyChunkBuildMilliseconds,cpuMergeTopologyQueueInvalidationMilliseconds,cpuMergeTopologyParallelCommitMilliseconds,cpuMergeTopologyResultMergeMilliseconds,cpuMergeTopologyIndexQueueRefreshMilliseconds,cpuMergeTopologySerialConvergenceMilliseconds,cpuBudgetLeafCollectMilliseconds,cpuErrorEvalMilliseconds,cpuSplitCandidateMarkMilliseconds,cpuSplitTopologyMilliseconds,cpuFinalLeafCollectMilliseconds,cpuMeshEmitMilliseconds,cpuFinalizeMilliseconds,cpuUploadMilliseconds,algorithmRenderMilliseconds,splitMilliseconds,mergeMilliseconds,emitMilliseconds,validateMilliseconds,maxActiveDepth,pass_mergeScoreRequestedAction,pass_mergeScoreEffectiveAction,pass_mergeScoreFallbackReason,pass_mergeScoreMembershipUpdate,pass_mergeScorePriorityRefresh,pass_mergeScoreDataUpdate,pass_mergeScoreRequestedWorkerCount,pass_mergeScoreEffectiveWorkerCount,pass_mergeScoreCandidateCount,pass_mergeScoreDirtyItemCount,pass_mergeScoreScoreMs,pass_mergeScoreHeapifyMs,pass_mergeScoreCandidateSnapshotMs,pass_mergeScoreMembershipUpdateCount,pass_mergeScoreMembershipUpdateMs,pass_mergeScoreWallMs,pass_splitScoreRequestedAction,pass_splitScoreEffectiveAction,pass_splitScoreFallbackReason,pass_splitScoreMembershipUpdate,pass_splitScorePriorityRefresh,pass_splitScoreDataUpdate,pass_splitScoreRequestedWorkerCount,pass_splitScoreEffectiveWorkerCount,pass_splitScoreCandidateCount,pass_splitScoreDirtyItemCount,pass_splitScoreScoreMs,pass_splitScoreHeapifyMs,pass_splitScoreCandidateSnapshotMs,pass_splitScoreMembershipUpdateCount,pass_splitScoreMembershipUpdateMs,pass_splitScoreWallMs,pass_mergeTopologyRequestedAction,pass_mergeTopologyEffectiveAction,pass_mergeTopologyFallbackReason,pass_mergeTopologyMembershipUpdate,pass_mergeTopologyPriorityRefresh,pass_mergeTopologyDataUpdate,pass_mergeTopologyRequestedWorkerCount,pass_mergeTopologyEffectiveWorkerCount,pass_mergeTopologyCandidateCount,pass_mergeTopologyDirtyItemCount,pass_mergeTopologyScoreMs,pass_mergeTopologyHeapifyMs,pass_mergeTopologyCandidateSnapshotMs,pass_mergeTopologyMembershipUpdateCount,pass_mergeTopologyMembershipUpdateMs,pass_mergeTopologyWallMs,pass_splitTopologyRequestedAction,pass_splitTopologyEffectiveAction,pass_splitTopologyFallbackReason,pass_splitTopologyMembershipUpdate,pass_splitTopologyPriorityRefresh,pass_splitTopologyDataUpdate,pass_splitTopologyRequestedWorkerCount,pass_splitTopologyEffectiveWorkerCount,pass_splitTopologyCandidateCount,pass_splitTopologyDirtyItemCount,pass_splitTopologyScoreMs,pass_splitTopologyHeapifyMs,pass_splitTopologyCandidateSnapshotMs,pass_splitTopologyMembershipUpdateCount,pass_splitTopologyMembershipUpdateMs,pass_splitTopologyWallMs,pass_meshEmitRequestedAction,pass_meshEmitEffectiveAction,pass_meshEmitFallbackReason,pass_meshEmitMembershipUpdate,pass_meshEmitPriorityRefresh,pass_meshEmitDataUpdate,pass_meshEmitRequestedWorkerCount,pass_meshEmitEffectiveWorkerCount,pass_meshEmitCandidateCount,pass_meshEmitDirtyItemCount,pass_meshEmitScoreMs,pass_meshEmitHeapifyMs,pass_meshEmitCandidateSnapshotMs,pass_meshEmitMembershipUpdateCount,pass_meshEmitMembershipUpdateMs,pass_meshEmitWallMs,pass_cpuUploadRequestedAction,pass_cpuUploadEffectiveAction,pass_cpuUploadFallbackReason,pass_cpuUploadMembershipUpdate,pass_cpuUploadPriorityRefresh,pass_cpuUploadDataUpdate,pass_cpuUploadRequestedWorkerCount,pass_cpuUploadEffectiveWorkerCount,pass_cpuUploadCandidateCount,pass_cpuUploadDirtyItemCount,pass_cpuUploadScoreMs,pass_cpuUploadHeapifyMs,pass_cpuUploadCandidateSnapshotMs,pass_cpuUploadMembershipUpdateCount,pass_cpuUploadMembershipUpdateMs,pass_cpuUploadWallMs
Data-Oriented CPU ROAM,0,1,4,RelWithDebInfo,OpenGL,NVIDIA GeForce RTX 5090 D/PCIe/SSE2,4.1.0 NVIDIA 591.86,false,assets/heightmaps/Hm_Terrain_Peking_513.png,547,547,599997,199999,1,0,64,0.000,0.000,58.000,20.000,0.000,702.848,0.000,0.000,828.082,1,80.000,12.000,20,0.250,0.100,200000,false,true,false,true,automatic,automatic,automatic,automatic,automatic,automatic,0,0,0,0,0,32,160,0,both,1,14098304620420485230,5977180557121830227,17573036779925616676,4572731874036087188,5677462786853086169,200000,0,0,0,122.851,199999,399996,0,0,199999,199997,199997,99941,0,0,99942,233557,199999,33558,0,1369733,1,199999,0,1,1,1,0,0,0,0,33599832,0,8,160,0,160,0,0,0,0,0,0,1,0,0,0,0,0,701.033,108.084,139.066,0.000,0.005,0.000,0.000,0.000,0.000,0.000,486.239,0.001,0.000,0.000,0.000,0.000,0.000,0.000,0.000,0.000,486.240,0.000,22.806,52.914,4.043,0.000,486.240,0.005,22.806,0.000,20,automatic,serialFullRefresh,noWork,incremental,fullAllCurrentEntries,notApplicable,0,0,0,0,0.000,0.000,0.000,769742,38.458,0.000,automatic,serialFullRefresh,belowParallelThreshold,incremental,fullAllCurrentEntries,notApplicable,0,1,2,0,0.000,0.000,0.000,599991,129.591,0.000,automatic,serialImmediate,noWork,incremental,notApplicable,incremental,0,1,0,0,0.000,0.000,0.000,0,0.000,0.002,serialImmediate,serialImmediate,none,incremental,notApplicable,incremental,1,1,2,0,0.000,0.000,0.000,0,0.000,486.239,automatic,parallelDirty,none,notApplicable,notApplicable,full,0,8,0,199999,0.000,0.000,0.000,0,0.000,22.806,fullBuffer,fullBuffer,none,notApplicable,notApplicable,full,1,1,0,1,0.000,0.000,0.000,0,0.000,4.043
Data-Oriented CPU ROAM,0,1,4,RelWithDebInfo,OpenGL,NVIDIA GeForce RTX 5090 D/PCIe/SSE2,4.1.0 NVIDIA 591.86,false,assets/heightmaps/Hm_Terrain_Peking_513.png,547,547,599997,199999,1,1,64,0.016,0.835,57.712,20.594,5.775,835.125,0.000,0.000,294.967,1,80.000,12.000,20,0.250,0.100,200000,false,true,false,true,automatic,automatic,automatic,automatic,automatic,automatic,0,0,0,0,0,32,160,0,both,2,8659342411541577262,10138580484592569624,6974023681053322935,8526909214016674551,8980536802231160320,200000,0,0,0,128.765,199999,427214,0,169611,30388,199997,13609,6871,13609,0,9628,233748,199999,33614,5942,159076,0,199999,0,1,5943,5943,0,0,0,0,33599832,0,8,160,0,160,0,0,0,0,297,5,5,594,0,0,297,15,161.829,171.994,9.108,3.542,31.382,0.000,0.000,0.000,0.000,0.000,57.930,0.126,0.478,0.248,0.011,2.101,28.362,0.000,0.000,7.313,57.937,0.000,24.164,28.383,4.237,0.000,91.488,34.924,24.164,0.000,20,automatic,parallelFullRefresh,none,incremental,fullAllCurrentEntries,notApplicable,0,8,33558,0,2.874,0.668,0.000,77422,13.379,3.542,automatic,parallelFullRefresh,none,incremental,fullAllCurrentEntries,notApplicable,0,8,198275,0,5.924,1.389,0.000,81654,15.657,7.313,automatic,parallelAssisted,none,incremental,notApplicable,incremental,0,5,312,0,0.000,0.000,0.035,0,0.000,31.361,serialImmediate,serialImmediate,none,incremental,notApplicable,incremental,1,1,198275,0,0.000,0.000,0.000,0,0.000,57.930,automatic,parallelDirty,none,notApplicable,notApplicable,incremental,0,8,0,199999,0.000,0.000,0.000,0,0.000,24.164,dirtyRange,dirtyRange,none,notApplicable,notApplicable,incremental,1,1,0,1,0.000,0.000,0.000,0,0.000,4.237
Data-Oriented CPU ROAM,0,1,4,RelWithDebInfo,OpenGL,NVIDIA GeForce RTX 5090 D/PCIe/SSE2,4.1.0 NVIDIA 591.86,false,assets/heightmaps/Hm_Terrain_Peking_513.png,547,547,599997,199999,1,2,64,0.032,1.137,56.850,21.165,11.492,301.583,0.000,0.000,268.810,1,80.000,12.000,20,0.250,0.100,200000,false,true,false,true,automatic,automatic,automatic,automatic,automatic,automatic,0,0,0,0,0,32,160,0,both,3,7288431114370965623,1640555370884832755,5591888071812846264,4596872360048787178,15168832056936147836,200000,0,0,0,129.104,199999,455328,0,168835,31164,199997,14461,7346,14461,0,10242,233842,199999,33714,4236,173336,0,57219,142780,22777,4237,4237,0,0,0,0,9612792,0,8,160,0,160,0,0,0,0,1085,7,7,2169,0,0,1085,59,132.889,142.972,7.070,2.861,28.311,0.000,0.000,0.000,0.000,0.000,41.221,0.329,1.659,0.281,0.006,6.948,19.039,0.000,0.000,7.494,41.225,0.000,10.236,35.690,6.426,0.000,64.083,31.172,10.236,0.000,20,automatic,parallelFullRefresh,none,incremental,fullAllCurrentEntries,notApplicable,0,8,33614,0,2.496,0.365,0.000,86570,12.106,2.861,automatic,parallelFullRefresh,none,incremental,fullAllCurrentEntries,notApplicable,0,8,194008,0,5.891,1.602,0.000,86766,13.506,7.494,automatic,parallelAssisted,none,incremental,notApplicable,incremental,0,7,1144,0,0.000,0.000,0.028,0,0.000,28.291,serialImmediate,serialImmediate,none,incremental,notApplicable,incremental,1,1,194008,0,0.000,0.000,0.000,0,0.000,41.221,automatic,parallelDirty,none,notApplicable,notApplicable,incremental,0,8,0,57219,0.000,0.000,0.000,0,0.000,10.236,dirtyRange,dirtyRange,none,notApplicable,notApplicable,incremental,1,1,0,22777,0.000,0.000,0.000,0,0.000,6.426
Data-Oriented CPU ROAM,0,1,4,RelWithDebInfo,OpenGL,NVIDIA GeForce RTX 5090 D/PCIe/SSE2,4.1.0 NVIDIA 591.86,false,assets/heightmaps/Hm_Terrain_Peking_513.png,547,547,599997,199999,1,3,64,0.048,1.417,55.423,21.690,17.096,279.844,0.000,0.000,283.804,1,80.000,12.000,20,0.250,0.100,200000,false,true,false,true,automatic,automatic,automatic,automatic,automatic,automatic,0,0,0,0,0,32,160,0,both,4,7278823686050491780,7568413999248190805,4921616559892757118,18043163426793853018,11487383912968617224,200000,0,0,0,133.050,199999,484576,0,167824,32175,199997,15341,7854,15341,0,9819,234092,199999,33926,3881,185556,0,59193,140806,25321,3882,3882,0,0,0,0,9944424,0,8,160,0,160,0,0,0,0,1329,6,6,2658,0,0,1329,52,142.618,96.235,7.404,2.668,31.915,0.000,0.000,0.000,0.000,0.000,45.413,0.394,2.028,0.380,0.015,7.681,21.360,0.000,0.000,6.893,45.419,0.000,10.531,37.789,7.688,0.000,67.368,34.582,10.531,0.000,20,automatic,parallelFullRefresh,none,incremental,fullAllCurrentEntries,notApplicable,0,8,33714,0,2.245,0.422,0.000,93510,13.737,2.668,automatic,parallelFullRefresh,none,incremental,fullAllCurrentEntries,notApplicable,0,8,192418,0,5.609,1.284,0.000,92046,14.914,6.893,automatic,parallelAssisted,none,incremental,notApplicable,incremental,0,6,1381,0,0.000,0.000,0.036,0,0.000,31.895,serialImmediate,serialImmediate,none,incremental,notApplicable,incremental,1,1,192418,0,0.000,0.000,0.000,0,0.000,45.413,automatic,parallelDirty,none,notApplicable,notApplicable,incremental,0,8,0,59193,0.000,0.000,0.000,0,0.000,10.531,dirtyRange,dirtyRange,none,notApplicable,notApplicable,incremental,1,1,0,25321,0.000,0.000,0.000,0,0.000,7.688
Data-Oriented CPU ROAM,0,1,4,RelWithDebInfo,OpenGL,NVIDIA GeForce RTX 5090 D/PCIe/SSE2,4.1.0 NVIDIA 591.86,false,assets/heightmaps/Hm_Terrain_Peking_513.png,547,547,599997,199999,1,4,64,0.063,1.713,53.446,22.148,22.529,296.820,0.000,0.000,283.900,1,80.000,12.000,20,0.250,0.100,200000,false,true,false,true,automatic,automatic,automatic,automatic,automatic,automatic,0,0,0,0,0,32,160,0,both,5,8205201682360257472,6733319019663245412,12259924687577902111,13621817734845741777,6403151579971455132,200000,0,0,0,129.519,199999,515872,0,165095,34904,199997,16557,8422,16557,0,10546,234322,199999,34139,4242,201391,0,60479,139520,26006,4243,4243,0,0,0,0,10160472,0,8,160,0,160,0,0,0,0,1500,5,5,3000,0,0,1500,35,146.870,191.934,10.872,5.259,34.547,0.000,0.000,0.000,0.000,0.000,39.988,0.430,2.163,0.805,0.022,9.116,21.936,0.000,0.000,7.242,40.000,0.000,11.002,37.947,7.040,0.000,61.303,39.806,11.002,0.000,20,automatic,parallelFullRefresh,none,incremental,fullAllCurrentEntries,notApplicable,0,8,33926,0,4.689,0.569,0.000,102049,13.502,5.259,automatic,parallelFullRefresh,none,incremental,fullAllCurrentEntries,notApplicable,0,8,191925,0,6.155,1.087,0.000,99342,14.660,7.242,automatic,parallelAssisted,none,incremental,notApplicable,incremental,0,5,1535,0,0.000,0.000,0.045,0,0.000,34.517,serialImmediate,serialImmediate,none,incremental,notApplicable,incremental,1,1,191925,0,0.000,0.000,0.000,0,0.000,39.988,automatic,parallelDirty,none,notApplicable,notApplicable,incremental,0,8,0,60479,0.000,0.000,0.000,0,0.000,11.002,dirtyRange,dirtyRange,none,notApplicable,notApplicable,incremental,1,1,0,26006,0.000,0.000,0.000,0,0.000,7.040
Data-Oriented CPU ROAM,0,1,4,RelWithDebInfo,OpenGL,NVIDIA GeForce RTX 5090 D/PCIe/SSE2,4.1.0 NVIDIA 591.86,false,assets/heightmaps/Hm_Terrain_Peking_513.png,547,547,600000,200000,1,5,64,0.079,2.013,50.937,22.520,27.739,299.843,0.000,0.000,334.586,1,80.000,12.000,20,0.250,0.100,200000,false,true,false,true,automatic,automatic,automatic,automatic,automatic,automatic,0,0,0,0,0,32,160,0,both,6,6609361805166375492,2504589822901756120,6770990170278849198,14798544035626559840,9059139974614888873,200000,0,0,0,133.387,200000,545952,0,165658,34342,199998,16444,8347,16443,0,9524,234477,200000,34173,3967,197069,0,60703,139297,26967,3968,3968,0,0,0,0,10198104,0,8,160,0,160,0,0,0,0,1501,5,5,2999,0,0,1501,99,193.107,95.634,9.480,2.907,63.413,0.000,0.000,0.000,0.000,0.000,48.707,0.384,2.131,0.550,0.020,8.565,51.704,0.000,0.000,8.234,48.716,0.000,12.202,48.155,7.715,0.000,72.871,66.320,12.202,0.000,20,automatic,parallelFullRefresh,none,incremental,fullAllCurrentEntries,notApplicable,0,8,34139,0,2.513,0.394,0.000,98408,15.110,2.907,automatic,parallelFullRefresh,none,incremental,fullAllCurrentEntries,notApplicable,0,8,191488,0,6.839,1.396,0.000,98661,16.488,8.234,automatic,parallelAssisted,none,incremental,notApplicable,incremental,0,5,1600,0,0.000,0.000,0.041,0,0.000,63.394,serialImmediate,serialImmediate,none,incremental,notApplicable,incremental,1,1,191488,0,0.000,0.000,0.000,0,0.000,48.707,automatic,parallelDirty,none,notApplicable,notApplicable,incremental,0,8,0,60703,0.000,0.000,0.000,0,0.000,12.202,dirtyRange,dirtyRange,none,notApplicable,notApplicable,incremental,1,1,0,26967,0.000,0.000,0.000,0,0.000,7.715
Data-Oriented CPU ROAM,0,1,4,RelWithDebInfo,OpenGL,NVIDIA GeForce RTX 5090 D/PCIe/SSE2,4.1.0 NVIDIA 591.86,false,assets/heightmaps/Hm_Terrain_Peking_513.png,547,547,599997,199999,1,6,64,0.095,2.362,47.922,22.793,32.673,349.056,0.000,0.000,283.135,1,80.000,12.000,20,0.250,0.100,200000,false,true,false,true,automatic,automatic,automatic,automatic,automatic,automatic,0,0,0,0,0,32,160,0,both,7,7460550267756605755,1484508623185095291,17769969818639545704,17014387750036138862,11044276454600441868,200000,0,0,0,129.283,199999,573730,0,167388,32611,199997,15472,7848,15473,0,10113,234509,199999,34106,4324,185316,0,60188,139811,28067,4325,4325,0,0,0,0,10111584,0,8,160,0,160,0,0,0,0,1209,5,5,2418,0,0,1209,70,145.434,102.259,13.323,3.046,34.087,0.000,0.000,0.000,0.000,0.000,39.591,0.365,1.885,0.785,0.019,8.301,22.663,0.000,0.000,8.255,39.598,0.000,11.050,36.075,7.984,0.000,63.547,37.133,11.050,0.000,20,automatic,parallelFullRefresh,none,incremental,fullAllCurrentEntries,notApplicable,0,8,34173,0,2.522,0.525,0.000,92481,13.125,3.046,automatic,parallelFullRefresh,none,incremental,fullAllCurrentEntries,notApplicable,0,8,193165,0,6.963,1.292,0.000,92835,13.986,8.255,automatic,parallelAssisted,none,incremental,notApplicable,incremental,0,5,1279,0,0.000,0.000,0.041,0,0.000,34.058,serialImmediate,serialImmediate,none,incremental,notApplicable,incremental,1,1,193165,0,0.000,0.000,0.000,0,0.000,39.591,automatic,parallelDirty,none,notApplicable,notApplicable,incremental,0,8,0,60188,0.000,0.000,0.000,0,0.000,11.050,dirtyRange,dirtyRange,none,notApplicable,notApplicable,incremental,1,1,0,28067,0.000,0.000,0.000,0,0.000,7.984
Data-Oriented CPU ROAM,0,1,4,RelWithDebInfo,OpenGL,NVIDIA GeForce RTX 5090 D/PCIe/SSE2,4.1.0 NVIDIA 591.86,false,assets/heightmaps/Hm_Terrain_Peking_513.png,547,547,600000,200000,1,7,64,0.111,2.659,44.431,22.954,37.282,297.200,0.000,0.000,291.194,1,80.000,12.000,20,0.250,0.100,200000,false,true,false,true,automatic,automatic,automatic,automatic,automatic,automatic,0,0,0,0,0,32,160,0,both,8,14529096079396744546,7783257179921695138,15440299088060168580,4738464998413530280,4013228348692373109,200000,0,0,0,124.929,200000,601082,0,166274,33726,199998,15849,8037,15848,0,10320,234498,200000,34174,5324,191255,0,61733,138267,29906,5325,5325,0,0,0,0,10371144,0,8,160,0,160,0,0,0,0,932,3,3,1864,0,0,932,44,157.366,93.994,9.588,2.568,30.451,0.000,0.000,0.000,0.000,0.000,58.839,0.196,1.101,0.426,0.008,4.684,23.999,0.000,0.000,7.043,58.845,0.000,11.152,37.718,8.490,0.000,86.440,33.019,11.152,0.000,20,automatic,parallelFullRefresh,none,incremental,fullAllCurrentEntries,notApplicable,0,8,34106,0,2.308,0.260,0.000,96164,13.506,2.568,automatic,parallelFullRefresh,none,incremental,fullAllCurrentEntries,notApplicable,0,8,194783,0,5.822,1.220,0.000,95091,14.788,7.043,automatic,parallelAssisted,none,incremental,notApplicable,incremental,0,3,976,0,0.000,0.000,0.023,0,0.000,30.437,serialImmediate,serialImmediate,none,incremental,notApplicable,incremental,1,1,194783,0,0.000,0.000,0.000,0,0.000,58.839,automatic,parallelDirty,none,notApplicable,notApplicable,incremental,0,8,0,61733,0.000,0.000,0.000,0,0.000,11.152,dirtyRange,dirtyRange,none,notApplicable,notApplicable,incremental,1,1,0,29906,0.000,0.000,0.000,0,0.000,8.490
Data-Oriented CPU ROAM,0,1,4,RelWithDebInfo,OpenGL,NVIDIA GeForce RTX 5090 D/PCIe/SSE2,4.1.0 NVIDIA 591.86,false,assets/heightmaps/Hm_Terrain_Peking_513.png,547,547,599997,199999,1,8,64,0.127,2.966,40.498,22.999,41.520,306.110,0.000,0.000,283.616,1,80.000,12.000,20,0.250,0.100,200000,false,true,false,true,automatic,automatic,automatic,automatic,automatic,automatic,0,0,0,0,0,32,160,0,both,9,968169493307022999,1130222887761867190,12831338062014181277,4204149245298078450,12642480308814401432,200000,0,0,0,132.073,199999,627898,0,165946,34053,199997,16040,8141,16041,0,11019,234356,199999,34196,6160,187607,0,64077,135922,32020,6161,6161,0,0,0,0,10764936,0,8,160,0,160,0,0,0,0,685,3,3,1370,0,0,685,21,142.234,176.354,9.078,2.850,32.444,0.000,0.000,0.000,0.000,0.000,43.703,0.169,1.055,0.291,0.003,4.191,26.693,0.000,0.000,6.965,43.707,0.000,11.022,36.166,8.833,0.000,73.829,35.295,11.022,0.000,20,automatic,parallelFullRefresh,none,incremental,fullAllCurrentEntries,notApplicable,0,8,34174,0,2.586,0.264,0.000,91364,12.811,2.850,automatic,parallelFullRefresh,none,incremental,fullAllCurrentEntries,notApplicable,0,8,196245,0,5.630,1.335,0.000,96243,15.300,6.965,automatic,parallelAssisted,none,incremental,notApplicable,incremental,0,3,706,0,0.000,0.000,0.024,0,0.000,32.426,serialImmediate,serialImmediate,none,incremental,notApplicable,incremental,1,1,196245,0,0.000,0.000,0.000,0,0.000,43.703,automatic,parallelDirty,none,notApplicable,notApplicable,incremental,0,8,0,64077,0.000,0.000,0.000,0,0.000,11.022,dirtyRange,dirtyRange,none,notApplicable,notApplicable,incremental,1,1,0,32020,0.000,0.000,0.000,0,0.000,8.833
Data-Oriented CPU ROAM,0,1,4,RelWithDebInfo,OpenGL,NVIDIA GeForce RTX 5090 D/PCIe/SSE2,4.1.0 NVIDIA 591.86,false,assets/heightmaps/Hm_Terrain_Peking_513.png,547,547,599997,199999,1,9,64,0.143,3.267,36.162,22.925,45.346,301.013,0.000,0.000,285.754,1,80.000,12.000,20,0.250,0.100,200000,false,true,false,true,automatic,automatic,automatic,automatic,automatic,automatic,0,0,0,0,0,32,160,0,both,10,10126486524086268068,4148249379369897430,4789572561677936393,11864531304568056628,12129584698622722319,200000,0,0,0,133.736,199999,654588,0,164294,35705,199997,16360,8241,16360,0,11435,234311,199999,34043,6794,190397,0,65254,134745,33962,6795,6795,0,0,0,0,10962672,0,8,160,0,160,0,0,0,0,503,3,3,1006,0,0,503,27,142.206,141.361,8.874,2.699,32.781,0.000,0.000,0.000,0.000,0.000,43.652,0.120,0.587,0.223,0.002,2.842,28.967,0.000,0.000,7.172,43.657,0.000,11.558,35.465,9.288,0.000,77.064,35.480,11.558,0.000,20,automatic,parallelFullRefresh,none,incremental,fullAllCurrentEntries,notApplicable,0,8,34196,0,2.466,0.233,0.000,92237,13.319,2.699,automatic,parallelFullRefresh,none,incremental,fullAllCurrentEntries,notApplicable,0,8,197217,0,5.713,1.459,0.000,98160,15.124,7.172,automatic,parallelAssisted,none,incremental,notApplicable,incremental,0,3,530,0,0.000,0.000,0.024,0,0.000,32.765,serialImmediate,serialImmediate,none,incremental,notApplicable,incremental,1,1,197217,0,0.000,0.000,0.000,0,0.000,43.652,automatic,parallelDirty,none,notApplicable,notApplicable,incremental,0,8,0,65254,0.000,0.000,0.000,0,0.000,11.558,dirtyRange,dirtyRange,none,notApplicable,notApplicable,incremental,1,1,0,33962,0.000,0.000,0.000,0,0.000,9.288
Data-Oriented CPU ROAM,0,1,4,RelWithDebInfo,OpenGL,NVIDIA GeForce RTX 5090 D/PCIe/SSE2,4.1.0 NVIDIA 591.86,false,assets/heightmaps/Hm_Terrain_Peking_513.png,547,547,600000,200000,1,10,64,0.159,3.569,31.468,22.735,48.722,301.988,0.000,0.000,289.413,1,80.000,12.000,20,0.250,0.100,200000,false,true,false,true,automatic,automatic,automatic,automatic,automatic,automatic,0,0,0,0,0,32,160,0,both,11,14171297774235295312,11966640825832472449,2936329696377599435,5769801941632414398,3236808997738095582,200000,0,0,0,137.133,200000,678670,0,165627,34373,199998,15541,7903,15540,0,10242,234064,200000,33859,6816,183005,0,65340,134660,34642,6817,6817,0,0,0,0,10977120,0,8,160,0,160,0,0,0,0,366,2,2,732,0,0,366,17,142.138,89.390,8.125,2.821,31.547,0.000,0.000,0.000,0.000,0.000,42.353,0.119,0.529,0.183,0.003,2.063,28.604,0.000,0.000,7.415,42.357,0.000,11.750,38.122,9.626,0.000,76.610,34.369,11.750,0.000,20,automatic,parallelFullRefresh,none,incremental,fullAllCurrentEntries,notApplicable,0,8,34043,0,2.520,0.301,0.000,89762,13.252,2.821,automatic,parallelFullRefresh,none,incremental,fullAllCurrentEntries,notApplicable,0,8,198088,0,6.060,1.355,0.000,93243,14.330,7.415,automatic,parallelAssisted,none,incremental,notApplicable,incremental,0,2,383,0,0.000,0.000,0.031,0,0.000,31.532,serialImmediate,serialImmediate,none,incremental,notApplicable,incremental,1,1,198088,0,0.000,0.000,0.000,0,0.000,42.353,automatic,parallelDirty,none,notApplicable,notApplicable,incremental,0,8,0,65340,0.000,0.000,0.000,0,0.000,11.750,dirtyRange,dirtyRange,none,notApplicable,notApplicable,incremental,1,1,0,34642,0.000,0.000,0.000,0,0.000,9.626
Data-Oriented CPU ROAM,0,1,4,RelWithDebInfo,OpenGL,NVIDIA GeForce RTX 5090 D/PCIe/SSE2,4.1.0 NVIDIA 591.86,false,assets/heightmaps/Hm_Terrain_Peking_513.png,547,547,599997,199999,1,11,64,0.175,3.876,26.460,22.436,51.613,307.668,0.000,0.000,315.245,1,80.000,12.000,20,0.250,0.100,200000,false,true,false,true,automatic,automatic,automatic,automatic,automatic,automatic,0,0,0,0,0,32,160,0,both,12,5329564024220870867,8773347649960306180,11742563192499543283,17566631783993503713,7817316123620822810,200000,0,0,0,151.726,199999,700592,0,168155,31844,199997,14496,7420,14497,0,9309,233892,199999,33756,5778,171324,0,62968,137031,34594,5779,5779,0,0,0,0,10578624,0,8,160,0,160,0,0,0,0,580,4,4,1160,0,0,580,20,152.730,138.400,7.629,3.032,32.329,0.000,0.000,0.000,0.000,0.000,41.932,0.168,0.913,0.237,0.006,3.704,27.254,0.000,0.000,7.446,41.937,0.000,11.189,49.167,10.301,0.000,74.088,35.361,11.189,0.000,20,automatic,parallelFullRefresh,none,incremental,fullAllCurrentEntries,notApplicable,0,8,33859,0,2.659,0.373,0.000,84345,12.691,3.032,automatic,parallelFullRefresh,none,incremental,fullAllCurrentEntries,notApplicable,0,8,197047,0,5.871,1.576,0.000,86979,15.210,7.446,automatic,parallelAssisted,none,incremental,notApplicable,incremental,0,4,600,0,0.000,0.000,0.028,0,0.000,32.310,serialImmediate,serialImmediate,none,incremental,notApplicable,incremental,1,1,197047,0,0.000,0.000,0.000,0,0.000,41.932,automatic,parallelDirty,none,notApplicable,notApplicable,incremental,0,8,0,62968,0.000,0.000,0.000,0,0.000,11.189,dirtyRange,dirtyRange,none,notApplicable,notApplicable,incremental,1,1,0,34594,0.000,0.000,0.000,0,0.000,10.301
Data-Oriented CPU ROAM,0,1,4,RelWithDebInfo,OpenGL,NVIDIA GeForce RTX 5090 D/PCIe/SSE2,4.1.0 NVIDIA 591.86,false,assets/heightmaps/Hm_Terrain_Peking_513.png,547,547,600000,200000,1,12,64,0.190,4.206,21.190,22.041,53.991,329.877,0.000,0.000,304.510,1,80.000,12.000,20,0.250,0.100,200000,false,true,false,true,automatic,automatic,automatic,automatic,automatic,automatic,0,0,0,0,0,32,160,0,both,13,16935892054332587610,7985901360231321369,1171555780814262575,18239834171527566255,13209847332320952565,200000,0,0,0,142.027,200000,721734,0,168718,31282,199998,14367,7329,14366,0,10303,233943,200000,33694,5388,171299,0,59664,140336,34327,5389,5389,0,0,0,0,10023552,0,8,160,0,160,0,0,0,0,646,4,4,1288,0,0,646,16,152.406,100.720,9.330,3.217,32.646,0.000,0.000,0.000,0.000,0.000,41.471,0.156,0.806,0.277,0.008,4.222,27.135,0.000,0.000,7.883,41.478,0.000,11.679,46.172,9.671,0.000,72.991,35.863,11.679,0.000,20,automatic,parallelFullRefresh,none,incremental,fullAllCurrentEntries,notApplicable,0,8,33756,0,2.923,0.294,0.000,85100,12.745,3.217,automatic,parallelFullRefresh,none,incremental,fullAllCurrentEntries,notApplicable,0,8,196403,0,6.222,1.661,0.000,86199,15.529,7.883,automatic,parallelAssisted,none,incremental,notApplicable,incremental,0,4,662,0,0.000,0.000,0.024,0,0.000,32.629,serialImmediate,serialImmediate,none,incremental,notApplicable,incremental,1,1,196403,0,0.000,0.000,0.000,0,0.000,41.471,automatic,parallelDirty,none,notApplicable,notApplicable,incremental,0,8,0,59664,0.000,0.000,0.000,0,0.000,11.679,dirtyRange,dirtyRange,none,notApplicable,notApplicable,incremental,1,1,0,34327,0.000,0.000,0.000,0,0.000,9.671
Data-Oriented CPU ROAM,0,1,4,RelWithDebInfo,OpenGL,NVIDIA GeForce RTX 5090 D/PCIe/SSE2,4.1.0 NVIDIA 591.86,false,assets/heightmaps/Hm_Terrain_Peking_513.png,547,547,600000,200000,1,13,64,0.206,4.531,15.709,21.564,55.832,325.348,0.000,0.000,317.102,1,80.000,12.000,20,0.250,0.100,200000,false,true,false,true,automatic,automatic,automatic,automatic,automatic,automatic,0,0,0,0,0,32,160,0,both,14,14001887723358013431,16290827925674946331,11927697215920248553,5317377401584438523,1284541679729744499,200000,0,0,0,145.589,200000,745072,0,166667,33333,199998,15353,7804,15353,0,10502,233853,200000,33627,5584,180389,0,61487,138513,35401,5585,5585,0,0,0,0,10329816,0,8,160,0,160,0,0,0,0,728,4,4,1448,0,0,728,8,161.332,96.606,10.398,2.860,35.340,0.000,0.000,0.000,0.000,0.000,44.250,0.203,1.033,0.269,0.004,4.421,29.356,0.000,0.000,7.144,44.256,0.000,14.350,46.984,9.673,0.000,76.278,38.200,14.350,0.000,20,automatic,parallelFullRefresh,none,incremental,fullAllCurrentEntries,notApplicable,0,8,33694,0,2.545,0.315,0.000,88271,13.234,2.860,automatic,parallelFullRefresh,none,incremental,fullAllCurrentEntries,notApplicable,0,8,195813,0,6.067,1.078,0.000,92118,16.676,7.144,automatic,parallelAssisted,none,incremental,notApplicable,incremental,0,4,736,0,0.000,0.000,0.039,0,0.000,35.323,serialImmediate,serialImmediate,none,incremental,notApplicable,incremental,1,1,195813,0,0.000,0.000,0.000,0,0.000,44.250,automatic,parallelDirty,none,notApplicable,notApplicable,incremental,0,8,0,61487,0.000,0.000,0.000,0,0.000,14.350,dirtyRange,dirtyRange,none,notApplicable,notApplicable,incremental,1,1,0,35401,0.000,0.000,0.000,0,0.000,9.673
Data-Oriented CPU ROAM,0,1,4,RelWithDebInfo,OpenGL,NVIDIA GeForce RTX 5090 D/PCIe/SSE2,4.1.0 NVIDIA 591.86,false,assets/heightmaps/Hm_Terrain_Peking_513.png,547,547,600000,200000,1,14,64,0.222,4.867,10.072,21.026,57.119,335.059,0.000,0.000,314.371,1,80.000,12.000,20,0.250,0.100,200000,false,true,false,true,automatic,automatic,automatic,automatic,automatic,automatic,0,0,0,0,0,32,160,0,both,15,6461387322705707052,12144965187181402796,5113406298481224610,2926562529792837592,6101665858607488865,200000,0,0,0,141.102,200000,770358,0,164860,35140,199998,16206,8304,16206,0,11405,233908,200000,33565,5787,190490,0,64784,135216,36283,5788,5788,0,0,0,0,10883712,0,8,160,0,160,0,0,0,0,751,6,6,1493,0,0,751,46,163.363,148.645,11.509,2.880,36.761,0.000,0.000,0.000,0.000,0.000,45.880,0.203,1.213,0.290,0.009,4.932,30.071,0.000,0.000,7.617,45.884,0.000,10.522,48.189,9.405,0.000,79.236,39.641,10.522,0.000,20,automatic,parallelFullRefresh,none,incremental,fullAllCurrentEntries,notApplicable,0,8,33627,0,2.631,0.250,0.000,93254,13.708,2.880,automatic,parallelFullRefresh,none,incremental,fullAllCurrentEntries,notApplicable,0,8,195367,0,6.181,1.436,0.000,97236,17.757,7.617,automatic,parallelAssisted,none,incremental,notApplicable,incremental,0,6,797,0,0.000,0.000,0.024,0,0.000,36.741,serialImmediate,serialImmediate,none,incremental,notApplicable,incremental,1,1,195367,0,0.000,0.000,0.000,0,0.000,45.880,automatic,parallelDirty,none,notApplicable,notApplicable,incremental,0,8,0,64784,0.000,0.000,0.000,0,0.000,10.522,dirtyRange,dirtyRange,none,notApplicable,notApplicable,incremental,1,1,0,36283,0.000,0.000,0.000,0,0.000,9.405
Data-Oriented CPU ROAM,0,1,4,RelWithDebInfo,OpenGL,NVIDIA GeForce RTX 5090 D/PCIe/SSE2,4.1.0 NVIDIA 591.86,false,assets/heightmaps/Hm_Terrain_Peking_513.png,547,547,599997,199999,1,15,64,0.238,5.194,4.334,20.447,57.838,327.355,0.000,0.000,293.735,1,80.000,12.000,20,0.250,0.100,200000,false,true,false,true,automatic,automatic,automatic,automatic,automatic,automatic,0,0,0,0,0,32,160,0,both,16,12944171275107291116,5936097924742473912,7066146189345485211,14243269207114944881,9983541250134023741,200000,0,0,0,133.007,199999,795980,0,164930,35069,199997,16398,8303,16399,0,11657,233659,199999,33433,5579,191619,0,65487,134512,36636,5580,5580,0,0,0,0,11001816,0,8,160,0,160,0,0,0,0,886,6,6,1765,0,0,886,43,149.673,126.954,10.050,2.750,33.593,0.000,0.000,0.000,0.000,0.000,44.345,0.205,1.103,0.414,0.016,5.215,26.601,0.000,0.000,7.416,44.350,0.000,11.143,40.371,10.524,0.000,73.838,36.343,11.143,0.000,20,automatic,parallelFullRefresh,none,incremental,fullAllCurrentEntries,notApplicable,0,8,33565,0,2.492,0.257,0.000,93228,12.435,2.750,automatic,parallelFullRefresh,none,incremental,fullAllCurrentEntries,notApplicable,0,8,194764,0,6.323,1.093,0.000,98391,16.459,7.416,automatic,parallelAssisted,none,incremental,notApplicable,incremental,0,6,929,0,0.000,0.000,0.024,0,0.000,33.579,serialImmediate,serialImmediate,none,incremental,notApplicable,incremental,1,1,194764,0,0.000,0.000,0.000,0,0.000,44.345,automatic,parallelDirty,none,notApplicable,notApplicable,incremental,0,8,0,65487,0.000,0.000,0.000,0,0.000,11.143,dirtyRange,dirtyRange,none,notApplicable,notApplicable,incremental,1,1,0,36636,0.000,0.000,0.000,0,0.000,10.524
Data-Oriented CPU ROAM,0,1,4,RelWithDebInfo,OpenGL,NVIDIA GeForce RTX 5090 D/PCIe/SSE2,4.1.0 NVIDIA 591.86,false,assets/heightmaps/Hm_Terrain_Peking_513.png,547,547,600000,200000,1,16,64,0.254,5.509,-1.446,19.850,57.982,314.743,0.000,0.000,315.566,1,80.000,12.000,20,0.250,0.100,200000,false,true,false,true,automatic,automatic,automatic,automatic,automatic,automatic,0,0,0,0,0,32,160,0,both,17,108896495127271535,3505936785992697936,13213597493490085694,2228014458796561825,4457614681459694059,200000,0,0,0,145.171,200000,822444,0,165144,34856,199998,15856,7931,15855,0,10809,233704,200000,33504,5255,188074,0,63734,136266,35816,5256,5256,0,0,0,0,10707312,0,8,160,0,160,0,0,0,0,1021,6,6,2042,0,0,1021,36,159.098,169.221,9.137,3.033,33.413,0.000,0.000,0.000,0.000,0.000,45.613,0.404,1.551,0.407,0.006,5.341,25.639,0.000,0.000,7.565,45.619,0.000,12.297,48.034,10.736,0.000,73.955,36.446,12.297,0.000,20,automatic,parallelFullRefresh,none,incremental,fullAllCurrentEntries,notApplicable,0,8,33433,0,2.665,0.368,0.000,92941,13.576,3.033,automatic,parallelFullRefresh,none,incremental,fullAllCurrentEntries,notApplicable,0,8,194653,0,6.492,1.072,0.000,95133,16.044,7.565,automatic,parallelAssisted,none,incremental,notApplicable,incremental,0,6,1057,0,0.000,0.000,0.036,0,0.000,33.383,serialImmediate,serialImmediate,none,incremental,notApplicable,incremental,1,1,194653,0,0.000,0.000,0.000,0,0.000,45.613,automatic,parallelDirty,none,notApplicable,notApplicable,incremental,0,8,0,63734,0.000,0.000,0.000,0,0.000,12.297,dirtyRange,dirtyRange,none,notApplicable,notApplicable,incremental,1,1,0,35816,0.000,0.000,0.000,0,0.000,10.736
Data-Oriented CPU ROAM,0,1,4,RelWithDebInfo,OpenGL,NVIDIA GeForce RTX 5090 D/PCIe/SSE2,4.1.0 NVIDIA 591.86,false,assets/heightmaps/Hm_Terrain_Peking_513.png,547,547,599997,199999,1,17,64,0.270,5.837,-7.212,19.260,57.550,328.365,0.000,0.000,304.367,1,80.000,12.000,20,0.250,0.100,200000,false,true,false,true,automatic,automatic,automatic,automatic,automatic,automatic,0,0,0,0,0,32,160,0,both,18,3588831899230453524,2487873219934328708,17735542073906748983,2871146388163732862,14181217687350337688,200000,0,0,0,142.159,199999,847018,0,168380,31619,199997,14298,7231,14299,0,9602,233572,199999,33441,5127,167266,0,61079,138920,34942,5128,5128,0,0,0,0,10261272,0,8,160,0,160,0,0,0,0,802,6,6,1586,0,0,802,51,151.563,132.831,9.590,2.929,31.551,0.000,0.000,0.000,0.000,0.000,40.948,0.242,1.240,0.261,0.004,4.357,25.388,0.000,0.000,7.345,40.955,0.000,10.715,48.477,10.171,0.000,69.589,34.480,10.715,0.000,20,automatic,parallelFullRefresh,none,incremental,fullAllCurrentEntries,notApplicable,0,8,33504,0,2.571,0.358,0.000,81475,12.193,2.929,automatic,parallelFullRefresh,none,incremental,fullAllCurrentEntries,notApplicable,0,8,195924,0,6.174,1.171,0.000,85791,15.643,7.345,automatic,parallelAssisted,none,incremental,notApplicable,incremental,0,6,853,0,0.000,0.000,0.038,0,0.000,31.530,serialImmediate,serialImmediate,none,incremental,notApplicable,incremental,1,1,195924,0,0.000,0.000,0.000,0,0.000,40.948,automatic,parallelDirty,none,notApplicable,notApplicable,incremental,0,8,0,61079,0.000,0.000,0.000,0,0.000,10.715,dirtyRange,dirtyRange,none,notApplicable,notApplicable,incremental,1,1,0,34942,0.000,0.000,0.000,0,0.000,10.171
Data-Oriented CPU ROAM,0,1,4,RelWithDebInfo,OpenGL,NVIDIA GeForce RTX 5090 D/PCIe/SSE2,4.1.0 NVIDIA 591.86,false,assets/heightmaps/Hm_Terrain_Peking_513.png,547,547,599997,199999,1,18,64,0.286,6.153,-12.906,18.698,56.546,315.684,0.000,0.000,298.174,1,80.000,12.000,20,0.250,0.100,200000,false,true,false,true,automatic,automatic,automatic,automatic,automatic,automatic,0,0,0,0,0,32,160,0,both,19,11765761320066413723,12718344502534008569,15886483787497277154,11728947685023900430,13543176309830874428,200000,0,0,0,142.169,199999,871604,0,167595,32404,199997,14981,7663,14981,0,10534,233779,199999,33658,4708,178727,0,60002,139997,34578,4709,4709,0,0,0,0,10080336,0,8,160,0,160,0,0,0,0,979,7,7,1953,0,0,979,49,148.053,172.093,8.704,2.823,33.787,0.000,0.000,0.000,0.000,0.000,43.311,0.287,1.408,0.297,0.006,5.826,25.907,0.000,0.000,6.900,43.317,0.000,11.494,41.027,7.517,0.000,70.560,36.610,11.494,0.000,20,automatic,parallelFullRefresh,none,incremental,fullAllCurrentEntries,notApplicable,0,8,33441,0,2.469,0.354,0.000,88841,13.151,2.823,automatic,parallelFullRefresh,none,incremental,fullAllCurrentEntries,notApplicable,0,8,194428,0,5.787,1.113,0.000,89886,16.057,6.900,automatic,parallelAssisted,none,incremental,notApplicable,incremental,0,7,1028,0,0.000,0.000,0.037,0,0.000,33.766,serialImmediate,serialImmediate,none,incremental,notApplicable,incremental,1,1,194428,0,0.000,0.000,0.000,0,0.000,43.311,automatic,parallelDirty,none,notApplicable,notApplicable,incremental,0,8,0,60002,0.000,0.000,0.000,0,0.000,11.494,dirtyRange,dirtyRange,none,notApplicable,notApplicable,incremental,1,1,0,34578,0.000,0.000,0.000,0,0.000,7.517
Data-Oriented CPU ROAM,0,1,4,RelWithDebInfo,OpenGL,NVIDIA GeForce RTX 5090 D/PCIe/SSE2,4.1.0 NVIDIA 591.86,false,assets/heightmaps/Hm_Terrain_Peking_513.png,547,547,600000,200000,1,19,64,0.302,6.468,-18.472,18.189,54.980,315.660,0.000,0.000,312.432,1,80.000,12.000,20,0.250,0.100,200000,false,true,false,true,automatic,automatic,automatic,automatic,automatic,automatic,0,0,0,0,0,32,160,0,both,20,17057726148893072504,18323998568648012168,11814088152895883178,3642013729097088440,17110547586156410951,200000,0,0,0,138.190,200000,899688,0,163118,36882,199998,17923,9200,17922,0,11898,233769,200000,33508,4576,209181,0,63310,136690,34763,4577,4577,0,0,0,0,10636080,0,8,160,0,160,0,0,0,0,1605,6,6,3197,0,0,1605,36,165.332,133.671,10.636,2.660,40.156,0.000,0.000,0.000,0.000,0.000,49.392,0.315,1.859,0.463,0.022,9.043,28.264,0.000,0.000,7.774,49.401,0.000,11.415,43.289,8.406,0.000,76.611,42.816,11.415,0.000,20,automatic,parallelFullRefresh,none,incremental,fullAllCurrentEntries,notApplicable,0,8,33658,0,2.363,0.297,0.000,101646,14.640,2.660,automatic,parallelFullRefresh,none,incremental,fullAllCurrentEntries,notApplicable,0,8,191223,0,6.624,1.150,0.000,107535,18.727,7.774,automatic,parallelAssisted,none,incremental,notApplicable,incremental,0,6,1641,0,0.000,0.000,0.032,0,0.000,39.997,serialImmediate,serialImmediate,none,incremental,notApplicable,incremental,1,1,191223,0,0.000,0.000,0.000,0,0.000,49.392,automatic,parallelDirty,none,notApplicable,notApplicable,incremental,0,8,0,63310,0.000,0.000,0.000,0,0.000,11.415,dirtyRange,dirtyRange,none,notApplicable,notApplicable,incremental,1,1,0,34763,0.000,0.000,0.000,0,0.000,8.406
Data-Oriented CPU ROAM,0,1,4,RelWithDebInfo,OpenGL,NVIDIA GeForce RTX 5090 D/PCIe/SSE2,4.1.0 NVIDIA 591.86,false,assets/heightmaps/Hm_Terrain_Peking_513.png,547,547,599997,199999,1,20,64,0.317,6.800,-23.855,17.751,52.867,331.251,0.000,0.000,360.812,1,80.000,12.000,20,0.250,0.100,200000,false,true,false,true,automatic,automatic,automatic,automatic,automatic,automatic,0,0,0,0,0,32,160,0,both,21,4429436316164010888,9768216618377063536,1454652581396991471,14059091348881202174,6877644868321707714,200000,0,0,0,143.671,199999,927200,0,162169,37830,199997,18182,9182,18183,0,11762,233841,199999,33465,4638,211870,0,64935,135064,35650,4639,4639,0,0,0,0,10909080,0,8,160,0,160,0,0,0,0,1541,6,6,3082,0,0,1541,30,208.122,97.612,11.895,3.026,43.276,0.000,0.000,0.000,0.000,0.000,80.172,0.398,2.103,0.455,0.010,9.894,30.266,0.000,0.000,7.970,80.180,0.000,12.464,49.311,8.541,0.000,110.602,46.302,12.464,0.000,20,automatic,parallelFullRefresh,none,incremental,fullAllCurrentEntries,notApplicable,0,8,33508,0,2.642,0.385,0.000,102775,15.698,3.026,automatic,parallelFullRefresh,none,incremental,fullAllCurrentEntries,notApplicable,0,8,191122,0,6.717,1.253,0.000,109095,22.066,7.970,automatic,parallelAssisted,none,incremental,notApplicable,incremental,0,6,1571,0,0.000,0.000,0.039,0,0.000,43.165,serialImmediate,serialImmediate,none,incremental,notApplicable,incremental,1,1,191122,0,0.000,0.000,0.000,0,0.000,80.172,automatic,parallelDirty,none,notApplicable,notApplicable,incremental,0,8,0,64935,0.000,0.000,0.000,0,0.000,12.464,dirtyRange,dirtyRange,none,notApplicable,notApplicable,incremental,1,1,0,35650,0.000,0.000,0.000,0,0.000,8.541
Data-Oriented CPU ROAM,0,1,4,RelWithDebInfo,OpenGL,NVIDIA GeForce RTX 5090 D/PCIe/SSE2,4.1.0 NVIDIA 591.86,false,assets/heightmaps/Hm_Terrain_Peking_513.png,547,547,599997,199999,1,21,64,0.333,7.179,-29.000,17.402,50.229,379.343,0.000,0.000,319.049,1,80.000,12.000,20,0.250,0.100,200000,false,true,false,true,automatic,automatic,automatic,automatic,automatic,automatic,0,0,0,0,0,32,160,0,both,22,9812319065817320684,15077720415661972525,18130635415174804634,11953667775993717945,838265267417251517,200000,0,0,0,143.805,199999,954126,0,163344,36655,199997,17457,8796,17457,0,11441,233802,199999,33473,4409,204084,0,67883,132116,37125,4410,4410,0,0,0,0,11404344,0,8,160,0,160,0,0,0,0,1454,6,6,2908,0,0,1454,69,165.392,95.897,10.042,2.831,36.580,0.000,0.000,0.000,0.000,0.000,48.346,0.277,1.802,0.497,0.010,8.193,25.753,0.000,0.000,7.089,48.350,0.000,13.449,47.050,9.337,0.000,73.214,39.411,13.449,0.000,20,automatic,parallelFullRefresh,none,incremental,fullAllCurrentEntries,notApplicable,0,8,33465,0,2.541,0.290,0.000,99342,14.182,2.831,automatic,parallelFullRefresh,none,incremental,fullAllCurrentEntries,notApplicable,0,8,191409,0,5.769,1.319,0.000,104742,17.340,7.089,automatic,parallelAssisted,none,incremental,notApplicable,incremental,0,6,1523,0,0.000,0.000,0.027,0,0.000,36.559,serialImmediate,serialImmediate,none,incremental,notApplicable,incremental,1,1,191409,0,0.000,0.000,0.000,0,0.000,48.346,automatic,parallelDirty,none,notApplicable,notApplicable,incremental,0,8,0,67883,0.000,0.000,0.000,0,0.000,13.449,dirtyRange,dirtyRange,none,notApplicable,notApplicable,incremental,1,1,0,37125,0.000,0.000,0.000,0,0.000,9.337
Data-Oriented CPU ROAM,0,1,4,RelWithDebInfo,OpenGL,NVIDIA GeForce RTX 5090 D/PCIe/SSE2,4.1.0 NVIDIA 591.86,false,assets/heightmaps/Hm_Terrain_Peking_513.png,547,547,599997,199999,1,22,64,0.349,7.518,-33.857,17.156,47.092,339.087,0.000,0.000,318.107,1,80.000,12.000,20,0.250,0.100,200000,false,true,false,true,automatic,automatic,automatic,automatic,automatic,automatic,0,0,0,0,0,32,160,0,both,23,15313080645142623424,13137791350344150494,18250664861099904845,14909372800015064471,11757914711316819410,200000,0,0,0,146.540,199999,978124,0,165254,34745,199997,16428,8321,16428,0,10538,233796,199999,33444,4742,190907,0,67754,132245,37274,4743,4743,0,0,0,0,11382672,0,8,160,0,160,0,0,0,0,1151,5,5,2296,0,0,1151,55,159.911,106.930,9.974,2.883,33.679,0.000,0.000,0.000,0.000,0.000,44.480,0.307,1.668,0.324,0.009,6.688,24.623,0.000,0.000,8.132,44.485,0.000,13.066,47.691,11.096,0.000,71.076,36.562,13.066,0.000,20,automatic,parallelFullRefresh,none,incremental,fullAllCurrentEntries,notApplicable,0,8,33473,0,2.504,0.378,0.000,92339,13.014,2.883,automatic,parallelFullRefresh,none,incremental,fullAllCurrentEntries,notApplicable,0,8,193066,0,6.585,1.547,0.000,98568,16.570,8.132,automatic,parallelAssisted,none,incremental,notApplicable,incremental,0,5,1206,0,0.000,0.000,0.041,0,0.000,33.660,serialImmediate,serialImmediate,none,incremental,notApplicable,incremental,1,1,193066,0,0.000,0.000,0.000,0,0.000,44.480,automatic,parallelDirty,none,notApplicable,notApplicable,incremental,0,8,0,67754,0.000,0.000,0.000,0,0.000,13.066,dirtyRange,dirtyRange,none,notApplicable,notApplicable,incremental,1,1,0,37274,0.000,0.000,0.000,0,0.000,11.096
Data-Oriented CPU ROAM,0,1,4,RelWithDebInfo,OpenGL,NVIDIA GeForce RTX 5090 D/PCIe/SSE2,4.1.0 NVIDIA 591.86,false,assets/heightmaps/Hm_Terrain_Peking_513.png,547,547,600000,200000,1,23,64,0.365,7.854,-38.378,17.023,43.487,335.522,0.000,0.000,329.421,1,80.000,12.000,20,0.250,0.100,200000,false,true,false,true,automatic,automatic,automatic,automatic,automatic,automatic,0,0,0,0,0,32,160,0,both,24,11253620300214541990,6468255570671903217,13110756096065449747,9529179328107265732,15828634045359618972,200000,0,0,0,146.791,200000,1001018,0,165764,34236,199998,16207,8213,16206,0,9599,233711,200000,33422,5315,187623,0,65299,134701,37002,5316,5316,0,0,0,0,10970232,0,8,160,0,160,0,0,0,0,902,5,5,1804,0,0,902,32,172.166,166.401,8.603,3.034,39.218,0.000,0.000,0.000,0.000,0.000,51.115,0.214,1.201,0.370,0.008,5.756,31.613,0.000,0.000,8.512,51.122,0.000,13.504,48.173,10.078,0.000,85.594,42.252,13.504,0.000,20,automatic,parallelFullRefresh,none,incremental,fullAllCurrentEntries,notApplicable,0,8,33444,0,2.757,0.277,0.000,90384,14.207,3.034,automatic,parallelFullRefresh,none,incremental,fullAllCurrentEntries,notApplicable,0,8,194509,0,6.566,1.946,0.000,97239,20.916,8.512,automatic,parallelAssisted,none,incremental,notApplicable,incremental,0,5,934,0,0.000,0.000,0.034,0,0.000,39.196,serialImmediate,serialImmediate,none,incremental,notApplicable,incremental,1,1,194509,0,0.000,0.000,0.000,0,0.000,51.115,automatic,parallelDirty,none,notApplicable,notApplicable,incremental,0,8,0,65299,0.000,0.000,0.000,0,0.000,13.504,dirtyRange,dirtyRange,none,notApplicable,notApplicable,incremental,1,1,0,37002,0.000,0.000,0.000,0,0.000,10.078
Data-Oriented CPU ROAM,0,1,4,RelWithDebInfo,OpenGL,NVIDIA GeForce RTX 5090 D/PCIe/SSE2,4.1.0 NVIDIA 591.86,false,assets/heightmaps/Hm_Terrain_Peking_513.png,547,547,599997,199999,1,24,64,0.381,8.203,-42.517,17.008,39.450,349.919,0.000,0.000,310.522,1,80.000,12.000,20,0.250,0.100,200000,false,true,false,true,automatic,automatic,automatic,automatic,automatic,automatic,0,0,0,0,0,32,160,0,both,25,7527608695780837155,6823856870244076732,13651081414696752035,15128957134003051194,3831294836474750262,200000,0,0,0,140.804,199999,1023700,0,164645,35354,199997,16737,8552,16738,0,11647,233540,199999,33351,6071,189766,0,65113,134886,37299,6072,6072,0,0,0,0,10938984,0,8,160,0,160,0,0,0,0,786,5,5,1572,0,0,786,24,158.915,98.956,11.054,2.983,34.495,0.000,0.000,0.000,0.000,0.000,45.315,0.225,1.162,0.307,0.005,4.926,27.807,0.000,0.000,7.480,45.323,0.000,11.273,46.307,10.428,0.000,76.938,37.477,11.273,0.000,20,automatic,parallelFullRefresh,none,incremental,fullAllCurrentEntries,notApplicable,0,8,33422,0,2.638,0.345,0.000,89341,12.352,2.983,automatic,parallelFullRefresh,none,incremental,fullAllCurrentEntries,notApplicable,0,8,195446,0,6.055,1.425,0.000,100425,17.930,7.480,automatic,parallelAssisted,none,incremental,notApplicable,incremental,0,5,810,0,0.000,0.000,0.035,0,0.000,34.467,serialImmediate,serialImmediate,none,incremental,notApplicable,incremental,1,1,195446,0,0.000,0.000,0.000,0,0.000,45.315,automatic,parallelDirty,none,notApplicable,notApplicable,incremental,0,8,0,65113,0.000,0.000,0.000,0,0.000,11.273,dirtyRange,dirtyRange,none,notApplicable,notApplicable,incremental,1,1,0,37299,0.000,0.000,0.000,0,0.000,10.428
Data-Oriented CPU ROAM,0,1,4,RelWithDebInfo,OpenGL,NVIDIA GeForce RTX 5090 D/PCIe/SSE2,4.1.0 NVIDIA 591.86,false,assets/heightmaps/Hm_Terrain_Peking_513.png,547,547,600000,200000,1,25,64,0.397,8.532,-46.234,17.112,35.021,328.920,0.000,0.000,319.155,1,80.000,12.000,20,0.250,0.100,200000,false,true,false,true,automatic,automatic,automatic,automatic,automatic,automatic,0,0,0,0,0,32,160,0,both,26,10584851340606564996,6799830235164784937,4949422445672159251,16109647584551042275,17251279394026963017,200000,0,0,0,135.728,200000,1047560,0,161366,38634,199998,18664,9442,18663,0,12458,233609,200000,33413,6131,214997,0,68544,131456,37971,6132,6132,0,0,0,0,11515392,0,8,160,0,160,0,0,0,0,1111,5,5,2222,0,0,1111,32,172.720,101.183,9.914,3.261,38.085,0.000,0.000,0.000,0.000,0.000,50.197,0.367,1.849,0.671,0.004,6.576,28.557,0.000,0.000,8.043,50.202,0.000,13.155,50.058,10.159,0.000,81.962,41.346,13.155,0.000,20,automatic,parallelFullRefresh,none,incremental,fullAllCurrentEntries,notApplicable,0,8,33351,0,2.806,0.455,0.000,103016,14.095,3.261,automatic,parallelFullRefresh,none,incremental,fullAllCurrentEntries,notApplicable,0,8,193610,0,6.834,1.209,0.000,111981,19.317,8.043,automatic,parallelAssisted,none,incremental,notApplicable,incremental,0,5,1143,0,0.000,0.000,0.039,0,0.000,38.064,serialImmediate,serialImmediate,none,incremental,notApplicable,incremental,1,1,193610,0,0.000,0.000,0.000,0,0.000,50.197,automatic,parallelDirty,none,notApplicable,notApplicable,incremental,0,8,0,68544,0.000,0.000,0.000,0,0.000,13.155,dirtyRange,dirtyRange,none,notApplicable,notApplicable,incremental,1,1,0,37971,0.000,0.000,0.000,0,0.000,10.159
Data-Oriented CPU ROAM,0,1,4,RelWithDebInfo,OpenGL,NVIDIA GeForce RTX 5090 D/PCIe/SSE2,4.1.0 NVIDIA 591.86,false,assets/heightmaps/Hm_Terrain_Peking_513.png,547,547,600000,200000,1,26,64,0.413,8.863,-49.491,17.330,30.243,331.096,0.000,0.000,305.641,1,80.000,12.000,20,0.250,0.100,200000,false,true,false,true,automatic,automatic,automatic,automatic,automatic,automatic,0,0,0,0,0,32,160,0,both,27,8815088540097141580,6856120173095685496,6755707351171696626,896098131538351370,9829827555373913894,200000,0,0,0,142.244,200000,1071046,0,163249,36751,199998,17064,8616,17064,0,10577,233732,200000,33495,5302,199638,0,69002,130998,38410,5303,5303,0,0,0,0,11592336,0,8,160,0,160,0,0,0,0,1053,5,5,2106,0,0,1053,48,153.356,116.158,8.668,3.355,33.684,0.000,0.000,0.000,0.000,0.000,44.275,0.247,1.362,0.494,0.006,6.187,25.342,0.000,0.000,8.191,44.281,0.000,13.045,42.131,9.618,0.000,71.472,37.039,13.045,0.000,20,automatic,parallelFullRefresh,none,incremental,fullAllCurrentEntries,notApplicable,0,8,33413,0,2.981,0.374,0.000,97254,13.330,3.355,automatic,parallelFullRefresh,none,incremental,fullAllCurrentEntries,notApplicable,0,8,193545,0,6.759,1.432,0.000,102384,16.719,8.191,automatic,parallelAssisted,none,incremental,notApplicable,incremental,0,5,1101,0,0.000,0.000,0.026,0,0.000,33.664,serialImmediate,serialImmediate,none,incremental,notApplicable,incremental,1,1,193545,0,0.000,0.000,0.000,0,0.000,44.275,automatic,parallelDirty,none,notApplicable,notApplicable,incremental,0,8,0,69002,0.000,0.000,0.000,0,0.000,13.045,dirtyRange,dirtyRange,none,notApplicable,notApplicable,incremental,1,1,0,38410,0.000,0.000,0.000,0,0.000,9.618
Data-Oriented CPU ROAM,0,1,4,RelWithDebInfo,OpenGL,NVIDIA GeForce RTX 5090 D/PCIe/SSE2,4.1.0 NVIDIA 591.86,false,assets/heightmaps/Hm_Terrain_Peking_513.png,547,547,599997,199999,1,27,64,0.429,9.184,-52.256,17.655,25.165,320.470,0.000,0.000,292.854,1,80.000,12.000,20,0.250,0.100,200000,false,true,false,true,automatic,automatic,automatic,automatic,automatic,automatic,0,0,0,0,0,32,160,0,both,28,15527346434681176432,13694642725100243212,2831052878605794719,9847847247250903196,12734620768752655158,200000,0,0,0,137.505,199999,1092704,0,166475,33524,199997,15121,7684,15122,0,10711,233813,199999,33476,4966,179266,0,65742,134257,37666,4967,4967,0,0,0,0,11044656,0,8,160,0,160,0,0,0,0,890,5,5,1780,0,0,890,27,144.927,127.035,11.312,2.940,29.585,0.000,0.000,0.000,0.000,0.000,41.065,0.264,1.118,0.278,0.007,5.368,22.502,0.000,0.000,7.428,41.071,0.000,11.990,40.599,9.830,0.000,66.605,32.526,11.990,0.000,20,automatic,parallelFullRefresh,none,incremental,fullAllCurrentEntries,notApplicable,0,8,33495,0,2.593,0.348,0.000,88537,12.357,2.940,automatic,parallelFullRefresh,none,incremental,fullAllCurrentEntries,notApplicable,0,8,194820,0,6.037,1.391,0.000,90729,15.039,7.428,automatic,parallelAssisted,none,incremental,notApplicable,incremental,0,5,917,0,0.000,0.000,0.030,0,0.000,29.566,serialImmediate,serialImmediate,none,incremental,notApplicable,incremental,1,1,194820,0,0.000,0.000,0.000,0,0.000,41.065,automatic,parallelDirty,none,notApplicable,notApplicable,incremental,0,8,0,65742,0.000,0.000,0.000,0,0.000,11.990,dirtyRange,dirtyRange,none,notApplicable,notApplicable,incremental,1,1,0,37666,0.000,0.000,0.000,0,0.000,9.830
Data-Oriented CPU ROAM,0,1,4,RelWithDebInfo,OpenGL,NVIDIA GeForce RTX 5090 D/PCIe/SSE2,4.1.0 NVIDIA 591.86,false,assets/heightmaps/Hm_Terrain_Peking_513.png,547,547,600000,200000,1,28,64,0.444,9.496,-54.502,18.072,19.837,311.990,0.000,0.000,295.685,1,80.000,12.000,20,0.250,0.100,200000,false,true,false,true,automatic,automatic,automatic,automatic,automatic,automatic,0,0,0,0,0,32,160,0,both,29,9519085702236904040,6230683355398155042,9888563655938865868,3182621398886301472,12436952546290142025,200000,0,0,0,137.609,200000,1113206,0,168232,31768,199998,14336,7290,14335,0,9511,233772,200000,33465,4834,169510,0,61395,138605,36928,4835,4835,0,0,0,0,10314360,0,8,160,0,160,0,0,0,0,848,5,5,1688,0,0,848,12,147.328,164.297,7.358,3.677,29.775,0.000,0.000,0.000,0.000,0.000,39.495,0.283,1.257,0.246,0.009,5.162,22.764,0.000,0.000,8.269,39.504,0.000,12.252,46.493,10.244,0.000,66.241,33.452,12.252,0.000,20,automatic,parallelFullRefresh,none,incremental,fullAllCurrentEntries,notApplicable,0,8,33476,0,3.237,0.440,0.000,83497,12.018,3.677,automatic,parallelFullRefresh,none,incremental,fullAllCurrentEntries,notApplicable,0,8,195319,0,6.836,1.433,0.000,86013,14.217,8.269,automatic,parallelAssisted,none,incremental,notApplicable,incremental,0,5,860,0,0.000,0.000,0.035,0,0.000,29.756,serialImmediate,serialImmediate,none,incremental,notApplicable,incremental,1,1,195319,0,0.000,0.000,0.000,0,0.000,39.495,automatic,parallelDirty,none,notApplicable,notApplicable,incremental,0,8,0,61395,0.000,0.000,0.000,0,0.000,12.252,dirtyRange,dirtyRange,none,notApplicable,notApplicable,incremental,1,1,0,36928,0.000,0.000,0.000,0,0.000,10.244
Data-Oriented CPU ROAM,0,1,4,RelWithDebInfo,OpenGL,NVIDIA GeForce RTX 5090 D/PCIe/SSE2,4.1.0 NVIDIA 591.86,false,assets/heightmaps/Hm_Terrain_Peking_513.png,547,547,600000,200000,1,29,64,0.460,9.810,-56.206,18.565,14.312,314.186,0.000,0.000,293.198,1,80.000,12.000,20,0.250,0.100,200000,false,true,false,true,automatic,automatic,automatic,automatic,automatic,automatic,0,0,0,0,0,32,160,0,both,30,13518188847597210740,15109329511028966282,4722452041654089608,4580591530299613236,6360625776249671492,200000,0,0,0,138.297,200000,1134926,0,166265,33735,199998,15312,7824,15312,0,10753,233718,200000,33572,5365,181397,0,62079,137921,37487,5366,5366,0,0,0,0,10429272,0,8,160,0,160,0,0,0,0,789,7,7,1570,0,0,789,36,145.878,208.731,7.531,3.133,31.512,0.000,0.000,0.000,0.000,0.000,42.237,0.252,1.321,0.291,0.006,4.866,24.722,0.000,0.000,7.739,42.242,0.000,11.628,42.092,8.661,0.000,70.755,34.645,11.628,0.000,20,automatic,parallelFullRefresh,none,incremental,fullAllCurrentEntries,notApplicable,0,8,33465,0,2.678,0.456,0.000,89525,12.873,3.133,automatic,parallelFullRefresh,none,incremental,fullAllCurrentEntries,notApplicable,0,8,195426,0,5.878,1.861,0.000,91872,15.303,7.739,automatic,parallelAssisted,none,incremental,notApplicable,incremental,0,7,825,0,0.000,0.000,0.036,0,0.000,31.494,serialImmediate,serialImmediate,none,incremental,notApplicable,incremental,1,1,195426,0,0.000,0.000,0.000,0,0.000,42.237,automatic,parallelDirty,none,notApplicable,notApplicable,incremental,0,8,0,62079,0.000,0.000,0.000,0,0.000,11.628,dirtyRange,dirtyRange,none,notApplicable,notApplicable,incremental,1,1,0,37487,0.000,0.000,0.000,0,0.000,8.661
Data-Oriented CPU ROAM,0,1,4,RelWithDebInfo,OpenGL,NVIDIA GeForce RTX 5090 D/PCIe/SSE2,4.1.0 NVIDIA 591.86,false,assets/heightmaps/Hm_Terrain_Peking_513.png,547,547,600000,200000,1,30,64,0.476,10.123,-57.352,19.116,8.644,312.608,0.000,0.000,303.626,1,80.000,12.000,20,0.250,0.100,200000,false,true,false,true,automatic,automatic,automatic,automatic,automatic,automatic,0,0,0,0,0,32,160,0,both,31,12799951195141729658,15337671370646515645,6452947698764962839,11118181053319940278,15460748289941399559,200000,0,0,0,137.793,200000,1156264,0,165660,34340,199998,15483,7916,15483,0,10070,233751,200000,33515,5638,181205,0,64043,135957,38542,5639,5639,0,0,0,0,10759224,0,8,160,0,160,0,0,0,0,721,7,7,1435,0,0,721,40,154.705,138.682,8.436,2.927,33.887,0.000,0.000,0.000,0.000,0.000,44.072,0.222,1.067,0.201,0.011,4.624,27.708,0.000,0.000,7.414,44.076,0.000,12.875,45.089,10.482,0.000,75.510,36.814,12.875,0.000,20,automatic,parallelFullRefresh,none,incremental,fullAllCurrentEntries,notApplicable,0,8,33572,0,2.589,0.338,0.000,88307,13.058,2.927,automatic,parallelFullRefresh,none,incremental,fullAllCurrentEntries,notApplicable,0,8,195814,0,5.975,1.439,0.000,92898,16.330,7.414,automatic,parallelAssisted,none,incremental,notApplicable,incremental,0,7,761,0,0.000,0.000,0.034,0,0.000,33.868,serialImmediate,serialImmediate,none,incremental,notApplicable,incremental,1,1,195814,0,0.000,0.000,0.000,0,0.000,44.072,automatic,parallelDirty,none,notApplicable,notApplicable,incremental,0,8,0,64043,0.000,0.000,0.000,0,0.000,12.875,dirtyRange,dirtyRange,none,notApplicable,notApplicable,incremental,1,1,0,38542,0.000,0.000,0.000,0,0.000,10.482
Data-Oriented CPU ROAM,0,1,4,RelWithDebInfo,OpenGL,NVIDIA GeForce RTX 5090 D/PCIe/SSE2,4.1.0 NVIDIA 591.86,false,assets/heightmaps/Hm_Terrain_Peking_513.png,547,547,599997,199999,1,31,64,0.492,10.446,-57.928,19.701,2.891,322.922,0.000,0.000,292.262,1,80.000,12.000,20,0.250,0.100,200000,false,true,false,true,automatic,automatic,automatic,automatic,automatic,automatic,0,0,0,0,0,32,160,0,both,32,9818272653111944093,10713108866754931314,12285744314165906881,979416581573730866,13473134103925139961,200000,0,0,0,133.412,199999,1177014,0,165433,34566,199997,15569,7932,15570,0,11720,233689,199999,33631,6012,182599,0,64396,135603,38614,6013,6013,0,0,0,0,10818528,0,8,160,0,160,0,0,0,0,631,6,6,1257,0,0,631,22,148.270,99.706,8.241,3.110,30.714,0.000,0.000,0.000,0.000,0.000,43.361,0.202,0.881,0.346,0.006,2.998,26.233,0.000,0.000,7.246,43.366,0.000,11.827,43.765,10.053,0.000,74.257,33.824,11.827,0.000,20,automatic,parallelFullRefresh,none,incremental,fullAllCurrentEntries,notApplicable,0,8,33515,0,2.679,0.431,0.000,89182,12.445,3.110,automatic,parallelFullRefresh,none,incremental,fullAllCurrentEntries,notApplicable,0,8,196468,0,6.009,1.237,0.000,93417,16.086,7.246,automatic,parallelAssisted,none,incremental,notApplicable,incremental,0,6,653,0,0.000,0.000,0.032,0,0.000,30.698,serialImmediate,serialImmediate,none,incremental,notApplicable,incremental,1,1,196468,0,0.000,0.000,0.000,0,0.000,43.361,automatic,parallelDirty,none,notApplicable,notApplicable,incremental,0,8,0,64396,0.000,0.000,0.000,0,0.000,11.827,dirtyRange,dirtyRange,none,notApplicable,notApplicable,incremental,1,1,0,38614,0.000,0.000,0.000,0,0.000,10.053
Data-Oriented CPU ROAM,0,1,4,RelWithDebInfo,OpenGL,NVIDIA GeForce RTX 5090 D/PCIe/SSE2,4.1.0 NVIDIA 591.86,false,assets/heightmaps/Hm_Terrain_Peking_513.png,547,547,599997,199999,1,32,64,0.508,10.760,-57.928,20.299,-2.891,314.495,0.000,0.000,292.993,1,80.000,12.000,20,0.250,0.100,200000,false,true,false,true,automatic,automatic,automatic,automatic,automatic,automatic,0,0,0,0,0,32,160,0,both,33,14117076424678403371,2021882922645883033,7974187135522050102,3095040260946339175,12803817730138524999,200000,0,0,0,140.173,199999,1196014,0,166944,33055,199997,14598,7361,14598,0,10573,233842,199999,33534,5976,172573,0,61689,138310,37805,5977,5977,0,0,0,0,10363752,0,8,160,0,160,0,0,0,0,541,3,3,1082,0,0,541,9,143.207,126.675,8.951,2.840,29.890,0.000,0.000,0.000,0.000,0.000,39.739,0.156,0.744,0.294,0.002,2.763,25.887,0.000,0.000,7.460,39.744,0.000,11.440,42.883,9.212,0.000,70.770,32.730,11.440,0.000,20,automatic,parallelFullRefresh,none,incremental,fullAllCurrentEntries,notApplicable,0,8,33631,0,2.599,0.241,0.000,84985,12.005,2.840,automatic,parallelFullRefresh,none,incremental,fullAllCurrentEntries,notApplicable,0,8,197352,0,6.229,1.231,0.000,87588,14.461,7.460,automatic,parallelAssisted,none,incremental,notApplicable,incremental,0,3,550,0,0.000,0.000,0.024,0,0.000,29.871,serialImmediate,serialImmediate,none,incremental,notApplicable,incremental,1,1,197352,0,0.000,0.000,0.000,0,0.000,39.739,automatic,parallelDirty,none,notApplicable,notApplicable,incremental,0,8,0,61689,0.000,0.000,0.000,0,0.000,11.440,dirtyRange,dirtyRange,none,notApplicable,notApplicable,incremental,1,1,0,37805,0.000,0.000,0.000,0,0.000,9.212
Data-Oriented CPU ROAM,0,1,4,RelWithDebInfo,OpenGL,NVIDIA GeForce RTX 5090 D/PCIe/SSE2,4.1.0 NVIDIA 591.86,false,assets/heightmaps/Hm_Terrain_Peking_513.png,547,547,599997,199999,1,33,64,0.524,11.073,-57.352,20.884,-8.644,312.861,0.000,0.000,288.725,1,80.000,12.000,20,0.250,0.100,200000,false,true,false,true,automatic,automatic,automatic,automatic,automatic,automatic,0,0,0,0,0,32,160,0,both,34,6178910627307601499,9023680170232145903,5619475490710652660,16446345841072783209,15311841522855486508,200000,0,0,0,138.441,199999,1214828,0,169989,30010,199997,13220,6709,13220,0,9269,233707,199999,33635,5268,156377,0,58030,141969,37097,5269,5269,0,0,0,0,9749040,0,8,160,0,160,0,0,0,0,475,5,5,950,0,0,475,26,139.821,140.183,9.839,2.679,27.068,0.000,0.000,0.000,0.000,0.000,36.571,0.117,0.580,0.163,0.005,2.917,23.249,0.000,0.000,7.109,36.576,0.000,11.272,45.278,9.942,0.000,64.064,29.746,11.272,0.000,20,automatic,parallelFullRefresh,none,incremental,fullAllCurrentEntries,notApplicable,0,8,33534,0,2.447,0.232,0.000,77057,11.206,2.679,automatic,parallelFullRefresh,none,incremental,fullAllCurrentEntries,notApplicable,0,8,197310,0,5.953,1.156,0.000,79320,13.050,7.109,automatic,parallelAssisted,none,incremental,notApplicable,incremental,0,5,501,0,0.000,0.000,0.021,0,0.000,27.051,serialImmediate,serialImmediate,none,incremental,notApplicable,incremental,1,1,197310,0,0.000,0.000,0.000,0,0.000,36.571,automatic,parallelDirty,none,notApplicable,notApplicable,incremental,0,8,0,58030,0.000,0.000,0.000,0,0.000,11.272,dirtyRange,dirtyRange,none,notApplicable,notApplicable,incremental,1,1,0,37097,0.000,0.000,0.000,0,0.000,9.942
Data-Oriented CPU ROAM,0,1,4,RelWithDebInfo,OpenGL,NVIDIA GeForce RTX 5090 D/PCIe/SSE2,4.1.0 NVIDIA 591.86,false,assets/heightmaps/Hm_Terrain_Peking_513.png,547,547,600000,200000,1,34,64,0.540,11.378,-56.206,21.435,-14.312,305.396,0.000,0.000,313.393,1,80.000,12.000,20,0.250,0.100,200000,false,true,false,true,automatic,automatic,automatic,automatic,automatic,automatic,0,0,0,0,0,32,160,0,both,35,11746726819812728007,2817222760074155981,14006666610658801887,12368856535170449434,10573782616376506026,200000,0,0,0,143.492,200000,1233758,0,168018,31982,199998,15182,7732,15181,0,9277,233802,200000,33571,3810,180851,0,60128,139872,36332,3811,3811,0,0,0,0,10101504,0,8,160,0,160,0,0,0,0,1364,6,6,2727,0,0,1364,66,161.504,158.644,9.101,3.768,36.260,0.000,0.000,0.000,0.000,0.000,46.369,0.483,2.037,0.373,0.004,8.982,24.304,0.000,0.000,8.376,46.377,0.000,11.470,46.150,7.955,0.000,71.516,40.028,11.470,0.000,20,automatic,parallelFullRefresh,none,incremental,fullAllCurrentEntries,notApplicable,0,8,33635,0,3.266,0.502,0.000,89762,13.522,3.768,automatic,parallelFullRefresh,none,incremental,fullAllCurrentEntries,notApplicable,0,8,192433,0,7.025,1.351,0.000,91089,18.126,8.376,automatic,parallelAssisted,none,incremental,notApplicable,incremental,0,6,1430,0,0.000,0.000,0.043,0,0.000,36.226,serialImmediate,serialImmediate,none,incremental,notApplicable,incremental,1,1,192433,0,0.000,0.000,0.000,0,0.000,46.369,automatic,parallelDirty,none,notApplicable,notApplicable,incremental,0,8,0,60128,0.000,0.000,0.000,0,0.000,11.470,dirtyRange,dirtyRange,none,notApplicable,notApplicable,incremental,1,1,0,36332,0.000,0.000,0.000,0,0.000,7.955
Data-Oriented CPU ROAM,0,1,4,RelWithDebInfo,OpenGL,NVIDIA GeForce RTX 5090 D/PCIe/SSE2,4.1.0 NVIDIA 591.86,false,assets/heightmaps/Hm_Terrain_Peking_513.png,547,547,599997,199999,1,35,64,0.556,11.712,-54.502,21.928,-19.837,334.009,0.000,0.000,353.773,1,80.000,12.000,20,0.250,0.100,200000,false,true,false,true,automatic,automatic,automatic,automatic,automatic,automatic,0,0,0,0,0,32,160,0,both,36,16993049945272242478,701964006115934862,4983152477623667885,2452812536816448038,4333385337321885814,200000,0,0,0,155.547,199999,1251984,0,167970,32029,199997,15131,7707,15132,0,9455,233898,199999,33655,3965,181529,0,59253,140746,36010,3966,3966,0,0,0,0,9954504,0,8,160,0,160,0,0,0,0,1305,6,6,2610,0,0,1305,46,188.234,136.215,11.291,6.774,40.240,0.000,0.000,0.000,0.000,0.000,50.440,0.407,2.015,0.445,0.005,9.611,27.695,0.000,0.000,11.814,50.450,0.000,11.533,56.132,9.556,0.000,81.476,47.014,11.533,0.000,20,automatic,parallelFullRefresh,none,incremental,fullAllCurrentEntries,notApplicable,0,8,33571,0,6.186,0.589,0.000,90740,15.305,6.774,automatic,parallelFullRefresh,none,incremental,fullAllCurrentEntries,notApplicable,0,8,192802,0,10.385,1.429,0.000,90789,20.368,11.814,automatic,parallelAssisted,none,incremental,notApplicable,incremental,0,6,1351,0,0.000,0.000,0.032,0,0.000,40.210,serialImmediate,serialImmediate,none,incremental,notApplicable,incremental,1,1,192802,0,0.000,0.000,0.000,0,0.000,50.440,automatic,parallelDirty,none,notApplicable,notApplicable,incremental,0,8,0,59253,0.000,0.000,0.000,0,0.000,11.533,dirtyRange,dirtyRange,none,notApplicable,notApplicable,incremental,1,1,0,36010,0.000,0.000,0.000,0,0.000,9.556
Data-Oriented CPU ROAM,0,1,4,RelWithDebInfo,OpenGL,NVIDIA GeForce RTX 5090 D/PCIe/SSE2,4.1.0 NVIDIA 591.86,false,assets/heightmaps/Hm_Terrain_Peking_513.png,547,547,600000,200000,1,36,64,0.571,12.086,-52.256,22.345,-25.165,373.415,0.000,0.000,316.654,1,80.000,12.000,20,0.250,0.100,200000,false,true,false,true,automatic,automatic,automatic,automatic,automatic,automatic,0,0,0,0,0,32,160,0,both,37,10934855716126561632,1496534923326945117,10145042690056851243,17003041870295228302,18299975427405264666,200000,0,0,0,140.451,200000,1273920,0,166662,33338,199998,15949,8142,15948,0,10318,234002,200000,33754,3873,190838,0,58881,141119,35510,3874,3874,0,0,0,0,9892008,0,8,160,0,160,0,0,0,0,1391,5,5,2782,0,0,1391,74,166.682,132.140,12.181,2.900,34.442,0.000,0.000,0.000,0.000,0.000,48.989,0.342,2.089,0.440,0.010,8.123,23.378,0.000,0.000,7.906,48.995,0.000,12.028,48.230,9.126,0.000,74.409,37.342,12.028,0.000,20,automatic,parallelFullRefresh,none,incremental,fullAllCurrentEntries,notApplicable,0,8,33655,0,2.518,0.382,0.000,95147,14.081,2.900,automatic,parallelFullRefresh,none,incremental,fullAllCurrentEntries,notApplicable,0,8,191798,0,6.490,1.416,0.000,95691,18.197,7.906,automatic,parallelAssisted,none,incremental,notApplicable,incremental,0,5,1465,0,0.000,0.000,0.040,0,0.000,34.423,serialImmediate,serialImmediate,none,incremental,notApplicable,incremental,1,1,191798,0,0.000,0.000,0.000,0,0.000,48.989,automatic,parallelDirty,none,notApplicable,notApplicable,incremental,0,8,0,58881,0.000,0.000,0.000,0,0.000,12.028,dirtyRange,dirtyRange,none,notApplicable,notApplicable,incremental,1,1,0,35510,0.000,0.000,0.000,0,0.000,9.126
Data-Oriented CPU ROAM,0,1,4,RelWithDebInfo,OpenGL,NVIDIA GeForce RTX 5090 D/PCIe/SSE2,4.1.0 NVIDIA 591.86,false,assets/heightmaps/Hm_Terrain_Peking_513.png,547,547,599997,199999,1,37,64,0.587,12.418,-49.491,22.670,-30.243,332.418,0.000,0.000,302.820,1,80.000,12.000,20,0.250,0.100,200000,false,true,false,true,automatic,automatic,automatic,automatic,automatic,automatic,0,0,0,0,0,32,160,0,both,38,15326444167578047510,5262672678279255221,4043733013249855594,18405169158487461543,18399920599816095179,200000,0,0,0,134.572,199999,1295558,0,165799,34200,199997,16397,8316,16398,0,10585,234264,199999,33957,4263,197400,0,59146,140853,35538,4264,4264,0,0,0,0,9936528,0,8,160,0,160,0,0,0,0,1397,5,5,2794,0,0,1397,89,159.430,100.876,10.882,2.741,33.851,0.000,0.000,0.000,0.000,0.000,48.604,0.248,1.691,0.505,0.010,8.122,23.228,0.000,0.000,7.873,48.609,0.000,11.036,44.437,8.442,0.000,72.709,36.592,11.036,0.000,20,automatic,parallelFullRefresh,none,incremental,fullAllCurrentEntries,notApplicable,0,8,33754,0,2.466,0.275,0.000,99015,14.565,2.741,automatic,parallelFullRefresh,none,incremental,fullAllCurrentEntries,notApplicable,0,8,192123,0,6.408,1.465,0.000,98385,17.023,7.873,automatic,parallelAssisted,none,incremental,notApplicable,incremental,0,5,1486,0,0.000,0.000,0.028,0,0.000,33.832,serialImmediate,serialImmediate,none,incremental,notApplicable,incremental,1,1,192123,0,0.000,0.000,0.000,0,0.000,48.604,automatic,parallelDirty,none,notApplicable,notApplicable,incremental,0,8,0,59146,0.000,0.000,0.000,0,0.000,11.036,dirtyRange,dirtyRange,none,notApplicable,notApplicable,incremental,1,1,0,35538,0.000,0.000,0.000,0,0.000,8.442
Data-Oriented CPU ROAM,0,1,4,RelWithDebInfo,OpenGL,NVIDIA GeForce RTX 5090 D/PCIe/SSE2,4.1.0 NVIDIA 591.86,false,assets/heightmaps/Hm_Terrain_Peking_513.png,547,547,599997,199999,1,38,64,0.603,12.737,-46.234,22.888,-35.021,318.756,0.000,0.000,302.115,1,80.000,12.000,20,0.250,0.100,200000,false,true,false,true,automatic,automatic,automatic,automatic,automatic,automatic,0,0,0,0,0,32,160,0,both,39,8793215930069954994,14776144372496302741,4847513245965442294,15327338999094807978,16117276973202228294,200000,0,0,0,137.289,199999,1312504,0,167212,32787,199997,15820,8019,15820,0,10267,234255,199999,33911,4588,187606,0,59811,140188,35723,4589,4589,0,0,0,0,10048248,0,8,160,0,160,0,0,0,0,1194,5,5,2387,0,0,1194,46,155.158,101.374,9.775,2.871,32.898,0.000,0.000,0.000,0.000,0.000,44.795,0.308,1.676,0.477,0.014,7.330,23.037,0.000,0.000,7.494,44.800,0.000,10.944,46.375,9.128,0.000,69.984,35.769,10.944,0.000,20,automatic,parallelFullRefresh,none,incremental,fullAllCurrentEntries,notApplicable,0,8,33957,0,2.583,0.287,0.000,92686,13.221,2.871,automatic,parallelFullRefresh,none,incremental,fullAllCurrentEntries,notApplicable,0,8,193344,0,6.134,1.360,0.000,94920,15.834,7.494,automatic,parallelAssisted,none,incremental,notApplicable,incremental,0,5,1240,0,0.000,0.000,0.035,0,0.000,32.878,serialImmediate,serialImmediate,none,incremental,notApplicable,incremental,1,1,193344,0,0.000,0.000,0.000,0,0.000,44.795,automatic,parallelDirty,none,notApplicable,notApplicable,incremental,0,8,0,59811,0.000,0.000,0.000,0,0.000,10.944,dirtyRange,dirtyRange,none,notApplicable,notApplicable,incremental,1,1,0,35723,0.000,0.000,0.000,0,0.000,9.128
Data-Oriented CPU ROAM,0,1,4,RelWithDebInfo,OpenGL,NVIDIA GeForce RTX 5090 D/PCIe/SSE2,4.1.0 NVIDIA 591.86,false,assets/heightmaps/Hm_Terrain_Peking_513.png,547,547,599997,199999,1,39,64,0.619,13.055,-42.517,22.992,-39.450,318.315,0.000,0.000,306.431,1,80.000,12.000,20,0.250,0.100,200000,false,true,false,true,automatic,automatic,automatic,automatic,automatic,automatic,0,0,0,0,0,32,160,0,both,40,4341115752885500299,8852138686551335291,16257377712012999508,16280315766084433350,4352047865219232259,200000,0,0,0,140.915,199999,1329026,0,164632,35367,199997,16753,8514,16753,0,12010,234335,199999,34242,5773,203511,0,62176,137823,37391,5774,5774,0,0,0,0,10445568,0,8,160,0,160,0,0,0,0,953,3,3,1906,0,0,953,34,156.489,136.429,8.092,2.847,34.735,0.000,0.000,0.000,0.000,0.000,47.498,0.261,1.436,0.399,0.007,4.805,27.776,0.000,0.000,7.789,47.503,0.000,12.239,43.283,8.523,0.000,78.057,37.582,12.239,0.000,20,automatic,parallelFullRefresh,none,incremental,fullAllCurrentEntries,notApplicable,0,8,33911,0,2.489,0.357,0.000,102993,14.748,2.847,automatic,parallelFullRefresh,none,incremental,fullAllCurrentEntries,notApplicable,0,8,194763,0,6.463,1.326,0.000,100518,17.233,7.789,automatic,parallelAssisted,none,incremental,notApplicable,incremental,0,3,987,0,0.000,0.000,0.035,0,0.000,34.719,serialImmediate,serialImmediate,none,incremental,notApplicable,incremental,1,1,194763,0,0.000,0.000,0.000,0,0.000,47.498,automatic,parallelDirty,none,notApplicable,notApplicable,incremental,0,8,0,62176,0.000,0.000,0.000,0,0.000,12.239,dirtyRange,dirtyRange,none,notApplicable,notApplicable,incremental,1,1,0,37391,0.000,0.000,0.000,0,0.000,8.523
Data-Oriented CPU ROAM,0,1,4,RelWithDebInfo,OpenGL,NVIDIA GeForce RTX 5090 D/PCIe/SSE2,4.1.0 NVIDIA 591.86,false,assets/heightmaps/Hm_Terrain_Peking_513.png,547,547,600000,200000,1,40,64,0.635,13.382,-38.378,22.977,-43.487,326.694,0.000,0.000,303.961,1,80.000,12.000,20,0.250,0.100,200000,false,true,false,true,automatic,automatic,automatic,automatic,automatic,automatic,0,0,0,0,0,32,160,0,both,41,5640557840597479361,14857908528817655382,1928326867279124476,11161468201640625886,13341262442090873672,200000,0,0,0,141.821,200000,1343092,0,164727,35273,199998,16592,8356,16591,0,12018,234386,200000,34252,6463,194007,0,65175,134825,38861,6464,6464,0,0,0,0,10949400,0,8,160,0,160,0,0,0,0,716,4,4,1432,0,0,716,48,151.690,95.647,9.468,2.976,32.117,0.000,0.000,0.000,0.000,0.000,43.790,0.160,0.833,0.365,0.004,3.964,26.748,0.000,0.000,7.264,43.794,0.000,12.687,43.383,9.776,0.000,74.810,35.092,12.687,0.000,20,automatic,parallelFullRefresh,none,incremental,fullAllCurrentEntries,notApplicable,0,8,34242,0,2.718,0.257,0.000,94458,12.714,2.976,automatic,parallelFullRefresh,none,incremental,fullAllCurrentEntries,notApplicable,0,8,196300,0,5.859,1.406,0.000,99549,16.346,7.264,automatic,parallelAssisted,none,incremental,notApplicable,incremental,0,4,764,0,0.000,0.000,0.025,0,0.000,32.097,serialImmediate,serialImmediate,none,incremental,notApplicable,incremental,1,1,196300,0,0.000,0.000,0.000,0,0.000,43.790,automatic,parallelDirty,none,notApplicable,notApplicable,incremental,0,8,0,65175,0.000,0.000,0.000,0,0.000,12.687,dirtyRange,dirtyRange,none,notApplicable,notApplicable,incremental,1,1,0,38861,0.000,0.000,0.000,0,0.000,9.776
Data-Oriented CPU ROAM,0,1,4,RelWithDebInfo,OpenGL,NVIDIA GeForce RTX 5090 D/PCIe/SSE2,4.1.0 NVIDIA 591.86,false,assets/heightmaps/Hm_Terrain_Peking_513.png,547,547,599997,199999,1,41,64,0.651,13.706,-33.857,22.844,-47.092,323.614,0.000,0.000,342.475,1,80.000,12.000,20,0.250,0.100,200000,false,true,false,true,automatic,automatic,automatic,automatic,automatic,automatic,0,0,0,0,0,32,160,0,both,42,8883561786973955779,1976094848974566822,7379411759500991009,2693290204409836431,15059615718916415088,200000,0,0,0,136.836,199999,1356924,0,164934,35065,199997,15777,8021,15778,0,10914,234333,199999,34209,6690,188868,0,65277,134722,39197,6691,6691,0,0,0,0,10966536,0,8,160,0,160,0,0,0,0,552,3,3,1104,0,0,552,24,194.738,103.547,10.254,2.836,34.959,0.000,0.000,0.000,0.000,0.000,82.844,0.136,0.729,0.215,0.003,3.216,30.610,0.000,0.000,8.160,82.849,0.000,12.079,43.600,10.358,0.000,119.673,37.795,12.079,0.000,20,automatic,parallelFullRefresh,none,incremental,fullAllCurrentEntries,notApplicable,0,8,34252,0,2.525,0.311,0.000,94203,15.108,2.836,automatic,parallelFullRefresh,none,incremental,fullAllCurrentEntries,notApplicable,0,8,197597,0,6.509,1.651,0.000,94665,17.808,8.160,automatic,parallelAssisted,none,incremental,notApplicable,incremental,0,3,576,0,0.000,0.000,0.034,0,0.000,34.943,serialImmediate,serialImmediate,none,incremental,notApplicable,incremental,1,1,197597,0,0.000,0.000,0.000,0,0.000,82.844,automatic,parallelDirty,none,notApplicable,notApplicable,incremental,0,8,0,65277,0.000,0.000,0.000,0,0.000,12.079,dirtyRange,dirtyRange,none,notApplicable,notApplicable,incremental,1,1,0,39197,0.000,0.000,0.000,0,0.000,10.358
Data-Oriented CPU ROAM,0,1,4,RelWithDebInfo,OpenGL,NVIDIA GeForce RTX 5090 D/PCIe/SSE2,4.1.0 NVIDIA 591.86,false,assets/heightmaps/Hm_Terrain_Peking_513.png,547,547,600000,200000,1,42,64,0.667,14.065,-29.000,22.598,-50.229,359.608,0.000,0.000,286.934,1,80.000,12.000,20,0.250,0.100,200000,false,true,false,true,automatic,automatic,automatic,automatic,automatic,automatic,0,0,0,0,0,32,160,0,both,43,18244366383052005441,11539274937098670880,13370878448706581218,7496017505371474958,10580619876848912246,200000,0,0,0,135.759,200000,1372424,0,167411,32589,199998,14678,7472,14677,0,10159,234221,200000,34055,6046,174979,0,63644,136356,39037,6047,6047,0,0,0,0,10692192,0,8,160,0,160,0,0,0,0,592,3,3,1184,0,0,592,10,139.596,181.211,8.012,3.589,29.602,0.000,0.000,0.000,0.000,0.000,38.594,0.126,0.751,0.252,0.004,3.317,25.105,0.000,0.000,7.345,38.599,0.000,11.146,41.304,10.893,0.000,69.063,33.190,11.146,0.000,20,automatic,parallelFullRefresh,none,incremental,fullAllCurrentEntries,notApplicable,0,8,34209,0,3.313,0.276,0.000,86914,12.210,3.589,automatic,parallelFullRefresh,none,incremental,fullAllCurrentEntries,notApplicable,0,8,197397,0,5.994,1.351,0.000,88065,14.337,7.345,automatic,parallelAssisted,none,incremental,notApplicable,incremental,0,3,602,0,0.000,0.000,0.026,0,0.000,29.582,serialImmediate,serialImmediate,none,incremental,notApplicable,incremental,1,1,197397,0,0.000,0.000,0.000,0,0.000,38.594,automatic,parallelDirty,none,notApplicable,notApplicable,incremental,0,8,0,63644,0.000,0.000,0.000,0,0.000,11.146,dirtyRange,dirtyRange,none,notApplicable,notApplicable,incremental,1,1,0,39037,0.000,0.000,0.000,0,0.000,10.893
Data-Oriented CPU ROAM,0,1,4,RelWithDebInfo,OpenGL,NVIDIA GeForce RTX 5090 D/PCIe/SSE2,4.1.0 NVIDIA 591.86,false,assets/heightmaps/Hm_Terrain_Peking_513.png,547,547,600000,200000,1,43,64,0.683,14.366,-23.855,22.249,-52.867,301.023,0.000,0.000,279.027,1,80.000,12.000,20,0.250,0.100,200000,false,true,false,true,automatic,automatic,automatic,automatic,automatic,automatic,0,0,0,0,0,32,160,0,both,44,9332276176334591966,6965282697844826061,8882002267534927791,10407824518727812101,1971615220371960845,200000,0,0,0,129.935,200000,1388566,0,168992,31008,199998,14286,7280,14286,0,9377,234179,200000,34082,5145,172373,0,60621,139379,37772,5146,5146,0,0,0,0,10184328,0,8,160,0,160,0,0,0,0,751,4,4,1502,0,0,751,23,139.141,139.208,11.553,3.058,29.500,0.000,0.000,0.000,0.000,0.000,38.538,0.217,1.047,0.238,0.003,4.494,23.448,0.000,0.000,7.824,38.545,0.000,10.664,37.996,9.555,0.000,66.048,32.559,10.664,0.000,20,automatic,parallelFullRefresh,none,incremental,fullAllCurrentEntries,notApplicable,0,8,34055,0,2.742,0.317,0.000,86657,12.112,3.058,automatic,parallelFullRefresh,none,incremental,fullAllCurrentEntries,notApplicable,0,8,195993,0,6.567,1.257,0.000,85716,13.648,7.824,automatic,parallelAssisted,none,incremental,notApplicable,incremental,0,4,774,0,0.000,0.000,0.027,0,0.000,29.475,serialImmediate,serialImmediate,none,incremental,notApplicable,incremental,1,1,195993,0,0.000,0.000,0.000,0,0.000,38.538,automatic,parallelDirty,none,notApplicable,notApplicable,incremental,0,8,0,60621,0.000,0.000,0.000,0,0.000,10.664,dirtyRange,dirtyRange,none,notApplicable,notApplicable,incremental,1,1,0,37772,0.000,0.000,0.000,0,0.000,9.555
Data-Oriented CPU ROAM,0,1,4,RelWithDebInfo,OpenGL,NVIDIA GeForce RTX 5090 D/PCIe/SSE2,4.1.0 NVIDIA 591.86,false,assets/heightmaps/Hm_Terrain_Peking_513.png,547,547,600000,200000,1,44,64,0.698,14.665,-18.472,21.811,-54.980,298.316,0.000,0.000,281.528,1,80.000,12.000,20,0.250,0.100,200000,false,true,false,true,automatic,automatic,automatic,automatic,automatic,automatic,0,0,0,0,0,32,160,0,both,45,18194916085207186180,13831941261432722240,11262328333957560934,9269588149088063285,10696085729681648563,200000,0,0,0,131.979,200000,1405426,0,168346,31654,199998,14584,7441,14584,0,9961,234229,200000,33998,5280,174870,0,59377,140623,37584,5281,5281,0,0,0,0,9975336,0,8,160,0,160,0,0,0,0,719,5,5,1431,0,0,719,19,138.670,98.002,8.512,3.142,29.315,0.000,0.000,0.000,0.000,0.000,39.454,0.160,0.848,0.218,0.005,4.013,24.022,0.000,0.000,7.418,39.459,0.000,10.958,39.866,10.349,0.000,67.973,32.457,10.958,0.000,20,automatic,parallelFullRefresh,none,incremental,fullAllCurrentEntries,notApplicable,0,8,34082,0,2.800,0.342,0.000,87366,12.438,3.142,automatic,parallelFullRefresh,none,incremental,fullAllCurrentEntries,notApplicable,0,8,195979,0,5.857,1.561,0.000,87504,13.493,7.418,automatic,parallelAssisted,none,incremental,notApplicable,incremental,0,5,738,0,0.000,0.000,0.034,0,0.000,29.300,serialImmediate,serialImmediate,none,incremental,notApplicable,incremental,1,1,195979,0,0.000,0.000,0.000,0,0.000,39.454,automatic,parallelDirty,none,notApplicable,notApplicable,incremental,0,8,0,59377,0.000,0.000,0.000,0,0.000,10.958,dirtyRange,dirtyRange,none,notApplicable,notApplicable,incremental,1,1,0,37584,0.000,0.000,0.000,0,0.000,10.349
Data-Oriented CPU ROAM,0,1,4,RelWithDebInfo,OpenGL,NVIDIA GeForce RTX 5090 D/PCIe/SSE2,4.1.0 NVIDIA 591.86,false,assets/heightmaps/Hm_Terrain_Peking_513.png,547,547,600000,200000,1,45,64,0.714,14.962,-12.906,21.302,-56.546,297.483,0.000,0.000,286.750,1,80.000,12.000,20,0.250,0.100,200000,false,true,false,true,automatic,automatic,automatic,automatic,automatic,automatic,0,0,0,0,0,32,160,0,both,46,9949714469453535672,11277505994945043421,17114593554410757175,6120294911159900513,1757098035051615044,200000,0,0,0,133.210,200000,1422096,0,166334,33666,199998,15499,7915,15499,0,11101,234137,200000,33808,5625,183210,0,61849,138151,38862,5626,5626,0,0,0,0,10390632,0,8,160,0,160,0,0,0,0,740,5,5,1472,0,0,740,18,143.262,95.933,8.045,2.796,30.714,0.000,0.000,0.000,0.000,0.000,41.053,0.159,0.877,0.247,0.004,4.310,25.076,0.000,0.000,7.039,41.057,0.000,12.177,41.433,9.722,0.000,69.936,33.510,12.177,0.000,20,automatic,parallelFullRefresh,none,incremental,fullAllCurrentEntries,notApplicable,0,8,33998,0,2.543,0.254,0.000,90216,12.406,2.796,automatic,parallelFullRefresh,none,incremental,fullAllCurrentEntries,notApplicable,0,8,195746,0,5.850,1.190,0.000,92994,14.788,7.039,automatic,parallelAssisted,none,incremental,notApplicable,incremental,0,5,758,0,0.000,0.000,0.025,0,0.000,30.698,serialImmediate,serialImmediate,none,incremental,notApplicable,incremental,1,1,195746,0,0.000,0.000,0.000,0,0.000,41.053,automatic,parallelDirty,none,notApplicable,notApplicable,incremental,0,8,0,61849,0.000,0.000,0.000,0,0.000,12.177,dirtyRange,dirtyRange,none,notApplicable,notApplicable,incremental,1,1,0,38862,0.000,0.000,0.000,0,0.000,9.722
Data-Oriented CPU ROAM,0,1,4,RelWithDebInfo,OpenGL,NVIDIA GeForce RTX 5090 D/PCIe/SSE2,4.1.0 NVIDIA 591.86,false,assets/heightmaps/Hm_Terrain_Peking_513.png,547,547,600000,200000,1,46,64,0.730,15.264,-7.212,20.740,-57.550,302.180,0.000,0.000,287.225,1,80.000,12.000,20,0.250,0.100,200000,false,true,false,true,automatic,automatic,automatic,automatic,automatic,automatic,0,0,0,0,0,32,160,0,both,47,8085739757682157168,15078120519465764866,3045942073179456604,6303177789563625212,6085422030732384001,200000,0,0,0,129.677,200000,1438694,0,165374,34626,199998,15927,8130,15927,0,11469,233951,200000,33610,5578,186732,0,63165,136835,38978,5579,5579,0,0,0,0,10611720,0,8,160,0,160,0,0,0,0,784,8,8,1560,0,0,784,47,146.484,101.705,9.432,3.061,33.057,0.000,0.000,0.000,0.000,0.000,43.318,0.251,1.229,0.215,0.004,4.713,26.600,0.000,0.000,7.552,43.322,0.000,11.553,38.508,10.559,0.000,72.947,36.118,11.553,0.000,20,automatic,parallelFullRefresh,none,incremental,fullAllCurrentEntries,notApplicable,0,8,33808,0,2.807,0.254,0.000,91170,12.878,3.061,automatic,parallelFullRefresh,none,incremental,fullAllCurrentEntries,notApplicable,0,8,195232,0,6.224,1.328,0.000,95562,15.820,7.552,automatic,parallelAssisted,none,incremental,notApplicable,incremental,0,8,831,0,0.000,0.000,0.026,0,0.000,33.038,serialImmediate,serialImmediate,none,incremental,notApplicable,incremental,1,1,195232,0,0.000,0.000,0.000,0,0.000,43.318,automatic,parallelDirty,none,notApplicable,notApplicable,incremental,0,8,0,63165,0.000,0.000,0.000,0,0.000,11.553,dirtyRange,dirtyRange,none,notApplicable,notApplicable,incremental,1,1,0,38978,0.000,0.000,0.000,0,0.000,10.559
Data-Oriented CPU ROAM,0,1,4,RelWithDebInfo,OpenGL,NVIDIA GeForce RTX 5090 D/PCIe/SSE2,4.1.0 NVIDIA 591.86,false,assets/heightmaps/Hm_Terrain_Peking_513.png,547,547,600000,200000,1,47,64,0.746,15.565,-1.446,20.150,-57.982,301.188,0.000,0.000,293.159,1,80.000,12.000,20,0.250,0.100,200000,false,true,false,true,automatic,automatic,automatic,automatic,automatic,automatic,0,0,0,0,0,32,160,0,both,48,14986513597530100079,14315627566301579737,2484608468122067079,14900847977703958148,11229033532730744092,200000,0,0,0,135.583,200000,1452536,0,166882,33118,199998,15176,7716,15176,0,10545,233813,200000,33584,5407,177664,0,61783,138217,38310,5408,5408,0,0,0,0,10379544,0,8,160,0,160,0,0,0,0,742,5,5,1482,0,0,742,35,148.266,104.399,8.512,2.899,32.731,0.000,0.000,0.000,0.000,0.000,44.738,0.241,1.004,0.248,0.007,3.831,27.355,0.000,0.000,8.883,44.742,0.000,11.014,39.484,8.655,0.000,76.865,35.630,11.014,0.000,20,automatic,parallelFullRefresh,none,incremental,fullAllCurrentEntries,notApplicable,0,8,33610,0,2.635,0.264,0.000,86608,12.646,2.899,automatic,parallelFullRefresh,none,incremental,fullAllCurrentEntries,notApplicable,0,8,195661,0,7.334,1.549,0.000,91056,16.953,8.883,automatic,parallelAssisted,none,incremental,notApplicable,incremental,0,5,777,0,0.000,0.000,0.024,0,0.000,32.711,serialImmediate,serialImmediate,none,incremental,notApplicable,incremental,1,1,195661,0,0.000,0.000,0.000,0,0.000,44.738,automatic,parallelDirty,none,notApplicable,notApplicable,incremental,0,8,0,61783,0.000,0.000,0.000,0,0.000,11.014,dirtyRange,dirtyRange,none,notApplicable,notApplicable,incremental,1,1,0,38310,0.000,0.000,0.000,0,0.000,8.655
Data-Oriented CPU ROAM,0,1,4,RelWithDebInfo,OpenGL,NVIDIA GeForce RTX 5090 D/PCIe/SSE2,4.1.0 NVIDIA 591.86,false,assets/heightmaps/Hm_Terrain_Peking_513.png,547,547,599997,199999,1,48,64,0.762,15.877,4.334,19.553,-57.838,311.969,0.000,0.000,294.005,1,80.000,12.000,20,0.250,0.100,200000,false,true,false,true,automatic,automatic,automatic,automatic,automatic,automatic,0,0,0,0,0,32,160,0,both,49,7875227717369078677,5291258678658264488,8620018840951426255,1631695245379501132,12918603806119797218,200000,0,0,0,140.316,199999,1465546,0,167805,32194,199997,14509,7293,14510,0,10426,233790,199999,33663,5540,170278,0,59850,140149,37361,5541,5541,0,0,0,0,10054800,0,8,160,0,160,0,0,0,0,650,6,6,1300,0,0,650,31,143.346,131.985,9.119,2.721,29.289,0.000,0.000,0.000,0.000,0.000,40.019,0.154,0.739,0.265,0.003,3.590,24.493,0.000,0.000,8.241,40.024,0.000,10.714,43.237,9.744,0.000,69.494,32.010,10.714,0.000,20,automatic,parallelFullRefresh,none,incremental,fullAllCurrentEntries,notApplicable,0,8,33584,0,2.478,0.243,0.000,83221,11.786,2.721,automatic,parallelFullRefresh,none,incremental,fullAllCurrentEntries,notApplicable,0,8,196564,0,6.926,1.314,0.000,87057,14.966,8.241,automatic,parallelAssisted,none,incremental,notApplicable,incremental,0,6,681,0,0.000,0.000,0.024,0,0.000,29.268,serialImmediate,serialImmediate,none,incremental,notApplicable,incremental,1,1,196564,0,0.000,0.000,0.000,0,0.000,40.019,automatic,parallelDirty,none,notApplicable,notApplicable,incremental,0,8,0,59850,0.000,0.000,0.000,0,0.000,10.714,dirtyRange,dirtyRange,none,notApplicable,notApplicable,incremental,1,1,0,37361,0.000,0.000,0.000,0,0.000,9.744
Data-Oriented CPU ROAM,0,1,4,RelWithDebInfo,OpenGL,NVIDIA GeForce RTX 5090 D/PCIe/SSE2,4.1.0 NVIDIA 591.86,false,assets/heightmaps/Hm_Terrain_Peking_513.png,547,547,599997,199999,1,49,64,0.778,16.187,10.072,18.974,-57.119,309.315,0.000,0.000,298.291,1,80.000,12.000,20,0.250,0.100,200000,false,true,false,true,automatic,automatic,automatic,automatic,automatic,automatic,0,0,0,0,0,32,160,0,both,50,14516129738966518200,14600018523449856346,14383284684393467521,10733095557289147179,11779309111208519426,200000,0,0,0,138.959,199999,1478606,0,168331,31668,199997,14092,7098,14092,0,8450,233867,199999,33680,4909,165641,0,58505,141494,36852,4910,4910,0,0,0,0,9828840,0,8,160,0,160,0,0,0,0,743,6,6,1485,0,0,743,45,148.898,157.194,8.279,3.362,29.106,0.000,0.000,0.000,0.000,0.000,40.800,0.240,1.230,0.240,0.005,4.635,22.703,0.000,0.000,8.046,40.804,0.000,11.671,47.630,9.901,0.000,68.346,32.468,11.671,0.000,20,automatic,parallelFullRefresh,none,incremental,fullAllCurrentEntries,notApplicable,0,8,33663,0,2.892,0.470,0.000,81089,12.163,3.362,automatic,parallelFullRefresh,none,incremental,fullAllCurrentEntries,notApplicable,0,8,195720,0,6.470,1.576,0.000,84552,14.802,8.046,automatic,parallelAssisted,none,incremental,notApplicable,incremental,0,6,788,0,0.000,0.000,0.036,0,0.000,29.088,serialImmediate,serialImmediate,none,incremental,notApplicable,incremental,1,1,195720,0,0.000,0.000,0.000,0,0.000,40.800,automatic,parallelDirty,none,notApplicable,notApplicable,incremental,0,8,0,58505,0.000,0.000,0.000,0,0.000,11.671,dirtyRange,dirtyRange,none,notApplicable,notApplicable,incremental,1,1,0,36852,0.000,0.000,0.000,0,0.000,9.901
Data-Oriented CPU ROAM,0,1,4,RelWithDebInfo,OpenGL,NVIDIA GeForce RTX 5090 D/PCIe/SSE2,4.1.0 NVIDIA 591.86,false,assets/heightmaps/Hm_Terrain_Peking_513.png,547,547,600000,200000,1,50,64,0.794,16.503,15.709,18.436,-55.832,316.272,0.000,0.000,299.451,1,80.000,12.000,20,0.250,0.100,200000,false,true,false,true,automatic,automatic,automatic,automatic,automatic,automatic,0,0,0,0,0,32,160,0,both,51,4624788526026817210,3008041548493109848,12218100229106065782,3920908853798663405,9740759885869643506,200000,0,0,0,131.906,200000,1494844,0,165192,34808,199998,16102,8263,16101,0,9625,233804,200000,33363,4642,189702,0,62880,137120,38023,4643,4643,0,0,0,0,10563840,0,8,160,0,160,0,0,0,0,1168,6,6,2302,0,0,1168,51,156.169,135.416,8.805,3.291,34.755,0.000,0.000,0.000,0.000,0.000,47.241,0.324,1.710,0.317,0.017,6.658,25.669,0.000,0.000,7.640,47.246,0.000,12.090,42.341,10.856,0.000,74.350,38.046,12.090,0.000,20,automatic,parallelFullRefresh,none,incremental,fullAllCurrentEntries,notApplicable,0,8,33680,0,2.846,0.444,0.000,93093,13.970,3.291,automatic,parallelFullRefresh,none,incremental,fullAllCurrentEntries,notApplicable,0,8,193176,0,6.576,1.064,0.000,96609,17.236,7.640,automatic,parallelAssisted,none,incremental,notApplicable,incremental,0,6,1219,0,0.000,0.000,0.039,0,0.000,34.734,serialImmediate,serialImmediate,none,incremental,notApplicable,incremental,1,1,193176,0,0.000,0.000,0.000,0,0.000,47.241,automatic,parallelDirty,none,notApplicable,notApplicable,incremental,0,8,0,62880,0.000,0.000,0.000,0,0.000,12.090,dirtyRange,dirtyRange,none,notApplicable,notApplicable,incremental,1,1,0,38023,0.000,0.000,0.000,0,0.000,10.856
Data-Oriented CPU ROAM,0,1,4,RelWithDebInfo,OpenGL,NVIDIA GeForce RTX 5090 D/PCIe/SSE2,4.1.0 NVIDIA 591.86,false,assets/heightmaps/Hm_Terrain_Peking_513.png,547,547,599997,199999,1,51,64,0.810,16.817,21.190,17.959,-53.991,313.970,0.000,0.000,371.800,1,80.000,12.000,20,0.250,0.100,200000,false,true,false,true,automatic,automatic,automatic,automatic,automatic,automatic,0,0,0,0,0,32,160,0,both,52,2717975667231973755,1787959666903436587,8506446822150327116,5017742477909534917,7008856661032212479,200000,0,0,0,179.471,199999,1514362,0,162529,37470,199997,17970,9136,17971,0,10560,233638,199999,33276,4528,211986,0,64992,135007,38282,4529,4529,0,0,0,0,10918656,0,8,160,0,160,0,0,0,0,1516,5,5,3032,0,0,1516,28,180.478,90.958,8.756,3.606,39.000,0.000,0.000,0.000,0.000,0.000,50.144,0.469,2.161,0.402,0.010,8.729,27.159,0.000,0.000,6.972,50.149,0.000,13.373,58.619,10.914,0.000,74.857,42.606,13.373,0.000,20,automatic,parallelFullRefresh,none,incremental,fullAllCurrentEntries,notApplicable,0,8,33363,0,3.030,0.576,0.000,104163,14.981,3.606,automatic,parallelFullRefresh,none,incremental,fullAllCurrentEntries,notApplicable,0,8,191087,0,5.938,1.034,0.000,107823,19.051,6.972,automatic,parallelAssisted,none,incremental,notApplicable,incremental,0,5,1544,0,0.000,0.000,0.049,0,0.000,38.978,serialImmediate,serialImmediate,none,incremental,notApplicable,incremental,1,1,191087,0,0.000,0.000,0.000,0,0.000,50.144,automatic,parallelDirty,none,notApplicable,notApplicable,incremental,0,8,0,64992,0.000,0.000,0.000,0,0.000,13.373,dirtyRange,dirtyRange,none,notApplicable,notApplicable,incremental,1,1,0,38282,0.000,0.000,0.000,0,0.000,10.914
Data-Oriented CPU ROAM,0,1,4,RelWithDebInfo,OpenGL,NVIDIA GeForce RTX 5090 D/PCIe/SSE2,4.1.0 NVIDIA 591.86,false,assets/heightmaps/Hm_Terrain_Peking_513.png,547,547,600000,200000,1,52,64,0.825,17.205,26.460,17.564,-51.613,387.660,0.000,0.000,381.804,1,80.000,12.000,20,0.250,0.100,200000,false,true,false,true,automatic,automatic,automatic,automatic,automatic,automatic,0,0,0,0,0,32,160,0,both,53,13383574132570346014,11415814594753363039,12764079798955427945,12847173543902168072,10776500482527101165,200000,0,0,0,191.256,200000,1534172,0,163278,36722,199998,17602,8847,17601,0,11105,233584,200000,33237,4434,204630,0,64747,135253,38181,4435,4435,0,0,0,0,10877496,0,8,160,0,160,0,0,0,0,1443,6,6,2886,0,0,1443,63,179.573,92.580,12.916,3.092,43.709,0.000,0.000,0.000,0.000,0.000,56.877,0.305,2.234,0.640,0.014,8.894,31.549,0.000,0.000,9.194,56.885,0.000,10.599,43.178,10.358,0.000,89.564,46.801,10.599,0.000,20,automatic,parallelFullRefresh,none,incremental,fullAllCurrentEntries,notApplicable,0,8,33276,0,2.792,0.299,0.000,99021,16.422,3.092,automatic,parallelFullRefresh,none,incremental,fullAllCurrentEntries,notApplicable,0,8,191271,0,8.031,1.163,0.000,105609,22.151,9.194,automatic,parallelAssisted,none,incremental,notApplicable,incremental,0,6,1506,0,0.000,0.000,0.040,0,0.000,43.674,serialImmediate,serialImmediate,none,incremental,notApplicable,incremental,1,1,191271,0,0.000,0.000,0.000,0,0.000,56.877,automatic,parallelDirty,none,notApplicable,notApplicable,incremental,0,8,0,64747,0.000,0.000,0.000,0,0.000,10.599,dirtyRange,dirtyRange,none,notApplicable,notApplicable,incremental,1,1,0,38181,0.000,0.000,0.000,0,0.000,10.358
Data-Oriented CPU ROAM,0,1,4,RelWithDebInfo,OpenGL,NVIDIA GeForce RTX 5090 D/PCIe/SSE2,4.1.0 NVIDIA 591.86,false,assets/heightmaps/Hm_Terrain_Peking_513.png,547,547,599997,199999,1,53,64,0.841,17.601,31.468,17.265,-48.722,396.693,0.000,0.000,335.125,1,80.000,12.000,20,0.250,0.100,200000,false,true,false,true,automatic,automatic,automatic,automatic,automatic,automatic,0,0,0,0,0,32,160,0,both,54,1580304990554943114,13700608358763085086,8041159195156157533,6306664769894172529,3163412826930471358,200000,0,0,0,148.605,199999,1551688,0,164970,35029,199997,16801,8469,16802,0,10686,233656,199999,33380,4470,197952,0,66449,133550,39030,4471,4471,0,0,0,0,11163432,0,8,160,0,160,0,0,0,0,1277,6,6,2549,0,0,1277,65,176.466,91.238,8.679,3.015,40.598,0.000,0.000,0.000,0.000,0.000,54.665,0.329,1.819,0.497,0.006,8.285,29.609,0.000,0.000,8.650,54.672,0.000,13.460,47.392,9.652,0.000,84.484,43.612,13.460,0.000,20,automatic,parallelFullRefresh,none,incremental,fullAllCurrentEntries,notApplicable,0,8,33237,0,2.702,0.312,0.000,97143,15.713,3.015,automatic,parallelFullRefresh,none,incremental,fullAllCurrentEntries,notApplicable,0,8,192180,0,7.020,1.630,0.000,100809,20.755,8.650,automatic,parallelAssisted,none,incremental,notApplicable,incremental,0,6,1342,0,0.000,0.000,0.028,0,0.000,40.572,serialImmediate,serialImmediate,none,incremental,notApplicable,incremental,1,1,192180,0,0.000,0.000,0.000,0,0.000,54.665,automatic,parallelDirty,none,notApplicable,notApplicable,incremental,0,8,0,66449,0.000,0.000,0.000,0,0.000,13.460,dirtyRange,dirtyRange,none,notApplicable,notApplicable,incremental,1,1,0,39030,0.000,0.000,0.000,0,0.000,9.652
Data-Oriented CPU ROAM,0,1,4,RelWithDebInfo,OpenGL,NVIDIA GeForce RTX 5090 D/PCIe/SSE2,4.1.0 NVIDIA 591.86,false,assets/heightmaps/Hm_Terrain_Peking_513.png,547,547,599997,199999,1,54,64,0.857,17.958,36.162,17.075,-45.346,357.069,0.000,0.000,340.369,1,80.000,12.000,20,0.250,0.100,200000,false,true,false,true,automatic,automatic,automatic,automatic,automatic,automatic,0,0,0,0,0,32,160,0,both,55,7640739004756412505,13238418270436771024,4638604860998101699,16444899787932386372,17760225748658385439,200000,0,0,0,145.752,199999,1565166,0,165182,34817,199997,16670,8438,16670,0,11172,233849,199999,33497,4914,197023,0,66386,133613,39266,4915,4915,0,0,0,0,11152848,0,8,160,0,160,0,0,0,0,1124,5,5,2248,0,0,1124,39,183.677,127.908,13.103,3.399,41.245,0.000,0.000,0.000,0.000,0.000,53.468,0.317,1.771,0.461,0.005,7.498,31.132,0.000,0.000,8.865,53.476,0.000,13.704,49.884,10.425,0.000,86.325,44.644,13.704,0.000,20,automatic,parallelFullRefresh,none,incremental,fullAllCurrentEntries,notApplicable,0,8,33380,0,3.023,0.376,0.000,97003,15.537,3.399,automatic,parallelFullRefresh,none,incremental,fullAllCurrentEntries,notApplicable,0,8,193200,0,6.933,1.933,0.000,100020,21.244,8.865,automatic,parallelAssisted,none,incremental,notApplicable,incremental,0,5,1163,0,0.000,0.000,0.039,0,0.000,41.223,serialImmediate,serialImmediate,none,incremental,notApplicable,incremental,1,1,193200,0,0.000,0.000,0.000,0,0.000,53.468,automatic,parallelDirty,none,notApplicable,notApplicable,incremental,0,8,0,66386,0.000,0.000,0.000,0,0.000,13.704,dirtyRange,dirtyRange,none,notApplicable,notApplicable,incremental,1,1,0,39266,0.000,0.000,0.000,0,0.000,10.425
Data-Oriented CPU ROAM,0,1,4,RelWithDebInfo,OpenGL,NVIDIA GeForce RTX 5090 D/PCIe/SSE2,4.1.0 NVIDIA 591.86,false,assets/heightmaps/Hm_Terrain_Peking_513.png,547,547,599997,199999,1,55,64,0.873,18.314,40.498,17.001,-41.520,355.146,0.000,0.000,293.742,1,80.000,12.000,20,0.250,0.100,200000,false,true,false,true,automatic,automatic,automatic,automatic,automatic,automatic,0,0,0,0,0,32,160,0,both,56,10043160010472302083,17419069598135635721,13808111960316725902,4283895944885330471,12886336515350552655,200000,0,0,0,130.443,199999,1576158,0,164407,35592,199997,16899,8576,16899,0,11705,233815,199999,33558,5850,196599,0,66428,133571,39614,5851,5851,0,0,0,0,11159904,0,8,160,0,160,0,0,0,0,884,5,5,1768,0,0,884,23,154.551,98.576,10.366,2.637,34.198,0.000,0.000,0.000,0.000,0.000,46.999,0.178,1.132,0.425,0.004,5.465,26.944,0.000,0.000,7.218,47.004,0.000,12.681,40.447,8.344,0.000,76.892,36.835,12.681,0.000,20,automatic,parallelFullRefresh,none,incremental,fullAllCurrentEntries,notApplicable,0,8,33497,0,2.366,0.271,0.000,95205,13.342,2.637,automatic,parallelFullRefresh,none,incremental,fullAllCurrentEntries,notApplicable,0,8,194834,0,5.921,1.296,0.000,101394,17.611,7.218,automatic,parallelAssisted,none,incremental,notApplicable,incremental,0,5,907,0,0.000,0.000,0.031,0,0.000,34.179,serialImmediate,serialImmediate,none,incremental,notApplicable,incremental,1,1,194834,0,0.000,0.000,0.000,0,0.000,46.999,automatic,parallelDirty,none,notApplicable,notApplicable,incremental,0,8,0,66428,0.000,0.000,0.000,0,0.000,12.681,dirtyRange,dirtyRange,none,notApplicable,notApplicable,incremental,1,1,0,39614,0.000,0.000,0.000,0,0.000,8.344
Data-Oriented CPU ROAM,0,1,4,RelWithDebInfo,OpenGL,NVIDIA GeForce RTX 5090 D/PCIe/SSE2,4.1.0 NVIDIA 591.86,false,assets/heightmaps/Hm_Terrain_Peking_513.png,547,547,599997,199999,1,56,64,0.889,18.628,44.431,17.046,-37.282,314.372,0.000,0.000,300.518,1,80.000,12.000,20,0.250,0.100,200000,false,true,false,true,automatic,automatic,automatic,automatic,automatic,automatic,0,0,0,0,0,32,160,0,both,57,10489926895760994281,12726575308572454149,16072537589226680370,10299927302043262641,4224510392248073610,200000,0,0,0,134.238,199999,1586094,0,162530,37469,199997,18109,9206,18109,0,12227,233670,199999,33444,6413,206930,0,67640,132359,40257,6414,6414,0,0,0,0,11363520,0,8,160,0,160,0,0,0,0,915,7,7,1830,0,0,915,39,155.297,140.092,9.881,2.699,34.670,0.000,0.000,0.000,0.000,0.000,48.107,0.236,1.211,0.253,0.005,4.874,28.041,0.000,0.000,7.002,48.112,0.000,13.349,39.583,10.388,0.000,79.608,37.369,13.349,0.000,20,automatic,parallelFullRefresh,none,incremental,fullAllCurrentEntries,notApplicable,0,8,33558,0,2.383,0.316,0.000,98276,13.299,2.699,automatic,parallelFullRefresh,none,incremental,fullAllCurrentEntries,notApplicable,0,8,194773,0,5.888,1.114,0.000,108654,18.348,7.002,automatic,parallelAssisted,none,incremental,notApplicable,incremental,0,7,954,0,0.000,0.000,0.030,0,0.000,34.650,serialImmediate,serialImmediate,none,incremental,notApplicable,incremental,1,1,194773,0,0.000,0.000,0.000,0,0.000,48.107,automatic,parallelDirty,none,notApplicable,notApplicable,incremental,0,8,0,67640,0.000,0.000,0.000,0,0.000,13.349,dirtyRange,dirtyRange,none,notApplicable,notApplicable,incremental,1,1,0,40257,0.000,0.000,0.000,0,0.000,10.388
Data-Oriented CPU ROAM,0,1,4,RelWithDebInfo,OpenGL,NVIDIA GeForce RTX 5090 D/PCIe/SSE2,4.1.0 NVIDIA 591.86,false,assets/heightmaps/Hm_Terrain_Peking_513.png,547,547,600000,200000,1,57,64,0.905,18.940,47.922,17.207,-32.673,312.145,0.000,0.000,332.399,1,80.000,12.000,20,0.250,0.100,200000,false,true,false,true,automatic,automatic,automatic,automatic,automatic,automatic,0,0,0,0,0,32,160,0,both,58,3640679193703727146,14931035836366094131,8782637290810732841,17548418198505937176,10819543546728440841,200000,0,0,0,142.198,200000,1595942,0,162155,37845,199998,17927,9041,17926,0,12232,233810,200000,33598,5648,208671,0,69724,130276,40602,5649,5649,0,0,0,0,11713632,0,8,160,0,160,0,0,0,0,1124,5,5,2248,0,0,1124,54,179.171,165.097,10.134,2.838,41.267,0.000,0.000,0.000,0.000,0.000,55.567,0.323,1.592,0.511,0.005,7.082,31.690,0.000,0.000,7.582,55.574,0.000,14.128,47.646,10.528,0.000,88.094,44.105,14.128,0.000,20,automatic,parallelFullRefresh,none,incremental,fullAllCurrentEntries,notApplicable,0,8,33444,0,2.469,0.369,0.000,101112,16.131,2.838,automatic,parallelFullRefresh,none,incremental,fullAllCurrentEntries,notApplicable,0,8,193385,0,6.189,1.393,0.000,107559,21.669,7.582,automatic,parallelAssisted,none,incremental,notApplicable,incremental,0,5,1178,0,0.000,0.000,0.042,0,0.000,41.245,serialImmediate,serialImmediate,none,incremental,notApplicable,incremental,1,1,193385,0,0.000,0.000,0.000,0,0.000,55.567,automatic,parallelDirty,none,notApplicable,notApplicable,incremental,0,8,0,69724,0.000,0.000,0.000,0,0.000,14.128,dirtyRange,dirtyRange,none,notApplicable,notApplicable,incremental,1,1,0,40602,0.000,0.000,0.000,0,0.000,10.528
Data-Oriented CPU ROAM,0,1,4,RelWithDebInfo,OpenGL,NVIDIA GeForce RTX 5090 D/PCIe/SSE2,4.1.0 NVIDIA 591.86,false,assets/heightmaps/Hm_Terrain_Peking_513.png,547,547,599997,199999,1,58,64,0.921,19.295,50.937,17.480,-27.739,354.630,0.000,0.000,312.643,1,80.000,12.000,20,0.250,0.100,200000,false,true,false,true,automatic,automatic,automatic,automatic,automatic,automatic,0,0,0,0,0,32,160,0,both,59,16456659559126933123,2739885970612024836,15214969696279841583,14202102775752510145,7359711841302740049,200000,0,0,0,138.454,199999,1604484,0,164776,35223,199997,15971,8097,15972,0,10393,233983,199999,33776,5160,191329,0,67951,132048,40360,5161,5161,0,0,0,0,11415768,0,8,160,0,160,0,0,0,0,975,5,5,1950,0,0,975,35,163.022,134.556,9.609,2.953,35.429,0.000,0.000,0.000,0.000,0.000,50.053,0.231,1.194,0.311,0.004,5.808,27.835,0.000,0.000,8.027,50.057,0.000,13.775,43.171,10.628,0.000,80.803,38.382,13.775,0.000,20,automatic,parallelFullRefresh,none,incremental,fullAllCurrentEntries,notApplicable,0,8,33598,0,2.651,0.302,0.000,95500,15.234,2.953,automatic,parallelFullRefresh,none,incremental,fullAllCurrentEntries,notApplicable,0,8,194357,0,6.439,1.588,0.000,95829,19.514,8.027,automatic,parallelAssisted,none,incremental,notApplicable,incremental,0,5,1010,0,0.000,0.000,0.025,0,0.000,35.409,serialImmediate,serialImmediate,none,incremental,notApplicable,incremental,1,1,194357,0,0.000,0.000,0.000,0,0.000,50.053,automatic,parallelDirty,none,notApplicable,notApplicable,incremental,0,8,0,67951,0.000,0.000,0.000,0,0.000,13.775,dirtyRange,dirtyRange,none,notApplicable,notApplicable,incremental,1,1,0,40360,0.000,0.000,0.000,0,0.000,10.628
Data-Oriented CPU ROAM,0,1,4,RelWithDebInfo,OpenGL,NVIDIA GeForce RTX 5090 D/PCIe/SSE2,4.1.0 NVIDIA 591.86,false,assets/heightmaps/Hm_Terrain_Peking_513.png,547,547,599997,199999,1,59,64,0.937,19.626,53.446,17.852,-22.529,331.277,0.000,0.000,289.053,1,80.000,12.000,20,0.250,0.100,200000,false,true,false,true,automatic,automatic,automatic,automatic,automatic,automatic,0,0,0,0,0,32,160,0,both,60,8331262008288669219,17036585647265425869,9418645314513683138,8126031534685439648,726391118472711587,200000,0,0,0,130.732,199999,1610386,0,168966,31033,199997,14004,7137,14004,0,9700,233963,199999,33634,4676,165578,0,62401,137598,38885,4677,4677,0,0,0,0,10483368,0,8,160,0,160,0,0,0,0,865,5,5,1725,0,0,865,16,147.085,140.411,8.594,2.825,31.116,0.000,0.000,0.000,0.000,0.000,41.104,0.193,1.203,0.317,0.006,5.013,24.341,0.000,0.000,7.748,41.110,0.000,11.766,43.926,10.723,0.000,68.150,33.940,11.766,0.000,20,automatic,parallelFullRefresh,none,incremental,fullAllCurrentEntries,notApplicable,0,8,33776,0,2.573,0.252,0.000,81554,12.740,2.825,automatic,parallelFullRefresh,none,incremental,fullAllCurrentEntries,notApplicable,0,8,195350,0,6.327,1.420,0.000,84024,15.742,7.748,automatic,parallelAssisted,none,incremental,notApplicable,incremental,0,5,881,0,0.000,0.000,0.025,0,0.000,31.098,serialImmediate,serialImmediate,none,incremental,notApplicable,incremental,1,1,195350,0,0.000,0.000,0.000,0,0.000,41.104,automatic,parallelDirty,none,notApplicable,notApplicable,incremental,0,8,0,62401,0.000,0.000,0.000,0,0.000,11.766,dirtyRange,dirtyRange,none,notApplicable,notApplicable,incremental,1,1,0,38885,0.000,0.000,0.000,0,0.000,10.723
Data-Oriented CPU ROAM,0,1,4,RelWithDebInfo,OpenGL,NVIDIA GeForce RTX 5090 D/PCIe/SSE2,4.1.0 NVIDIA 591.86,false,assets/heightmaps/Hm_Terrain_Peking_513.png,547,547,600000,200000,1,60,64,0.952,19.930,55.423,18.310,-17.096,303.569,0.000,0.000,276.666,1,80.000,12.000,20,0.250,0.100,200000,false,true,false,true,automatic,automatic,automatic,automatic,automatic,automatic,0,0,0,0,0,32,160,0,both,61,13343772191717118949,14069151452979917280,891199421083777342,5218615008927743311,9792374462707050516,200000,0,0,0,127.882,200000,1613714,0,166572,33428,199998,15077,7673,15076,0,10051,233913,200000,33628,5205,178779,0,61088,138912,38471,5206,5206,0,0,0,0,10262784,0,8,160,0,160,0,0,0,0,850,4,4,1692,0,0,850,8,138.779,99.466,8.436,2.691,29.975,0.000,0.000,0.000,0.000,0.000,42.239,0.223,1.211,0.329,0.004,4.957,23.201,0.000,0.000,6.530,42.242,0.000,10.319,38.585,9.487,0.000,68.484,32.666,10.319,0.000,20,automatic,parallelFullRefresh,none,incremental,fullAllCurrentEntries,notApplicable,0,8,33634,0,2.369,0.322,0.000,88320,13.027,2.691,automatic,parallelFullRefresh,none,incremental,fullAllCurrentEntries,notApplicable,0,8,195338,0,5.449,1.081,0.000,90459,15.111,6.530,automatic,parallelAssisted,none,incremental,notApplicable,incremental,0,4,858,0,0.000,0.000,0.035,0,0.000,29.961,serialImmediate,serialImmediate,none,incremental,notApplicable,incremental,1,1,195338,0,0.000,0.000,0.000,0,0.000,42.239,automatic,parallelDirty,none,notApplicable,notApplicable,incremental,0,8,0,61088,0.000,0.000,0.000,0,0.000,10.319,dirtyRange,dirtyRange,none,notApplicable,notApplicable,incremental,1,1,0,38471,0.000,0.000,0.000,0,0.000,9.487
Data-Oriented CPU ROAM,0,1,4,RelWithDebInfo,OpenGL,NVIDIA GeForce RTX 5090 D/PCIe/SSE2,4.1.0 NVIDIA 591.86,false,assets/heightmaps/Hm_Terrain_Peking_513.png,547,547,600000,200000,1,61,64,0.968,20.223,56.850,18.835,-11.492,292.998,0.000,0.000,270.579,1,80.000,12.000,20,0.250,0.100,200000,false,true,false,true,automatic,automatic,automatic,automatic,automatic,automatic,0,0,0,0,0,32,160,0,both,62,8372586506375347726,14119568360212279838,14426469115822831624,2722030401704860053,14359339353071339021,200000,0,0,0,128.231,200000,1616254,0,165500,34500,199998,15566,7957,15566,0,11036,233818,200000,33577,5724,182543,0,64316,135684,39627,5725,5725,0,0,0,0,10805088,0,8,160,0,160,0,0,0,0,685,9,8,1362,0,0,685,53,131.035,126.353,8.273,2.770,29.555,0.000,0.000,0.000,0.000,0.000,39.378,0.192,0.937,0.206,0.005,4.017,24.143,0.000,0.000,6.949,39.383,0.000,11.475,32.629,10.757,0.000,66.936,32.325,11.475,0.000,20,automatic,parallelFullRefresh,none,incremental,fullAllCurrentEntries,notApplicable,0,8,33628,0,2.469,0.300,0.000,89147,12.242,2.770,automatic,parallelFullRefresh,none,incremental,fullAllCurrentEntries,notApplicable,0,8,195859,0,5.777,1.172,0.000,93396,14.771,6.949,automatic,parallelAssisted,none,incremental,notApplicable,incremental,0,8,738,0,0.000,0.000,0.034,0,0.000,29.534,serialImmediate,serialImmediate,none,incremental,notApplicable,incremental,1,1,195859,0,0.000,0.000,0.000,0,0.000,39.378,automatic,parallelDirty,none,notApplicable,notApplicable,incremental,0,8,0,64316,0.000,0.000,0.000,0,0.000,11.475,dirtyRange,dirtyRange,none,notApplicable,notApplicable,incremental,1,1,0,39627,0.000,0.000,0.000,0,0.000,10.757
Data-Oriented CPU ROAM,0,1,4,RelWithDebInfo,OpenGL,NVIDIA GeForce RTX 5090 D/PCIe/SSE2,4.1.0 NVIDIA 591.86,false,assets/heightmaps/Hm_Terrain_Peking_513.png,547,547,599997,199999,1,62,64,0.984,20.507,57.712,19.406,-5.775,284.740,0.000,0.000,266.559,1,80.000,12.000,20,0.250,0.100,200000,false,true,false,true,automatic,automatic,automatic,automatic,automatic,automatic,0,0,0,0,0,32,160,0,both,63,15462728897452778546,17556954218125128268,10514257532688027711,2882623353378495332,7629037389415132472,200000,0,0,0,123.434,199999,1618198,0,164729,35270,199997,15774,8075,15775,0,10961,233768,199999,33552,6164,184632,0,65506,134493,39871,6165,6165,0,0,0,0,11005008,0,8,160,0,160,0,0,0,0,591,7,7,1176,0,0,591,31,132.501,97.522,8.290,2.820,29.762,0.000,0.000,0.000,0.000,0.000,41.938,0.183,0.719,0.167,0.005,3.377,25.265,0.000,0.000,6.844,41.942,0.000,11.829,31.013,10.052,0.000,70.965,32.582,11.829,0.000,20,automatic,parallelFullRefresh,none,incremental,fullAllCurrentEntries,notApplicable,0,8,33577,0,2.523,0.297,0.000,89985,12.675,2.820,automatic,parallelFullRefresh,none,incremental,fullAllCurrentEntries,notApplicable,0,8,196570,0,5.441,1.403,0.000,94647,15.383,6.844,automatic,parallelAssisted,none,incremental,notApplicable,incremental,0,7,622,0,0.000,0.000,0.028,0,0.000,29.745,serialImmediate,serialImmediate,none,incremental,notApplicable,incremental,1,1,196570,0,0.000,0.000,0.000,0,0.000,41.938,automatic,parallelDirty,none,notApplicable,notApplicable,incremental,0,8,0,65506,0.000,0.000,0.000,0,0.000,11.829,dirtyRange,dirtyRange,none,notApplicable,notApplicable,incremental,1,1,0,39871,0.000,0.000,0.000,0,0.000,10.052
Data-Oriented CPU ROAM,0,1,4,RelWithDebInfo,OpenGL,NVIDIA GeForce RTX 5090 D/PCIe/SSE2,4.1.0 NVIDIA 591.86,false,assets/heightmaps/Hm_Terrain_Peking_513.png,547,547,599997,199999,1,63,64,1.000,20.796,58.000,20.000,0.000,289.072,0.000,0.000,285.761,1,80.000,12.000,20,0.250,0.100,200000,false,true,false,true,automatic,automatic,automatic,automatic,automatic,automatic,0,0,0,0,0,32,160,0,both,64,9284411679429003475,5977180557121830227,17573036779925616676,14568819671399765506,5677462786853086169,200000,0,0,0,145.565,199999,1618198,0,167506,32493,199997,14236,7228,14236,0,10920,233858,199999,33558,5846,169606,0,62158,137841,38941,5847,5847,0,0,0,0,10442544,0,8,160,0,160,0,0,0,0,465,5,5,929,0,0,465,12,129.367,141.730,8.854,2.663,26.400,0.000,0.000,0.000,0.000,0.000,36.679,0.129,0.637,0.143,0.004,2.276,23.166,0.000,0.000,6.947,36.683,0.000,11.535,36.284,10.007,0.000,64.682,29.063,11.535,0.000,20,automatic,parallelFullRefresh,none,incremental,fullAllCurrentEntries,notApplicable,0,8,33552,0,2.366,0.297,0.000,84190,11.672,2.663,automatic,parallelFullRefresh,none,incremental,fullAllCurrentEntries,notApplicable,0,8,197480,0,5.759,1.188,0.000,85416,13.325,6.947,automatic,parallelAssisted,none,incremental,notApplicable,incremental,0,5,477,0,0.000,0.000,0.030,0,0.000,26.386,serialImmediate,serialImmediate,none,incremental,notApplicable,incremental,1,1,197480,0,0.000,0.000,0.000,0,0.000,36.679,automatic,parallelDirty,none,notApplicable,notApplicable,incremental,0,8,0,62158,0.000,0.000,0.000,0,0.000,11.535,dirtyRange,dirtyRange,none,notApplicable,notApplicable,incremental,1,1,0,38941,0.000,0.000,0.000,0,0.000,10.007
Classic CPU ROAM,1,1,4,RelWithDebInfo,OpenGL,NVIDIA GeForce RTX 5090 D/PCIe/SSE2,4.1.0 NVIDIA 591.86,false,assets/heightmaps/Hm_Terrain_Peking_513.png,547,547,600000,200000,1,0,64,0.000,0.000,58.000,20.000,0.000,1406.688,0.000,0.000,1217.929,1,80.000,12.000,20,0.250,0.100,200000,false,true,false,true,automatic,automatic,automatic,automatic,automatic,automatic,0,0,0,0,0,32,160,0,both,1,14098304620420485230,7588432357280601828,4475650156416630638,220946018676980248,18112605446491640586,200000,0,0,0,181.949,200000,399998,0,0,200000,199998,199998,99941,0,0,100736,233559,200000,33559,0,1369743,1,200000,0,1,0,796,0,0,0,0,33600000,0,1,0,0,0,0,0,0,0,0,0,0,0,0,0,0,0,1031.074,99.179,145.357,0.000,0.000,0.000,0.000,0.000,0.000,0.000,601.828,0.000,0.000,0.000,0.000,0.000,0.000,0.000,0.000,0.001,601.828,0.000,201.226,82.661,4.812,0.000,601.828,0.000,201.226,0.000,20,automatic,serialFullRefresh,noWork,incremental,fullAllCurrentEntries,notApplicable,1,0,0,0,0.000,0.000,0.000,769747,41.186,0.000,automatic,serialFullRefresh,none,incremental,fullAllCurrentEntries,notApplicable,1,1,2,0,0.000,0.000,0.000,599996,135.264,0.001,automatic,serialImmediate,noWork,incremental,notApplicable,incremental,1,0,0,0,0.000,0.000,0.000,0,0.000,0.000,automatic,serialImmediate,none,incremental,notApplicable,incremental,1,1,2,0,0.000,0.000,0.000,0,0.000,601.828,automatic,serialDirty,none,notApplicable,notApplicable,full,1,1,0,200000,0.000,0.000,0.000,0,0.000,201.226,fullBuffer,fullBuffer,none,notApplicable,notApplicable,full,1,1,0,1,0.000,0.000,0.000,0,0.000,4.812
Classic CPU ROAM,1,1,4,RelWithDebInfo,OpenGL,NVIDIA GeForce RTX 5090 D/PCIe/SSE2,4.1.0 NVIDIA 591.86,false,assets/heightmaps/Hm_Terrain_Peking_513.png,547,547,600000,200000,1,1,64,0.016,1.224,57.712,20.594,5.775,1224.301,0.000,0.000,443.438,1,80.000,12.000,20,0.250,0.100,200000,false,true,false,true,automatic,automatic,automatic,automatic,automatic,automatic,0,0,0,0,0,32,160,0,both,2,8659342411541577262,5676548594320867845,10548495358431706607,2033869471460259257,16296112369851061948,200000,0,0,0,184.986,200000,427218,0,169609,30391,199998,13610,6871,13610,0,11194,233748,200000,33615,5943,158530,0,200000,0,1,0,4214,0,0,0,0,33600000,0,1,0,0,0,0,0,0,0,0,0,0,0,0,0,0,0,253.340,99.796,9.619,17.363,26.772,0.000,0.000,0.000,0.000,0.000,38.832,0.000,0.000,0.000,0.000,0.000,0.000,0.000,0.000,52.762,38.832,0.000,45.098,62.891,5.025,0.000,91.594,44.135,45.098,0.000,20,automatic,serialFullRefresh,none,incremental,fullAllCurrentEntries,notApplicable,1,1,33559,0,17.011,0.352,0.000,76870,9.100,17.363,automatic,serialFullRefresh,none,incremental,fullAllCurrentEntries,notApplicable,1,1,200000,0,50.455,2.307,0.000,81660,10.835,52.762,automatic,serialImmediate,none,incremental,notApplicable,incremental,1,1,33559,0,0.000,0.000,0.000,0,0.000,26.772,automatic,serialImmediate,none,incremental,notApplicable,incremental,1,1,200000,0,0.000,0.000,0.000,0,0.000,38.832,automatic,serialDirty,none,notApplicable,notApplicable,incremental,1,1,0,200000,0.000,0.000,0.000,0,0.000,45.098,dirtyRange,dirtyRange,none,notApplicable,notApplicable,incremental,1,1,0,1,0.000,0.000,0.000,0,0.000,5.025
Classic CPU ROAM,1,1,4,RelWithDebInfo,OpenGL,NVIDIA GeForce RTX 5090 D/PCIe/SSE2,4.1.0 NVIDIA 591.86,false,assets/heightmaps/Hm_Terrain_Peking_513.png,547,547,600000,200000,1,2,64,0.032,1.674,56.850,21.165,11.492,449.298,0.000,0.000,456.017,1,80.000,12.000,20,0.250,0.100,200000,false,true,false,true,automatic,automatic,automatic,automatic,automatic,automatic,0,0,0,0,0,32,160,0,both,3,7288431114370965623,5961076052088102992,16527254313496818514,6724886879837742002,16258003530702147075,200000,0,0,0,190.430,200000,455332,0,168835,31165,199998,14461,7346,14461,0,10778,233842,200000,33715,4236,171124,0,57287,142713,16130,0,3417,0,0,0,0,9624216,0,1,0,0,0,0,0,0,0,0,0,0,0,0,0,0,0,260.453,97.010,9.882,17.374,31.591,0.000,0.000,0.000,0.000,0.000,53.945,0.000,0.000,0.000,0.000,0.000,0.000,0.000,0.000,51.737,53.945,0.000,30.660,65.262,4.964,0.000,105.682,48.965,30.660,0.000,20,automatic,serialFullRefresh,none,incremental,fullAllCurrentEntries,notApplicable,1,1,33615,0,16.918,0.456,0.000,84358,12.193,17.374,automatic,serialFullRefresh,none,incremental,fullAllCurrentEntries,notApplicable,1,1,200000,0,49.940,1.797,0.000,86766,15.016,51.737,automatic,serialImmediate,none,incremental,notApplicable,incremental,1,1,33615,0,0.000,0.000,0.000,0,0.000,31.591,automatic,serialImmediate,none,incremental,notApplicable,incremental,1,1,200000,0,0.000,0.000,0.000,0,0.000,53.945,automatic,serialDirty,none,notApplicable,notApplicable,incremental,1,1,0,57287,0.000,0.000,0.000,0,0.000,30.660,dirtyRange,dirtyRange,none,notApplicable,notApplicable,incremental,1,1,0,16130,0.000,0.000,0.000,0,0.000,4.964
Classic CPU ROAM,1,1,4,RelWithDebInfo,OpenGL,NVIDIA GeForce RTX 5090 D/PCIe/SSE2,4.1.0 NVIDIA 591.86,false,assets/heightmaps/Hm_Terrain_Peking_513.png,547,547,600000,200000,1,3,64,0.048,2.138,55.423,21.690,17.096,464.716,0.000,0.000,452.703,1,80.000,12.000,20,0.250,0.100,200000,false,true,false,true,automatic,automatic,automatic,automatic,automatic,automatic,0,0,0,0,0,32,160,0,both,4,7278823686050491780,7783645792805644058,10169010371920852236,15164778180041910628,3893915685971796344,200000,0,0,0,198.094,200000,484580,0,167824,32176,199998,15341,7854,15341,0,10283,234092,200000,33927,3881,183466,0,59267,140733,17276,0,2345,0,0,0,0,9956856,0,1,0,0,0,0,0,0,0,0,0,0,0,0,0,0,0,249.602,97.703,9.455,16.711,27.081,0.000,0.000,0.000,0.000,0.000,53.399,0.000,0.000,0.000,0.000,0.000,0.000,0.000,0.000,48.471,53.399,0.000,30.983,63.500,4.872,0.000,101.870,43.792,30.983,0.000,20,automatic,serialFullRefresh,none,incremental,fullAllCurrentEntries,notApplicable,1,1,33715,0,16.380,0.331,0.000,91420,11.654,16.711,automatic,serialFullRefresh,none,incremental,fullAllCurrentEntries,notApplicable,1,1,200000,0,46.569,1.902,0.000,92046,13.516,48.471,automatic,serialImmediate,none,incremental,notApplicable,incremental,1,1,33715,0,0.000,0.000,0.000,0,0.000,27.081,automatic,serialImmediate,none,incremental,notApplicable,incremental,1,1,200000,0,0.000,0.000,0.000,0,0.000,53.399,automatic,serialDirty,none,notApplicable,notApplicable,incremental,1,1,0,59267,0.000,0.000,0.000,0,0.000,30.983,dirtyRange,dirtyRange,none,notApplicable,notApplicable,incremental,1,1,0,17276,0.000,0.000,0.000,0,0.000,4.872
Classic CPU ROAM,1,1,4,RelWithDebInfo,OpenGL,NVIDIA GeForce RTX 5090 D/PCIe/SSE2,4.1.0 NVIDIA 591.86,false,assets/heightmaps/Hm_Terrain_Peking_513.png,547,547,600000,200000,1,4,64,0.063,2.601,53.446,22.148,22.529,462.685,0.000,0.000,458.901,1,80.000,12.000,20,0.250,0.100,200000,false,true,false,true,automatic,automatic,automatic,automatic,automatic,automatic,0,0,0,0,0,32,160,0,both,5,8205201682360257472,5476619637919345177,6867597602109571887,11864242824289070427,11684388553975355323,200000,0,0,0,189.564,200000,515876,0,165095,34905,199998,16557,8422,16557,0,10568,234322,200000,34140,4242,200383,0,60474,139526,17356,0,2090,0,0,0,0,10159632,0,1,0,0,0,0,0,0,0,0,0,0,0,0,0,0,0,262.690,100.167,9.949,19.575,29.438,0.000,0.000,0.000,0.000,0.000,51.126,0.000,0.000,0.000,0.000,0.000,0.000,0.000,0.000,57.108,51.126,0.000,31.403,64.090,6.461,0.000,108.234,49.013,31.403,0.000,20,automatic,serialFullRefresh,none,incremental,fullAllCurrentEntries,notApplicable,1,1,33927,0,19.149,0.426,0.000,101041,12.477,19.575,automatic,serialFullRefresh,none,incremental,fullAllCurrentEntries,notApplicable,1,1,200000,0,54.612,2.496,0.000,99342,14.020,57.108,automatic,serialImmediate,none,incremental,notApplicable,incremental,1,1,33927,0,0.000,0.000,0.000,0,0.000,29.438,automatic,serialImmediate,none,incremental,notApplicable,incremental,1,1,200000,0,0.000,0.000,0.000,0,0.000,51.126,automatic,serialDirty,none,notApplicable,notApplicable,incremental,1,1,0,60474,0.000,0.000,0.000,0,0.000,31.403,dirtyRange,dirtyRange,none,notApplicable,notApplicable,incremental,1,1,0,17356,0.000,0.000,0.000,0,0.000,6.461
Classic CPU ROAM,1,1,4,RelWithDebInfo,OpenGL,NVIDIA GeForce RTX 5090 D/PCIe/SSE2,4.1.0 NVIDIA 591.86,false,assets/heightmaps/Hm_Terrain_Peking_513.png,547,547,600000,200000,1,5,64,0.079,3.066,50.937,22.520,27.739,464.854,0.000,0.000,480.579,1,80.000,12.000,20,0.250,0.100,200000,false,true,false,true,automatic,automatic,automatic,automatic,automatic,automatic,0,0,0,0,0,32,160,0,both,6,6609361805166375492,2504589822901756120,6770990170278849198,10093601637157656392,9059139974614888873,200000,0,0,0,215.700,200000,545954,0,165660,34340,199998,16443,8347,16443,0,9524,234477,200000,34173,3967,195671,0,60671,139329,18051,0,1110,0,0,0,0,10192728,0,1,0,0,0,0,0,0,0,0,0,0,0,0,0,0,0,256.588,99.228,8.138,18.722,31.357,0.000,0.000,0.000,0.000,0.000,54.281,0.000,0.000,0.000,0.000,0.000,0.000,0.000,0.000,53.235,54.281,0.000,29.430,61.425,8.133,0.000,107.516,50.079,29.430,0.000,20,automatic,serialFullRefresh,none,incremental,fullAllCurrentEntries,notApplicable,1,1,34140,0,18.398,0.324,0.000,97013,12.692,18.722,automatic,serialFullRefresh,none,incremental,fullAllCurrentEntries,notApplicable,1,1,200000,0,50.905,2.330,0.000,98658,14.368,53.235,automatic,serialImmediate,none,incremental,notApplicable,incremental,1,1,34140,0,0.000,0.000,0.000,0,0.000,31.357,automatic,serialImmediate,none,incremental,notApplicable,incremental,1,1,200000,0,0.000,0.000,0.000,0,0.000,54.281,automatic,serialDirty,none,notApplicable,notApplicable,incremental,1,1,0,60671,0.000,0.000,0.000,0,0.000,29.430,dirtyRange,dirtyRange,none,notApplicable,notApplicable,incremental,1,1,0,18051,0.000,0.000,0.000,0,0.000,8.133
Classic CPU ROAM,1,1,4,RelWithDebInfo,OpenGL,NVIDIA GeForce RTX 5090 D/PCIe/SSE2,4.1.0 NVIDIA 591.86,false,assets/heightmaps/Hm_Terrain_Peking_513.png,547,547,600000,200000,1,6,64,0.095,3.554,47.922,22.793,32.673,488.145,0.000,0.000,494.251,1,80.000,12.000,20,0.250,0.100,200000,false,true,false,true,automatic,automatic,automatic,automatic,automatic,automatic,0,0,0,0,0,32,160,0,both,7,7460550267756605755,18016422774971089556,5595370295677071714,1887302360835562973,16791176934949813065,200000,0,0,0,200.826,200000,573734,0,167387,32613,199998,15473,7848,15473,0,10312,234509,200000,34107,4324,183782,0,60188,139812,18610,0,2455,0,0,0,0,10111584,0,1,0,0,0,0,0,0,0,0,0,0,0,0,0,0,0,287.107,99.241,16.449,21.309,30.166,0.000,0.000,0.000,0.000,0.000,54.020,0.000,0.000,0.000,0.000,0.000,0.000,0.000,0.000,54.015,54.020,0.000,35.295,75.851,6.088,0.000,108.035,51.474,35.295,0.000,20,automatic,serialFullRefresh,none,incremental,fullAllCurrentEntries,notApplicable,1,1,34173,0,20.763,0.546,0.000,90944,11.928,21.309,automatic,serialFullRefresh,none,incremental,fullAllCurrentEntries,notApplicable,1,1,200000,0,51.321,2.694,0.000,92838,14.915,54.015,automatic,serialImmediate,none,incremental,notApplicable,incremental,1,1,34173,0,0.000,0.000,0.000,0,0.000,30.166,automatic,serialImmediate,none,incremental,notApplicable,incremental,1,1,200000,0,0.000,0.000,0.000,0,0.000,54.020,automatic,serialDirty,none,notApplicable,notApplicable,incremental,1,1,0,60188,0.000,0.000,0.000,0,0.000,35.295,dirtyRange,dirtyRange,none,notApplicable,notApplicable,incremental,1,1,0,18610,0.000,0.000,0.000,0,0.000,6.088
Classic CPU ROAM,1,1,4,RelWithDebInfo,OpenGL,NVIDIA GeForce RTX 5090 D/PCIe/SSE2,4.1.0 NVIDIA 591.86,false,assets/heightmaps/Hm_Terrain_Peking_513.png,547,547,600000,200000,1,7,64,0.111,4.057,44.431,22.954,37.282,503.397,0.000,0.000,486.271,1,80.000,12.000,20,0.250,0.100,200000,false,true,false,true,automatic,automatic,automatic,automatic,automatic,automatic,0,0,0,0,0,32,160,0,both,8,14529096079396744546,7783257179921695138,15440299088060168580,17719311066879858208,4013228348692373109,200000,0,0,0,204.677,200000,601084,0,166276,33724,199998,15848,8037,15848,0,10047,234498,200000,34174,5324,189925,0,61733,138267,19821,0,1978,0,0,0,0,10371144,0,1,0,0,0,0,0,0,0,0,0,0,0,0,0,0,0,275.359,100.878,10.469,17.920,34.052,0.000,0.000,0.000,0.000,0.000,52.894,0.000,0.000,0.000,0.000,0.000,0.000,0.000,0.000,55.021,52.894,0.000,36.441,68.561,6.035,0.000,107.914,51.973,36.441,0.000,20,automatic,serialFullRefresh,none,incremental,fullAllCurrentEntries,notApplicable,1,1,34107,0,17.442,0.478,0.000,94837,11.894,17.920,automatic,serialFullRefresh,none,incremental,fullAllCurrentEntries,notApplicable,1,1,200000,0,53.205,1.816,0.000,95088,14.979,55.021,automatic,serialImmediate,none,incremental,notApplicable,incremental,1,1,34107,0,0.000,0.000,0.000,0,0.000,34.052,automatic,serialImmediate,none,incremental,notApplicable,incremental,1,1,200000,0,0.000,0.000,0.000,0,0.000,52.894,automatic,serialDirty,none,notApplicable,notApplicable,incremental,1,1,0,61733,0.000,0.000,0.000,0,0.000,36.441,dirtyRange,dirtyRange,none,notApplicable,notApplicable,incremental,1,1,0,19821,0.000,0.000,0.000,0,0.000,6.035
Classic CPU ROAM,1,1,4,RelWithDebInfo,OpenGL,NVIDIA GeForce RTX 5090 D/PCIe/SSE2,4.1.0 NVIDIA 591.86,false,assets/heightmaps/Hm_Terrain_Peking_513.png,547,547,600000,200000,1,8,64,0.127,4.555,40.498,22.999,41.520,497.432,0.000,0.000,488.316,1,80.000,12.000,20,0.250,0.100,200000,false,true,false,true,automatic,automatic,automatic,automatic,automatic,automatic,0,0,0,0,0,32,160,0,both,9,968169493307022999,5135072663637782232,15116215542321801954,1656205033384040152,7512965574802719500,200000,0,0,0,199.232,200000,627902,0,165946,34054,199998,16041,8141,16041,0,11505,234356,200000,34197,6160,186703,0,64076,135924,21380,0,3283,0,0,0,0,10764768,0,1,0,0,0,0,0,0,0,0,0,0,0,0,0,0,0,283.154,100.385,10.298,20.201,35.662,0.000,0.000,0.000,0.000,0.000,53.158,0.000,0.000,0.000,0.000,0.000,0.000,0.000,0.000,57.638,53.158,0.000,34.950,71.244,5.719,0.000,110.796,55.863,34.950,0.000,20,automatic,serialFullRefresh,none,incremental,fullAllCurrentEntries,notApplicable,1,1,34174,0,19.738,0.463,0.000,90457,11.647,20.201,automatic,serialFullRefresh,none,incremental,fullAllCurrentEntries,notApplicable,1,1,200000,0,55.201,2.438,0.000,96246,15.034,57.638,automatic,serialImmediate,none,incremental,notApplicable,incremental,1,1,34174,0,0.000,0.000,0.000,0,0.000,35.662,automatic,serialImmediate,none,incremental,notApplicable,incremental,1,1,200000,0,0.000,0.000,0.000,0,0.000,53.158,automatic,serialDirty,none,notApplicable,notApplicable,incremental,1,1,0,64076,0.000,0.000,0.000,0,0.000,34.950,dirtyRange,dirtyRange,none,notApplicable,notApplicable,incremental,1,1,0,21380,0.000,0.000,0.000,0,0.000,5.719
Classic CPU ROAM,1,1,4,RelWithDebInfo,OpenGL,NVIDIA GeForce RTX 5090 D/PCIe/SSE2,4.1.0 NVIDIA 591.86,false,assets/heightmaps/Hm_Terrain_Peking_513.png,547,547,600000,200000,1,9,64,0.143,5.056,36.162,22.925,45.346,500.909,0.000,0.000,468.246,1,80.000,12.000,20,0.250,0.100,200000,false,true,false,true,automatic,automatic,automatic,automatic,automatic,automatic,0,0,0,0,0,32,160,0,both,10,10126486524086268068,7476314301335915409,1773988661892439131,15736429493067664842,5990875151958568208,200000,0,0,0,196.855,200000,654594,0,164293,35707,199998,16361,8241,16361,0,12314,234311,200000,34044,6795,189921,0,65256,134744,22114,0,4015,0,0,0,0,10963008,0,1,0,0,0,0,0,0,0,0,0,0,0,0,0,0,0,264.755,98.115,9.876,19.283,31.964,0.000,0.000,0.000,0.000,0.000,44.864,0.000,0.000,0.000,0.000,0.000,0.000,0.000,0.000,56.003,44.864,0.000,33.226,69.537,6.331,0.000,100.867,51.247,33.226,0.000,20,automatic,serialFullRefresh,none,incremental,fullAllCurrentEntries,notApplicable,1,1,34197,0,19.000,0.283,0.000,91755,10.545,19.283,automatic,serialFullRefresh,none,incremental,fullAllCurrentEntries,notApplicable,1,1,200000,0,53.651,2.352,0.000,98166,13.185,56.003,automatic,serialImmediate,none,incremental,notApplicable,incremental,1,1,34197,0,0.000,0.000,0.000,0,0.000,31.964,automatic,serialImmediate,none,incremental,notApplicable,incremental,1,1,200000,0,0.000,0.000,0.000,0,0.000,44.864,automatic,serialDirty,none,notApplicable,notApplicable,incremental,1,1,0,65256,0.000,0.000,0.000,0,0.000,33.226,dirtyRange,dirtyRange,none,notApplicable,notApplicable,incremental,1,1,0,22114,0.000,0.000,0.000,0,0.000,6.331
Classic CPU ROAM,1,1,4,RelWithDebInfo,OpenGL,NVIDIA GeForce RTX 5090 D/PCIe/SSE2,4.1.0 NVIDIA 591.86,false,assets/heightmaps/Hm_Terrain_Peking_513.png,547,547,600000,200000,1,10,64,0.159,5.533,31.468,22.735,48.722,476.931,0.000,0.000,490.368,1,80.000,12.000,20,0.250,0.100,200000,false,true,false,true,automatic,automatic,automatic,automatic,automatic,automatic,0,0,0,0,0,32,160,0,both,11,14171297774235295312,11966640825832472449,2936329696377599435,4770062035309081603,3236808997738095582,200000,0,0,0,210.307,200000,678674,0,165628,34372,199998,15540,7903,15540,0,11408,234064,200000,33859,6816,182869,0,65340,134660,22436,0,3381,0,0,0,0,10977120,0,1,0,0,0,0,0,0,0,0,0,0,0,0,0,0,0,273.598,100.053,9.210,21.085,33.943,0.000,0.000,0.000,0.000,0.000,47.257,0.000,0.000,0.000,0.000,0.000,0.000,0.000,0.000,54.672,47.257,0.000,35.422,72.006,6.183,0.000,101.929,55.028,35.422,0.000,20,automatic,serialFullRefresh,none,incremental,fullAllCurrentEntries,notApplicable,1,1,34044,0,20.673,0.412,0.000,89629,11.028,21.085,automatic,serialFullRefresh,none,incremental,fullAllCurrentEntries,notApplicable,1,1,200000,0,51.505,3.167,0.000,93240,14.290,54.672,automatic,serialImmediate,none,incremental,notApplicable,incremental,1,1,34044,0,0.000,0.000,0.000,0,0.000,33.943,automatic,serialImmediate,none,incremental,notApplicable,incremental,1,1,200000,0,0.000,0.000,0.000,0,0.000,47.257,automatic,serialDirty,none,notApplicable,notApplicable,incremental,1,1,0,65340,0.000,0.000,0.000,0,0.000,35.422,dirtyRange,dirtyRange,none,notApplicable,notApplicable,incremental,1,1,0,22436,0.000,0.000,0.000,0,0.000,6.183
Classic CPU ROAM,1,1,4,RelWithDebInfo,OpenGL,NVIDIA GeForce RTX 5090 D/PCIe/SSE2,4.1.0 NVIDIA 591.86,false,assets/heightmaps/Hm_Terrain_Peking_513.png,547,547,600000,200000,1,11,64,0.175,6.033,26.460,22.436,51.613,500.453,0.000,0.000,472.381,1,80.000,12.000,20,0.250,0.100,200000,false,true,false,true,automatic,automatic,automatic,automatic,automatic,automatic,0,0,0,0,0,32,160,0,both,12,5329564024220870867,12340233750888763166,7252207091668294264,18372975826048541638,4208975477519361793,200000,0,0,0,209.729,200000,700598,0,168154,31846,199998,14497,7420,14497,0,9680,233892,200000,33757,5778,170854,0,62969,137031,22247,0,2149,0,0,0,0,10578792,0,1,0,0,0,0,0,0,0,0,0,0,0,0,0,0,0,255.451,100.710,11.102,17.247,30.140,0.000,0.000,0.000,0.000,0.000,43.691,0.000,0.000,0.000,0.000,0.000,0.000,0.000,0.000,53.472,43.691,0.000,33.659,66.137,6.849,0.000,97.163,47.387,33.659,0.000,20,automatic,serialFullRefresh,none,incremental,fullAllCurrentEntries,notApplicable,1,1,33859,0,16.833,0.415,0.000,83872,10.265,17.247,automatic,serialFullRefresh,none,incremental,fullAllCurrentEntries,notApplicable,1,1,200000,0,50.478,2.994,0.000,86982,12.516,53.472,automatic,serialImmediate,none,incremental,notApplicable,incremental,1,1,33859,0,0.000,0.000,0.000,0,0.000,30.140,automatic,serialImmediate,none,incremental,notApplicable,incremental,1,1,200000,0,0.000,0.000,0.000,0,0.000,43.691,automatic,serialDirty,none,notApplicable,notApplicable,incremental,1,1,0,62969,0.000,0.000,0.000,0,0.000,33.659,dirtyRange,dirtyRange,none,notApplicable,notApplicable,incremental,1,1,0,22247,0.000,0.000,0.000,0,0.000,6.849
Classic CPU ROAM,1,1,4,RelWithDebInfo,OpenGL,NVIDIA GeForce RTX 5090 D/PCIe/SSE2,4.1.0 NVIDIA 591.86,false,assets/heightmaps/Hm_Terrain_Peking_513.png,547,547,600000,200000,1,12,64,0.190,6.517,21.190,22.041,53.991,484.212,0.000,0.000,474.775,1,80.000,12.000,20,0.250,0.100,200000,false,true,false,true,automatic,automatic,automatic,automatic,automatic,automatic,0,0,0,0,0,32,160,0,both,13,16935892054332587610,7985901360231321369,1171555780814262575,5796067217651964906,13209847332320952565,200000,0,0,0,200.682,200000,721738,0,168719,31281,199998,14366,7329,14366,0,9947,233943,200000,33694,5388,170215,0,59658,140342,21759,0,2583,0,0,0,0,10022544,0,1,0,0,0,0,0,0,0,0,0,0,0,0,0,0,0,267.455,100.091,10.940,18.008,33.593,0.000,0.000,0.000,0.000,0.000,48.660,0.000,0.000,0.000,0.000,0.000,0.000,0.000,0.000,57.521,48.660,0.000,31.671,67.059,6.383,0.000,106.181,51.601,31.671,0.000,20,automatic,serialFullRefresh,none,incremental,fullAllCurrentEntries,notApplicable,1,1,33757,0,17.721,0.287,0.000,84019,11.199,18.008,automatic,serialFullRefresh,none,incremental,fullAllCurrentEntries,notApplicable,1,1,200000,0,54.992,2.530,0.000,86196,14.236,57.521,automatic,serialImmediate,none,incremental,notApplicable,incremental,1,1,33757,0,0.000,0.000,0.000,0,0.000,33.593,automatic,serialImmediate,none,incremental,notApplicable,incremental,1,1,200000,0,0.000,0.000,0.000,0,0.000,48.660,automatic,serialDirty,none,notApplicable,notApplicable,incremental,1,1,0,59658,0.000,0.000,0.000,0,0.000,31.671,dirtyRange,dirtyRange,none,notApplicable,notApplicable,incremental,1,1,0,21759,0.000,0.000,0.000,0,0.000,6.383
Classic CPU ROAM,1,1,4,RelWithDebInfo,OpenGL,NVIDIA GeForce RTX 5090 D/PCIe/SSE2,4.1.0 NVIDIA 591.86,false,assets/heightmaps/Hm_Terrain_Peking_513.png,547,547,600000,200000,1,13,64,0.206,7.005,15.709,21.564,55.832,487.580,0.000,0.000,473.256,1,80.000,12.000,20,0.250,0.100,200000,false,true,false,true,automatic,automatic,automatic,automatic,automatic,automatic,0,0,0,0,0,32,160,0,both,14,14001887723358013431,16290827925674946331,11927697215920248553,7295109318311684051,1284541679729744499,200000,0,0,0,203.138,200000,745076,0,166667,33333,199998,15353,7804,15353,0,10502,233853,200000,33627,5584,178533,0,61486,138514,22564,0,2689,0,0,0,0,10329648,0,1,0,0,0,0,0,0,0,0,0,0,0,0,0,0,0,263.328,100.440,11.201,19.897,33.641,0.000,0.000,0.000,0.000,0.000,45.503,0.000,0.000,0.000,0.000,0.000,0.000,0.000,0.000,55.884,45.503,0.000,33.201,64.001,6.469,0.000,101.387,53.537,33.201,0.000,20,automatic,serialFullRefresh,none,incremental,fullAllCurrentEntries,notApplicable,1,1,33694,0,19.483,0.413,0.000,86415,10.589,19.897,automatic,serialFullRefresh,none,incremental,fullAllCurrentEntries,notApplicable,1,1,200000,0,53.011,2.873,0.000,92118,13.702,55.884,automatic,serialImmediate,none,incremental,notApplicable,incremental,1,1,33694,0,0.000,0.000,0.000,0,0.000,33.641,automatic,serialImmediate,none,incremental,notApplicable,incremental,1,1,200000,0,0.000,0.000,0.000,0,0.000,45.503,automatic,serialDirty,none,notApplicable,notApplicable,incremental,1,1,0,61486,0.000,0.000,0.000,0,0.000,33.201,dirtyRange,dirtyRange,none,notApplicable,notApplicable,incremental,1,1,0,22564,0.000,0.000,0.000,0,0.000,6.469
Classic CPU ROAM,1,1,4,RelWithDebInfo,OpenGL,NVIDIA GeForce RTX 5090 D/PCIe/SSE2,4.1.0 NVIDIA 591.86,false,assets/heightmaps/Hm_Terrain_Peking_513.png,547,547,600000,200000,1,14,64,0.222,7.491,10.072,21.026,57.119,485.830,0.000,0.000,465.146,1,80.000,12.000,20,0.250,0.100,200000,false,true,false,true,automatic,automatic,automatic,automatic,automatic,automatic,0,0,0,0,0,32,160,0,both,15,6461387322705707052,12144965187181402796,5113406298481224610,14303990471150527108,6101665858607488865,200000,0,0,0,195.137,200000,770362,0,164860,35140,199998,16206,8304,16206,0,11405,233908,200000,33565,5787,188492,0,64786,135214,23432,0,3054,0,0,0,0,10884048,0,1,0,0,0,0,0,0,0,0,0,0,0,0,0,0,0,262.331,98.992,7.843,16.311,34.095,0.000,0.000,0.000,0.000,0.000,53.600,0.000,0.000,0.000,0.000,0.000,0.000,0.000,0.000,51.036,53.600,0.000,34.746,64.699,7.312,0.000,104.636,50.406,34.746,0.000,20,automatic,serialFullRefresh,none,incremental,fullAllCurrentEntries,notApplicable,1,1,33627,0,15.936,0.375,0.000,91256,11.834,16.311,automatic,serialFullRefresh,none,incremental,fullAllCurrentEntries,notApplicable,1,1,200000,0,48.172,2.864,0.000,97236,14.419,51.036,automatic,serialImmediate,none,incremental,notApplicable,incremental,1,1,33627,0,0.000,0.000,0.000,0,0.000,34.095,automatic,serialImmediate,none,incremental,notApplicable,incremental,1,1,200000,0,0.000,0.000,0.000,0,0.000,53.600,automatic,serialDirty,none,notApplicable,notApplicable,incremental,1,1,0,64786,0.000,0.000,0.000,0,0.000,34.746,dirtyRange,dirtyRange,none,notApplicable,notApplicable,incremental,1,1,0,23432,0.000,0.000,0.000,0,0.000,7.312
Classic CPU ROAM,1,1,4,RelWithDebInfo,OpenGL,NVIDIA GeForce RTX 5090 D/PCIe/SSE2,4.1.0 NVIDIA 591.86,false,assets/heightmaps/Hm_Terrain_Peking_513.png,547,547,600000,200000,1,15,64,0.238,7.963,4.334,20.447,57.838,472.179,0.000,0.000,489.468,1,80.000,12.000,20,0.250,0.100,200000,false,true,false,true,automatic,automatic,automatic,automatic,automatic,automatic,0,0,0,0,0,32,160,0,both,16,12944171275107291116,6670645994453464754,9504741384652833372,13441994835025162607,18194931384376558163,200000,0,0,0,209.070,200000,795986,0,164929,35071,199998,16399,8303,16399,0,11699,233659,200000,33433,5579,189692,0,65492,134508,23389,0,3387,0,0,0,0,11002656,0,1,0,0,0,0,0,0,0,0,0,0,0,0,0,0,0,272.069,97.376,8.755,17.761,35.761,0.000,0.000,0.000,0.000,0.000,55.410,0.000,0.000,0.000,0.000,0.000,0.000,0.000,0.000,52.214,55.410,0.000,33.715,68.451,7.997,0.000,107.623,53.522,33.715,0.000,20,automatic,serialFullRefresh,none,incremental,fullAllCurrentEntries,notApplicable,1,1,33565,0,17.404,0.357,0.000,91298,11.543,17.761,automatic,serialFullRefresh,none,incremental,fullAllCurrentEntries,notApplicable,1,1,200000,0,49.833,2.381,0.000,98394,15.558,52.214,automatic,serialImmediate,none,incremental,notApplicable,incremental,1,1,33565,0,0.000,0.000,0.000,0,0.000,35.761,automatic,serialImmediate,none,incremental,notApplicable,incremental,1,1,200000,0,0.000,0.000,0.000,0,0.000,55.410,automatic,serialDirty,none,notApplicable,notApplicable,incremental,1,1,0,65492,0.000,0.000,0.000,0,0.000,33.715,dirtyRange,dirtyRange,none,notApplicable,notApplicable,incremental,1,1,0,23389,0.000,0.000,0.000,0,0.000,7.997
Classic CPU ROAM,1,1,4,RelWithDebInfo,OpenGL,NVIDIA GeForce RTX 5090 D/PCIe/SSE2,4.1.0 NVIDIA 591.86,false,assets/heightmaps/Hm_Terrain_Peking_513.png,547,547,600000,200000,1,16,64,0.254,8.460,-1.446,19.850,57.982,496.977,0.000,0.000,464.181,1,80.000,12.000,20,0.250,0.100,200000,false,true,false,true,automatic,automatic,automatic,automatic,automatic,automatic,0,0,0,0,0,32,160,0,both,17,108896495127271535,3505936785992697936,13213597493490085694,13492103954664496713,4457614681459694059,200000,0,0,0,193.689,200000,822450,0,165144,34856,199998,15856,7931,15856,0,10374,233705,200000,33504,5256,187341,0,63732,136268,23059,0,2434,0,0,0,0,10706976,0,1,0,0,0,0,0,0,0,0,0,0,0,0,0,0,0,263.064,99.156,10.180,18.898,34.915,0.000,0.000,0.000,0.000,0.000,52.046,0.000,0.000,0.000,0.000,0.000,0.000,0.000,0.000,51.235,52.046,0.000,31.420,64.370,7.111,0.000,103.281,53.813,31.420,0.000,20,automatic,serialFullRefresh,none,incremental,fullAllCurrentEntries,notApplicable,1,1,33433,0,18.478,0.420,0.000,92205,11.940,18.898,automatic,serialFullRefresh,none,incremental,fullAllCurrentEntries,notApplicable,1,1,200000,0,49.583,1.652,0.000,95136,15.345,51.235,automatic,serialImmediate,none,incremental,notApplicable,incremental,1,1,33433,0,0.000,0.000,0.000,0,0.000,34.915,automatic,serialImmediate,none,incremental,notApplicable,incremental,1,1,200000,0,0.000,0.000,0.000,0,0.000,52.046,automatic,serialDirty,none,notApplicable,notApplicable,incremental,1,1,0,63732,0.000,0.000,0.000,0,0.000,31.420,dirtyRange,dirtyRange,none,notApplicable,notApplicable,incremental,1,1,0,23059,0.000,0.000,0.000,0,0.000,7.111
Classic CPU ROAM,1,1,4,RelWithDebInfo,OpenGL,NVIDIA GeForce RTX 5090 D/PCIe/SSE2,4.1.0 NVIDIA 591.86,false,assets/heightmaps/Hm_Terrain_Peking_513.png,547,547,600000,200000,1,17,64,0.270,8.933,-7.212,19.260,57.550,472.757,0.000,0.000,485.900,1,80.000,12.000,20,0.250,0.100,200000,false,true,false,true,automatic,automatic,automatic,automatic,automatic,automatic,0,0,0,0,0,32,160,0,both,18,3588831899230453524,2619533410868196136,5496134482746366190,13034177524068930537,9393088654783457509,200000,0,0,0,211.904,200000,847026,0,168379,31621,199998,14299,7231,14299,0,9719,233572,200000,33442,5127,167228,0,61081,138919,22445,0,2484,0,0,0,0,10261608,0,1,0,0,0,0,0,0,0,0,0,0,0,0,0,0,0,266.172,101.279,8.853,17.618,31.056,0.000,0.000,0.000,0.000,0.000,50.792,0.000,0.000,0.000,0.000,0.000,0.000,0.000,0.000,57.051,50.792,0.000,29.205,71.595,7.572,0.000,107.843,48.674,29.205,0.000,20,automatic,serialFullRefresh,none,incremental,fullAllCurrentEntries,notApplicable,1,1,33504,0,17.206,0.412,0.000,81434,11.192,17.618,automatic,serialFullRefresh,none,incremental,fullAllCurrentEntries,notApplicable,1,1,200000,0,54.854,2.197,0.000,85794,14.841,57.051,automatic,serialImmediate,none,incremental,notApplicable,incremental,1,1,33504,0,0.000,0.000,0.000,0,0.000,31.056,automatic,serialImmediate,none,incremental,notApplicable,incremental,1,1,200000,0,0.000,0.000,0.000,0,0.000,50.792,automatic,serialDirty,none,notApplicable,notApplicable,incremental,1,1,0,61081,0.000,0.000,0.000,0,0.000,29.205,dirtyRange,dirtyRange,none,notApplicable,notApplicable,incremental,1,1,0,22445,0.000,0.000,0.000,0,0.000,7.572
Classic CPU ROAM,1,1,4,RelWithDebInfo,OpenGL,NVIDIA GeForce RTX 5090 D/PCIe/SSE2,4.1.0 NVIDIA 591.86,false,assets/heightmaps/Hm_Terrain_Peking_513.png,547,547,600000,200000,1,18,64,0.286,9.425,-12.906,18.698,56.546,492.263,0.000,0.000,509.002,1,80.000,12.000,20,0.250,0.100,200000,false,true,false,true,automatic,automatic,automatic,automatic,automatic,automatic,0,0,0,0,0,32,160,0,both,19,11765761320066413723,6794682377720560234,2272792061998874864,15482843154462386586,13748637916083657185,200000,0,0,0,224.938,200000,871614,0,167594,32406,199998,14982,7663,14982,0,10545,233779,200000,33658,4708,176364,0,60007,139993,22180,0,2845,0,0,0,0,10081176,0,1,0,0,0,0,0,0,0,0,0,0,0,0,0,0,0,277.117,99.545,9.239,19.651,31.620,0.000,0.000,0.000,0.000,0.000,50.723,0.000,0.000,0.000,0.000,0.000,0.000,0.000,0.000,57.547,50.723,0.000,35.427,72.909,6.638,0.000,108.270,51.271,35.427,0.000,20,automatic,serialFullRefresh,none,incremental,fullAllCurrentEntries,notApplicable,1,1,33442,0,19.180,0.471,0.000,86472,11.283,19.651,automatic,serialFullRefresh,none,incremental,fullAllCurrentEntries,notApplicable,1,1,200000,0,55.273,2.274,0.000,89892,14.777,57.547,automatic,serialImmediate,none,incremental,notApplicable,incremental,1,1,33442,0,0.000,0.000,0.000,0,0.000,31.620,automatic,serialImmediate,none,incremental,notApplicable,incremental,1,1,200000,0,0.000,0.000,0.000,0,0.000,50.723,automatic,serialDirty,none,notApplicable,notApplicable,incremental,1,1,0,60007,0.000,0.000,0.000,0,0.000,35.427,dirtyRange,dirtyRange,none,notApplicable,notApplicable,incremental,1,1,0,22180,0.000,0.000,0.000,0,0.000,6.638
Classic CPU ROAM,1,1,4,RelWithDebInfo,OpenGL,NVIDIA GeForce RTX 5090 D/PCIe/SSE2,4.1.0 NVIDIA 591.86,false,assets/heightmaps/Hm_Terrain_Peking_513.png,547,547,600000,200000,1,19,64,0.302,9.944,-18.472,18.189,54.980,518.630,0.000,0.000,600.889,1,80.000,12.000,20,0.250,0.100,200000,false,true,false,true,automatic,automatic,automatic,automatic,automatic,automatic,0,0,0,0,0,32,160,0,both,20,17057726148893072504,18323998568648012168,11814088152895883178,16061839426492080044,17110547586156410951,200000,0,0,0,258.400,200000,899698,0,163118,36882,199998,17923,9200,17923,0,11898,233769,200000,33508,4576,207446,0,63318,136682,22171,0,2650,0,0,0,0,10637424,0,1,0,0,0,0,0,0,0,0,0,0,0,0,0,0,0,335.918,99.878,10.431,20.213,40.657,0.000,0.000,0.000,0.000,0.000,67.887,0.000,0.000,0.000,0.000,0.000,0.000,0.000,0.000,58.625,67.887,0.000,45.898,92.204,6.331,0.000,126.513,60.870,45.898,0.000,20,automatic,serialFullRefresh,none,incremental,fullAllCurrentEntries,notApplicable,1,1,33658,0,19.508,0.705,0.000,99908,14.291,20.213,automatic,serialFullRefresh,none,incremental,fullAllCurrentEntries,notApplicable,1,1,200000,0,55.970,2.655,0.000,107538,19.514,58.625,automatic,serialImmediate,none,incremental,notApplicable,incremental,1,1,33658,0,0.000,0.000,0.000,0,0.000,40.657,automatic,serialImmediate,none,incremental,notApplicable,incremental,1,1,200000,0,0.000,0.000,0.000,0,0.000,67.887,automatic,serialDirty,none,notApplicable,notApplicable,incremental,1,1,0,63318,0.000,0.000,0.000,0,0.000,45.898,dirtyRange,dirtyRange,none,notApplicable,notApplicable,incremental,1,1,0,22171,0.000,0.000,0.000,0,0.000,6.331
Classic CPU ROAM,1,1,4,RelWithDebInfo,OpenGL,NVIDIA GeForce RTX 5090 D/PCIe/SSE2,4.1.0 NVIDIA 591.86,false,assets/heightmaps/Hm_Terrain_Peking_513.png,547,547,600000,200000,1,20,64,0.317,10.554,-23.855,17.751,52.867,610.932,0.000,0.000,532.671,1,80.000,12.000,20,0.250,0.100,200000,false,true,false,true,automatic,automatic,automatic,automatic,automatic,automatic,0,0,0,0,0,32,160,0,both,21,4429436316164010888,7968502595871137764,17841303413826451158,4020739419125971521,4089705751550669975,200000,0,0,0,220.953,200000,927212,0,162168,37832,199998,18183,9182,18183,0,12026,233841,200000,33466,4638,208372,0,64941,135059,22911,0,2840,0,0,0,0,10910088,0,1,0,0,0,0,0,0,0,0,0,0,0,0,0,0,0,303.305,101.299,9.988,19.020,36.699,0.000,0.000,0.000,0.000,0.000,66.402,0.000,0.000,0.000,0.000,0.000,0.000,0.000,0.000,57.391,66.402,0.000,37.834,75.970,8.142,0.000,123.793,55.719,37.834,0.000,20,automatic,serialFullRefresh,none,incremental,fullAllCurrentEntries,notApplicable,1,1,33508,0,18.692,0.328,0.000,99274,13.608,19.020,automatic,serialFullRefresh,none,incremental,fullAllCurrentEntries,notApplicable,1,1,200000,0,55.340,2.051,0.000,109098,18.233,57.391,automatic,serialImmediate,none,incremental,notApplicable,incremental,1,1,33508,0,0.000,0.000,0.000,0,0.000,36.699,automatic,serialImmediate,none,incremental,notApplicable,incremental,1,1,200000,0,0.000,0.000,0.000,0,0.000,66.402,automatic,serialDirty,none,notApplicable,notApplicable,incremental,1,1,0,64941,0.000,0.000,0.000,0,0.000,37.834,dirtyRange,dirtyRange,none,notApplicable,notApplicable,incremental,1,1,0,22911,0.000,0.000,0.000,0,0.000,8.142
Classic CPU ROAM,1,1,4,RelWithDebInfo,OpenGL,NVIDIA GeForce RTX 5090 D/PCIe/SSE2,4.1.0 NVIDIA 591.86,false,assets/heightmaps/Hm_Terrain_Peking_513.png,547,547,600000,200000,1,21,64,0.333,11.099,-29.000,17.402,50.229,544.084,0.000,0.000,523.784,1,80.000,12.000,20,0.250,0.100,200000,false,true,false,true,automatic,automatic,automatic,automatic,automatic,automatic,0,0,0,0,0,32,160,0,both,22,9812319065817320684,4184009418848124478,4448185683158807684,17312507547840680562,7222130513436664374,200000,0,0,0,227.097,200000,954138,0,163344,36656,199998,17457,8796,17457,0,11465,233802,200000,33474,4409,200830,0,67884,132116,24085,0,2669,0,0,0,0,11404512,0,1,0,0,0,0,0,0,0,0,0,0,0,0,0,0,0,289.208,99.835,10.592,18.189,34.799,0.000,0.000,0.000,0.000,0.000,59.697,0.000,0.000,0.000,0.000,0.000,0.000,0.000,0.000,52.528,59.697,0.000,38.373,75.028,7.214,0.000,112.225,52.988,38.373,0.000,20,automatic,serialFullRefresh,none,incremental,fullAllCurrentEntries,notApplicable,1,1,33466,0,17.756,0.434,0.000,96088,12.666,18.189,automatic,serialFullRefresh,none,incremental,fullAllCurrentEntries,notApplicable,1,1,200000,0,50.623,1.905,0.000,104742,16.848,52.528,automatic,serialImmediate,none,incremental,notApplicable,incremental,1,1,33466,0,0.000,0.000,0.000,0,0.000,34.799,automatic,serialImmediate,none,incremental,notApplicable,incremental,1,1,200000,0,0.000,0.000,0.000,0,0.000,59.697,automatic,serialDirty,none,notApplicable,notApplicable,incremental,1,1,0,67884,0.000,0.000,0.000,0,0.000,38.373,dirtyRange,dirtyRange,none,notApplicable,notApplicable,incremental,1,1,0,24085,0.000,0.000,0.000,0,0.000,7.214
Classic CPU ROAM,1,1,4,RelWithDebInfo,OpenGL,NVIDIA GeForce RTX 5090 D/PCIe/SSE2,4.1.0 NVIDIA 591.86,false,assets/heightmaps/Hm_Terrain_Peking_513.png,547,547,600000,200000,1,22,64,0.349,11.635,-33.857,17.156,47.092,536.889,0.000,0.000,523.739,1,80.000,12.000,20,0.250,0.100,200000,false,true,false,true,automatic,automatic,automatic,automatic,automatic,automatic,0,0,0,0,0,32,160,0,both,23,15313080645142623424,14707106482833081009,10834835481697202155,17689478856377352085,18259117507493661046,200000,0,0,0,229.563,200000,978138,0,165253,34747,199998,16429,8321,16429,0,10917,233796,200000,33445,4742,188065,0,67754,132246,24525,0,2585,0,0,0,0,11382672,0,1,0,0,0,0,0,0,0,0,0,0,0,0,0,0,0,285.009,100.180,8.970,19.024,33.804,0.000,0.000,0.000,0.000,0.000,57.218,0.000,0.000,0.000,0.000,0.000,0.000,0.000,0.000,51.453,57.218,0.000,36.814,77.724,8.969,0.000,108.671,52.828,36.814,0.000,20,automatic,serialFullRefresh,none,incremental,fullAllCurrentEntries,notApplicable,1,1,33474,0,18.502,0.522,0.000,89491,11.811,19.024,automatic,serialFullRefresh,none,incremental,fullAllCurrentEntries,notApplicable,1,1,200000,0,48.773,2.679,0.000,98574,16.076,51.453,automatic,serialImmediate,none,incremental,notApplicable,incremental,1,1,33474,0,0.000,0.000,0.000,0,0.000,33.804,automatic,serialImmediate,none,incremental,notApplicable,incremental,1,1,200000,0,0.000,0.000,0.000,0,0.000,57.218,automatic,serialDirty,none,notApplicable,notApplicable,incremental,1,1,0,67754,0.000,0.000,0.000,0,0.000,36.814,dirtyRange,dirtyRange,none,notApplicable,notApplicable,incremental,1,1,0,24525,0.000,0.000,0.000,0,0.000,8.969
Classic CPU ROAM,1,1,4,RelWithDebInfo,OpenGL,NVIDIA GeForce RTX 5090 D/PCIe/SSE2,4.1.0 NVIDIA 591.86,false,assets/heightmaps/Hm_Terrain_Peking_513.png,547,547,600000,200000,1,23,64,0.365,12.169,-38.378,17.023,43.487,533.931,0.000,0.000,540.371,1,80.000,12.000,20,0.250,0.100,200000,false,true,false,true,automatic,automatic,automatic,automatic,automatic,automatic,0,0,0,0,0,32,160,0,both,24,11253620300214541990,6468255570671903217,13110756096065449747,17873237339055070796,15828634045359618972,200000,0,0,0,232.244,200000,1001030,0,165766,34234,199998,16206,8213,16206,0,10548,233710,200000,33422,5315,185037,0,65299,134701,24385,0,2334,0,0,0,0,10970232,0,1,0,0,0,0,0,0,0,0,0,0,0,0,0,0,0,299.896,99.793,12.196,20.100,37.878,0.000,0.000,0.000,0.000,0.000,58.862,0.000,0.000,0.000,0.000,0.000,0.000,0.000,0.000,56.379,58.862,0.000,39.269,75.209,7.926,0.000,115.241,57.979,39.269,0.000,20,automatic,serialFullRefresh,none,incremental,fullAllCurrentEntries,notApplicable,1,1,33445,0,19.652,0.449,0.000,87801,11.935,20.100,automatic,serialFullRefresh,none,incremental,fullAllCurrentEntries,notApplicable,1,1,200000,0,54.268,2.111,0.000,97236,17.081,56.379,automatic,serialImmediate,none,incremental,notApplicable,incremental,1,1,33445,0,0.000,0.000,0.000,0,0.000,37.878,automatic,serialImmediate,none,incremental,notApplicable,incremental,1,1,200000,0,0.000,0.000,0.000,0,0.000,58.862,automatic,serialDirty,none,notApplicable,notApplicable,incremental,1,1,0,65299,0.000,0.000,0.000,0,0.000,39.269,dirtyRange,dirtyRange,none,notApplicable,notApplicable,incremental,1,1,0,24385,0.000,0.000,0.000,0,0.000,7.926
Classic CPU ROAM,1,1,4,RelWithDebInfo,OpenGL,NVIDIA GeForce RTX 5090 D/PCIe/SSE2,4.1.0 NVIDIA 591.86,false,assets/heightmaps/Hm_Terrain_Peking_513.png,547,547,600000,200000,1,24,64,0.381,12.721,-42.517,17.008,39.450,552.016,0.000,0.000,546.214,1,80.000,12.000,20,0.250,0.100,200000,false,true,false,true,automatic,automatic,automatic,automatic,automatic,automatic,0,0,0,0,0,32,160,0,both,25,7527608695780837155,5613093925435064647,4192155250392760505,9806491557341151588,8050386059957555146,200000,0,0,0,231.530,200000,1023714,0,164644,35356,199998,16738,8552,16738,0,12446,233540,200000,33351,6071,187759,0,65113,134887,24630,0,3844,0,0,0,0,10938984,0,1,0,0,0,0,0,0,0,0,0,0,0,0,0,0,0,306.504,98.721,9.976,20.800,42.421,0.000,0.000,0.000,0.000,0.000,60.367,0.000,0.000,0.000,0.000,0.000,0.000,0.000,0.000,58.059,60.367,0.000,39.322,75.557,8.022,0.000,118.426,63.221,39.322,0.000,20,automatic,serialFullRefresh,none,incremental,fullAllCurrentEntries,notApplicable,1,1,33422,0,20.340,0.460,0.000,87331,12.307,20.800,automatic,serialFullRefresh,none,incremental,fullAllCurrentEntries,notApplicable,1,1,200000,0,54.803,3.256,0.000,100428,18.955,58.059,automatic,serialImmediate,none,incremental,notApplicable,incremental,1,1,33422,0,0.000,0.000,0.000,0,0.000,42.421,automatic,serialImmediate,none,incremental,notApplicable,incremental,1,1,200000,0,0.000,0.000,0.000,0,0.000,60.367,automatic,serialDirty,none,notApplicable,notApplicable,incremental,1,1,0,65113,0.000,0.000,0.000,0,0.000,39.322,dirtyRange,dirtyRange,none,notApplicable,notApplicable,incremental,1,1,0,24630,0.000,0.000,0.000,0,0.000,8.022
Classic CPU ROAM,1,1,4,RelWithDebInfo,OpenGL,NVIDIA GeForce RTX 5090 D/PCIe/SSE2,4.1.0 NVIDIA 591.86,false,assets/heightmaps/Hm_Terrain_Peking_513.png,547,547,600000,200000,1,25,64,0.397,13.278,-46.234,17.112,35.021,556.922,0.000,0.000,552.050,1,80.000,12.000,20,0.250,0.100,200000,false,true,false,true,automatic,automatic,automatic,automatic,automatic,automatic,0,0,0,0,0,32,160,0,both,26,10584851340606564996,6799830235164784937,4949422445672159251,16623821953730742419,17251279394026963017,200000,0,0,0,235.354,200000,1047570,0,161368,38632,199998,18663,9442,18663,0,12155,233609,200000,33413,6131,212170,0,68543,131457,25038,0,2682,0,0,0,0,11515224,0,1,0,0,0,0,0,0,0,0,0,0,0,0,0,0,0,309.491,97.446,11.134,20.941,38.617,0.000,0.000,0.000,0.000,0.000,58.563,0.000,0.000,0.000,0.000,0.000,0.000,0.000,0.000,57.912,58.563,0.000,45.101,77.221,6.799,0.000,116.475,59.558,45.101,0.000,20,automatic,serialFullRefresh,none,incremental,fullAllCurrentEntries,notApplicable,1,1,33351,0,20.297,0.644,0.000,100192,12.160,20.941,automatic,serialFullRefresh,none,incremental,fullAllCurrentEntries,notApplicable,1,1,200000,0,55.083,2.830,0.000,111978,18.360,57.912,automatic,serialImmediate,none,incremental,notApplicable,incremental,1,1,33351,0,0.000,0.000,0.000,0,0.000,38.617,automatic,serialImmediate,none,incremental,notApplicable,incremental,1,1,200000,0,0.000,0.000,0.000,0,0.000,58.563,automatic,serialDirty,none,notApplicable,notApplicable,incremental,1,1,0,68543,0.000,0.000,0.000,0,0.000,45.101,dirtyRange,dirtyRange,none,notApplicable,notApplicable,incremental,1,1,0,25038,0.000,0.000,0.000,0,0.000,6.799
Classic CPU ROAM,1,1,4,RelWithDebInfo,OpenGL,NVIDIA GeForce RTX 5090 D/PCIe/SSE2,4.1.0 NVIDIA 591.86,false,assets/heightmaps/Hm_Terrain_Peking_513.png,547,547,600000,200000,1,26,64,0.413,13.846,-49.491,17.330,30.243,567.932,0.000,0.000,565.461,1,80.000,12.000,20,0.250,0.100,200000,false,true,false,true,automatic,automatic,automatic,automatic,automatic,automatic,0,0,0,0,0,32,160,0,both,27,8815088540097141580,6856120173095685496,6755707351171696626,6033637362027023382,9829827555373913894,200000,0,0,0,241.115,200000,1071056,0,163249,36751,199998,17064,8616,17064,0,10577,233732,200000,33495,5302,197076,0,69001,130999,25331,0,1952,0,0,0,0,11592168,0,1,0,0,0,0,0,0,0,0,0,0,0,0,0,0,0,315.200,101.072,11.530,19.775,37.702,0.000,0.000,0.000,0.000,0.000,67.103,0.000,0.000,0.000,0.000,0.000,0.000,0.000,0.000,59.522,67.103,0.000,42.573,76.993,8.836,0.000,126.625,57.477,42.573,0.000,20,automatic,serialFullRefresh,none,incremental,fullAllCurrentEntries,notApplicable,1,1,33413,0,19.443,0.332,0.000,94692,13.530,19.775,automatic,serialFullRefresh,none,incremental,fullAllCurrentEntries,notApplicable,1,1,200000,0,56.586,2.936,0.000,102384,18.487,59.522,automatic,serialImmediate,none,incremental,notApplicable,incremental,1,1,33413,0,0.000,0.000,0.000,0,0.000,37.702,automatic,serialImmediate,none,incremental,notApplicable,incremental,1,1,200000,0,0.000,0.000,0.000,0,0.000,67.103,automatic,serialDirty,none,notApplicable,notApplicable,incremental,1,1,0,69001,0.000,0.000,0.000,0,0.000,42.573,dirtyRange,dirtyRange,none,notApplicable,notApplicable,incremental,1,1,0,25331,0.000,0.000,0.000,0,0.000,8.836
Classic CPU ROAM,1,1,4,RelWithDebInfo,OpenGL,NVIDIA GeForce RTX 5090 D/PCIe/SSE2,4.1.0 NVIDIA 591.86,false,assets/heightmaps/Hm_Terrain_Peking_513.png,547,547,600000,200000,1,27,64,0.429,14.421,-52.256,17.655,25.165,574.754,0.000,0.000,518.788,1,80.000,12.000,20,0.250,0.100,200000,false,true,false,true,automatic,automatic,automatic,automatic,automatic,automatic,0,0,0,0,0,32,160,0,both,28,15527346434681176432,11059640245212390381,7555315728193499563,9686194466863764310,5411466528937737195,200000,0,0,0,218.030,200000,1092716,0,166474,33526,199998,15122,7684,15122,0,10720,233813,200000,33477,4966,177472,0,65744,134256,25332,0,3005,0,0,0,0,11044992,0,1,0,0,0,0,0,0,0,0,0,0,0,0,0,0,0,292.330,97.928,11.173,21.166,32.793,0.000,0.000,0.000,0.000,0.000,52.664,0.000,0.000,0.000,0.000,0.000,0.000,0.000,0.000,61.803,52.664,0.000,39.040,73.688,8.119,0.000,114.467,53.960,39.040,0.000,20,automatic,serialFullRefresh,none,incremental,fullAllCurrentEntries,notApplicable,1,1,33495,0,20.653,0.513,0.000,86740,11.526,21.166,automatic,serialFullRefresh,none,incremental,fullAllCurrentEntries,notApplicable,1,1,200000,0,58.701,3.102,0.000,90732,15.511,61.803,automatic,serialImmediate,none,incremental,notApplicable,incremental,1,1,33495,0,0.000,0.000,0.000,0,0.000,32.793,automatic,serialImmediate,none,incremental,notApplicable,incremental,1,1,200000,0,0.000,0.000,0.000,0,0.000,52.664,automatic,serialDirty,none,notApplicable,notApplicable,incremental,1,1,0,65744,0.000,0.000,0.000,0,0.000,39.040,dirtyRange,dirtyRange,none,notApplicable,notApplicable,incremental,1,1,0,25332,0.000,0.000,0.000,0,0.000,8.119
Classic CPU ROAM,1,1,4,RelWithDebInfo,OpenGL,NVIDIA GeForce RTX 5090 D/PCIe/SSE2,4.1.0 NVIDIA 591.86,false,assets/heightmaps/Hm_Terrain_Peking_513.png,547,547,600000,200000,1,28,64,0.444,14.951,-54.502,18.072,19.837,530.218,0.000,0.000,495.437,1,80.000,12.000,20,0.250,0.100,200000,false,true,false,true,automatic,automatic,automatic,automatic,automatic,automatic,0,0,0,0,0,32,160,0,both,29,9519085702236904040,6230683355398155042,9888563655938865868,6802711605645862921,12436952546290142025,200000,0,0,0,225.209,200000,1113216,0,168233,31767,199998,14335,7290,14335,0,9511,233772,200000,33465,4834,167994,0,61395,138605,24706,0,2208,0,0,0,0,10314360,0,1,0,0,0,0,0,0,0,0,0,0,0,0,0,0,0,263.277,95.928,9.233,19.374,29.840,0.000,0.000,0.000,0.000,0.000,47.819,0.000,0.000,0.000,0.000,0.000,0.000,0.000,0.000,50.638,47.819,0.000,34.362,72.008,6.729,0.000,98.457,49.214,34.362,0.000,20,automatic,serialFullRefresh,none,incremental,fullAllCurrentEntries,notApplicable,1,1,33477,0,18.948,0.426,0.000,81984,10.459,19.374,automatic,serialFullRefresh,none,incremental,fullAllCurrentEntries,notApplicable,1,1,200000,0,48.876,1.763,0.000,86010,13.566,50.638,automatic,serialImmediate,none,incremental,notApplicable,incremental,1,1,33477,0,0.000,0.000,0.000,0,0.000,29.840,automatic,serialImmediate,none,incremental,notApplicable,incremental,1,1,200000,0,0.000,0.000,0.000,0,0.000,47.819,automatic,serialDirty,none,notApplicable,notApplicable,incremental,1,1,0,61395,0.000,0.000,0.000,0,0.000,34.362,dirtyRange,dirtyRange,none,notApplicable,notApplicable,incremental,1,1,0,24706,0.000,0.000,0.000,0,0.000,6.729
Classic CPU ROAM,1,1,4,RelWithDebInfo,OpenGL,NVIDIA GeForce RTX 5090 D/PCIe/SSE2,4.1.0 NVIDIA 591.86,false,assets/heightmaps/Hm_Terrain_Peking_513.png,547,547,600000,200000,1,29,64,0.460,15.459,-56.206,18.565,14.312,507.940,0.000,0.000,510.993,1,80.000,12.000,20,0.250,0.100,200000,false,true,false,true,automatic,automatic,automatic,automatic,automatic,automatic,0,0,0,0,0,32,160,0,both,30,13518188847597210740,15109329511028966282,4722452041654089608,6983045937520075164,6360625776249671492,200000,0,0,0,221.913,200000,1134936,0,166265,33735,199998,15312,7824,15312,0,10753,233718,200000,33572,5365,179891,0,62078,137922,25331,0,2859,0,0,0,0,10429104,0,1,0,0,0,0,0,0,0,0,0,0,0,0,0,0,0,280.798,99.421,7.644,19.487,35.013,0.000,0.000,0.000,0.000,0.000,55.215,0.000,0.000,0.000,0.000,0.000,0.000,0.000,0.000,59.306,55.215,0.000,32.605,71.526,7.988,0.000,114.521,54.500,32.605,0.000,20,automatic,serialFullRefresh,none,incremental,fullAllCurrentEntries,notApplicable,1,1,33465,0,19.061,0.426,0.000,88019,12.046,19.487,automatic,serialFullRefresh,none,incremental,fullAllCurrentEntries,notApplicable,1,1,200000,0,56.735,2.571,0.000,91872,15.536,59.306,automatic,serialImmediate,none,incremental,notApplicable,incremental,1,1,33465,0,0.000,0.000,0.000,0,0.000,35.013,automatic,serialImmediate,none,incremental,notApplicable,incremental,1,1,200000,0,0.000,0.000,0.000,0,0.000,55.215,automatic,serialDirty,none,notApplicable,notApplicable,incremental,1,1,0,62078,0.000,0.000,0.000,0,0.000,32.605,dirtyRange,dirtyRange,none,notApplicable,notApplicable,incremental,1,1,0,25331,0.000,0.000,0.000,0,0.000,7.988
Classic CPU ROAM,1,1,4,RelWithDebInfo,OpenGL,NVIDIA GeForce RTX 5090 D/PCIe/SSE2,4.1.0 NVIDIA 591.86,false,assets/heightmaps/Hm_Terrain_Peking_513.png,547,547,600000,200000,1,30,64,0.476,15.983,-57.352,19.116,8.644,523.912,0.000,0.000,525.706,1,80.000,12.000,20,0.250,0.100,200000,false,true,false,true,automatic,automatic,automatic,automatic,automatic,automatic,0,0,0,0,0,32,160,0,both,31,12799951195141729658,15337671370646515645,6452947698764962839,15378367499456464034,15460748289941399559,200000,0,0,0,226.080,200000,1156274,0,165660,34340,199998,15483,7916,15483,0,10070,233751,200000,33515,5638,179939,0,64043,135957,26078,0,2122,0,0,0,0,10759224,0,1,0,0,0,0,0,0,0,0,0,0,0,0,0,0,0,290.398,99.801,9.612,19.458,36.592,0.000,0.000,0.000,0.000,0.000,55.583,0.000,0.000,0.000,0.000,0.000,0.000,0.000,0.000,58.365,55.583,0.000,37.567,73.219,8.990,0.000,113.949,56.050,37.567,0.000,20,automatic,serialFullRefresh,none,incremental,fullAllCurrentEntries,notApplicable,1,1,33572,0,19.013,0.445,0.000,87041,11.943,19.458,automatic,serialFullRefresh,none,incremental,fullAllCurrentEntries,notApplicable,1,1,200000,0,55.552,2.813,0.000,92898,16.021,58.365,automatic,serialImmediate,none,incremental,notApplicable,incremental,1,1,33572,0,0.000,0.000,0.000,0,0.000,36.592,automatic,serialImmediate,none,incremental,notApplicable,incremental,1,1,200000,0,0.000,0.000,0.000,0,0.000,55.583,automatic,serialDirty,none,notApplicable,notApplicable,incremental,1,1,0,64043,0.000,0.000,0.000,0,0.000,37.567,dirtyRange,dirtyRange,none,notApplicable,notApplicable,incremental,1,1,0,26078,0.000,0.000,0.000,0,0.000,8.990
Classic CPU ROAM,1,1,4,RelWithDebInfo,OpenGL,NVIDIA GeForce RTX 5090 D/PCIe/SSE2,4.1.0 NVIDIA 591.86,false,assets/heightmaps/Hm_Terrain_Peking_513.png,547,547,600000,200000,1,31,64,0.492,16.521,-57.928,19.701,2.891,538.300,0.000,0.000,527.517,1,80.000,12.000,20,0.250,0.100,200000,false,true,false,true,automatic,automatic,automatic,automatic,automatic,automatic,0,0,0,0,0,32,160,0,both,32,9818272653111944093,17283981430703675719,17073906308288112677,12602582867782403863,14692211958689379275,200000,0,0,0,225.644,200000,1177026,0,165432,34568,199998,15570,7932,15570,0,11862,233689,200000,33631,6012,181652,0,64398,135602,26194,0,3867,0,0,0,0,10818864,0,1,0,0,0,0,0,0,0,0,0,0,0,0,0,0,0,293.910,96.195,9.828,18.509,36.158,0.000,0.000,0.000,0.000,0.000,55.484,0.000,0.000,0.000,0.000,0.000,0.000,0.000,0.000,61.774,55.484,0.000,40.104,72.051,7.644,0.000,117.258,54.667,40.104,0.000,20,automatic,serialFullRefresh,none,incremental,fullAllCurrentEntries,notApplicable,1,1,33515,0,18.203,0.305,0.000,88232,11.729,18.509,automatic,serialFullRefresh,none,incremental,fullAllCurrentEntries,notApplicable,1,1,200000,0,59.492,2.282,0.000,93420,16.854,61.774,automatic,serialImmediate,none,incremental,notApplicable,incremental,1,1,33515,0,0.000,0.000,0.000,0,0.000,36.158,automatic,serialImmediate,none,incremental,notApplicable,incremental,1,1,200000,0,0.000,0.000,0.000,0,0.000,55.484,automatic,serialDirty,none,notApplicable,notApplicable,incremental,1,1,0,64398,0.000,0.000,0.000,0,0.000,40.104,dirtyRange,dirtyRange,none,notApplicable,notApplicable,incremental,1,1,0,26194,0.000,0.000,0.000,0,0.000,7.644
Classic CPU ROAM,1,1,4,RelWithDebInfo,OpenGL,NVIDIA GeForce RTX 5090 D/PCIe/SSE2,4.1.0 NVIDIA 591.86,false,assets/heightmaps/Hm_Terrain_Peking_513.png,547,547,600000,200000,1,32,64,0.508,17.063,-57.928,20.299,-2.891,541.432,0.000,0.000,508.502,1,80.000,12.000,20,0.250,0.100,200000,false,true,false,true,automatic,automatic,automatic,automatic,automatic,automatic,0,0,0,0,0,32,160,0,both,33,14117076424678403371,16200465346316385833,8270221947589718051,14263644330598810710,16793404474157041475,200000,0,0,0,225.159,200000,1196024,0,166945,33055,199998,14598,7361,14598,0,9328,233843,200000,33535,5976,172556,0,61690,138310,25523,0,1942,0,0,0,0,10363920,0,1,0,0,0,0,0,0,0,0,0,0,0,0,0,0,0,275.298,99.877,9.921,20.788,33.889,0.000,0.000,0.000,0.000,0.000,49.856,0.000,0.000,0.000,0.000,0.000,0.000,0.000,0.000,52.451,49.856,0.000,37.372,71.018,7.828,0.000,102.307,54.677,37.372,0.000,20,automatic,serialFullRefresh,none,incremental,fullAllCurrentEntries,notApplicable,1,1,33631,0,20.358,0.430,0.000,84968,11.033,20.788,automatic,serialFullRefresh,none,incremental,fullAllCurrentEntries,notApplicable,1,1,200000,0,50.664,1.788,0.000,87588,14.653,52.451,automatic,serialImmediate,none,incremental,notApplicable,incremental,1,1,33631,0,0.000,0.000,0.000,0,0.000,33.889,automatic,serialImmediate,none,incremental,notApplicable,incremental,1,1,200000,0,0.000,0.000,0.000,0,0.000,49.856,automatic,serialDirty,none,notApplicable,notApplicable,incremental,1,1,0,61690,0.000,0.000,0.000,0,0.000,37.372,dirtyRange,dirtyRange,none,notApplicable,notApplicable,incremental,1,1,0,25523,0.000,0.000,0.000,0,0.000,7.828
Classic CPU ROAM,1,1,4,RelWithDebInfo,OpenGL,NVIDIA GeForce RTX 5090 D/PCIe/SSE2,4.1.0 NVIDIA 591.86,false,assets/heightmaps/Hm_Terrain_Peking_513.png,547,547,600000,200000,1,33,64,0.524,17.586,-57.352,20.884,-8.644,522.929,0.000,0.000,521.338,1,80.000,12.000,20,0.250,0.100,200000,false,true,false,true,automatic,automatic,automatic,automatic,automatic,automatic,0,0,0,0,0,32,160,0,both,34,6178910627307601499,13346581377158641293,17914689748063822155,4931974468709486550,8192634735438136606,200000,0,0,0,237.941,200000,1214838,0,169990,30010,199998,13220,6709,13220,0,10341,233707,200000,33635,5268,155446,0,58030,141970,25017,0,3538,0,0,0,0,9749040,0,1,0,0,0,0,0,0,0,0,0,0,0,0,0,0,0,274.415,100.601,10.929,18.403,32.303,0.000,0.000,0.000,0.000,0.000,46.135,0.000,0.000,0.000,0.000,0.000,0.000,0.000,0.000,56.682,46.135,0.000,31.841,78.119,8.707,0.000,102.817,50.706,31.841,0.000,20,automatic,serialFullRefresh,none,incremental,fullAllCurrentEntries,notApplicable,1,1,33535,0,18.058,0.345,0.000,76126,10.403,18.403,automatic,serialFullRefresh,none,incremental,fullAllCurrentEntries,notApplicable,1,1,200000,0,53.604,3.079,0.000,79320,14.051,56.682,automatic,serialImmediate,none,incremental,notApplicable,incremental,1,1,33535,0,0.000,0.000,0.000,0,0.000,32.303,automatic,serialImmediate,none,incremental,notApplicable,incremental,1,1,200000,0,0.000,0.000,0.000,0,0.000,46.135,automatic,serialDirty,none,notApplicable,notApplicable,incremental,1,1,0,58030,0.000,0.000,0.000,0,0.000,31.841,dirtyRange,dirtyRange,none,notApplicable,notApplicable,incremental,1,1,0,25017,0.000,0.000,0.000,0,0.000,8.707
Classic CPU ROAM,1,1,4,RelWithDebInfo,OpenGL,NVIDIA GeForce RTX 5090 D/PCIe/SSE2,4.1.0 NVIDIA 591.86,false,assets/heightmaps/Hm_Terrain_Peking_513.png,547,547,600000,200000,1,34,64,0.540,18.121,-56.206,21.435,-14.312,534.928,0.000,0.000,518.523,1,80.000,12.000,20,0.250,0.100,200000,false,true,false,true,automatic,automatic,automatic,automatic,automatic,automatic,0,0,0,0,0,32,160,0,both,35,11746726819812728007,2817222760074155981,14006666610658801887,2747198251907076028,10573782616376506026,200000,0,0,0,227.464,200000,1233768,0,168017,31983,199998,15182,7732,15182,0,10157,233801,200000,33571,3811,178636,0,60177,139823,24412,0,2375,0,0,0,0,10109736,0,1,0,0,0,0,0,0,0,0,0,0,0,0,0,0,0,283.479,97.829,10.362,21.353,31.514,0.000,0.000,0.000,0.000,0.000,52.546,0.000,0.000,0.000,0.000,0.000,0.000,0.000,0.000,62.264,52.546,0.000,33.287,72.150,7.368,0.000,114.810,52.867,33.287,0.000,20,automatic,serialFullRefresh,none,incremental,fullAllCurrentEntries,notApplicable,1,1,33635,0,20.816,0.537,0.000,87544,11.496,21.353,automatic,serialFullRefresh,none,incremental,fullAllCurrentEntries,notApplicable,1,1,200000,0,59.633,2.632,0.000,91092,15.954,62.264,automatic,serialImmediate,none,incremental,notApplicable,incremental,1,1,33635,0,0.000,0.000,0.000,0,0.000,31.514,automatic,serialImmediate,none,incremental,notApplicable,incremental,1,1,200000,0,0.000,0.000,0.000,0,0.000,52.546,automatic,serialDirty,none,notApplicable,notApplicable,incremental,1,1,0,60177,0.000,0.000,0.000,0,0.000,33.287,dirtyRange,dirtyRange,none,notApplicable,notApplicable,incremental,1,1,0,24412,0.000,0.000,0.000,0,0.000,7.368
Classic CPU ROAM,1,1,4,RelWithDebInfo,OpenGL,NVIDIA GeForce RTX 5090 D/PCIe/SSE2,4.1.0 NVIDIA 591.86,false,assets/heightmaps/Hm_Terrain_Peking_513.png,547,547,600000,200000,1,35,64,0.556,18.653,-54.502,21.928,-19.837,532.439,0.000,0.000,514.881,1,80.000,12.000,20,0.250,0.100,200000,false,true,false,true,automatic,automatic,automatic,automatic,automatic,automatic,0,0,0,0,0,32,160,0,both,36,16993049945272242478,13527224358381511974,17721546227294611904,2586764488759282298,5604490718492392840,200000,0,0,0,233.339,200000,1251996,0,167969,32031,199998,15132,7707,15132,0,10314,233898,200000,33656,3965,179945,0,59256,140744,24523,0,2552,0,0,0,0,9955008,0,1,0,0,0,0,0,0,0,0,0,0,0,0,0,0,0,273.034,95.579,10.482,17.125,31.854,0.000,0.000,0.000,0.000,0.000,55.430,0.000,0.000,0.000,0.000,0.000,0.000,0.000,0.000,53.201,55.430,0.000,36.106,68.833,7.953,0.000,108.631,48.980,36.106,0.000,20,automatic,serialFullRefresh,none,incremental,fullAllCurrentEntries,notApplicable,1,1,33571,0,16.797,0.329,0.000,89153,12.066,17.125,automatic,serialFullRefresh,none,incremental,fullAllCurrentEntries,notApplicable,1,1,200000,0,51.027,2.175,0.000,90792,14.567,53.201,automatic,serialImmediate,none,incremental,notApplicable,incremental,1,1,33571,0,0.000,0.000,0.000,0,0.000,31.854,automatic,serialImmediate,none,incremental,notApplicable,incremental,1,1,200000,0,0.000,0.000,0.000,0,0.000,55.430,automatic,serialDirty,none,notApplicable,notApplicable,incremental,1,1,0,59256,0.000,0.000,0.000,0,0.000,36.106,dirtyRange,dirtyRange,none,notApplicable,notApplicable,incremental,1,1,0,24523,0.000,0.000,0.000,0,0.000,7.953
Classic CPU ROAM,1,1,4,RelWithDebInfo,OpenGL,NVIDIA GeForce RTX 5090 D/PCIe/SSE2,4.1.0 NVIDIA 591.86,false,assets/heightmaps/Hm_Terrain_Peking_513.png,547,547,600000,200000,1,36,64,0.571,19.178,-52.256,22.345,-25.165,525.104,0.000,0.000,535.973,1,80.000,12.000,20,0.250,0.100,200000,false,true,false,true,automatic,automatic,automatic,automatic,automatic,automatic,0,0,0,0,0,32,160,0,both,37,10934855716126561632,1496534923326945117,10145042690056851243,3102267663174235207,18299975427405264666,200000,0,0,0,235.179,200000,1273930,0,166663,33337,199998,15948,8142,15948,0,10318,234002,200000,33754,3873,188618,0,58852,141148,24348,0,2140,0,0,0,0,9887136,0,1,0,0,0,0,0,0,0,0,0,0,0,0,0,0,0,292.499,100.627,10.496,19.368,34.891,0.000,0.000,0.000,0.000,0.000,58.036,0.000,0.000,0.000,0.000,0.000,0.000,0.000,0.000,66.265,58.036,0.000,34.305,69.135,7.943,0.000,124.301,54.259,34.305,0.000,20,automatic,serialFullRefresh,none,incremental,fullAllCurrentEntries,notApplicable,1,1,33656,0,18.678,0.690,0.000,92930,12.936,19.368,automatic,serialFullRefresh,none,incremental,fullAllCurrentEntries,notApplicable,1,1,200000,0,63.350,2.915,0.000,95688,15.309,66.265,automatic,serialImmediate,none,incremental,notApplicable,incremental,1,1,33656,0,0.000,0.000,0.000,0,0.000,34.891,automatic,serialImmediate,none,incremental,notApplicable,incremental,1,1,200000,0,0.000,0.000,0.000,0,0.000,58.036,automatic,serialDirty,none,notApplicable,notApplicable,incremental,1,1,0,58852,0.000,0.000,0.000,0,0.000,34.305,dirtyRange,dirtyRange,none,notApplicable,notApplicable,incremental,1,1,0,24348,0.000,0.000,0.000,0,0.000,7.943
Classic CPU ROAM,1,1,4,RelWithDebInfo,OpenGL,NVIDIA GeForce RTX 5090 D/PCIe/SSE2,4.1.0 NVIDIA 591.86,false,assets/heightmaps/Hm_Terrain_Peking_513.png,547,547,600000,200000,1,37,64,0.587,19.727,-49.491,22.670,-30.243,548.931,0.000,0.000,533.822,1,80.000,12.000,20,0.250,0.100,200000,false,true,false,true,automatic,automatic,automatic,automatic,automatic,automatic,0,0,0,0,0,32,160,0,both,38,15326444167578047510,8131120372325885611,18280130596683437565,5241553742240944586,8193547535160834578,200000,0,0,0,233.062,200000,1295570,0,165798,34202,199998,16398,8316,16398,0,10928,234264,200000,33958,4263,195984,0,59147,140853,24435,0,2508,0,0,0,0,9936696,0,1,0,0,0,0,0,0,0,0,0,0,0,0,0,0,0,292.023,101.137,9.998,21.252,32.354,0.000,0.000,0.000,0.000,0.000,57.676,0.000,0.000,0.000,0.000,0.000,0.000,0.000,0.000,56.593,57.676,0.000,39.851,74.296,8.460,0.000,114.269,53.606,39.851,0.000,20,automatic,serialFullRefresh,none,incremental,fullAllCurrentEntries,notApplicable,1,1,33754,0,20.676,0.576,0.000,97596,12.946,21.252,automatic,serialFullRefresh,none,incremental,fullAllCurrentEntries,notApplicable,1,1,200000,0,54.326,2.267,0.000,98388,16.458,56.593,automatic,serialImmediate,none,incremental,notApplicable,incremental,1,1,33754,0,0.000,0.000,0.000,0,0.000,32.354,automatic,serialImmediate,none,incremental,notApplicable,incremental,1,1,200000,0,0.000,0.000,0.000,0,0.000,57.676,automatic,serialDirty,none,notApplicable,notApplicable,incremental,1,1,0,59147,0.000,0.000,0.000,0,0.000,39.851,dirtyRange,dirtyRange,none,notApplicable,notApplicable,incremental,1,1,0,24435,0.000,0.000,0.000,0,0.000,8.460
Classic CPU ROAM,1,1,4,RelWithDebInfo,OpenGL,NVIDIA GeForce RTX 5090 D/PCIe/SSE2,4.1.0 NVIDIA 591.86,false,assets/heightmaps/Hm_Terrain_Peking_513.png,547,547,600000,200000,1,38,64,0.603,20.273,-46.234,22.888,-35.021,545.369,0.000,0.000,547.505,1,80.000,12.000,20,0.250,0.100,200000,false,true,false,true,automatic,automatic,automatic,automatic,automatic,automatic,0,0,0,0,0,32,160,0,both,39,8793215930069954994,11110283535362372986,3587553531994931092,11341183490841006377,4435577496345909474,200000,0,0,0,242.451,200000,1312514,0,167212,32788,199998,15820,8019,15820,0,10067,234257,200000,33912,4588,185956,0,59813,140187,24837,0,2010,0,0,0,0,10048584,0,1,0,0,0,0,0,0,0,0,0,0,0,0,0,0,0,297.161,98.423,11.627,21.437,35.412,0.000,0.000,0.000,0.000,0.000,58.222,0.000,0.000,0.000,0.000,0.000,0.000,0.000,0.000,57.153,58.222,0.000,34.473,78.833,7.677,0.000,115.375,56.849,34.473,0.000,20,automatic,serialFullRefresh,none,incremental,fullAllCurrentEntries,notApplicable,1,1,33958,0,21.051,0.386,0.000,91036,12.822,21.437,automatic,serialFullRefresh,none,incremental,fullAllCurrentEntries,notApplicable,1,1,200000,0,53.847,3.306,0.000,94920,16.734,57.153,automatic,serialImmediate,none,incremental,notApplicable,incremental,1,1,33958,0,0.000,0.000,0.000,0,0.000,35.412,automatic,serialImmediate,none,incremental,notApplicable,incremental,1,1,200000,0,0.000,0.000,0.000,0,0.000,58.222,automatic,serialDirty,none,notApplicable,notApplicable,incremental,1,1,0,59813,0.000,0.000,0.000,0,0.000,34.473,dirtyRange,dirtyRange,none,notApplicable,notApplicable,incremental,1,1,0,24837,0.000,0.000,0.000,0,0.000,7.677
Classic CPU ROAM,1,1,4,RelWithDebInfo,OpenGL,NVIDIA GeForce RTX 5090 D/PCIe/SSE2,4.1.0 NVIDIA 591.86,false,assets/heightmaps/Hm_Terrain_Peking_513.png,547,547,600000,200000,1,39,64,0.619,20.834,-42.517,22.992,-39.450,561.324,0.000,0.000,542.687,1,80.000,12.000,20,0.250,0.100,200000,false,true,false,true,automatic,automatic,automatic,automatic,automatic,automatic,0,0,0,0,0,32,160,0,both,40,4341115752885500299,2492034376308645561,7257474350009245571,6222817655162146031,6886515912890788978,200000,0,0,0,224.738,200000,1329038,0,164633,35367,199998,16753,8514,16753,0,11510,234337,200000,34243,5773,202435,0,62177,137823,26127,0,2942,0,0,0,0,10445736,0,1,0,0,0,0,0,0,0,0,0,0,0,0,0,0,0,309.022,99.491,12.129,19.240,38.327,0.000,0.000,0.000,0.000,0.000,60.811,0.000,0.000,0.000,0.000,0.000,0.000,0.000,0.000,56.781,60.811,0.000,43.083,78.647,8.625,0.000,117.593,57.567,43.083,0.000,20,automatic,serialFullRefresh,none,incremental,fullAllCurrentEntries,notApplicable,1,1,33912,0,18.499,0.741,0.000,101917,13.689,19.240,automatic,serialFullRefresh,none,incremental,fullAllCurrentEntries,notApplicable,1,1,200000,0,55.006,1.776,0.000,100518,17.591,56.781,automatic,serialImmediate,none,incremental,notApplicable,incremental,1,1,33912,0,0.000,0.000,0.000,0,0.000,38.327,automatic,serialImmediate,none,incremental,notApplicable,incremental,1,1,200000,0,0.000,0.000,0.000,0,0.000,60.811,automatic,serialDirty,none,notApplicable,notApplicable,incremental,1,1,0,62177,0.000,0.000,0.000,0,0.000,43.083,dirtyRange,dirtyRange,none,notApplicable,notApplicable,incremental,1,1,0,26127,0.000,0.000,0.000,0,0.000,8.625
Classic CPU ROAM,1,1,4,RelWithDebInfo,OpenGL,NVIDIA GeForce RTX 5090 D/PCIe/SSE2,4.1.0 NVIDIA 591.86,false,assets/heightmaps/Hm_Terrain_Peking_513.png,547,547,600000,200000,1,40,64,0.635,21.390,-38.378,22.977,-43.487,555.839,0.000,0.000,569.380,1,80.000,12.000,20,0.250,0.100,200000,false,true,false,true,automatic,automatic,automatic,automatic,automatic,automatic,0,0,0,0,0,32,160,0,both,41,5640557840597479361,14857908528817655382,1928326867279124476,11595271541229955106,13341262442090873672,200000,0,0,0,255.412,200000,1343102,0,164727,35273,199998,16591,8356,16591,0,12119,234386,200000,34252,6463,194309,0,65173,134827,27402,0,3695,0,0,0,0,10949064,0,1,0,0,0,0,0,0,0,0,0,0,0,0,0,0,0,305.260,97.507,9.360,21.521,40.702,0.000,0.000,0.000,0.000,0.000,61.130,0.000,0.000,0.000,0.000,0.000,0.000,0.000,0.000,55.291,61.130,0.000,36.802,80.452,8.446,0.000,116.421,62.223,36.802,0.000,20,automatic,serialFullRefresh,none,incremental,fullAllCurrentEntries,notApplicable,1,1,34243,0,21.050,0.471,0.000,94763,12.969,21.521,automatic,serialFullRefresh,none,incremental,fullAllCurrentEntries,notApplicable,1,1,200000,0,52.906,2.385,0.000,99546,17.778,55.291,automatic,serialImmediate,none,incremental,notApplicable,incremental,1,1,34243,0,0.000,0.000,0.000,0,0.000,40.702,automatic,serialImmediate,none,incremental,notApplicable,incremental,1,1,200000,0,0.000,0.000,0.000,0,0.000,61.130,automatic,serialDirty,none,notApplicable,notApplicable,incremental,1,1,0,65173,0.000,0.000,0.000,0,0.000,36.802,dirtyRange,dirtyRange,none,notApplicable,notApplicable,incremental,1,1,0,27402,0.000,0.000,0.000,0,0.000,8.446
Classic CPU ROAM,1,1,4,RelWithDebInfo,OpenGL,NVIDIA GeForce RTX 5090 D/PCIe/SSE2,4.1.0 NVIDIA 591.86,false,assets/heightmaps/Hm_Terrain_Peking_513.png,547,547,600000,200000,1,41,64,0.651,21.973,-33.857,22.844,-47.092,583.516,0.000,0.000,556.407,1,80.000,12.000,20,0.250,0.100,200000,false,true,false,true,automatic,automatic,automatic,automatic,automatic,automatic,0,0,0,0,0,32,160,0,both,42,8883561786973955779,6795102887817331768,16418398602788939930,10370168128108726468,18043304207587188639,200000,0,0,0,234.350,200000,1356936,0,164933,35067,199998,15778,8021,15778,0,11144,234333,200000,34210,6690,189874,0,65279,134721,27804,0,3034,0,0,0,0,10966872,0,1,0,0,0,0,0,0,0,0,0,0,0,0,0,0,0,312.806,99.909,12.737,21.070,38.689,0.000,0.000,0.000,0.000,0.000,56.810,0.000,0.000,0.000,0.000,0.000,0.000,0.000,0.000,60.674,56.810,0.000,42.744,80.079,8.940,0.000,117.484,59.759,42.744,0.000,20,automatic,serialFullRefresh,none,incremental,fullAllCurrentEntries,notApplicable,1,1,34252,0,20.733,0.336,0.000,95206,13.357,21.070,automatic,serialFullRefresh,none,incremental,fullAllCurrentEntries,notApplicable,1,1,200000,0,57.803,2.871,0.000,94668,17.117,60.674,automatic,serialImmediate,none,incremental,notApplicable,incremental,1,1,34252,0,0.000,0.000,0.000,0,0.000,38.689,automatic,serialImmediate,none,incremental,notApplicable,incremental,1,1,200000,0,0.000,0.000,0.000,0,0.000,56.810,automatic,serialDirty,none,notApplicable,notApplicable,incremental,1,1,0,65279,0.000,0.000,0.000,0,0.000,42.744,dirtyRange,dirtyRange,none,notApplicable,notApplicable,incremental,1,1,0,27804,0.000,0.000,0.000,0,0.000,8.940
Classic CPU ROAM,1,1,4,RelWithDebInfo,OpenGL,NVIDIA GeForce RTX 5090 D/PCIe/SSE2,4.1.0 NVIDIA 591.86,false,assets/heightmaps/Hm_Terrain_Peking_513.png,547,547,600000,200000,1,42,64,0.667,22.542,-29.000,22.598,-50.229,568.604,0.000,0.000,534.778,1,80.000,12.000,20,0.250,0.100,200000,false,true,false,true,automatic,automatic,automatic,automatic,automatic,automatic,0,0,0,0,0,32,160,0,both,43,18244366383052005441,11539274937098670880,13370878448706581218,2428502504339929331,10580619876848912246,200000,0,0,0,233.704,200000,1372434,0,167412,32588,199998,14677,7472,14677,0,10773,234221,200000,34055,6046,175387,0,63643,136357,27964,0,3246,0,0,0,0,10692024,0,1,0,0,0,0,0,0,0,0,0,0,0,0,0,0,0,292.879,94.916,9.686,19.566,36.456,0.000,0.000,0.000,0.000,0.000,53.334,0.000,0.000,0.000,0.000,0.000,0.000,0.000,0.000,58.719,53.334,0.000,35.966,79.148,7.887,0.000,112.053,56.023,35.966,0.000,20,automatic,serialFullRefresh,none,incremental,fullAllCurrentEntries,notApplicable,1,1,34210,0,19.136,0.431,0.000,87325,11.975,19.566,automatic,serialFullRefresh,none,incremental,fullAllCurrentEntries,notApplicable,1,1,200000,0,56.632,2.087,0.000,88062,15.475,58.719,automatic,serialImmediate,none,incremental,notApplicable,incremental,1,1,34210,0,0.000,0.000,0.000,0,0.000,36.456,automatic,serialImmediate,none,incremental,notApplicable,incremental,1,1,200000,0,0.000,0.000,0.000,0,0.000,53.334,automatic,serialDirty,none,notApplicable,notApplicable,incremental,1,1,0,63643,0.000,0.000,0.000,0,0.000,35.966,dirtyRange,dirtyRange,none,notApplicable,notApplicable,incremental,1,1,0,27964,0.000,0.000,0.000,0,0.000,7.887
Classic CPU ROAM,1,1,4,RelWithDebInfo,OpenGL,NVIDIA GeForce RTX 5090 D/PCIe/SSE2,4.1.0 NVIDIA 591.86,false,assets/heightmaps/Hm_Terrain_Peking_513.png,547,547,600000,200000,1,43,64,0.683,23.090,-23.855,22.249,-52.867,548.550,0.000,0.000,504.218,1,80.000,12.000,20,0.250,0.100,200000,false,true,false,true,automatic,automatic,automatic,automatic,automatic,automatic,0,0,0,0,0,32,160,0,both,44,9332276176334591966,6965282697844826061,8882002267534927791,7267293934232991669,1971615220371960845,200000,0,0,0,226.017,200000,1388576,0,168992,31008,199998,14286,7280,14286,0,9377,234179,200000,34082,5145,171531,0,60632,139368,27233,0,2082,0,0,0,0,10186176,0,1,0,0,0,0,0,0,0,0,0,0,0,0,0,0,0,270.178,100.716,9.317,20.142,31.788,0.000,0.000,0.000,0.000,0.000,50.009,0.000,0.000,0.000,0.000,0.000,0.000,0.000,0.000,55.950,50.009,0.000,32.461,70.509,7.669,0.000,105.959,51.930,32.461,0.000,20,automatic,serialFullRefresh,none,incremental,fullAllCurrentEntries,notApplicable,1,1,34055,0,19.509,0.633,0.000,85815,11.328,20.142,automatic,serialFullRefresh,none,incremental,fullAllCurrentEntries,notApplicable,1,1,200000,0,53.448,2.502,0.000,85716,13.572,55.950,automatic,serialImmediate,none,incremental,notApplicable,incremental,1,1,34055,0,0.000,0.000,0.000,0,0.000,31.788,automatic,serialImmediate,none,incremental,notApplicable,incremental,1,1,200000,0,0.000,0.000,0.000,0,0.000,50.009,automatic,serialDirty,none,notApplicable,notApplicable,incremental,1,1,0,60632,0.000,0.000,0.000,0,0.000,32.461,dirtyRange,dirtyRange,none,notApplicable,notApplicable,incremental,1,1,0,27233,0.000,0.000,0.000,0,0.000,7.669
Classic CPU ROAM,1,1,4,RelWithDebInfo,OpenGL,NVIDIA GeForce RTX 5090 D/PCIe/SSE2,4.1.0 NVIDIA 591.86,false,assets/heightmaps/Hm_Terrain_Peking_513.png,547,547,600000,200000,1,44,64,0.698,23.605,-18.472,21.811,-54.980,514.596,0.000,0.000,509.902,1,80.000,12.000,20,0.250,0.100,200000,false,true,false,true,automatic,automatic,automatic,automatic,automatic,automatic,0,0,0,0,0,32,160,0,both,45,18194916085207186180,13831941261432722240,11262328333957560934,13572103771761879173,10696085729681648563,200000,0,0,0,227.518,200000,1405436,0,168346,31654,199998,14584,7441,14584,0,9961,234229,200000,33998,5280,173596,0,59378,140622,27283,0,2477,0,0,0,0,9975504,0,1,0,0,0,0,0,0,0,0,0,0,0,0,0,0,0,274.644,99.528,10.390,18.447,33.838,0.000,0.000,0.000,0.000,0.000,50.530,0.000,0.000,0.000,0.000,0.000,0.000,0.000,0.000,53.377,50.530,0.000,33.995,74.065,7.430,0.000,103.907,52.285,33.995,0.000,20,automatic,serialFullRefresh,none,incremental,fullAllCurrentEntries,notApplicable,1,1,34082,0,18.144,0.303,0.000,86092,11.491,18.447,automatic,serialFullRefresh,none,incremental,fullAllCurrentEntries,notApplicable,1,1,200000,0,51.548,1.829,0.000,87504,14.168,53.377,automatic,serialImmediate,none,incremental,notApplicable,incremental,1,1,34082,0,0.000,0.000,0.000,0,0.000,33.838,automatic,serialImmediate,none,incremental,notApplicable,incremental,1,1,200000,0,0.000,0.000,0.000,0,0.000,50.530,automatic,serialDirty,none,notApplicable,notApplicable,incremental,1,1,0,59378,0.000,0.000,0.000,0,0.000,33.995,dirtyRange,dirtyRange,none,notApplicable,notApplicable,incremental,1,1,0,27283,0.000,0.000,0.000,0,0.000,7.430
Classic CPU ROAM,1,1,4,RelWithDebInfo,OpenGL,NVIDIA GeForce RTX 5090 D/PCIe/SSE2,4.1.0 NVIDIA 591.86,false,assets/heightmaps/Hm_Terrain_Peking_513.png,547,547,600000,200000,1,45,64,0.714,24.129,-12.906,21.302,-56.546,523.706,0.000,0.000,518.194,1,80.000,12.000,20,0.250,0.100,200000,false,true,false,true,automatic,automatic,automatic,automatic,automatic,automatic,0,0,0,0,0,32,160,0,both,46,9949714469453535672,11277505994945043421,17114593554410757175,13187097692078154093,1757098035051615044,200000,0,0,0,226.170,200000,1422106,0,166334,33666,199998,15499,7915,15499,0,11101,234137,200000,33808,5625,181450,0,61849,138151,28208,0,3132,0,0,0,0,10390632,0,1,0,0,0,0,0,0,0,0,0,0,0,0,0,0,0,282.993,98.164,11.540,20.948,34.143,0.000,0.000,0.000,0.000,0.000,49.966,0.000,0.000,0.000,0.000,0.000,0.000,0.000,0.000,58.562,49.966,0.000,29.459,78.373,8.746,0.000,108.528,55.090,29.459,0.000,20,automatic,serialFullRefresh,none,incremental,fullAllCurrentEntries,notApplicable,1,1,33998,0,20.637,0.310,0.000,88456,11.082,20.948,automatic,serialFullRefresh,none,incremental,fullAllCurrentEntries,notApplicable,1,1,200000,0,55.079,3.482,0.000,92994,14.854,58.562,automatic,serialImmediate,none,incremental,notApplicable,incremental,1,1,33998,0,0.000,0.000,0.000,0,0.000,34.143,automatic,serialImmediate,none,incremental,notApplicable,incremental,1,1,200000,0,0.000,0.000,0.000,0,0.000,49.966,automatic,serialDirty,none,notApplicable,notApplicable,incremental,1,1,0,61849,0.000,0.000,0.000,0,0.000,29.459,dirtyRange,dirtyRange,none,notApplicable,notApplicable,incremental,1,1,0,28208,0.000,0.000,0.000,0,0.000,8.746
Classic CPU ROAM,1,1,4,RelWithDebInfo,OpenGL,NVIDIA GeForce RTX 5090 D/PCIe/SSE2,4.1.0 NVIDIA 591.86,false,assets/heightmaps/Hm_Terrain_Peking_513.png,547,547,600000,200000,1,46,64,0.730,24.662,-7.212,20.740,-57.550,532.998,0.000,0.000,499.427,1,80.000,12.000,20,0.250,0.100,200000,false,true,false,true,automatic,automatic,automatic,automatic,automatic,automatic,0,0,0,0,0,32,160,0,both,47,8085739757682157168,15078120519465764866,3045942073179456604,5293515024652262564,6085422030732384001,200000,0,0,0,212.842,200000,1438704,0,165374,34626,199998,15927,8130,15927,0,11469,233951,200000,33610,5578,184800,0,63152,136848,28231,0,3288,0,0,0,0,10609536,0,1,0,0,0,0,0,0,0,0,0,0,0,0,0,0,0,277.854,98.675,8.519,20.814,33.816,0.000,0.000,0.000,0.000,0.000,51.559,0.000,0.000,0.000,0.000,0.000,0.000,0.000,0.000,55.032,51.559,0.000,35.554,72.558,8.439,0.000,106.590,54.631,35.554,0.000,20,automatic,serialFullRefresh,none,incremental,fullAllCurrentEntries,notApplicable,1,1,33808,0,20.330,0.484,0.000,89238,10.981,20.814,automatic,serialFullRefresh,none,incremental,fullAllCurrentEntries,notApplicable,1,1,200000,0,52.310,2.722,0.000,95562,15.615,55.032,automatic,serialImmediate,none,incremental,notApplicable,incremental,1,1,33808,0,0.000,0.000,0.000,0,0.000,33.816,automatic,serialImmediate,none,incremental,notApplicable,incremental,1,1,200000,0,0.000,0.000,0.000,0,0.000,51.559,automatic,serialDirty,none,notApplicable,notApplicable,incremental,1,1,0,63152,0.000,0.000,0.000,0,0.000,35.554,dirtyRange,dirtyRange,none,notApplicable,notApplicable,incremental,1,1,0,28231,0.000,0.000,0.000,0,0.000,8.439
Classic CPU ROAM,1,1,4,RelWithDebInfo,OpenGL,NVIDIA GeForce RTX 5090 D/PCIe/SSE2,4.1.0 NVIDIA 591.86,false,assets/heightmaps/Hm_Terrain_Peking_513.png,547,547,600000,200000,1,47,64,0.746,25.172,-1.446,20.150,-57.982,509.878,0.000,0.000,494.526,1,80.000,12.000,20,0.250,0.100,200000,false,true,false,true,automatic,automatic,automatic,automatic,automatic,automatic,0,0,0,0,0,32,160,0,both,48,14986513597530100079,14315627566301579737,2484608468122067079,18105314321580107672,11229033532730744092,200000,0,0,0,221.300,200000,1452546,0,166882,33118,199998,15176,7716,15176,0,10545,233813,200000,33584,5407,176066,0,61783,138217,27751,0,2759,0,0,0,0,10379544,0,1,0,0,0,0,0,0,0,0,0,0,0,0,0,0,0,264.473,99.670,10.855,18.831,33.276,0.000,0.000,0.000,0.000,0.000,48.136,0.000,0.000,0.000,0.000,0.000,0.000,0.000,0.000,56.872,48.136,0.000,32.990,63.511,8.449,0.000,105.008,52.107,32.990,0.000,20,automatic,serialFullRefresh,none,incremental,fullAllCurrentEntries,notApplicable,1,1,33610,0,18.426,0.405,0.000,85010,10.428,18.831,automatic,serialFullRefresh,none,incremental,fullAllCurrentEntries,notApplicable,1,1,200000,0,54.626,2.246,0.000,91056,14.610,56.872,automatic,serialImmediate,none,incremental,notApplicable,incremental,1,1,33610,0,0.000,0.000,0.000,0,0.000,33.276,automatic,serialImmediate,none,incremental,notApplicable,incremental,1,1,200000,0,0.000,0.000,0.000,0,0.000,48.136,automatic,serialDirty,none,notApplicable,notApplicable,incremental,1,1,0,61783,0.000,0.000,0.000,0,0.000,32.990,dirtyRange,dirtyRange,none,notApplicable,notApplicable,incremental,1,1,0,27751,0.000,0.000,0.000,0,0.000,8.449
Classic CPU ROAM,1,1,4,RelWithDebInfo,OpenGL,NVIDIA GeForce RTX 5090 D/PCIe/SSE2,4.1.0 NVIDIA 591.86,false,assets/heightmaps/Hm_Terrain_Peking_513.png,547,547,600000,200000,1,48,64,0.762,25.679,4.334,19.553,-57.838,507.885,0.000,0.000,523.182,1,80.000,12.000,20,0.250,0.100,200000,false,true,false,true,automatic,automatic,automatic,automatic,automatic,automatic,0,0,0,0,0,32,160,0,both,49,7875227717369078677,13257489703289346144,9737631344837350734,5806748580413909727,13058811890126140084,200000,0,0,0,226.602,200000,1465556,0,167804,32196,199998,14510,7293,14510,0,12238,233790,200000,33664,5540,169718,0,59852,140148,27141,0,4898,0,0,0,0,10055136,0,1,0,0,0,0,0,0,0,0,0,0,0,0,0,0,0,288.943,99.971,8.935,19.859,34.750,0.000,0.000,0.000,0.000,0.000,54.349,0.000,0.000,0.000,0.000,0.000,0.000,0.000,0.000,59.373,54.349,0.000,36.190,75.485,7.306,0.000,113.722,54.609,36.190,0.000,20,automatic,serialFullRefresh,none,incremental,fullAllCurrentEntries,notApplicable,1,1,33584,0,19.435,0.424,0.000,82658,11.426,19.859,automatic,serialFullRefresh,none,incremental,fullAllCurrentEntries,notApplicable,1,1,200000,0,56.909,2.464,0.000,87060,15.143,59.373,automatic,serialImmediate,none,incremental,notApplicable,incremental,1,1,33584,0,0.000,0.000,0.000,0,0.000,34.750,automatic,serialImmediate,none,incremental,notApplicable,incremental,1,1,200000,0,0.000,0.000,0.000,0,0.000,54.349,automatic,serialDirty,none,notApplicable,notApplicable,incremental,1,1,0,59852,0.000,0.000,0.000,0,0.000,36.190,dirtyRange,dirtyRange,none,notApplicable,notApplicable,incremental,1,1,0,27141,0.000,0.000,0.000,0,0.000,7.306
Classic CPU ROAM,1,1,4,RelWithDebInfo,OpenGL,NVIDIA GeForce RTX 5090 D/PCIe/SSE2,4.1.0 NVIDIA 591.86,false,assets/heightmaps/Hm_Terrain_Peking_513.png,547,547,600000,200000,1,49,64,0.778,26.215,10.072,18.974,-57.119,535.629,0.000,0.000,500.075,1,80.000,12.000,20,0.250,0.100,200000,false,true,false,true,automatic,automatic,automatic,automatic,automatic,automatic,0,0,0,0,0,32,160,0,both,50,14516129738966518200,9618937876771584471,15250975710174378021,9853983161442693405,4498258487991048180,200000,0,0,0,225.839,200000,1478618,0,168331,31669,199998,14092,7098,14092,0,8881,233867,200000,33680,4909,163882,0,58524,141476,26874,0,1769,0,0,0,0,9832032,0,1,0,0,0,0,0,0,0,0,0,0,0,0,0,0,0,266.190,104.756,7.837,18.954,30.933,0.000,0.000,0.000,0.000,0.000,49.077,0.000,0.000,0.000,0.000,0.000,0.000,0.000,0.000,54.346,49.077,0.000,33.425,71.617,7.765,0.000,103.422,49.888,33.425,0.000,20,automatic,serialFullRefresh,none,incremental,fullAllCurrentEntries,notApplicable,1,1,33664,0,18.672,0.283,0.000,79330,10.787,18.954,automatic,serialFullRefresh,none,incremental,fullAllCurrentEntries,notApplicable,1,1,200000,0,52.543,1.802,0.000,84552,13.034,54.346,automatic,serialImmediate,none,incremental,notApplicable,incremental,1,1,33664,0,0.000,0.000,0.000,0,0.000,30.933,automatic,serialImmediate,none,incremental,notApplicable,incremental,1,1,200000,0,0.000,0.000,0.000,0,0.000,49.077,automatic,serialDirty,none,notApplicable,notApplicable,incremental,1,1,0,58524,0.000,0.000,0.000,0,0.000,33.425,dirtyRange,dirtyRange,none,notApplicable,notApplicable,incremental,1,1,0,26874,0.000,0.000,0.000,0,0.000,7.765
Classic CPU ROAM,1,1,4,RelWithDebInfo,OpenGL,NVIDIA GeForce RTX 5090 D/PCIe/SSE2,4.1.0 NVIDIA 591.86,false,assets/heightmaps/Hm_Terrain_Peking_513.png,547,547,600000,200000,1,50,64,0.794,26.728,15.709,18.436,-55.832,512.886,0.000,0.000,501.429,1,80.000,12.000,20,0.250,0.100,200000,false,true,false,true,automatic,automatic,automatic,automatic,automatic,automatic,0,0,0,0,0,32,160,0,both,51,4624788526026817210,3008041548493109848,12218100229106065782,10807794686108216961,9740759885869643506,200000,0,0,0,213.855,200000,1494856,0,165192,34808,199998,16102,8263,16102,0,9625,233804,200000,33363,4642,187191,0,62886,137114,27490,0,1336,0,0,0,0,10564848,0,1,0,0,0,0,0,0,0,0,0,0,0,0,0,0,0,279.958,101.211,10.172,18.353,32.697,0.000,0.000,0.000,0.000,0.000,57.579,0.000,0.000,0.000,0.000,0.000,0.000,0.000,0.000,59.482,57.579,0.000,36.559,65.115,7.312,0.000,117.060,51.050,36.559,0.000,20,automatic,serialFullRefresh,none,incremental,fullAllCurrentEntries,notApplicable,1,1,33680,0,17.903,0.449,0.000,90579,12.061,18.353,automatic,serialFullRefresh,none,incremental,fullAllCurrentEntries,notApplicable,1,1,200000,0,56.545,2.937,0.000,96612,14.578,59.482,automatic,serialImmediate,none,incremental,notApplicable,incremental,1,1,33680,0,0.000,0.000,0.000,0,0.000,32.697,automatic,serialImmediate,none,incremental,notApplicable,incremental,1,1,200000,0,0.000,0.000,0.000,0,0.000,57.579,automatic,serialDirty,none,notApplicable,notApplicable,incremental,1,1,0,62886,0.000,0.000,0.000,0,0.000,36.559,dirtyRange,dirtyRange,none,notApplicable,notApplicable,incremental,1,1,0,27490,0.000,0.000,0.000,0,0.000,7.312
Classic CPU ROAM,1,1,4,RelWithDebInfo,OpenGL,NVIDIA GeForce RTX 5090 D/PCIe/SSE2,4.1.0 NVIDIA 591.86,false,assets/heightmaps/Hm_Terrain_Peking_513.png,547,547,600000,200000,1,51,64,0.810,27.243,21.190,17.959,-53.991,514.789,0.000,0.000,524.402,1,80.000,12.000,20,0.250,0.100,200000,false,true,false,true,automatic,automatic,automatic,automatic,automatic,automatic,0,0,0,0,0,32,160,0,both,52,2717975667231973755,5431540550642941704,11869539816467471350,11101953347597980034,17038757225831236034,200000,0,0,0,215.958,200000,1514374,0,162529,37471,199998,17971,9136,17971,0,10771,233638,200000,33277,4528,208636,0,64979,135021,27554,0,1627,0,0,0,0,10916472,0,1,0,0,0,0,0,0,0,0,0,0,0,0,0,0,0,299.038,100.085,9.607,18.720,36.562,0.000,0.000,0.000,0.000,0.000,62.101,0.000,0.000,0.000,0.000,0.000,0.000,0.000,0.000,55.122,62.101,0.000,40.052,76.873,9.113,0.000,117.222,55.281,40.052,0.000,20,automatic,serialFullRefresh,none,incremental,fullAllCurrentEntries,notApplicable,1,1,33363,0,18.306,0.413,0.000,100810,13.410,18.720,automatic,serialFullRefresh,none,incremental,fullAllCurrentEntries,notApplicable,1,1,200000,0,52.631,2.491,0.000,107826,15.095,55.122,automatic,serialImmediate,none,incremental,notApplicable,incremental,1,1,33363,0,0.000,0.000,0.000,0,0.000,36.562,automatic,serialImmediate,none,incremental,notApplicable,incremental,1,1,200000,0,0.000,0.000,0.000,0,0.000,62.101,automatic,serialDirty,none,notApplicable,notApplicable,incremental,1,1,0,64979,0.000,0.000,0.000,0,0.000,40.052,dirtyRange,dirtyRange,none,notApplicable,notApplicable,incremental,1,1,0,27554,0.000,0.000,0.000,0,0.000,9.113
Classic CPU ROAM,1,1,4,RelWithDebInfo,OpenGL,NVIDIA GeForce RTX 5090 D/PCIe/SSE2,4.1.0 NVIDIA 591.86,false,assets/heightmaps/Hm_Terrain_Peking_513.png,547,547,600000,200000,1,52,64,0.825,27.779,26.460,17.564,-51.613,536.385,0.000,0.000,510.867,1,80.000,12.000,20,0.250,0.100,200000,false,true,false,true,automatic,automatic,automatic,automatic,automatic,automatic,0,0,0,0,0,32,160,0,both,53,13383574132570346014,11415814594753363039,12764079798955427945,7792899992017091332,10776500482527101165,200000,0,0,0,218.069,200000,1534184,0,163280,36720,199998,17601,8847,17601,0,11105,233584,200000,33237,4434,200822,0,64747,135253,27853,0,2257,0,0,0,0,10877496,0,1,0,0,0,0,0,0,0,0,0,0,0,0,0,0,0,284.429,96.334,10.555,19.418,33.068,0.000,0.000,0.000,0.000,0.000,56.606,0.000,0.000,0.000,0.000,0.000,0.000,0.000,0.000,56.190,56.606,0.000,39.203,69.386,7.959,0.000,112.796,52.487,39.203,0.000,20,automatic,serialFullRefresh,none,incremental,fullAllCurrentEntries,notApplicable,1,1,33277,0,18.873,0.545,0.000,95216,11.846,19.418,automatic,serialFullRefresh,none,incremental,fullAllCurrentEntries,notApplicable,1,1,200000,0,53.932,2.258,0.000,105606,15.065,56.190,automatic,serialImmediate,none,incremental,notApplicable,incremental,1,1,33277,0,0.000,0.000,0.000,0,0.000,33.068,automatic,serialImmediate,none,incremental,notApplicable,incremental,1,1,200000,0,0.000,0.000,0.000,0,0.000,56.606,automatic,serialDirty,none,notApplicable,notApplicable,incremental,1,1,0,64747,0.000,0.000,0.000,0,0.000,39.203,dirtyRange,dirtyRange,none,notApplicable,notApplicable,incremental,1,1,0,27853,0.000,0.000,0.000,0,0.000,7.959
Classic CPU ROAM,1,1,4,RelWithDebInfo,OpenGL,NVIDIA GeForce RTX 5090 D/PCIe/SSE2,4.1.0 NVIDIA 591.86,false,assets/heightmaps/Hm_Terrain_Peking_513.png,547,547,600000,200000,1,53,64,0.841,28.299,31.468,17.265,-48.722,520.059,0.000,0.000,497.113,1,80.000,12.000,20,0.250,0.100,200000,false,true,false,true,automatic,automatic,automatic,automatic,automatic,automatic,0,0,0,0,0,32,160,0,both,54,1580304990554943114,9922918741564438369,11299377438957458635,10262884149721314647,14616469546901186370,200000,0,0,0,215.816,200000,1551700,0,164969,35031,199998,16802,8469,16802,0,11451,233656,200000,33381,4470,194526,0,66448,133552,28585,0,2955,0,0,0,0,11163264,0,1,0,0,0,0,0,0,0,0,0,0,0,0,0,0,0,272.690,99.113,7.374,19.735,31.718,0.000,0.000,0.000,0.000,0.000,54.090,0.000,0.000,0.000,0.000,0.000,0.000,0.000,0.000,52.981,54.090,0.000,36.880,69.909,8.300,0.000,107.071,51.453,36.880,0.000,20,automatic,serialFullRefresh,none,incremental,fullAllCurrentEntries,notApplicable,1,1,33237,0,19.087,0.648,0.000,93714,11.401,19.735,automatic,serialFullRefresh,none,incremental,fullAllCurrentEntries,notApplicable,1,1,200000,0,50.375,2.606,0.000,100812,15.226,52.981,automatic,serialImmediate,none,incremental,notApplicable,incremental,1,1,33237,0,0.000,0.000,0.000,0,0.000,31.718,automatic,serialImmediate,none,incremental,notApplicable,incremental,1,1,200000,0,0.000,0.000,0.000,0,0.000,54.090,automatic,serialDirty,none,notApplicable,notApplicable,incremental,1,1,0,66448,0.000,0.000,0.000,0,0.000,36.880,dirtyRange,dirtyRange,none,notApplicable,notApplicable,incremental,1,1,0,28585,0.000,0.000,0.000,0,0.000,8.300
Classic CPU ROAM,1,1,4,RelWithDebInfo,OpenGL,NVIDIA GeForce RTX 5090 D/PCIe/SSE2,4.1.0 NVIDIA 591.86,false,assets/heightmaps/Hm_Terrain_Peking_513.png,547,547,600000,200000,1,54,64,0.857,28.805,36.162,17.075,-45.346,505.922,0.000,0.000,496.460,1,80.000,12.000,20,0.250,0.100,200000,false,true,false,true,automatic,automatic,automatic,automatic,automatic,automatic,0,0,0,0,0,32,160,0,both,55,7640739004756412505,7309046668467611194,13233218095478895300,4758323082569551632,17497705209897025484,200000,0,0,0,227.246,200000,1565178,0,165183,34817,199998,16670,8438,16670,0,11299,233849,200000,33498,4914,193821,0,66388,133612,28963,0,2862,0,0,0,0,11153184,0,1,0,0,0,0,0,0,0,0,0,0,0,0,0,0,0,260.144,99.346,8.666,16.943,31.722,0.000,0.000,0.000,0.000,0.000,54.346,0.000,0.000,0.000,0.000,0.000,0.000,0.000,0.000,50.900,54.346,0.000,35.076,62.490,8.803,0.000,105.245,48.665,35.076,0.000,20,automatic,serialFullRefresh,none,incremental,fullAllCurrentEntries,notApplicable,1,1,33381,0,16.545,0.398,0.000,93801,11.660,16.943,automatic,serialFullRefresh,none,incremental,fullAllCurrentEntries,notApplicable,1,1,200000,0,48.095,2.805,0.000,100020,14.517,50.900,automatic,serialImmediate,none,incremental,notApplicable,incremental,1,1,33381,0,0.000,0.000,0.000,0,0.000,31.722,automatic,serialImmediate,none,incremental,notApplicable,incremental,1,1,200000,0,0.000,0.000,0.000,0,0.000,54.346,automatic,serialDirty,none,notApplicable,notApplicable,incremental,1,1,0,66388,0.000,0.000,0.000,0,0.000,35.076,dirtyRange,dirtyRange,none,notApplicable,notApplicable,incremental,1,1,0,28963,0.000,0.000,0.000,0,0.000,8.803
Classic CPU ROAM,1,1,4,RelWithDebInfo,OpenGL,NVIDIA GeForce RTX 5090 D/PCIe/SSE2,4.1.0 NVIDIA 591.86,false,assets/heightmaps/Hm_Terrain_Peking_513.png,547,547,600000,200000,1,55,64,0.873,29.314,40.498,17.001,-41.520,509.389,0.000,0.000,502.752,1,80.000,12.000,20,0.250,0.100,200000,false,true,false,true,automatic,automatic,automatic,automatic,automatic,automatic,0,0,0,0,0,32,160,0,both,56,10043160010472302083,9605223092137381235,13660230550454375333,15825790280935282699,3241115206792746625,200000,0,0,0,220.681,200000,1576172,0,164407,35593,199998,16899,8576,16899,0,12486,233815,200000,33558,5850,194450,0,66427,133573,29206,0,3891,0,0,0,0,11159736,0,1,0,0,0,0,0,0,0,0,0,0,0,0,0,0,0,273.971,97.888,9.618,17.979,32.936,0.000,0.000,0.000,0.000,0.000,59.694,0.000,0.000,0.000,0.000,0.000,0.000,0.000,0.000,51.814,59.694,0.000,33.694,68.233,7.861,0.000,111.508,50.915,33.694,0.000,20,automatic,serialFullRefresh,none,incremental,fullAllCurrentEntries,notApplicable,1,1,33498,0,17.565,0.414,0.000,93056,11.283,17.979,automatic,serialFullRefresh,none,incremental,fullAllCurrentEntries,notApplicable,1,1,200000,0,50.126,1.688,0.000,101394,14.889,51.814,automatic,serialImmediate,none,incremental,notApplicable,incremental,1,1,33498,0,0.000,0.000,0.000,0,0.000,32.936,automatic,serialImmediate,none,incremental,notApplicable,incremental,1,1,200000,0,0.000,0.000,0.000,0,0.000,59.694,automatic,serialDirty,none,notApplicable,notApplicable,incremental,1,1,0,66427,0.000,0.000,0.000,0,0.000,33.694,dirtyRange,dirtyRange,none,notApplicable,notApplicable,incremental,1,1,0,29206,0.000,0.000,0.000,0,0.000,7.861
Classic CPU ROAM,1,1,4,RelWithDebInfo,OpenGL,NVIDIA GeForce RTX 5090 D/PCIe/SSE2,4.1.0 NVIDIA 591.86,false,assets/heightmaps/Hm_Terrain_Peking_513.png,547,547,600000,200000,1,56,64,0.889,29.833,44.431,17.046,-37.282,518.357,0.000,0.000,544.131,1,80.000,12.000,20,0.250,0.100,200000,false,true,false,true,automatic,automatic,automatic,automatic,automatic,automatic,0,0,0,0,0,32,160,0,both,57,10489926895760994281,2991304471034850643,15320526172865684881,2165207472236880897,4634311126509484066,200000,0,0,0,235.076,200000,1586108,0,162529,37471,199998,18110,9206,18110,0,12596,233670,200000,33445,6414,204891,0,67642,132358,29578,0,3345,0,0,0,0,11363856,0,1,0,0,0,0,0,0,0,0,0,0,0,0,0,0,0,300.885,99.093,7.913,19.942,40.870,0.000,0.000,0.000,0.000,0.000,62.312,0.000,0.000,0.000,0.000,0.000,0.000,0.000,0.000,53.244,62.312,0.000,42.957,73.644,7.949,0.000,115.557,60.812,42.957,0.000,20,automatic,serialFullRefresh,none,incremental,fullAllCurrentEntries,notApplicable,1,1,33558,0,19.246,0.696,0.000,96231,12.633,19.942,automatic,serialFullRefresh,none,incremental,fullAllCurrentEntries,notApplicable,1,1,200000,0,51.464,1.780,0.000,108660,18.278,53.244,automatic,serialImmediate,none,incremental,notApplicable,incremental,1,1,33558,0,0.000,0.000,0.000,0,0.000,40.870,automatic,serialImmediate,none,incremental,notApplicable,incremental,1,1,200000,0,0.000,0.000,0.000,0,0.000,62.312,automatic,serialDirty,none,notApplicable,notApplicable,incremental,1,1,0,67642,0.000,0.000,0.000,0,0.000,42.957,dirtyRange,dirtyRange,none,notApplicable,notApplicable,incremental,1,1,0,29578,0.000,0.000,0.000,0,0.000,7.949
Classic CPU ROAM,1,1,4,RelWithDebInfo,OpenGL,NVIDIA GeForce RTX 5090 D/PCIe/SSE2,4.1.0 NVIDIA 591.86,false,assets/heightmaps/Hm_Terrain_Peking_513.png,547,547,600000,200000,1,57,64,0.905,30.394,47.922,17.207,-32.673,561.021,0.000,0.000,523.874,1,80.000,12.000,20,0.250,0.100,200000,false,true,false,true,automatic,automatic,automatic,automatic,automatic,automatic,0,0,0,0,0,32,160,0,both,58,3640679193703727146,14931035836366094131,8782637290810732841,1011084393964165441,10819543546728440841,200000,0,0,0,227.961,200000,1595956,0,162156,37844,199998,17926,9041,17926,0,12232,233810,200000,33598,5648,206245,0,69761,130239,30045,0,3127,0,0,0,0,11719848,0,1,0,0,0,0,0,0,0,0,0,0,0,0,0,0,0,286.370,97.172,9.410,18.407,37.928,0.000,0.000,0.000,0.000,0.000,60.904,0.000,0.000,0.000,0.000,0.000,0.000,0.000,0.000,52.609,60.904,0.000,40.241,66.870,9.215,0.000,113.513,56.334,40.241,0.000,20,automatic,serialFullRefresh,none,incremental,fullAllCurrentEntries,notApplicable,1,1,33445,0,18.001,0.406,0.000,98689,12.889,18.407,automatic,serialFullRefresh,none,incremental,fullAllCurrentEntries,notApplicable,1,1,200000,0,50.096,2.513,0.000,107556,17.134,52.609,automatic,serialImmediate,none,incremental,notApplicable,incremental,1,1,33445,0,0.000,0.000,0.000,0,0.000,37.928,automatic,serialImmediate,none,incremental,notApplicable,incremental,1,1,200000,0,0.000,0.000,0.000,0,0.000,60.904,automatic,serialDirty,none,notApplicable,notApplicable,incremental,1,1,0,69761,0.000,0.000,0.000,0,0.000,40.241,dirtyRange,dirtyRange,none,notApplicable,notApplicable,incremental,1,1,0,30045,0.000,0.000,0.000,0,0.000,9.215
Classic CPU ROAM,1,1,4,RelWithDebInfo,OpenGL,NVIDIA GeForce RTX 5090 D/PCIe/SSE2,4.1.0 NVIDIA 591.86,false,assets/heightmaps/Hm_Terrain_Peking_513.png,547,547,600000,200000,1,58,64,0.921,30.931,50.937,17.480,-27.739,536.679,0.000,0.000,500.607,1,80.000,12.000,20,0.250,0.100,200000,false,true,false,true,automatic,automatic,automatic,automatic,automatic,automatic,0,0,0,0,0,32,160,0,both,59,16456659559126933123,2939512850328083782,3999098198439707140,5397616923161460118,11478518909909553113,200000,0,0,0,217.445,200000,1604498,0,164775,35225,199998,15972,8097,15972,0,10559,233983,200000,33776,5160,189504,0,67952,132048,30218,0,2440,0,0,0,0,11415936,0,1,0,0,0,0,0,0,0,0,0,0,0,0,0,0,0,274.684,101.562,10.246,19.126,33.693,0.000,0.000,0.000,0.000,0.000,56.754,0.000,0.000,0.000,0.000,0.000,0.000,0.000,0.000,51.215,56.754,0.000,36.442,67.206,8.228,0.000,107.969,52.819,36.442,0.000,20,automatic,serialFullRefresh,none,incremental,fullAllCurrentEntries,notApplicable,1,1,33598,0,18.625,0.501,0.000,93672,12.554,19.126,automatic,serialFullRefresh,none,incremental,fullAllCurrentEntries,notApplicable,1,1,200000,0,49.205,2.010,0.000,95832,15.436,51.215,automatic,serialImmediate,none,incremental,notApplicable,incremental,1,1,33598,0,0.000,0.000,0.000,0,0.000,33.693,automatic,serialImmediate,none,incremental,notApplicable,incremental,1,1,200000,0,0.000,0.000,0.000,0,0.000,56.754,automatic,serialDirty,none,notApplicable,notApplicable,incremental,1,1,0,67952,0.000,0.000,0.000,0,0.000,36.442,dirtyRange,dirtyRange,none,notApplicable,notApplicable,incremental,1,1,0,30218,0.000,0.000,0.000,0,0.000,8.228
Classic CPU ROAM,1,1,4,RelWithDebInfo,OpenGL,NVIDIA GeForce RTX 5090 D/PCIe/SSE2,4.1.0 NVIDIA 591.86,false,assets/heightmaps/Hm_Terrain_Peking_513.png,547,547,600000,200000,1,59,64,0.937,31.447,53.446,17.852,-22.529,516.024,0.000,0.000,509.092,1,80.000,12.000,20,0.250,0.100,200000,false,true,false,true,automatic,automatic,automatic,automatic,automatic,automatic,0,0,0,0,0,32,160,0,both,60,8331262008288669219,3769314798835084249,8482777898488438687,10367284481961459862,14770460149585646933,200000,0,0,0,231.497,200000,1610400,0,168968,31032,199998,14004,7137,14004,0,9815,233963,200000,33635,4676,164499,0,62402,137598,28954,0,2639,0,0,0,0,10483536,0,1,0,0,0,0,0,0,0,0,0,0,0,0,0,0,0,268.330,99.994,9.014,18.394,29.663,0.000,0.000,0.000,0.000,0.000,49.253,0.000,0.000,0.000,0.000,0.000,0.000,0.000,0.000,54.475,49.253,0.000,34.755,72.775,8.957,0.000,103.728,48.057,34.755,0.000,20,automatic,serialFullRefresh,none,incremental,fullAllCurrentEntries,notApplicable,1,1,33776,0,18.065,0.329,0.000,80475,11.004,18.394,automatic,serialFullRefresh,none,incremental,fullAllCurrentEntries,notApplicable,1,1,200000,0,52.451,2.024,0.000,84024,13.531,54.475,automatic,serialImmediate,none,incremental,notApplicable,incremental,1,1,33776,0,0.000,0.000,0.000,0,0.000,29.663,automatic,serialImmediate,none,incremental,notApplicable,incremental,1,1,200000,0,0.000,0.000,0.000,0,0.000,49.253,automatic,serialDirty,none,notApplicable,notApplicable,incremental,1,1,0,62402,0.000,0.000,0.000,0,0.000,34.755,dirtyRange,dirtyRange,none,notApplicable,notApplicable,incremental,1,1,0,28954,0.000,0.000,0.000,0,0.000,8.957
Classic CPU ROAM,1,1,4,RelWithDebInfo,OpenGL,NVIDIA GeForce RTX 5090 D/PCIe/SSE2,4.1.0 NVIDIA 591.86,false,assets/heightmaps/Hm_Terrain_Peking_513.png,547,547,600000,200000,1,60,64,0.952,31.969,55.423,18.310,-17.096,522.704,0.000,0.000,523.629,1,80.000,12.000,20,0.250,0.100,200000,false,true,false,true,automatic,automatic,automatic,automatic,automatic,automatic,0,0,0,0,0,32,160,0,both,61,13343772191717118949,14069151452979917280,891199421083777342,13114021429464446957,9792374462707050516,200000,0,0,0,230.336,200000,1613728,0,166571,33429,199998,15077,7673,15077,0,10130,233914,200000,33628,5206,177259,0,61085,138915,29201,0,2412,0,0,0,0,10262280,0,1,0,0,0,0,0,0,0,0,0,0,0,0,0,0,0,284.554,100.077,8.824,18.265,36.189,0.000,0.000,0.000,0.000,0.000,56.184,0.000,0.000,0.000,0.000,0.000,0.000,0.000,0.000,50.692,56.184,0.000,36.734,77.666,8.326,0.000,106.876,54.454,36.734,0.000,20,automatic,serialFullRefresh,none,incremental,fullAllCurrentEntries,notApplicable,1,1,33635,0,17.847,0.417,0.000,86797,11.927,18.265,automatic,serialFullRefresh,none,incremental,fullAllCurrentEntries,notApplicable,1,1,200000,0,48.970,1.722,0.000,90462,16.326,50.692,automatic,serialImmediate,none,incremental,notApplicable,incremental,1,1,33635,0,0.000,0.000,0.000,0,0.000,36.189,automatic,serialImmediate,none,incremental,notApplicable,incremental,1,1,200000,0,0.000,0.000,0.000,0,0.000,56.184,automatic,serialDirty,none,notApplicable,notApplicable,incremental,1,1,0,61085,0.000,0.000,0.000,0,0.000,36.734,dirtyRange,dirtyRange,none,notApplicable,notApplicable,incremental,1,1,0,29201,0.000,0.000,0.000,0,0.000,8.326
Classic CPU ROAM,1,1,4,RelWithDebInfo,OpenGL,NVIDIA GeForce RTX 5090 D/PCIe/SSE2,4.1.0 NVIDIA 591.86,false,assets/heightmaps/Hm_Terrain_Peking_513.png,547,547,600000,200000,1,61,64,0.968,32.507,56.850,18.835,-11.492,537.490,0.000,0.000,533.475,1,80.000,12.000,20,0.250,0.100,200000,false,true,false,true,automatic,automatic,automatic,automatic,automatic,automatic,0,0,0,0,0,32,160,0,both,62,8372586506375347726,14119568360212279838,14426469115822831624,17934462993234615333,14359339353071339021,200000,0,0,0,237.821,200000,1616268,0,165500,34500,199998,15566,7957,15566,0,11036,233818,200000,33577,5724,181255,0,64317,135683,30351,0,3031,0,0,0,0,10805256,0,1,0,0,0,0,0,0,0,0,0,0,0,0,0,0,0,286.684,98.285,11.682,18.669,33.966,0.000,0.000,0.000,0.000,0.000,55.801,0.000,0.000,0.000,0.000,0.000,0.000,0.000,0.000,55.861,55.801,0.000,35.959,74.743,8.785,0.000,111.662,52.635,35.959,0.000,20,automatic,serialFullRefresh,none,incremental,fullAllCurrentEntries,notApplicable,1,1,33628,0,18.392,0.277,0.000,87859,11.851,18.669,automatic,serialFullRefresh,none,incremental,fullAllCurrentEntries,notApplicable,1,1,200000,0,53.450,2.411,0.000,93396,15.684,55.861,automatic,serialImmediate,none,incremental,notApplicable,incremental,1,1,33628,0,0.000,0.000,0.000,0,0.000,33.966,automatic,serialImmediate,none,incremental,notApplicable,incremental,1,1,200000,0,0.000,0.000,0.000,0,0.000,55.801,automatic,serialDirty,none,notApplicable,notApplicable,incremental,1,1,0,64317,0.000,0.000,0.000,0,0.000,35.959,dirtyRange,dirtyRange,none,notApplicable,notApplicable,incremental,1,1,0,30351,0.000,0.000,0.000,0,0.000,8.785
Classic CPU ROAM,1,1,4,RelWithDebInfo,OpenGL,NVIDIA GeForce RTX 5090 D/PCIe/SSE2,4.1.0 NVIDIA 591.86,false,assets/heightmaps/Hm_Terrain_Peking_513.png,547,547,600000,200000,1,62,64,0.984,33.053,57.712,19.406,-5.775,546.250,0.000,0.000,518.372,1,80.000,12.000,20,0.250,0.100,200000,false,true,false,true,automatic,automatic,automatic,automatic,automatic,automatic,0,0,0,0,0,32,160,0,both,63,15462728897452778546,8145734515516221240,4795982067226492978,6556562284743222332,2373929567024298828,200000,0,0,0,229.074,200000,1618212,0,164729,35271,199998,15775,8075,15775,0,11289,233768,200000,33553,6164,183484,0,65507,134493,30601,0,3117,0,0,0,0,11005176,0,1,0,0,0,0,0,0,0,0,0,0,0,0,0,0,0,279.990,98.148,9.149,18.813,35.731,0.000,0.000,0.000,0.000,0.000,55.790,0.000,0.000,0.000,0.000,0.000,0.000,0.000,0.000,52.756,55.790,0.000,35.978,71.771,8.871,0.000,108.546,54.544,35.978,0.000,20,automatic,serialFullRefresh,none,incremental,fullAllCurrentEntries,notApplicable,1,1,33577,0,18.284,0.529,0.000,88834,11.712,18.813,automatic,serialFullRefresh,none,incremental,fullAllCurrentEntries,notApplicable,1,1,200000,0,50.171,2.585,0.000,94650,15.552,52.756,automatic,serialImmediate,none,incremental,notApplicable,incremental,1,1,33577,0,0.000,0.000,0.000,0,0.000,35.731,automatic,serialImmediate,none,incremental,notApplicable,incremental,1,1,200000,0,0.000,0.000,0.000,0,0.000,55.790,automatic,serialDirty,none,notApplicable,notApplicable,incremental,1,1,0,65507,0.000,0.000,0.000,0,0.000,35.978,dirtyRange,dirtyRange,none,notApplicable,notApplicable,incremental,1,1,0,30601,0.000,0.000,0.000,0,0.000,8.871
Classic CPU ROAM,1,1,4,RelWithDebInfo,OpenGL,NVIDIA GeForce RTX 5090 D/PCIe/SSE2,4.1.0 NVIDIA 591.86,false,assets/heightmaps/Hm_Terrain_Peking_513.png,547,547,600000,200000,1,63,64,1.000,33.584,58.000,20.000,0.000,531.406,0.000,0.000,525.482,1,80.000,12.000,20,0.250,0.100,200000,false,true,false,true,automatic,automatic,automatic,automatic,automatic,automatic,0,0,0,0,0,32,160,0,both,64,9284411679429003475,16565719601786175302,17501515389035867340,5890957517759327051,4689295398733777415,200000,0,0,0,236.065,200000,1618212,0,167505,32495,199998,14237,7228,14237,0,11225,233858,200000,33558,5847,168875,0,62160,137840,29725,0,3984,0,0,0,0,10442880,0,1,0,0,0,0,0,0,0,0,0,0,0,0,0,0,0,281.377,99.601,7.804,19.794,32.977,0.000,0.000,0.000,0.000,0.000,50.945,0.000,0.000,0.000,0.000,0.000,0.000,0.000,0.000,58.442,50.945,0.000,35.914,75.499,7.674,0.000,109.386,52.771,35.914,0.000,20,automatic,serialFullRefresh,none,incremental,fullAllCurrentEntries,notApplicable,1,1,33553,0,19.368,0.425,0.000,83453,10.988,19.794,automatic,serialFullRefresh,none,incremental,fullAllCurrentEntries,notApplicable,1,1,200000,0,55.456,2.986,0.000,85422,14.458,58.442,automatic,serialImmediate,none,incremental,notApplicable,incremental,1,1,33553,0,0.000,0.000,0.000,0,0.000,32.977,automatic,serialImmediate,none,incremental,notApplicable,incremental,1,1,200000,0,0.000,0.000,0.000,0,0.000,50.945,automatic,serialDirty,none,notApplicable,notApplicable,incremental,1,1,0,62160,0.000,0.000,0.000,0,0.000,35.914,dirtyRange,dirtyRange,none,notApplicable,notApplicable,incremental,1,1,0,29725,0.000,0.000,0.000,0,0.000,7.674
