algorithm,buildConfiguration,graphicsBackend,graphicsAdapter,graphicsVersion,vSyncEnabled,heightMapPath,heightMapWidth,heightMapHeight,terrainSize,heightScale,maxDepthSetting,screenSpaceSplitThresholdPixels,screenSpaceMergeThresholdPixels,triangleBudget,dodParallelSplitEnabled,pathSampleIndex,pathSampleCount,pathProgress,timeSeconds,cameraX,cameraY,cameraZ,frameMilliseconds,triangles,nodes,activeSplits,splits,forcedSplits,merges,candidatePeak,persistentSplitQueueSize,persistentMergeQueueSize,queueCrossoverCount,queueMembershipUpdateCount,cpuMeshFullRebuildCount,cpuMeshUpdatedTriangleCount,cpuMeshReusedTriangleCount,cpuMeshDirtyRangeCount,budgetRejectedSplits,tjunctions,invalidNeighbors,invalidTopology,cpuWorkers,cpuUtilizationPercent,lodTotalMilliseconds,cpuUpdateMilliseconds,cpuPrepareMilliseconds,cpuMergeCandidateMarkMilliseconds,cpuMergeTopologyMilliseconds,cpuBudgetLeafCollectMilliseconds,cpuErrorEvalMilliseconds,cpuSplitCandidateMarkMilliseconds,cpuSplitTopologyMilliseconds,cpuSplitTopologyChunkBuildMilliseconds,cpuSplitTopologyQueueInvalidationMilliseconds,cpuSplitTopologyParallelCommitMilliseconds,cpuSplitTopologyResultMergeMilliseconds,cpuSplitTopologyIndexQueueRefreshMilliseconds,cpuSplitTopologySerialConvergenceMilliseconds,cpuMergeTopologyChunkBuildMilliseconds,cpuMergeTopologyQueueInvalidationMilliseconds,cpuMergeTopologyParallelCommitMilliseconds,cpuMergeTopologyResultMergeMilliseconds,cpuMergeTopologyIndexQueueRefreshMilliseconds,cpuMergeTopologySerialConvergenceMilliseconds,cpuFinalLeafCollectMilliseconds,cpuMeshEmitMilliseconds,cpuFinalizeMilliseconds,cpuUploadMilliseconds,frameFenceWaitMilliseconds,renderMilliseconds,cpuGpuUploadBytes,cpuGpuReadbackBytes,splitMilliseconds,mergeMilliseconds,emitMilliseconds,validateMilliseconds,maxDepthReached,buildSequence,replayInputHash,topologyHash,activeLeafHash,meshHash,normalizedMeshHash,evidenceTriangleBudget,budgetViolationCount,queueInvariantViolationCount,resourceValidationFailureCount,passEvidenceMilliseconds,pass_mergeScoreRequestedAction,pass_mergeScoreEffectiveAction,pass_mergeScoreFallbackReason,pass_mergeScoreMembershipUpdate,pass_mergeScorePriorityRefresh,pass_mergeScoreDataUpdate,pass_mergeScoreRequestedWorkerCount,pass_mergeScoreEffectiveWorkerCount,pass_mergeScoreCandidateCount,pass_mergeScoreDirtyItemCount,pass_mergeScoreScoreMs,pass_mergeScoreHeapifyMs,pass_mergeScoreCandidateSnapshotMs,pass_mergeScoreMembershipUpdateCount,pass_mergeScoreMembershipUpdateMs,pass_mergeScoreWallMs,pass_splitScoreRequestedAction,pass_splitScoreEffectiveAction,pass_splitScoreFallbackReason,pass_splitScoreMembershipUpdate,pass_splitScorePriorityRefresh,pass_splitScoreDataUpdate,pass_splitScoreRequestedWorkerCount,pass_splitScoreEffectiveWorkerCount,pass_splitScoreCandidateCount,pass_splitScoreDirtyItemCount,pass_splitScoreScoreMs,pass_splitScoreHeapifyMs,pass_splitScoreCandidateSnapshotMs,pass_splitScoreMembershipUpdateCount,pass_splitScoreMembershipUpdateMs,pass_splitScoreWallMs,pass_mergeTopologyRequestedAction,pass_mergeTopologyEffectiveAction,pass_mergeTopologyFallbackReason,pass_mergeTopologyMembershipUpdate,pass_mergeTopologyPriorityRefresh,pass_mergeTopologyDataUpdate,pass_mergeTopologyRequestedWorkerCount,pass_mergeTopologyEffectiveWorkerCount,pass_mergeTopologyCandidateCount,pass_mergeTopologyDirtyItemCount,pass_mergeTopologyScoreMs,pass_mergeTopologyHeapifyMs,pass_mergeTopologyCandidateSnapshotMs,pass_mergeTopologyMembershipUpdateCount,pass_mergeTopologyMembershipUpdateMs,pass_mergeTopologyWallMs,pass_splitTopologyRequestedAction,pass_splitTopologyEffectiveAction,pass_splitTopologyFallbackReason,pass_splitTopologyMembershipUpdate,pass_splitTopologyPriorityRefresh,pass_splitTopologyDataUpdate,pass_splitTopologyRequestedWorkerCount,pass_splitTopologyEffectiveWorkerCount,pass_splitTopologyCandidateCount,pass_splitTopologyDirtyItemCount,pass_splitTopologyScoreMs,pass_splitTopologyHeapifyMs,pass_splitTopologyCandidateSnapshotMs,pass_splitTopologyMembershipUpdateCount,pass_splitTopologyMembershipUpdateMs,pass_splitTopologyWallMs,pass_meshEmitRequestedAction,pass_meshEmitEffectiveAction,pass_meshEmitFallbackReason,pass_meshEmitMembershipUpdate,pass_meshEmitPriorityRefresh,pass_meshEmitDataUpdate,pass_meshEmitRequestedWorkerCount,pass_meshEmitEffectiveWorkerCount,pass_meshEmitCandidateCount,pass_meshEmitDirtyItemCount,pass_meshEmitScoreMs,pass_meshEmitHeapifyMs,pass_meshEmitCandidateSnapshotMs,pass_meshEmitMembershipUpdateCount,pass_meshEmitMembershipUpdateMs,pass_meshEmitWallMs,pass_cpuUploadRequestedAction,pass_cpuUploadEffectiveAction,pass_cpuUploadFallbackReason,pass_cpuUploadMembershipUpdate,pass_cpuUploadPriorityRefresh,pass_cpuUploadDataUpdate,pass_cpuUploadRequestedWorkerCount,pass_cpuUploadEffectiveWorkerCount,pass_cpuUploadCandidateCount,pass_cpuUploadDirtyItemCount,pass_cpuUploadScoreMs,pass_cpuUploadHeapifyMs,pass_cpuUploadCandidateSnapshotMs,pass_cpuUploadMembershipUpdateCount,pass_cpuUploadMembershipUpdateMs,pass_cpuUploadWallMs
Classic CPU ROAM,RelWithDebInfo,OpenGL,NVIDIA GeForce RTX 5090 D/PCIe/SSE2,4.1.0 NVIDIA 591.86,false,assets/heightmaps/Hm_Terrain_Peking_513.png,547,547,80.000,12.000,20,0.250,0.100,200000,false,0,64,0.000,0.000,58.000,20.000,0.000,98.865,200000,399998,199998,199998,99941,0,233559,200000,33559,0,1369743,1,200000,0,1,796,0,0,0,1,98.838,967.882,797.259,95.019,0.000,0.000,0.000,0.000,0.001,441.709,0.000,0.000,0.000,0.000,0.000,441.709,0.000,0.000,0.000,0.000,0.000,0.000,0.000,184.002,76.527,3.535,0.000,0.000,33600000,0,441.709,0.000,184.002,0.000,20,1,11070259552394042318,7588432357280601828,4475650156416630638,220946018676980248,18112605446491640586,200000,0,0,0,167.020,automatic,serialFullRefresh,noWork,incremental,fullAllCurrentEntries,notApplicable,1,0,0,0,0.000,0.000,0.000,769747,34.546,0.000,automatic,serialFullRefresh,none,incremental,fullAllCurrentEntries,notApplicable,1,1,2,0,0.000,0.000,0.000,599996,107.832,0.001,automatic,serialImmediate,noWork,incremental,notApplicable,incremental,1,0,0,0,0.000,0.000,0.000,0,0.000,0.000,automatic,serialImmediate,none,incremental,notApplicable,incremental,1,1,2,0,0.000,0.000,0.000,0,0.000,441.709,automatic,serialDirty,none,notApplicable,notApplicable,full,1,1,0,200000,0.000,0.000,0.000,0,0.000,184.002,fullBuffer,fullBuffer,none,notApplicable,notApplicable,full,1,1,0,1,0.000,0.000,0.000,0,0.000,3.535
Classic CPU ROAM,RelWithDebInfo,OpenGL,NVIDIA GeForce RTX 5090 D/PCIe/SSE2,4.1.0 NVIDIA 591.86,false,assets/heightmaps/Hm_Terrain_Peking_513.png,547,547,80.000,12.000,20,0.250,0.100,200000,false,1,64,0.016,0.983,57.712,20.594,5.775,982.690,200000,427218,199998,13610,6871,13610,233748,200000,33615,5943,158530,0,200000,0,1,4214,0,0,0,1,98.678,383.810,215.886,8.679,13.977,21.529,0.000,0.000,43.273,32.142,0.000,0.000,0.000,0.000,0.000,32.142,0.000,0.000,0.000,0.000,0.000,0.000,0.000,37.207,59.075,3.766,0.000,0.000,33600000,0,75.415,35.506,37.207,0.000,20,2,17589441392987210894,5676548594320867845,10548495358431706607,2033869471460259257,16296112369851061948,200000,0,0,0,164.080,automatic,serialFullRefresh,none,incremental,fullAllCurrentEntries,notApplicable,1,1,33559,0,13.667,0.310,0.000,76870,7.478,13.977,automatic,serialFullRefresh,none,incremental,fullAllCurrentEntries,notApplicable,1,1,200000,0,41.619,1.655,0.000,81660,9.655,43.273,automatic,serialImmediate,none,incremental,notApplicable,incremental,1,1,33559,0,0.000,0.000,0.000,0,0.000,21.529,automatic,serialImmediate,none,incremental,notApplicable,incremental,1,1,200000,0,0.000,0.000,0.000,0,0.000,32.142,automatic,serialDirty,none,notApplicable,notApplicable,incremental,1,1,0,200000,0.000,0.000,0.000,0,0.000,37.207,dirtyRange,dirtyRange,none,notApplicable,notApplicable,incremental,1,1,0,1,0.000,0.000,0.000,0,0.000,3.766
Classic CPU ROAM,RelWithDebInfo,OpenGL,NVIDIA GeForce RTX 5090 D/PCIe/SSE2,4.1.0 NVIDIA 591.86,false,assets/heightmaps/Hm_Terrain_Peking_513.png,547,547,80.000,12.000,20,0.250,0.100,200000,false,2,64,0.032,1.374,56.850,21.165,11.492,391.490,200000,455332,199998,14461,7346,14461,233842,200000,33715,4236,171124,0,57287,142713,16130,3417,0,0,0,1,93.021,374.683,204.162,7.779,15.545,20.080,0.000,0.000,42.884,34.606,0.000,0.000,0.000,0.000,0.000,34.606,0.000,0.000,0.000,0.000,0.000,0.000,0.000,23.243,60.022,5.096,0.000,0.000,9624216,0,77.490,35.625,23.243,0.000,20,3,15641709142241550247,5961076052088102992,16527254313496818514,6724886879837742002,16258003530702147075,200000,0,0,0,165.302,automatic,serialFullRefresh,none,incremental,fullAllCurrentEntries,notApplicable,1,1,33615,0,15.273,0.273,0.000,84358,8.411,15.545,automatic,serialFullRefresh,none,incremental,fullAllCurrentEntries,notApplicable,1,1,200000,0,40.888,1.996,0.000,86766,9.675,42.884,automatic,serialImmediate,none,incremental,notApplicable,incremental,1,1,33615,0,0.000,0.000,0.000,0,0.000,20.080,automatic,serialImmediate,none,incremental,notApplicable,incremental,1,1,200000,0,0.000,0.000,0.000,0,0.000,34.606,automatic,serialDirty,none,notApplicable,notApplicable,incremental,1,1,0,57287,0.000,0.000,0.000,0,0.000,23.243,dirtyRange,dirtyRange,none,notApplicable,notApplicable,incremental,1,1,0,16130,0.000,0.000,0.000,0,0.000,5.096
Classic CPU ROAM,RelWithDebInfo,OpenGL,NVIDIA GeForce RTX 5090 D/PCIe/SSE2,4.1.0 NVIDIA 591.86,false,assets/heightmaps/Hm_Terrain_Peking_513.png,547,547,80.000,12.000,20,0.250,0.100,200000,false,3,64,0.048,1.755,55.423,21.690,17.096,380.789,200000,484580,199998,15341,7854,15341,234092,200000,33927,3881,183466,0,59267,140733,17276,2345,0,0,0,1,99.129,367.609,203.177,7.409,13.922,20.793,0.000,0.000,42.600,37.423,0.000,0.000,0.000,0.000,0.000,37.423,0.000,0.000,0.000,0.000,0.000,0.000,0.000,23.639,57.388,5.032,0.000,0.000,9956856,0,80.022,34.716,23.639,0.000,20,4,10481373495733781060,7783645792805644058,10169010371920852236,15164778180041910628,3893915685971796344,200000,0,0,0,159.274,automatic,serialFullRefresh,none,incremental,fullAllCurrentEntries,notApplicable,1,1,33715,0,13.656,0.266,0.000,91420,8.832,13.922,automatic,serialFullRefresh,none,incremental,fullAllCurrentEntries,notApplicable,1,1,200000,0,40.853,1.747,0.000,92046,10.475,42.600,automatic,serialImmediate,none,incremental,notApplicable,incremental,1,1,33715,0,0.000,0.000,0.000,0,0.000,20.793,automatic,serialImmediate,none,incremental,notApplicable,incremental,1,1,200000,0,0.000,0.000,0.000,0,0.000,37.423,automatic,serialDirty,none,notApplicable,notApplicable,incremental,1,1,0,59267,0.000,0.000,0.000,0,0.000,23.639,dirtyRange,dirtyRange,none,notApplicable,notApplicable,incremental,1,1,0,17276,0.000,0.000,0.000,0,0.000,5.032
Classic CPU ROAM,RelWithDebInfo,OpenGL,NVIDIA GeForce RTX 5090 D/PCIe/SSE2,4.1.0 NVIDIA 591.86,false,assets/heightmaps/Hm_Terrain_Peking_513.png,547,547,80.000,12.000,20,0.250,0.100,200000,false,4,64,0.063,2.128,53.446,22.148,22.529,373.093,200000,515876,199998,16557,8422,16557,234322,200000,34140,4242,200383,0,60474,139526,17356,2090,0,0,0,1,98.257,386.100,214.789,7.451,15.255,22.525,0.000,0.000,42.748,39.634,0.000,0.000,0.000,0.000,0.000,39.634,0.000,0.000,0.000,0.000,0.000,0.000,0.000,26.318,60.856,4.401,0.000,0.000,10159632,0,82.382,37.780,26.318,0.000,20,5,2269565761798755136,5476619637919345177,6867597602109571887,11864242824289070427,11684388553975355323,200000,0,0,0,166.770,automatic,serialFullRefresh,none,incremental,fullAllCurrentEntries,notApplicable,1,1,33927,0,14.946,0.309,0.000,101041,9.948,15.255,automatic,serialFullRefresh,none,incremental,fullAllCurrentEntries,notApplicable,1,1,200000,0,41.074,1.674,0.000,99342,10.464,42.748,automatic,serialImmediate,none,incremental,notApplicable,incremental,1,1,33927,0,0.000,0.000,0.000,0,0.000,22.525,automatic,serialImmediate,none,incremental,notApplicable,incremental,1,1,200000,0,0.000,0.000,0.000,0,0.000,39.634,automatic,serialDirty,none,notApplicable,notApplicable,incremental,1,1,0,60474,0.000,0.000,0.000,0,0.000,26.318,dirtyRange,dirtyRange,none,notApplicable,notApplicable,incremental,1,1,0,17356,0.000,0.000,0.000,0,0.000,4.401
Classic CPU ROAM,RelWithDebInfo,OpenGL,NVIDIA GeForce RTX 5090 D/PCIe/SSE2,4.1.0 NVIDIA 591.86,false,assets/heightmaps/Hm_Terrain_Peking_513.png,547,547,80.000,12.000,20,0.250,0.100,200000,false,5,64,0.079,2.520,50.937,22.520,27.739,391.703,200000,545954,199998,16443,8347,16443,234477,200000,34173,3967,195671,0,60671,139329,18051,1110,0,0,0,1,98.232,404.457,223.683,7.888,15.422,24.741,0.000,0.000,42.766,48.150,0.000,0.000,0.000,0.000,0.000,48.150,0.000,0.000,0.000,0.000,0.000,0.000,0.000,26.016,58.696,6.734,0.000,0.000,10192728,0,90.916,40.164,26.016,0.000,20,6,7909391879053513476,2504589822901756120,6770990170278849198,10093601637157656392,9059139974614888873,200000,0,0,0,173.864,automatic,serialFullRefresh,none,incremental,fullAllCurrentEntries,notApplicable,1,1,34140,0,15.129,0.293,0.000,97013,10.080,15.422,automatic,serialFullRefresh,none,incremental,fullAllCurrentEntries,notApplicable,1,1,200000,0,41.215,1.551,0.000,98658,13.103,42.766,automatic,serialImmediate,none,incremental,notApplicable,incremental,1,1,34140,0,0.000,0.000,0.000,0,0.000,24.741,automatic,serialImmediate,none,incremental,notApplicable,incremental,1,1,200000,0,0.000,0.000,0.000,0,0.000,48.150,automatic,serialDirty,none,notApplicable,notApplicable,incremental,1,1,0,60671,0.000,0.000,0.000,0,0.000,26.016,dirtyRange,dirtyRange,none,notApplicable,notApplicable,incremental,1,1,0,18051,0.000,0.000,0.000,0,0.000,6.734
Classic CPU ROAM,RelWithDebInfo,OpenGL,NVIDIA GeForce RTX 5090 D/PCIe/SSE2,4.1.0 NVIDIA 591.86,false,assets/heightmaps/Hm_Terrain_Peking_513.png,547,547,80.000,12.000,20,0.250,0.100,200000,false,6,64,0.095,2.928,47.922,22.793,32.673,408.716,200000,573734,199998,15473,7848,15473,234509,200000,34107,4324,183782,0,60188,139812,18610,2455,0,0,0,1,100.393,394.543,219.879,8.898,14.815,23.573,0.000,0.000,48.877,43.739,0.000,0.000,0.000,0.000,0.000,43.739,0.000,0.000,0.000,0.000,0.000,0.000,0.000,24.702,55.275,5.401,0.000,0.000,10111584,0,92.615,38.388,24.702,0.000,20,7,16234258946115825067,18016422774971089556,5595370295677071714,1887302360835562973,16791176934949813065,200000,0,0,0,169.141,automatic,serialFullRefresh,none,incremental,fullAllCurrentEntries,notApplicable,1,1,34173,0,14.576,0.239,0.000,90944,10.769,14.815,automatic,serialFullRefresh,none,incremental,fullAllCurrentEntries,notApplicable,1,1,200000,0,47.580,1.296,0.000,92838,9.937,48.877,automatic,serialImmediate,none,incremental,notApplicable,incremental,1,1,34173,0,0.000,0.000,0.000,0,0.000,23.573,automatic,serialImmediate,none,incremental,notApplicable,incremental,1,1,200000,0,0.000,0.000,0.000,0,0.000,43.739,automatic,serialDirty,none,notApplicable,notApplicable,incremental,1,1,0,60188,0.000,0.000,0.000,0,0.000,24.702,dirtyRange,dirtyRange,none,notApplicable,notApplicable,incremental,1,1,0,18610,0.000,0.000,0.000,0,0.000,5.401
Classic CPU ROAM,RelWithDebInfo,OpenGL,NVIDIA GeForce RTX 5090 D/PCIe/SSE2,4.1.0 NVIDIA 591.86,false,assets/heightmaps/Hm_Terrain_Peking_513.png,547,547,80.000,12.000,20,0.250,0.100,200000,false,7,64,0.111,3.331,44.431,22.954,37.282,402.853,200000,601084,199998,15848,8037,15848,234498,200000,34174,5324,189925,0,61733,138267,19821,1978,0,0,0,1,100.887,408.491,227.092,9.500,17.933,24.651,0.000,0.000,49.614,42.526,0.000,0.000,0.000,0.000,0.000,42.526,0.000,0.000,0.000,0.000,0.000,0.000,0.000,28.943,53.923,5.765,0.000,0.000,10371144,0,92.140,42.584,28.943,0.000,20,8,12967583310070822658,7783257179921695138,15440299088060168580,17719311066879858208,4013228348692373109,200000,0,0,0,175.495,automatic,serialFullRefresh,none,incremental,fullAllCurrentEntries,notApplicable,1,1,34107,0,17.577,0.356,0.000,94837,10.421,17.933,automatic,serialFullRefresh,none,incremental,fullAllCurrentEntries,notApplicable,1,1,200000,0,48.196,1.417,0.000,95088,10.208,49.614,automatic,serialImmediate,none,incremental,notApplicable,incremental,1,1,34107,0,0.000,0.000,0.000,0,0.000,24.651,automatic,serialImmediate,none,incremental,notApplicable,incremental,1,1,200000,0,0.000,0.000,0.000,0,0.000,42.526,automatic,serialDirty,none,notApplicable,notApplicable,incremental,1,1,0,61733,0.000,0.000,0.000,0,0.000,28.943,dirtyRange,dirtyRange,none,notApplicable,notApplicable,incremental,1,1,0,19821,0.000,0.000,0.000,0,0.000,5.765
Classic CPU ROAM,RelWithDebInfo,OpenGL,NVIDIA GeForce RTX 5090 D/PCIe/SSE2,4.1.0 NVIDIA 591.86,false,assets/heightmaps/Hm_Terrain_Peking_513.png,547,547,80.000,12.000,20,0.250,0.100,200000,false,8,64,0.127,3.748,40.498,22.999,41.520,416.577,200000,627902,199998,16041,8141,16041,234356,200000,34197,6160,186703,0,64076,135924,21380,3283,0,0,0,1,99.332,383.726,214.330,10.170,15.707,23.588,0.000,0.000,45.165,41.015,0.000,0.000,0.000,0.000,0.000,41.015,0.000,0.000,0.000,0.000,0.000,0.000,0.000,26.049,52.636,6.151,0.000,0.000,10764768,0,86.180,39.295,26.049,0.000,20,9,2735297262543734599,5135072663637782232,15116215542321801954,1656205033384040152,7512965574802719500,200000,0,0,0,163.052,automatic,serialFullRefresh,none,incremental,fullAllCurrentEntries,notApplicable,1,1,34174,0,15.493,0.214,0.000,90457,9.151,15.707,automatic,serialFullRefresh,none,incremental,fullAllCurrentEntries,notApplicable,1,1,200000,0,43.924,1.242,0.000,96246,10.053,45.165,automatic,serialImmediate,none,incremental,notApplicable,incremental,1,1,34174,0,0.000,0.000,0.000,0,0.000,23.588,automatic,serialImmediate,none,incremental,notApplicable,incremental,1,1,200000,0,0.000,0.000,0.000,0,0.000,41.015,automatic,serialDirty,none,notApplicable,notApplicable,incremental,1,1,0,64076,0.000,0.000,0.000,0,0.000,26.049,dirtyRange,dirtyRange,none,notApplicable,notApplicable,incremental,1,1,0,21380,0.000,0.000,0.000,0,0.000,6.151
Classic CPU ROAM,RelWithDebInfo,OpenGL,NVIDIA GeForce RTX 5090 D/PCIe/SSE2,4.1.0 NVIDIA 591.86,false,assets/heightmaps/Hm_Terrain_Peking_513.png,547,547,80.000,12.000,20,0.250,0.100,200000,false,9,64,0.143,4.140,36.162,22.925,45.346,392.323,200000,654594,199998,16361,8241,16361,234311,200000,34044,6795,189921,0,65256,134744,22114,4015,0,0,0,1,99.624,398.551,216.990,8.965,15.926,27.519,0.000,0.000,44.634,44.196,0.000,0.000,0.000,0.000,0.000,44.196,0.000,0.000,0.000,0.000,0.000,0.000,0.000,26.410,49.339,6.399,0.000,0.000,10963008,0,88.830,43.445,26.410,0.000,20,10,6261970416352903012,7476314301335915409,1773988661892439131,15736429493067664842,5990875151958568208,200000,0,0,0,175.020,automatic,serialFullRefresh,none,incremental,fullAllCurrentEntries,notApplicable,1,1,34197,0,15.698,0.229,0.000,91755,10.356,15.926,automatic,serialFullRefresh,none,incremental,fullAllCurrentEntries,notApplicable,1,1,200000,0,43.243,1.390,0.000,98166,10.872,44.634,automatic,serialImmediate,none,incremental,notApplicable,incremental,1,1,34197,0,0.000,0.000,0.000,0,0.000,27.519,automatic,serialImmediate,none,incremental,notApplicable,incremental,1,1,200000,0,0.000,0.000,0.000,0,0.000,44.196,automatic,serialDirty,none,notApplicable,notApplicable,incremental,1,1,0,65256,0.000,0.000,0.000,0,0.000,26.410,dirtyRange,dirtyRange,none,notApplicable,notApplicable,incremental,1,1,0,22114,0.000,0.000,0.000,0,0.000,6.399
Classic CPU ROAM,RelWithDebInfo,OpenGL,NVIDIA GeForce RTX 5090 D/PCIe/SSE2,4.1.0 NVIDIA 591.86,false,assets/heightmaps/Hm_Terrain_Peking_513.png,547,547,80.000,12.000,20,0.250,0.100,200000,false,10,64,0.159,4.550,31.468,22.735,48.722,409.681,200000,678674,199998,15540,7903,15540,234064,200000,33859,6816,182869,0,65340,134660,22436,3381,0,0,0,1,99.479,400.201,223.269,8.350,31.879,25.498,0.000,0.000,46.138,36.326,0.000,0.000,0.000,0.000,0.000,36.326,0.000,0.000,0.000,0.000,0.000,0.000,0.000,25.242,49.835,7.451,0.000,0.000,10977120,0,82.464,57.377,25.242,0.000,20,11,16696731375890755536,11966640825832472449,2936329696377599435,4770062035309081603,3236808997738095582,200000,0,0,0,169.283,automatic,serialFullRefresh,none,incremental,fullAllCurrentEntries,notApplicable,1,1,34044,0,31.547,0.331,0.000,89629,9.765,31.879,automatic,serialFullRefresh,none,incremental,fullAllCurrentEntries,notApplicable,1,1,200000,0,44.850,1.288,0.000,93240,9.250,46.138,automatic,serialImmediate,none,incremental,notApplicable,incremental,1,1,34044,0,0.000,0.000,0.000,0,0.000,25.498,automatic,serialImmediate,none,incremental,notApplicable,incremental,1,1,200000,0,0.000,0.000,0.000,0,0.000,36.326,automatic,serialDirty,none,notApplicable,notApplicable,incremental,1,1,0,65340,0.000,0.000,0.000,0,0.000,25.242,dirtyRange,dirtyRange,none,notApplicable,notApplicable,incremental,1,1,0,22436,0.000,0.000,0.000,0,0.000,7.451
Classic CPU ROAM,RelWithDebInfo,OpenGL,NVIDIA GeForce RTX 5090 D/PCIe/SSE2,4.1.0 NVIDIA 591.86,false,assets/heightmaps/Hm_Terrain_Peking_513.png,547,547,80.000,12.000,20,0.250,0.100,200000,false,11,64,0.175,4.958,26.460,22.436,51.613,408.452,200000,700598,199998,14497,7420,14497,233892,200000,33757,5778,170854,0,62969,137031,22247,2149,0,0,0,1,98.446,388.811,213.617,8.054,16.347,26.288,0.000,0.000,47.047,38.372,0.000,0.000,0.000,0.000,0.000,38.372,0.000,0.000,0.000,0.000,0.000,0.000,0.000,25.378,52.130,7.835,0.000,0.000,10578792,0,85.419,42.635,25.378,0.000,20,12,15156380509271606851,12340233750888763166,7252207091668294264,18372975826048541638,4208975477519361793,200000,0,0,0,167.207,automatic,serialFullRefresh,none,incremental,fullAllCurrentEntries,notApplicable,1,1,33859,0,16.039,0.308,0.000,83872,9.557,16.347,automatic,serialFullRefresh,none,incremental,fullAllCurrentEntries,notApplicable,1,1,200000,0,44.431,2.615,0.000,86982,11.194,47.047,automatic,serialImmediate,none,incremental,notApplicable,incremental,1,1,33859,0,0.000,0.000,0.000,0,0.000,26.288,automatic,serialImmediate,none,incremental,notApplicable,incremental,1,1,200000,0,0.000,0.000,0.000,0,0.000,38.372,automatic,serialDirty,none,notApplicable,notApplicable,incremental,1,1,0,62969,0.000,0.000,0.000,0,0.000,25.378,dirtyRange,dirtyRange,none,notApplicable,notApplicable,incremental,1,1,0,22247,0.000,0.000,0.000,0,0.000,7.835
Classic CPU ROAM,RelWithDebInfo,OpenGL,NVIDIA GeForce RTX 5090 D/PCIe/SSE2,4.1.0 NVIDIA 591.86,false,assets/heightmaps/Hm_Terrain_Peking_513.png,547,547,80.000,12.000,20,0.250,0.100,200000,false,12,64,0.190,5.355,21.190,22.041,53.991,397.072,200000,721738,199998,14366,7329,14366,233943,200000,33694,5388,170215,0,59658,140342,21759,2583,0,0,0,1,96.876,394.330,219.781,11.071,17.282,25.641,0.000,0.000,48.243,39.918,0.000,0.000,0.000,0.000,0.000,39.918,0.000,0.000,0.000,0.000,0.000,0.000,0.000,22.101,55.523,7.172,0.000,0.000,10022544,0,88.162,42.923,22.101,0.000,20,13,9413489617332019322,7985901360231321369,1171555780814262575,5796067217651964906,13209847332320952565,200000,0,0,0,167.192,automatic,serialFullRefresh,none,incremental,fullAllCurrentEntries,notApplicable,1,1,33757,0,16.961,0.322,0.000,84019,9.275,17.282,automatic,serialFullRefresh,none,incremental,fullAllCurrentEntries,notApplicable,1,1,200000,0,46.211,2.032,0.000,86196,9.455,48.243,automatic,serialImmediate,none,incremental,notApplicable,incremental,1,1,33757,0,0.000,0.000,0.000,0,0.000,25.641,automatic,serialImmediate,none,incremental,notApplicable,incremental,1,1,200000,0,0.000,0.000,0.000,0,0.000,39.918,automatic,serialDirty,none,notApplicable,notApplicable,incremental,1,1,0,59658,0.000,0.000,0.000,0,0.000,22.101,dirtyRange,dirtyRange,none,notApplicable,notApplicable,incremental,1,1,0,21759,0.000,0.000,0.000,0,0.000,7.172
Classic CPU ROAM,RelWithDebInfo,OpenGL,NVIDIA GeForce RTX 5090 D/PCIe/SSE2,4.1.0 NVIDIA 591.86,false,assets/heightmaps/Hm_Terrain_Peking_513.png,547,547,80.000,12.000,20,0.250,0.100,200000,false,13,64,0.206,5.756,15.709,21.564,55.832,400.352,200000,745076,199998,15353,7804,15353,233853,200000,33627,5584,178533,0,61486,138514,22564,2689,0,0,0,1,98.909,386.148,210.316,8.779,12.359,27.687,0.000,0.000,45.507,41.074,0.000,0.000,0.000,0.000,0.000,41.074,0.000,0.000,0.000,0.000,0.000,0.000,0.000,24.928,49.981,6.954,0.000,0.000,10329648,0,86.581,40.046,24.928,0.000,20,14,11847623239227662375,16290827925674946331,11927697215920248553,7295109318311684051,1284541679729744499,200000,0,0,0,168.736,automatic,serialFullRefresh,none,incremental,fullAllCurrentEntries,notApplicable,1,1,33694,0,12.152,0.208,0.000,86415,9.975,12.359,automatic,serialFullRefresh,none,incremental,fullAllCurrentEntries,notApplicable,1,1,200000,0,43.869,1.638,0.000,92118,9.931,45.507,automatic,serialImmediate,none,incremental,notApplicable,incremental,1,1,33694,0,0.000,0.000,0.000,0,0.000,27.687,automatic,serialImmediate,none,incremental,notApplicable,incremental,1,1,200000,0,0.000,0.000,0.000,0,0.000,41.074,automatic,serialDirty,none,notApplicable,notApplicable,incremental,1,1,0,61486,0.000,0.000,0.000,0,0.000,24.928,dirtyRange,dirtyRange,none,notApplicable,notApplicable,incremental,1,1,0,22564,0.000,0.000,0.000,0,0.000,6.954
Classic CPU ROAM,RelWithDebInfo,OpenGL,NVIDIA GeForce RTX 5090 D/PCIe/SSE2,4.1.0 NVIDIA 591.86,false,assets/heightmaps/Hm_Terrain_Peking_513.png,547,547,80.000,12.000,20,0.250,0.100,200000,false,14,64,0.222,6.151,10.072,21.026,57.119,394.925,200000,770362,199998,16206,8304,16206,233908,200000,33565,5787,188492,0,64786,135214,23432,3054,0,0,0,1,103.200,415.249,230.787,10.286,14.098,27.958,0.000,0.000,47.685,40.915,0.000,0.000,0.000,0.000,0.000,40.915,0.000,0.000,0.000,0.000,0.000,0.000,0.000,29.223,60.620,6.361,0.000,0.000,10884048,0,88.601,42.056,29.223,0.000,20,15,7461145220285704044,12144965187181402796,5113406298481224610,14303990471150527108,6101665858607488865,200000,0,0,0,177.881,automatic,serialFullRefresh,none,incremental,fullAllCurrentEntries,notApplicable,1,1,33627,0,13.881,0.216,0.000,91256,10.055,14.098,automatic,serialFullRefresh,none,incremental,fullAllCurrentEntries,notApplicable,1,1,200000,0,45.911,1.774,0.000,97236,10.278,47.685,automatic,serialImmediate,none,incremental,notApplicable,incremental,1,1,33627,0,0.000,0.000,0.000,0,0.000,27.958,automatic,serialImmediate,none,incremental,notApplicable,incremental,1,1,200000,0,0.000,0.000,0.000,0,0.000,40.915,automatic,serialDirty,none,notApplicable,notApplicable,incremental,1,1,0,64786,0.000,0.000,0.000,0,0.000,29.223,dirtyRange,dirtyRange,none,notApplicable,notApplicable,incremental,1,1,0,23432,0.000,0.000,0.000,0,0.000,6.361
Classic CPU ROAM,RelWithDebInfo,OpenGL,NVIDIA GeForce RTX 5090 D/PCIe/SSE2,4.1.0 NVIDIA 591.86,false,assets/heightmaps/Hm_Terrain_Peking_513.png,547,547,80.000,12.000,20,0.250,0.100,200000,false,15,64,0.238,6.578,4.334,20.447,57.838,427.245,200000,795986,199998,16399,8303,16399,233659,200000,33433,5579,189692,0,65492,134508,23389,3387,0,0,0,1,97.801,406.435,220.888,7.512,15.085,24.313,0.000,0.000,58.346,36.952,0.000,0.000,0.000,0.000,0.000,36.952,0.000,0.000,0.000,0.000,0.000,0.000,0.000,25.394,53.285,6.975,0.000,0.000,11002656,0,95.298,39.398,25.394,0.000,20,16,14440708631292506924,6670645994453464754,9504741384652833372,13441994835025162607,18194931384376558163,200000,0,0,0,178.351,automatic,serialFullRefresh,none,incremental,fullAllCurrentEntries,notApplicable,1,1,33565,0,14.834,0.251,0.000,91298,8.543,15.085,automatic,serialFullRefresh,none,incremental,fullAllCurrentEntries,notApplicable,1,1,200000,0,56.533,1.813,0.000,98394,10.042,58.346,automatic,serialImmediate,none,incremental,notApplicable,incremental,1,1,33565,0,0.000,0.000,0.000,0,0.000,24.313,automatic,serialImmediate,none,incremental,notApplicable,incremental,1,1,200000,0,0.000,0.000,0.000,0,0.000,36.952,automatic,serialDirty,none,notApplicable,notApplicable,incremental,1,1,0,65492,0.000,0.000,0.000,0,0.000,25.394,dirtyRange,dirtyRange,none,notApplicable,notApplicable,incremental,1,1,0,23389,0.000,0.000,0.000,0,0.000,6.975
Classic CPU ROAM,RelWithDebInfo,OpenGL,NVIDIA GeForce RTX 5090 D/PCIe/SSE2,4.1.0 NVIDIA 591.86,false,assets/heightmaps/Hm_Terrain_Peking_513.png,547,547,80.000,12.000,20,0.250,0.100,200000,false,16,64,0.254,6.994,-1.446,19.850,57.982,415.716,200000,822450,199998,15856,7931,15856,233705,200000,33504,5256,187341,0,63732,136268,23059,2434,0,0,0,1,102.661,417.649,233.900,8.418,15.834,25.554,0.000,0.000,46.717,44.430,0.000,0.000,0.000,0.000,0.000,44.430,0.000,0.000,0.000,0.000,0.000,0.000,0.000,27.447,65.498,6.656,0.000,0.000,10706976,0,91.148,41.388,27.447,0.000,20,17,2600079158189563807,3505936785992697936,13213597493490085694,13492103954664496713,4457614681459694059,200000,0,0,0,176.864,automatic,serialFullRefresh,none,incremental,fullAllCurrentEntries,notApplicable,1,1,33433,0,15.591,0.243,0.000,92205,10.542,15.834,automatic,serialFullRefresh,none,incremental,fullAllCurrentEntries,notApplicable,1,1,200000,0,45.247,1.470,0.000,95136,10.690,46.717,automatic,serialImmediate,none,incremental,notApplicable,incremental,1,1,33433,0,0.000,0.000,0.000,0,0.000,25.554,automatic,serialImmediate,none,incremental,notApplicable,incremental,1,1,200000,0,0.000,0.000,0.000,0,0.000,44.430,automatic,serialDirty,none,notApplicable,notApplicable,incremental,1,1,0,63732,0.000,0.000,0.000,0,0.000,27.447,dirtyRange,dirtyRange,none,notApplicable,notApplicable,incremental,1,1,0,23059,0.000,0.000,0.000,0,0.000,6.656
Classic CPU ROAM,RelWithDebInfo,OpenGL,NVIDIA GeForce RTX 5090 D/PCIe/SSE2,4.1.0 NVIDIA 591.86,false,assets/heightmaps/Hm_Terrain_Peking_513.png,547,547,80.000,12.000,20,0.250,0.100,200000,false,17,64,0.270,7.420,-7.212,19.260,57.550,426.413,200000,847026,199998,14299,7231,14299,233572,200000,33442,5127,167228,0,61081,138919,22445,2484,0,0,0,1,97.266,393.272,213.921,7.217,15.563,21.563,0.000,0.000,45.991,36.720,0.000,0.000,0.000,0.000,0.000,36.720,0.000,0.000,0.000,0.000,0.000,0.000,0.000,23.028,63.837,7.646,0.000,0.000,10261608,0,82.711,37.126,23.028,0.000,20,18,15256805097710554068,2619533410868196136,5496134482746366190,13034177524068930537,9393088654783457509,200000,0,0,0,171.383,automatic,serialFullRefresh,none,incremental,fullAllCurrentEntries,notApplicable,1,1,33504,0,15.314,0.248,0.000,81434,9.118,15.563,automatic,serialFullRefresh,none,incremental,fullAllCurrentEntries,notApplicable,1,1,200000,0,44.651,1.339,0.000,85794,9.030,45.991,automatic,serialImmediate,none,incremental,notApplicable,incremental,1,1,33504,0,0.000,0.000,0.000,0,0.000,21.563,automatic,serialImmediate,none,incremental,notApplicable,incremental,1,1,200000,0,0.000,0.000,0.000,0,0.000,36.720,automatic,serialDirty,none,notApplicable,notApplicable,incremental,1,1,0,61081,0.000,0.000,0.000,0,0.000,23.028,dirtyRange,dirtyRange,none,notApplicable,notApplicable,incremental,1,1,0,22445,0.000,0.000,0.000,0,0.000,7.646
Classic CPU ROAM,RelWithDebInfo,OpenGL,NVIDIA GeForce RTX 5090 D/PCIe/SSE2,4.1.0 NVIDIA 591.86,false,assets/heightmaps/Hm_Terrain_Peking_513.png,547,547,80.000,12.000,20,0.250,0.100,200000,false,18,64,0.286,7.820,-12.906,18.698,56.546,400.183,200000,871614,199998,14982,7663,14982,233779,200000,33658,4708,176364,0,60007,139993,22180,2845,0,0,0,1,100.084,396.857,219.601,7.387,17.059,23.936,0.000,0.000,47.650,39.548,0.000,0.000,0.000,0.000,0.000,39.548,0.000,0.000,0.000,0.000,0.000,0.000,0.000,23.669,60.349,6.498,0.000,0.000,10081176,0,87.198,40.995,23.669,0.000,20,19,11502810192213659019,6794682377720560234,2272792061998874864,15482843154462386586,13748637916083657185,200000,0,0,0,170.498,automatic,serialFullRefresh,none,incremental,fullAllCurrentEntries,notApplicable,1,1,33442,0,16.808,0.251,0.000,86472,9.479,17.059,automatic,serialFullRefresh,none,incremental,fullAllCurrentEntries,notApplicable,1,1,200000,0,46.166,1.484,0.000,89892,9.349,47.650,automatic,serialImmediate,none,incremental,notApplicable,incremental,1,1,33442,0,0.000,0.000,0.000,0,0.000,23.936,automatic,serialImmediate,none,incremental,notApplicable,incremental,1,1,200000,0,0.000,0.000,0.000,0,0.000,39.548,automatic,serialDirty,none,notApplicable,notApplicable,incremental,1,1,0,60007,0.000,0.000,0.000,0,0.000,23.669,dirtyRange,dirtyRange,none,notApplicable,notApplicable,incremental,1,1,0,22180,0.000,0.000,0.000,0,0.000,6.498
Classic CPU ROAM,RelWithDebInfo,OpenGL,NVIDIA GeForce RTX 5090 D/PCIe/SSE2,4.1.0 NVIDIA 591.86,false,assets/heightmaps/Hm_Terrain_Peking_513.png,547,547,80.000,12.000,20,0.250,0.100,200000,false,19,64,0.302,8.225,-18.472,18.189,54.980,404.988,200000,899698,199998,17923,9200,17923,233769,200000,33508,4576,207446,0,63318,136682,22171,2650,0,0,0,1,100.741,425.306,225.772,8.345,14.784,28.425,0.000,0.000,45.475,47.480,0.000,0.000,0.000,0.000,0.000,47.480,0.000,0.000,0.000,0.000,0.000,0.000,0.000,26.677,54.586,6.484,0.000,0.000,10637424,0,92.955,43.209,26.677,0.000,20,20,3857529204743722872,18323998568648012168,11814088152895883178,16061839426492080044,17110547586156410951,200000,0,0,0,192.844,automatic,serialFullRefresh,none,incremental,fullAllCurrentEntries,notApplicable,1,1,33658,0,14.522,0.262,0.000,99908,11.406,14.784,automatic,serialFullRefresh,none,incremental,fullAllCurrentEntries,notApplicable,1,1,200000,0,43.307,2.168,0.000,107538,10.742,45.475,automatic,serialImmediate,none,incremental,notApplicable,incremental,1,1,33658,0,0.000,0.000,0.000,0,0.000,28.425,automatic,serialImmediate,none,incremental,notApplicable,incremental,1,1,200000,0,0.000,0.000,0.000,0,0.000,47.480,automatic,serialDirty,none,notApplicable,notApplicable,incremental,1,1,0,63318,0.000,0.000,0.000,0,0.000,26.677,dirtyRange,dirtyRange,none,notApplicable,notApplicable,incremental,1,1,0,22171,0.000,0.000,0.000,0,0.000,6.484
Classic CPU ROAM,RelWithDebInfo,OpenGL,NVIDIA GeForce RTX 5090 D/PCIe/SSE2,4.1.0 NVIDIA 591.86,false,assets/heightmaps/Hm_Terrain_Peking_513.png,547,547,80.000,12.000,20,0.250,0.100,200000,false,20,64,0.317,8.661,-23.855,17.751,52.867,436.082,200000,927212,199998,18183,9182,18183,233841,200000,33466,4638,208372,0,64941,135059,22911,2840,0,0,0,1,99.398,415.298,226.179,8.061,18.063,26.096,0.000,0.000,47.699,45.729,0.000,0.000,0.000,0.000,0.000,45.729,0.000,0.000,0.000,0.000,0.000,0.000,0.000,29.727,50.803,6.528,0.000,0.000,10910088,0,93.428,44.159,29.727,0.000,20,21,4894677377432205448,7968502595871137764,17841303413826451158,4020739419125971521,4089705751550669975,200000,0,0,0,182.357,automatic,serialFullRefresh,none,incremental,fullAllCurrentEntries,notApplicable,1,1,33508,0,17.725,0.338,0.000,99274,10.748,18.063,automatic,serialFullRefresh,none,incremental,fullAllCurrentEntries,notApplicable,1,1,200000,0,46.214,1.485,0.000,109098,10.562,47.699,automatic,serialImmediate,none,incremental,notApplicable,incremental,1,1,33508,0,0.000,0.000,0.000,0,0.000,26.096,automatic,serialImmediate,none,incremental,notApplicable,incremental,1,1,200000,0,0.000,0.000,0.000,0,0.000,45.729,automatic,serialDirty,none,notApplicable,notApplicable,incremental,1,1,0,64941,0.000,0.000,0.000,0,0.000,29.727,dirtyRange,dirtyRange,none,notApplicable,notApplicable,incremental,1,1,0,22911,0.000,0.000,0.000,0,0.000,6.528
Classic CPU ROAM,RelWithDebInfo,OpenGL,NVIDIA GeForce RTX 5090 D/PCIe/SSE2,4.1.0 NVIDIA 591.86,false,assets/heightmaps/Hm_Terrain_Peking_513.png,547,547,80.000,12.000,20,0.250,0.100,200000,false,21,64,0.333,9.086,-29.000,17.402,50.229,424.692,200000,954138,199998,17457,8796,17457,233802,200000,33474,4409,200830,0,67884,132116,24085,2669,0,0,0,1,101.451,422.677,231.141,7.673,16.182,27.388,0.000,0.000,48.031,45.842,0.000,0.000,0.000,0.000,0.000,45.842,0.000,0.000,0.000,0.000,0.000,0.000,0.000,30.164,55.860,6.781,0.000,0.000,11404512,0,93.872,43.570,30.164,0.000,20,22,5464039245519454252,4184009418848124478,4448185683158807684,17312507547840680562,7222130513436664374,200000,0,0,0,184.515,automatic,serialFullRefresh,none,incremental,fullAllCurrentEntries,notApplicable,1,1,33466,0,15.927,0.256,0.000,96088,10.908,16.182,automatic,serialFullRefresh,none,incremental,fullAllCurrentEntries,notApplicable,1,1,200000,0,46.427,1.603,0.000,104742,10.586,48.031,automatic,serialImmediate,none,incremental,notApplicable,incremental,1,1,33466,0,0.000,0.000,0.000,0,0.000,27.388,automatic,serialImmediate,none,incremental,notApplicable,incremental,1,1,200000,0,0.000,0.000,0.000,0,0.000,45.842,automatic,serialDirty,none,notApplicable,notApplicable,incremental,1,1,0,67884,0.000,0.000,0.000,0,0.000,30.164,dirtyRange,dirtyRange,none,notApplicable,notApplicable,incremental,1,1,0,24085,0.000,0.000,0.000,0,0.000,6.781
Classic CPU ROAM,RelWithDebInfo,OpenGL,NVIDIA GeForce RTX 5090 D/PCIe/SSE2,4.1.0 NVIDIA 591.86,false,assets/heightmaps/Hm_Terrain_Peking_513.png,547,547,80.000,12.000,20,0.250,0.100,200000,false,22,64,0.349,9.520,-33.857,17.156,47.092,434.256,200000,978138,199998,16429,8321,16429,233796,200000,33445,4742,188065,0,67754,132246,24525,2585,0,0,0,1,100.809,394.997,220.787,7.013,15.535,28.612,0.000,0.000,46.353,50.379,0.000,0.000,0.000,0.000,0.000,50.379,0.000,0.000,0.000,0.000,0.000,0.000,0.000,25.443,47.451,7.450,0.000,0.000,11382672,0,96.732,44.147,25.443,0.000,20,23,14764623168415943744,14707106482833081009,10834835481697202155,17689478856377352085,18259117507493661046,200000,0,0,0,166.527,automatic,serialFullRefresh,none,incremental,fullAllCurrentEntries,notApplicable,1,1,33474,0,15.302,0.233,0.000,89491,10.391,15.535,automatic,serialFullRefresh,none,incremental,fullAllCurrentEntries,notApplicable,1,1,200000,0,44.905,1.448,0.000,98574,10.723,46.353,automatic,serialImmediate,none,incremental,notApplicable,incremental,1,1,33474,0,0.000,0.000,0.000,0,0.000,28.612,automatic,serialImmediate,none,incremental,notApplicable,incremental,1,1,200000,0,0.000,0.000,0.000,0,0.000,50.379,automatic,serialDirty,none,notApplicable,notApplicable,incremental,1,1,0,67754,0.000,0.000,0.000,0,0.000,25.443,dirtyRange,dirtyRange,none,notApplicable,notApplicable,incremental,1,1,0,24525,0.000,0.000,0.000,0,0.000,7.450
Classic CPU ROAM,RelWithDebInfo,OpenGL,NVIDIA GeForce RTX 5090 D/PCIe/SSE2,4.1.0 NVIDIA 591.86,false,assets/heightmaps/Hm_Terrain_Peking_513.png,547,547,80.000,12.000,20,0.250,0.100,200000,false,23,64,0.365,9.924,-38.378,17.023,43.487,403.821,200000,1001030,199998,16206,8213,16206,233710,200000,33422,5315,185037,0,65299,134701,24385,2334,0,0,0,1,98.255,390.818,212.201,7.214,15.870,24.404,0.000,0.000,48.806,38.738,0.000,0.000,0.000,0.000,0.000,38.738,0.000,0.000,0.000,0.000,0.000,0.000,0.000,28.447,48.721,9.067,0.000,0.000,10970232,0,87.544,40.275,28.447,0.000,20,24,4680005362685250694,6468255570671903217,13110756096065449747,17873237339055070796,15828634045359618972,200000,0,0,0,169.255,automatic,serialFullRefresh,none,incremental,fullAllCurrentEntries,notApplicable,1,1,33445,0,15.550,0.321,0.000,87801,8.999,15.870,automatic,serialFullRefresh,none,incremental,fullAllCurrentEntries,notApplicable,1,1,200000,0,46.577,2.230,0.000,97236,10.968,48.806,automatic,serialImmediate,none,incremental,notApplicable,incremental,1,1,33445,0,0.000,0.000,0.000,0,0.000,24.404,automatic,serialImmediate,none,incremental,notApplicable,incremental,1,1,200000,0,0.000,0.000,0.000,0,0.000,38.738,automatic,serialDirty,none,notApplicable,notApplicable,incremental,1,1,0,65299,0.000,0.000,0.000,0,0.000,28.447,dirtyRange,dirtyRange,none,notApplicable,notApplicable,incremental,1,1,0,24385,0.000,0.000,0.000,0,0.000,9.067
Classic CPU ROAM,RelWithDebInfo,OpenGL,NVIDIA GeForce RTX 5090 D/PCIe/SSE2,4.1.0 NVIDIA 591.86,false,assets/heightmaps/Hm_Terrain_Peking_513.png,547,547,80.000,12.000,20,0.250,0.100,200000,false,24,64,0.381,10.323,-42.517,17.008,39.450,398.590,200000,1023714,199998,16738,8552,16738,233540,200000,33351,6071,187759,0,65113,134887,24630,3844,0,0,0,1,101.189,439.924,225.791,9.316,15.423,26.183,0.000,0.000,45.618,40.266,0.000,0.000,0.000,0.000,0.000,40.266,0.000,0.000,0.000,0.000,0.000,0.000,0.000,32.752,56.230,7.510,0.000,0.000,10938984,0,85.884,41.606,32.752,0.000,20,25,3598056576469674131,5613093925435064647,4192155250392760505,9806491557341151588,8050386059957555146,200000,0,0,0,206.401,automatic,serialFullRefresh,none,incremental,fullAllCurrentEntries,notApplicable,1,1,33422,0,15.163,0.261,0.000,87331,8.662,15.423,automatic,serialFullRefresh,none,incremental,fullAllCurrentEntries,notApplicable,1,1,200000,0,43.899,1.719,0.000,100428,10.156,45.618,automatic,serialImmediate,none,incremental,notApplicable,incremental,1,1,33422,0,0.000,0.000,0.000,0,0.000,26.183,automatic,serialImmediate,none,incremental,notApplicable,incremental,1,1,200000,0,0.000,0.000,0.000,0,0.000,40.266,automatic,serialDirty,none,notApplicable,notApplicable,incremental,1,1,0,65113,0.000,0.000,0.000,0,0.000,32.752,dirtyRange,dirtyRange,none,notApplicable,notApplicable,incremental,1,1,0,24630,0.000,0.000,0.000,0,0.000,7.510
Classic CPU ROAM,RelWithDebInfo,OpenGL,NVIDIA GeForce RTX 5090 D/PCIe/SSE2,4.1.0 NVIDIA 591.86,false,assets/heightmaps/Hm_Terrain_Peking_513.png,547,547,80.000,12.000,20,0.250,0.100,200000,false,25,64,0.397,10.775,-46.234,17.112,35.021,451.939,200000,1047570,199998,18663,9442,18663,233609,200000,33413,6131,212170,0,68543,131457,25038,2682,0,0,0,1,101.211,409.603,229.688,8.772,16.366,28.729,0.000,0.000,46.156,46.670,0.000,0.000,0.000,0.000,0.000,46.670,0.000,0.000,0.000,0.000,0.000,0.000,0.000,27.882,55.112,8.119,0.000,0.000,11515224,0,92.826,45.095,27.882,0.000,20,26,17834792334360219460,6799830235164784937,4949422445672159251,16623821953730742419,17251279394026963017,200000,0,0,0,171.488,automatic,serialFullRefresh,none,incremental,fullAllCurrentEntries,notApplicable,1,1,33351,0,16.004,0.362,0.000,100192,10.535,16.366,automatic,serialFullRefresh,none,incremental,fullAllCurrentEntries,notApplicable,1,1,200000,0,43.592,2.564,0.000,111978,11.567,46.156,automatic,serialImmediate,none,incremental,notApplicable,incremental,1,1,33351,0,0.000,0.000,0.000,0,0.000,28.729,automatic,serialImmediate,none,incremental,notApplicable,incremental,1,1,200000,0,0.000,0.000,0.000,0,0.000,46.670,automatic,serialDirty,none,notApplicable,notApplicable,incremental,1,1,0,68543,0.000,0.000,0.000,0,0.000,27.882,dirtyRange,dirtyRange,none,notApplicable,notApplicable,incremental,1,1,0,25038,0.000,0.000,0.000,0,0.000,8.119
Classic CPU ROAM,RelWithDebInfo,OpenGL,NVIDIA GeForce RTX 5090 D/PCIe/SSE2,4.1.0 NVIDIA 591.86,false,assets/heightmaps/Hm_Terrain_Peking_513.png,547,547,80.000,12.000,20,0.250,0.100,200000,false,26,64,0.413,11.193,-49.491,17.330,30.243,418.716,200000,1071056,199998,17064,8616,17064,233732,200000,33495,5302,197076,0,69001,130999,25331,1952,0,0,0,1,101.298,409.369,227.093,8.286,16.638,29.089,0.000,0.000,42.688,47.559,0.000,0.000,0.000,0.000,0.000,47.559,0.000,0.000,0.000,0.000,0.000,0.000,0.000,31.804,51.027,8.226,0.000,0.000,11592168,0,90.248,45.727,31.804,0.000,20,27,17622799873243204492,6856120173095685496,6755707351171696626,6033637362027023382,9829827555373913894,200000,0,0,0,173.711,automatic,serialFullRefresh,none,incremental,fullAllCurrentEntries,notApplicable,1,1,33413,0,16.366,0.272,0.000,94692,10.958,16.638,automatic,serialFullRefresh,none,incremental,fullAllCurrentEntries,notApplicable,1,1,200000,0,41.365,1.323,0.000,102384,10.889,42.688,automatic,serialImmediate,none,incremental,notApplicable,incremental,1,1,33413,0,0.000,0.000,0.000,0,0.000,29.089,automatic,serialImmediate,none,incremental,notApplicable,incremental,1,1,200000,0,0.000,0.000,0.000,0,0.000,47.559,automatic,serialDirty,none,notApplicable,notApplicable,incremental,1,1,0,69001,0.000,0.000,0.000,0,0.000,31.804,dirtyRange,dirtyRange,none,notApplicable,notApplicable,incremental,1,1,0,25331,0.000,0.000,0.000,0,0.000,8.226
Classic CPU ROAM,RelWithDebInfo,OpenGL,NVIDIA GeForce RTX 5090 D/PCIe/SSE2,4.1.0 NVIDIA 591.86,false,assets/heightmaps/Hm_Terrain_Peking_513.png,547,547,80.000,12.000,20,0.250,0.100,200000,false,27,64,0.429,11.612,-52.256,17.655,25.165,418.870,200000,1092716,199998,15122,7684,15122,233813,200000,33477,4966,177472,0,65744,134256,25332,3005,0,0,0,1,95.355,400.507,217.114,20.105,13.280,23.359,0.000,0.000,44.856,39.397,0.000,0.000,0.000,0.000,0.000,39.397,0.000,0.000,0.000,0.000,0.000,0.000,0.000,23.326,52.789,7.177,0.000,0.000,11044992,0,84.254,36.639,23.326,0.000,20,28,14076477809347136752,11059640245212390381,7555315728193499563,9686194466863764310,5411466528937737195,200000,0,0,0,176.010,automatic,serialFullRefresh,none,incremental,fullAllCurrentEntries,notApplicable,1,1,33495,0,13.055,0.225,0.000,86740,9.724,13.280,automatic,serialFullRefresh,none,incremental,fullAllCurrentEntries,notApplicable,1,1,200000,0,43.495,1.361,0.000,90732,9.575,44.856,automatic,serialImmediate,none,incremental,notApplicable,incremental,1,1,33495,0,0.000,0.000,0.000,0,0.000,23.359,automatic,serialImmediate,none,incremental,notApplicable,incremental,1,1,200000,0,0.000,0.000,0.000,0,0.000,39.397,automatic,serialDirty,none,notApplicable,notApplicable,incremental,1,1,0,65744,0.000,0.000,0.000,0,0.000,23.326,dirtyRange,dirtyRange,none,notApplicable,notApplicable,incremental,1,1,0,25332,0.000,0.000,0.000,0,0.000,7.177
Classic CPU ROAM,RelWithDebInfo,OpenGL,NVIDIA GeForce RTX 5090 D/PCIe/SSE2,4.1.0 NVIDIA 591.86,false,assets/heightmaps/Hm_Terrain_Peking_513.png,547,547,80.000,12.000,20,0.250,0.100,200000,false,28,64,0.444,12.024,-54.502,18.072,19.837,411.749,200000,1113216,199998,14335,7290,14335,233772,200000,33465,4834,167994,0,61395,138605,24706,2208,0,0,0,1,101.007,379.236,205.052,7.572,17.627,23.404,0.000,0.000,43.630,39.389,0.000,0.000,0.000,0.000,0.000,39.389,0.000,0.000,0.000,0.000,0.000,0.000,0.000,22.733,50.694,7.916,0.000,0.000,10314360,0,83.020,41.031,22.733,0.000,20,29,11033918810356266088,6230683355398155042,9888563655938865868,6802711605645862921,12436952546290142025,200000,0,0,0,166.083,automatic,serialFullRefresh,none,incremental,fullAllCurrentEntries,notApplicable,1,1,33477,0,17.389,0.238,0.000,81984,9.610,17.627,automatic,serialFullRefresh,none,incremental,fullAllCurrentEntries,notApplicable,1,1,200000,0,41.673,1.957,0.000,86010,9.277,43.630,automatic,serialImmediate,none,incremental,notApplicable,incremental,1,1,33477,0,0.000,0.000,0.000,0,0.000,23.404,automatic,serialImmediate,none,incremental,notApplicable,incremental,1,1,200000,0,0.000,0.000,0.000,0,0.000,39.389,automatic,serialDirty,none,notApplicable,notApplicable,incremental,1,1,0,61395,0.000,0.000,0.000,0,0.000,22.733,dirtyRange,dirtyRange,none,notApplicable,notApplicable,incremental,1,1,0,24706,0.000,0.000,0.000,0,0.000,7.916
Classic CPU ROAM,RelWithDebInfo,OpenGL,NVIDIA GeForce RTX 5090 D/PCIe/SSE2,4.1.0 NVIDIA 591.86,false,assets/heightmaps/Hm_Terrain_Peking_513.png,547,547,80.000,12.000,20,0.250,0.100,200000,false,29,64,0.460,12.412,-56.206,18.565,14.312,388.369,200000,1134936,199998,15312,7824,15312,233718,200000,33572,5365,179891,0,62078,137922,25331,2859,0,0,0,1,102.023,405.420,225.344,7.505,16.374,22.188,0.000,0.000,50.118,37.209,0.000,0.000,0.000,0.000,0.000,37.209,0.000,0.000,0.000,0.000,0.000,0.000,0.000,27.118,64.831,7.166,0.000,0.000,10429104,0,87.328,38.561,27.118,0.000,20,30,17931026488172795956,15109329511028966282,4722452041654089608,6983045937520075164,6360625776249671492,200000,0,0,0,172.662,automatic,serialFullRefresh,none,incremental,fullAllCurrentEntries,notApplicable,1,1,33465,0,16.120,0.254,0.000,88019,9.069,16.374,automatic,serialFullRefresh,none,incremental,fullAllCurrentEntries,notApplicable,1,1,200000,0,47.910,2.209,0.000,91872,9.200,50.118,automatic,serialImmediate,none,incremental,notApplicable,incremental,1,1,33465,0,0.000,0.000,0.000,0,0.000,22.188,automatic,serialImmediate,none,incremental,notApplicable,incremental,1,1,200000,0,0.000,0.000,0.000,0,0.000,37.209,automatic,serialDirty,none,notApplicable,notApplicable,incremental,1,1,0,62078,0.000,0.000,0.000,0,0.000,27.118,dirtyRange,dirtyRange,none,notApplicable,notApplicable,incremental,1,1,0,25331,0.000,0.000,0.000,0,0.000,7.166
Classic CPU ROAM,RelWithDebInfo,OpenGL,NVIDIA GeForce RTX 5090 D/PCIe/SSE2,4.1.0 NVIDIA 591.86,false,assets/heightmaps/Hm_Terrain_Peking_513.png,547,547,80.000,12.000,20,0.250,0.100,200000,false,30,64,0.476,12.827,-57.352,19.116,8.644,414.633,200000,1156274,199998,15483,7916,15483,233751,200000,33515,5638,179939,0,64043,135957,26078,2122,0,0,0,1,98.210,405.161,220.876,9.735,14.085,24.752,0.000,0.000,49.000,38.984,0.000,0.000,0.000,0.000,0.000,38.984,0.000,0.000,0.000,0.000,0.000,0.000,0.000,29.833,54.486,7.361,0.000,0.000,10759224,0,87.984,38.837,29.833,0.000,20,31,507975663382346138,15337671370646515645,6452947698764962839,15378367499456464034,15460748289941399559,200000,0,0,0,176.730,automatic,serialFullRefresh,none,incremental,fullAllCurrentEntries,notApplicable,1,1,33572,0,13.865,0.221,0.000,87041,9.427,14.085,automatic,serialFullRefresh,none,incremental,fullAllCurrentEntries,notApplicable,1,1,200000,0,46.876,2.124,0.000,92898,9.671,49.000,automatic,serialImmediate,none,incremental,notApplicable,incremental,1,1,33572,0,0.000,0.000,0.000,0,0.000,24.752,automatic,serialImmediate,none,incremental,notApplicable,incremental,1,1,200000,0,0.000,0.000,0.000,0,0.000,38.984,automatic,serialDirty,none,notApplicable,notApplicable,incremental,1,1,0,64043,0.000,0.000,0.000,0,0.000,29.833,dirtyRange,dirtyRange,none,notApplicable,notApplicable,incremental,1,1,0,26078,0.000,0.000,0.000,0,0.000,7.361
Classic CPU ROAM,RelWithDebInfo,OpenGL,NVIDIA GeForce RTX 5090 D/PCIe/SSE2,4.1.0 NVIDIA 591.86,false,assets/heightmaps/Hm_Terrain_Peking_513.png,547,547,80.000,12.000,20,0.250,0.100,200000,false,31,64,0.492,13.243,-57.928,19.701,2.891,415.637,200000,1177026,199998,15570,7932,15570,233689,200000,33631,6012,181652,0,64398,135602,26194,3867,0,0,0,1,101.541,422.861,220.126,8.696,16.480,28.004,0.000,0.000,47.627,41.116,0.000,0.000,0.000,0.000,0.000,41.116,0.000,0.000,0.000,0.000,0.000,0.000,0.000,25.756,52.445,7.328,0.000,0.000,10818864,0,88.743,44.484,25.756,0.000,20,32,15017807530908053037,17283981430703675719,17073906308288112677,12602582867782403863,14692211958689379275,200000,0,0,0,195.169,automatic,serialFullRefresh,none,incremental,fullAllCurrentEntries,notApplicable,1,1,33515,0,16.144,0.336,0.000,88232,9.723,16.480,automatic,serialFullRefresh,none,incremental,fullAllCurrentEntries,notApplicable,1,1,200000,0,45.434,2.193,0.000,93420,10.239,47.627,automatic,serialImmediate,none,incremental,notApplicable,incremental,1,1,33515,0,0.000,0.000,0.000,0,0.000,28.004,automatic,serialImmediate,none,incremental,notApplicable,incremental,1,1,200000,0,0.000,0.000,0.000,0,0.000,41.116,automatic,serialDirty,none,notApplicable,notApplicable,incremental,1,1,0,64398,0.000,0.000,0.000,0,0.000,25.756,dirtyRange,dirtyRange,none,notApplicable,notApplicable,incremental,1,1,0,26194,0.000,0.000,0.000,0,0.000,7.328
Classic CPU ROAM,RelWithDebInfo,OpenGL,NVIDIA GeForce RTX 5090 D/PCIe/SSE2,4.1.0 NVIDIA 591.86,false,assets/heightmaps/Hm_Terrain_Peking_513.png,547,547,80.000,12.000,20,0.250,0.100,200000,false,32,64,0.508,13.676,-57.928,20.299,-2.891,433.162,200000,1196024,199998,14598,7361,14598,233843,200000,33535,5976,172556,0,61690,138310,25523,1942,0,0,0,1,98.223,389.576,204.138,8.862,15.590,24.645,0.000,0.000,44.580,37.368,0.000,0.000,0.000,0.000,0.000,37.368,0.000,0.000,0.000,0.000,0.000,0.000,0.000,26.016,47.076,7.734,0.000,0.000,10363920,0,81.948,40.235,26.016,0.000,20,33,9199624600395083803,16200465346316385833,8270221947589718051,14263644330598810710,16793404474157041475,200000,0,0,0,177.498,automatic,serialFullRefresh,none,incremental,fullAllCurrentEntries,notApplicable,1,1,33631,0,15.296,0.294,0.000,84968,9.341,15.590,automatic,serialFullRefresh,none,incremental,fullAllCurrentEntries,notApplicable,1,1,200000,0,43.306,1.274,0.000,87588,9.327,44.580,automatic,serialImmediate,none,incremental,notApplicable,incremental,1,1,33631,0,0.000,0.000,0.000,0,0.000,24.645,automatic,serialImmediate,none,incremental,notApplicable,incremental,1,1,200000,0,0.000,0.000,0.000,0,0.000,37.368,automatic,serialDirty,none,notApplicable,notApplicable,incremental,1,1,0,61690,0.000,0.000,0.000,0,0.000,26.016,dirtyRange,dirtyRange,none,notApplicable,notApplicable,incremental,1,1,0,25523,0.000,0.000,0.000,0,0.000,7.734
Classic CPU ROAM,RelWithDebInfo,OpenGL,NVIDIA GeForce RTX 5090 D/PCIe/SSE2,4.1.0 NVIDIA 591.86,false,assets/heightmaps/Hm_Terrain_Peking_513.png,547,547,80.000,12.000,20,0.250,0.100,200000,false,33,64,0.524,14.074,-57.352,20.884,-8.644,397.926,200000,1214838,199998,13220,6709,13220,233707,200000,33635,5268,155446,0,58030,141970,25017,3538,0,0,0,1,100.688,412.086,210.779,7.207,15.303,22.714,0.000,0.000,52.275,37.051,0.000,0.000,0.000,0.000,0.000,37.051,0.000,0.000,0.000,0.000,0.000,0.000,0.000,22.405,53.822,8.525,0.000,0.000,9749040,0,89.326,38.016,22.405,0.000,20,34,11600246150773609547,13346581377158641293,17914689748063822155,4931974468709486550,8192634735438136606,200000,0,0,0,192.475,automatic,serialFullRefresh,none,incremental,fullAllCurrentEntries,notApplicable,1,1,33535,0,15.090,0.213,0.000,76126,8.645,15.303,automatic,serialFullRefresh,none,incremental,fullAllCurrentEntries,notApplicable,1,1,200000,0,49.675,2.600,0.000,79320,9.033,52.275,automatic,serialImmediate,none,incremental,notApplicable,incremental,1,1,33535,0,0.000,0.000,0.000,0,0.000,22.714,automatic,serialImmediate,none,incremental,notApplicable,incremental,1,1,200000,0,0.000,0.000,0.000,0,0.000,37.051,automatic,serialDirty,none,notApplicable,notApplicable,incremental,1,1,0,58030,0.000,0.000,0.000,0,0.000,22.405,dirtyRange,dirtyRange,none,notApplicable,notApplicable,incremental,1,1,0,25017,0.000,0.000,0.000,0,0.000,8.525
Classic CPU ROAM,RelWithDebInfo,OpenGL,NVIDIA GeForce RTX 5090 D/PCIe/SSE2,4.1.0 NVIDIA 591.86,false,assets/heightmaps/Hm_Terrain_Peking_513.png,547,547,80.000,12.000,20,0.250,0.100,200000,false,34,64,0.540,14.493,-56.206,21.435,-14.312,418.877,200000,1233768,199998,15182,7732,15182,233801,200000,33571,3811,178636,0,60177,139823,24412,2375,0,0,0,1,102.363,433.769,238.248,7.161,15.244,27.758,0.000,0.000,55.857,49.423,0.000,0.000,0.000,0.000,0.000,49.423,0.000,0.000,0.000,0.000,0.000,0.000,0.000,26.762,56.042,6.280,0.000,0.000,10109736,0,105.280,43.002,26.762,0.000,20,35,10184350017330938359,2817222760074155981,14006666610658801887,2747198251907076028,10573782616376506026,200000,0,0,0,189.003,automatic,serialFullRefresh,none,incremental,fullAllCurrentEntries,notApplicable,1,1,33635,0,14.952,0.292,0.000,87544,10.729,15.244,automatic,serialFullRefresh,none,incremental,fullAllCurrentEntries,notApplicable,1,1,200000,0,53.194,2.662,0.000,91092,12.004,55.857,automatic,serialImmediate,none,incremental,notApplicable,incremental,1,1,33635,0,0.000,0.000,0.000,0,0.000,27.758,automatic,serialImmediate,none,incremental,notApplicable,incremental,1,1,200000,0,0.000,0.000,0.000,0,0.000,49.423,automatic,serialDirty,none,notApplicable,notApplicable,incremental,1,1,0,60177,0.000,0.000,0.000,0,0.000,26.762,dirtyRange,dirtyRange,none,notApplicable,notApplicable,incremental,1,1,0,24412,0.000,0.000,0.000,0,0.000,6.280
Classic CPU ROAM,RelWithDebInfo,OpenGL,NVIDIA GeForce RTX 5090 D/PCIe/SSE2,4.1.0 NVIDIA 591.86,false,assets/heightmaps/Hm_Terrain_Peking_513.png,547,547,80.000,12.000,20,0.250,0.100,200000,false,35,64,0.556,14.934,-54.502,21.928,-19.837,441.184,200000,1251996,199998,15132,7707,15132,233898,200000,33656,3965,179945,0,59256,140744,24523,2552,0,0,0,1,107.120,402.616,220.482,10.274,16.972,25.029,0.000,0.000,47.428,42.839,0.000,0.000,0.000,0.000,0.000,42.839,0.000,0.000,0.000,0.000,0.000,0.000,0.000,27.156,50.782,8.692,0.000,0.000,9955008,0,90.267,42.001,27.156,0.000,20,36,2085537837089982350,13527224358381511974,17721546227294611904,2586764488759282298,5604490718492392840,200000,0,0,0,173.184,automatic,serialFullRefresh,none,incremental,fullAllCurrentEntries,notApplicable,1,1,33571,0,16.563,0.410,0.000,89153,10.424,16.972,automatic,serialFullRefresh,none,incremental,fullAllCurrentEntries,notApplicable,1,1,200000,0,45.740,1.688,0.000,90792,10.458,47.428,automatic,serialImmediate,none,incremental,notApplicable,incremental,1,1,33571,0,0.000,0.000,0.000,0,0.000,25.029,automatic,serialImmediate,none,incremental,notApplicable,incremental,1,1,200000,0,0.000,0.000,0.000,0,0.000,42.839,automatic,serialDirty,none,notApplicable,notApplicable,incremental,1,1,0,59256,0.000,0.000,0.000,0,0.000,27.156,dirtyRange,dirtyRange,none,notApplicable,notApplicable,incremental,1,1,0,24523,0.000,0.000,0.000,0,0.000,8.692
Classic CPU ROAM,RelWithDebInfo,OpenGL,NVIDIA GeForce RTX 5090 D/PCIe/SSE2,4.1.0 NVIDIA 591.86,false,assets/heightmaps/Hm_Terrain_Peking_513.png,547,547,80.000,12.000,20,0.250,0.100,200000,false,36,64,0.571,15.345,-52.256,22.345,-25.165,411.449,200000,1273930,199998,15948,8142,15948,234002,200000,33754,3873,188618,0,58852,141148,24348,2140,0,0,0,1,97.911,424.407,225.021,10.825,16.219,25.718,0.000,0.000,47.587,46.724,0.000,0.000,0.000,0.000,0.000,46.724,0.000,0.000,0.000,0.000,0.000,0.000,0.000,25.430,52.516,9.398,0.000,0.000,9887136,0,94.312,41.937,25.430,0.000,20,37,4607764548339769312,1496534923326945117,10145042690056851243,3102267663174235207,18299975427405264666,200000,0,0,0,189.726,automatic,serialFullRefresh,none,incremental,fullAllCurrentEntries,notApplicable,1,1,33656,0,15.975,0.244,0.000,92930,11.264,16.219,automatic,serialFullRefresh,none,incremental,fullAllCurrentEntries,notApplicable,1,1,200000,0,45.853,1.734,0.000,95688,10.351,47.587,automatic,serialImmediate,none,incremental,notApplicable,incremental,1,1,33656,0,0.000,0.000,0.000,0,0.000,25.718,automatic,serialImmediate,none,incremental,notApplicable,incremental,1,1,200000,0,0.000,0.000,0.000,0,0.000,46.724,automatic,serialDirty,none,notApplicable,notApplicable,incremental,1,1,0,58852,0.000,0.000,0.000,0,0.000,25.430,dirtyRange,dirtyRange,none,notApplicable,notApplicable,incremental,1,1,0,24348,0.000,0.000,0.000,0,0.000,9.398
Classic CPU ROAM,RelWithDebInfo,OpenGL,NVIDIA GeForce RTX 5090 D/PCIe/SSE2,4.1.0 NVIDIA 591.86,false,assets/heightmaps/Hm_Terrain_Peking_513.png,547,547,80.000,12.000,20,0.250,0.100,200000,false,37,64,0.587,15.775,-49.491,22.670,-30.243,429.834,200000,1295570,199998,16398,8316,16398,234264,200000,33958,4263,195984,0,59147,140853,24435,2508,0,0,0,1,101.197,409.244,223.201,8.667,15.647,25.181,0.000,0.000,50.745,46.961,0.000,0.000,0.000,0.000,0.000,46.961,0.000,0.000,0.000,0.000,0.000,0.000,0.000,22.943,53.056,7.745,0.000,0.000,9936696,0,97.706,40.828,22.943,0.000,20,38,2915165779464536566,8131120372325885611,18280130596683437565,5241553742240944586,8193547535160834578,200000,0,0,0,178.111,automatic,serialFullRefresh,none,incremental,fullAllCurrentEntries,notApplicable,1,1,33754,0,15.401,0.246,0.000,97596,11.473,15.647,automatic,serialFullRefresh,none,incremental,fullAllCurrentEntries,notApplicable,1,1,200000,0,48.466,2.278,0.000,98388,10.242,50.745,automatic,serialImmediate,none,incremental,notApplicable,incremental,1,1,33754,0,0.000,0.000,0.000,0,0.000,25.181,automatic,serialImmediate,none,incremental,notApplicable,incremental,1,1,200000,0,0.000,0.000,0.000,0,0.000,46.961,automatic,serialDirty,none,notApplicable,notApplicable,incremental,1,1,0,59147,0.000,0.000,0.000,0,0.000,22.943,dirtyRange,dirtyRange,none,notApplicable,notApplicable,incremental,1,1,0,24435,0.000,0.000,0.000,0,0.000,7.745
Classic CPU ROAM,RelWithDebInfo,OpenGL,NVIDIA GeForce RTX 5090 D/PCIe/SSE2,4.1.0 NVIDIA 591.86,false,assets/heightmaps/Hm_Terrain_Peking_513.png,547,547,80.000,12.000,20,0.250,0.100,200000,false,38,64,0.603,16.194,-46.234,22.888,-35.021,418.848,200000,1312514,199998,15820,8019,15820,234257,200000,33912,4588,185956,0,59813,140187,24837,2010,0,0,0,1,101.764,430.992,223.025,11.829,16.194,22.512,0.000,0.000,49.185,42.550,0.000,0.000,0.000,0.000,0.000,42.550,0.000,0.000,0.000,0.000,0.000,0.000,0.000,25.924,54.828,16.335,0.000,0.000,10048584,0,91.735,38.706,25.924,0.000,20,39,15171627335562436946,11110283535362372986,3587553531994931092,11341183490841006377,4435577496345909474,200000,0,0,0,191.375,automatic,serialFullRefresh,none,incremental,fullAllCurrentEntries,notApplicable,1,1,33958,0,15.946,0.249,0.000,91036,9.648,16.194,automatic,serialFullRefresh,none,incremental,fullAllCurrentEntries,notApplicable,1,1,200000,0,47.697,1.488,0.000,94920,9.714,49.185,automatic,serialImmediate,none,incremental,notApplicable,incremental,1,1,33958,0,0.000,0.000,0.000,0,0.000,22.512,automatic,serialImmediate,none,incremental,notApplicable,incremental,1,1,200000,0,0.000,0.000,0.000,0,0.000,42.550,automatic,serialDirty,none,notApplicable,notApplicable,incremental,1,1,0,59813,0.000,0.000,0.000,0,0.000,25.924,dirtyRange,dirtyRange,none,notApplicable,notApplicable,incremental,1,1,0,24837,0.000,0.000,0.000,0,0.000,16.335
Classic CPU ROAM,RelWithDebInfo,OpenGL,NVIDIA GeForce RTX 5090 D/PCIe/SSE2,4.1.0 NVIDIA 591.86,false,assets/heightmaps/Hm_Terrain_Peking_513.png,547,547,80.000,12.000,20,0.250,0.100,200000,false,39,64,0.619,16.629,-42.517,22.992,-39.450,435.291,200000,1329038,199998,16753,8514,16753,234337,200000,34243,5773,202435,0,62177,137823,26127,2942,0,0,0,1,99.104,433.126,245.695,11.491,16.694,28.595,0.000,0.000,48.260,46.095,0.000,0.000,0.000,0.000,0.000,46.095,0.000,0.000,0.000,0.000,0.000,0.000,0.000,31.744,62.813,7.377,0.000,0.000,10445736,0,94.356,45.289,31.744,0.000,20,40,11497493909425854971,2492034376308645561,7257474350009245571,6222817655162146031,6886515912890788978,200000,0,0,0,179.860,automatic,serialFullRefresh,none,incremental,fullAllCurrentEntries,notApplicable,1,1,33912,0,16.438,0.257,0.000,101917,11.833,16.694,automatic,serialFullRefresh,none,incremental,fullAllCurrentEntries,notApplicable,1,1,200000,0,45.940,2.320,0.000,100518,10.635,48.260,automatic,serialImmediate,none,incremental,notApplicable,incremental,1,1,33912,0,0.000,0.000,0.000,0,0.000,28.595,automatic,serialImmediate,none,incremental,notApplicable,incremental,1,1,200000,0,0.000,0.000,0.000,0,0.000,46.095,automatic,serialDirty,none,notApplicable,notApplicable,incremental,1,1,0,62177,0.000,0.000,0.000,0,0.000,31.744,dirtyRange,dirtyRange,none,notApplicable,notApplicable,incremental,1,1,0,26127,0.000,0.000,0.000,0,0.000,7.377
Classic CPU ROAM,RelWithDebInfo,OpenGL,NVIDIA GeForce RTX 5090 D/PCIe/SSE2,4.1.0 NVIDIA 591.86,false,assets/heightmaps/Hm_Terrain_Peking_513.png,547,547,80.000,12.000,20,0.250,0.100,200000,false,40,64,0.635,17.074,-38.378,22.977,-43.487,444.913,200000,1343102,199998,16591,8356,16591,234386,200000,34252,6463,194309,0,65173,134827,27402,3695,0,0,0,1,102.044,406.055,219.055,8.288,15.483,25.060,0.000,0.000,45.720,41.025,0.000,0.000,0.000,0.000,0.000,41.025,0.000,0.000,0.000,0.000,0.000,0.000,0.000,27.016,56.460,7.878,0.000,0.000,10949064,0,86.745,40.543,27.016,0.000,20,41,14563908140348388113,14857908528817655382,1928326867279124476,11595271541229955106,13341262442090873672,200000,0,0,0,178.915,automatic,serialFullRefresh,none,incremental,fullAllCurrentEntries,notApplicable,1,1,34243,0,15.138,0.345,0.000,94763,9.351,15.483,automatic,serialFullRefresh,none,incremental,fullAllCurrentEntries,notApplicable,1,1,200000,0,44.320,1.400,0.000,99546,10.034,45.720,automatic,serialImmediate,none,incremental,notApplicable,incremental,1,1,34243,0,0.000,0.000,0.000,0,0.000,25.060,automatic,serialImmediate,none,incremental,notApplicable,incremental,1,1,200000,0,0.000,0.000,0.000,0,0.000,41.025,automatic,serialDirty,none,notApplicable,notApplicable,incremental,1,1,0,65173,0.000,0.000,0.000,0,0.000,27.016,dirtyRange,dirtyRange,none,notApplicable,notApplicable,incremental,1,1,0,27402,0.000,0.000,0.000,0,0.000,7.878
Classic CPU ROAM,RelWithDebInfo,OpenGL,NVIDIA GeForce RTX 5090 D/PCIe/SSE2,4.1.0 NVIDIA 591.86,false,assets/heightmaps/Hm_Terrain_Peking_513.png,547,547,80.000,12.000,20,0.250,0.100,200000,false,41,64,0.651,17.487,-33.857,22.844,-47.092,412.513,200000,1356936,199998,15778,8021,15778,234333,200000,34210,6690,189874,0,65279,134721,27804,3034,0,0,0,1,94.670,437.283,230.891,7.120,14.571,29.759,0.000,0.000,49.010,46.440,0.000,0.000,0.000,0.000,0.000,46.440,0.000,0.000,0.000,0.000,0.000,0.000,0.000,33.312,50.678,8.101,0.000,0.000,10966872,0,95.450,44.330,33.312,0.000,20,42,18099405259524479923,6795102887817331768,16418398602788939930,10370168128108726468,18043304207587188639,200000,0,0,0,198.090,automatic,serialFullRefresh,none,incremental,fullAllCurrentEntries,notApplicable,1,1,34252,0,14.349,0.222,0.000,95206,11.040,14.571,automatic,serialFullRefresh,none,incremental,fullAllCurrentEntries,notApplicable,1,1,200000,0,47.579,1.431,0.000,94668,10.369,49.010,automatic,serialImmediate,none,incremental,notApplicable,incremental,1,1,34252,0,0.000,0.000,0.000,0,0.000,29.759,automatic,serialImmediate,none,incremental,notApplicable,incremental,1,1,200000,0,0.000,0.000,0.000,0,0.000,46.440,automatic,serialDirty,none,notApplicable,notApplicable,incremental,1,1,0,65279,0.000,0.000,0.000,0,0.000,33.312,dirtyRange,dirtyRange,none,notApplicable,notApplicable,incremental,1,1,0,27804,0.000,0.000,0.000,0,0.000,8.101
Classic CPU ROAM,RelWithDebInfo,OpenGL,NVIDIA GeForce RTX 5090 D/PCIe/SSE2,4.1.0 NVIDIA 591.86,false,assets/heightmaps/Hm_Terrain_Peking_513.png,547,547,80.000,12.000,20,0.250,0.100,200000,false,42,64,0.667,17.934,-29.000,22.598,-50.229,447.288,200000,1372434,199998,14677,7472,14677,234221,200000,34055,6046,175387,0,63643,136357,27964,3246,0,0,0,1,95.279,417.639,229.528,7.823,15.595,27.996,0.000,0.000,44.365,43.855,0.000,0.000,0.000,0.000,0.000,43.855,0.000,0.000,0.000,0.000,0.000,0.000,0.000,30.621,59.271,7.597,0.000,0.000,10692024,0,88.220,43.591,30.621,0.000,20,43,5037163150524468369,11539274937098670880,13370878448706581218,2428502504339929331,10580619876848912246,200000,0,0,0,180.248,automatic,serialFullRefresh,none,incremental,fullAllCurrentEntries,notApplicable,1,1,34210,0,15.283,0.311,0.000,87325,10.915,15.595,automatic,serialFullRefresh,none,incremental,fullAllCurrentEntries,notApplicable,1,1,200000,0,42.682,1.683,0.000,88062,10.037,44.365,automatic,serialImmediate,none,incremental,notApplicable,incremental,1,1,34210,0,0.000,0.000,0.000,0,0.000,27.996,automatic,serialImmediate,none,incremental,notApplicable,incremental,1,1,200000,0,0.000,0.000,0.000,0,0.000,43.855,automatic,serialDirty,none,notApplicable,notApplicable,incremental,1,1,0,63643,0.000,0.000,0.000,0,0.000,30.621,dirtyRange,dirtyRange,none,notApplicable,notApplicable,incremental,1,1,0,27964,0.000,0.000,0.000,0,0.000,7.597
Classic CPU ROAM,RelWithDebInfo,OpenGL,NVIDIA GeForce RTX 5090 D/PCIe/SSE2,4.1.0 NVIDIA 591.86,false,assets/heightmaps/Hm_Terrain_Peking_513.png,547,547,80.000,12.000,20,0.250,0.100,200000,false,43,64,0.683,18.366,-23.855,22.249,-52.867,431.898,200000,1388576,199998,14286,7280,14286,234179,200000,34082,5145,171531,0,60632,139368,27233,2082,0,0,0,1,100.350,428.062,231.225,8.737,18.039,24.635,0.000,0.000,51.850,39.878,0.000,0.000,0.000,0.000,0.000,39.878,0.000,0.000,0.000,0.000,0.000,0.000,0.000,31.353,56.732,7.595,0.000,0.000,10186176,0,91.728,42.675,31.353,0.000,20,44,2010038420192191038,6965282697844826061,8882002267534927791,7267293934232991669,1971615220371960845,200000,0,0,0,189.041,automatic,serialFullRefresh,none,incremental,fullAllCurrentEntries,notApplicable,1,1,34055,0,17.613,0.426,0.000,85815,9.768,18.039,automatic,serialFullRefresh,none,incremental,fullAllCurrentEntries,notApplicable,1,1,200000,0,49.422,2.428,0.000,85716,9.747,51.850,automatic,serialImmediate,none,incremental,notApplicable,incremental,1,1,34055,0,0.000,0.000,0.000,0,0.000,24.635,automatic,serialImmediate,none,incremental,notApplicable,incremental,1,1,200000,0,0.000,0.000,0.000,0,0.000,39.878,automatic,serialDirty,none,notApplicable,notApplicable,incremental,1,1,0,60632,0.000,0.000,0.000,0,0.000,31.353,dirtyRange,dirtyRange,none,notApplicable,notApplicable,incremental,1,1,0,27233,0.000,0.000,0.000,0,0.000,7.595
Classic CPU ROAM,RelWithDebInfo,OpenGL,NVIDIA GeForce RTX 5090 D/PCIe/SSE2,4.1.0 NVIDIA 591.86,false,assets/heightmaps/Hm_Terrain_Peking_513.png,547,547,80.000,12.000,20,0.250,0.100,200000,false,44,64,0.698,18.804,-18.472,21.811,-54.980,438.498,200000,1405436,199998,14584,7441,14584,234229,200000,33998,5280,173596,0,59378,140622,27283,2477,0,0,0,1,99.175,418.404,223.080,8.522,18.598,25.409,0.000,0.000,48.214,40.315,0.000,0.000,0.000,0.000,0.000,40.315,0.000,0.000,0.000,0.000,0.000,0.000,0.000,24.324,57.696,8.669,0.000,0.000,9975504,0,88.530,44.007,24.324,0.000,20,45,1547201238797944516,13831941261432722240,11262328333957560934,13572103771761879173,10696085729681648563,200000,0,0,0,186.364,automatic,serialFullRefresh,none,incremental,fullAllCurrentEntries,notApplicable,1,1,34082,0,18.330,0.268,0.000,86092,9.923,18.598,automatic,serialFullRefresh,none,incremental,fullAllCurrentEntries,notApplicable,1,1,200000,0,45.868,2.346,0.000,87504,9.600,48.214,automatic,serialImmediate,none,incremental,notApplicable,incremental,1,1,34082,0,0.000,0.000,0.000,0,0.000,25.409,automatic,serialImmediate,none,incremental,notApplicable,incremental,1,1,200000,0,0.000,0.000,0.000,0,0.000,40.315,automatic,serialDirty,none,notApplicable,notApplicable,incremental,1,1,0,59378,0.000,0.000,0.000,0,0.000,24.324,dirtyRange,dirtyRange,none,notApplicable,notApplicable,incremental,1,1,0,27283,0.000,0.000,0.000,0,0.000,8.669
Classic CPU ROAM,RelWithDebInfo,OpenGL,NVIDIA GeForce RTX 5090 D/PCIe/SSE2,4.1.0 NVIDIA 591.86,false,assets/heightmaps/Hm_Terrain_Peking_513.png,547,547,80.000,12.000,20,0.250,0.100,200000,false,45,64,0.714,19.228,-12.906,21.302,-56.546,424.114,200000,1422106,199998,15499,7915,15499,234137,200000,33808,5625,181450,0,61849,138151,28208,3132,0,0,0,1,102.388,419.945,215.444,7.387,14.557,26.950,0.000,0.000,43.721,40.795,0.000,0.000,0.000,0.000,0.000,40.795,0.000,0.000,0.000,0.000,0.000,0.000,0.000,22.787,59.245,7.803,0.000,0.000,10390632,0,84.515,41.508,22.787,0.000,20,46,9745764302508673464,11277505994945043421,17114593554410757175,13187097692078154093,1757098035051615044,200000,0,0,0,196.418,automatic,serialFullRefresh,none,incremental,fullAllCurrentEntries,notApplicable,1,1,33998,0,14.257,0.301,0.000,88456,10.021,14.557,automatic,serialFullRefresh,none,incremental,fullAllCurrentEntries,notApplicable,1,1,200000,0,42.452,1.268,0.000,92994,9.971,43.721,automatic,serialImmediate,none,incremental,notApplicable,incremental,1,1,33998,0,0.000,0.000,0.000,0,0.000,26.950,automatic,serialImmediate,none,incremental,notApplicable,incremental,1,1,200000,0,0.000,0.000,0.000,0,0.000,40.795,automatic,serialDirty,none,notApplicable,notApplicable,incremental,1,1,0,61849,0.000,0.000,0.000,0,0.000,22.787,dirtyRange,dirtyRange,none,notApplicable,notApplicable,incremental,1,1,0,28208,0.000,0.000,0.000,0,0.000,7.803
Classic CPU ROAM,RelWithDebInfo,OpenGL,NVIDIA GeForce RTX 5090 D/PCIe/SSE2,4.1.0 NVIDIA 591.86,false,assets/heightmaps/Hm_Terrain_Peking_513.png,547,547,80.000,12.000,20,0.250,0.100,200000,false,46,64,0.730,19.659,-7.212,20.740,-57.550,430.188,200000,1438704,199998,15927,8130,15927,233951,200000,33610,5578,184800,0,63152,136848,28231,3288,0,0,0,1,100.533,396.538,217.257,6.695,16.274,27.887,0.000,0.000,45.542,43.372,0.000,0.000,0.000,0.000,0.000,43.372,0.000,0.000,0.000,0.000,0.000,0.000,0.000,26.973,50.513,7.919,0.000,0.000,10609536,0,88.914,44.161,26.973,0.000,20,47,501265749711831536,15078120519465764866,3045942073179456604,5293515024652262564,6085422030732384001,200000,0,0,0,171.156,automatic,serialFullRefresh,none,incremental,fullAllCurrentEntries,notApplicable,1,1,33808,0,15.970,0.304,0.000,89238,10.171,16.274,automatic,serialFullRefresh,none,incremental,fullAllCurrentEntries,notApplicable,1,1,200000,0,43.539,2.003,0.000,95562,10.424,45.542,automatic,serialImmediate,none,incremental,notApplicable,incremental,1,1,33808,0,0.000,0.000,0.000,0,0.000,27.887,automatic,serialImmediate,none,incremental,notApplicable,incremental,1,1,200000,0,0.000,0.000,0.000,0,0.000,43.372,automatic,serialDirty,none,notApplicable,notApplicable,incremental,1,1,0,63152,0.000,0.000,0.000,0,0.000,26.973,dirtyRange,dirtyRange,none,notApplicable,notApplicable,incremental,1,1,0,28231,0.000,0.000,0.000,0,0.000,7.919
Classic CPU ROAM,RelWithDebInfo,OpenGL,NVIDIA GeForce RTX 5090 D/PCIe/SSE2,4.1.0 NVIDIA 591.86,false,assets/heightmaps/Hm_Terrain_Peking_513.png,547,547,80.000,12.000,20,0.250,0.100,200000,false,47,64,0.746,20.065,-1.446,20.150,-57.982,406.822,200000,1452546,199998,15176,7716,15176,233813,200000,33584,5407,176066,0,61783,138217,27751,2759,0,0,0,1,100.491,413.898,216.489,8.744,15.280,26.194,0.000,0.000,46.888,41.012,0.000,0.000,0.000,0.000,0.000,41.012,0.000,0.000,0.000,0.000,0.000,0.000,0.000,29.386,48.985,9.564,0.000,0.000,10379544,0,87.900,41.474,29.386,0.000,20,48,7111493589348116639,14315627566301579737,2484608468122067079,18105314321580107672,11229033532730744092,200000,0,0,0,187.419,automatic,serialFullRefresh,none,incremental,fullAllCurrentEntries,notApplicable,1,1,33610,0,14.959,0.320,0.000,85010,9.590,15.280,automatic,serialFullRefresh,none,incremental,fullAllCurrentEntries,notApplicable,1,1,200000,0,45.454,1.434,0.000,91056,10.096,46.888,automatic,serialImmediate,none,incremental,notApplicable,incremental,1,1,33610,0,0.000,0.000,0.000,0,0.000,26.194,automatic,serialImmediate,none,incremental,notApplicable,incremental,1,1,200000,0,0.000,0.000,0.000,0,0.000,41.012,automatic,serialDirty,none,notApplicable,notApplicable,incremental,1,1,0,61783,0.000,0.000,0.000,0,0.000,29.386,dirtyRange,dirtyRange,none,notApplicable,notApplicable,incremental,1,1,0,27751,0.000,0.000,0.000,0,0.000,9.564
Classic CPU ROAM,RelWithDebInfo,OpenGL,NVIDIA GeForce RTX 5090 D/PCIe/SSE2,4.1.0 NVIDIA 591.86,false,assets/heightmaps/Hm_Terrain_Peking_513.png,547,547,80.000,12.000,20,0.250,0.100,200000,false,48,64,0.762,20.485,4.334,19.553,-57.838,419.188,200000,1465556,199998,14510,7293,14510,233790,200000,33664,5540,169718,0,59852,140148,27141,4898,0,0,0,1,99.082,433.133,232.129,8.087,18.206,29.560,0.000,0.000,47.201,47.443,0.000,0.000,0.000,0.000,0.000,47.443,0.000,0.000,0.000,0.000,0.000,0.000,0.000,26.100,55.531,7.289,0.000,0.000,10055136,0,94.644,47.766,26.100,0.000,20,49,3092664902140636325,13257489703289346144,9737631344837350734,5806748580413909727,13058811890126140084,200000,0,0,0,193.529,automatic,serialFullRefresh,none,incremental,fullAllCurrentEntries,notApplicable,1,1,33584,0,17.878,0.328,0.000,82658,10.005,18.206,automatic,serialFullRefresh,none,incremental,fullAllCurrentEntries,notApplicable,1,1,200000,0,44.651,2.550,0.000,87060,10.631,47.201,automatic,serialImmediate,none,incremental,notApplicable,incremental,1,1,33584,0,0.000,0.000,0.000,0,0.000,29.560,automatic,serialImmediate,none,incremental,notApplicable,incremental,1,1,200000,0,0.000,0.000,0.000,0,0.000,47.443,automatic,serialDirty,none,notApplicable,notApplicable,incremental,1,1,0,59852,0.000,0.000,0.000,0,0.000,26.100,dirtyRange,dirtyRange,none,notApplicable,notApplicable,incremental,1,1,0,27141,0.000,0.000,0.000,0,0.000,7.289
Classic CPU ROAM,RelWithDebInfo,OpenGL,NVIDIA GeForce RTX 5090 D/PCIe/SSE2,4.1.0 NVIDIA 591.86,false,assets/heightmaps/Hm_Terrain_Peking_513.png,547,547,80.000,12.000,20,0.250,0.100,200000,false,49,64,0.778,20.930,10.072,18.974,-57.119,445.195,200000,1478618,199998,14092,7098,14092,233867,200000,33680,4909,163882,0,58524,141476,26874,1769,0,0,0,1,100.383,398.011,212.064,7.581,16.943,25.614,0.000,0.000,46.329,39.562,0.000,0.000,0.000,0.000,0.000,39.562,0.000,0.000,0.000,0.000,0.000,0.000,0.000,21.992,54.042,8.774,0.000,0.000,9832032,0,85.891,42.557,21.992,0.000,20,50,17086198918310459832,9618937876771584471,15250975710174378021,9853983161442693405,4498258487991048180,200000,0,0,0,176.882,automatic,serialFullRefresh,none,incremental,fullAllCurrentEntries,notApplicable,1,1,33664,0,16.725,0.219,0.000,79330,9.295,16.943,automatic,serialFullRefresh,none,incremental,fullAllCurrentEntries,notApplicable,1,1,200000,0,44.890,1.439,0.000,84552,9.317,46.329,automatic,serialImmediate,none,incremental,notApplicable,incremental,1,1,33664,0,0.000,0.000,0.000,0,0.000,25.614,automatic,serialImmediate,none,incremental,notApplicable,incremental,1,1,200000,0,0.000,0.000,0.000,0,0.000,39.562,automatic,serialDirty,none,notApplicable,notApplicable,incremental,1,1,0,58524,0.000,0.000,0.000,0,0.000,21.992,dirtyRange,dirtyRange,none,notApplicable,notApplicable,incremental,1,1,0,26874,0.000,0.000,0.000,0,0.000,8.774
Classic CPU ROAM,RelWithDebInfo,OpenGL,NVIDIA GeForce RTX 5090 D/PCIe/SSE2,4.1.0 NVIDIA 591.86,false,assets/heightmaps/Hm_Terrain_Peking_513.png,547,547,80.000,12.000,20,0.250,0.100,200000,false,50,64,0.794,21.334,15.709,18.436,-55.832,404.430,200000,1494856,199998,16102,8263,16102,233804,200000,33363,4642,187191,0,62886,137114,27490,1336,0,0,0,1,99.136,417.429,222.159,8.323,14.113,24.754,0.000,0.000,49.406,45.696,0.000,0.000,0.000,0.000,0.000,45.696,0.000,0.000,0.000,0.000,0.000,0.000,0.000,27.956,51.909,7.576,0.000,0.000,10564848,0,95.102,38.867,27.956,0.000,20,51,7870981330079186394,3008041548493109848,12218100229106065782,10807794686108216961,9740759885869643506,200000,0,0,0,187.448,automatic,serialFullRefresh,none,incremental,fullAllCurrentEntries,notApplicable,1,1,33680,0,13.874,0.239,0.000,90579,10.407,14.113,automatic,serialFullRefresh,none,incremental,fullAllCurrentEntries,notApplicable,1,1,200000,0,48.008,1.398,0.000,96612,10.079,49.406,automatic,serialImmediate,none,incremental,notApplicable,incremental,1,1,33680,0,0.000,0.000,0.000,0,0.000,24.754,automatic,serialImmediate,none,incremental,notApplicable,incremental,1,1,200000,0,0.000,0.000,0.000,0,0.000,45.696,automatic,serialDirty,none,notApplicable,notApplicable,incremental,1,1,0,62886,0.000,0.000,0.000,0,0.000,27.956,dirtyRange,dirtyRange,none,notApplicable,notApplicable,incremental,1,1,0,27490,0.000,0.000,0.000,0,0.000,7.576
Classic CPU ROAM,RelWithDebInfo,OpenGL,NVIDIA GeForce RTX 5090 D/PCIe/SSE2,4.1.0 NVIDIA 591.86,false,assets/heightmaps/Hm_Terrain_Peking_513.png,547,547,80.000,12.000,20,0.250,0.100,200000,false,51,64,0.810,21.760,21.190,17.959,-53.991,425.669,200000,1514374,199998,17971,9136,17971,233638,200000,33277,4528,208636,0,64979,135021,27554,1627,0,0,0,1,102.452,405.507,216.096,6.790,13.651,26.209,0.000,0.000,45.191,45.110,0.000,0.000,0.000,0.000,0.000,45.110,0.000,0.000,0.000,0.000,0.000,0.000,0.000,31.496,47.648,8.877,0.000,0.000,10916472,0,90.301,39.859,31.496,0.000,20,52,14531078762823123179,5431540550642941704,11869539816467471350,11101953347597980034,17038757225831236034,200000,0,0,0,180.225,automatic,serialFullRefresh,none,incremental,fullAllCurrentEntries,notApplicable,1,1,33363,0,13.416,0.235,0.000,100810,11.019,13.651,automatic,serialFullRefresh,none,incremental,fullAllCurrentEntries,notApplicable,1,1,200000,0,43.840,1.351,0.000,107826,11.846,45.191,automatic,serialImmediate,none,incremental,notApplicable,incremental,1,1,33363,0,0.000,0.000,0.000,0,0.000,26.209,automatic,serialImmediate,none,incremental,notApplicable,incremental,1,1,200000,0,0.000,0.000,0.000,0,0.000,45.110,automatic,serialDirty,none,notApplicable,notApplicable,incremental,1,1,0,64979,0.000,0.000,0.000,0,0.000,31.496,dirtyRange,dirtyRange,none,notApplicable,notApplicable,incremental,1,1,0,27554,0.000,0.000,0.000,0,0.000,8.877
Classic CPU ROAM,RelWithDebInfo,OpenGL,NVIDIA GeForce RTX 5090 D/PCIe/SSE2,4.1.0 NVIDIA 591.86,false,assets/heightmaps/Hm_Terrain_Peking_513.png,547,547,80.000,12.000,20,0.250,0.100,200000,false,52,64,0.825,22.171,26.460,17.564,-51.613,411.271,200000,1534184,199998,17601,8847,17601,233584,200000,33237,4434,200822,0,64747,135253,27853,2257,0,0,0,1,94.608,487.859,248.895,10.086,16.283,29.636,0.000,0.000,48.296,51.063,0.000,0.000,0.000,0.000,0.000,51.063,0.000,0.000,0.000,0.000,0.000,0.000,0.000,32.225,61.305,8.802,0.000,0.000,10877496,0,99.358,45.919,32.225,0.000,20,53,14285510160506609534,11415814594753363039,12764079798955427945,7792899992017091332,10776500482527101165,200000,0,0,0,229.813,automatic,serialFullRefresh,none,incremental,fullAllCurrentEntries,notApplicable,1,1,33277,0,15.876,0.407,0.000,95216,11.242,16.283,automatic,serialFullRefresh,none,incremental,fullAllCurrentEntries,notApplicable,1,1,200000,0,46.883,1.412,0.000,105606,12.614,48.296,automatic,serialImmediate,none,incremental,notApplicable,incremental,1,1,33277,0,0.000,0.000,0.000,0,0.000,29.636,automatic,serialImmediate,none,incremental,notApplicable,incremental,1,1,200000,0,0.000,0.000,0.000,0,0.000,51.063,automatic,serialDirty,none,notApplicable,notApplicable,incremental,1,1,0,64747,0.000,0.000,0.000,0,0.000,32.225,dirtyRange,dirtyRange,none,notApplicable,notApplicable,incremental,1,1,0,27853,0.000,0.000,0.000,0,0.000,8.802
Classic CPU ROAM,RelWithDebInfo,OpenGL,NVIDIA GeForce RTX 5090 D/PCIe/SSE2,4.1.0 NVIDIA 591.86,false,assets/heightmaps/Hm_Terrain_Peking_513.png,547,547,80.000,12.000,20,0.250,0.100,200000,false,53,64,0.841,22.667,31.468,17.265,-48.722,496.027,200000,1551700,199998,16802,8469,16802,233656,200000,33381,4470,194526,0,66448,133552,28585,2955,0,0,0,1,99.673,447.030,248.739,8.258,16.304,26.548,0.000,0.000,56.982,47.624,0.000,0.000,0.000,0.000,0.000,47.624,0.000,0.000,0.000,0.000,0.000,0.000,0.000,32.832,60.188,8.024,0.000,0.000,11163264,0,104.606,42.853,32.832,0.000,20,54,9072732312605758378,9922918741564438369,11299377438957458635,10262884149721314647,14616469546901186370,200000,0,0,0,190.026,automatic,serialFullRefresh,none,incremental,fullAllCurrentEntries,notApplicable,1,1,33237,0,16.006,0.298,0.000,93714,10.695,16.304,automatic,serialFullRefresh,none,incremental,fullAllCurrentEntries,notApplicable,1,1,200000,0,54.514,2.468,0.000,100812,10.986,56.982,automatic,serialImmediate,none,incremental,notApplicable,incremental,1,1,33237,0,0.000,0.000,0.000,0,0.000,26.548,automatic,serialImmediate,none,incremental,notApplicable,incremental,1,1,200000,0,0.000,0.000,0.000,0,0.000,47.624,automatic,serialDirty,none,notApplicable,notApplicable,incremental,1,1,0,66448,0.000,0.000,0.000,0,0.000,32.832,dirtyRange,dirtyRange,none,notApplicable,notApplicable,incremental,1,1,0,28585,0.000,0.000,0.000,0,0.000,8.024
Classic CPU ROAM,RelWithDebInfo,OpenGL,NVIDIA GeForce RTX 5090 D/PCIe/SSE2,4.1.0 NVIDIA 591.86,false,assets/heightmaps/Hm_Terrain_Peking_513.png,547,547,80.000,12.000,20,0.250,0.100,200000,false,54,64,0.857,23.126,36.162,17.075,-45.346,458.703,200000,1565178,199998,16670,8438,16670,233849,200000,33498,4914,193821,0,66388,133612,28963,2862,0,0,0,1,98.781,419.944,222.099,7.659,15.658,23.907,0.000,0.000,47.044,44.770,0.000,0.000,0.000,0.000,0.000,44.770,0.000,0.000,0.000,0.000,0.000,0.000,0.000,32.668,50.392,8.618,0.000,0.000,11153184,0,91.814,39.565,32.668,0.000,20,55,9730901455595130537,7309046668467611194,13233218095478895300,4758323082569551632,17497705209897025484,200000,0,0,0,188.981,automatic,serialFullRefresh,none,incremental,fullAllCurrentEntries,notApplicable,1,1,33381,0,15.423,0.235,0.000,93801,10.101,15.658,automatic,serialFullRefresh,none,incremental,fullAllCurrentEntries,notApplicable,1,1,200000,0,45.649,1.395,0.000,100020,10.251,47.044,automatic,serialImmediate,none,incremental,notApplicable,incremental,1,1,33381,0,0.000,0.000,0.000,0,0.000,23.907,automatic,serialImmediate,none,incremental,notApplicable,incremental,1,1,200000,0,0.000,0.000,0.000,0,0.000,44.770,automatic,serialDirty,none,notApplicable,notApplicable,incremental,1,1,0,66388,0.000,0.000,0.000,0,0.000,32.668,dirtyRange,dirtyRange,none,notApplicable,notApplicable,incremental,1,1,0,28963,0.000,0.000,0.000,0,0.000,8.618
Classic CPU ROAM,RelWithDebInfo,OpenGL,NVIDIA GeForce RTX 5090 D/PCIe/SSE2,4.1.0 NVIDIA 591.86,false,assets/heightmaps/Hm_Terrain_Peking_513.png,547,547,80.000,12.000,20,0.250,0.100,200000,false,55,64,0.873,23.557,40.498,17.001,-41.520,431.146,200000,1576172,199998,16899,8576,16899,233815,200000,33558,5850,194450,0,66427,133573,29206,3891,0,0,0,1,99.938,430.378,235.590,9.855,17.736,25.023,0.000,0.000,58.440,43.181,0.000,0.000,0.000,0.000,0.000,43.181,0.000,0.000,0.000,0.000,0.000,0.000,0.000,30.438,50.916,8.177,0.000,0.000,11159736,0,101.621,42.760,30.438,0.000,20,56,12461451725942107635,9605223092137381235,13660230550454375333,15825790280935282699,3241115206792746625,200000,0,0,0,186.407,automatic,serialFullRefresh,none,incremental,fullAllCurrentEntries,notApplicable,1,1,33498,0,17.420,0.317,0.000,93056,9.550,17.736,automatic,serialFullRefresh,none,incremental,fullAllCurrentEntries,notApplicable,1,1,200000,0,53.127,5.313,0.000,101394,9.959,58.440,automatic,serialImmediate,none,incremental,notApplicable,incremental,1,1,33498,0,0.000,0.000,0.000,0,0.000,25.023,automatic,serialImmediate,none,incremental,notApplicable,incremental,1,1,200000,0,0.000,0.000,0.000,0,0.000,43.181,automatic,serialDirty,none,notApplicable,notApplicable,incremental,1,1,0,66427,0.000,0.000,0.000,0,0.000,30.438,dirtyRange,dirtyRange,none,notApplicable,notApplicable,incremental,1,1,0,29206,0.000,0.000,0.000,0,0.000,8.177
Classic CPU ROAM,RelWithDebInfo,OpenGL,NVIDIA GeForce RTX 5090 D/PCIe/SSE2,4.1.0 NVIDIA 591.86,false,assets/heightmaps/Hm_Terrain_Peking_513.png,547,547,80.000,12.000,20,0.250,0.100,200000,false,56,64,0.889,23.999,44.431,17.046,-37.282,441.457,200000,1586108,199998,18110,9206,18110,233670,200000,33445,6414,204891,0,67642,132358,29578,3345,0,0,0,1,100.053,446.161,237.370,9.624,16.919,32.352,0.000,0.000,45.911,48.366,0.000,0.000,0.000,0.000,0.000,48.366,0.000,0.000,0.000,0.000,0.000,0.000,0.000,27.500,56.697,8.830,0.000,0.000,11363856,0,94.277,49.271,27.500,0.000,20,57,16962308626050338361,2991304471034850643,15320526172865684881,2165207472236880897,4634311126509484066,200000,0,0,0,199.741,automatic,serialFullRefresh,none,incremental,fullAllCurrentEntries,notApplicable,1,1,33558,0,16.590,0.330,0.000,96231,10.874,16.919,automatic,serialFullRefresh,none,incremental,fullAllCurrentEntries,notApplicable,1,1,200000,0,44.446,1.465,0.000,108660,11.787,45.911,automatic,serialImmediate,none,incremental,notApplicable,incremental,1,1,33558,0,0.000,0.000,0.000,0,0.000,32.352,automatic,serialImmediate,none,incremental,notApplicable,incremental,1,1,200000,0,0.000,0.000,0.000,0,0.000,48.366,automatic,serialDirty,none,notApplicable,notApplicable,incremental,1,1,0,67642,0.000,0.000,0.000,0,0.000,27.500,dirtyRange,dirtyRange,none,notApplicable,notApplicable,incremental,1,1,0,29578,0.000,0.000,0.000,0,0.000,8.830
Classic CPU ROAM,RelWithDebInfo,OpenGL,NVIDIA GeForce RTX 5090 D/PCIe/SSE2,4.1.0 NVIDIA 591.86,false,assets/heightmaps/Hm_Terrain_Peking_513.png,547,547,80.000,12.000,20,0.250,0.100,200000,false,57,64,0.905,24.453,47.922,17.207,-32.673,454.159,200000,1595956,199998,17926,9041,17926,233810,200000,33598,5648,206245,0,69761,130239,30045,3127,0,0,0,1,95.700,432.850,246.420,9.135,17.412,27.310,0.000,0.000,44.628,52.912,0.000,0.000,0.000,0.000,0.000,52.912,0.000,0.000,0.000,0.000,0.000,0.000,0.000,44.752,50.270,8.283,0.000,0.000,11719848,0,97.541,44.722,44.752,0.000,20,58,12116370232166774602,14931035836366094131,8782637290810732841,1011084393964165441,10819543546728440841,200000,0,0,0,177.918,automatic,serialFullRefresh,none,incremental,fullAllCurrentEntries,notApplicable,1,1,33445,0,17.083,0.328,0.000,98689,11.361,17.412,automatic,serialFullRefresh,none,incremental,fullAllCurrentEntries,notApplicable,1,1,200000,0,42.370,2.259,0.000,107556,11.829,44.628,automatic,serialImmediate,none,incremental,notApplicable,incremental,1,1,33445,0,0.000,0.000,0.000,0,0.000,27.310,automatic,serialImmediate,none,incremental,notApplicable,incremental,1,1,200000,0,0.000,0.000,0.000,0,0.000,52.912,automatic,serialDirty,none,notApplicable,notApplicable,incremental,1,1,0,69761,0.000,0.000,0.000,0,0.000,44.752,dirtyRange,dirtyRange,none,notApplicable,notApplicable,incremental,1,1,0,30045,0.000,0.000,0.000,0,0.000,8.283
Classic CPU ROAM,RelWithDebInfo,OpenGL,NVIDIA GeForce RTX 5090 D/PCIe/SSE2,4.1.0 NVIDIA 591.86,false,assets/heightmaps/Hm_Terrain_Peking_513.png,547,547,80.000,12.000,20,0.250,0.100,200000,false,58,64,0.921,24.897,50.937,17.480,-27.739,443.854,200000,1604498,199998,15972,8097,15972,233983,200000,33776,5160,189504,0,67952,132048,30218,2440,0,0,0,1,99.539,418.970,225.160,9.467,15.636,26.205,0.000,0.000,44.627,44.006,0.000,0.000,0.000,0.000,0.000,44.006,0.000,0.000,0.000,0.000,0.000,0.000,0.000,28.649,56.568,10.733,0.000,0.000,11415936,0,88.633,41.842,28.649,0.000,20,59,10216951058508844915,2939512850328083782,3999098198439707140,5397616923161460118,11478518909909553113,200000,0,0,0,182.774,automatic,serialFullRefresh,none,incremental,fullAllCurrentEntries,notApplicable,1,1,33598,0,15.338,0.298,0.000,93672,11.113,15.636,automatic,serialFullRefresh,none,incremental,fullAllCurrentEntries,notApplicable,1,1,200000,0,43.291,1.336,0.000,95832,10.733,44.627,automatic,serialImmediate,none,incremental,notApplicable,incremental,1,1,33598,0,0.000,0.000,0.000,0,0.000,26.205,automatic,serialImmediate,none,incremental,notApplicable,incremental,1,1,200000,0,0.000,0.000,0.000,0,0.000,44.006,automatic,serialDirty,none,notApplicable,notApplicable,incremental,1,1,0,67952,0.000,0.000,0.000,0,0.000,28.649,dirtyRange,dirtyRange,none,notApplicable,notApplicable,incremental,1,1,0,30218,0.000,0.000,0.000,0,0.000,10.733
Classic CPU ROAM,RelWithDebInfo,OpenGL,NVIDIA GeForce RTX 5090 D/PCIe/SSE2,4.1.0 NVIDIA 591.86,false,assets/heightmaps/Hm_Terrain_Peking_513.png,547,547,80.000,12.000,20,0.250,0.100,200000,false,59,64,0.937,25.321,53.446,17.852,-22.529,424.690,200000,1610400,199998,14004,7137,14004,233963,200000,33635,4676,164499,0,62402,137598,28954,2639,0,0,0,1,100.679,429.960,207.868,8.684,16.349,21.123,0.000,0.000,46.328,39.167,0.000,0.000,0.000,0.000,0.000,39.167,0.000,0.000,0.000,0.000,0.000,0.000,0.000,23.357,52.858,10.818,0.000,0.000,10483536,0,85.495,37.472,23.357,0.000,20,60,11110992602936541075,3769314798835084249,8482777898488438687,10367284481961459862,14770460149585646933,200000,0,0,0,210.830,automatic,serialFullRefresh,none,incremental,fullAllCurrentEntries,notApplicable,1,1,33776,0,16.038,0.312,0.000,80475,9.058,16.349,automatic,serialFullRefresh,none,incremental,fullAllCurrentEntries,notApplicable,1,1,200000,0,44.045,2.283,0.000,84024,8.784,46.328,automatic,serialImmediate,none,incremental,notApplicable,incremental,1,1,33776,0,0.000,0.000,0.000,0,0.000,21.123,automatic,serialImmediate,none,incremental,notApplicable,incremental,1,1,200000,0,0.000,0.000,0.000,0,0.000,39.167,automatic,serialDirty,none,notApplicable,notApplicable,incremental,1,1,0,62402,0.000,0.000,0.000,0,0.000,23.357,dirtyRange,dirtyRange,none,notApplicable,notApplicable,incremental,1,1,0,28954,0.000,0.000,0.000,0,0.000,10.818
Classic CPU ROAM,RelWithDebInfo,OpenGL,NVIDIA GeForce RTX 5090 D/PCIe/SSE2,4.1.0 NVIDIA 591.86,false,assets/heightmaps/Hm_Terrain_Peking_513.png,547,547,80.000,12.000,20,0.250,0.100,200000,false,60,64,0.952,25.757,55.423,18.310,-17.096,435.559,200000,1613728,199998,15077,7673,15077,233914,200000,33628,5206,177259,0,61085,138915,29201,2412,0,0,0,1,102.123,437.401,219.879,10.355,15.863,23.931,0.000,0.000,48.034,43.012,0.000,0.000,0.000,0.000,0.000,43.012,0.000,0.000,0.000,0.000,0.000,0.000,0.000,26.731,51.951,8.929,0.000,0.000,10262280,0,91.046,39.795,26.731,0.000,20,61,14925475483848614389,14069151452979917280,891199421083777342,13114021429464446957,9792374462707050516,200000,0,0,0,208.297,automatic,serialFullRefresh,none,incremental,fullAllCurrentEntries,notApplicable,1,1,33635,0,15.646,0.217,0.000,86797,9.979,15.863,automatic,serialFullRefresh,none,incremental,fullAllCurrentEntries,notApplicable,1,1,200000,0,45.876,2.158,0.000,90462,9.689,48.034,automatic,serialImmediate,none,incremental,notApplicable,incremental,1,1,33635,0,0.000,0.000,0.000,0,0.000,23.931,automatic,serialImmediate,none,incremental,notApplicable,incremental,1,1,200000,0,0.000,0.000,0.000,0,0.000,43.012,automatic,serialDirty,none,notApplicable,notApplicable,incremental,1,1,0,61085,0.000,0.000,0.000,0,0.000,26.731,dirtyRange,dirtyRange,none,notApplicable,notApplicable,incremental,1,1,0,29201,0.000,0.000,0.000,0,0.000,8.929
Classic CPU ROAM,RelWithDebInfo,OpenGL,NVIDIA GeForce RTX 5090 D/PCIe/SSE2,4.1.0 NVIDIA 591.86,false,assets/heightmaps/Hm_Terrain_Peking_513.png,547,547,80.000,12.000,20,0.250,0.100,200000,false,61,64,0.968,26.206,56.850,18.835,-11.492,448.987,200000,1616268,199998,15566,7957,15566,233818,200000,33577,5724,181255,0,64317,135683,30351,3031,0,0,0,1,100.709,490.531,251.729,8.351,19.731,29.324,0.000,0.000,49.061,49.025,0.000,0.000,0.000,0.000,0.000,49.025,0.000,0.000,0.000,0.000,0.000,0.000,0.000,32.189,64.047,9.462,0.000,0.000,10805256,0,98.086,49.055,32.189,0.000,20,62,16281842406765578862,14119568360212279838,14426469115822831624,17934462993234615333,14359339353071339021,200000,0,0,0,228.941,automatic,serialFullRefresh,none,incremental,fullAllCurrentEntries,notApplicable,1,1,33628,0,19.481,0.250,0.000,87859,10.304,19.731,automatic,serialFullRefresh,none,incremental,fullAllCurrentEntries,notApplicable,1,1,200000,0,47.472,1.589,0.000,93396,11.540,49.061,automatic,serialImmediate,none,incremental,notApplicable,incremental,1,1,33628,0,0.000,0.000,0.000,0,0.000,29.324,automatic,serialImmediate,none,incremental,notApplicable,incremental,1,1,200000,0,0.000,0.000,0.000,0,0.000,49.025,automatic,serialDirty,none,notApplicable,notApplicable,incremental,1,1,0,64317,0.000,0.000,0.000,0,0.000,32.189,dirtyRange,dirtyRange,none,notApplicable,notApplicable,incremental,1,1,0,30351,0.000,0.000,0.000,0,0.000,9.462
Classic CPU ROAM,RelWithDebInfo,OpenGL,NVIDIA GeForce RTX 5090 D/PCIe/SSE2,4.1.0 NVIDIA 591.86,false,assets/heightmaps/Hm_Terrain_Peking_513.png,547,547,80.000,12.000,20,0.250,0.100,200000,false,62,64,0.984,26.704,57.712,19.406,-5.775,498.405,200000,1618212,199998,15775,8075,15775,233768,200000,33553,6164,183484,0,65507,134493,30601,3117,0,0,0,1,100.378,444.983,248.255,8.103,17.877,29.495,0.000,0.000,53.878,44.833,0.000,0.000,0.000,0.000,0.000,44.833,0.000,0.000,0.000,0.000,0.000,0.000,0.000,33.082,60.987,9.034,0.000,0.000,11005176,0,98.710,47.372,33.082,0.000,20,63,17076166320377846482,8145734515516221240,4795982067226492978,6556562284743222332,2373929567024298828,200000,0,0,0,187.445,automatic,serialFullRefresh,none,incremental,fullAllCurrentEntries,notApplicable,1,1,33577,0,17.444,0.433,0.000,88834,10.060,17.877,automatic,serialFullRefresh,none,incremental,fullAllCurrentEntries,notApplicable,1,1,200000,0,51.355,2.523,0.000,94650,11.607,53.878,automatic,serialImmediate,none,incremental,notApplicable,incremental,1,1,33577,0,0.000,0.000,0.000,0,0.000,29.495,automatic,serialImmediate,none,incremental,notApplicable,incremental,1,1,200000,0,0.000,0.000,0.000,0,0.000,44.833,automatic,serialDirty,none,notApplicable,notApplicable,incremental,1,1,0,65507,0.000,0.000,0.000,0,0.000,33.082,dirtyRange,dirtyRange,none,notApplicable,notApplicable,incremental,1,1,0,30601,0.000,0.000,0.000,0,0.000,9.034
Classic CPU ROAM,RelWithDebInfo,OpenGL,NVIDIA GeForce RTX 5090 D/PCIe/SSE2,4.1.0 NVIDIA 591.86,false,assets/heightmaps/Hm_Terrain_Peking_513.png,547,547,80.000,12.000,20,0.250,0.100,200000,false,63,64,1.000,27.159,58.000,20.000,0.000,454.380,200000,1618212,199998,14237,7228,14237,233858,200000,33558,5847,168875,0,62160,137840,29725,3984,0,0,0,1,97.779,408.024,214.772,8.306,15.286,22.853,0.000,0.000,50.188,38.397,0.000,0.000,0.000,0.000,0.000,38.397,0.000,0.000,0.000,0.000,0.000,0.000,0.000,27.902,51.838,8.459,0.000,0.000,10442880,0,88.585,38.140,27.902,0.000,20,64,2230507883642709571,16565719601786175302,17501515389035867340,5890957517759327051,4689295398733777415,200000,0,0,0,184.626,automatic,serialFullRefresh,none,incremental,fullAllCurrentEntries,notApplicable,1,1,33553,0,15.066,0.220,0.000,83453,9.047,15.286,automatic,serialFullRefresh,none,incremental,fullAllCurrentEntries,notApplicable,1,1,200000,0,48.535,1.653,0.000,85422,9.151,50.188,automatic,serialImmediate,none,incremental,notApplicable,incremental,1,1,33553,0,0.000,0.000,0.000,0,0.000,22.853,automatic,serialImmediate,none,incremental,notApplicable,incremental,1,1,200000,0,0.000,0.000,0.000,0,0.000,38.397,automatic,serialDirty,none,notApplicable,notApplicable,incremental,1,1,0,62160,0.000,0.000,0.000,0,0.000,27.902,dirtyRange,dirtyRange,none,notApplicable,notApplicable,incremental,1,1,0,29725,0.000,0.000,0.000,0,0.000,8.459
Data-Oriented CPU ROAM,RelWithDebInfo,OpenGL,NVIDIA GeForce RTX 5090 D/PCIe/SSE2,4.1.0 NVIDIA 591.86,false,assets/heightmaps/Hm_Terrain_Peking_513.png,547,547,80.000,12.000,20,0.250,0.100,200000,false,0,64,0.000,0.000,58.000,20.000,0.000,1197.544,199999,399996,199997,199997,99941,0,233557,199999,33558,0,1369733,1,199999,0,1,1,0,0,0,8,113.646,622.743,522.429,115.962,0.000,0.005,0.000,0.000,0.000,357.733,0.000,0.000,0.000,0.000,0.000,357.733,0.002,0.000,0.000,0.000,0.000,0.000,0.000,19.405,29.323,4.018,0.000,0.000,33599832,0,357.734,0.005,19.405,0.000,20,1,11070259552394042318,5977180557121830227,17573036779925616676,4572731874036087188,5677462786853086169,200000,0,0,0,96.164,automatic,serialFullRefresh,noWork,incremental,fullAllCurrentEntries,notApplicable,0,0,0,0,0.000,0.000,0.000,769742,30.848,0.000,automatic,serialFullRefresh,belowParallelThreshold,incremental,fullAllCurrentEntries,notApplicable,0,1,2,0,0.000,0.000,0.000,599991,100.015,0.000,automatic,serialImmediate,noWork,incremental,notApplicable,incremental,0,1,0,0,0.000,0.000,0.000,0,0.000,0.002,serialImmediate,serialImmediate,none,incremental,notApplicable,incremental,1,1,2,0,0.000,0.000,0.000,0,0.000,357.733,automatic,parallelDirty,none,notApplicable,notApplicable,full,0,8,0,199999,0.000,0.000,0.000,0,0.000,19.405,fullBuffer,fullBuffer,none,notApplicable,notApplicable,full,1,1,0,1,0.000,0.000,0.000,0,0.000,4.018
Data-Oriented CPU ROAM,RelWithDebInfo,OpenGL,NVIDIA GeForce RTX 5090 D/PCIe/SSE2,4.1.0 NVIDIA 591.86,false,assets/heightmaps/Hm_Terrain_Peking_513.png,547,547,80.000,12.000,20,0.250,0.100,200000,false,1,64,0.016,0.636,57.712,20.594,5.775,636.029,199999,427214,199997,13609,6871,13609,233748,199999,33614,5942,159076,0,199999,0,1,5943,0,0,0,8,188.520,252.696,149.891,9.807,3.515,31.411,0.000,0.000,8.795,56.579,0.000,0.000,0.000,0.000,0.000,56.576,0.126,0.487,0.289,0.008,2.053,28.390,0.000,18.564,21.219,4.025,0.000,0.000,33599832,0,91.726,34.926,18.564,0.000,20,2,17589441392987210894,10138580484592569624,6974023681053322935,8526909214016674551,8980536802231160320,200000,0,0,0,98.633,automatic,parallelFullRefresh,none,incremental,fullAllCurrentEntries,notApplicable,0,8,33558,0,2.931,0.584,0.000,77422,13.674,3.515,automatic,parallelFullRefresh,none,incremental,fullAllCurrentEntries,notApplicable,0,8,198275,0,6.583,2.212,0.000,81654,14.382,8.795,automatic,parallelAssisted,none,incremental,notApplicable,incremental,0,5,312,0,0.000,0.000,0.037,0,0.000,31.391,serialImmediate,serialImmediate,none,incremental,notApplicable,incremental,1,1,198275,0,0.000,0.000,0.000,0,0.000,56.576,automatic,parallelDirty,none,notApplicable,notApplicable,incremental,0,8,0,199999,0.000,0.000,0.000,0,0.000,18.564,dirtyRange,dirtyRange,none,notApplicable,notApplicable,incremental,1,1,0,1,0.000,0.000,0.000,0,0.000,4.025
Data-Oriented CPU ROAM,RelWithDebInfo,OpenGL,NVIDIA GeForce RTX 5090 D/PCIe/SSE2,4.1.0 NVIDIA 591.86,false,assets/heightmaps/Hm_Terrain_Peking_513.png,547,547,80.000,12.000,20,0.250,0.100,200000,false,2,64,0.032,0.895,56.850,21.165,11.492,258.904,199999,455328,199997,14461,7346,14461,233842,199999,33714,4236,173336,0,57219,142780,22777,4237,0,0,0,8,207.601,209.428,102.275,9.830,2.955,22.803,0.000,0.000,7.000,29.781,0.000,0.000,0.000,0.000,0.000,29.777,0.223,1.206,0.507,0.018,6.367,14.438,0.000,8.227,21.680,6.157,0.000,0.000,9612792,0,46.983,25.757,8.227,0.000,20,3,15641709142241550247,1640555370884832755,5591888071812846264,4596872360048787178,15168832056936147836,200000,0,0,0,100.705,automatic,parallelFullRefresh,none,incremental,fullAllCurrentEntries,notApplicable,0,8,33614,0,2.546,0.409,0.000,86570,9.494,2.955,automatic,parallelFullRefresh,none,incremental,fullAllCurrentEntries,notApplicable,0,8,194008,0,5.800,1.199,0.000,86766,10.629,7.000,automatic,parallelAssisted,none,incremental,notApplicable,incremental,0,7,1144,0,0.000,0.000,0.025,0,0.000,22.783,serialImmediate,serialImmediate,none,incremental,notApplicable,incremental,1,1,194008,0,0.000,0.000,0.000,0,0.000,29.777,automatic,parallelDirty,none,notApplicable,notApplicable,incremental,0,8,0,57219,0.000,0.000,0.000,0,0.000,8.227,dirtyRange,dirtyRange,none,notApplicable,notApplicable,incremental,1,1,0,22777,0.000,0.000,0.000,0,0.000,6.157
Data-Oriented CPU ROAM,RelWithDebInfo,OpenGL,NVIDIA GeForce RTX 5090 D/PCIe/SSE2,4.1.0 NVIDIA 591.86,false,assets/heightmaps/Hm_Terrain_Peking_513.png,547,547,80.000,12.000,20,0.250,0.100,200000,false,3,64,0.048,1.116,55.423,21.690,17.096,221.179,199999,484576,199997,15341,7854,15341,234092,199999,33926,3881,185556,0,59193,140806,25321,3882,0,0,0,8,148.368,228.095,107.726,7.326,2.790,26.430,0.000,0.000,6.819,32.462,0.000,0.000,0.000,0.000,0.000,32.456,0.297,1.773,0.733,0.017,7.416,16.125,0.000,8.411,23.486,6.867,0.000,0.000,9944424,0,49.091,29.220,8.411,0.000,20,4,10481373495733781060,7568413999248190805,4921616559892757118,18043163426793853018,11487383912968617224,200000,0,0,0,113.124,automatic,parallelFullRefresh,none,incremental,fullAllCurrentEntries,notApplicable,0,8,33714,0,2.447,0.343,0.000,93510,10.644,2.790,automatic,parallelFullRefresh,none,incremental,fullAllCurrentEntries,notApplicable,0,8,192418,0,5.707,1.113,0.000,92046,11.335,6.819,automatic,parallelAssisted,none,incremental,notApplicable,incremental,0,6,1381,0,0.000,0.000,0.039,0,0.000,26.399,serialImmediate,serialImmediate,none,incremental,notApplicable,incremental,1,1,192418,0,0.000,0.000,0.000,0,0.000,32.456,automatic,parallelDirty,none,notApplicable,notApplicable,incremental,0,8,0,59193,0.000,0.000,0.000,0,0.000,8.411,dirtyRange,dirtyRange,none,notApplicable,notApplicable,incremental,1,1,0,25321,0.000,0.000,0.000,0,0.000,6.867
Data-Oriented CPU ROAM,RelWithDebInfo,OpenGL,NVIDIA GeForce RTX 5090 D/PCIe/SSE2,4.1.0 NVIDIA 591.86,false,assets/heightmaps/Hm_Terrain_Peking_513.png,547,547,80.000,12.000,20,0.250,0.100,200000,false,4,64,0.063,1.354,53.446,22.148,22.529,237.854,199999,515872,199997,16557,8422,16557,234322,199999,34139,4242,201391,0,60479,139520,26006,4243,0,0,0,8,96.128,218.233,114.479,7.472,3.099,28.830,0.000,0.000,7.280,35.970,0.000,0.000,0.000,0.000,0.000,35.967,0.326,2.024,0.618,0.018,8.088,17.701,0.000,9.286,22.541,6.862,0.000,0.000,10160472,0,54.584,31.929,9.286,0.000,20,5,2269565761798755136,6733319019663245412,12259924687577902111,13621817734845741777,6403151579971455132,200000,0,0,0,96.653,automatic,parallelFullRefresh,none,incremental,fullAllCurrentEntries,notApplicable,0,8,33926,0,2.694,0.405,0.000,102049,12.415,3.099,automatic,parallelFullRefresh,none,incremental,fullAllCurrentEntries,notApplicable,0,8,191925,0,5.795,1.485,0.000,99342,11.748,7.280,automatic,parallelAssisted,none,incremental,notApplicable,incremental,0,5,1535,0,0.000,0.000,0.038,0,0.000,28.814,serialImmediate,serialImmediate,none,incremental,notApplicable,incremental,1,1,191925,0,0.000,0.000,0.000,0,0.000,35.967,automatic,parallelDirty,none,notApplicable,notApplicable,incremental,0,8,0,60479,0.000,0.000,0.000,0,0.000,9.286,dirtyRange,dirtyRange,none,notApplicable,notApplicable,incremental,1,1,0,26006,0.000,0.000,0.000,0,0.000,6.862
Data-Oriented CPU ROAM,RelWithDebInfo,OpenGL,NVIDIA GeForce RTX 5090 D/PCIe/SSE2,4.1.0 NVIDIA 591.86,false,assets/heightmaps/Hm_Terrain_Peking_513.png,547,547,80.000,12.000,20,0.250,0.100,200000,false,5,64,0.079,1.582,50.937,22.520,27.739,228.407,200000,545952,199998,16444,8347,16443,234477,200000,34173,3967,197069,0,60703,139297,26967,3968,0,0,0,8,99.707,227.729,115.314,7.571,2.993,27.250,0.000,0.000,7.022,35.378,0.000,0.000,0.000,0.000,0.000,35.373,0.308,1.975,0.726,0.016,6.810,17.361,0.000,9.064,26.037,8.236,0.000,0.000,10198104,0,53.560,30.242,9.064,0.000,20,6,7909391879053513476,2504589822901756120,6770990170278849198,14798544035626559840,9059139974614888873,200000,0,0,0,103.768,automatic,parallelFullRefresh,none,incremental,fullAllCurrentEntries,notApplicable,0,8,34139,0,2.622,0.371,0.000,98408,11.244,2.993,automatic,parallelFullRefresh,none,incremental,fullAllCurrentEntries,notApplicable,0,8,191488,0,5.517,1.505,0.000,98661,12.352,7.022,automatic,parallelAssisted,none,incremental,notApplicable,incremental,0,5,1600,0,0.000,0.000,0.038,0,0.000,27.232,serialImmediate,serialImmediate,none,incremental,notApplicable,incremental,1,1,191488,0,0.000,0.000,0.000,0,0.000,35.373,automatic,parallelDirty,none,notApplicable,notApplicable,incremental,0,8,0,60703,0.000,0.000,0.000,0,0.000,9.064,dirtyRange,dirtyRange,none,notApplicable,notApplicable,incremental,1,1,0,26967,0.000,0.000,0.000,0,0.000,8.236
Data-Oriented CPU ROAM,RelWithDebInfo,OpenGL,NVIDIA GeForce RTX 5090 D/PCIe/SSE2,4.1.0 NVIDIA 591.86,false,assets/heightmaps/Hm_Terrain_Peking_513.png,547,547,80.000,12.000,20,0.250,0.100,200000,false,6,64,0.095,1.816,47.922,22.793,32.673,233.708,199999,573730,199997,15472,7848,15473,234509,199999,34106,4324,185316,0,60188,139811,28067,4325,0,0,0,8,147.653,241.741,118.543,8.443,3.069,26.432,0.000,0.000,7.105,35.751,0.000,0.000,0.000,0.000,0.000,35.745,0.271,1.378,0.410,0.034,6.830,17.454,0.000,8.759,28.985,8.825,0.000,0.000,10111584,0,55.838,29.501,8.759,0.000,20,7,16234258946115825067,1484508623185095291,17769969818639545704,17014387750036138862,11044276454600441868,200000,0,0,0,113.929,automatic,parallelFullRefresh,none,incremental,fullAllCurrentEntries,notApplicable,0,8,34173,0,2.683,0.386,0.000,92481,10.982,3.069,automatic,parallelFullRefresh,none,incremental,fullAllCurrentEntries,notApplicable,0,8,193165,0,6.034,1.071,0.000,92835,12.988,7.105,automatic,parallelAssisted,none,incremental,notApplicable,incremental,0,5,1279,0,0.000,0.000,0.035,0,0.000,26.411,serialImmediate,serialImmediate,none,incremental,notApplicable,incremental,1,1,193165,0,0.000,0.000,0.000,0,0.000,35.745,automatic,parallelDirty,none,notApplicable,notApplicable,incremental,0,8,0,60188,0.000,0.000,0.000,0,0.000,8.759,dirtyRange,dirtyRange,none,notApplicable,notApplicable,incremental,1,1,0,28067,0.000,0.000,0.000,0,0.000,8.825
Data-Oriented CPU ROAM,RelWithDebInfo,OpenGL,NVIDIA GeForce RTX 5090 D/PCIe/SSE2,4.1.0 NVIDIA 591.86,false,assets/heightmaps/Hm_Terrain_Peking_513.png,547,547,80.000,12.000,20,0.250,0.100,200000,false,7,64,0.111,2.065,44.431,22.954,37.282,249.026,200000,601082,199998,15849,8037,15848,234498,200000,34174,5324,191255,0,61733,138267,29906,5325,0,0,0,8,138.984,278.940,146.746,8.363,3.062,30.156,0.000,0.000,7.979,53.609,0.000,0.000,0.000,0.000,0.000,53.604,0.264,1.316,0.826,0.011,5.468,22.205,0.000,10.722,32.853,9.053,0.000,0.000,10371144,0,79.049,33.219,10.722,0.000,20,8,12967583310070822658,7783257179921695138,15440299088060168580,4738464998413530280,4013228348692373109,200000,0,0,0,122.815,automatic,parallelFullRefresh,none,incremental,fullAllCurrentEntries,notApplicable,0,8,34106,0,2.713,0.350,0.000,96164,12.358,3.062,automatic,parallelFullRefresh,none,incremental,fullAllCurrentEntries,notApplicable,0,8,194783,0,6.196,1.784,0.000,95091,13.303,7.979,automatic,parallelAssisted,none,incremental,notApplicable,incremental,0,3,976,0,0.000,0.000,0.035,0,0.000,30.125,serialImmediate,serialImmediate,none,incremental,notApplicable,incremental,1,1,194783,0,0.000,0.000,0.000,0,0.000,53.604,automatic,parallelDirty,none,notApplicable,notApplicable,incremental,0,8,0,61733,0.000,0.000,0.000,0,0.000,10.722,dirtyRange,dirtyRange,none,notApplicable,notApplicable,incremental,1,1,0,29906,0.000,0.000,0.000,0,0.000,9.053
Data-Oriented CPU ROAM,RelWithDebInfo,OpenGL,NVIDIA GeForce RTX 5090 D/PCIe/SSE2,4.1.0 NVIDIA 591.86,false,assets/heightmaps/Hm_Terrain_Peking_513.png,547,547,80.000,12.000,20,0.250,0.100,200000,false,8,64,0.127,2.358,40.498,22.999,41.520,293.122,199999,627898,199997,16040,8141,16041,234356,199999,34196,6160,187607,0,64077,135922,32020,6161,0,0,0,8,107.184,241.716,123.896,7.896,3.257,29.083,0.000,0.000,7.547,35.989,0.000,0.000,0.000,0.000,0.000,35.983,0.145,0.773,0.471,0.020,4.926,22.704,0.000,9.570,30.553,8.355,0.000,0.000,10764936,0,62.499,32.340,9.570,0.000,20,9,2735297262543734599,1130222887761867190,12831338062014181277,4204149245298078450,12642480308814401432,200000,0,0,0,108.948,automatic,parallelFullRefresh,none,incremental,fullAllCurrentEntries,notApplicable,0,8,34174,0,2.952,0.305,0.000,91364,10.977,3.257,automatic,parallelFullRefresh,none,incremental,fullAllCurrentEntries,notApplicable,0,8,196245,0,6.243,1.304,0.000,96243,13.335,7.547,automatic,parallelAssisted,none,incremental,notApplicable,incremental,0,3,706,0,0.000,0.000,0.025,0,0.000,29.065,serialImmediate,serialImmediate,none,incremental,notApplicable,incremental,1,1,196245,0,0.000,0.000,0.000,0,0.000,35.983,automatic,parallelDirty,none,notApplicable,notApplicable,incremental,0,8,0,64077,0.000,0.000,0.000,0,0.000,9.570,dirtyRange,dirtyRange,none,notApplicable,notApplicable,incremental,1,1,0,32020,0.000,0.000,0.000,0,0.000,8.355
Data-Oriented CPU ROAM,RelWithDebInfo,OpenGL,NVIDIA GeForce RTX 5090 D/PCIe/SSE2,4.1.0 NVIDIA 591.86,false,assets/heightmaps/Hm_Terrain_Peking_513.png,547,547,80.000,12.000,20,0.250,0.100,200000,false,9,64,0.143,2.613,36.162,22.925,45.346,254.379,199999,654588,199997,16360,8241,16360,234311,199999,34043,6794,190397,0,65254,134745,33962,6795,0,0,0,8,144.825,236.312,125.110,7.089,3.578,27.736,0.000,0.000,7.303,38.796,0.000,0.000,0.000,0.000,0.000,38.789,0.130,0.588,0.361,0.006,2.773,23.818,0.000,10.163,30.444,9.623,0.000,0.000,10962672,0,67.944,31.314,10.163,0.000,20,10,6261970416352903012,4148249379369897430,4789572561677936393,11864531304568056628,12129584698622722319,200000,0,0,0,100.942,automatic,parallelFullRefresh,none,incremental,fullAllCurrentEntries,notApplicable,0,8,34196,0,3.086,0.492,0.000,92237,11.185,3.578,automatic,parallelFullRefresh,none,incremental,fullAllCurrentEntries,notApplicable,0,8,197217,0,6.157,1.146,0.000,98160,14.342,7.303,automatic,parallelAssisted,none,incremental,notApplicable,incremental,0,3,530,0,0.000,0.000,0.042,0,0.000,27.717,serialImmediate,serialImmediate,none,incremental,notApplicable,incremental,1,1,197217,0,0.000,0.000,0.000,0,0.000,38.789,automatic,parallelDirty,none,notApplicable,notApplicable,incremental,0,8,0,65254,0.000,0.000,0.000,0,0.000,10.163,dirtyRange,dirtyRange,none,notApplicable,notApplicable,incremental,1,1,0,33962,0.000,0.000,0.000,0,0.000,9.623
Data-Oriented CPU ROAM,RelWithDebInfo,OpenGL,NVIDIA GeForce RTX 5090 D/PCIe/SSE2,4.1.0 NVIDIA 591.86,false,assets/heightmaps/Hm_Terrain_Peking_513.png,547,547,80.000,12.000,20,0.250,0.100,200000,false,10,64,0.159,2.858,31.468,22.735,48.722,245.129,200000,678670,199998,15541,7903,15540,234064,200000,33859,6816,183005,0,65340,134660,34642,6817,0,0,0,8,197.200,223.600,109.397,7.099,2.800,22.658,0.000,0.000,7.942,31.236,0.000,0.000,0.000,0.000,0.000,31.231,0.102,0.478,0.204,0.004,2.018,19.794,0.000,10.125,27.537,9.587,0.000,0.000,10977120,0,57.415,25.459,10.125,0.000,20,11,16696731375890755536,11966640825832472449,2936329696377599435,5769801941632414398,3236808997738095582,200000,0,0,0,104.193,automatic,parallelFullRefresh,none,incremental,fullAllCurrentEntries,notApplicable,0,8,34043,0,2.513,0.287,0.000,89762,10.252,2.800,automatic,parallelFullRefresh,none,incremental,fullAllCurrentEntries,notApplicable,0,8,198088,0,6.860,1.081,0.000,93243,10.586,7.942,automatic,parallelAssisted,none,incremental,notApplicable,incremental,0,2,383,0,0.000,0.000,0.040,0,0.000,22.640,serialImmediate,serialImmediate,none,incremental,notApplicable,incremental,1,1,198088,0,0.000,0.000,0.000,0,0.000,31.231,automatic,parallelDirty,none,notApplicable,notApplicable,incremental,0,8,0,65340,0.000,0.000,0.000,0,0.000,10.125,dirtyRange,dirtyRange,none,notApplicable,notApplicable,incremental,1,1,0,34642,0.000,0.000,0.000,0,0.000,9.587
Data-Oriented CPU ROAM,RelWithDebInfo,OpenGL,NVIDIA GeForce RTX 5090 D/PCIe/SSE2,4.1.0 NVIDIA 591.86,false,assets/heightmaps/Hm_Terrain_Peking_513.png,547,547,80.000,12.000,20,0.250,0.100,200000,false,11,64,0.175,3.095,26.460,22.436,51.613,237.061,199999,700592,199997,14496,7420,14497,233892,199999,33756,5778,171324,0,62968,137031,34594,5779,0,0,0,8,97.230,234.343,111.656,6.694,2.950,24.100,0.000,0.000,7.247,32.730,0.000,0.000,0.000,0.000,0.000,32.724,0.131,0.751,0.319,0.006,2.979,19.862,0.000,9.351,28.584,9.281,0.000,0.000,10578624,0,57.980,27.050,9.351,0.000,20,12,15156380509271606851,8773347649960306180,11742563192499543283,17566631783993503713,7817316123620822810,200000,0,0,0,113.066,automatic,parallelFullRefresh,none,incremental,fullAllCurrentEntries,notApplicable,0,8,33859,0,2.590,0.361,0.000,84345,10.360,2.950,automatic,parallelFullRefresh,none,incremental,fullAllCurrentEntries,notApplicable,0,8,197047,0,6.063,1.184,0.000,86979,11.097,7.247,automatic,parallelAssisted,none,incremental,notApplicable,incremental,0,4,600,0,0.000,0.000,0.035,0,0.000,24.084,serialImmediate,serialImmediate,none,incremental,notApplicable,incremental,1,1,197047,0,0.000,0.000,0.000,0,0.000,32.724,automatic,parallelDirty,none,notApplicable,notApplicable,incremental,0,8,0,62968,0.000,0.000,0.000,0,0.000,9.351,dirtyRange,dirtyRange,none,notApplicable,notApplicable,incremental,1,1,0,34594,0.000,0.000,0.000,0,0.000,9.281
Data-Oriented CPU ROAM,RelWithDebInfo,OpenGL,NVIDIA GeForce RTX 5090 D/PCIe/SSE2,4.1.0 NVIDIA 591.86,false,assets/heightmaps/Hm_Terrain_Peking_513.png,547,547,80.000,12.000,20,0.250,0.100,200000,false,12,64,0.190,3.343,21.190,22.041,53.991,248.527,200000,721734,199998,14367,7329,14366,233943,200000,33694,5388,171299,0,59664,140336,34327,5389,0,0,0,8,148.335,219.378,110.032,6.746,2.866,23.418,0.000,0.000,7.065,31.662,0.000,0.000,0.000,0.000,0.000,31.656,0.168,0.859,0.349,0.008,3.103,18.863,0.000,8.752,29.523,8.630,0.000,0.000,10023552,0,55.281,26.284,8.752,0.000,20,13,9413489617332019322,7985901360231321369,1171555780814262575,18239834171527566255,13209847332320952565,200000,0,0,0,100.298,automatic,parallelFullRefresh,none,incremental,fullAllCurrentEntries,notApplicable,0,8,33756,0,2.514,0.352,0.000,85100,10.261,2.866,automatic,parallelFullRefresh,none,incremental,fullAllCurrentEntries,notApplicable,0,8,196403,0,5.962,1.104,0.000,86199,10.603,7.065,automatic,parallelAssisted,none,incremental,notApplicable,incremental,0,4,662,0,0.000,0.000,0.049,0,0.000,23.399,serialImmediate,serialImmediate,none,incremental,notApplicable,incremental,1,1,196403,0,0.000,0.000,0.000,0,0.000,31.656,automatic,parallelDirty,none,notApplicable,notApplicable,incremental,0,8,0,59664,0.000,0.000,0.000,0,0.000,8.752,dirtyRange,dirtyRange,none,notApplicable,notApplicable,incremental,1,1,0,34327,0.000,0.000,0.000,0,0.000,8.630
Data-Oriented CPU ROAM,RelWithDebInfo,OpenGL,NVIDIA GeForce RTX 5090 D/PCIe/SSE2,4.1.0 NVIDIA 591.86,false,assets/heightmaps/Hm_Terrain_Peking_513.png,547,547,80.000,12.000,20,0.250,0.100,200000,false,13,64,0.206,3.576,15.709,21.564,55.832,232.421,200000,745072,199998,15353,7804,15353,233853,200000,33627,5584,180389,0,61487,138513,35401,5585,0,0,0,8,101.666,224.333,112.995,7.147,2.984,25.789,0.000,0.000,7.706,33.992,0.000,0.000,0.000,0.000,0.000,33.987,0.196,0.950,0.292,0.013,4.321,19.951,0.000,9.902,25.474,9.074,0.000,0.000,10329816,0,58.018,28.774,9.902,0.000,20,14,11847623239227662375,16290827925674946331,11927697215920248553,5317377401584438523,1284541679729744499,200000,0,0,0,101.863,automatic,parallelFullRefresh,none,incremental,fullAllCurrentEntries,notApplicable,0,8,33694,0,2.614,0.370,0.000,88271,10.075,2.984,automatic,parallelFullRefresh,none,incremental,fullAllCurrentEntries,notApplicable,0,8,195813,0,6.073,1.633,0.000,92118,12.322,7.706,automatic,parallelAssisted,none,incremental,notApplicable,incremental,0,4,736,0,0.000,0.000,0.045,0,0.000,25.768,serialImmediate,serialImmediate,none,incremental,notApplicable,incremental,1,1,195813,0,0.000,0.000,0.000,0,0.000,33.987,automatic,parallelDirty,none,notApplicable,notApplicable,incremental,0,8,0,61487,0.000,0.000,0.000,0,0.000,9.902,dirtyRange,dirtyRange,none,notApplicable,notApplicable,incremental,1,1,0,35401,0.000,0.000,0.000,0,0.000,9.074
Data-Oriented CPU ROAM,RelWithDebInfo,OpenGL,NVIDIA GeForce RTX 5090 D/PCIe/SSE2,4.1.0 NVIDIA 591.86,false,assets/heightmaps/Hm_Terrain_Peking_513.png,547,547,80.000,12.000,20,0.250,0.100,200000,false,14,64,0.222,3.814,10.072,21.026,57.119,238.641,200000,770358,199998,16206,8304,16206,233908,200000,33565,5787,190490,0,64784,135216,36283,5788,0,0,0,8,93.857,225.509,114.957,6.619,2.951,28.257,0.000,0.000,7.507,35.818,0.000,0.000,0.000,0.000,0.000,35.813,0.224,1.001,0.391,0.007,4.755,21.825,0.000,9.578,24.226,8.944,0.000,0.000,10883712,0,61.401,31.209,9.578,0.000,20,15,7461145220285704044,12144965187181402796,5113406298481224610,2926562529792837592,6101665858607488865,200000,0,0,0,101.191,automatic,parallelFullRefresh,none,incremental,fullAllCurrentEntries,notApplicable,0,8,33627,0,2.578,0.373,0.000,93254,10.994,2.951,automatic,parallelFullRefresh,none,incremental,fullAllCurrentEntries,notApplicable,0,8,195367,0,5.780,1.728,0.000,97236,13.530,7.507,automatic,parallelAssisted,none,incremental,notApplicable,incremental,0,6,797,0,0.000,0.000,0.035,0,0.000,28.237,serialImmediate,serialImmediate,none,incremental,notApplicable,incremental,1,1,195367,0,0.000,0.000,0.000,0,0.000,35.813,automatic,parallelDirty,none,notApplicable,notApplicable,incremental,0,8,0,64784,0.000,0.000,0.000,0,0.000,9.578,dirtyRange,dirtyRange,none,notApplicable,notApplicable,incremental,1,1,0,36283,0.000,0.000,0.000,0,0.000,8.944
Data-Oriented CPU ROAM,RelWithDebInfo,OpenGL,NVIDIA GeForce RTX 5090 D/PCIe/SSE2,4.1.0 NVIDIA 591.86,false,assets/heightmaps/Hm_Terrain_Peking_513.png,547,547,80.000,12.000,20,0.250,0.100,200000,false,15,64,0.238,4.055,4.334,20.447,57.838,240.419,199999,795980,199997,16398,8303,16399,233659,199999,33433,5579,191619,0,65487,134512,36636,5580,0,0,0,8,198.464,237.417,117.789,7.407,3.028,27.921,0.000,0.000,7.175,34.501,0.000,0.000,0.000,0.000,0.000,34.496,0.203,1.032,0.520,0.024,5.274,20.806,0.000,9.778,27.979,9.019,0.000,0.000,11001816,0,57.738,30.949,9.778,0.000,20,16,14440708631292506924,5936097924742473912,7066146189345485211,14243269207114944881,9983541250134023741,200000,0,0,0,110.280,automatic,parallelFullRefresh,none,incremental,fullAllCurrentEntries,notApplicable,0,8,33565,0,2.763,0.265,0.000,93228,10.805,3.028,automatic,parallelFullRefresh,none,incremental,fullAllCurrentEntries,notApplicable,0,8,194764,0,6.012,1.164,0.000,98391,12.153,7.175,automatic,parallelAssisted,none,incremental,notApplicable,incremental,0,6,929,0,0.000,0.000,0.041,0,0.000,27.901,serialImmediate,serialImmediate,none,incremental,notApplicable,incremental,1,1,194764,0,0.000,0.000,0.000,0,0.000,34.496,automatic,parallelDirty,none,notApplicable,notApplicable,incremental,0,8,0,65487,0.000,0.000,0.000,0,0.000,9.778,dirtyRange,dirtyRange,none,notApplicable,notApplicable,incremental,1,1,0,36636,0.000,0.000,0.000,0,0.000,9.019
Data-Oriented CPU ROAM,RelWithDebInfo,OpenGL,NVIDIA GeForce RTX 5090 D/PCIe/SSE2,4.1.0 NVIDIA 591.86,false,assets/heightmaps/Hm_Terrain_Peking_513.png,547,547,80.000,12.000,20,0.250,0.100,200000,false,16,64,0.254,4.310,-1.446,19.850,57.982,255.567,200000,822444,199998,15856,7931,15855,233704,200000,33504,5255,188074,0,63734,136266,35816,5256,0,0,0,8,105.769,231.645,118.956,7.222,3.044,27.073,0.000,0.000,7.148,34.247,0.000,0.000,0.000,0.000,0.000,34.242,0.261,1.372,0.761,0.028,5.689,18.899,0.000,10.607,29.615,9.930,0.000,0.000,10707312,0,56.939,30.117,10.607,0.000,20,17,2600079158189563807,3505936785992697936,13213597493490085694,2228014458796561825,4457614681459694059,200000,0,0,0,102.317,automatic,parallelFullRefresh,none,incremental,fullAllCurrentEntries,notApplicable,0,8,33433,0,2.662,0.382,0.000,92941,10.518,3.044,automatic,parallelFullRefresh,none,incremental,fullAllCurrentEntries,notApplicable,0,8,194653,0,5.850,1.298,0.000,95133,12.838,7.148,automatic,parallelAssisted,none,incremental,notApplicable,incremental,0,6,1057,0,0.000,0.000,0.043,0,0.000,27.053,serialImmediate,serialImmediate,none,incremental,notApplicable,incremental,1,1,194653,0,0.000,0.000,0.000,0,0.000,34.242,automatic,parallelDirty,none,notApplicable,notApplicable,incremental,0,8,0,63734,0.000,0.000,0.000,0,0.000,10.607,dirtyRange,dirtyRange,none,notApplicable,notApplicable,incremental,1,1,0,35816,0.000,0.000,0.000,0,0.000,9.930
Data-Oriented CPU ROAM,RelWithDebInfo,OpenGL,NVIDIA GeForce RTX 5090 D/PCIe/SSE2,4.1.0 NVIDIA 591.86,false,assets/heightmaps/Hm_Terrain_Peking_513.png,547,547,80.000,12.000,20,0.250,0.100,200000,false,17,64,0.270,4.550,-7.212,19.260,57.550,240.007,199999,847018,199997,14298,7231,14299,233572,199999,33441,5127,167266,0,61079,138920,34942,5128,0,0,0,8,94.948,222.345,111.810,7.847,3.125,22.989,0.000,0.000,7.388,29.857,0.000,0.000,0.000,0.000,0.000,29.851,0.141,0.836,0.404,0.022,4.287,17.254,0.000,9.267,31.337,8.335,0.000,0.000,10261272,0,51.538,26.114,9.267,0.000,20,18,15256805097710554068,2487873219934328708,17735542073906748983,2871146388163732862,14181217687350337688,200000,0,0,0,101.872,automatic,parallelFullRefresh,none,incremental,fullAllCurrentEntries,notApplicable,0,8,33504,0,2.911,0.214,0.000,81475,9.562,3.125,automatic,parallelFullRefresh,none,incremental,fullAllCurrentEntries,notApplicable,0,8,195924,0,5.887,1.501,0.000,85791,10.522,7.388,automatic,parallelAssisted,none,incremental,notApplicable,incremental,0,6,853,0,0.000,0.000,0.025,0,0.000,22.969,serialImmediate,serialImmediate,none,incremental,notApplicable,incremental,1,1,195924,0,0.000,0.000,0.000,0,0.000,29.851,automatic,parallelDirty,none,notApplicable,notApplicable,incremental,0,8,0,61079,0.000,0.000,0.000,0,0.000,9.267,dirtyRange,dirtyRange,none,notApplicable,notApplicable,incremental,1,1,0,34942,0.000,0.000,0.000,0,0.000,8.335
Data-Oriented CPU ROAM,RelWithDebInfo,OpenGL,NVIDIA GeForce RTX 5090 D/PCIe/SSE2,4.1.0 NVIDIA 591.86,false,assets/heightmaps/Hm_Terrain_Peking_513.png,547,547,80.000,12.000,20,0.250,0.100,200000,false,18,64,0.286,4.787,-12.906,18.698,56.546,236.816,199999,871604,199997,14981,7663,14981,233779,199999,33658,4708,178727,0,60002,139997,34578,4709,0,0,0,8,201.050,227.013,113.113,8.239,3.081,24.485,0.000,0.000,7.167,31.599,0.000,0.000,0.000,0.000,0.000,31.594,0.220,1.108,0.330,0.016,5.558,17.200,0.000,8.709,29.832,9.326,0.000,0.000,10080336,0,51.899,27.566,8.709,0.000,20,19,11502810192213659019,12718344502534008569,15886483787497277154,11728947685023900430,13543176309830874428,200000,0,0,0,104.218,automatic,parallelFullRefresh,none,incremental,fullAllCurrentEntries,notApplicable,0,8,33441,0,2.812,0.269,0.000,88841,10.082,3.081,automatic,parallelFullRefresh,none,incremental,fullAllCurrentEntries,notApplicable,0,8,194428,0,6.131,1.036,0.000,89886,10.857,7.167,automatic,parallelAssisted,none,incremental,notApplicable,incremental,0,7,1028,0,0.000,0.000,0.035,0,0.000,24.467,serialImmediate,serialImmediate,none,incremental,notApplicable,incremental,1,1,194428,0,0.000,0.000,0.000,0,0.000,31.594,automatic,parallelDirty,none,notApplicable,notApplicable,incremental,0,8,0,60002,0.000,0.000,0.000,0,0.000,8.709,dirtyRange,dirtyRange,none,notApplicable,notApplicable,incremental,1,1,0,34578,0.000,0.000,0.000,0,0.000,9.326
Data-Oriented CPU ROAM,RelWithDebInfo,OpenGL,NVIDIA GeForce RTX 5090 D/PCIe/SSE2,4.1.0 NVIDIA 591.86,false,assets/heightmaps/Hm_Terrain_Peking_513.png,547,547,80.000,12.000,20,0.250,0.100,200000,false,19,64,0.302,5.029,-18.472,18.189,54.980,241.609,200000,899688,199998,17923,9200,17922,233769,200000,33508,4576,209181,0,63310,136690,34763,4577,0,0,0,8,97.962,242.103,120.603,6.908,3.029,30.251,0.000,0.000,8.079,36.812,0.000,0.000,0.000,0.000,0.000,36.807,0.294,2.139,0.854,0.025,7.869,19.002,0.000,9.528,25.995,18.723,0.000,0.000,10636080,0,58.356,33.280,9.528,0.000,20,20,3857529204743722872,18323998568648012168,11814088152895883178,3642013729097088440,17110547586156410951,200000,0,0,0,102.416,automatic,parallelFullRefresh,none,incremental,fullAllCurrentEntries,notApplicable,0,8,33658,0,2.672,0.357,0.000,101646,11.322,3.029,automatic,parallelFullRefresh,none,incremental,fullAllCurrentEntries,notApplicable,0,8,191223,0,6.392,1.687,0.000,107535,12.981,8.079,automatic,parallelAssisted,none,incremental,notApplicable,incremental,0,6,1641,0,0.000,0.000,0.045,0,0.000,30.229,serialImmediate,serialImmediate,none,incremental,notApplicable,incremental,1,1,191223,0,0.000,0.000,0.000,0,0.000,36.807,automatic,parallelDirty,none,notApplicable,notApplicable,incremental,0,8,0,63310,0.000,0.000,0.000,0,0.000,9.528,dirtyRange,dirtyRange,none,notApplicable,notApplicable,incremental,1,1,0,34763,0.000,0.000,0.000,0,0.000,18.723
Data-Oriented CPU ROAM,RelWithDebInfo,OpenGL,NVIDIA GeForce RTX 5090 D/PCIe/SSE2,4.1.0 NVIDIA 591.86,false,assets/heightmaps/Hm_Terrain_Peking_513.png,547,547,80.000,12.000,20,0.250,0.100,200000,false,20,64,0.317,5.289,-23.855,17.751,52.867,260.202,199999,927200,199997,18182,9182,18183,233841,199999,33465,4638,211870,0,64935,135064,35650,4639,0,0,0,8,98.287,264.217,146.883,9.613,3.102,30.313,0.000,0.000,7.479,56.025,0.000,0.000,0.000,0.000,0.000,56.018,0.348,2.016,0.547,0.021,8.139,19.167,0.000,10.555,29.796,9.725,0.000,0.000,10909080,0,77.196,33.416,10.555,0.000,20,21,4894677377432205448,9768216618377063536,1454652581396991471,14059091348881202174,6877644868321707714,200000,0,0,0,107.121,automatic,parallelFullRefresh,none,incremental,fullAllCurrentEntries,notApplicable,0,8,33508,0,2.661,0.441,0.000,102775,11.266,3.102,automatic,parallelFullRefresh,none,incremental,fullAllCurrentEntries,notApplicable,0,8,191122,0,6.067,1.412,0.000,109095,14.868,7.479,automatic,parallelAssisted,none,incremental,notApplicable,incremental,0,6,1571,0,0.000,0.000,0.055,0,0.000,30.291,serialImmediate,serialImmediate,none,incremental,notApplicable,incremental,1,1,191122,0,0.000,0.000,0.000,0,0.000,56.018,automatic,parallelDirty,none,notApplicable,notApplicable,incremental,0,8,0,64935,0.000,0.000,0.000,0,0.000,10.555,dirtyRange,dirtyRange,none,notApplicable,notApplicable,incremental,1,1,0,35650,0.000,0.000,0.000,0,0.000,9.725
Data-Oriented CPU ROAM,RelWithDebInfo,OpenGL,NVIDIA GeForce RTX 5090 D/PCIe/SSE2,4.1.0 NVIDIA 591.86,false,assets/heightmaps/Hm_Terrain_Peking_513.png,547,547,80.000,12.000,20,0.250,0.100,200000,false,21,64,0.333,5.564,-29.000,17.402,50.229,275.055,199999,954126,199997,17457,8796,17457,233802,199999,33473,4409,204084,0,67883,132116,37125,4410,0,0,0,8,189.618,240.298,123.419,6.878,3.226,30.537,0.000,0.000,7.154,36.429,0.000,0.000,0.000,0.000,0.000,36.424,0.344,1.923,0.496,0.009,8.256,19.437,0.000,9.881,29.313,9.488,0.000,0.000,11404344,0,56.496,33.763,9.881,0.000,20,22,5464039245519454252,15077720415661972525,18130635415174804634,11953667775993717945,838265267417251517,200000,0,0,0,107.016,automatic,parallelFullRefresh,none,incremental,fullAllCurrentEntries,notApplicable,0,8,33465,0,2.802,0.424,0.000,99342,11.555,3.226,automatic,parallelFullRefresh,none,incremental,fullAllCurrentEntries,notApplicable,0,8,191409,0,6.072,1.082,0.000,104742,13.066,7.154,automatic,parallelAssisted,none,incremental,notApplicable,incremental,0,6,1523,0,0.000,0.000,0.050,0,0.000,30.514,serialImmediate,serialImmediate,none,incremental,notApplicable,incremental,1,1,191409,0,0.000,0.000,0.000,0,0.000,36.424,automatic,parallelDirty,none,notApplicable,notApplicable,incremental,0,8,0,67883,0.000,0.000,0.000,0,0.000,9.881,dirtyRange,dirtyRange,none,notApplicable,notApplicable,incremental,1,1,0,37125,0.000,0.000,0.000,0,0.000,9.488
Data-Oriented CPU ROAM,RelWithDebInfo,OpenGL,NVIDIA GeForce RTX 5090 D/PCIe/SSE2,4.1.0 NVIDIA 591.86,false,assets/heightmaps/Hm_Terrain_Peking_513.png,547,547,80.000,12.000,20,0.250,0.100,200000,false,22,64,0.349,5.823,-33.857,17.156,47.092,258.819,199999,978124,199997,16428,8321,16428,233796,199999,33444,4742,190907,0,67754,132245,37274,4743,0,0,0,8,99.712,245.818,121.410,8.044,3.140,27.137,0.000,0.000,7.351,33.422,0.000,0.000,0.000,0.000,0.000,33.416,0.218,1.361,0.556,0.011,6.457,18.487,0.000,10.637,31.678,10.683,0.000,0.000,11382672,0,54.401,30.277,10.637,0.000,20,23,14764623168415943744,13137791350344150494,18250664861099904845,14909372800015064471,11757914711316819410,200000,0,0,0,113.321,automatic,parallelFullRefresh,none,incremental,fullAllCurrentEntries,notApplicable,0,8,33473,0,2.785,0.355,0.000,92339,10.079,3.140,automatic,parallelFullRefresh,none,incremental,fullAllCurrentEntries,notApplicable,0,8,193066,0,6.146,1.205,0.000,98568,12.715,7.351,automatic,parallelAssisted,none,incremental,notApplicable,incremental,0,5,1206,0,0.000,0.000,0.027,0,0.000,27.118,serialImmediate,serialImmediate,none,incremental,notApplicable,incremental,1,1,193066,0,0.000,0.000,0.000,0,0.000,33.416,automatic,parallelDirty,none,notApplicable,notApplicable,incremental,0,8,0,67754,0.000,0.000,0.000,0,0.000,10.637,dirtyRange,dirtyRange,none,notApplicable,notApplicable,incremental,1,1,0,37274,0.000,0.000,0.000,0,0.000,10.683
Data-Oriented CPU ROAM,RelWithDebInfo,OpenGL,NVIDIA GeForce RTX 5090 D/PCIe/SSE2,4.1.0 NVIDIA 591.86,false,assets/heightmaps/Hm_Terrain_Peking_513.png,547,547,80.000,12.000,20,0.250,0.100,200000,false,23,64,0.365,6.078,-38.378,17.023,43.487,255.302,200000,1001018,199998,16207,8213,16206,233711,200000,33422,5315,187623,0,65299,134701,37002,5316,0,0,0,8,102.039,254.600,129.479,9.560,3.015,29.458,0.000,0.000,7.094,34.643,0.000,0.000,0.000,0.000,0.000,34.636,0.202,1.136,0.347,0.012,4.679,23.016,0.000,9.757,35.952,9.475,0.000,0.000,10970232,0,58.611,32.473,9.757,0.000,20,24,4680005362685250694,6468255570671903217,13110756096065449747,9529179328107265732,15828634045359618972,200000,0,0,0,115.176,automatic,parallelFullRefresh,none,incremental,fullAllCurrentEntries,notApplicable,0,8,33444,0,2.695,0.320,0.000,90384,10.744,3.015,automatic,parallelFullRefresh,none,incremental,fullAllCurrentEntries,notApplicable,0,8,194509,0,5.810,1.284,0.000,97239,13.615,7.094,automatic,parallelAssisted,none,incremental,notApplicable,incremental,0,5,934,0,0.000,0.000,0.035,0,0.000,29.427,serialImmediate,serialImmediate,none,incremental,notApplicable,incremental,1,1,194509,0,0.000,0.000,0.000,0,0.000,34.636,automatic,parallelDirty,none,notApplicable,notApplicable,incremental,0,8,0,65299,0.000,0.000,0.000,0,0.000,9.757,dirtyRange,dirtyRange,none,notApplicable,notApplicable,incremental,1,1,0,37002,0.000,0.000,0.000,0,0.000,9.475
Data-Oriented CPU ROAM,RelWithDebInfo,OpenGL,NVIDIA GeForce RTX 5090 D/PCIe/SSE2,4.1.0 NVIDIA 591.86,false,assets/heightmaps/Hm_Terrain_Peking_513.png,547,547,80.000,12.000,20,0.250,0.100,200000,false,24,64,0.381,6.349,-42.517,17.008,39.450,270.817,199999,1023700,199997,16737,8552,16738,233540,199999,33351,6071,189766,0,65113,134886,37299,6072,0,0,0,8,168.663,250.732,127.946,7.309,3.207,31.039,0.000,0.000,7.988,39.209,0.000,0.000,0.000,0.000,0.000,39.204,0.195,1.076,0.539,0.006,4.577,24.577,0.000,10.214,28.981,9.782,0.000,0.000,10938984,0,67.823,34.245,10.214,0.000,20,25,3598056576469674131,6823856870244076732,13651081414696752035,15128957134003051194,3831294836474750262,200000,0,0,0,112.643,automatic,parallelFullRefresh,none,incremental,fullAllCurrentEntries,notApplicable,0,8,33422,0,2.870,0.336,0.000,89341,10.905,3.207,automatic,parallelFullRefresh,none,incremental,fullAllCurrentEntries,notApplicable,0,8,195446,0,6.043,1.945,0.000,100425,15.188,7.988,automatic,parallelAssisted,none,incremental,notApplicable,incremental,0,5,810,0,0.000,0.000,0.044,0,0.000,31.015,serialImmediate,serialImmediate,none,incremental,notApplicable,incremental,1,1,195446,0,0.000,0.000,0.000,0,0.000,39.204,automatic,parallelDirty,none,notApplicable,notApplicable,incremental,0,8,0,65113,0.000,0.000,0.000,0,0.000,10.214,dirtyRange,dirtyRange,none,notApplicable,notApplicable,incremental,1,1,0,37299,0.000,0.000,0.000,0,0.000,9.782
Data-Oriented CPU ROAM,RelWithDebInfo,OpenGL,NVIDIA GeForce RTX 5090 D/PCIe/SSE2,4.1.0 NVIDIA 591.86,false,assets/heightmaps/Hm_Terrain_Peking_513.png,547,547,80.000,12.000,20,0.250,0.100,200000,false,25,64,0.397,6.615,-46.234,17.112,35.021,265.944,200000,1047560,199998,18664,9442,18663,233609,200000,33413,6131,214997,0,68544,131456,37971,6132,0,0,0,8,176.150,256.521,132.590,7.043,3.019,31.616,0.000,0.000,8.424,43.010,0.000,0.000,0.000,0.000,0.000,43.004,0.281,1.554,0.878,0.015,5.536,23.294,0.000,11.385,28.093,8.071,0.000,0.000,11515392,0,70.718,34.635,11.385,0.000,20,26,17834792334360219460,6799830235164784937,4949422445672159251,16109647584551042275,17251279394026963017,200000,0,0,0,115.461,automatic,parallelFullRefresh,none,incremental,fullAllCurrentEntries,notApplicable,0,8,33351,0,2.647,0.372,0.000,103016,11.966,3.019,automatic,parallelFullRefresh,none,incremental,fullAllCurrentEntries,notApplicable,0,8,193610,0,6.535,1.889,0.000,111981,16.488,8.424,automatic,parallelAssisted,none,incremental,notApplicable,incremental,0,5,1143,0,0.000,0.000,0.038,0,0.000,31.596,serialImmediate,serialImmediate,none,incremental,notApplicable,incremental,1,1,193610,0,0.000,0.000,0.000,0,0.000,43.004,automatic,parallelDirty,none,notApplicable,notApplicable,incremental,0,8,0,68544,0.000,0.000,0.000,0,0.000,11.385,dirtyRange,dirtyRange,none,notApplicable,notApplicable,incremental,1,1,0,37971,0.000,0.000,0.000,0,0.000,8.071
Data-Oriented CPU ROAM,RelWithDebInfo,OpenGL,NVIDIA GeForce RTX 5090 D/PCIe/SSE2,4.1.0 NVIDIA 591.86,false,assets/heightmaps/Hm_Terrain_Peking_513.png,547,547,80.000,12.000,20,0.250,0.100,200000,false,26,64,0.413,6.886,-49.491,17.330,30.243,270.838,200000,1071046,199998,17064,8616,17064,233732,200000,33495,5302,199638,0,69002,130998,38410,5303,0,0,0,8,102.089,238.955,123.121,6.906,3.023,28.318,0.000,0.000,7.173,39.013,0.000,0.000,0.000,0.000,0.000,39.008,0.269,1.232,0.576,0.009,5.591,20.576,0.000,11.222,27.465,9.290,0.000,0.000,11592336,0,62.533,31.341,11.222,0.000,20,27,17622799873243204492,6856120173095685496,6755707351171696626,896098131538351370,9829827555373913894,200000,0,0,0,106.135,automatic,parallelFullRefresh,none,incremental,fullAllCurrentEntries,notApplicable,0,8,33413,0,2.665,0.358,0.000,97254,11.804,3.023,automatic,parallelFullRefresh,none,incremental,fullAllCurrentEntries,notApplicable,0,8,193545,0,6.003,1.171,0.000,102384,13.504,7.173,automatic,parallelAssisted,none,incremental,notApplicable,incremental,0,5,1101,0,0.000,0.000,0.051,0,0.000,28.303,serialImmediate,serialImmediate,none,incremental,notApplicable,incremental,1,1,193545,0,0.000,0.000,0.000,0,0.000,39.008,automatic,parallelDirty,none,notApplicable,notApplicable,incremental,0,8,0,69002,0.000,0.000,0.000,0,0.000,11.222,dirtyRange,dirtyRange,none,notApplicable,notApplicable,incremental,1,1,0,38410,0.000,0.000,0.000,0,0.000,9.290
Data-Oriented CPU ROAM,RelWithDebInfo,OpenGL,NVIDIA GeForce RTX 5090 D/PCIe/SSE2,4.1.0 NVIDIA 591.86,false,assets/heightmaps/Hm_Terrain_Peking_513.png,547,547,80.000,12.000,20,0.250,0.100,200000,false,27,64,0.429,7.140,-52.256,17.655,25.165,254.396,199999,1092704,199997,15121,7684,15122,233813,199999,33476,4966,179266,0,65742,134257,37666,4967,0,0,0,8,152.433,256.120,141.896,9.075,3.277,27.907,0.000,0.000,7.519,38.275,0.000,0.000,0.000,0.000,0.000,38.271,0.209,1.304,0.495,0.010,4.690,21.145,0.000,11.173,44.669,10.027,0.000,0.000,11044656,0,62.349,31.184,11.173,0.000,20,28,14076477809347136752,13694642725100243212,2831052878605794719,9847847247250903196,12734620768752655158,200000,0,0,0,103.831,automatic,parallelFullRefresh,none,incremental,fullAllCurrentEntries,notApplicable,0,8,33495,0,2.903,0.373,0.000,88537,11.756,3.277,automatic,parallelFullRefresh,none,incremental,fullAllCurrentEntries,notApplicable,0,8,194820,0,6.290,1.229,0.000,90729,13.917,7.519,automatic,parallelAssisted,none,incremental,notApplicable,incremental,0,5,917,0,0.000,0.000,0.035,0,0.000,27.889,serialImmediate,serialImmediate,none,incremental,notApplicable,incremental,1,1,194820,0,0.000,0.000,0.000,0,0.000,38.271,automatic,parallelDirty,none,notApplicable,notApplicable,incremental,0,8,0,65742,0.000,0.000,0.000,0,0.000,11.173,dirtyRange,dirtyRange,none,notApplicable,notApplicable,incremental,1,1,0,37666,0.000,0.000,0.000,0,0.000,10.027
Data-Oriented CPU ROAM,RelWithDebInfo,OpenGL,NVIDIA GeForce RTX 5090 D/PCIe/SSE2,4.1.0 NVIDIA 591.86,false,assets/heightmaps/Hm_Terrain_Peking_513.png,547,547,80.000,12.000,20,0.250,0.100,200000,false,28,64,0.444,7.410,-54.502,18.072,19.837,270.189,200000,1113206,199998,14336,7290,14335,233772,200000,33465,4834,169510,0,61395,138605,36928,4835,0,0,0,8,187.038,237.428,121.080,8.334,3.214,26.713,0.000,0.000,8.226,34.061,0.000,0.000,0.000,0.000,0.000,34.057,0.199,1.089,0.540,0.004,4.482,20.348,0.000,11.002,29.529,11.744,0.000,0.000,10314360,0,58.451,29.927,11.002,0.000,20,29,11033918810356266088,6230683355398155042,9888563655938865868,3182621398886301472,12436952546290142025,200000,0,0,0,104.134,automatic,parallelFullRefresh,none,incremental,fullAllCurrentEntries,notApplicable,0,8,33476,0,2.803,0.410,0.000,83497,10.214,3.214,automatic,parallelFullRefresh,none,incremental,fullAllCurrentEntries,notApplicable,0,8,195319,0,6.360,1.866,0.000,86013,13.824,8.226,automatic,parallelAssisted,none,incremental,notApplicable,incremental,0,5,860,0,0.000,0.000,0.033,0,0.000,26.694,serialImmediate,serialImmediate,none,incremental,notApplicable,incremental,1,1,195319,0,0.000,0.000,0.000,0,0.000,34.057,automatic,parallelDirty,none,notApplicable,notApplicable,incremental,0,8,0,61395,0.000,0.000,0.000,0,0.000,11.002,dirtyRange,dirtyRange,none,notApplicable,notApplicable,incremental,1,1,0,36928,0.000,0.000,0.000,0,0.000,11.744
Data-Oriented CPU ROAM,RelWithDebInfo,OpenGL,NVIDIA GeForce RTX 5090 D/PCIe/SSE2,4.1.0 NVIDIA 591.86,false,assets/heightmaps/Hm_Terrain_Peking_513.png,547,547,80.000,12.000,20,0.250,0.100,200000,false,29,64,0.460,7.661,-56.206,18.565,14.312,250.805,200000,1134926,199998,15312,7824,15312,233718,200000,33572,5365,181397,0,62079,137921,37487,5366,0,0,0,8,243.156,234.592,121.672,9.041,3.215,26.454,0.000,0.000,7.382,35.649,0.000,0.000,0.000,0.000,0.000,35.643,0.251,1.224,0.343,0.014,4.904,19.657,0.000,10.783,29.148,9.599,0.000,0.000,10429272,0,59.601,29.669,10.783,0.000,20,30,17931026488172795956,15109329511028966282,4722452041654089608,4580591530299613236,6360625776249671492,200000,0,0,0,102.909,automatic,parallelFullRefresh,none,incremental,fullAllCurrentEntries,notApplicable,0,8,33465,0,2.754,0.461,0.000,89525,10.582,3.215,automatic,parallelFullRefresh,none,incremental,fullAllCurrentEntries,notApplicable,0,8,195426,0,6.159,1.222,0.000,91872,13.963,7.382,automatic,parallelAssisted,none,incremental,notApplicable,incremental,0,7,825,0,0.000,0.000,0.040,0,0.000,26.433,serialImmediate,serialImmediate,none,incremental,notApplicable,incremental,1,1,195426,0,0.000,0.000,0.000,0,0.000,35.643,automatic,parallelDirty,none,notApplicable,notApplicable,incremental,0,8,0,62079,0.000,0.000,0.000,0,0.000,10.783,dirtyRange,dirtyRange,none,notApplicable,notApplicable,incremental,1,1,0,37487,0.000,0.000,0.000,0,0.000,9.599
Data-Oriented CPU ROAM,RelWithDebInfo,OpenGL,NVIDIA GeForce RTX 5090 D/PCIe/SSE2,4.1.0 NVIDIA 591.86,false,assets/heightmaps/Hm_Terrain_Peking_513.png,547,547,80.000,12.000,20,0.250,0.100,200000,false,30,64,0.476,7.910,-57.352,19.116,8.644,249.065,200000,1156264,199998,15483,7916,15483,233751,200000,33515,5638,181205,0,64043,135957,38542,5639,0,0,0,8,134.109,244.967,113.844,8.717,3.033,24.840,0.000,0.000,7.776,34.239,0.000,0.000,0.000,0.000,0.000,34.235,0.202,0.979,0.317,0.008,3.976,19.294,0.000,9.906,25.332,11.813,0.000,0.000,10759224,0,58.131,27.873,9.906,0.000,20,31,507975663382346138,15337671370646515645,6452947698764962839,11118181053319940278,15460748289941399559,200000,0,0,0,118.705,automatic,parallelFullRefresh,none,incremental,fullAllCurrentEntries,notApplicable,0,8,33572,0,2.631,0.402,0.000,88307,10.182,3.033,automatic,parallelFullRefresh,none,incremental,fullAllCurrentEntries,notApplicable,0,8,195814,0,6.156,1.620,0.000,92898,12.193,7.776,automatic,parallelAssisted,none,incremental,notApplicable,incremental,0,7,761,0,0.000,0.000,0.041,0,0.000,24.817,serialImmediate,serialImmediate,none,incremental,notApplicable,incremental,1,1,195814,0,0.000,0.000,0.000,0,0.000,34.235,automatic,parallelDirty,none,notApplicable,notApplicable,incremental,0,8,0,64043,0.000,0.000,0.000,0,0.000,9.906,dirtyRange,dirtyRange,none,notApplicable,notApplicable,incremental,1,1,0,38542,0.000,0.000,0.000,0,0.000,11.813
Data-Oriented CPU ROAM,RelWithDebInfo,OpenGL,NVIDIA GeForce RTX 5090 D/PCIe/SSE2,4.1.0 NVIDIA 591.86,false,assets/heightmaps/Hm_Terrain_Peking_513.png,547,547,80.000,12.000,20,0.250,0.100,200000,false,31,64,0.492,8.164,-57.928,19.701,2.891,253.695,199999,1177014,199997,15569,7932,15570,233689,199999,33631,6012,182599,0,64396,135603,38614,6013,0,0,0,8,185.281,270.796,153.560,7.204,2.828,26.817,0.000,0.000,8.139,37.154,0.000,0.000,0.000,0.000,0.000,37.148,0.140,0.697,0.256,0.005,3.167,22.511,0.000,15.293,56.124,9.282,0.000,0.000,10818528,0,64.319,29.645,15.293,0.000,20,32,15017807530908053037,10713108866754931314,12285744314165906881,979416581573730866,13473134103925139961,200000,0,0,0,107.584,automatic,parallelFullRefresh,none,incremental,fullAllCurrentEntries,notApplicable,0,8,33515,0,2.566,0.262,0.000,89182,11.279,2.828,automatic,parallelFullRefresh,none,incremental,fullAllCurrentEntries,notApplicable,0,8,196468,0,6.458,1.681,0.000,93417,12.810,8.139,automatic,parallelAssisted,none,incremental,notApplicable,incremental,0,6,653,0,0.000,0.000,0.022,0,0.000,26.799,serialImmediate,serialImmediate,none,incremental,notApplicable,incremental,1,1,196468,0,0.000,0.000,0.000,0,0.000,37.148,automatic,parallelDirty,none,notApplicable,notApplicable,incremental,0,8,0,64396,0.000,0.000,0.000,0,0.000,15.293,dirtyRange,dirtyRange,none,notApplicable,notApplicable,incremental,1,1,0,38614,0.000,0.000,0.000,0,0.000,9.282
Data-Oriented CPU ROAM,RelWithDebInfo,OpenGL,NVIDIA GeForce RTX 5090 D/PCIe/SSE2,4.1.0 NVIDIA 591.86,false,assets/heightmaps/Hm_Terrain_Peking_513.png,547,547,80.000,12.000,20,0.250,0.100,200000,false,32,64,0.508,8.450,-57.928,20.299,-2.891,286.547,199999,1196014,199997,14598,7361,14598,233842,199999,33534,5976,172573,0,61689,138310,37805,5977,0,0,0,8,204.168,223.231,108.498,7.029,3.385,22.498,0.000,0.000,7.869,32.707,0.000,0.000,0.000,0.000,0.000,32.704,0.156,0.759,0.362,0.007,2.611,18.552,0.000,9.290,25.720,8.862,0.000,0.000,10363752,0,57.470,25.882,9.290,0.000,20,33,9199624600395083803,2021882922645883033,7974187135522050102,3095040260946339175,12803817730138524999,200000,0,0,0,105.500,automatic,parallelFullRefresh,none,incremental,fullAllCurrentEntries,notApplicable,0,8,33631,0,2.990,0.395,0.000,84985,9.882,3.385,automatic,parallelFullRefresh,none,incremental,fullAllCurrentEntries,notApplicable,0,8,197352,0,6.306,1.563,0.000,87588,11.197,7.869,automatic,parallelAssisted,none,incremental,notApplicable,incremental,0,3,550,0,0.000,0.000,0.035,0,0.000,22.482,serialImmediate,serialImmediate,none,incremental,notApplicable,incremental,1,1,197352,0,0.000,0.000,0.000,0,0.000,32.704,automatic,parallelDirty,none,notApplicable,notApplicable,incremental,0,8,0,61689,0.000,0.000,0.000,0,0.000,9.290,dirtyRange,dirtyRange,none,notApplicable,notApplicable,incremental,1,1,0,37805,0.000,0.000,0.000,0,0.000,8.862
Data-Oriented CPU ROAM,RelWithDebInfo,OpenGL,NVIDIA GeForce RTX 5090 D/PCIe/SSE2,4.1.0 NVIDIA 591.86,false,assets/heightmaps/Hm_Terrain_Peking_513.png,547,547,80.000,12.000,20,0.250,0.100,200000,false,33,64,0.524,8.689,-57.352,20.884,-8.644,238.332,199999,1214828,199997,13220,6709,13220,233707,199999,33635,5268,156377,0,58030,141969,37097,5269,0,0,0,8,124.923,223.375,106.298,8.551,2.835,20.979,0.000,0.000,8.215,28.433,0.000,0.000,0.000,0.000,0.000,28.428,0.114,0.520,0.258,0.005,2.339,17.689,0.000,8.776,28.508,10.612,0.000,0.000,9749040,0,52.379,23.814,8.776,0.000,20,34,11600246150773609547,9023680170232145903,5619475490710652660,16446345841072783209,15311841522855486508,200000,0,0,0,105.947,automatic,parallelFullRefresh,none,incremental,fullAllCurrentEntries,notApplicable,0,8,33534,0,2.577,0.258,0.000,77057,8.961,2.835,automatic,parallelFullRefresh,none,incremental,fullAllCurrentEntries,notApplicable,0,8,197310,0,6.304,1.911,0.000,79320,10.415,8.215,automatic,parallelAssisted,none,incremental,notApplicable,incremental,0,5,501,0,0.000,0.000,0.035,0,0.000,20.960,serialImmediate,serialImmediate,none,incremental,notApplicable,incremental,1,1,197310,0,0.000,0.000,0.000,0,0.000,28.428,automatic,parallelDirty,none,notApplicable,notApplicable,incremental,0,8,0,58030,0.000,0.000,0.000,0,0.000,8.776,dirtyRange,dirtyRange,none,notApplicable,notApplicable,incremental,1,1,0,37097,0.000,0.000,0.000,0,0.000,10.612
Data-Oriented CPU ROAM,RelWithDebInfo,OpenGL,NVIDIA GeForce RTX 5090 D/PCIe/SSE2,4.1.0 NVIDIA 591.86,false,assets/heightmaps/Hm_Terrain_Peking_513.png,547,547,80.000,12.000,20,0.250,0.100,200000,false,34,64,0.540,8.920,-56.206,21.435,-14.312,231.121,200000,1233758,199998,15182,7732,15181,233802,200000,33571,3810,180851,0,60128,139872,36332,3811,0,0,0,8,99.489,230.114,116.149,7.181,2.854,25.222,0.000,0.000,7.245,35.497,0.000,0.000,0.000,0.000,0.000,35.492,0.275,1.706,0.505,0.025,6.753,15.898,0.000,10.055,28.095,10.110,0.000,0.000,10101504,0,54.078,28.075,10.055,0.000,20,35,10184350017330938359,2817222760074155981,14006666610658801887,12368856535170449434,10573782616376506026,200000,0,0,0,103.364,automatic,parallelFullRefresh,none,incremental,fullAllCurrentEntries,notApplicable,0,8,33635,0,2.508,0.345,0.000,89762,10.547,2.854,automatic,parallelFullRefresh,none,incremental,fullAllCurrentEntries,notApplicable,0,8,192433,0,6.127,1.118,0.000,91089,13.537,7.245,automatic,parallelAssisted,none,incremental,notApplicable,incremental,0,6,1430,0,0.000,0.000,0.040,0,0.000,25.203,serialImmediate,serialImmediate,none,incremental,notApplicable,incremental,1,1,192433,0,0.000,0.000,0.000,0,0.000,35.492,automatic,parallelDirty,none,notApplicable,notApplicable,incremental,0,8,0,60128,0.000,0.000,0.000,0,0.000,10.055,dirtyRange,dirtyRange,none,notApplicable,notApplicable,incremental,1,1,0,36332,0.000,0.000,0.000,0,0.000,10.110
Data-Oriented CPU ROAM,RelWithDebInfo,OpenGL,NVIDIA GeForce RTX 5090 D/PCIe/SSE2,4.1.0 NVIDIA 591.86,false,assets/heightmaps/Hm_Terrain_Peking_513.png,547,547,80.000,12.000,20,0.250,0.100,200000,false,35,64,0.556,9.159,-54.502,21.928,-19.837,238.881,199999,1251984,199997,15131,7707,15132,233898,199999,33655,3965,181529,0,59253,140746,36010,3966,0,0,0,8,193.654,242.644,129.466,10.578,3.205,25.581,0.000,0.000,7.153,33.114,0.000,0.000,0.000,0.000,0.000,33.109,0.262,1.757,0.551,0.024,6.759,16.168,0.000,9.297,40.539,8.576,0.000,0.000,9954504,0,51.985,28.786,9.297,0.000,20,36,2085537837089982350,701964006115934862,4983152477623667885,2452812536816448038,4333385337321885814,200000,0,0,0,104.231,automatic,parallelFullRefresh,none,incremental,fullAllCurrentEntries,notApplicable,0,8,33571,0,2.842,0.363,0.000,90740,10.372,3.205,automatic,parallelFullRefresh,none,incremental,fullAllCurrentEntries,notApplicable,0,8,192802,0,6.058,1.095,0.000,90789,12.388,7.153,automatic,parallelAssisted,none,incremental,notApplicable,incremental,0,6,1351,0,0.000,0.000,0.043,0,0.000,25.564,serialImmediate,serialImmediate,none,incremental,notApplicable,incremental,1,1,192802,0,0.000,0.000,0.000,0,0.000,33.109,automatic,parallelDirty,none,notApplicable,notApplicable,incremental,0,8,0,59253,0.000,0.000,0.000,0,0.000,9.297,dirtyRange,dirtyRange,none,notApplicable,notApplicable,incremental,1,1,0,36010,0.000,0.000,0.000,0,0.000,8.576
Data-Oriented CPU ROAM,RelWithDebInfo,OpenGL,NVIDIA GeForce RTX 5090 D/PCIe/SSE2,4.1.0 NVIDIA 591.86,false,assets/heightmaps/Hm_Terrain_Peking_513.png,547,547,80.000,12.000,20,0.250,0.100,200000,false,36,64,0.571,9.415,-52.256,22.345,-25.165,256.361,200000,1273920,199998,15949,8142,15948,234002,200000,33754,3873,190838,0,58881,141119,35510,3874,0,0,0,8,101.599,239.232,124.012,7.299,3.116,29.050,0.000,0.000,7.958,37.748,0.000,0.000,0.000,0.000,0.000,37.744,0.313,1.937,0.877,0.014,7.736,18.120,0.000,9.737,29.103,8.458,0.000,0.000,9892008,0,58.618,32.166,9.737,0.000,20,37,4607764548339769312,1496534923326945117,10145042690056851243,17003041870295228302,18299975427405264666,200000,0,0,0,106.381,automatic,parallelFullRefresh,none,incremental,fullAllCurrentEntries,notApplicable,0,8,33655,0,2.694,0.422,0.000,95147,11.346,3.116,automatic,parallelFullRefresh,none,incremental,fullAllCurrentEntries,notApplicable,0,8,191798,0,6.328,1.630,0.000,95691,14.128,7.958,automatic,parallelAssisted,none,incremental,notApplicable,incremental,0,5,1465,0,0.000,0.000,0.039,0,0.000,29.035,serialImmediate,serialImmediate,none,incremental,notApplicable,incremental,1,1,191798,0,0.000,0.000,0.000,0,0.000,37.744,automatic,parallelDirty,none,notApplicable,notApplicable,incremental,0,8,0,58881,0.000,0.000,0.000,0,0.000,9.737,dirtyRange,dirtyRange,none,notApplicable,notApplicable,incremental,1,1,0,35510,0.000,0.000,0.000,0,0.000,8.458
Data-Oriented CPU ROAM,RelWithDebInfo,OpenGL,NVIDIA GeForce RTX 5090 D/PCIe/SSE2,4.1.0 NVIDIA 591.86,false,assets/heightmaps/Hm_Terrain_Peking_513.png,547,547,80.000,12.000,20,0.250,0.100,200000,false,37,64,0.587,9.669,-49.491,22.670,-30.243,253.573,199999,1295558,199997,16397,8316,16398,234264,199999,33957,4263,197400,0,59146,140853,35538,4264,0,0,0,8,109.175,253.949,126.552,6.952,3.460,27.256,0.000,0.000,8.235,38.110,0.000,0.000,0.000,0.000,0.000,38.103,0.392,1.940,0.537,0.016,6.663,17.646,0.000,9.055,33.482,10.521,0.000,0.000,9936528,0,59.215,30.716,9.055,0.000,20,38,2915165779464536566,5262672678279255221,4043733013249855594,18405169158487461543,18399920599816095179,200000,0,0,0,116.311,automatic,parallelFullRefresh,none,incremental,fullAllCurrentEntries,notApplicable,0,8,33754,0,2.965,0.495,0.000,99015,11.789,3.460,automatic,parallelFullRefresh,none,incremental,fullAllCurrentEntries,notApplicable,0,8,192123,0,6.701,1.533,0.000,98385,13.339,8.235,automatic,parallelAssisted,none,incremental,notApplicable,incremental,0,5,1486,0,0.000,0.000,0.042,0,0.000,27.235,serialImmediate,serialImmediate,none,incremental,notApplicable,incremental,1,1,192123,0,0.000,0.000,0.000,0,0.000,38.103,automatic,parallelDirty,none,notApplicable,notApplicable,incremental,0,8,0,59146,0.000,0.000,0.000,0,0.000,9.055,dirtyRange,dirtyRange,none,notApplicable,notApplicable,incremental,1,1,0,35538,0.000,0.000,0.000,0,0.000,10.521
Data-Oriented CPU ROAM,RelWithDebInfo,OpenGL,NVIDIA GeForce RTX 5090 D/PCIe/SSE2,4.1.0 NVIDIA 591.86,false,assets/heightmaps/Hm_Terrain_Peking_513.png,547,547,80.000,12.000,20,0.250,0.100,200000,false,38,64,0.603,9.935,-46.234,22.888,-35.021,265.851,199999,1312504,199997,15820,8019,15820,234255,199999,33911,4588,187606,0,59811,140188,35723,4589,0,0,0,8,144.005,269.457,136.818,10.245,3.464,32.562,0.000,0.000,8.127,38.809,0.000,0.000,0.000,0.000,0.000,38.802,0.402,1.974,0.660,0.007,7.028,22.417,0.000,10.153,33.458,8.959,0.000,0.000,10048248,0,63.107,36.026,10.153,0.000,20,39,15171627335562436946,14776144372496302741,4847513245965442294,15327338999094807978,16117276973202228294,200000,0,0,0,123.267,automatic,parallelFullRefresh,none,incremental,fullAllCurrentEntries,notApplicable,0,8,33957,0,2.988,0.475,0.000,92686,12.242,3.464,automatic,parallelFullRefresh,none,incremental,fullAllCurrentEntries,notApplicable,0,8,193344,0,6.712,1.415,0.000,94920,14.741,8.127,automatic,parallelAssisted,none,incremental,notApplicable,incremental,0,5,1240,0,0.000,0.000,0.050,0,0.000,32.538,serialImmediate,serialImmediate,none,incremental,notApplicable,incremental,1,1,193344,0,0.000,0.000,0.000,0,0.000,38.802,automatic,parallelDirty,none,notApplicable,notApplicable,incremental,0,8,0,59811,0.000,0.000,0.000,0,0.000,10.153,dirtyRange,dirtyRange,none,notApplicable,notApplicable,incremental,1,1,0,35723,0.000,0.000,0.000,0,0.000,8.959
Data-Oriented CPU ROAM,RelWithDebInfo,OpenGL,NVIDIA GeForce RTX 5090 D/PCIe/SSE2,4.1.0 NVIDIA 591.86,false,assets/heightmaps/Hm_Terrain_Peking_513.png,547,547,80.000,12.000,20,0.250,0.100,200000,false,39,64,0.619,10.218,-42.517,22.992,-39.450,283.326,199999,1329026,199997,16753,8514,16753,234335,199999,34242,5773,203511,0,62176,137823,37391,5774,0,0,0,8,153.111,264.401,146.623,7.671,3.254,32.525,0.000,0.000,8.422,53.052,0.000,0.000,0.000,0.000,0.000,53.045,0.248,1.390,0.466,0.012,5.060,25.298,0.000,10.063,31.636,9.186,0.000,0.000,10445568,0,82.111,35.779,10.063,0.000,20,40,11497493909425854971,8852138686551335291,16257377712012999508,16280315766084433350,4352047865219232259,200000,0,0,0,108.188,automatic,parallelFullRefresh,none,incremental,fullAllCurrentEntries,notApplicable,0,8,33911,0,2.822,0.432,0.000,102993,14.547,3.254,automatic,parallelFullRefresh,none,incremental,fullAllCurrentEntries,notApplicable,0,8,194763,0,6.524,1.898,0.000,100518,19.108,8.422,automatic,parallelAssisted,none,incremental,notApplicable,incremental,0,3,987,0,0.000,0.000,0.030,0,0.000,32.505,serialImmediate,serialImmediate,none,incremental,notApplicable,incremental,1,1,194763,0,0.000,0.000,0.000,0,0.000,53.045,automatic,parallelDirty,none,notApplicable,notApplicable,incremental,0,8,0,62176,0.000,0.000,0.000,0,0.000,10.063,dirtyRange,dirtyRange,none,notApplicable,notApplicable,incremental,1,1,0,37391,0.000,0.000,0.000,0,0.000,9.186
Data-Oriented CPU ROAM,RelWithDebInfo,OpenGL,NVIDIA GeForce RTX 5090 D/PCIe/SSE2,4.1.0 NVIDIA 591.86,false,assets/heightmaps/Hm_Terrain_Peking_513.png,547,547,80.000,12.000,20,0.250,0.100,200000,false,40,64,0.635,10.496,-38.378,22.977,-43.487,278.484,200000,1343092,199998,16592,8356,16591,234386,200000,34252,6463,194007,0,65175,134825,38861,6464,0,0,0,8,132.150,245.486,129.034,10.112,2.929,29.021,0.000,0.000,7.495,37.925,0.000,0.000,0.000,0.000,0.000,37.920,0.181,0.999,0.416,0.009,3.707,23.637,0.000,10.653,30.897,8.909,0.000,0.000,10949400,0,66.481,31.951,10.653,0.000,20,41,14563908140348388113,14857908528817655382,1928326867279124476,11161468201640625886,13341262442090873672,200000,0,0,0,107.073,automatic,parallelFullRefresh,none,incremental,fullAllCurrentEntries,notApplicable,0,8,34242,0,2.540,0.389,0.000,94458,11.519,2.929,automatic,parallelFullRefresh,none,incremental,fullAllCurrentEntries,notApplicable,0,8,196300,0,6.280,1.216,0.000,99549,14.336,7.495,automatic,parallelAssisted,none,incremental,notApplicable,incremental,0,4,764,0,0.000,0.000,0.050,0,0.000,28.999,serialImmediate,serialImmediate,none,incremental,notApplicable,incremental,1,1,196300,0,0.000,0.000,0.000,0,0.000,37.920,automatic,parallelDirty,none,notApplicable,notApplicable,incremental,0,8,0,65175,0.000,0.000,0.000,0,0.000,10.653,dirtyRange,dirtyRange,none,notApplicable,notApplicable,incremental,1,1,0,38861,0.000,0.000,0.000,0,0.000,8.909
Data-Oriented CPU ROAM,RelWithDebInfo,OpenGL,NVIDIA GeForce RTX 5090 D/PCIe/SSE2,4.1.0 NVIDIA 591.86,false,assets/heightmaps/Hm_Terrain_Peking_513.png,547,547,80.000,12.000,20,0.250,0.100,200000,false,41,64,0.651,10.758,-33.857,22.844,-47.092,261.517,199999,1356924,199997,15777,8021,15778,234333,199999,34209,6690,188868,0,65277,134722,39197,6691,0,0,0,8,184.986,271.190,152.417,10.384,3.029,25.872,0.000,0.000,7.803,64.431,0.000,0.000,0.000,0.000,0.000,64.427,0.107,0.604,0.273,0.003,2.524,22.325,0.000,10.387,30.512,9.259,0.000,0.000,10966536,0,93.270,28.901,10.387,0.000,20,42,18099405259524479923,1976094848974566822,7379411759500991009,2693290204409836431,15059615718916415088,200000,0,0,0,109.146,automatic,parallelFullRefresh,none,incremental,fullAllCurrentEntries,notApplicable,0,8,34252,0,2.764,0.265,0.000,94203,11.521,3.029,automatic,parallelFullRefresh,none,incremental,fullAllCurrentEntries,notApplicable,0,8,197597,0,6.537,1.265,0.000,94665,13.808,7.803,automatic,parallelAssisted,none,incremental,notApplicable,incremental,0,3,576,0,0.000,0.000,0.019,0,0.000,25.855,serialImmediate,serialImmediate,none,incremental,notApplicable,incremental,1,1,197597,0,0.000,0.000,0.000,0,0.000,64.427,automatic,parallelDirty,none,notApplicable,notApplicable,incremental,0,8,0,65277,0.000,0.000,0.000,0,0.000,10.387,dirtyRange,dirtyRange,none,notApplicable,notApplicable,incremental,1,1,0,39197,0.000,0.000,0.000,0,0.000,9.259
Data-Oriented CPU ROAM,RelWithDebInfo,OpenGL,NVIDIA GeForce RTX 5090 D/PCIe/SSE2,4.1.0 NVIDIA 591.86,false,assets/heightmaps/Hm_Terrain_Peking_513.png,547,547,80.000,12.000,20,0.250,0.100,200000,false,42,64,0.667,11.045,-29.000,22.598,-50.229,286.718,200000,1372424,199998,14678,7472,14677,234221,200000,34055,6046,174979,0,63644,136356,39037,6047,0,0,0,8,146.106,255.774,118.449,8.218,3.072,24.932,0.000,0.000,8.097,34.021,0.000,0.000,0.000,0.000,0.000,34.018,0.115,0.755,0.384,0.004,2.854,20.768,0.000,11.462,28.645,9.720,0.000,0.000,10692192,0,61.501,28.004,11.462,0.000,20,43,5037163150524468369,11539274937098670880,13370878448706581218,7496017505371474958,10580619876848912246,200000,0,0,0,127.243,automatic,parallelFullRefresh,none,incremental,fullAllCurrentEntries,notApplicable,0,8,34209,0,2.760,0.312,0.000,86914,10.673,3.072,automatic,parallelFullRefresh,none,incremental,fullAllCurrentEntries,notApplicable,0,8,197397,0,6.506,1.591,0.000,88065,12.194,8.097,automatic,parallelAssisted,none,incremental,notApplicable,incremental,0,3,602,0,0.000,0.000,0.035,0,0.000,24.915,serialImmediate,serialImmediate,none,incremental,notApplicable,incremental,1,1,197397,0,0.000,0.000,0.000,0,0.000,34.018,automatic,parallelDirty,none,notApplicable,notApplicable,incremental,0,8,0,63644,0.000,0.000,0.000,0,0.000,11.462,dirtyRange,dirtyRange,none,notApplicable,notApplicable,incremental,1,1,0,39037,0.000,0.000,0.000,0,0.000,9.720
Data-Oriented CPU ROAM,RelWithDebInfo,OpenGL,NVIDIA GeForce RTX 5090 D/PCIe/SSE2,4.1.0 NVIDIA 591.86,false,assets/heightmaps/Hm_Terrain_Peking_513.png,547,547,80.000,12.000,20,0.250,0.100,200000,false,43,64,0.683,11.315,-23.855,22.249,-52.867,270.492,200000,1388566,199998,14286,7280,14286,234179,200000,34082,5145,172373,0,60621,139379,37772,5146,0,0,0,8,95.264,222.422,110.506,7.398,2.947,24.359,0.000,0.000,8.076,31.553,0.000,0.000,0.000,0.000,0.000,31.548,0.156,0.966,0.403,0.008,4.172,18.595,0.000,9.149,27.024,9.099,0.000,0.000,10184328,0,54.616,27.306,9.149,0.000,20,44,2010038420192191038,6965282697844826061,8882002267534927791,10407824518727812101,1971615220371960845,200000,0,0,0,102.413,automatic,parallelFullRefresh,none,incremental,fullAllCurrentEntries,notApplicable,0,8,34055,0,2.623,0.324,0.000,86657,10.165,2.947,automatic,parallelFullRefresh,none,incremental,fullAllCurrentEntries,notApplicable,0,8,195993,0,6.437,1.638,0.000,85716,10.899,8.076,automatic,parallelAssisted,none,incremental,notApplicable,incremental,0,4,774,0,0.000,0.000,0.038,0,0.000,24.338,serialImmediate,serialImmediate,none,incremental,notApplicable,incremental,1,1,195993,0,0.000,0.000,0.000,0,0.000,31.548,automatic,parallelDirty,none,notApplicable,notApplicable,incremental,0,8,0,60621,0.000,0.000,0.000,0,0.000,9.149,dirtyRange,dirtyRange,none,notApplicable,notApplicable,incremental,1,1,0,37772,0.000,0.000,0.000,0,0.000,9.099
Data-Oriented CPU ROAM,RelWithDebInfo,OpenGL,NVIDIA GeForce RTX 5090 D/PCIe/SSE2,4.1.0 NVIDIA 591.86,false,assets/heightmaps/Hm_Terrain_Peking_513.png,547,547,80.000,12.000,20,0.250,0.100,200000,false,44,64,0.698,11.553,-18.472,21.811,-54.980,237.868,200000,1405426,199998,14584,7441,14584,234229,200000,33998,5280,174870,0,59377,140623,37584,5281,0,0,0,8,113.462,242.490,124.669,6.573,3.113,24.322,0.000,0.000,7.338,31.406,0.000,0.000,0.000,0.000,0.000,31.400,0.190,0.991,0.295,0.008,3.782,18.988,0.000,9.630,42.286,8.241,0.000,0.000,9975336,0,54.999,27.435,9.630,0.000,20,45,1547201238797944516,13831941261432722240,11262328333957560934,9269588149088063285,10696085729681648563,200000,0,0,0,109.134,automatic,parallelFullRefresh,none,incremental,fullAllCurrentEntries,notApplicable,0,8,34082,0,2.688,0.424,0.000,87366,9.685,3.113,automatic,parallelFullRefresh,none,incremental,fullAllCurrentEntries,notApplicable,0,8,195979,0,6.088,1.250,0.000,87504,12.199,7.338,automatic,parallelAssisted,none,incremental,notApplicable,incremental,0,5,738,0,0.000,0.000,0.041,0,0.000,24.295,serialImmediate,serialImmediate,none,incremental,notApplicable,incremental,1,1,195979,0,0.000,0.000,0.000,0,0.000,31.400,automatic,parallelDirty,none,notApplicable,notApplicable,incremental,0,8,0,59377,0.000,0.000,0.000,0,0.000,9.630,dirtyRange,dirtyRange,none,notApplicable,notApplicable,incremental,1,1,0,37584,0.000,0.000,0.000,0,0.000,8.241
Data-Oriented CPU ROAM,RelWithDebInfo,OpenGL,NVIDIA GeForce RTX 5090 D/PCIe/SSE2,4.1.0 NVIDIA 591.86,false,assets/heightmaps/Hm_Terrain_Peking_513.png,547,547,80.000,12.000,20,0.250,0.100,200000,false,45,64,0.714,11.810,-12.906,21.302,-56.546,256.959,200000,1422096,199998,15499,7915,15499,234137,200000,33808,5625,183210,0,61849,138151,38862,5626,0,0,0,8,103.578,237.141,123.464,7.715,3.190,27.310,0.000,0.000,7.840,36.450,0.000,0.000,0.000,0.000,0.000,36.445,0.166,0.825,0.344,0.004,3.218,22.702,0.000,10.368,30.590,10.721,0.000,0.000,10390632,0,64.329,30.500,10.368,0.000,20,46,9745764302508673464,11277505994945043421,17114593554410757175,6120294911159900513,1757098035051615044,200000,0,0,0,102.460,automatic,parallelFullRefresh,none,incremental,fullAllCurrentEntries,notApplicable,0,8,33998,0,2.908,0.282,0.000,90216,11.082,3.190,automatic,parallelFullRefresh,none,incremental,fullAllCurrentEntries,notApplicable,0,8,195746,0,6.314,1.526,0.000,92994,13.956,7.840,automatic,parallelAssisted,none,incremental,notApplicable,incremental,0,5,758,0,0.000,0.000,0.028,0,0.000,27.288,serialImmediate,serialImmediate,none,incremental,notApplicable,incremental,1,1,195746,0,0.000,0.000,0.000,0,0.000,36.445,automatic,parallelDirty,none,notApplicable,notApplicable,incremental,0,8,0,61849,0.000,0.000,0.000,0,0.000,10.368,dirtyRange,dirtyRange,none,notApplicable,notApplicable,incremental,1,1,0,38862,0.000,0.000,0.000,0,0.000,10.721
Data-Oriented CPU ROAM,RelWithDebInfo,OpenGL,NVIDIA GeForce RTX 5090 D/PCIe/SSE2,4.1.0 NVIDIA 591.86,false,assets/heightmaps/Hm_Terrain_Peking_513.png,547,547,80.000,12.000,20,0.250,0.100,200000,false,46,64,0.730,12.057,-7.212,20.740,-57.550,246.661,200000,1438694,199998,15927,8130,15927,233951,200000,33610,5578,186732,0,63165,136835,38978,5579,0,0,0,8,136.460,248.318,122.108,7.383,3.140,26.113,0.000,0.000,8.800,35.488,0.000,0.000,0.000,0.000,0.000,35.483,0.258,0.917,0.284,0.004,3.648,20.945,0.000,11.698,29.485,7.721,0.000,0.000,10611720,0,62.221,29.254,11.698,0.000,20,47,501265749711831536,15078120519465764866,3045942073179456604,6303177789563625212,6085422030732384001,200000,0,0,0,117.790,automatic,parallelFullRefresh,none,incremental,fullAllCurrentEntries,notApplicable,0,8,33808,0,2.816,0.324,0.000,91170,10.461,3.140,automatic,parallelFullRefresh,none,incremental,fullAllCurrentEntries,notApplicable,0,8,195232,0,6.856,1.944,0.000,95562,13.635,8.800,automatic,parallelAssisted,none,incremental,notApplicable,incremental,0,8,831,0,0.000,0.000,0.033,0,0.000,26.089,serialImmediate,serialImmediate,none,incremental,notApplicable,incremental,1,1,195232,0,0.000,0.000,0.000,0,0.000,35.483,automatic,parallelDirty,none,notApplicable,notApplicable,incremental,0,8,0,63165,0.000,0.000,0.000,0,0.000,11.698,dirtyRange,dirtyRange,none,notApplicable,notApplicable,incremental,1,1,0,38978,0.000,0.000,0.000,0,0.000,7.721
Data-Oriented CPU ROAM,RelWithDebInfo,OpenGL,NVIDIA GeForce RTX 5090 D/PCIe/SSE2,4.1.0 NVIDIA 591.86,false,assets/heightmaps/Hm_Terrain_Peking_513.png,547,547,80.000,12.000,20,0.250,0.100,200000,false,47,64,0.746,12.318,-1.446,20.150,-57.982,261.634,200000,1452536,199998,15176,7716,15176,233813,200000,33584,5407,177664,0,61783,138217,38310,5408,0,0,0,8,225.685,239.649,125.056,7.737,3.100,27.417,0.000,0.000,7.635,36.064,0.000,0.000,0.000,0.000,0.000,36.058,0.208,1.198,0.318,0.014,3.812,21.814,0.000,10.857,32.244,11.018,0.000,0.000,10379544,0,62.472,30.517,10.857,0.000,20,48,7111493589348116639,14315627566301579737,2484608468122067079,14900847977703958148,11229033532730744092,200000,0,0,0,102.854,automatic,parallelFullRefresh,none,incremental,fullAllCurrentEntries,notApplicable,0,8,33610,0,2.734,0.366,0.000,86608,10.389,3.100,automatic,parallelFullRefresh,none,incremental,fullAllCurrentEntries,notApplicable,0,8,195661,0,6.430,1.204,0.000,91056,15.104,7.635,automatic,parallelAssisted,none,incremental,notApplicable,incremental,0,5,777,0,0.000,0.000,0.030,0,0.000,27.396,serialImmediate,serialImmediate,none,incremental,notApplicable,incremental,1,1,195661,0,0.000,0.000,0.000,0,0.000,36.058,automatic,parallelDirty,none,notApplicable,notApplicable,incremental,0,8,0,61783,0.000,0.000,0.000,0,0.000,10.857,dirtyRange,dirtyRange,none,notApplicable,notApplicable,incremental,1,1,0,38310,0.000,0.000,0.000,0,0.000,11.018
Data-Oriented CPU ROAM,RelWithDebInfo,OpenGL,NVIDIA GeForce RTX 5090 D/PCIe/SSE2,4.1.0 NVIDIA 591.86,false,assets/heightmaps/Hm_Terrain_Peking_513.png,547,547,80.000,12.000,20,0.250,0.100,200000,false,48,64,0.762,12.567,4.334,19.553,-57.838,248.457,199999,1465546,199997,14509,7293,14510,233790,199999,33663,5540,170278,0,59850,140149,37361,5541,0,0,0,8,174.638,233.241,114.335,8.804,2.849,24.682,0.000,0.000,8.438,32.811,0.000,0.000,0.000,0.000,0.000,32.806,0.155,0.851,0.535,0.006,3.931,19.141,0.000,9.616,27.133,9.477,0.000,0.000,10054800,0,57.307,27.532,9.616,0.000,20,49,3092664902140636325,5291258678658264488,8620018840951426255,1631695245379501132,12918603806119797218,200000,0,0,0,109.060,automatic,parallelFullRefresh,none,incremental,fullAllCurrentEntries,notApplicable,0,8,33584,0,2.554,0.296,0.000,83221,10.025,2.849,automatic,parallelFullRefresh,none,incremental,fullAllCurrentEntries,notApplicable,0,8,196564,0,6.816,1.623,0.000,87057,11.980,8.438,automatic,parallelAssisted,none,incremental,notApplicable,incremental,0,6,681,0,0.000,0.000,0.043,0,0.000,24.662,serialImmediate,serialImmediate,none,incremental,notApplicable,incremental,1,1,196564,0,0.000,0.000,0.000,0,0.000,32.806,automatic,parallelDirty,none,notApplicable,notApplicable,incremental,0,8,0,59850,0.000,0.000,0.000,0,0.000,9.616,dirtyRange,dirtyRange,none,notApplicable,notApplicable,incremental,1,1,0,37361,0.000,0.000,0.000,0,0.000,9.477
Data-Oriented CPU ROAM,RelWithDebInfo,OpenGL,NVIDIA GeForce RTX 5090 D/PCIe/SSE2,4.1.0 NVIDIA 591.86,false,assets/heightmaps/Hm_Terrain_Peking_513.png,547,547,80.000,12.000,20,0.250,0.100,200000,false,49,64,0.778,12.815,10.072,18.974,-57.119,247.856,199999,1478606,199997,14092,7098,14092,233867,199999,33680,4909,165641,0,58505,141494,36852,4910,0,0,0,8,100.594,227.242,113.170,7.744,3.026,24.292,0.000,0.000,7.614,33.069,0.000,0.000,0.000,0.000,0.000,33.063,0.171,0.947,0.294,0.005,3.677,19.135,0.000,9.467,27.957,9.643,0.000,0.000,9828840,0,55.592,27.317,9.467,0.000,20,50,17086198918310459832,14600018523449856346,14383284684393467521,10733095557289147179,11779309111208519426,200000,0,0,0,103.827,automatic,parallelFullRefresh,none,incremental,fullAllCurrentEntries,notApplicable,0,8,33663,0,2.711,0.315,0.000,81089,10.047,3.026,automatic,parallelFullRefresh,none,incremental,fullAllCurrentEntries,notApplicable,0,8,195720,0,6.475,1.139,0.000,84552,13.244,7.614,automatic,parallelAssisted,none,incremental,notApplicable,incremental,0,6,788,0,0.000,0.000,0.044,0,0.000,24.272,serialImmediate,serialImmediate,none,incremental,notApplicable,incremental,1,1,195720,0,0.000,0.000,0.000,0,0.000,33.063,automatic,parallelDirty,none,notApplicable,notApplicable,incremental,0,8,0,58505,0.000,0.000,0.000,0,0.000,9.467,dirtyRange,dirtyRange,none,notApplicable,notApplicable,incremental,1,1,0,36852,0.000,0.000,0.000,0,0.000,9.643
Data-Oriented CPU ROAM,RelWithDebInfo,OpenGL,NVIDIA GeForce RTX 5090 D/PCIe/SSE2,4.1.0 NVIDIA 591.86,false,assets/heightmaps/Hm_Terrain_Peking_513.png,547,547,80.000,12.000,20,0.250,0.100,200000,false,50,64,0.794,13.051,15.709,18.436,-55.832,236.652,200000,1494844,199998,16102,8263,16101,233804,200000,33363,4642,189702,0,62880,137120,38023,4643,0,0,0,8,190.398,247.135,120.626,8.182,2.897,27.331,0.000,0.000,8.294,34.536,0.000,0.000,0.000,0.000,0.000,34.531,0.256,1.436,0.604,0.020,6.489,18.462,0.000,10.765,28.620,9.062,0.000,0.000,10563840,0,56.735,30.228,10.765,0.000,20,51,7870981330079186394,3008041548493109848,12218100229106065782,3920908853798663405,9740759885869643506,200000,0,0,0,117.091,automatic,parallelFullRefresh,none,incremental,fullAllCurrentEntries,notApplicable,0,8,33680,0,2.551,0.346,0.000,93093,10.527,2.897,automatic,parallelFullRefresh,none,incremental,fullAllCurrentEntries,notApplicable,0,8,193176,0,6.800,1.495,0.000,96609,13.499,8.294,automatic,parallelAssisted,none,incremental,notApplicable,incremental,0,6,1219,0,0.000,0.000,0.042,0,0.000,27.308,serialImmediate,serialImmediate,none,incremental,notApplicable,incremental,1,1,193176,0,0.000,0.000,0.000,0,0.000,34.531,automatic,parallelDirty,none,notApplicable,notApplicable,incremental,0,8,0,62880,0.000,0.000,0.000,0,0.000,10.765,dirtyRange,dirtyRange,none,notApplicable,notApplicable,incremental,1,1,0,38023,0.000,0.000,0.000,0,0.000,9.062
Data-Oriented CPU ROAM,RelWithDebInfo,OpenGL,NVIDIA GeForce RTX 5090 D/PCIe/SSE2,4.1.0 NVIDIA 591.86,false,assets/heightmaps/Hm_Terrain_Peking_513.png,547,547,80.000,12.000,20,0.250,0.100,200000,false,51,64,0.810,13.313,21.190,17.959,-53.991,261.735,199999,1514362,199997,17970,9136,17971,233638,199999,33276,4528,211986,0,64992,135007,38282,4529,0,0,0,8,142.602,250.289,133.132,7.795,3.237,33.666,0.000,0.000,8.131,39.342,0.000,0.000,0.000,0.000,0.000,39.338,0.323,2.071,0.649,0.008,8.719,21.836,0.000,10.323,30.638,9.096,0.000,0.000,10918656,0,62.110,36.903,10.323,0.000,20,52,14531078762823123179,1787959666903436587,8506446822150327116,5017742477909534917,7008856661032212479,200000,0,0,0,107.582,automatic,parallelFullRefresh,none,incremental,fullAllCurrentEntries,notApplicable,0,8,33363,0,2.826,0.411,0.000,104163,12.395,3.237,automatic,parallelFullRefresh,none,incremental,fullAllCurrentEntries,notApplicable,0,8,191087,0,6.374,1.757,0.000,107823,15.546,8.131,automatic,parallelAssisted,none,incremental,notApplicable,incremental,0,5,1544,0,0.000,0.000,0.038,0,0.000,33.646,serialImmediate,serialImmediate,none,incremental,notApplicable,incremental,1,1,191087,0,0.000,0.000,0.000,0,0.000,39.338,automatic,parallelDirty,none,notApplicable,notApplicable,incremental,0,8,0,64992,0.000,0.000,0.000,0,0.000,10.323,dirtyRange,dirtyRange,none,notApplicable,notApplicable,incremental,1,1,0,38282,0.000,0.000,0.000,0,0.000,9.096
Data-Oriented CPU ROAM,RelWithDebInfo,OpenGL,NVIDIA GeForce RTX 5090 D/PCIe/SSE2,4.1.0 NVIDIA 591.86,false,assets/heightmaps/Hm_Terrain_Peking_513.png,547,547,80.000,12.000,20,0.250,0.100,200000,false,52,64,0.825,13.574,26.460,17.564,-51.613,261.528,200000,1534172,199998,17602,8847,17601,233584,200000,33237,4434,204630,0,64747,135253,38181,4435,0,0,0,8,100.101,243.509,121.960,7.971,2.928,28.109,0.000,0.000,7.720,35.715,0.000,0.000,0.000,0.000,0.000,35.710,0.266,1.820,0.580,0.014,6.960,18.414,0.000,10.573,28.943,9.283,0.000,0.000,10877496,0,56.366,31.037,10.573,0.000,20,53,14285510160506609534,11415814594753363039,12764079798955427945,12847173543902168072,10776500482527101165,200000,0,0,0,111.902,automatic,parallelFullRefresh,none,incremental,fullAllCurrentEntries,notApplicable,0,8,33276,0,2.574,0.354,0.000,99021,10.766,2.928,automatic,parallelFullRefresh,none,incremental,fullAllCurrentEntries,notApplicable,0,8,191271,0,6.084,1.636,0.000,105609,13.390,7.720,automatic,parallelAssisted,none,incremental,notApplicable,incremental,0,6,1506,0,0.000,0.000,0.036,0,0.000,28.091,serialImmediate,serialImmediate,none,incremental,notApplicable,incremental,1,1,191271,0,0.000,0.000,0.000,0,0.000,35.710,automatic,parallelDirty,none,notApplicable,notApplicable,incremental,0,8,0,64747,0.000,0.000,0.000,0,0.000,10.573,dirtyRange,dirtyRange,none,notApplicable,notApplicable,incremental,1,1,0,38181,0.000,0.000,0.000,0,0.000,9.283
Data-Oriented CPU ROAM,RelWithDebInfo,OpenGL,NVIDIA GeForce RTX 5090 D/PCIe/SSE2,4.1.0 NVIDIA 591.86,false,assets/heightmaps/Hm_Terrain_Peking_513.png,547,547,80.000,12.000,20,0.250,0.100,200000,false,53,64,0.841,13.837,31.468,17.265,-48.722,262.235,199999,1551688,199997,16801,8469,16802,233656,199999,33380,4470,197952,0,66449,133550,39030,4471,0,0,0,8,100.417,258.556,130.001,7.521,2.930,29.170,0.000,0.000,8.450,41.256,0.000,0.000,0.000,0.000,0.000,41.252,0.262,1.565,0.376,0.012,6.832,20.070,0.000,9.859,30.815,9.454,0.000,0.000,11163432,0,64.711,32.100,9.859,0.000,20,54,9072732312605758378,13700608358763085086,8041159195156157533,6306664769894172529,3163412826930471358,200000,0,0,0,118.474,automatic,parallelFullRefresh,none,incremental,fullAllCurrentEntries,notApplicable,0,8,33237,0,2.578,0.352,0.000,97143,12.004,2.930,automatic,parallelFullRefresh,none,incremental,fullAllCurrentEntries,notApplicable,0,8,192180,0,6.571,1.878,0.000,100809,14.263,8.450,automatic,parallelAssisted,none,incremental,notApplicable,incremental,0,6,1342,0,0.000,0.000,0.034,0,0.000,29.151,serialImmediate,serialImmediate,none,incremental,notApplicable,incremental,1,1,192180,0,0.000,0.000,0.000,0,0.000,41.252,automatic,parallelDirty,none,notApplicable,notApplicable,incremental,0,8,0,66449,0.000,0.000,0.000,0,0.000,9.859,dirtyRange,dirtyRange,none,notApplicable,notApplicable,incremental,1,1,0,39030,0.000,0.000,0.000,0,0.000,9.454
Data-Oriented CPU ROAM,RelWithDebInfo,OpenGL,NVIDIA GeForce RTX 5090 D/PCIe/SSE2,4.1.0 NVIDIA 591.86,false,assets/heightmaps/Hm_Terrain_Peking_513.png,547,547,80.000,12.000,20,0.250,0.100,200000,false,54,64,0.857,14.112,36.162,17.075,-45.346,275.527,199999,1565166,199997,16670,8438,16670,233849,199999,33497,4914,197023,0,66386,133613,39266,4915,0,0,0,8,133.551,268.083,135.398,10.142,3.184,31.976,0.000,0.000,8.077,37.987,0.000,0.000,0.000,0.000,0.000,37.981,0.289,1.525,0.573,0.003,6.302,23.221,0.000,11.138,32.894,10.558,0.000,0.000,11152848,0,62.370,35.160,11.138,0.000,20,55,9730901455595130537,13238418270436771024,4638604860998101699,16444899787932386372,17760225748658385439,200000,0,0,0,121.620,automatic,parallelFullRefresh,none,incremental,fullAllCurrentEntries,notApplicable,0,8,33380,0,2.763,0.421,0.000,97003,12.173,3.184,automatic,parallelFullRefresh,none,incremental,fullAllCurrentEntries,notApplicable,0,8,193200,0,6.582,1.495,0.000,100020,14.440,8.077,automatic,parallelAssisted,none,incremental,notApplicable,incremental,0,5,1163,0,0.000,0.000,0.040,0,0.000,31.952,serialImmediate,serialImmediate,none,incremental,notApplicable,incremental,1,1,193200,0,0.000,0.000,0.000,0,0.000,37.981,automatic,parallelDirty,none,notApplicable,notApplicable,incremental,0,8,0,66386,0.000,0.000,0.000,0,0.000,11.138,dirtyRange,dirtyRange,none,notApplicable,notApplicable,incremental,1,1,0,39266,0.000,0.000,0.000,0,0.000,10.558
Data-Oriented CPU ROAM,RelWithDebInfo,OpenGL,NVIDIA GeForce RTX 5090 D/PCIe/SSE2,4.1.0 NVIDIA 591.86,false,assets/heightmaps/Hm_Terrain_Peking_513.png,547,547,80.000,12.000,20,0.250,0.100,200000,false,55,64,0.873,14.393,40.498,17.001,-41.520,280.266,199999,1576158,199997,16899,8576,16899,233815,199999,33558,5850,196599,0,66428,133571,39614,5851,0,0,0,8,96.443,252.678,132.070,7.210,3.049,30.762,0.000,0.000,8.300,39.538,0.000,0.000,0.000,0.000,0.000,39.532,0.247,1.501,0.521,0.007,5.230,23.189,0.000,10.578,32.632,9.570,0.000,0.000,11159904,0,66.662,33.811,10.578,0.000,20,56,12461451725942107635,17419069598135635721,13808111960316725902,4283895944885330471,12886336515350552655,200000,0,0,0,110.619,automatic,parallelFullRefresh,none,incremental,fullAllCurrentEntries,notApplicable,0,8,33497,0,2.625,0.424,0.000,95205,11.714,3.049,automatic,parallelFullRefresh,none,incremental,fullAllCurrentEntries,notApplicable,0,8,194834,0,6.320,1.980,0.000,101394,16.030,8.300,automatic,parallelAssisted,none,incremental,notApplicable,incremental,0,5,907,0,0.000,0.000,0.039,0,0.000,30.734,serialImmediate,serialImmediate,none,incremental,notApplicable,incremental,1,1,194834,0,0.000,0.000,0.000,0,0.000,39.532,automatic,parallelDirty,none,notApplicable,notApplicable,incremental,0,8,0,66428,0.000,0.000,0.000,0,0.000,10.578,dirtyRange,dirtyRange,none,notApplicable,notApplicable,incremental,1,1,0,39614,0.000,0.000,0.000,0,0.000,9.570
Data-Oriented CPU ROAM,RelWithDebInfo,OpenGL,NVIDIA GeForce RTX 5090 D/PCIe/SSE2,4.1.0 NVIDIA 591.86,false,assets/heightmaps/Hm_Terrain_Peking_513.png,547,547,80.000,12.000,20,0.250,0.100,200000,false,56,64,0.889,14.661,44.431,17.046,-37.282,268.489,199999,1586094,199997,18109,9206,18109,233670,199999,33444,6413,206930,0,67640,132359,40257,6414,0,0,0,8,154.160,243.012,126.394,7.329,3.150,27.965,0.000,0.000,8.011,36.745,0.000,0.000,0.000,0.000,0.000,36.740,0.206,1.057,0.371,0.005,4.218,22.054,0.000,10.585,32.609,9.804,0.000,0.000,11363520,0,63.610,31.115,10.585,0.000,20,57,16962308626050338361,12726575308572454149,16072537589226680370,10299927302043262641,4224510392248073610,200000,0,0,0,106.423,automatic,parallelFullRefresh,none,incremental,fullAllCurrentEntries,notApplicable,0,8,33558,0,2.805,0.345,0.000,98276,10.758,3.150,automatic,parallelFullRefresh,none,incremental,fullAllCurrentEntries,notApplicable,0,8,194773,0,6.793,1.217,0.000,108654,14.494,8.011,automatic,parallelAssisted,none,incremental,notApplicable,incremental,0,7,954,0,0.000,0.000,0.037,0,0.000,27.947,serialImmediate,serialImmediate,none,incremental,notApplicable,incremental,1,1,194773,0,0.000,0.000,0.000,0,0.000,36.740,automatic,parallelDirty,none,notApplicable,notApplicable,incremental,0,8,0,67640,0.000,0.000,0.000,0,0.000,10.585,dirtyRange,dirtyRange,none,notApplicable,notApplicable,incremental,1,1,0,40257,0.000,0.000,0.000,0,0.000,9.804
Data-Oriented CPU ROAM,RelWithDebInfo,OpenGL,NVIDIA GeForce RTX 5090 D/PCIe/SSE2,4.1.0 NVIDIA 591.86,false,assets/heightmaps/Hm_Terrain_Peking_513.png,547,547,80.000,12.000,20,0.250,0.100,200000,false,57,64,0.905,14.920,47.922,17.207,-32.673,259.043,200000,1595942,199998,17927,9041,17926,233810,200000,33598,5648,208671,0,69724,130276,40602,5649,0,0,0,8,99.726,260.426,141.944,7.716,2.963,30.445,0.000,0.000,7.808,42.527,0.000,0.000,0.000,0.000,0.000,42.523,0.248,1.359,0.517,0.003,5.465,22.801,0.000,12.604,37.880,9.648,0.000,0.000,11713632,0,69.101,33.409,12.604,0.000,20,58,12116370232166774602,14931035836366094131,8782637290810732841,17548418198505937176,10819543546728440841,200000,0,0,0,108.433,automatic,parallelFullRefresh,none,incremental,fullAllCurrentEntries,notApplicable,0,8,33444,0,2.563,0.400,0.000,101112,12.356,2.963,automatic,parallelFullRefresh,none,incremental,fullAllCurrentEntries,notApplicable,0,8,193385,0,6.174,1.634,0.000,107559,15.480,7.808,automatic,parallelAssisted,none,incremental,notApplicable,incremental,0,5,1178,0,0.000,0.000,0.037,0,0.000,30.430,serialImmediate,serialImmediate,none,incremental,notApplicable,incremental,1,1,193385,0,0.000,0.000,0.000,0,0.000,42.523,automatic,parallelDirty,none,notApplicable,notApplicable,incremental,0,8,0,69724,0.000,0.000,0.000,0,0.000,12.604,dirtyRange,dirtyRange,none,notApplicable,notApplicable,incremental,1,1,0,40602,0.000,0.000,0.000,0,0.000,9.648
Data-Oriented CPU ROAM,RelWithDebInfo,OpenGL,NVIDIA GeForce RTX 5090 D/PCIe/SSE2,4.1.0 NVIDIA 591.86,false,assets/heightmaps/Hm_Terrain_Peking_513.png,547,547,80.000,12.000,20,0.250,0.100,200000,false,58,64,0.921,15.196,50.937,17.480,-27.739,276.148,199999,1604484,199997,15971,8097,15972,233983,199999,33776,5160,191329,0,67951,132048,40360,5161,0,0,0,8,188.260,250.338,137.959,8.505,2.736,30.516,0.000,0.000,7.722,44.989,0.000,0.000,0.000,0.000,0.000,44.985,0.215,1.136,0.344,0.004,4.382,24.388,0.000,10.595,32.894,9.559,0.000,0.000,11415768,0,72.657,33.252,10.595,0.000,20,59,10216951058508844915,2739885970612024836,15214969696279841583,14202102775752510145,7359711841302740049,200000,0,0,0,102.441,automatic,parallelFullRefresh,none,incremental,fullAllCurrentEntries,notApplicable,0,8,33598,0,2.378,0.358,0.000,95500,13.173,2.736,automatic,parallelFullRefresh,none,incremental,fullAllCurrentEntries,notApplicable,0,8,194357,0,6.499,1.223,0.000,95829,16.809,7.722,automatic,parallelAssisted,none,incremental,notApplicable,incremental,0,5,1010,0,0.000,0.000,0.031,0,0.000,30.499,serialImmediate,serialImmediate,none,incremental,notApplicable,incremental,1,1,194357,0,0.000,0.000,0.000,0,0.000,44.985,automatic,parallelDirty,none,notApplicable,notApplicable,incremental,0,8,0,67951,0.000,0.000,0.000,0,0.000,10.595,dirtyRange,dirtyRange,none,notApplicable,notApplicable,incremental,1,1,0,40360,0.000,0.000,0.000,0,0.000,9.559
Data-Oriented CPU ROAM,RelWithDebInfo,OpenGL,NVIDIA GeForce RTX 5090 D/PCIe/SSE2,4.1.0 NVIDIA 591.86,false,assets/heightmaps/Hm_Terrain_Peking_513.png,547,547,80.000,12.000,20,0.250,0.100,200000,false,59,64,0.937,15.465,53.446,17.852,-22.529,268.638,199999,1610386,199997,14004,7137,14004,233963,199999,33634,4676,165578,0,62401,137598,38885,4677,0,0,0,8,154.693,221.722,109.685,8.131,2.886,24.076,0.000,0.000,7.800,32.134,0.000,0.000,0.000,0.000,0.000,32.129,0.182,0.970,0.290,0.004,3.894,18.678,0.000,9.309,25.348,9.520,0.000,0.000,10483368,0,55.285,26.962,9.309,0.000,20,60,11110992602936541075,17036585647265425869,9418645314513683138,8126031534685439648,726391118472711587,200000,0,0,0,102.166,automatic,parallelFullRefresh,none,incremental,fullAllCurrentEntries,notApplicable,0,8,33776,0,2.627,0.259,0.000,81554,9.979,2.886,automatic,parallelFullRefresh,none,incremental,fullAllCurrentEntries,notApplicable,0,8,195350,0,6.545,1.255,0.000,84024,12.941,7.800,automatic,parallelAssisted,none,incremental,notApplicable,incremental,0,5,881,0,0.000,0.000,0.038,0,0.000,24.056,serialImmediate,serialImmediate,none,incremental,notApplicable,incremental,1,1,195350,0,0.000,0.000,0.000,0,0.000,32.129,automatic,parallelDirty,none,notApplicable,notApplicable,incremental,0,8,0,62401,0.000,0.000,0.000,0,0.000,9.309,dirtyRange,dirtyRange,none,notApplicable,notApplicable,incremental,1,1,0,38885,0.000,0.000,0.000,0,0.000,9.520
Data-Oriented CPU ROAM,RelWithDebInfo,OpenGL,NVIDIA GeForce RTX 5090 D/PCIe/SSE2,4.1.0 NVIDIA 591.86,false,assets/heightmaps/Hm_Terrain_Peking_513.png,547,547,80.000,12.000,20,0.250,0.100,200000,false,60,64,0.952,15.701,55.423,18.310,-17.096,236.528,200000,1613714,199998,15077,7673,15076,233913,200000,33628,5205,178779,0,61088,138912,38471,5206,0,0,0,8,104.167,220.932,108.706,7.559,3.095,23.143,0.000,0.000,7.633,34.508,0.000,0.000,0.000,0.000,0.000,34.503,0.219,1.106,0.397,0.006,4.345,17.013,0.000,9.960,22.807,10.772,0.000,0.000,10262784,0,56.193,26.239,9.960,0.000,20,61,14925475483848614389,14069151452979917280,891199421083777342,5218615008927743311,9792374462707050516,200000,0,0,0,100.939,automatic,parallelFullRefresh,none,incremental,fullAllCurrentEntries,notApplicable,0,8,33634,0,2.721,0.374,0.000,88320,10.559,3.095,automatic,parallelFullRefresh,none,incremental,fullAllCurrentEntries,notApplicable,0,8,195338,0,6.120,1.513,0.000,90459,12.272,7.633,automatic,parallelAssisted,none,incremental,notApplicable,incremental,0,4,858,0,0.000,0.000,0.039,0,0.000,23.124,serialImmediate,serialImmediate,none,incremental,notApplicable,incremental,1,1,195338,0,0.000,0.000,0.000,0,0.000,34.503,automatic,parallelDirty,none,notApplicable,notApplicable,incremental,0,8,0,61088,0.000,0.000,0.000,0,0.000,9.960,dirtyRange,dirtyRange,none,notApplicable,notApplicable,incremental,1,1,0,38471,0.000,0.000,0.000,0,0.000,10.772
Data-Oriented CPU ROAM,RelWithDebInfo,OpenGL,NVIDIA GeForce RTX 5090 D/PCIe/SSE2,4.1.0 NVIDIA 591.86,false,assets/heightmaps/Hm_Terrain_Peking_513.png,547,547,80.000,12.000,20,0.250,0.100,200000,false,61,64,0.968,15.931,56.850,18.835,-11.492,229.786,200000,1616254,199998,15566,7957,15566,233818,200000,33577,5724,182543,0,64316,135684,39627,5725,0,0,0,8,195.003,233.653,116.274,8.463,2.764,25.697,0.000,0.000,7.303,34.321,0.000,0.000,0.000,0.000,0.000,34.316,0.191,0.894,0.353,0.005,3.153,21.033,0.000,10.051,27.674,9.211,0.000,0.000,10805088,0,59.901,28.462,10.051,0.000,20,62,16281842406765578862,14119568360212279838,14426469115822831624,2722030401704860053,14359339353071339021,200000,0,0,0,107.778,automatic,parallelFullRefresh,none,incremental,fullAllCurrentEntries,notApplicable,0,8,33628,0,2.384,0.381,0.000,89147,10.807,2.764,automatic,parallelFullRefresh,none,incremental,fullAllCurrentEntries,notApplicable,0,8,195859,0,6.110,1.192,0.000,93396,14.089,7.303,automatic,parallelAssisted,none,incremental,notApplicable,incremental,0,8,738,0,0.000,0.000,0.047,0,0.000,25.676,serialImmediate,serialImmediate,none,incremental,notApplicable,incremental,1,1,195859,0,0.000,0.000,0.000,0,0.000,34.316,automatic,parallelDirty,none,notApplicable,notApplicable,incremental,0,8,0,64316,0.000,0.000,0.000,0,0.000,10.051,dirtyRange,dirtyRange,none,notApplicable,notApplicable,incremental,1,1,0,39627,0.000,0.000,0.000,0,0.000,9.211
Data-Oriented CPU ROAM,RelWithDebInfo,OpenGL,NVIDIA GeForce RTX 5090 D/PCIe/SSE2,4.1.0 NVIDIA 591.86,false,assets/heightmaps/Hm_Terrain_Peking_513.png,547,547,80.000,12.000,20,0.250,0.100,200000,false,62,64,0.984,16.181,57.712,19.406,-5.775,250.004,199999,1618198,199997,15774,8075,15775,233768,199999,33552,6164,184632,0,65506,134493,39871,6165,0,0,0,8,147.333,232.648,125.176,8.148,2.922,28.785,0.000,0.000,7.639,38.009,0.000,0.000,0.000,0.000,0.000,38.005,0.174,0.783,0.262,0.006,2.749,24.754,0.000,12.619,27.053,9.791,0.000,0.000,11005008,0,68.253,31.708,12.619,0.000,20,63,17076166320377846482,17556954218125128268,10514257532688027711,2882623353378495332,7629037389415132472,200000,0,0,0,97.105,automatic,parallelFullRefresh,none,incremental,fullAllCurrentEntries,notApplicable,0,8,33577,0,2.553,0.369,0.000,89985,10.845,2.922,automatic,parallelFullRefresh,none,incremental,fullAllCurrentEntries,notApplicable,0,8,196570,0,6.024,1.615,0.000,94647,16.802,7.639,automatic,parallelAssisted,none,incremental,notApplicable,incremental,0,7,622,0,0.000,0.000,0.041,0,0.000,28.768,serialImmediate,serialImmediate,none,incremental,notApplicable,incremental,1,1,196570,0,0.000,0.000,0.000,0,0.000,38.005,automatic,parallelDirty,none,notApplicable,notApplicable,incremental,0,8,0,65506,0.000,0.000,0.000,0,0.000,12.619,dirtyRange,dirtyRange,none,notApplicable,notApplicable,incremental,1,1,0,39871,0.000,0.000,0.000,0,0.000,9.791
Data-Oriented CPU ROAM,RelWithDebInfo,OpenGL,NVIDIA GeForce RTX 5090 D/PCIe/SSE2,4.1.0 NVIDIA 591.86,false,assets/heightmaps/Hm_Terrain_Peking_513.png,547,547,80.000,12.000,20,0.250,0.100,200000,false,63,64,1.000,16.429,58.000,20.000,0.000,247.393,199999,1618198,199997,14236,7228,14236,233858,199999,33558,5846,169606,0,62158,137841,38941,5847,0,0,0,8,147.863,220.320,111.884,7.311,2.752,23.267,0.000,0.000,7.720,33.045,0.000,0.000,0.000,0.000,0.000,33.042,0.119,0.610,0.215,0.004,2.566,19.479,0.000,9.653,28.135,8.889,0.000,0.000,10442544,0,58.604,26.018,9.653,0.000,20,64,2230507883642709571,5977180557121830227,17573036779925616676,14568819671399765506,5677462786853086169,200000,0,0,0,99.188,automatic,parallelFullRefresh,none,incremental,fullAllCurrentEntries,notApplicable,0,8,33552,0,2.388,0.363,0.000,84190,10.504,2.752,automatic,parallelFullRefresh,none,incremental,fullAllCurrentEntries,notApplicable,0,8,197480,0,6.082,1.638,0.000,85416,11.772,7.720,automatic,parallelAssisted,none,incremental,notApplicable,incremental,0,5,477,0,0.000,0.000,0.039,0,0.000,23.034,serialImmediate,serialImmediate,none,incremental,notApplicable,incremental,1,1,197480,0,0.000,0.000,0.000,0,0.000,33.042,automatic,parallelDirty,none,notApplicable,notApplicable,incremental,0,8,0,62158,0.000,0.000,0.000,0,0.000,9.653,dirtyRange,dirtyRange,none,notApplicable,notApplicable,incremental,1,1,0,38941,0.000,0.000,0.000,0,0.000,8.889
