algorithm,buildConfiguration,graphicsBackend,graphicsAdapter,graphicsVersion,vSyncEnabled,heightMapPath,heightMapWidth,heightMapHeight,terrainSize,heightScale,maxDepthSetting,screenSpaceSplitThresholdPixels,screenSpaceMergeThresholdPixels,triangleBudget,dodParallelSplitEnabled,pathSampleIndex,pathSampleCount,pathProgress,timeSeconds,cameraX,cameraY,cameraZ,frameMilliseconds,triangles,nodes,activeSplits,splits,forcedSplits,merges,candidatePeak,persistentSplitQueueSize,persistentMergeQueueSize,queueCrossoverCount,queueMembershipUpdateCount,cpuMeshFullRebuildCount,cpuMeshUpdatedTriangleCount,cpuMeshReusedTriangleCount,cpuMeshDirtyRangeCount,budgetRejectedSplits,tjunctions,invalidNeighbors,invalidTopology,cpuWorkers,cpuUtilizationPercent,lodTotalMilliseconds,cpuUpdateMilliseconds,cpuPrepareMilliseconds,cpuMergeCandidateMarkMilliseconds,cpuMergeTopologyMilliseconds,cpuBudgetLeafCollectMilliseconds,cpuErrorEvalMilliseconds,cpuSplitCandidateMarkMilliseconds,cpuSplitTopologyMilliseconds,cpuSplitTopologyChunkBuildMilliseconds,cpuSplitTopologyQueueInvalidationMilliseconds,cpuSplitTopologyParallelCommitMilliseconds,cpuSplitTopologyResultMergeMilliseconds,cpuSplitTopologyIndexQueueRefreshMilliseconds,cpuSplitTopologySerialConvergenceMilliseconds,cpuMergeTopologyChunkBuildMilliseconds,cpuMergeTopologyQueueInvalidationMilliseconds,cpuMergeTopologyParallelCommitMilliseconds,cpuMergeTopologyResultMergeMilliseconds,cpuMergeTopologyIndexQueueRefreshMilliseconds,cpuMergeTopologySerialConvergenceMilliseconds,cpuFinalLeafCollectMilliseconds,cpuMeshEmitMilliseconds,cpuFinalizeMilliseconds,cpuUploadMilliseconds,frameFenceWaitMilliseconds,renderMilliseconds,cpuGpuUploadBytes,cpuGpuReadbackBytes,splitMilliseconds,mergeMilliseconds,emitMilliseconds,validateMilliseconds,maxDepthReached,buildSequence,replayInputHash,topologyHash,activeLeafHash,meshHash,normalizedMeshHash,evidenceTriangleBudget,budgetViolationCount,queueInvariantViolationCount,resourceValidationFailureCount,passEvidenceMilliseconds,pass_mergeScoreRequestedAction,pass_mergeScoreEffectiveAction,pass_mergeScoreFallbackReason,pass_mergeScoreMembershipUpdate,pass_mergeScorePriorityRefresh,pass_mergeScoreDataUpdate,pass_mergeScoreRequestedWorkerCount,pass_mergeScoreEffectiveWorkerCount,pass_mergeScoreCandidateCount,pass_mergeScoreDirtyItemCount,pass_mergeScoreWallMs,pass_splitScoreRequestedAction,pass_splitScoreEffectiveAction,pass_splitScoreFallbackReason,pass_splitScoreMembershipUpdate,pass_splitScorePriorityRefresh,pass_splitScoreDataUpdate,pass_splitScoreRequestedWorkerCount,pass_splitScoreEffectiveWorkerCount,pass_splitScoreCandidateCount,pass_splitScoreDirtyItemCount,pass_splitScoreWallMs,pass_mergeTopologyRequestedAction,pass_mergeTopologyEffectiveAction,pass_mergeTopologyFallbackReason,pass_mergeTopologyMembershipUpdate,pass_mergeTopologyPriorityRefresh,pass_mergeTopologyDataUpdate,pass_mergeTopologyRequestedWorkerCount,pass_mergeTopologyEffectiveWorkerCount,pass_mergeTopologyCandidateCount,pass_mergeTopologyDirtyItemCount,pass_mergeTopologyWallMs,pass_splitTopologyRequestedAction,pass_splitTopologyEffectiveAction,pass_splitTopologyFallbackReason,pass_splitTopologyMembershipUpdate,pass_splitTopologyPriorityRefresh,pass_splitTopologyDataUpdate,pass_splitTopologyRequestedWorkerCount,pass_splitTopologyEffectiveWorkerCount,pass_splitTopologyCandidateCount,pass_splitTopologyDirtyItemCount,pass_splitTopologyWallMs,pass_meshEmitRequestedAction,pass_meshEmitEffectiveAction,pass_meshEmitFallbackReason,pass_meshEmitMembershipUpdate,pass_meshEmitPriorityRefresh,pass_meshEmitDataUpdate,pass_meshEmitRequestedWorkerCount,pass_meshEmitEffectiveWorkerCount,pass_meshEmitCandidateCount,pass_meshEmitDirtyItemCount,pass_meshEmitWallMs,pass_cpuUploadRequestedAction,pass_cpuUploadEffectiveAction,pass_cpuUploadFallbackReason,pass_cpuUploadMembershipUpdate,pass_cpuUploadPriorityRefresh,pass_cpuUploadDataUpdate,pass_cpuUploadRequestedWorkerCount,pass_cpuUploadEffectiveWorkerCount,pass_cpuUploadCandidateCount,pass_cpuUploadDirtyItemCount,pass_cpuUploadWallMs
Classic CPU ROAM,RelWithDebInfo,OpenGL,NVIDIA GeForce RTX 5090 D/PCIe/SSE2,4.1.0 NVIDIA 591.86,false,assets/heightmaps/Hm_Terrain_Peking_513.png,547,547,80.000,12.000,20,0.250,0.100,200000,false,0,64,0.000,0.000,58.000,20.000,0.000,97.523,200000,399998,199998,199998,99941,0,233559,200000,33559,0,1369743,1,200000,0,1,796,0,0,0,1,100.034,831.376,671.307,94.980,0.000,0.000,0.000,0.000,0.001,355.306,0.000,0.000,0.000,0.000,0.000,355.306,0.000,0.000,0.000,0.000,0.000,0.000,0.000,152.194,68.825,3.516,0.000,0.000,33600000,0,355.307,0.000,152.194,0.000,20,1,11070259552394042318,7588432357280601828,4475650156416630638,220946018676980248,18112605446491640586,200000,0,0,0,156.487,automatic,serialFullRefresh,noWork,incremental,fullAllCurrentEntries,notApplicable,1,0,0,0,0.000,automatic,serialFullRefresh,none,incremental,fullAllCurrentEntries,notApplicable,1,1,2,0,0.001,automatic,serialImmediate,noWork,incremental,notApplicable,incremental,1,0,0,0,0.000,automatic,serialImmediate,none,incremental,notApplicable,incremental,1,1,2,0,355.306,automatic,serialDirty,none,notApplicable,notApplicable,full,1,1,0,200000,152.194,fullBuffer,fullBuffer,none,notApplicable,notApplicable,full,1,1,0,1,3.516
Classic CPU ROAM,RelWithDebInfo,OpenGL,NVIDIA GeForce RTX 5090 D/PCIe/SSE2,4.1.0 NVIDIA 591.86,false,assets/heightmaps/Hm_Terrain_Peking_513.png,547,547,80.000,12.000,20,0.250,0.100,200000,false,1,64,0.016,0.843,57.712,20.594,5.775,842.884,200000,427218,199998,13610,6871,13610,233748,200000,33615,5943,158530,0,200000,0,1,4214,0,0,0,1,101.357,358.496,197.662,7.032,14.718,17.764,0.000,0.000,40.943,27.563,0.000,0.000,0.000,0.000,0.000,27.563,0.000,0.000,0.000,0.000,0.000,0.000,0.000,34.107,55.533,3.915,0.000,0.000,33600000,0,68.507,32.482,34.107,0.000,20,2,17589441392987210894,5676548594320867845,10548495358431706607,2033869471460259257,16296112369851061948,200000,0,0,0,156.855,automatic,serialFullRefresh,none,incremental,fullAllCurrentEntries,notApplicable,1,1,33559,0,14.718,automatic,serialFullRefresh,none,incremental,fullAllCurrentEntries,notApplicable,1,1,200000,0,40.943,automatic,serialImmediate,none,incremental,notApplicable,incremental,1,1,33559,0,17.764,automatic,serialImmediate,none,incremental,notApplicable,incremental,1,1,200000,0,27.563,automatic,serialDirty,none,notApplicable,notApplicable,incremental,1,1,0,200000,34.107,dirtyRange,dirtyRange,none,notApplicable,notApplicable,incremental,1,1,0,1,3.915
Classic CPU ROAM,RelWithDebInfo,OpenGL,NVIDIA GeForce RTX 5090 D/PCIe/SSE2,4.1.0 NVIDIA 591.86,false,assets/heightmaps/Hm_Terrain_Peking_513.png,547,547,80.000,12.000,20,0.250,0.100,200000,false,2,64,0.032,1.209,56.850,21.165,11.492,365.886,200000,455332,199998,14461,7346,14461,233842,200000,33715,4236,171124,0,57287,142713,16130,3417,0,0,0,1,97.502,356.959,192.599,8.339,15.377,17.635,0.000,0.000,42.029,31.307,0.000,0.000,0.000,0.000,0.000,31.307,0.000,0.000,0.000,0.000,0.000,0.000,0.000,21.958,55.951,4.357,0.000,0.000,9624216,0,73.337,33.012,21.958,0.000,20,3,15641709142241550247,5961076052088102992,16527254313496818514,6724886879837742002,16258003530702147075,200000,0,0,0,159.881,automatic,serialFullRefresh,none,incremental,fullAllCurrentEntries,notApplicable,1,1,33615,0,15.377,automatic,serialFullRefresh,none,incremental,fullAllCurrentEntries,notApplicable,1,1,200000,0,42.029,automatic,serialImmediate,none,incremental,notApplicable,incremental,1,1,33615,0,17.635,automatic,serialImmediate,none,incremental,notApplicable,incremental,1,1,200000,0,31.307,automatic,serialDirty,none,notApplicable,notApplicable,incremental,1,1,0,57287,21.958,dirtyRange,dirtyRange,none,notApplicable,notApplicable,incremental,1,1,0,16130,4.357
Classic CPU ROAM,RelWithDebInfo,OpenGL,NVIDIA GeForce RTX 5090 D/PCIe/SSE2,4.1.0 NVIDIA 591.86,false,assets/heightmaps/Hm_Terrain_Peking_513.png,547,547,80.000,12.000,20,0.250,0.100,200000,false,3,64,0.048,1.571,55.423,21.690,17.096,362.685,200000,484580,199998,15341,7854,15341,234092,200000,33927,3881,183466,0,59267,140733,17276,2345,0,0,0,1,98.407,353.841,192.083,8.220,14.568,17.749,0.000,0.000,41.297,33.580,0.000,0.000,0.000,0.000,0.000,33.580,0.000,0.000,0.000,0.000,0.000,0.000,0.000,22.776,53.891,4.480,0.000,0.000,9956856,0,74.877,32.317,22.776,0.000,20,4,10481373495733781060,7783645792805644058,10169010371920852236,15164778180041910628,3893915685971796344,200000,0,0,0,157.149,automatic,serialFullRefresh,none,incremental,fullAllCurrentEntries,notApplicable,1,1,33715,0,14.568,automatic,serialFullRefresh,none,incremental,fullAllCurrentEntries,notApplicable,1,1,200000,0,41.297,automatic,serialImmediate,none,incremental,notApplicable,incremental,1,1,33715,0,17.749,automatic,serialImmediate,none,incremental,notApplicable,incremental,1,1,200000,0,33.580,automatic,serialDirty,none,notApplicable,notApplicable,incremental,1,1,0,59267,22.776,dirtyRange,dirtyRange,none,notApplicable,notApplicable,incremental,1,1,0,17276,4.480
Classic CPU ROAM,RelWithDebInfo,OpenGL,NVIDIA GeForce RTX 5090 D/PCIe/SSE2,4.1.0 NVIDIA 591.86,false,assets/heightmaps/Hm_Terrain_Peking_513.png,547,547,80.000,12.000,20,0.250,0.100,200000,false,4,64,0.063,1.931,53.446,22.148,22.529,359.739,200000,515876,199998,16557,8422,16557,234322,200000,34140,4242,200383,0,60474,139526,17356,2090,0,0,0,1,100.680,361.300,198.266,8.245,14.790,19.040,0.000,0.000,41.825,35.482,0.000,0.000,0.000,0.000,0.000,35.482,0.000,0.000,0.000,0.000,0.000,0.000,0.000,24.582,54.299,4.304,0.000,0.000,10159632,0,77.308,33.830,24.582,0.000,20,5,2269565761798755136,5476619637919345177,6867597602109571887,11864242824289070427,11684388553975355323,200000,0,0,0,158.598,automatic,serialFullRefresh,none,incremental,fullAllCurrentEntries,notApplicable,1,1,33927,0,14.790,automatic,serialFullRefresh,none,incremental,fullAllCurrentEntries,notApplicable,1,1,200000,0,41.825,automatic,serialImmediate,none,incremental,notApplicable,incremental,1,1,33927,0,19.040,automatic,serialImmediate,none,incremental,notApplicable,incremental,1,1,200000,0,35.482,automatic,serialDirty,none,notApplicable,notApplicable,incremental,1,1,0,60474,24.582,dirtyRange,dirtyRange,none,notApplicable,notApplicable,incremental,1,1,0,17356,4.304
Classic CPU ROAM,RelWithDebInfo,OpenGL,NVIDIA GeForce RTX 5090 D/PCIe/SSE2,4.1.0 NVIDIA 591.86,false,assets/heightmaps/Hm_Terrain_Peking_513.png,547,547,80.000,12.000,20,0.250,0.100,200000,false,5,64,0.079,2.298,50.937,22.520,27.739,366.876,200000,545954,199998,16443,8347,16443,234477,200000,34173,3967,195671,0,60671,139329,18051,1110,0,0,0,1,101.365,359.052,197.120,8.228,14.837,18.874,0.000,0.000,41.668,34.810,0.000,0.000,0.000,0.000,0.000,34.810,0.000,0.000,0.000,0.000,0.000,0.000,0.000,24.620,54.081,4.467,0.000,0.000,10192728,0,76.478,33.711,24.620,0.000,20,6,7909391879053513476,2504589822901756120,6770990170278849198,10093601637157656392,9059139974614888873,200000,0,0,0,157.325,automatic,serialFullRefresh,none,incremental,fullAllCurrentEntries,notApplicable,1,1,34140,0,14.837,automatic,serialFullRefresh,none,incremental,fullAllCurrentEntries,notApplicable,1,1,200000,0,41.668,automatic,serialImmediate,none,incremental,notApplicable,incremental,1,1,34140,0,18.874,automatic,serialImmediate,none,incremental,notApplicable,incremental,1,1,200000,0,34.810,automatic,serialDirty,none,notApplicable,notApplicable,incremental,1,1,0,60671,24.620,dirtyRange,dirtyRange,none,notApplicable,notApplicable,incremental,1,1,0,18051,4.467
Classic CPU ROAM,RelWithDebInfo,OpenGL,NVIDIA GeForce RTX 5090 D/PCIe/SSE2,4.1.0 NVIDIA 591.86,false,assets/heightmaps/Hm_Terrain_Peking_513.png,547,547,80.000,12.000,20,0.250,0.100,200000,false,6,64,0.095,2.663,47.922,22.793,32.673,364.603,200000,573734,199998,15473,7848,15473,234509,200000,34107,4324,183782,0,60188,139812,18610,2455,0,0,0,1,98.117,355.014,192.521,7.166,14.905,17.935,0.000,0.000,41.625,32.574,0.000,0.000,0.000,0.000,0.000,32.574,0.000,0.000,0.000,0.000,0.000,0.000,0.000,23.933,54.383,4.620,0.000,0.000,10111584,0,74.199,32.839,23.933,0.000,20,7,16234258946115825067,18016422774971089556,5595370295677071714,1887302360835562973,16791176934949813065,200000,0,0,0,157.744,automatic,serialFullRefresh,none,incremental,fullAllCurrentEntries,notApplicable,1,1,34173,0,14.905,automatic,serialFullRefresh,none,incremental,fullAllCurrentEntries,notApplicable,1,1,200000,0,41.625,automatic,serialImmediate,none,incremental,notApplicable,incremental,1,1,34173,0,17.935,automatic,serialImmediate,none,incremental,notApplicable,incremental,1,1,200000,0,32.574,automatic,serialDirty,none,notApplicable,notApplicable,incremental,1,1,0,60188,23.933,dirtyRange,dirtyRange,none,notApplicable,notApplicable,incremental,1,1,0,18610,4.620
Classic CPU ROAM,RelWithDebInfo,OpenGL,NVIDIA GeForce RTX 5090 D/PCIe/SSE2,4.1.0 NVIDIA 591.86,false,assets/heightmaps/Hm_Terrain_Peking_513.png,547,547,80.000,12.000,20,0.250,0.100,200000,false,7,64,0.111,3.024,44.431,22.954,37.282,361.304,200000,601084,199998,15848,8037,15848,234498,200000,34174,5324,189925,0,61733,138267,19821,1978,0,0,0,1,97.298,358.233,194.837,7.172,14.862,19.347,0.000,0.000,41.679,32.937,0.000,0.000,0.000,0.000,0.000,32.937,0.000,0.000,0.000,0.000,0.000,0.000,0.000,24.135,54.703,4.885,0.000,0.000,10371144,0,74.616,34.208,24.135,0.000,20,8,12967583310070822658,7783257179921695138,15440299088060168580,17719311066879858208,4013228348692373109,200000,0,0,0,158.378,automatic,serialFullRefresh,none,incremental,fullAllCurrentEntries,notApplicable,1,1,34107,0,14.862,automatic,serialFullRefresh,none,incremental,fullAllCurrentEntries,notApplicable,1,1,200000,0,41.679,automatic,serialImmediate,none,incremental,notApplicable,incremental,1,1,34107,0,19.347,automatic,serialImmediate,none,incremental,notApplicable,incremental,1,1,200000,0,32.937,automatic,serialDirty,none,notApplicable,notApplicable,incremental,1,1,0,61733,24.135,dirtyRange,dirtyRange,none,notApplicable,notApplicable,incremental,1,1,0,19821,4.885
Classic CPU ROAM,RelWithDebInfo,OpenGL,NVIDIA GeForce RTX 5090 D/PCIe/SSE2,4.1.0 NVIDIA 591.86,false,assets/heightmaps/Hm_Terrain_Peking_513.png,547,547,80.000,12.000,20,0.250,0.100,200000,false,8,64,0.127,3.389,40.498,22.999,41.520,364.991,200000,627902,199998,16041,8141,16041,234356,200000,34197,6160,186703,0,64076,135924,21380,3283,0,0,0,1,101.955,372.988,203.010,7.540,14.886,21.417,0.000,0.000,43.105,33.033,0.000,0.000,0.000,0.000,0.000,33.033,0.000,0.000,0.000,0.000,0.000,0.000,0.000,25.856,57.170,5.125,0.000,0.000,10764768,0,76.138,36.303,25.856,0.000,20,9,2735297262543734599,5135072663637782232,15116215542321801954,1656205033384040152,7512965574802719500,200000,0,0,0,164.704,automatic,serialFullRefresh,none,incremental,fullAllCurrentEntries,notApplicable,1,1,34174,0,14.886,automatic,serialFullRefresh,none,incremental,fullAllCurrentEntries,notApplicable,1,1,200000,0,43.105,automatic,serialImmediate,none,incremental,notApplicable,incremental,1,1,34174,0,21.417,automatic,serialImmediate,none,incremental,notApplicable,incremental,1,1,200000,0,33.033,automatic,serialDirty,none,notApplicable,notApplicable,incremental,1,1,0,64076,25.856,dirtyRange,dirtyRange,none,notApplicable,notApplicable,incremental,1,1,0,21380,5.125
Classic CPU ROAM,RelWithDebInfo,OpenGL,NVIDIA GeForce RTX 5090 D/PCIe/SSE2,4.1.0 NVIDIA 591.86,false,assets/heightmaps/Hm_Terrain_Peking_513.png,547,547,80.000,12.000,20,0.250,0.100,200000,false,9,64,0.143,3.768,36.162,22.925,45.346,379.389,200000,654594,199998,16361,8241,16361,234311,200000,34044,6795,189921,0,65256,134744,22114,4015,0,0,0,1,101.801,389.089,209.494,7.393,15.527,22.691,0.000,0.000,43.311,33.594,0.000,0.000,0.000,0.000,0.000,33.594,0.000,0.000,0.000,0.000,0.000,0.000,0.000,26.805,60.172,5.319,0.000,0.000,10963008,0,76.905,38.218,26.805,0.000,20,10,6261970416352903012,7476314301335915409,1773988661892439131,15736429493067664842,5990875151958568208,200000,0,0,0,174.112,automatic,serialFullRefresh,none,incremental,fullAllCurrentEntries,notApplicable,1,1,34197,0,15.527,automatic,serialFullRefresh,none,incremental,fullAllCurrentEntries,notApplicable,1,1,200000,0,43.311,automatic,serialImmediate,none,incremental,notApplicable,incremental,1,1,34197,0,22.691,automatic,serialImmediate,none,incremental,notApplicable,incremental,1,1,200000,0,33.594,automatic,serialDirty,none,notApplicable,notApplicable,incremental,1,1,0,65256,26.805,dirtyRange,dirtyRange,none,notApplicable,notApplicable,incremental,1,1,0,22114,5.319
Classic CPU ROAM,RelWithDebInfo,OpenGL,NVIDIA GeForce RTX 5090 D/PCIe/SSE2,4.1.0 NVIDIA 591.86,false,assets/heightmaps/Hm_Terrain_Peking_513.png,547,547,80.000,12.000,20,0.250,0.100,200000,false,10,64,0.159,4.164,31.468,22.735,48.722,396.020,200000,678674,199998,15540,7903,15540,234064,200000,33859,6816,182869,0,65340,134660,22436,3381,0,0,0,1,98.679,386.220,209.950,8.143,15.749,22.680,0.000,0.000,44.090,32.442,0.000,0.000,0.000,0.000,0.000,32.442,0.000,0.000,0.000,0.000,0.000,0.000,0.000,25.638,61.206,6.144,0.000,0.000,10977120,0,76.532,38.429,25.638,0.000,20,11,16696731375890755536,11966640825832472449,2936329696377599435,4770062035309081603,3236808997738095582,200000,0,0,0,169.983,automatic,serialFullRefresh,none,incremental,fullAllCurrentEntries,notApplicable,1,1,34044,0,15.749,automatic,serialFullRefresh,none,incremental,fullAllCurrentEntries,notApplicable,1,1,200000,0,44.090,automatic,serialImmediate,none,incremental,notApplicable,incremental,1,1,34044,0,22.680,automatic,serialImmediate,none,incremental,notApplicable,incremental,1,1,200000,0,32.442,automatic,serialDirty,none,notApplicable,notApplicable,incremental,1,1,0,65340,25.638,dirtyRange,dirtyRange,none,notApplicable,notApplicable,incremental,1,1,0,22436,6.144
Classic CPU ROAM,RelWithDebInfo,OpenGL,NVIDIA GeForce RTX 5090 D/PCIe/SSE2,4.1.0 NVIDIA 591.86,false,assets/heightmaps/Hm_Terrain_Peking_513.png,547,547,80.000,12.000,20,0.250,0.100,200000,false,11,64,0.175,4.557,26.460,22.436,51.613,393.073,200000,700598,199998,14497,7420,14497,233892,200000,33757,5778,170854,0,62969,137031,22247,2149,0,0,0,1,99.804,365.370,200.314,7.701,15.369,20.892,0.000,0.000,42.973,31.819,0.000,0.000,0.000,0.000,0.000,31.819,0.000,0.000,0.000,0.000,0.000,0.000,0.000,24.715,56.843,5.233,0.000,0.000,10578792,0,74.792,36.261,24.715,0.000,20,12,15156380509271606851,12340233750888763166,7252207091668294264,18372975826048541638,4208975477519361793,200000,0,0,0,159.661,automatic,serialFullRefresh,none,incremental,fullAllCurrentEntries,notApplicable,1,1,33859,0,15.369,automatic,serialFullRefresh,none,incremental,fullAllCurrentEntries,notApplicable,1,1,200000,0,42.973,automatic,serialImmediate,none,incremental,notApplicable,incremental,1,1,33859,0,20.892,automatic,serialImmediate,none,incremental,notApplicable,incremental,1,1,200000,0,31.819,automatic,serialDirty,none,notApplicable,notApplicable,incremental,1,1,0,62969,24.715,dirtyRange,dirtyRange,none,notApplicable,notApplicable,incremental,1,1,0,22247,5.233
Classic CPU ROAM,RelWithDebInfo,OpenGL,NVIDIA GeForce RTX 5090 D/PCIe/SSE2,4.1.0 NVIDIA 591.86,false,assets/heightmaps/Hm_Terrain_Peking_513.png,547,547,80.000,12.000,20,0.250,0.100,200000,false,12,64,0.190,4.929,21.190,22.041,53.991,372.026,200000,721738,199998,14366,7329,14366,233943,200000,33694,5388,170215,0,59658,140342,21759,2583,0,0,0,1,98.550,354.037,188.151,7.593,13.294,19.010,0.000,0.000,41.684,29.337,0.000,0.000,0.000,0.000,0.000,29.337,0.000,0.000,0.000,0.000,0.000,0.000,0.000,22.564,54.667,5.175,0.000,0.000,10022544,0,71.021,32.304,22.564,0.000,20,13,9413489617332019322,7985901360231321369,1171555780814262575,5796067217651964906,13209847332320952565,200000,0,0,0,160.568,automatic,serialFullRefresh,none,incremental,fullAllCurrentEntries,notApplicable,1,1,33757,0,13.294,automatic,serialFullRefresh,none,incremental,fullAllCurrentEntries,notApplicable,1,1,200000,0,41.684,automatic,serialImmediate,none,incremental,notApplicable,incremental,1,1,33757,0,19.010,automatic,serialImmediate,none,incremental,notApplicable,incremental,1,1,200000,0,29.337,automatic,serialDirty,none,notApplicable,notApplicable,incremental,1,1,0,59658,22.564,dirtyRange,dirtyRange,none,notApplicable,notApplicable,incremental,1,1,0,21759,5.175
Classic CPU ROAM,RelWithDebInfo,OpenGL,NVIDIA GeForce RTX 5090 D/PCIe/SSE2,4.1.0 NVIDIA 591.86,false,assets/heightmaps/Hm_Terrain_Peking_513.png,547,547,80.000,12.000,20,0.250,0.100,200000,false,13,64,0.206,5.290,15.709,21.564,55.832,360.863,200000,745076,199998,15353,7804,15353,233853,200000,33627,5584,178533,0,61486,138514,22564,2689,0,0,0,1,100.656,362.360,194.842,7.827,14.634,20.029,0.000,0.000,41.988,31.030,0.000,0.000,0.000,0.000,0.000,31.030,0.000,0.000,0.000,0.000,0.000,0.000,0.000,23.763,55.569,5.270,0.000,0.000,10329648,0,73.019,34.663,23.763,0.000,20,14,11847623239227662375,16290827925674946331,11927697215920248553,7295109318311684051,1284541679729744499,200000,0,0,0,162.078,automatic,serialFullRefresh,none,incremental,fullAllCurrentEntries,notApplicable,1,1,33694,0,14.634,automatic,serialFullRefresh,none,incremental,fullAllCurrentEntries,notApplicable,1,1,200000,0,41.988,automatic,serialImmediate,none,incremental,notApplicable,incremental,1,1,33694,0,20.029,automatic,serialImmediate,none,incremental,notApplicable,incremental,1,1,200000,0,31.030,automatic,serialDirty,none,notApplicable,notApplicable,incremental,1,1,0,61486,23.763,dirtyRange,dirtyRange,none,notApplicable,notApplicable,incremental,1,1,0,22564,5.270
Classic CPU ROAM,RelWithDebInfo,OpenGL,NVIDIA GeForce RTX 5090 D/PCIe/SSE2,4.1.0 NVIDIA 591.86,false,assets/heightmaps/Hm_Terrain_Peking_513.png,547,547,80.000,12.000,20,0.250,0.100,200000,false,14,64,0.222,5.660,10.072,21.026,57.119,369.527,200000,770362,199998,16206,8304,16206,233908,200000,33565,5787,188492,0,64786,135214,23432,3054,0,0,0,1,99.992,364.949,198.068,7.565,14.650,20.824,0.000,0.000,42.074,32.986,0.000,0.000,0.000,0.000,0.000,32.986,0.000,0.000,0.000,0.000,0.000,0.000,0.000,25.321,54.646,5.490,0.000,0.000,10884048,0,75.061,35.474,25.321,0.000,20,15,7461145220285704044,12144965187181402796,5113406298481224610,14303990471150527108,6101665858607488865,200000,0,0,0,161.237,automatic,serialFullRefresh,none,incremental,fullAllCurrentEntries,notApplicable,1,1,33627,0,14.650,automatic,serialFullRefresh,none,incremental,fullAllCurrentEntries,notApplicable,1,1,200000,0,42.074,automatic,serialImmediate,none,incremental,notApplicable,incremental,1,1,33627,0,20.824,automatic,serialImmediate,none,incremental,notApplicable,incremental,1,1,200000,0,32.986,automatic,serialDirty,none,notApplicable,notApplicable,incremental,1,1,0,64786,25.321,dirtyRange,dirtyRange,none,notApplicable,notApplicable,incremental,1,1,0,23432,5.490
Classic CPU ROAM,RelWithDebInfo,OpenGL,NVIDIA GeForce RTX 5090 D/PCIe/SSE2,4.1.0 NVIDIA 591.86,false,assets/heightmaps/Hm_Terrain_Peking_513.png,547,547,80.000,12.000,20,0.250,0.100,200000,false,15,64,0.238,6.033,4.334,20.447,57.838,373.105,200000,795986,199998,16399,8303,16399,233659,200000,33433,5579,189692,0,65492,134508,23389,3387,0,0,0,1,102.987,369.665,202.240,8.976,14.696,21.218,0.000,0.000,42.649,33.258,0.000,0.000,0.000,0.000,0.000,33.258,0.000,0.000,0.000,0.000,0.000,0.000,0.000,25.766,55.674,5.489,0.000,0.000,11002656,0,75.908,35.915,25.766,0.000,20,16,14440708631292506924,6670645994453464754,9504741384652833372,13441994835025162607,18194931384376558163,200000,0,0,0,161.788,automatic,serialFullRefresh,none,incremental,fullAllCurrentEntries,notApplicable,1,1,33565,0,14.696,automatic,serialFullRefresh,none,incremental,fullAllCurrentEntries,notApplicable,1,1,200000,0,42.649,automatic,serialImmediate,none,incremental,notApplicable,incremental,1,1,33565,0,21.218,automatic,serialImmediate,none,incremental,notApplicable,incremental,1,1,200000,0,33.258,automatic,serialDirty,none,notApplicable,notApplicable,incremental,1,1,0,65492,25.766,dirtyRange,dirtyRange,none,notApplicable,notApplicable,incremental,1,1,0,23389,5.489
Classic CPU ROAM,RelWithDebInfo,OpenGL,NVIDIA GeForce RTX 5090 D/PCIe/SSE2,4.1.0 NVIDIA 591.86,false,assets/heightmaps/Hm_Terrain_Peking_513.png,547,547,80.000,12.000,20,0.250,0.100,200000,false,16,64,0.254,6.410,-1.446,19.850,57.982,376.823,200000,822450,199998,15856,7931,15856,233705,200000,33504,5256,187341,0,63732,136268,23059,2434,0,0,0,1,103.027,369.447,199.390,7.772,14.614,20.012,0.000,0.000,42.670,33.276,0.000,0.000,0.000,0.000,0.000,33.276,0.000,0.000,0.000,0.000,0.000,0.000,0.000,24.833,56.212,5.410,0.000,0.000,10706976,0,75.945,34.626,24.833,0.000,20,17,2600079158189563807,3505936785992697936,13213597493490085694,13492103954664496713,4457614681459694059,200000,0,0,0,164.408,automatic,serialFullRefresh,none,incremental,fullAllCurrentEntries,notApplicable,1,1,33433,0,14.614,automatic,serialFullRefresh,none,incremental,fullAllCurrentEntries,notApplicable,1,1,200000,0,42.670,automatic,serialImmediate,none,incremental,notApplicable,incremental,1,1,33433,0,20.012,automatic,serialImmediate,none,incremental,notApplicable,incremental,1,1,200000,0,33.276,automatic,serialDirty,none,notApplicable,notApplicable,incremental,1,1,0,63732,24.833,dirtyRange,dirtyRange,none,notApplicable,notApplicable,incremental,1,1,0,23059,5.410
Classic CPU ROAM,RelWithDebInfo,OpenGL,NVIDIA GeForce RTX 5090 D/PCIe/SSE2,4.1.0 NVIDIA 591.86,false,assets/heightmaps/Hm_Terrain_Peking_513.png,547,547,80.000,12.000,20,0.250,0.100,200000,false,17,64,0.270,6.786,-7.212,19.260,57.550,376.562,200000,847026,199998,14299,7231,14299,233572,200000,33442,5127,167228,0,61081,138919,22445,2484,0,0,0,1,98.403,370.416,197.282,7.633,13.356,19.508,0.000,0.000,42.857,31.630,0.000,0.000,0.000,0.000,0.000,31.630,0.000,0.000,0.000,0.000,0.000,0.000,0.000,27.136,55.159,5.154,0.000,0.000,10261608,0,74.487,32.865,27.136,0.000,20,18,15256805097710554068,2619533410868196136,5496134482746366190,13034177524068930537,9393088654783457509,200000,0,0,0,167.746,automatic,serialFullRefresh,none,incremental,fullAllCurrentEntries,notApplicable,1,1,33504,0,13.356,automatic,serialFullRefresh,none,incremental,fullAllCurrentEntries,notApplicable,1,1,200000,0,42.857,automatic,serialImmediate,none,incremental,notApplicable,incremental,1,1,33504,0,19.508,automatic,serialImmediate,none,incremental,notApplicable,incremental,1,1,200000,0,31.630,automatic,serialDirty,none,notApplicable,notApplicable,incremental,1,1,0,61081,27.136,dirtyRange,dirtyRange,none,notApplicable,notApplicable,incremental,1,1,0,22445,5.154
Classic CPU ROAM,RelWithDebInfo,OpenGL,NVIDIA GeForce RTX 5090 D/PCIe/SSE2,4.1.0 NVIDIA 591.86,false,assets/heightmaps/Hm_Terrain_Peking_513.png,547,547,80.000,12.000,20,0.250,0.100,200000,false,18,64,0.286,7.164,-12.906,18.698,56.546,377.195,200000,871614,199998,14982,7663,14982,233779,200000,33658,4708,176364,0,60007,139993,22180,2845,0,0,0,1,100.987,361.105,193.582,6.712,14.551,19.024,0.000,0.000,42.629,31.497,0.000,0.000,0.000,0.000,0.000,31.497,0.000,0.000,0.000,0.000,0.000,0.000,0.000,23.580,55.587,5.190,0.000,0.000,10081176,0,74.126,33.575,23.580,0.000,20,19,11502810192213659019,6794682377720560234,2272792061998874864,15482843154462386586,13748637916083657185,200000,0,0,0,162.104,automatic,serialFullRefresh,none,incremental,fullAllCurrentEntries,notApplicable,1,1,33442,0,14.551,automatic,serialFullRefresh,none,incremental,fullAllCurrentEntries,notApplicable,1,1,200000,0,42.629,automatic,serialImmediate,none,incremental,notApplicable,incremental,1,1,33442,0,19.024,automatic,serialImmediate,none,incremental,notApplicable,incremental,1,1,200000,0,31.497,automatic,serialDirty,none,notApplicable,notApplicable,incremental,1,1,0,60007,23.580,dirtyRange,dirtyRange,none,notApplicable,notApplicable,incremental,1,1,0,22180,5.190
Classic CPU ROAM,RelWithDebInfo,OpenGL,NVIDIA GeForce RTX 5090 D/PCIe/SSE2,4.1.0 NVIDIA 591.86,false,assets/heightmaps/Hm_Terrain_Peking_513.png,547,547,80.000,12.000,20,0.250,0.100,200000,false,19,64,0.302,7.531,-18.472,18.189,54.980,367.691,200000,899698,199998,17923,9200,17923,233769,200000,33508,4576,207446,0,63318,136682,22171,2650,0,0,0,1,98.521,370.126,202.076,6.851,14.706,21.079,0.000,0.000,42.537,36.148,0.000,0.000,0.000,0.000,0.000,36.148,0.000,0.000,0.000,0.000,0.000,0.000,0.000,26.998,53.755,5.304,0.000,0.000,10637424,0,78.685,35.785,26.998,0.000,20,20,3857529204743722872,18323998568648012168,11814088152895883178,16061839426492080044,17110547586156410951,200000,0,0,0,162.511,automatic,serialFullRefresh,none,incremental,fullAllCurrentEntries,notApplicable,1,1,33658,0,14.706,automatic,serialFullRefresh,none,incremental,fullAllCurrentEntries,notApplicable,1,1,200000,0,42.537,automatic,serialImmediate,none,incremental,notApplicable,incremental,1,1,33658,0,21.079,automatic,serialImmediate,none,incremental,notApplicable,incremental,1,1,200000,0,36.148,automatic,serialDirty,none,notApplicable,notApplicable,incremental,1,1,0,63318,26.998,dirtyRange,dirtyRange,none,notApplicable,notApplicable,incremental,1,1,0,22171,5.304
Classic CPU ROAM,RelWithDebInfo,OpenGL,NVIDIA GeForce RTX 5090 D/PCIe/SSE2,4.1.0 NVIDIA 591.86,false,assets/heightmaps/Hm_Terrain_Peking_513.png,547,547,80.000,12.000,20,0.250,0.100,200000,false,20,64,0.317,7.908,-23.855,17.751,52.867,377.009,200000,927212,199998,18183,9182,18183,233841,200000,33466,4638,208372,0,64941,135059,22911,2840,0,0,0,1,103.480,382.937,205.342,8.079,14.497,20.954,0.000,0.000,42.229,37.269,0.000,0.000,0.000,0.000,0.000,37.269,0.000,0.000,0.000,0.000,0.000,0.000,0.000,28.177,54.136,5.392,0.000,0.000,10910088,0,79.498,35.451,28.177,0.000,20,21,4894677377432205448,7968502595871137764,17841303413826451158,4020739419125971521,4089705751550669975,200000,0,0,0,171.984,automatic,serialFullRefresh,none,incremental,fullAllCurrentEntries,notApplicable,1,1,33508,0,14.497,automatic,serialFullRefresh,none,incremental,fullAllCurrentEntries,notApplicable,1,1,200000,0,42.229,automatic,serialImmediate,none,incremental,notApplicable,incremental,1,1,33508,0,20.954,automatic,serialImmediate,none,incremental,notApplicable,incremental,1,1,200000,0,37.269,automatic,serialDirty,none,notApplicable,notApplicable,incremental,1,1,0,64941,28.177,dirtyRange,dirtyRange,none,notApplicable,notApplicable,incremental,1,1,0,22911,5.392
Classic CPU ROAM,RelWithDebInfo,OpenGL,NVIDIA GeForce RTX 5090 D/PCIe/SSE2,4.1.0 NVIDIA 591.86,false,assets/heightmaps/Hm_Terrain_Peking_513.png,547,547,80.000,12.000,20,0.250,0.100,200000,false,21,64,0.333,8.298,-29.000,17.402,50.229,389.857,200000,954138,199998,17457,8796,17457,233802,200000,33474,4409,200830,0,67884,132116,24085,2669,0,0,0,1,103.360,383.669,209.492,7.834,13.624,21.214,0.000,0.000,41.663,37.345,0.000,0.000,0.000,0.000,0.000,37.345,0.000,0.000,0.000,0.000,0.000,0.000,0.000,28.907,58.904,5.687,0.000,0.000,11404512,0,79.008,34.838,28.907,0.000,20,22,5464039245519454252,4184009418848124478,4448185683158807684,17312507547840680562,7222130513436664374,200000,0,0,0,168.243,automatic,serialFullRefresh,none,incremental,fullAllCurrentEntries,notApplicable,1,1,33466,0,13.624,automatic,serialFullRefresh,none,incremental,fullAllCurrentEntries,notApplicable,1,1,200000,0,41.663,automatic,serialImmediate,none,incremental,notApplicable,incremental,1,1,33466,0,21.214,automatic,serialImmediate,none,incremental,notApplicable,incremental,1,1,200000,0,37.345,automatic,serialDirty,none,notApplicable,notApplicable,incremental,1,1,0,67884,28.907,dirtyRange,dirtyRange,none,notApplicable,notApplicable,incremental,1,1,0,24085,5.687
Classic CPU ROAM,RelWithDebInfo,OpenGL,NVIDIA GeForce RTX 5090 D/PCIe/SSE2,4.1.0 NVIDIA 591.86,false,assets/heightmaps/Hm_Terrain_Peking_513.png,547,547,80.000,12.000,20,0.250,0.100,200000,false,22,64,0.349,8.689,-33.857,17.156,47.092,391.174,200000,978138,199998,16429,8321,16429,233796,200000,33445,4742,188065,0,67754,132246,24525,2585,0,0,0,1,102.578,386.887,204.509,7.937,14.243,20.113,0.000,0.000,42.533,35.379,0.000,0.000,0.000,0.000,0.000,35.379,0.000,0.000,0.000,0.000,0.000,0.000,0.000,27.078,57.224,6.019,0.000,0.000,11382672,0,77.912,34.356,27.078,0.000,20,23,14764623168415943744,14707106482833081009,10834835481697202155,17689478856377352085,18259117507493661046,200000,0,0,0,176.120,automatic,serialFullRefresh,none,incremental,fullAllCurrentEntries,notApplicable,1,1,33474,0,14.243,automatic,serialFullRefresh,none,incremental,fullAllCurrentEntries,notApplicable,1,1,200000,0,42.533,automatic,serialImmediate,none,incremental,notApplicable,incremental,1,1,33474,0,20.113,automatic,serialImmediate,none,incremental,notApplicable,incremental,1,1,200000,0,35.379,automatic,serialDirty,none,notApplicable,notApplicable,incremental,1,1,0,67754,27.078,dirtyRange,dirtyRange,none,notApplicable,notApplicable,incremental,1,1,0,24525,6.019
Classic CPU ROAM,RelWithDebInfo,OpenGL,NVIDIA GeForce RTX 5090 D/PCIe/SSE2,4.1.0 NVIDIA 591.86,false,assets/heightmaps/Hm_Terrain_Peking_513.png,547,547,80.000,12.000,20,0.250,0.100,200000,false,23,64,0.365,9.083,-38.378,17.023,43.487,394.139,200000,1001030,199998,16206,8213,16206,233710,200000,33422,5315,185037,0,65299,134701,24385,2334,0,0,0,1,96.717,393.553,212.472,7.875,15.079,22.615,0.000,0.000,43.251,36.246,0.000,0.000,0.000,0.000,0.000,36.246,0.000,0.000,0.000,0.000,0.000,0.000,0.000,27.420,59.985,5.756,0.000,0.000,10970232,0,79.497,37.693,27.420,0.000,20,24,4680005362685250694,6468255570671903217,13110756096065449747,17873237339055070796,15828634045359618972,200000,0,0,0,175.076,automatic,serialFullRefresh,none,incremental,fullAllCurrentEntries,notApplicable,1,1,33445,0,15.079,automatic,serialFullRefresh,none,incremental,fullAllCurrentEntries,notApplicable,1,1,200000,0,43.251,automatic,serialImmediate,none,incremental,notApplicable,incremental,1,1,33445,0,22.615,automatic,serialImmediate,none,incremental,notApplicable,incremental,1,1,200000,0,36.246,automatic,serialDirty,none,notApplicable,notApplicable,incremental,1,1,0,65299,27.420,dirtyRange,dirtyRange,none,notApplicable,notApplicable,incremental,1,1,0,24385,5.756
Classic CPU ROAM,RelWithDebInfo,OpenGL,NVIDIA GeForce RTX 5090 D/PCIe/SSE2,4.1.0 NVIDIA 591.86,false,assets/heightmaps/Hm_Terrain_Peking_513.png,547,547,80.000,12.000,20,0.250,0.100,200000,false,24,64,0.381,9.484,-42.517,17.008,39.450,400.836,200000,1023714,199998,16738,8552,16738,233540,200000,33351,6071,187759,0,65113,134887,24630,3844,0,0,0,1,99.710,382.038,210.758,7.796,15.031,23.170,0.000,0.000,42.493,35.324,0.000,0.000,0.000,0.000,0.000,35.324,0.000,0.000,0.000,0.000,0.000,0.000,0.000,28.088,58.853,5.879,0.000,0.000,10938984,0,77.817,38.201,28.088,0.000,20,25,3598056576469674131,5613093925435064647,4192155250392760505,9806491557341151588,8050386059957555146,200000,0,0,0,165.100,automatic,serialFullRefresh,none,incremental,fullAllCurrentEntries,notApplicable,1,1,33422,0,15.031,automatic,serialFullRefresh,none,incremental,fullAllCurrentEntries,notApplicable,1,1,200000,0,42.493,automatic,serialImmediate,none,incremental,notApplicable,incremental,1,1,33422,0,23.170,automatic,serialImmediate,none,incremental,notApplicable,incremental,1,1,200000,0,35.324,automatic,serialDirty,none,notApplicable,notApplicable,incremental,1,1,0,65113,28.088,dirtyRange,dirtyRange,none,notApplicable,notApplicable,incremental,1,1,0,24630,5.879
Classic CPU ROAM,RelWithDebInfo,OpenGL,NVIDIA GeForce RTX 5090 D/PCIe/SSE2,4.1.0 NVIDIA 591.86,false,assets/heightmaps/Hm_Terrain_Peking_513.png,547,547,80.000,12.000,20,0.250,0.100,200000,false,25,64,0.397,9.874,-46.234,17.112,35.021,389.342,200000,1047570,199998,18663,9442,18663,233609,200000,33413,6131,212170,0,68543,131457,25038,2682,0,0,0,1,101.759,374.484,205.174,7.408,13.224,22.800,0.000,0.000,41.308,38.100,0.000,0.000,0.000,0.000,0.000,38.100,0.000,0.000,0.000,0.000,0.000,0.000,0.000,28.676,53.657,5.905,0.000,0.000,11515224,0,79.407,36.024,28.676,0.000,20,26,17834792334360219460,6799830235164784937,4949422445672159251,16623821953730742419,17251279394026963017,200000,0,0,0,163.147,automatic,serialFullRefresh,none,incremental,fullAllCurrentEntries,notApplicable,1,1,33351,0,13.224,automatic,serialFullRefresh,none,incremental,fullAllCurrentEntries,notApplicable,1,1,200000,0,41.308,automatic,serialImmediate,none,incremental,notApplicable,incremental,1,1,33351,0,22.800,automatic,serialImmediate,none,incremental,notApplicable,incremental,1,1,200000,0,38.100,automatic,serialDirty,none,notApplicable,notApplicable,incremental,1,1,0,68543,28.676,dirtyRange,dirtyRange,none,notApplicable,notApplicable,incremental,1,1,0,25038,5.905
Classic CPU ROAM,RelWithDebInfo,OpenGL,NVIDIA GeForce RTX 5090 D/PCIe/SSE2,4.1.0 NVIDIA 591.86,false,assets/heightmaps/Hm_Terrain_Peking_513.png,547,547,80.000,12.000,20,0.250,0.100,200000,false,26,64,0.413,10.256,-49.491,17.330,30.243,381.920,200000,1071056,199998,17064,8616,17064,233732,200000,33495,5302,197076,0,69001,130999,25331,1952,0,0,0,1,97.173,375.827,205.759,8.265,14.565,21.074,0.000,0.000,41.801,37.816,0.000,0.000,0.000,0.000,0.000,37.816,0.000,0.000,0.000,0.000,0.000,0.000,0.000,27.313,54.924,5.938,0.000,0.000,11592168,0,79.617,35.639,27.313,0.000,20,27,17622799873243204492,6856120173095685496,6755707351171696626,6033637362027023382,9829827555373913894,200000,0,0,0,163.945,automatic,serialFullRefresh,none,incremental,fullAllCurrentEntries,notApplicable,1,1,33413,0,14.565,automatic,serialFullRefresh,none,incremental,fullAllCurrentEntries,notApplicable,1,1,200000,0,41.801,automatic,serialImmediate,none,incremental,notApplicable,incremental,1,1,33413,0,21.074,automatic,serialImmediate,none,incremental,notApplicable,incremental,1,1,200000,0,37.816,automatic,serialDirty,none,notApplicable,notApplicable,incremental,1,1,0,69001,27.313,dirtyRange,dirtyRange,none,notApplicable,notApplicable,incremental,1,1,0,25331,5.938
Classic CPU ROAM,RelWithDebInfo,OpenGL,NVIDIA GeForce RTX 5090 D/PCIe/SSE2,4.1.0 NVIDIA 591.86,false,assets/heightmaps/Hm_Terrain_Peking_513.png,547,547,80.000,12.000,20,0.250,0.100,200000,false,27,64,0.429,10.639,-52.256,17.655,25.165,383.315,200000,1092716,199998,15122,7684,15122,233813,200000,33477,4966,177472,0,65744,134256,25332,3005,0,0,0,1,99.887,365.781,195.487,6.783,14.570,19.482,0.000,0.000,41.563,32.307,0.000,0.000,0.000,0.000,0.000,32.307,0.000,0.000,0.000,0.000,0.000,0.000,0.000,24.538,56.242,5.939,0.000,0.000,11044992,0,73.871,34.052,24.538,0.000,20,28,14076477809347136752,11059640245212390381,7555315728193499563,9686194466863764310,5411466528937737195,200000,0,0,0,164.159,automatic,serialFullRefresh,none,incremental,fullAllCurrentEntries,notApplicable,1,1,33495,0,14.570,automatic,serialFullRefresh,none,incremental,fullAllCurrentEntries,notApplicable,1,1,200000,0,41.563,automatic,serialImmediate,none,incremental,notApplicable,incremental,1,1,33495,0,19.482,automatic,serialImmediate,none,incremental,notApplicable,incremental,1,1,200000,0,32.307,automatic,serialDirty,none,notApplicable,notApplicable,incremental,1,1,0,65744,24.538,dirtyRange,dirtyRange,none,notApplicable,notApplicable,incremental,1,1,0,25332,5.939
Classic CPU ROAM,RelWithDebInfo,OpenGL,NVIDIA GeForce RTX 5090 D/PCIe/SSE2,4.1.0 NVIDIA 591.86,false,assets/heightmaps/Hm_Terrain_Peking_513.png,547,547,80.000,12.000,20,0.250,0.100,200000,false,28,64,0.444,11.012,-54.502,18.072,19.837,372.804,200000,1113216,199998,14335,7290,14335,233772,200000,33465,4834,167994,0,61395,138605,24706,2208,0,0,0,1,100.285,364.128,190.828,7.319,14.714,18.231,0.000,0.000,41.565,30.620,0.000,0.000,0.000,0.000,0.000,30.620,0.000,0.000,0.000,0.000,0.000,0.000,0.000,23.047,55.330,5.718,0.000,0.000,10314360,0,72.185,32.945,23.047,0.000,20,29,11033918810356266088,6230683355398155042,9888563655938865868,6802711605645862921,12436952546290142025,200000,0,0,0,167.436,automatic,serialFullRefresh,none,incremental,fullAllCurrentEntries,notApplicable,1,1,33477,0,14.714,automatic,serialFullRefresh,none,incremental,fullAllCurrentEntries,notApplicable,1,1,200000,0,41.565,automatic,serialImmediate,none,incremental,notApplicable,incremental,1,1,33477,0,18.231,automatic,serialImmediate,none,incremental,notApplicable,incremental,1,1,200000,0,30.620,automatic,serialDirty,none,notApplicable,notApplicable,incremental,1,1,0,61395,23.047,dirtyRange,dirtyRange,none,notApplicable,notApplicable,incremental,1,1,0,24706,5.718
Classic CPU ROAM,RelWithDebInfo,OpenGL,NVIDIA GeForce RTX 5090 D/PCIe/SSE2,4.1.0 NVIDIA 591.86,false,assets/heightmaps/Hm_Terrain_Peking_513.png,547,547,80.000,12.000,20,0.250,0.100,200000,false,29,64,0.460,11.383,-56.206,18.565,14.312,371.341,200000,1134936,199998,15312,7824,15312,233718,200000,33572,5365,179891,0,62078,137922,25331,2859,0,0,0,1,99.868,365.620,194.826,6.906,14.677,19.288,0.000,0.000,41.762,32.068,0.000,0.000,0.000,0.000,0.000,32.068,0.000,0.000,0.000,0.000,0.000,0.000,0.000,24.386,55.737,5.709,0.000,0.000,10429104,0,73.829,33.966,24.386,0.000,20,30,17931026488172795956,15109329511028966282,4722452041654089608,6983045937520075164,6360625776249671492,200000,0,0,0,164.898,automatic,serialFullRefresh,none,incremental,fullAllCurrentEntries,notApplicable,1,1,33465,0,14.677,automatic,serialFullRefresh,none,incremental,fullAllCurrentEntries,notApplicable,1,1,200000,0,41.762,automatic,serialImmediate,none,incremental,notApplicable,incremental,1,1,33465,0,19.288,automatic,serialImmediate,none,incremental,notApplicable,incremental,1,1,200000,0,32.068,automatic,serialDirty,none,notApplicable,notApplicable,incremental,1,1,0,62078,24.386,dirtyRange,dirtyRange,none,notApplicable,notApplicable,incremental,1,1,0,25331,5.709
Classic CPU ROAM,RelWithDebInfo,OpenGL,NVIDIA GeForce RTX 5090 D/PCIe/SSE2,4.1.0 NVIDIA 591.86,false,assets/heightmaps/Hm_Terrain_Peking_513.png,547,547,80.000,12.000,20,0.250,0.100,200000,false,30,64,0.476,11.756,-57.352,19.116,8.644,373.518,200000,1156274,199998,15483,7916,15483,233751,200000,33515,5638,179939,0,64043,135957,26078,2122,0,0,0,1,99.792,366.759,194.448,6.898,14.152,20.018,0.000,0.000,42.047,32.270,0.000,0.000,0.000,0.000,0.000,32.270,0.000,0.000,0.000,0.000,0.000,0.000,0.000,24.882,54.178,6.571,0.000,0.000,10759224,0,74.317,34.170,24.882,0.000,20,31,507975663382346138,15337671370646515645,6452947698764962839,15378367499456464034,15460748289941399559,200000,0,0,0,165.568,automatic,serialFullRefresh,none,incremental,fullAllCurrentEntries,notApplicable,1,1,33572,0,14.152,automatic,serialFullRefresh,none,incremental,fullAllCurrentEntries,notApplicable,1,1,200000,0,42.047,automatic,serialImmediate,none,incremental,notApplicable,incremental,1,1,33572,0,20.018,automatic,serialImmediate,none,incremental,notApplicable,incremental,1,1,200000,0,32.270,automatic,serialDirty,none,notApplicable,notApplicable,incremental,1,1,0,64043,24.882,dirtyRange,dirtyRange,none,notApplicable,notApplicable,incremental,1,1,0,26078,6.571
Classic CPU ROAM,RelWithDebInfo,OpenGL,NVIDIA GeForce RTX 5090 D/PCIe/SSE2,4.1.0 NVIDIA 591.86,false,assets/heightmaps/Hm_Terrain_Peking_513.png,547,547,80.000,12.000,20,0.250,0.100,200000,false,31,64,0.492,12.131,-57.928,19.701,2.891,374.550,200000,1177026,199998,15570,7932,15570,233689,200000,33631,6012,181652,0,64398,135602,26194,3867,0,0,0,1,98.962,385.042,205.050,6.948,14.875,20.960,0.000,0.000,43.406,33.196,0.000,0.000,0.000,0.000,0.000,33.196,0.000,0.000,0.000,0.000,0.000,0.000,0.000,26.254,59.409,6.045,0.000,0.000,10818864,0,76.602,35.835,26.254,0.000,20,32,15017807530908053037,17283981430703675719,17073906308288112677,12602582867782403863,14692211958689379275,200000,0,0,0,173.779,automatic,serialFullRefresh,none,incremental,fullAllCurrentEntries,notApplicable,1,1,33515,0,14.875,automatic,serialFullRefresh,none,incremental,fullAllCurrentEntries,notApplicable,1,1,200000,0,43.406,automatic,serialImmediate,none,incremental,notApplicable,incremental,1,1,33515,0,20.960,automatic,serialImmediate,none,incremental,notApplicable,incremental,1,1,200000,0,33.196,automatic,serialDirty,none,notApplicable,notApplicable,incremental,1,1,0,64398,26.254,dirtyRange,dirtyRange,none,notApplicable,notApplicable,incremental,1,1,0,26194,6.045
Classic CPU ROAM,RelWithDebInfo,OpenGL,NVIDIA GeForce RTX 5090 D/PCIe/SSE2,4.1.0 NVIDIA 591.86,false,assets/heightmaps/Hm_Terrain_Peking_513.png,547,547,80.000,12.000,20,0.250,0.100,200000,false,32,64,0.508,12.524,-57.928,20.299,-2.891,392.584,200000,1196024,199998,14598,7361,14598,233843,200000,33535,5976,172556,0,61690,138310,25523,1942,0,0,0,1,100.573,363.097,193.351,6.806,14.698,19.792,0.000,0.000,43.125,30.591,0.000,0.000,0.000,0.000,0.000,30.591,0.000,0.000,0.000,0.000,0.000,0.000,0.000,23.384,54.953,5.707,0.000,0.000,10363920,0,73.716,34.489,23.384,0.000,20,33,9199624600395083803,16200465346316385833,8270221947589718051,14263644330598810710,16793404474157041475,200000,0,0,0,163.852,automatic,serialFullRefresh,none,incremental,fullAllCurrentEntries,notApplicable,1,1,33631,0,14.698,automatic,serialFullRefresh,none,incremental,fullAllCurrentEntries,notApplicable,1,1,200000,0,43.125,automatic,serialImmediate,none,incremental,notApplicable,incremental,1,1,33631,0,19.792,automatic,serialImmediate,none,incremental,notApplicable,incremental,1,1,200000,0,30.591,automatic,serialDirty,none,notApplicable,notApplicable,incremental,1,1,0,61690,23.384,dirtyRange,dirtyRange,none,notApplicable,notApplicable,incremental,1,1,0,25523,5.707
Classic CPU ROAM,RelWithDebInfo,OpenGL,NVIDIA GeForce RTX 5090 D/PCIe/SSE2,4.1.0 NVIDIA 591.86,false,assets/heightmaps/Hm_Terrain_Peking_513.png,547,547,80.000,12.000,20,0.250,0.100,200000,false,33,64,0.524,12.895,-57.352,20.884,-8.644,371.115,200000,1214838,199998,13220,6709,13220,233707,200000,33635,5268,155446,0,58030,141970,25017,3538,0,0,0,1,97.784,357.205,186.952,6.978,14.711,17.639,0.000,0.000,43.151,28.347,0.000,0.000,0.000,0.000,0.000,28.347,0.000,0.000,0.000,0.000,0.000,0.000,0.000,21.413,54.711,5.606,0.000,0.000,9749040,0,71.498,32.350,21.413,0.000,20,34,11600246150773609547,13346581377158641293,17914689748063822155,4931974468709486550,8192634735438136606,200000,0,0,0,164.495,automatic,serialFullRefresh,none,incremental,fullAllCurrentEntries,notApplicable,1,1,33535,0,14.711,automatic,serialFullRefresh,none,incremental,fullAllCurrentEntries,notApplicable,1,1,200000,0,43.151,automatic,serialImmediate,none,incremental,notApplicable,incremental,1,1,33535,0,17.639,automatic,serialImmediate,none,incremental,notApplicable,incremental,1,1,200000,0,28.347,automatic,serialDirty,none,notApplicable,notApplicable,incremental,1,1,0,58030,21.413,dirtyRange,dirtyRange,none,notApplicable,notApplicable,incremental,1,1,0,25017,5.606
Classic CPU ROAM,RelWithDebInfo,OpenGL,NVIDIA GeForce RTX 5090 D/PCIe/SSE2,4.1.0 NVIDIA 591.86,false,assets/heightmaps/Hm_Terrain_Peking_513.png,547,547,80.000,12.000,20,0.250,0.100,200000,false,34,64,0.540,13.260,-56.206,21.435,-14.312,364.961,200000,1233768,199998,15182,7732,15182,233801,200000,33571,3811,178636,0,60177,139823,24412,2375,0,0,0,1,98.057,372.339,195.784,7.329,14.650,17.649,0.000,0.000,42.993,33.082,0.000,0.000,0.000,0.000,0.000,33.082,0.000,0.000,0.000,0.000,0.000,0.000,0.000,24.021,56.058,5.785,0.000,0.000,10109736,0,76.075,32.298,24.021,0.000,20,35,10184350017330938359,2817222760074155981,14006666610658801887,2747198251907076028,10573782616376506026,200000,0,0,0,170.620,automatic,serialFullRefresh,none,incremental,fullAllCurrentEntries,notApplicable,1,1,33635,0,14.650,automatic,serialFullRefresh,none,incremental,fullAllCurrentEntries,notApplicable,1,1,200000,0,42.993,automatic,serialImmediate,none,incremental,notApplicable,incremental,1,1,33635,0,17.649,automatic,serialImmediate,none,incremental,notApplicable,incremental,1,1,200000,0,33.082,automatic,serialDirty,none,notApplicable,notApplicable,incremental,1,1,0,60177,24.021,dirtyRange,dirtyRange,none,notApplicable,notApplicable,incremental,1,1,0,24412,5.785
Classic CPU ROAM,RelWithDebInfo,OpenGL,NVIDIA GeForce RTX 5090 D/PCIe/SSE2,4.1.0 NVIDIA 591.86,false,assets/heightmaps/Hm_Terrain_Peking_513.png,547,547,80.000,12.000,20,0.250,0.100,200000,false,35,64,0.556,13.639,-54.502,21.928,-19.837,379.671,200000,1251996,199998,15132,7707,15132,233898,200000,33656,3965,179945,0,59256,140744,24523,2552,0,0,0,1,102.451,387.947,204.762,7.475,14.975,18.860,0.000,0.000,43.784,35.240,0.000,0.000,0.000,0.000,0.000,35.240,0.000,0.000,0.000,0.000,0.000,0.000,0.000,24.718,59.708,6.607,0.000,0.000,9955008,0,79.024,33.835,24.718,0.000,20,36,2085537837089982350,13527224358381511974,17721546227294611904,2586764488759282298,5604490718492392840,200000,0,0,0,176.395,automatic,serialFullRefresh,none,incremental,fullAllCurrentEntries,notApplicable,1,1,33571,0,14.975,automatic,serialFullRefresh,none,incremental,fullAllCurrentEntries,notApplicable,1,1,200000,0,43.784,automatic,serialImmediate,none,incremental,notApplicable,incremental,1,1,33571,0,18.860,automatic,serialImmediate,none,incremental,notApplicable,incremental,1,1,200000,0,35.240,automatic,serialDirty,none,notApplicable,notApplicable,incremental,1,1,0,59256,24.718,dirtyRange,dirtyRange,none,notApplicable,notApplicable,incremental,1,1,0,24523,6.607
Classic CPU ROAM,RelWithDebInfo,OpenGL,NVIDIA GeForce RTX 5090 D/PCIe/SSE2,4.1.0 NVIDIA 591.86,false,assets/heightmaps/Hm_Terrain_Peking_513.png,547,547,80.000,12.000,20,0.250,0.100,200000,false,36,64,0.571,14.035,-52.256,22.345,-25.165,395.560,200000,1273930,199998,15948,8142,15948,234002,200000,33754,3873,188618,0,58852,141148,24348,2140,0,0,0,1,95.925,396.482,213.577,7.741,15.393,20.277,0.000,0.000,44.610,37.205,0.000,0.000,0.000,0.000,0.000,37.205,0.000,0.000,0.000,0.000,0.000,0.000,0.000,26.589,61.760,5.493,0.000,0.000,9887136,0,81.815,35.670,26.589,0.000,20,37,4607764548339769312,1496534923326945117,10145042690056851243,3102267663174235207,18299975427405264666,200000,0,0,0,177.218,automatic,serialFullRefresh,none,incremental,fullAllCurrentEntries,notApplicable,1,1,33656,0,15.393,automatic,serialFullRefresh,none,incremental,fullAllCurrentEntries,notApplicable,1,1,200000,0,44.610,automatic,serialImmediate,none,incremental,notApplicable,incremental,1,1,33656,0,20.277,automatic,serialImmediate,none,incremental,notApplicable,incremental,1,1,200000,0,37.205,automatic,serialDirty,none,notApplicable,notApplicable,incremental,1,1,0,58852,26.589,dirtyRange,dirtyRange,none,notApplicable,notApplicable,incremental,1,1,0,24348,5.493
Classic CPU ROAM,RelWithDebInfo,OpenGL,NVIDIA GeForce RTX 5090 D/PCIe/SSE2,4.1.0 NVIDIA 591.86,false,assets/heightmaps/Hm_Terrain_Peking_513.png,547,547,80.000,12.000,20,0.250,0.100,200000,false,37,64,0.587,14.439,-49.491,22.670,-30.243,403.894,200000,1295570,199998,16398,8316,16398,234264,200000,33958,4263,195984,0,59147,140853,24435,2508,0,0,0,1,103.335,383.608,208.865,7.810,15.131,20.324,0.000,0.000,44.485,37.505,0.000,0.000,0.000,0.000,0.000,37.505,0.000,0.000,0.000,0.000,0.000,0.000,0.000,26.366,57.242,5.523,0.000,0.000,9936696,0,81.990,35.455,26.366,0.000,20,38,2915165779464536566,8131120372325885611,18280130596683437565,5241553742240944586,8193547535160834578,200000,0,0,0,169.005,automatic,serialFullRefresh,none,incremental,fullAllCurrentEntries,notApplicable,1,1,33754,0,15.131,automatic,serialFullRefresh,none,incremental,fullAllCurrentEntries,notApplicable,1,1,200000,0,44.485,automatic,serialImmediate,none,incremental,notApplicable,incremental,1,1,33754,0,20.324,automatic,serialImmediate,none,incremental,notApplicable,incremental,1,1,200000,0,37.505,automatic,serialDirty,none,notApplicable,notApplicable,incremental,1,1,0,59147,26.366,dirtyRange,dirtyRange,none,notApplicable,notApplicable,incremental,1,1,0,24435,5.523
Classic CPU ROAM,RelWithDebInfo,OpenGL,NVIDIA GeForce RTX 5090 D/PCIe/SSE2,4.1.0 NVIDIA 591.86,false,assets/heightmaps/Hm_Terrain_Peking_513.png,547,547,80.000,12.000,20,0.250,0.100,200000,false,38,64,0.603,14.830,-46.234,22.888,-35.021,391.209,200000,1312514,199998,15820,8019,15820,234257,200000,33912,4588,185956,0,59813,140187,24837,2010,0,0,0,1,103.290,368.688,195.443,6.813,14.706,19.116,0.000,0.000,42.545,33.106,0.000,0.000,0.000,0.000,0.000,33.106,0.000,0.000,0.000,0.000,0.000,0.000,0.000,24.469,54.687,5.574,0.000,0.000,10048584,0,75.651,33.822,24.469,0.000,20,39,15171627335562436946,11110283535362372986,3587553531994931092,11341183490841006377,4435577496345909474,200000,0,0,0,167.485,automatic,serialFullRefresh,none,incremental,fullAllCurrentEntries,notApplicable,1,1,33958,0,14.706,automatic,serialFullRefresh,none,incremental,fullAllCurrentEntries,notApplicable,1,1,200000,0,42.545,automatic,serialImmediate,none,incremental,notApplicable,incremental,1,1,33958,0,19.116,automatic,serialImmediate,none,incremental,notApplicable,incremental,1,1,200000,0,33.106,automatic,serialDirty,none,notApplicable,notApplicable,incremental,1,1,0,59813,24.469,dirtyRange,dirtyRange,none,notApplicable,notApplicable,incremental,1,1,0,24837,5.574
Classic CPU ROAM,RelWithDebInfo,OpenGL,NVIDIA GeForce RTX 5090 D/PCIe/SSE2,4.1.0 NVIDIA 591.86,false,assets/heightmaps/Hm_Terrain_Peking_513.png,547,547,80.000,12.000,20,0.250,0.100,200000,false,39,64,0.619,15.207,-42.517,22.992,-39.450,376.469,200000,1329038,199998,16753,8514,16753,234337,200000,34243,5773,202435,0,62177,137823,26127,2942,0,0,0,1,105.864,375.016,202.916,6.849,15.173,21.343,0.000,0.000,42.626,36.110,0.000,0.000,0.000,0.000,0.000,36.110,0.000,0.000,0.000,0.000,0.000,0.000,0.000,26.207,54.605,5.970,0.000,0.000,10445736,0,78.736,36.517,26.207,0.000,20,40,11497493909425854971,2492034376308645561,7257474350009245571,6222817655162146031,6886515912890788978,200000,0,0,0,165.943,automatic,serialFullRefresh,none,incremental,fullAllCurrentEntries,notApplicable,1,1,33912,0,15.173,automatic,serialFullRefresh,none,incremental,fullAllCurrentEntries,notApplicable,1,1,200000,0,42.626,automatic,serialImmediate,none,incremental,notApplicable,incremental,1,1,33912,0,21.343,automatic,serialImmediate,none,incremental,notApplicable,incremental,1,1,200000,0,36.110,automatic,serialDirty,none,notApplicable,notApplicable,incremental,1,1,0,62177,26.207,dirtyRange,dirtyRange,none,notApplicable,notApplicable,incremental,1,1,0,26127,5.970
Classic CPU ROAM,RelWithDebInfo,OpenGL,NVIDIA GeForce RTX 5090 D/PCIe/SSE2,4.1.0 NVIDIA 591.86,false,assets/heightmaps/Hm_Terrain_Peking_513.png,547,547,80.000,12.000,20,0.250,0.100,200000,false,40,64,0.635,15.590,-38.378,22.977,-43.487,383.133,200000,1343102,199998,16591,8356,16591,234386,200000,34252,6463,194309,0,65173,134827,27402,3695,0,0,0,1,101.875,374.215,202.193,6.691,14.879,21.998,0.000,0.000,42.482,34.230,0.000,0.000,0.000,0.000,0.000,34.230,0.000,0.000,0.000,0.000,0.000,0.000,0.000,26.597,55.314,6.055,0.000,0.000,10949064,0,76.713,36.876,26.597,0.000,20,41,14563908140348388113,14857908528817655382,1928326867279124476,11595271541229955106,13341262442090873672,200000,0,0,0,165.759,automatic,serialFullRefresh,none,incremental,fullAllCurrentEntries,notApplicable,1,1,34243,0,14.879,automatic,serialFullRefresh,none,incremental,fullAllCurrentEntries,notApplicable,1,1,200000,0,42.482,automatic,serialImmediate,none,incremental,notApplicable,incremental,1,1,34243,0,21.998,automatic,serialImmediate,none,incremental,notApplicable,incremental,1,1,200000,0,34.230,automatic,serialDirty,none,notApplicable,notApplicable,incremental,1,1,0,65173,26.597,dirtyRange,dirtyRange,none,notApplicable,notApplicable,incremental,1,1,0,27402,6.055
Classic CPU ROAM,RelWithDebInfo,OpenGL,NVIDIA GeForce RTX 5090 D/PCIe/SSE2,4.1.0 NVIDIA 591.86,false,assets/heightmaps/Hm_Terrain_Peking_513.png,547,547,80.000,12.000,20,0.250,0.100,200000,false,41,64,0.651,15.972,-33.857,22.844,-47.092,382.294,200000,1356936,199998,15778,8021,15778,234333,200000,34210,6690,189874,0,65279,134721,27804,3034,0,0,0,1,106.097,374.529,200.871,7.112,14.261,21.270,0.000,0.000,42.594,33.400,0.000,0.000,0.000,0.000,0.000,33.400,0.000,0.000,0.000,0.000,0.000,0.000,0.000,26.055,56.177,6.287,0.000,0.000,10966872,0,75.994,35.531,26.055,0.000,20,42,18099405259524479923,6795102887817331768,16418398602788939930,10370168128108726468,18043304207587188639,200000,0,0,0,167.161,automatic,serialFullRefresh,none,incremental,fullAllCurrentEntries,notApplicable,1,1,34252,0,14.261,automatic,serialFullRefresh,none,incremental,fullAllCurrentEntries,notApplicable,1,1,200000,0,42.594,automatic,serialImmediate,none,incremental,notApplicable,incremental,1,1,34252,0,21.270,automatic,serialImmediate,none,incremental,notApplicable,incremental,1,1,200000,0,33.400,automatic,serialDirty,none,notApplicable,notApplicable,incremental,1,1,0,65279,26.055,dirtyRange,dirtyRange,none,notApplicable,notApplicable,incremental,1,1,0,27804,6.287
Classic CPU ROAM,RelWithDebInfo,OpenGL,NVIDIA GeForce RTX 5090 D/PCIe/SSE2,4.1.0 NVIDIA 591.86,false,assets/heightmaps/Hm_Terrain_Peking_513.png,547,547,80.000,12.000,20,0.250,0.100,200000,false,42,64,0.667,16.355,-29.000,22.598,-50.229,382.681,200000,1372434,199998,14677,7472,14677,234221,200000,34055,6046,175387,0,63643,136357,27964,3246,0,0,0,1,99.707,367.169,193.126,6.759,15.078,20.061,0.000,0.000,42.486,30.497,0.000,0.000,0.000,0.000,0.000,30.497,0.000,0.000,0.000,0.000,0.000,0.000,0.000,23.861,54.383,6.674,0.000,0.000,10692024,0,72.983,35.139,23.861,0.000,20,43,5037163150524468369,11539274937098670880,13370878448706581218,2428502504339929331,10580619876848912246,200000,0,0,0,167.146,automatic,serialFullRefresh,none,incremental,fullAllCurrentEntries,notApplicable,1,1,34210,0,15.078,automatic,serialFullRefresh,none,incremental,fullAllCurrentEntries,notApplicable,1,1,200000,0,42.486,automatic,serialImmediate,none,incremental,notApplicable,incremental,1,1,34210,0,20.061,automatic,serialImmediate,none,incremental,notApplicable,incremental,1,1,200000,0,30.497,automatic,serialDirty,none,notApplicable,notApplicable,incremental,1,1,0,63643,23.861,dirtyRange,dirtyRange,none,notApplicable,notApplicable,incremental,1,1,0,27964,6.674
Classic CPU ROAM,RelWithDebInfo,OpenGL,NVIDIA GeForce RTX 5090 D/PCIe/SSE2,4.1.0 NVIDIA 591.86,false,assets/heightmaps/Hm_Terrain_Peking_513.png,547,547,80.000,12.000,20,0.250,0.100,200000,false,43,64,0.683,16.730,-23.855,22.249,-52.867,375.445,200000,1388576,199998,14286,7280,14286,234179,200000,34082,5145,171531,0,60632,139368,27233,2082,0,0,0,1,99.979,365.480,190.686,7.260,14.834,18.819,0.000,0.000,42.446,30.040,0.000,0.000,0.000,0.000,0.000,30.040,0.000,0.000,0.000,0.000,0.000,0.000,0.000,23.248,54.035,5.966,0.000,0.000,10186176,0,72.486,33.654,23.248,0.000,20,44,2010038420192191038,6965282697844826061,8882002267534927791,7267293934232991669,1971615220371960845,200000,0,0,0,168.555,automatic,serialFullRefresh,none,incremental,fullAllCurrentEntries,notApplicable,1,1,34055,0,14.834,automatic,serialFullRefresh,none,incremental,fullAllCurrentEntries,notApplicable,1,1,200000,0,42.446,automatic,serialImmediate,none,incremental,notApplicable,incremental,1,1,34055,0,18.819,automatic,serialImmediate,none,incremental,notApplicable,incremental,1,1,200000,0,30.040,automatic,serialDirty,none,notApplicable,notApplicable,incremental,1,1,0,60632,23.248,dirtyRange,dirtyRange,none,notApplicable,notApplicable,incremental,1,1,0,27233,5.966
Classic CPU ROAM,RelWithDebInfo,OpenGL,NVIDIA GeForce RTX 5090 D/PCIe/SSE2,4.1.0 NVIDIA 591.86,false,assets/heightmaps/Hm_Terrain_Peking_513.png,547,547,80.000,12.000,20,0.250,0.100,200000,false,44,64,0.698,17.104,-18.472,21.811,-54.980,373.628,200000,1405436,199998,14584,7441,14584,234229,200000,33998,5280,173596,0,59378,140622,27283,2477,0,0,0,1,94.709,368.924,192.939,8.028,14.895,19.158,0.000,0.000,42.488,30.290,0.000,0.000,0.000,0.000,0.000,30.290,0.000,0.000,0.000,0.000,0.000,0.000,0.000,23.231,54.846,5.907,0.000,0.000,9975504,0,72.778,34.053,23.231,0.000,20,45,1547201238797944516,13831941261432722240,11262328333957560934,13572103771761879173,10696085729681648563,200000,0,0,0,169.866,automatic,serialFullRefresh,none,incremental,fullAllCurrentEntries,notApplicable,1,1,34082,0,14.895,automatic,serialFullRefresh,none,incremental,fullAllCurrentEntries,notApplicable,1,1,200000,0,42.488,automatic,serialImmediate,none,incremental,notApplicable,incremental,1,1,34082,0,19.158,automatic,serialImmediate,none,incremental,notApplicable,incremental,1,1,200000,0,30.290,automatic,serialDirty,none,notApplicable,notApplicable,incremental,1,1,0,59378,23.231,dirtyRange,dirtyRange,none,notApplicable,notApplicable,incremental,1,1,0,27283,5.907
Classic CPU ROAM,RelWithDebInfo,OpenGL,NVIDIA GeForce RTX 5090 D/PCIe/SSE2,4.1.0 NVIDIA 591.86,false,assets/heightmaps/Hm_Terrain_Peking_513.png,547,547,80.000,12.000,20,0.250,0.100,200000,false,45,64,0.714,17.481,-12.906,21.302,-56.546,377.135,200000,1422106,199998,15499,7915,15499,234137,200000,33808,5625,181450,0,61849,138151,28208,3132,0,0,0,1,98.316,371.797,196.777,6.741,14.865,20.484,0.000,0.000,42.833,32.277,0.000,0.000,0.000,0.000,0.000,32.277,0.000,0.000,0.000,0.000,0.000,0.000,0.000,25.026,54.549,6.202,0.000,0.000,10390632,0,75.110,35.349,25.026,0.000,20,46,9745764302508673464,11277505994945043421,17114593554410757175,13187097692078154093,1757098035051615044,200000,0,0,0,168.590,automatic,serialFullRefresh,none,incremental,fullAllCurrentEntries,notApplicable,1,1,33998,0,14.865,automatic,serialFullRefresh,none,incremental,fullAllCurrentEntries,notApplicable,1,1,200000,0,42.833,automatic,serialImmediate,none,incremental,notApplicable,incremental,1,1,33998,0,20.484,automatic,serialImmediate,none,incremental,notApplicable,incremental,1,1,200000,0,32.277,automatic,serialDirty,none,notApplicable,notApplicable,incremental,1,1,0,61849,25.026,dirtyRange,dirtyRange,none,notApplicable,notApplicable,incremental,1,1,0,28208,6.202
Classic CPU ROAM,RelWithDebInfo,OpenGL,NVIDIA GeForce RTX 5090 D/PCIe/SSE2,4.1.0 NVIDIA 591.86,false,assets/heightmaps/Hm_Terrain_Peking_513.png,547,547,80.000,12.000,20,0.250,0.100,200000,false,46,64,0.730,17.861,-7.212,20.740,-57.550,380.056,200000,1438704,199998,15927,8130,15927,233951,200000,33610,5578,184800,0,63152,136848,28231,3288,0,0,0,1,102.026,373.800,198.889,6.928,13.513,20.830,0.000,0.000,43.203,33.372,0.000,0.000,0.000,0.000,0.000,33.372,0.000,0.000,0.000,0.000,0.000,0.000,0.000,25.337,55.704,6.181,0.000,0.000,10609536,0,76.575,34.343,25.337,0.000,20,47,501265749711831536,15078120519465764866,3045942073179456604,5293515024652262564,6085422030732384001,200000,0,0,0,168.513,automatic,serialFullRefresh,none,incremental,fullAllCurrentEntries,notApplicable,1,1,33808,0,13.513,automatic,serialFullRefresh,none,incremental,fullAllCurrentEntries,notApplicable,1,1,200000,0,43.203,automatic,serialImmediate,none,incremental,notApplicable,incremental,1,1,33808,0,20.830,automatic,serialImmediate,none,incremental,notApplicable,incremental,1,1,200000,0,33.372,automatic,serialDirty,none,notApplicable,notApplicable,incremental,1,1,0,63152,25.337,dirtyRange,dirtyRange,none,notApplicable,notApplicable,incremental,1,1,0,28231,6.181
Classic CPU ROAM,RelWithDebInfo,OpenGL,NVIDIA GeForce RTX 5090 D/PCIe/SSE2,4.1.0 NVIDIA 591.86,false,assets/heightmaps/Hm_Terrain_Peking_513.png,547,547,80.000,12.000,20,0.250,0.100,200000,false,47,64,0.746,18.243,-1.446,20.150,-57.982,382.187,200000,1452546,199998,15176,7716,15176,233813,200000,33584,5407,176066,0,61783,138217,27751,2759,0,0,0,1,96.948,376.846,196.915,6.699,14.715,19.939,0.000,0.000,43.758,32.208,0.000,0.000,0.000,0.000,0.000,32.208,0.000,0.000,0.000,0.000,0.000,0.000,0.000,24.515,55.079,6.094,0.000,0.000,10379544,0,75.966,34.655,24.515,0.000,20,48,7111493589348116639,14315627566301579737,2484608468122067079,18105314321580107672,11229033532730744092,200000,0,0,0,173.617,automatic,serialFullRefresh,none,incremental,fullAllCurrentEntries,notApplicable,1,1,33610,0,14.715,automatic,serialFullRefresh,none,incremental,fullAllCurrentEntries,notApplicable,1,1,200000,0,43.758,automatic,serialImmediate,none,incremental,notApplicable,incremental,1,1,33610,0,19.939,automatic,serialImmediate,none,incremental,notApplicable,incremental,1,1,200000,0,32.208,automatic,serialDirty,none,notApplicable,notApplicable,incremental,1,1,0,61783,24.515,dirtyRange,dirtyRange,none,notApplicable,notApplicable,incremental,1,1,0,27751,6.094
Classic CPU ROAM,RelWithDebInfo,OpenGL,NVIDIA GeForce RTX 5090 D/PCIe/SSE2,4.1.0 NVIDIA 591.86,false,assets/heightmaps/Hm_Terrain_Peking_513.png,547,547,80.000,12.000,20,0.250,0.100,200000,false,48,64,0.762,18.628,4.334,19.553,-57.838,385.347,200000,1465556,199998,14510,7293,14510,233790,200000,33664,5540,169718,0,59852,140148,27141,4898,0,0,0,1,106.406,418.264,216.725,7.030,15.158,21.936,0.000,0.000,44.372,35.519,0.000,0.000,0.000,0.000,0.000,35.519,0.000,0.000,0.000,0.000,0.000,0.000,0.000,27.022,65.685,7.042,0.000,0.000,10055136,0,79.891,37.094,27.022,0.000,20,49,3092664902140636325,13257489703289346144,9737631344837350734,5806748580413909727,13058811890126140084,200000,0,0,0,194.289,automatic,serialFullRefresh,none,incremental,fullAllCurrentEntries,notApplicable,1,1,33584,0,15.158,automatic,serialFullRefresh,none,incremental,fullAllCurrentEntries,notApplicable,1,1,200000,0,44.372,automatic,serialImmediate,none,incremental,notApplicable,incremental,1,1,33584,0,21.936,automatic,serialImmediate,none,incremental,notApplicable,incremental,1,1,200000,0,35.519,automatic,serialDirty,none,notApplicable,notApplicable,incremental,1,1,0,59852,27.022,dirtyRange,dirtyRange,none,notApplicable,notApplicable,incremental,1,1,0,27141,7.042
Classic CPU ROAM,RelWithDebInfo,OpenGL,NVIDIA GeForce RTX 5090 D/PCIe/SSE2,4.1.0 NVIDIA 591.86,false,assets/heightmaps/Hm_Terrain_Peking_513.png,547,547,80.000,12.000,20,0.250,0.100,200000,false,49,64,0.778,19.055,10.072,18.974,-57.119,426.440,200000,1478618,199998,14092,7098,14092,233867,200000,33680,4909,163882,0,58524,141476,26874,1769,0,0,0,1,97.952,420.817,220.523,9.473,16.153,21.992,0.000,0.000,46.655,36.188,0.000,0.000,0.000,0.000,0.000,36.188,0.000,0.000,0.000,0.000,0.000,0.000,0.000,25.651,64.407,6.013,0.000,0.000,9832032,0,82.843,38.146,25.651,0.000,20,50,17086198918310459832,9618937876771584471,15250975710174378021,9853983161442693405,4498258487991048180,200000,0,0,0,194.083,automatic,serialFullRefresh,none,incremental,fullAllCurrentEntries,notApplicable,1,1,33664,0,16.153,automatic,serialFullRefresh,none,incremental,fullAllCurrentEntries,notApplicable,1,1,200000,0,46.655,automatic,serialImmediate,none,incremental,notApplicable,incremental,1,1,33664,0,21.992,automatic,serialImmediate,none,incremental,notApplicable,incremental,1,1,200000,0,36.188,automatic,serialDirty,none,notApplicable,notApplicable,incremental,1,1,0,58524,25.651,dirtyRange,dirtyRange,none,notApplicable,notApplicable,incremental,1,1,0,26874,6.013
Classic CPU ROAM,RelWithDebInfo,OpenGL,NVIDIA GeForce RTX 5090 D/PCIe/SSE2,4.1.0 NVIDIA 591.86,false,assets/heightmaps/Hm_Terrain_Peking_513.png,547,547,80.000,12.000,20,0.250,0.100,200000,false,50,64,0.794,19.485,15.709,18.436,-55.832,429.707,200000,1494856,199998,16102,8263,16102,233804,200000,33363,4642,187191,0,62886,137114,27490,1336,0,0,0,1,102.860,416.444,224.767,8.050,14.655,22.455,0.000,0.000,46.434,39.811,0.000,0.000,0.000,0.000,0.000,39.811,0.000,0.000,0.000,0.000,0.000,0.000,0.000,27.997,65.363,6.238,0.000,0.000,10564848,0,86.245,37.109,27.997,0.000,20,51,7870981330079186394,3008041548493109848,12218100229106065782,10807794686108216961,9740759885869643506,200000,0,0,0,185.222,automatic,serialFullRefresh,none,incremental,fullAllCurrentEntries,notApplicable,1,1,33680,0,14.655,automatic,serialFullRefresh,none,incremental,fullAllCurrentEntries,notApplicable,1,1,200000,0,46.434,automatic,serialImmediate,none,incremental,notApplicable,incremental,1,1,33680,0,22.455,automatic,serialImmediate,none,incremental,notApplicable,incremental,1,1,200000,0,39.811,automatic,serialDirty,none,notApplicable,notApplicable,incremental,1,1,0,62886,27.997,dirtyRange,dirtyRange,none,notApplicable,notApplicable,incremental,1,1,0,27490,6.238
Classic CPU ROAM,RelWithDebInfo,OpenGL,NVIDIA GeForce RTX 5090 D/PCIe/SSE2,4.1.0 NVIDIA 591.86,false,assets/heightmaps/Hm_Terrain_Peking_513.png,547,547,80.000,12.000,20,0.250,0.100,200000,false,51,64,0.810,19.909,21.190,17.959,-53.991,424.695,200000,1514374,199998,17971,9136,17971,233638,200000,33277,4528,208636,0,64979,135021,27554,1627,0,0,0,1,102.858,401.398,215.065,6.962,14.766,22.433,0.000,0.000,43.463,40.825,0.000,0.000,0.000,0.000,0.000,40.825,0.000,0.000,0.000,0.000,0.000,0.000,0.000,29.221,57.392,6.372,0.000,0.000,10916472,0,84.289,37.199,29.221,0.000,20,52,14531078762823123179,5431540550642941704,11869539816467471350,11101953347597980034,17038757225831236034,200000,0,0,0,179.648,automatic,serialFullRefresh,none,incremental,fullAllCurrentEntries,notApplicable,1,1,33363,0,14.766,automatic,serialFullRefresh,none,incremental,fullAllCurrentEntries,notApplicable,1,1,200000,0,43.463,automatic,serialImmediate,none,incremental,notApplicable,incremental,1,1,33363,0,22.433,automatic,serialImmediate,none,incremental,notApplicable,incremental,1,1,200000,0,40.825,automatic,serialDirty,none,notApplicable,notApplicable,incremental,1,1,0,64979,29.221,dirtyRange,dirtyRange,none,notApplicable,notApplicable,incremental,1,1,0,27554,6.372
Classic CPU ROAM,RelWithDebInfo,OpenGL,NVIDIA GeForce RTX 5090 D/PCIe/SSE2,4.1.0 NVIDIA 591.86,false,assets/heightmaps/Hm_Terrain_Peking_513.png,547,547,80.000,12.000,20,0.250,0.100,200000,false,52,64,0.825,20.319,26.460,17.564,-51.613,409.657,200000,1534184,199998,17601,8847,17601,233584,200000,33237,4434,200822,0,64747,135253,27853,2257,0,0,0,1,100.426,410.976,220.852,8.642,14.940,22.357,0.000,0.000,43.682,40.159,0.000,0.000,0.000,0.000,0.000,40.159,0.000,0.000,0.000,0.000,0.000,0.000,0.000,29.424,61.645,6.379,0.000,0.000,10877496,0,83.842,37.297,29.424,0.000,20,53,14285510160506609534,11415814594753363039,12764079798955427945,7792899992017091332,10776500482527101165,200000,0,0,0,183.491,automatic,serialFullRefresh,none,incremental,fullAllCurrentEntries,notApplicable,1,1,33277,0,14.940,automatic,serialFullRefresh,none,incremental,fullAllCurrentEntries,notApplicable,1,1,200000,0,43.682,automatic,serialImmediate,none,incremental,notApplicable,incremental,1,1,33277,0,22.357,automatic,serialImmediate,none,incremental,notApplicable,incremental,1,1,200000,0,40.159,automatic,serialDirty,none,notApplicable,notApplicable,incremental,1,1,0,64747,29.424,dirtyRange,dirtyRange,none,notApplicable,notApplicable,incremental,1,1,0,27853,6.379
Classic CPU ROAM,RelWithDebInfo,OpenGL,NVIDIA GeForce RTX 5090 D/PCIe/SSE2,4.1.0 NVIDIA 591.86,false,assets/heightmaps/Hm_Terrain_Peking_513.png,547,547,80.000,12.000,20,0.250,0.100,200000,false,53,64,0.841,20.738,31.468,17.265,-48.722,419.485,200000,1551700,199998,16802,8469,16802,233656,200000,33381,4470,194526,0,66448,133552,28585,2955,0,0,0,1,101.373,407.464,217.868,7.875,14.975,22.510,0.000,0.000,43.178,41.685,0.000,0.000,0.000,0.000,0.000,41.685,0.000,0.000,0.000,0.000,0.000,0.000,0.000,28.586,59.057,6.645,0.000,0.000,11163264,0,84.864,37.485,28.586,0.000,20,54,9072732312605758378,9922918741564438369,11299377438957458635,10262884149721314647,14616469546901186370,200000,0,0,0,182.730,automatic,serialFullRefresh,none,incremental,fullAllCurrentEntries,notApplicable,1,1,33237,0,14.975,automatic,serialFullRefresh,none,incremental,fullAllCurrentEntries,notApplicable,1,1,200000,0,43.178,automatic,serialImmediate,none,incremental,notApplicable,incremental,1,1,33237,0,22.510,automatic,serialImmediate,none,incremental,notApplicable,incremental,1,1,200000,0,41.685,automatic,serialDirty,none,notApplicable,notApplicable,incremental,1,1,0,66448,28.586,dirtyRange,dirtyRange,none,notApplicable,notApplicable,incremental,1,1,0,28585,6.645
Classic CPU ROAM,RelWithDebInfo,OpenGL,NVIDIA GeForce RTX 5090 D/PCIe/SSE2,4.1.0 NVIDIA 591.86,false,assets/heightmaps/Hm_Terrain_Peking_513.png,547,547,80.000,12.000,20,0.250,0.100,200000,false,54,64,0.857,21.154,36.162,17.075,-45.346,416.080,200000,1565178,199998,16670,8438,16670,233849,200000,33498,4914,193821,0,66388,133612,28963,2862,0,0,0,1,100.984,409.175,220.297,8.030,15.005,22.496,0.000,0.000,42.994,39.676,0.000,0.000,0.000,0.000,0.000,39.676,0.000,0.000,0.000,0.000,0.000,0.000,0.000,29.492,62.601,6.813,0.000,0.000,11153184,0,82.670,37.501,29.492,0.000,20,55,9730901455595130537,7309046668467611194,13233218095478895300,4758323082569551632,17497705209897025484,200000,0,0,0,181.822,automatic,serialFullRefresh,none,incremental,fullAllCurrentEntries,notApplicable,1,1,33381,0,15.005,automatic,serialFullRefresh,none,incremental,fullAllCurrentEntries,notApplicable,1,1,200000,0,42.994,automatic,serialImmediate,none,incremental,notApplicable,incremental,1,1,33381,0,22.496,automatic,serialImmediate,none,incremental,notApplicable,incremental,1,1,200000,0,39.676,automatic,serialDirty,none,notApplicable,notApplicable,incremental,1,1,0,66388,29.492,dirtyRange,dirtyRange,none,notApplicable,notApplicable,incremental,1,1,0,28963,6.813
Classic CPU ROAM,RelWithDebInfo,OpenGL,NVIDIA GeForce RTX 5090 D/PCIe/SSE2,4.1.0 NVIDIA 591.86,false,assets/heightmaps/Hm_Terrain_Peking_513.png,547,547,80.000,12.000,20,0.250,0.100,200000,false,55,64,0.873,21.572,40.498,17.001,-41.520,417.721,200000,1576172,199998,16899,8576,16899,233815,200000,33558,5850,194450,0,66427,133573,29206,3891,0,0,0,1,101.090,408.662,220.472,7.844,14.887,22.857,0.000,0.000,43.174,41.930,0.000,0.000,0.000,0.000,0.000,41.930,0.000,0.000,0.000,0.000,0.000,0.000,0.000,28.817,60.960,6.724,0.000,0.000,11159736,0,85.104,37.744,28.817,0.000,20,56,12461451725942107635,9605223092137381235,13660230550454375333,15825790280935282699,3241115206792746625,200000,0,0,0,181.204,automatic,serialFullRefresh,none,incremental,fullAllCurrentEntries,notApplicable,1,1,33498,0,14.887,automatic,serialFullRefresh,none,incremental,fullAllCurrentEntries,notApplicable,1,1,200000,0,43.174,automatic,serialImmediate,none,incremental,notApplicable,incremental,1,1,33498,0,22.857,automatic,serialImmediate,none,incremental,notApplicable,incremental,1,1,200000,0,41.930,automatic,serialDirty,none,notApplicable,notApplicable,incremental,1,1,0,66427,28.817,dirtyRange,dirtyRange,none,notApplicable,notApplicable,incremental,1,1,0,29206,6.724
Classic CPU ROAM,RelWithDebInfo,OpenGL,NVIDIA GeForce RTX 5090 D/PCIe/SSE2,4.1.0 NVIDIA 591.86,false,assets/heightmaps/Hm_Terrain_Peking_513.png,547,547,80.000,12.000,20,0.250,0.100,200000,false,56,64,0.889,21.989,44.431,17.046,-37.282,417.248,200000,1586108,199998,18110,9206,18110,233670,200000,33445,6414,204891,0,67642,132358,29578,3345,0,0,0,1,101.629,406.545,220.853,8.191,14.960,24.108,0.000,0.000,43.311,39.692,0.000,0.000,0.000,0.000,0.000,39.692,0.000,0.000,0.000,0.000,0.000,0.000,0.000,30.141,60.449,6.733,0.000,0.000,11363856,0,83.003,39.068,30.141,0.000,20,57,16962308626050338361,2991304471034850643,15320526172865684881,2165207472236880897,4634311126509484066,200000,0,0,0,178.702,automatic,serialFullRefresh,none,incremental,fullAllCurrentEntries,notApplicable,1,1,33558,0,14.960,automatic,serialFullRefresh,none,incremental,fullAllCurrentEntries,notApplicable,1,1,200000,0,43.311,automatic,serialImmediate,none,incremental,notApplicable,incremental,1,1,33558,0,24.108,automatic,serialImmediate,none,incremental,notApplicable,incremental,1,1,200000,0,39.692,automatic,serialDirty,none,notApplicable,notApplicable,incremental,1,1,0,67642,30.141,dirtyRange,dirtyRange,none,notApplicable,notApplicable,incremental,1,1,0,29578,6.733
Classic CPU ROAM,RelWithDebInfo,OpenGL,NVIDIA GeForce RTX 5090 D/PCIe/SSE2,4.1.0 NVIDIA 591.86,false,assets/heightmaps/Hm_Terrain_Peking_513.png,547,547,80.000,12.000,20,0.250,0.100,200000,false,57,64,0.905,22.405,47.922,17.207,-32.673,415.855,200000,1595956,199998,17926,9041,17926,233810,200000,33598,5648,206245,0,69761,130239,30045,3127,0,0,0,1,101.649,406.860,219.127,7.334,15.126,23.188,0.000,0.000,43.099,41.785,0.000,0.000,0.000,0.000,0.000,41.785,0.000,0.000,0.000,0.000,0.000,0.000,0.000,30.416,58.176,7.128,0.000,0.000,11719848,0,84.885,38.315,30.416,0.000,20,58,12116370232166774602,14931035836366094131,8782637290810732841,1011084393964165441,10819543546728440841,200000,0,0,0,180.355,automatic,serialFullRefresh,none,incremental,fullAllCurrentEntries,notApplicable,1,1,33445,0,15.126,automatic,serialFullRefresh,none,incremental,fullAllCurrentEntries,notApplicable,1,1,200000,0,43.099,automatic,serialImmediate,none,incremental,notApplicable,incremental,1,1,33445,0,23.188,automatic,serialImmediate,none,incremental,notApplicable,incremental,1,1,200000,0,41.785,automatic,serialDirty,none,notApplicable,notApplicable,incremental,1,1,0,69761,30.416,dirtyRange,dirtyRange,none,notApplicable,notApplicable,incremental,1,1,0,30045,7.128
Classic CPU ROAM,RelWithDebInfo,OpenGL,NVIDIA GeForce RTX 5090 D/PCIe/SSE2,4.1.0 NVIDIA 591.86,false,assets/heightmaps/Hm_Terrain_Peking_513.png,547,547,80.000,12.000,20,0.250,0.100,200000,false,58,64,0.921,22.821,50.937,17.480,-27.739,415.401,200000,1604498,199998,15972,8097,15972,233983,200000,33776,5160,189504,0,67952,132048,30218,2440,0,0,0,1,99.600,399.200,211.189,7.183,14.971,21.105,0.000,0.000,43.096,37.203,0.000,0.000,0.000,0.000,0.000,37.203,0.000,0.000,0.000,0.000,0.000,0.000,0.000,27.632,59.997,6.935,0.000,0.000,11415936,0,80.299,36.076,27.632,0.000,20,59,10216951058508844915,2939512850328083782,3999098198439707140,5397616923161460118,11478518909909553113,200000,0,0,0,180.814,automatic,serialFullRefresh,none,incremental,fullAllCurrentEntries,notApplicable,1,1,33598,0,14.971,automatic,serialFullRefresh,none,incremental,fullAllCurrentEntries,notApplicable,1,1,200000,0,43.096,automatic,serialImmediate,none,incremental,notApplicable,incremental,1,1,33598,0,21.105,automatic,serialImmediate,none,incremental,notApplicable,incremental,1,1,200000,0,37.203,automatic,serialDirty,none,notApplicable,notApplicable,incremental,1,1,0,67952,27.632,dirtyRange,dirtyRange,none,notApplicable,notApplicable,incremental,1,1,0,30218,6.935
Classic CPU ROAM,RelWithDebInfo,OpenGL,NVIDIA GeForce RTX 5090 D/PCIe/SSE2,4.1.0 NVIDIA 591.86,false,assets/heightmaps/Hm_Terrain_Peking_513.png,547,547,80.000,12.000,20,0.250,0.100,200000,false,59,64,0.937,23.229,53.446,17.852,-22.529,407.962,200000,1610400,199998,14004,7137,14004,233963,200000,33635,4676,164499,0,62402,137598,28954,2639,0,0,0,1,100.148,396.627,203.413,7.344,15.674,19.458,0.000,0.000,45.071,33.097,0.000,0.000,0.000,0.000,0.000,33.097,0.000,0.000,0.000,0.000,0.000,0.000,0.000,24.302,58.465,6.509,0.000,0.000,10483536,0,78.168,35.132,24.302,0.000,20,60,11110992602936541075,3769314798835084249,8482777898488438687,10367284481961459862,14770460149585646933,200000,0,0,0,186.465,automatic,serialFullRefresh,none,incremental,fullAllCurrentEntries,notApplicable,1,1,33776,0,15.674,automatic,serialFullRefresh,none,incremental,fullAllCurrentEntries,notApplicable,1,1,200000,0,45.071,automatic,serialImmediate,none,incremental,notApplicable,incremental,1,1,33776,0,19.458,automatic,serialImmediate,none,incremental,notApplicable,incremental,1,1,200000,0,33.097,automatic,serialDirty,none,notApplicable,notApplicable,incremental,1,1,0,62402,24.302,dirtyRange,dirtyRange,none,notApplicable,notApplicable,incremental,1,1,0,28954,6.509
Classic CPU ROAM,RelWithDebInfo,OpenGL,NVIDIA GeForce RTX 5090 D/PCIe/SSE2,4.1.0 NVIDIA 591.86,false,assets/heightmaps/Hm_Terrain_Peking_513.png,547,547,80.000,12.000,20,0.250,0.100,200000,false,60,64,0.952,23.634,55.423,18.310,-17.096,405.455,200000,1613728,199998,15077,7673,15077,233914,200000,33628,5206,177259,0,61085,138915,29201,2412,0,0,0,1,98.867,418.437,221.862,7.257,15.452,21.328,0.000,0.000,44.246,36.052,0.000,0.000,0.000,0.000,0.000,36.052,0.000,0.000,0.000,0.000,0.000,0.000,0.000,28.111,69.413,7.461,0.000,0.000,10262280,0,80.298,36.780,28.111,0.000,20,61,14925475483848614389,14069151452979917280,891199421083777342,13114021429464446957,9792374462707050516,200000,0,0,0,188.934,automatic,serialFullRefresh,none,incremental,fullAllCurrentEntries,notApplicable,1,1,33635,0,15.452,automatic,serialFullRefresh,none,incremental,fullAllCurrentEntries,notApplicable,1,1,200000,0,44.246,automatic,serialImmediate,none,incremental,notApplicable,incremental,1,1,33635,0,21.328,automatic,serialImmediate,none,incremental,notApplicable,incremental,1,1,200000,0,36.052,automatic,serialDirty,none,notApplicable,notApplicable,incremental,1,1,0,61085,28.111,dirtyRange,dirtyRange,none,notApplicable,notApplicable,incremental,1,1,0,29201,7.461
Classic CPU ROAM,RelWithDebInfo,OpenGL,NVIDIA GeForce RTX 5090 D/PCIe/SSE2,4.1.0 NVIDIA 591.86,false,assets/heightmaps/Hm_Terrain_Peking_513.png,547,547,80.000,12.000,20,0.250,0.100,200000,false,61,64,0.968,24.061,56.850,18.835,-11.492,427.374,200000,1616268,199998,15566,7957,15566,233818,200000,33577,5724,181255,0,64317,135683,30351,3031,0,0,0,1,97.501,408.507,220.729,8.024,15.785,22.977,0.000,0.000,45.732,37.002,0.000,0.000,0.000,0.000,0.000,37.002,0.000,0.000,0.000,0.000,0.000,0.000,0.000,28.695,62.512,7.797,0.000,0.000,10805256,0,82.734,38.763,28.695,0.000,20,62,16281842406765578862,14119568360212279838,14426469115822831624,17934462993234615333,14359339353071339021,200000,0,0,0,179.697,automatic,serialFullRefresh,none,incremental,fullAllCurrentEntries,notApplicable,1,1,33628,0,15.785,automatic,serialFullRefresh,none,incremental,fullAllCurrentEntries,notApplicable,1,1,200000,0,45.732,automatic,serialImmediate,none,incremental,notApplicable,incremental,1,1,33628,0,22.977,automatic,serialImmediate,none,incremental,notApplicable,incremental,1,1,200000,0,37.002,automatic,serialDirty,none,notApplicable,notApplicable,incremental,1,1,0,64317,28.695,dirtyRange,dirtyRange,none,notApplicable,notApplicable,incremental,1,1,0,30351,7.797
Classic CPU ROAM,RelWithDebInfo,OpenGL,NVIDIA GeForce RTX 5090 D/PCIe/SSE2,4.1.0 NVIDIA 591.86,false,assets/heightmaps/Hm_Terrain_Peking_513.png,547,547,80.000,12.000,20,0.250,0.100,200000,false,62,64,0.984,24.479,57.712,19.406,-5.775,417.296,200000,1618212,199998,15775,8075,15775,233768,200000,33553,6164,183484,0,65507,134493,30601,3117,0,0,0,1,100.679,394.884,213.713,8.026,15.077,22.852,0.000,0.000,44.974,36.534,0.000,0.000,0.000,0.000,0.000,36.534,0.000,0.000,0.000,0.000,0.000,0.000,0.000,27.399,58.849,6.823,0.000,0.000,11005176,0,81.508,37.929,27.399,0.000,20,63,17076166320377846482,8145734515516221240,4795982067226492978,6556562284743222332,2373929567024298828,200000,0,0,0,174.050,automatic,serialFullRefresh,none,incremental,fullAllCurrentEntries,notApplicable,1,1,33577,0,15.077,automatic,serialFullRefresh,none,incremental,fullAllCurrentEntries,notApplicable,1,1,200000,0,44.974,automatic,serialImmediate,none,incremental,notApplicable,incremental,1,1,33577,0,22.852,automatic,serialImmediate,none,incremental,notApplicable,incremental,1,1,200000,0,36.534,automatic,serialDirty,none,notApplicable,notApplicable,incremental,1,1,0,65507,27.399,dirtyRange,dirtyRange,none,notApplicable,notApplicable,incremental,1,1,0,30601,6.823
Classic CPU ROAM,RelWithDebInfo,OpenGL,NVIDIA GeForce RTX 5090 D/PCIe/SSE2,4.1.0 NVIDIA 591.86,false,assets/heightmaps/Hm_Terrain_Peking_513.png,547,547,80.000,12.000,20,0.250,0.100,200000,false,63,64,1.000,24.883,58.000,20.000,0.000,403.975,200000,1618212,199998,14237,7228,14237,233858,200000,33558,5847,168875,0,62160,137840,29725,3984,0,0,0,1,98.527,371.314,195.698,6.828,15.009,19.889,0.000,0.000,43.448,32.431,0.000,0.000,0.000,0.000,0.000,32.431,0.000,0.000,0.000,0.000,0.000,0.000,0.000,23.714,54.379,6.496,0.000,0.000,10442880,0,75.879,34.898,23.714,0.000,20,64,2230507883642709571,16565719601786175302,17501515389035867340,5890957517759327051,4689295398733777415,200000,0,0,0,168.945,automatic,serialFullRefresh,none,incremental,fullAllCurrentEntries,notApplicable,1,1,33553,0,15.009,automatic,serialFullRefresh,none,incremental,fullAllCurrentEntries,notApplicable,1,1,200000,0,43.448,automatic,serialImmediate,none,incremental,notApplicable,incremental,1,1,33553,0,19.889,automatic,serialImmediate,none,incremental,notApplicable,incremental,1,1,200000,0,32.431,automatic,serialDirty,none,notApplicable,notApplicable,incremental,1,1,0,62160,23.714,dirtyRange,dirtyRange,none,notApplicable,notApplicable,incremental,1,1,0,29725,6.496
Data-Oriented CPU ROAM,RelWithDebInfo,OpenGL,NVIDIA GeForce RTX 5090 D/PCIe/SSE2,4.1.0 NVIDIA 591.86,false,assets/heightmaps/Hm_Terrain_Peking_513.png,547,547,80.000,12.000,20,0.250,0.100,200000,false,0,64,0.000,0.000,58.000,20.000,0.000,984.204,199999,399996,199997,199997,99941,0,233557,199999,33558,0,1369733,1,199999,0,1,1,0,0,0,8,97.623,515.474,408.714,96.952,0.000,0.004,0.000,0.000,0.001,256.843,0.000,0.000,0.000,0.000,0.000,256.842,0.002,0.000,0.000,0.000,0.000,0.000,0.000,15.546,39.367,3.277,0.000,0.000,33599832,0,256.843,0.005,15.546,0.000,20,1,11070259552394042318,5977180557121830227,17573036779925616676,4572731874036087188,5677462786853086169,200000,0,0,0,103.350,automatic,serialFullRefresh,noWork,incremental,fullAllCurrentEntries,notApplicable,0,0,0,0,0.000,automatic,serialFullRefresh,belowParallelThreshold,incremental,fullAllCurrentEntries,notApplicable,0,1,2,0,0.001,automatic,serialImmediate,noWork,incremental,notApplicable,incremental,0,1,0,0,0.002,serialImmediate,serialImmediate,none,incremental,notApplicable,incremental,1,1,2,0,256.842,automatic,parallelDirty,none,notApplicable,notApplicable,full,0,8,0,199999,15.546,fullBuffer,fullBuffer,none,notApplicable,notApplicable,full,1,1,0,1,3.277
Data-Oriented CPU ROAM,RelWithDebInfo,OpenGL,NVIDIA GeForce RTX 5090 D/PCIe/SSE2,4.1.0 NVIDIA 591.86,false,assets/heightmaps/Hm_Terrain_Peking_513.png,547,547,80.000,12.000,20,0.250,0.100,200000,false,1,64,0.016,0.528,57.712,20.594,5.775,528.202,199999,427214,199997,13609,6871,13609,233748,199999,33614,5942,159076,0,199999,0,1,5943,0,0,0,8,183.180,234.277,123.324,7.390,3.108,19.291,0.000,0.000,6.912,37.546,0.000,0.000,0.000,0.000,0.000,37.545,0.138,0.386,0.147,0.003,1.494,17.109,0.000,19.320,29.757,3.950,0.000,0.000,33599832,0,60.299,22.398,19.320,0.000,20,2,17589441392987210894,10138580484592569624,6974023681053322935,8526909214016674551,8980536802231160320,200000,0,0,0,106.867,automatic,parallelFullRefresh,none,incremental,fullAllCurrentEntries,notApplicable,0,8,33558,0,3.108,automatic,parallelFullRefresh,none,incremental,fullAllCurrentEntries,notApplicable,0,8,198275,0,6.912,automatic,parallelAssisted,none,incremental,notApplicable,incremental,0,5,312,0,19.277,serialImmediate,serialImmediate,none,incremental,notApplicable,incremental,1,1,198275,0,37.545,automatic,parallelDirty,none,notApplicable,notApplicable,incremental,0,8,0,199999,19.320,dirtyRange,dirtyRange,none,notApplicable,notApplicable,incremental,1,1,0,1,3.950
Data-Oriented CPU ROAM,RelWithDebInfo,OpenGL,NVIDIA GeForce RTX 5090 D/PCIe/SSE2,4.1.0 NVIDIA 591.86,false,assets/heightmaps/Hm_Terrain_Peking_513.png,547,547,80.000,12.000,20,0.250,0.100,200000,false,2,64,0.032,0.770,56.850,21.165,11.492,241.578,199999,455328,199997,14461,7346,14461,233842,199999,33714,4236,173336,0,57219,142780,22777,4237,0,0,0,8,209.411,206.684,92.664,6.973,2.454,18.556,0.000,0.000,5.977,24.335,0.000,0.000,0.000,0.000,0.000,24.334,0.274,1.168,0.404,0.010,4.731,11.959,0.000,7.486,26.881,5.169,0.000,0.000,9612792,0,39.261,21.011,7.486,0.000,20,3,15641709142241550247,1640555370884832755,5591888071812846264,4596872360048787178,15168832056936147836,200000,0,0,0,108.529,automatic,parallelFullRefresh,none,incremental,fullAllCurrentEntries,notApplicable,0,8,33614,0,2.454,automatic,parallelFullRefresh,none,incremental,fullAllCurrentEntries,notApplicable,0,8,194008,0,5.977,automatic,parallelAssisted,none,incremental,notApplicable,incremental,0,7,1144,0,18.546,serialImmediate,serialImmediate,none,incremental,notApplicable,incremental,1,1,194008,0,24.334,automatic,parallelDirty,none,notApplicable,notApplicable,incremental,0,8,0,57219,7.486,dirtyRange,dirtyRange,none,notApplicable,notApplicable,incremental,1,1,0,22777,5.169
Data-Oriented CPU ROAM,RelWithDebInfo,OpenGL,NVIDIA GeForce RTX 5090 D/PCIe/SSE2,4.1.0 NVIDIA 591.86,false,assets/heightmaps/Hm_Terrain_Peking_513.png,547,547,80.000,12.000,20,0.250,0.100,200000,false,3,64,0.048,0.983,55.423,21.690,17.096,213.637,199999,484576,199997,15341,7854,15341,234092,199999,33926,3881,185556,0,59193,140806,25321,3882,0,0,0,8,99.913,209.029,93.791,6.882,2.153,19.936,0.000,0.000,5.455,25.669,0.000,0.000,0.000,0.000,0.000,25.668,0.310,1.466,0.377,0.015,5.671,12.088,0.000,7.491,26.205,5.667,0.000,0.000,9944424,0,39.283,22.089,7.491,0.000,20,4,10481373495733781060,7568413999248190805,4921616559892757118,18043163426793853018,11487383912968617224,200000,0,0,0,109.230,automatic,parallelFullRefresh,none,incremental,fullAllCurrentEntries,notApplicable,0,8,33714,0,2.153,automatic,parallelFullRefresh,none,incremental,fullAllCurrentEntries,notApplicable,0,8,192418,0,5.455,automatic,parallelAssisted,none,incremental,notApplicable,incremental,0,6,1381,0,19.927,serialImmediate,serialImmediate,none,incremental,notApplicable,incremental,1,1,192418,0,25.668,automatic,parallelDirty,none,notApplicable,notApplicable,incremental,0,8,0,59193,7.491,dirtyRange,dirtyRange,none,notApplicable,notApplicable,incremental,1,1,0,25321,5.667
Data-Oriented CPU ROAM,RelWithDebInfo,OpenGL,NVIDIA GeForce RTX 5090 D/PCIe/SSE2,4.1.0 NVIDIA 591.86,false,assets/heightmaps/Hm_Terrain_Peking_513.png,547,547,80.000,12.000,20,0.250,0.100,200000,false,4,64,0.063,1.200,53.446,22.148,22.529,217.023,199999,515872,199997,16557,8422,16557,234322,199999,34139,4242,201391,0,60479,139520,26006,4243,0,0,0,8,94.714,220.271,101.376,7.032,2.852,22.012,0.000,0.000,5.588,28.355,0.000,0.000,0.000,0.000,0.000,28.354,0.332,1.616,0.558,0.016,6.320,13.158,0.000,8.054,27.482,5.747,0.000,0.000,10160472,0,43.142,24.864,8.054,0.000,20,5,2269565761798755136,6733319019663245412,12259924687577902111,13621817734845741777,6403151579971455132,200000,0,0,0,112.887,automatic,parallelFullRefresh,none,incremental,fullAllCurrentEntries,notApplicable,0,8,33926,0,2.852,automatic,parallelFullRefresh,none,incremental,fullAllCurrentEntries,notApplicable,0,8,191925,0,5.588,automatic,parallelAssisted,none,incremental,notApplicable,incremental,0,5,1535,0,22.001,serialImmediate,serialImmediate,none,incremental,notApplicable,incremental,1,1,191925,0,28.354,automatic,parallelDirty,none,notApplicable,notApplicable,incremental,0,8,0,60479,8.054,dirtyRange,dirtyRange,none,notApplicable,notApplicable,incremental,1,1,0,26006,5.747
Data-Oriented CPU ROAM,RelWithDebInfo,OpenGL,NVIDIA GeForce RTX 5090 D/PCIe/SSE2,4.1.0 NVIDIA 591.86,false,assets/heightmaps/Hm_Terrain_Peking_513.png,547,547,80.000,12.000,20,0.250,0.100,200000,false,5,64,0.079,1.429,50.937,22.520,27.739,228.317,200000,545952,199998,16444,8347,16443,234477,200000,34173,3967,197069,0,60703,139297,26967,3968,0,0,0,8,103.410,217.395,101.063,7.169,2.476,22.211,0.000,0.000,6.086,28.015,0.000,0.000,0.000,0.000,0.000,28.014,0.338,1.642,0.534,0.012,6.604,13.069,0.000,7.898,27.207,5.796,0.000,0.000,10198104,0,42.948,24.687,7.898,0.000,20,6,7909391879053513476,2504589822901756120,6770990170278849198,14798544035626559840,9059139974614888873,200000,0,0,0,110.266,automatic,parallelFullRefresh,none,incremental,fullAllCurrentEntries,notApplicable,0,8,34139,0,2.476,automatic,parallelFullRefresh,none,incremental,fullAllCurrentEntries,notApplicable,0,8,191488,0,6.086,automatic,parallelAssisted,none,incremental,notApplicable,incremental,0,5,1600,0,22.198,serialImmediate,serialImmediate,none,incremental,notApplicable,incremental,1,1,191488,0,28.014,automatic,parallelDirty,none,notApplicable,notApplicable,incremental,0,8,0,60703,7.898,dirtyRange,dirtyRange,none,notApplicable,notApplicable,incremental,1,1,0,26967,5.796
Data-Oriented CPU ROAM,RelWithDebInfo,OpenGL,NVIDIA GeForce RTX 5090 D/PCIe/SSE2,4.1.0 NVIDIA 591.86,false,assets/heightmaps/Hm_Terrain_Peking_513.png,547,547,80.000,12.000,20,0.250,0.100,200000,false,6,64,0.095,1.655,47.922,22.793,32.673,225.912,199999,573730,199997,15472,7848,15473,234509,199999,34106,4324,185316,0,60188,139811,28067,4325,0,0,0,8,98.484,212.398,97.015,7.061,2.541,20.016,0.000,0.000,5.864,26.129,0.000,0.000,0.000,0.000,0.000,26.129,0.287,1.311,0.362,0.014,5.023,13.008,0.000,8.589,26.815,6.082,0.000,0.000,10111584,0,41.632,22.557,8.589,0.000,20,7,16234258946115825067,1484508623185095291,17769969818639545704,17014387750036138862,11044276454600441868,200000,0,0,0,108.928,automatic,parallelFullRefresh,none,incremental,fullAllCurrentEntries,notApplicable,0,8,34173,0,2.541,automatic,parallelFullRefresh,none,incremental,fullAllCurrentEntries,notApplicable,0,8,193165,0,5.864,automatic,parallelAssisted,none,incremental,notApplicable,incremental,0,5,1279,0,20.006,serialImmediate,serialImmediate,none,incremental,notApplicable,incremental,1,1,193165,0,26.129,automatic,parallelDirty,none,notApplicable,notApplicable,incremental,0,8,0,60188,8.589,dirtyRange,dirtyRange,none,notApplicable,notApplicable,incremental,1,1,0,28067,6.082
Data-Oriented CPU ROAM,RelWithDebInfo,OpenGL,NVIDIA GeForce RTX 5090 D/PCIe/SSE2,4.1.0 NVIDIA 591.86,false,assets/heightmaps/Hm_Terrain_Peking_513.png,547,547,80.000,12.000,20,0.250,0.100,200000,false,7,64,0.111,1.876,44.431,22.954,37.282,221.212,200000,601082,199998,15849,8037,15848,234498,200000,34174,5324,191255,0,61733,138267,29906,5325,0,0,0,8,97.089,231.747,112.816,6.983,2.522,21.377,0.000,0.000,5.457,39.994,0.000,0.000,0.000,0.000,0.000,39.993,0.285,1.069,0.591,0.003,3.990,15.428,0.000,8.292,28.191,6.373,0.000,0.000,10371144,0,58.193,23.898,8.292,0.000,20,8,12967583310070822658,7783257179921695138,15440299088060168580,4738464998413530280,4013228348692373109,200000,0,0,0,112.183,automatic,parallelFullRefresh,none,incremental,fullAllCurrentEntries,notApplicable,0,8,34106,0,2.522,automatic,parallelFullRefresh,none,incremental,fullAllCurrentEntries,notApplicable,0,8,194783,0,5.457,automatic,parallelAssisted,none,incremental,notApplicable,incremental,0,3,976,0,21.366,serialImmediate,serialImmediate,none,incremental,notApplicable,incremental,1,1,194783,0,39.993,automatic,parallelDirty,none,notApplicable,notApplicable,incremental,0,8,0,61733,8.292,dirtyRange,dirtyRange,none,notApplicable,notApplicable,incremental,1,1,0,29906,6.373
Data-Oriented CPU ROAM,RelWithDebInfo,OpenGL,NVIDIA GeForce RTX 5090 D/PCIe/SSE2,4.1.0 NVIDIA 591.86,false,assets/heightmaps/Hm_Terrain_Peking_513.png,547,547,80.000,12.000,20,0.250,0.100,200000,false,8,64,0.127,2.117,40.498,22.999,41.520,240.804,199999,627898,199997,16040,8141,16041,234356,199999,34196,6160,187607,0,64077,135922,32020,6161,0,0,0,8,156.899,215.855,98.423,7.123,2.445,20.555,0.000,0.000,5.920,26.690,0.000,0.000,0.000,0.000,0.000,26.689,0.181,0.827,0.426,0.002,2.940,16.172,0.000,8.328,27.361,6.653,0.000,0.000,10764936,0,46.814,23.000,8.328,0.000,20,9,2735297262543734599,1130222887761867190,12831338062014181277,4204149245298078450,12642480308814401432,200000,0,0,0,110.386,automatic,parallelFullRefresh,none,incremental,fullAllCurrentEntries,notApplicable,0,8,34174,0,2.445,automatic,parallelFullRefresh,none,incremental,fullAllCurrentEntries,notApplicable,0,8,196245,0,5.920,automatic,parallelAssisted,none,incremental,notApplicable,incremental,0,3,706,0,20.548,serialImmediate,serialImmediate,none,incremental,notApplicable,incremental,1,1,196245,0,26.689,automatic,parallelDirty,none,notApplicable,notApplicable,incremental,0,8,0,64077,8.328,dirtyRange,dirtyRange,none,notApplicable,notApplicable,incremental,1,1,0,32020,6.653
Data-Oriented CPU ROAM,RelWithDebInfo,OpenGL,NVIDIA GeForce RTX 5090 D/PCIe/SSE2,4.1.0 NVIDIA 591.86,false,assets/heightmaps/Hm_Terrain_Peking_513.png,547,547,80.000,12.000,20,0.250,0.100,200000,false,9,64,0.143,2.342,36.162,22.925,45.346,225.616,199999,654588,199997,16360,8241,16360,234311,199999,34043,6794,190397,0,65254,134745,33962,6795,0,0,0,8,95.623,219.622,101.652,6.996,2.733,20.646,0.000,0.000,5.832,27.613,0.000,0.000,0.000,0.000,0.000,27.613,0.206,0.542,0.335,0.002,2.147,17.400,0.000,8.630,29.200,7.121,0.000,0.000,10962672,0,49.403,23.380,8.630,0.000,20,10,6261970416352903012,4148249379369897430,4789572561677936393,11864531304568056628,12129584698622722319,200000,0,0,0,110.481,automatic,parallelFullRefresh,none,incremental,fullAllCurrentEntries,notApplicable,0,8,34196,0,2.733,automatic,parallelFullRefresh,none,incremental,fullAllCurrentEntries,notApplicable,0,8,197217,0,5.832,automatic,parallelAssisted,none,incremental,notApplicable,incremental,0,3,530,0,20.632,serialImmediate,serialImmediate,none,incremental,notApplicable,incremental,1,1,197217,0,27.613,automatic,parallelDirty,none,notApplicable,notApplicable,incremental,0,8,0,65254,8.630,dirtyRange,dirtyRange,none,notApplicable,notApplicable,incremental,1,1,0,33962,7.121
Data-Oriented CPU ROAM,RelWithDebInfo,OpenGL,NVIDIA GeForce RTX 5090 D/PCIe/SSE2,4.1.0 NVIDIA 591.86,false,assets/heightmaps/Hm_Terrain_Peking_513.png,547,547,80.000,12.000,20,0.250,0.100,200000,false,10,64,0.159,2.572,31.468,22.735,48.722,229.668,200000,678670,199998,15541,7903,15540,234064,200000,33859,6816,183005,0,65340,134660,34642,6817,0,0,0,8,149.514,226.776,103.985,8.227,2.438,19.409,0.000,0.000,5.947,26.164,0.000,0.000,0.000,0.000,0.000,26.164,0.120,0.407,0.127,0.002,1.475,17.268,0.000,8.766,33.034,7.240,0.000,0.000,10977120,0,48.202,21.847,8.766,0.000,20,11,16696731375890755536,11966640825832472449,2936329696377599435,5769801941632414398,3236808997738095582,200000,0,0,0,115.176,automatic,parallelFullRefresh,none,incremental,fullAllCurrentEntries,notApplicable,0,8,34043,0,2.438,automatic,parallelFullRefresh,none,incremental,fullAllCurrentEntries,notApplicable,0,8,198088,0,5.947,automatic,parallelAssisted,none,incremental,notApplicable,incremental,0,2,383,0,19.399,serialImmediate,serialImmediate,none,incremental,notApplicable,incremental,1,1,198088,0,26.164,automatic,parallelDirty,none,notApplicable,notApplicable,incremental,0,8,0,65340,8.766,dirtyRange,dirtyRange,none,notApplicable,notApplicable,incremental,1,1,0,34642,7.240
Data-Oriented CPU ROAM,RelWithDebInfo,OpenGL,NVIDIA GeForce RTX 5090 D/PCIe/SSE2,4.1.0 NVIDIA 591.86,false,assets/heightmaps/Hm_Terrain_Peking_513.png,547,547,80.000,12.000,20,0.250,0.100,200000,false,11,64,0.175,2.810,26.460,22.436,51.613,237.816,199999,700592,199997,14496,7420,14497,233892,199999,33756,5778,171324,0,62968,137031,34594,5779,0,0,0,8,95.031,220.716,98.438,7.038,2.983,19.302,0.000,0.000,5.864,25.123,0.000,0.000,0.000,0.000,0.000,25.122,0.156,0.604,0.185,0.002,2.409,15.935,0.000,8.413,29.715,6.894,0.000,0.000,10578624,0,45.486,22.284,8.413,0.000,20,12,15156380509271606851,8773347649960306180,11742563192499543283,17566631783993503713,7817316123620822810,200000,0,0,0,114.971,automatic,parallelFullRefresh,none,incremental,fullAllCurrentEntries,notApplicable,0,8,33859,0,2.983,automatic,parallelFullRefresh,none,incremental,fullAllCurrentEntries,notApplicable,0,8,197047,0,5.864,automatic,parallelAssisted,none,incremental,notApplicable,incremental,0,4,600,0,19.292,serialImmediate,serialImmediate,none,incremental,notApplicable,incremental,1,1,197047,0,25.122,automatic,parallelDirty,none,notApplicable,notApplicable,incremental,0,8,0,62968,8.413,dirtyRange,dirtyRange,none,notApplicable,notApplicable,incremental,1,1,0,34594,6.894
Data-Oriented CPU ROAM,RelWithDebInfo,OpenGL,NVIDIA GeForce RTX 5090 D/PCIe/SSE2,4.1.0 NVIDIA 591.86,false,assets/heightmaps/Hm_Terrain_Peking_513.png,547,547,80.000,12.000,20,0.250,0.100,200000,false,12,64,0.190,3.042,21.190,22.041,53.991,231.836,200000,721734,199998,14367,7329,14366,233943,200000,33694,5388,171299,0,59664,140336,34327,5389,0,0,0,8,153.835,231.157,103.280,6.875,2.928,20.446,0.000,0.000,6.384,26.269,0.000,0.000,0.000,0.000,0.000,26.268,0.193,0.791,0.251,0.005,2.735,16.460,0.000,8.366,32.013,7.629,0.000,0.000,10023552,0,47.070,23.374,8.366,0.000,20,13,9413489617332019322,7985901360231321369,1171555780814262575,18239834171527566255,13209847332320952565,200000,0,0,0,119.844,automatic,parallelFullRefresh,none,incremental,fullAllCurrentEntries,notApplicable,0,8,33756,0,2.928,automatic,parallelFullRefresh,none,incremental,fullAllCurrentEntries,notApplicable,0,8,196403,0,6.384,automatic,parallelAssisted,none,incremental,notApplicable,incremental,0,4,662,0,20.435,serialImmediate,serialImmediate,none,incremental,notApplicable,incremental,1,1,196403,0,26.268,automatic,parallelDirty,none,notApplicable,notApplicable,incremental,0,8,0,59664,8.366,dirtyRange,dirtyRange,none,notApplicable,notApplicable,incremental,1,1,0,34327,7.629
Data-Oriented CPU ROAM,RelWithDebInfo,OpenGL,NVIDIA GeForce RTX 5090 D/PCIe/SSE2,4.1.0 NVIDIA 591.86,false,assets/heightmaps/Hm_Terrain_Peking_513.png,547,547,80.000,12.000,20,0.250,0.100,200000,false,13,64,0.206,3.283,15.709,21.564,55.832,241.570,200000,745072,199998,15353,7804,15353,233853,200000,33627,5584,180389,0,61487,138513,35401,5585,0,0,0,8,143.256,236.814,112.504,8.771,2.363,22.038,0.000,0.000,6.954,27.603,0.000,0.000,0.000,0.000,0.000,27.602,0.190,0.769,0.269,0.003,3.088,17.708,0.000,10.085,34.689,7.691,0.000,0.000,10329816,0,49.874,24.400,10.085,0.000,20,14,11847623239227662375,16290827925674946331,11927697215920248553,5317377401584438523,1284541679729744499,200000,0,0,0,116.254,automatic,parallelFullRefresh,none,incremental,fullAllCurrentEntries,notApplicable,0,8,33694,0,2.363,automatic,parallelFullRefresh,none,incremental,fullAllCurrentEntries,notApplicable,0,8,195813,0,6.954,automatic,parallelAssisted,none,incremental,notApplicable,incremental,0,4,736,0,22.026,serialImmediate,serialImmediate,none,incremental,notApplicable,incremental,1,1,195813,0,27.602,automatic,parallelDirty,none,notApplicable,notApplicable,incremental,0,8,0,61487,10.085,dirtyRange,dirtyRange,none,notApplicable,notApplicable,incremental,1,1,0,35401,7.691
Data-Oriented CPU ROAM,RelWithDebInfo,OpenGL,NVIDIA GeForce RTX 5090 D/PCIe/SSE2,4.1.0 NVIDIA 591.86,false,assets/heightmaps/Hm_Terrain_Peking_513.png,547,547,80.000,12.000,20,0.250,0.100,200000,false,14,64,0.222,3.531,10.072,21.026,57.119,247.520,200000,770358,199998,16206,8304,16206,233908,200000,33565,5787,190490,0,64784,135216,36283,5788,0,0,0,8,162.658,238.296,108.918,8.264,2.639,22.088,0.000,0.000,7.100,28.113,0.000,0.000,0.000,0.000,0.000,28.111,0.203,0.803,0.197,0.003,3.170,17.704,0.000,9.448,31.266,7.668,0.000,0.000,10883712,0,50.412,24.727,9.448,0.000,20,15,7461145220285704044,12144965187181402796,5113406298481224610,2926562529792837592,6101665858607488865,200000,0,0,0,121.303,automatic,parallelFullRefresh,none,incremental,fullAllCurrentEntries,notApplicable,0,8,33627,0,2.639,automatic,parallelFullRefresh,none,incremental,fullAllCurrentEntries,notApplicable,0,8,195367,0,7.100,automatic,parallelAssisted,none,incremental,notApplicable,incremental,0,6,797,0,22.080,serialImmediate,serialImmediate,none,incremental,notApplicable,incremental,1,1,195367,0,28.111,automatic,parallelDirty,none,notApplicable,notApplicable,incremental,0,8,0,64784,9.448,dirtyRange,dirtyRange,none,notApplicable,notApplicable,incremental,1,1,0,36283,7.668
Data-Oriented CPU ROAM,RelWithDebInfo,OpenGL,NVIDIA GeForce RTX 5090 D/PCIe/SSE2,4.1.0 NVIDIA 591.86,false,assets/heightmaps/Hm_Terrain_Peking_513.png,547,547,80.000,12.000,20,0.250,0.100,200000,false,15,64,0.238,3.780,4.334,20.447,57.838,249.396,199999,795980,199997,16398,8303,16399,233659,199999,33433,5579,191619,0,65487,134512,36636,5580,0,0,0,8,143.511,225.212,106.823,8.191,2.322,22.150,0.000,0.000,6.342,27.760,0.000,0.000,0.000,0.000,0.000,27.759,0.234,0.963,0.378,0.004,3.645,16.916,0.000,10.079,29.979,7.379,0.000,0.000,11001816,0,48.281,24.472,10.079,0.000,20,16,14440708631292506924,5936097924742473912,7066146189345485211,14243269207114944881,9983541250134023741,200000,0,0,0,110.586,automatic,parallelFullRefresh,none,incremental,fullAllCurrentEntries,notApplicable,0,8,33565,0,2.322,automatic,parallelFullRefresh,none,incremental,fullAllCurrentEntries,notApplicable,0,8,194764,0,6.342,automatic,parallelAssisted,none,incremental,notApplicable,incremental,0,6,929,0,22.140,serialImmediate,serialImmediate,none,incremental,notApplicable,incremental,1,1,194764,0,27.759,automatic,parallelDirty,none,notApplicable,notApplicable,incremental,0,8,0,65487,10.079,dirtyRange,dirtyRange,none,notApplicable,notApplicable,incremental,1,1,0,36636,7.379
Data-Oriented CPU ROAM,RelWithDebInfo,OpenGL,NVIDIA GeForce RTX 5090 D/PCIe/SSE2,4.1.0 NVIDIA 591.86,false,assets/heightmaps/Hm_Terrain_Peking_513.png,547,547,80.000,12.000,20,0.250,0.100,200000,false,16,64,0.254,4.016,-1.446,19.850,57.982,236.355,200000,822444,199998,15856,7931,15855,233704,200000,33504,5255,188074,0,63734,136266,35816,5256,0,0,0,8,96.030,218.670,100.497,7.220,2.509,20.955,0.000,0.000,5.654,27.275,0.000,0.000,0.000,0.000,0.000,27.274,0.247,1.108,0.437,0.003,4.168,14.982,0.000,9.087,27.796,7.071,0.000,0.000,10707312,0,45.245,23.464,9.087,0.000,20,17,2600079158189563807,3505936785992697936,13213597493490085694,2228014458796561825,4457614681459694059,200000,0,0,0,110.705,automatic,parallelFullRefresh,none,incremental,fullAllCurrentEntries,notApplicable,0,8,33433,0,2.509,automatic,parallelFullRefresh,none,incremental,fullAllCurrentEntries,notApplicable,0,8,194653,0,5.654,automatic,parallelAssisted,none,incremental,notApplicable,incremental,0,6,1057,0,20.945,serialImmediate,serialImmediate,none,incremental,notApplicable,incremental,1,1,194653,0,27.274,automatic,parallelDirty,none,notApplicable,notApplicable,incremental,0,8,0,63734,9.087,dirtyRange,dirtyRange,none,notApplicable,notApplicable,incremental,1,1,0,35816,7.071
Data-Oriented CPU ROAM,RelWithDebInfo,OpenGL,NVIDIA GeForce RTX 5090 D/PCIe/SSE2,4.1.0 NVIDIA 591.86,false,assets/heightmaps/Hm_Terrain_Peking_513.png,547,547,80.000,12.000,20,0.250,0.100,200000,false,17,64,0.270,4.246,-7.212,19.260,57.550,229.666,199999,847018,199997,14298,7231,14299,233572,199999,33441,5127,167266,0,61079,138920,34942,5128,0,0,0,8,97.113,216.705,99.456,7.267,2.339,19.242,0.000,0.000,5.805,25.442,0.000,0.000,0.000,0.000,0.000,25.441,0.211,0.852,0.435,0.005,3.189,14.540,0.000,7.884,31.478,7.466,0.000,0.000,10261272,0,43.794,21.581,7.884,0.000,20,18,15256805097710554068,2487873219934328708,17735542073906748983,2871146388163732862,14181217687350337688,200000,0,0,0,109.425,automatic,parallelFullRefresh,none,incremental,fullAllCurrentEntries,notApplicable,0,8,33504,0,2.339,automatic,parallelFullRefresh,none,incremental,fullAllCurrentEntries,notApplicable,0,8,195924,0,5.805,automatic,parallelAssisted,none,incremental,notApplicable,incremental,0,6,853,0,19.231,serialImmediate,serialImmediate,none,incremental,notApplicable,incremental,1,1,195924,0,25.441,automatic,parallelDirty,none,notApplicable,notApplicable,incremental,0,8,0,61079,7.884,dirtyRange,dirtyRange,none,notApplicable,notApplicable,incremental,1,1,0,34942,7.466
Data-Oriented CPU ROAM,RelWithDebInfo,OpenGL,NVIDIA GeForce RTX 5090 D/PCIe/SSE2,4.1.0 NVIDIA 591.86,false,assets/heightmaps/Hm_Terrain_Peking_513.png,547,547,80.000,12.000,20,0.250,0.100,200000,false,18,64,0.286,4.473,-12.906,18.698,56.546,226.897,199999,871604,199997,14981,7663,14981,233779,199999,33658,4708,178727,0,60002,139997,34578,4709,0,0,0,8,205.603,211.834,96.077,6.956,2.907,19.886,0.000,0.000,5.720,24.807,0.000,0.000,0.000,0.000,0.000,24.806,0.247,1.053,0.387,0.007,4.167,14.012,0.000,7.493,28.307,6.573,0.000,0.000,10080336,0,41.556,22.793,7.493,0.000,20,19,11502810192213659019,12718344502534008569,15886483787497277154,11728947685023900430,13543176309830874428,200000,0,0,0,108.816,automatic,parallelFullRefresh,none,incremental,fullAllCurrentEntries,notApplicable,0,8,33441,0,2.907,automatic,parallelFullRefresh,none,incremental,fullAllCurrentEntries,notApplicable,0,8,194428,0,5.720,automatic,parallelAssisted,none,incremental,notApplicable,incremental,0,7,1028,0,19.874,serialImmediate,serialImmediate,none,incremental,notApplicable,incremental,1,1,194428,0,24.806,automatic,parallelDirty,none,notApplicable,notApplicable,incremental,0,8,0,60002,7.493,dirtyRange,dirtyRange,none,notApplicable,notApplicable,incremental,1,1,0,34578,6.573
Data-Oriented CPU ROAM,RelWithDebInfo,OpenGL,NVIDIA GeForce RTX 5090 D/PCIe/SSE2,4.1.0 NVIDIA 591.86,false,assets/heightmaps/Hm_Terrain_Peking_513.png,547,547,80.000,12.000,20,0.250,0.100,200000,false,19,64,0.302,4.696,-18.472,18.189,54.980,222.640,200000,899688,199998,17923,9200,17922,233769,200000,33508,4576,209181,0,63310,136690,34763,4577,0,0,0,8,102.629,220.052,105.113,6.920,2.587,24.217,0.000,0.000,5.611,29.197,0.000,0.000,0.000,0.000,0.000,29.197,0.334,1.751,0.480,0.012,6.397,15.232,0.000,8.367,28.213,6.833,0.000,0.000,10636080,0,45.610,26.803,8.367,0.000,20,20,3857529204743722872,18323998568648012168,11814088152895883178,3642013729097088440,17110547586156410951,200000,0,0,0,107.732,automatic,parallelFullRefresh,none,incremental,fullAllCurrentEntries,notApplicable,0,8,33658,0,2.587,automatic,parallelFullRefresh,none,incremental,fullAllCurrentEntries,notApplicable,0,8,191223,0,5.611,automatic,parallelAssisted,none,incremental,notApplicable,incremental,0,6,1641,0,24.205,serialImmediate,serialImmediate,none,incremental,notApplicable,incremental,1,1,191223,0,29.197,automatic,parallelDirty,none,notApplicable,notApplicable,incremental,0,8,0,63310,8.367,dirtyRange,dirtyRange,none,notApplicable,notApplicable,incremental,1,1,0,34763,6.833
Data-Oriented CPU ROAM,RelWithDebInfo,OpenGL,NVIDIA GeForce RTX 5090 D/PCIe/SSE2,4.1.0 NVIDIA 591.86,false,assets/heightmaps/Hm_Terrain_Peking_513.png,547,547,80.000,12.000,20,0.250,0.100,200000,false,20,64,0.317,4.926,-23.855,17.751,52.867,230.831,199999,927200,199997,18182,9182,18183,233841,199999,33465,4638,211870,0,64935,135064,35650,4639,0,0,0,8,139.079,242.992,125.248,6.781,2.389,24.003,0.000,0.000,5.489,49.236,0.000,0.000,0.000,0.000,0.000,49.236,0.301,1.567,0.483,0.017,6.092,15.532,0.000,9.323,28.026,6.991,0.000,0.000,10909080,0,65.814,26.393,9.323,0.000,20,21,4894677377432205448,9768216618377063536,1454652581396991471,14059091348881202174,6877644868321707714,200000,0,0,0,110.355,automatic,parallelFullRefresh,none,incremental,fullAllCurrentEntries,notApplicable,0,8,33508,0,2.389,automatic,parallelFullRefresh,none,incremental,fullAllCurrentEntries,notApplicable,0,8,191122,0,5.489,automatic,parallelAssisted,none,incremental,notApplicable,incremental,0,6,1571,0,23.992,serialImmediate,serialImmediate,none,incremental,notApplicable,incremental,1,1,191122,0,49.236,automatic,parallelDirty,none,notApplicable,notApplicable,incremental,0,8,0,64935,9.323,dirtyRange,dirtyRange,none,notApplicable,notApplicable,incremental,1,1,0,35650,6.991
Data-Oriented CPU ROAM,RelWithDebInfo,OpenGL,NVIDIA GeForce RTX 5090 D/PCIe/SSE2,4.1.0 NVIDIA 591.86,false,assets/heightmaps/Hm_Terrain_Peking_513.png,547,547,80.000,12.000,20,0.250,0.100,200000,false,21,64,0.333,5.180,-29.000,17.402,50.229,253.546,199999,954126,199997,17457,8796,17457,233802,199999,33473,4409,204084,0,67883,132116,37125,4410,0,0,0,8,101.543,222.964,105.436,8.075,2.425,22.682,0.000,0.000,5.943,28.730,0.000,0.000,0.000,0.000,0.000,28.729,0.302,1.527,0.516,0.006,5.700,14.620,0.000,8.317,29.264,7.453,0.000,0.000,11404344,0,44.914,25.107,8.317,0.000,20,22,5464039245519454252,15077720415661972525,18130635415174804634,11953667775993717945,838265267417251517,200000,0,0,0,109.670,automatic,parallelFullRefresh,none,incremental,fullAllCurrentEntries,notApplicable,0,8,33465,0,2.425,automatic,parallelFullRefresh,none,incremental,fullAllCurrentEntries,notApplicable,0,8,191409,0,5.943,automatic,parallelAssisted,none,incremental,notApplicable,incremental,0,6,1523,0,22.671,serialImmediate,serialImmediate,none,incremental,notApplicable,incremental,1,1,191409,0,28.729,automatic,parallelDirty,none,notApplicable,notApplicable,incremental,0,8,0,67883,8.317,dirtyRange,dirtyRange,none,notApplicable,notApplicable,incremental,1,1,0,37125,7.453
Data-Oriented CPU ROAM,RelWithDebInfo,OpenGL,NVIDIA GeForce RTX 5090 D/PCIe/SSE2,4.1.0 NVIDIA 591.86,false,assets/heightmaps/Hm_Terrain_Peking_513.png,547,547,80.000,12.000,20,0.250,0.100,200000,false,22,64,0.349,5.414,-33.857,17.156,47.092,233.827,199999,978124,199997,16428,8321,16428,233796,199999,33444,4742,190907,0,67754,132245,37274,4743,0,0,0,8,103.676,218.426,100.538,6.982,2.496,21.130,0.000,0.000,5.546,27.080,0.000,0.000,0.000,0.000,0.000,27.080,0.253,1.180,0.365,0.006,4.745,14.573,0.000,8.606,28.698,7.354,0.000,0.000,11382672,0,43.501,23.625,8.606,0.000,20,23,14764623168415943744,13137791350344150494,18250664861099904845,14909372800015064471,11757914711316819410,200000,0,0,0,110.136,automatic,parallelFullRefresh,none,incremental,fullAllCurrentEntries,notApplicable,0,8,33473,0,2.496,automatic,parallelFullRefresh,none,incremental,fullAllCurrentEntries,notApplicable,0,8,193066,0,5.546,automatic,parallelAssisted,none,incremental,notApplicable,incremental,0,5,1206,0,21.120,serialImmediate,serialImmediate,none,incremental,notApplicable,incremental,1,1,193066,0,27.080,automatic,parallelDirty,none,notApplicable,notApplicable,incremental,0,8,0,67754,8.606,dirtyRange,dirtyRange,none,notApplicable,notApplicable,incremental,1,1,0,37274,7.354
Data-Oriented CPU ROAM,RelWithDebInfo,OpenGL,NVIDIA GeForce RTX 5090 D/PCIe/SSE2,4.1.0 NVIDIA 591.86,false,assets/heightmaps/Hm_Terrain_Peking_513.png,547,547,80.000,12.000,20,0.250,0.100,200000,false,23,64,0.365,5.643,-38.378,17.023,43.487,229.505,200000,1001018,199998,16207,8213,16206,233711,200000,33422,5315,187623,0,65299,134701,37002,5316,0,0,0,8,149.743,215.962,100.400,6.862,2.464,20.656,0.000,0.000,5.703,26.279,0.000,0.000,0.000,0.000,0.000,26.278,0.213,0.964,0.451,0.004,3.656,15.358,0.000,9.107,29.327,7.193,0.000,0.000,10970232,0,44.395,23.120,9.107,0.000,20,24,4680005362685250694,6468255570671903217,13110756096065449747,9529179328107265732,15828634045359618972,200000,0,0,0,107.973,automatic,parallelFullRefresh,none,incremental,fullAllCurrentEntries,notApplicable,0,8,33444,0,2.464,automatic,parallelFullRefresh,none,incremental,fullAllCurrentEntries,notApplicable,0,8,194509,0,5.703,automatic,parallelAssisted,none,incremental,notApplicable,incremental,0,5,934,0,20.646,serialImmediate,serialImmediate,none,incremental,notApplicable,incremental,1,1,194509,0,26.278,automatic,parallelDirty,none,notApplicable,notApplicable,incremental,0,8,0,65299,9.107,dirtyRange,dirtyRange,none,notApplicable,notApplicable,incremental,1,1,0,37002,7.193
Data-Oriented CPU ROAM,RelWithDebInfo,OpenGL,NVIDIA GeForce RTX 5090 D/PCIe/SSE2,4.1.0 NVIDIA 591.86,false,assets/heightmaps/Hm_Terrain_Peking_513.png,547,547,80.000,12.000,20,0.250,0.100,200000,false,24,64,0.381,5.871,-42.517,17.008,39.450,227.481,199999,1023700,199997,16737,8552,16738,233540,199999,33351,6071,189766,0,65113,134886,37299,6072,0,0,0,8,103.836,217.891,101.085,6.851,2.619,21.101,0.000,0.000,5.764,26.454,0.000,0.000,0.000,0.000,0.000,26.453,0.197,0.852,0.403,0.003,3.205,16.431,0.000,8.358,29.937,7.142,0.000,0.000,10938984,0,46.220,23.720,8.358,0.000,20,25,3598056576469674131,6823856870244076732,13651081414696752035,15128957134003051194,3831294836474750262,200000,0,0,0,109.264,automatic,parallelFullRefresh,none,incremental,fullAllCurrentEntries,notApplicable,0,8,33422,0,2.619,automatic,parallelFullRefresh,none,incremental,fullAllCurrentEntries,notApplicable,0,8,195446,0,5.764,automatic,parallelAssisted,none,incremental,notApplicable,incremental,0,5,810,0,21.091,serialImmediate,serialImmediate,none,incremental,notApplicable,incremental,1,1,195446,0,26.453,automatic,parallelDirty,none,notApplicable,notApplicable,incremental,0,8,0,65113,8.358,dirtyRange,dirtyRange,none,notApplicable,notApplicable,incremental,1,1,0,37299,7.142
Data-Oriented CPU ROAM,RelWithDebInfo,OpenGL,NVIDIA GeForce RTX 5090 D/PCIe/SSE2,4.1.0 NVIDIA 591.86,false,assets/heightmaps/Hm_Terrain_Peking_513.png,547,547,80.000,12.000,20,0.250,0.100,200000,false,25,64,0.397,6.100,-46.234,17.112,35.021,228.895,200000,1047560,199998,18664,9442,18663,233609,200000,33413,6131,214997,0,68544,131456,37971,6132,0,0,0,8,149.282,227.330,109.072,8.240,2.462,23.713,0.000,0.000,5.797,30.670,0.000,0.000,0.000,0.000,0.000,30.669,0.256,1.163,0.528,0.004,4.541,17.211,0.000,8.910,29.279,7.445,0.000,0.000,11515392,0,50.400,26.175,8.910,0.000,20,26,17834792334360219460,6799830235164784937,4949422445672159251,16109647584551042275,17251279394026963017,200000,0,0,0,110.372,automatic,parallelFullRefresh,none,incremental,fullAllCurrentEntries,notApplicable,0,8,33351,0,2.462,automatic,parallelFullRefresh,none,incremental,fullAllCurrentEntries,notApplicable,0,8,193610,0,5.797,automatic,parallelAssisted,none,incremental,notApplicable,incremental,0,5,1143,0,23.703,serialImmediate,serialImmediate,none,incremental,notApplicable,incremental,1,1,193610,0,30.669,automatic,parallelDirty,none,notApplicable,notApplicable,incremental,0,8,0,68544,8.910,dirtyRange,dirtyRange,none,notApplicable,notApplicable,incremental,1,1,0,37971,7.445
Data-Oriented CPU ROAM,RelWithDebInfo,OpenGL,NVIDIA GeForce RTX 5090 D/PCIe/SSE2,4.1.0 NVIDIA 591.86,false,assets/heightmaps/Hm_Terrain_Peking_513.png,547,547,80.000,12.000,20,0.250,0.100,200000,false,26,64,0.413,6.339,-49.491,17.330,30.243,239.107,200000,1071046,199998,17064,8616,17064,233732,200000,33495,5302,199638,0,69002,130998,38410,5303,0,0,0,8,101.959,222.104,104.980,7.165,2.776,21.994,0.000,0.000,5.736,29.019,0.000,0.000,0.000,0.000,0.000,29.018,0.253,1.095,0.487,0.003,4.348,15.797,0.000,8.690,29.601,7.476,0.000,0.000,11592336,0,47.099,24.769,8.690,0.000,20,27,17622799873243204492,6856120173095685496,6755707351171696626,896098131538351370,9829827555373913894,200000,0,0,0,109.256,automatic,parallelFullRefresh,none,incremental,fullAllCurrentEntries,notApplicable,0,8,33413,0,2.776,automatic,parallelFullRefresh,none,incremental,fullAllCurrentEntries,notApplicable,0,8,193545,0,5.736,automatic,parallelAssisted,none,incremental,notApplicable,incremental,0,5,1101,0,21.983,serialImmediate,serialImmediate,none,incremental,notApplicable,incremental,1,1,193545,0,29.018,automatic,parallelDirty,none,notApplicable,notApplicable,incremental,0,8,0,69002,8.690,dirtyRange,dirtyRange,none,notApplicable,notApplicable,incremental,1,1,0,38410,7.476
Data-Oriented CPU ROAM,RelWithDebInfo,OpenGL,NVIDIA GeForce RTX 5090 D/PCIe/SSE2,4.1.0 NVIDIA 591.86,false,assets/heightmaps/Hm_Terrain_Peking_513.png,547,547,80.000,12.000,20,0.250,0.100,200000,false,27,64,0.429,6.572,-52.256,17.655,25.165,233.027,199999,1092704,199997,15121,7684,15122,233813,199999,33476,4966,179266,0,65742,134257,37666,4967,0,0,0,8,157.255,215.972,97.675,6.924,2.658,19.309,0.000,0.000,5.678,25.651,0.000,0.000,0.000,0.000,0.000,25.650,0.221,1.002,0.298,0.006,3.597,14.175,0.000,8.448,29.006,7.236,0.000,0.000,11044656,0,42.772,21.968,8.448,0.000,20,28,14076477809347136752,13694642725100243212,2831052878605794719,9847847247250903196,12734620768752655158,200000,0,0,0,110.645,automatic,parallelFullRefresh,none,incremental,fullAllCurrentEntries,notApplicable,0,8,33495,0,2.658,automatic,parallelFullRefresh,none,incremental,fullAllCurrentEntries,notApplicable,0,8,194820,0,5.678,automatic,parallelAssisted,none,incremental,notApplicable,incremental,0,5,917,0,19.299,serialImmediate,serialImmediate,none,incremental,notApplicable,incremental,1,1,194820,0,25.650,automatic,parallelDirty,none,notApplicable,notApplicable,incremental,0,8,0,65742,8.448,dirtyRange,dirtyRange,none,notApplicable,notApplicable,incremental,1,1,0,37666,7.236
Data-Oriented CPU ROAM,RelWithDebInfo,OpenGL,NVIDIA GeForce RTX 5090 D/PCIe/SSE2,4.1.0 NVIDIA 591.86,false,assets/heightmaps/Hm_Terrain_Peking_513.png,547,547,80.000,12.000,20,0.250,0.100,200000,false,28,64,0.444,6.799,-54.502,18.072,19.837,227.158,200000,1113206,199998,14336,7290,14335,233772,200000,33465,4834,169510,0,61395,138605,36928,4835,0,0,0,8,99.702,210.803,94.923,7.038,2.623,18.421,0.000,0.000,5.760,24.415,0.000,0.000,0.000,0.000,0.000,24.414,0.247,0.910,0.250,0.003,3.458,13.542,0.000,7.962,28.703,6.993,0.000,0.000,10314360,0,41.252,21.044,7.962,0.000,20,29,11033918810356266088,6230683355398155042,9888563655938865868,3182621398886301472,12436952546290142025,200000,0,0,0,108.492,automatic,parallelFullRefresh,none,incremental,fullAllCurrentEntries,notApplicable,0,8,33476,0,2.623,automatic,parallelFullRefresh,none,incremental,fullAllCurrentEntries,notApplicable,0,8,195319,0,5.760,automatic,parallelAssisted,none,incremental,notApplicable,incremental,0,5,860,0,18.411,serialImmediate,serialImmediate,none,incremental,notApplicable,incremental,1,1,195319,0,24.414,automatic,parallelDirty,none,notApplicable,notApplicable,incremental,0,8,0,61395,7.962,dirtyRange,dirtyRange,none,notApplicable,notApplicable,incremental,1,1,0,36928,6.993
Data-Oriented CPU ROAM,RelWithDebInfo,OpenGL,NVIDIA GeForce RTX 5090 D/PCIe/SSE2,4.1.0 NVIDIA 591.86,false,assets/heightmaps/Hm_Terrain_Peking_513.png,547,547,80.000,12.000,20,0.250,0.100,200000,false,29,64,0.460,7.021,-56.206,18.565,14.312,221.812,200000,1134926,199998,15312,7824,15312,233718,200000,33572,5365,181397,0,62079,137921,37487,5366,0,0,0,8,105.294,214.923,98.440,7.124,2.447,19.419,0.000,0.000,6.496,25.620,0.000,0.000,0.000,0.000,0.000,25.620,0.200,0.827,0.193,0.003,3.385,14.802,0.000,8.009,29.323,7.094,0.000,0.000,10429272,0,44.409,21.866,8.009,0.000,20,30,17931026488172795956,15109329511028966282,4722452041654089608,4580591530299613236,6360625776249671492,200000,0,0,0,109.014,automatic,parallelFullRefresh,none,incremental,fullAllCurrentEntries,notApplicable,0,8,33465,0,2.447,automatic,parallelFullRefresh,none,incremental,fullAllCurrentEntries,notApplicable,0,8,195426,0,6.496,automatic,parallelAssisted,none,incremental,notApplicable,incremental,0,7,825,0,19.410,serialImmediate,serialImmediate,none,incremental,notApplicable,incremental,1,1,195426,0,25.620,automatic,parallelDirty,none,notApplicable,notApplicable,incremental,0,8,0,62079,8.009,dirtyRange,dirtyRange,none,notApplicable,notApplicable,incremental,1,1,0,37487,7.094
Data-Oriented CPU ROAM,RelWithDebInfo,OpenGL,NVIDIA GeForce RTX 5090 D/PCIe/SSE2,4.1.0 NVIDIA 591.86,false,assets/heightmaps/Hm_Terrain_Peking_513.png,547,547,80.000,12.000,20,0.250,0.100,200000,false,30,64,0.476,7.247,-57.352,19.116,8.644,225.955,200000,1156264,199998,15483,7916,15483,233751,200000,33515,5638,181205,0,64043,135957,38542,5639,0,0,0,8,96.804,217.210,99.417,7.993,2.541,19.506,0.000,0.000,5.877,25.898,0.000,0.000,0.000,0.000,0.000,25.898,0.188,0.771,0.239,0.004,3.009,15.286,0.000,8.643,28.958,7.302,0.000,0.000,10759224,0,44.792,22.047,8.643,0.000,20,31,507975663382346138,15337671370646515645,6452947698764962839,11118181053319940278,15460748289941399559,200000,0,0,0,110.103,automatic,parallelFullRefresh,none,incremental,fullAllCurrentEntries,notApplicable,0,8,33572,0,2.541,automatic,parallelFullRefresh,none,incremental,fullAllCurrentEntries,notApplicable,0,8,195814,0,5.877,automatic,parallelAssisted,none,incremental,notApplicable,incremental,0,7,761,0,19.497,serialImmediate,serialImmediate,none,incremental,notApplicable,incremental,1,1,195814,0,25.898,automatic,parallelDirty,none,notApplicable,notApplicable,incremental,0,8,0,64043,8.643,dirtyRange,dirtyRange,none,notApplicable,notApplicable,incremental,1,1,0,38542,7.302
Data-Oriented CPU ROAM,RelWithDebInfo,OpenGL,NVIDIA GeForce RTX 5090 D/PCIe/SSE2,4.1.0 NVIDIA 591.86,false,assets/heightmaps/Hm_Terrain_Peking_513.png,547,547,80.000,12.000,20,0.250,0.100,200000,false,31,64,0.492,7.475,-57.928,19.701,2.891,228.551,199999,1177014,199997,15569,7932,15570,233689,199999,33631,6012,182599,0,64396,135603,38614,6013,0,0,0,8,152.010,223.416,101.527,7.010,2.553,19.931,0.000,0.000,5.745,26.641,0.000,0.000,0.000,0.000,0.000,26.640,0.175,0.660,0.244,0.004,2.482,16.355,0.000,8.381,31.266,7.470,0.000,0.000,10818528,0,46.897,22.484,8.381,0.000,20,32,15017807530908053037,10713108866754931314,12285744314165906881,979416581573730866,13473134103925139961,200000,0,0,0,113.839,automatic,parallelFullRefresh,none,incremental,fullAllCurrentEntries,notApplicable,0,8,33515,0,2.553,automatic,parallelFullRefresh,none,incremental,fullAllCurrentEntries,notApplicable,0,8,196468,0,5.745,automatic,parallelAssisted,none,incremental,notApplicable,incremental,0,6,653,0,19.920,serialImmediate,serialImmediate,none,incremental,notApplicable,incremental,1,1,196468,0,26.640,automatic,parallelDirty,none,notApplicable,notApplicable,incremental,0,8,0,64396,8.381,dirtyRange,dirtyRange,none,notApplicable,notApplicable,incremental,1,1,0,38614,7.470
Data-Oriented CPU ROAM,RelWithDebInfo,OpenGL,NVIDIA GeForce RTX 5090 D/PCIe/SSE2,4.1.0 NVIDIA 591.86,false,assets/heightmaps/Hm_Terrain_Peking_513.png,547,547,80.000,12.000,20,0.250,0.100,200000,false,32,64,0.508,7.710,-57.928,20.299,-2.891,234.775,199999,1196014,199997,14598,7361,14598,233842,199999,33534,5976,172573,0,61689,138310,37805,5977,0,0,0,8,152.816,221.890,100.059,7.254,2.437,18.901,0.000,0.000,5.777,25.308,0.000,0.000,0.000,0.000,0.000,25.308,0.151,0.567,0.235,0.003,2.166,15.767,0.000,8.788,31.592,7.093,0.000,0.000,10363752,0,45.547,21.339,8.788,0.000,20,33,9199624600395083803,2021882922645883033,7974187135522050102,3095040260946339175,12803817730138524999,200000,0,0,0,114.347,automatic,parallelFullRefresh,none,incremental,fullAllCurrentEntries,notApplicable,0,8,33631,0,2.437,automatic,parallelFullRefresh,none,incremental,fullAllCurrentEntries,notApplicable,0,8,197352,0,5.777,automatic,parallelAssisted,none,incremental,notApplicable,incremental,0,3,550,0,18.889,serialImmediate,serialImmediate,none,incremental,notApplicable,incremental,1,1,197352,0,25.308,automatic,parallelDirty,none,notApplicable,notApplicable,incremental,0,8,0,61689,8.788,dirtyRange,dirtyRange,none,notApplicable,notApplicable,incremental,1,1,0,37805,7.093
Data-Oriented CPU ROAM,RelWithDebInfo,OpenGL,NVIDIA GeForce RTX 5090 D/PCIe/SSE2,4.1.0 NVIDIA 591.86,false,assets/heightmaps/Hm_Terrain_Peking_513.png,547,547,80.000,12.000,20,0.250,0.100,200000,false,33,64,0.524,7.943,-57.352,20.884,-8.644,233.331,199999,1214828,199997,13220,6709,13220,233707,199999,33635,5268,156377,0,58030,141969,37097,5269,0,0,0,8,99.732,226.194,95.759,7.212,2.301,17.597,0.000,0.000,5.811,23.383,0.000,0.000,0.000,0.000,0.000,23.382,0.139,0.498,0.162,0.002,2.163,14.626,0.000,7.886,31.568,6.774,0.000,0.000,9749040,0,42.252,19.898,7.886,0.000,20,34,11600246150773609547,9023680170232145903,5619475490710652660,16446345841072783209,15311841522855486508,200000,0,0,0,123.264,automatic,parallelFullRefresh,none,incremental,fullAllCurrentEntries,notApplicable,0,8,33534,0,2.301,automatic,parallelFullRefresh,none,incremental,fullAllCurrentEntries,notApplicable,0,8,197310,0,5.811,automatic,parallelAssisted,none,incremental,notApplicable,incremental,0,5,501,0,17.589,serialImmediate,serialImmediate,none,incremental,notApplicable,incremental,1,1,197310,0,23.382,automatic,parallelDirty,none,notApplicable,notApplicable,incremental,0,8,0,58030,7.886,dirtyRange,dirtyRange,none,notApplicable,notApplicable,incremental,1,1,0,37097,6.774
Data-Oriented CPU ROAM,RelWithDebInfo,OpenGL,NVIDIA GeForce RTX 5090 D/PCIe/SSE2,4.1.0 NVIDIA 591.86,false,assets/heightmaps/Hm_Terrain_Peking_513.png,547,547,80.000,12.000,20,0.250,0.100,200000,false,34,64,0.540,8.182,-56.206,21.435,-14.312,238.232,200000,1233758,199998,15182,7732,15181,233802,200000,33571,3810,180851,0,60128,139872,36332,3811,0,0,0,8,100.670,239.641,109.203,8.934,2.488,21.804,0.000,0.000,6.142,28.516,0.000,0.000,0.000,0.000,0.000,28.515,0.313,1.448,0.399,0.005,5.691,13.937,0.000,8.449,32.869,6.751,0.000,0.000,10101504,0,44.487,24.292,8.449,0.000,20,35,10184350017330938359,2817222760074155981,14006666610658801887,12368856535170449434,10573782616376506026,200000,0,0,0,123.299,automatic,parallelFullRefresh,none,incremental,fullAllCurrentEntries,notApplicable,0,8,33635,0,2.488,automatic,parallelFullRefresh,none,incremental,fullAllCurrentEntries,notApplicable,0,8,192433,0,6.142,automatic,parallelAssisted,none,incremental,notApplicable,incremental,0,6,1430,0,21.794,serialImmediate,serialImmediate,none,incremental,notApplicable,incremental,1,1,192433,0,28.515,automatic,parallelDirty,none,notApplicable,notApplicable,incremental,0,8,0,60128,8.449,dirtyRange,dirtyRange,none,notApplicable,notApplicable,incremental,1,1,0,36332,6.751
Data-Oriented CPU ROAM,RelWithDebInfo,OpenGL,NVIDIA GeForce RTX 5090 D/PCIe/SSE2,4.1.0 NVIDIA 591.86,false,assets/heightmaps/Hm_Terrain_Peking_513.png,547,547,80.000,12.000,20,0.250,0.100,200000,false,35,64,0.556,8.433,-54.502,21.928,-19.837,251.764,199999,1251984,199997,15131,7707,15132,233898,199999,33655,3965,181529,0,59253,140746,36010,3966,0,0,0,8,104.946,230.163,107.795,8.139,2.503,21.307,0.000,0.000,5.899,27.844,0.000,0.000,0.000,0.000,0.000,27.844,0.289,1.392,0.356,0.004,5.540,13.716,0.000,8.631,33.471,6.756,0.000,0.000,9954504,0,43.398,23.810,8.631,0.000,20,36,2085537837089982350,701964006115934862,4983152477623667885,2452812536816448038,4333385337321885814,200000,0,0,0,115.174,automatic,parallelFullRefresh,none,incremental,fullAllCurrentEntries,notApplicable,0,8,33571,0,2.503,automatic,parallelFullRefresh,none,incremental,fullAllCurrentEntries,notApplicable,0,8,192802,0,5.899,automatic,parallelAssisted,none,incremental,notApplicable,incremental,0,6,1351,0,21.297,serialImmediate,serialImmediate,none,incremental,notApplicable,incremental,1,1,192802,0,27.844,automatic,parallelDirty,none,notApplicable,notApplicable,incremental,0,8,0,59253,8.631,dirtyRange,dirtyRange,none,notApplicable,notApplicable,incremental,1,1,0,36010,6.756
Data-Oriented CPU ROAM,RelWithDebInfo,OpenGL,NVIDIA GeForce RTX 5090 D/PCIe/SSE2,4.1.0 NVIDIA 591.86,false,assets/heightmaps/Hm_Terrain_Peking_513.png,547,547,80.000,12.000,20,0.250,0.100,200000,false,36,64,0.571,8.675,-52.256,22.345,-25.165,241.493,200000,1273920,199998,15949,8142,15948,234002,200000,33754,3873,190838,0,58881,141119,35510,3874,0,0,0,8,197.228,228.500,106.756,7.148,2.512,22.427,0.000,0.000,5.617,29.057,0.000,0.000,0.000,0.000,0.000,29.056,0.297,1.487,0.362,0.011,5.996,14.264,0.000,7.921,32.073,6.604,0.000,0.000,9892008,0,44.480,24.939,7.921,0.000,20,37,4607764548339769312,1496534923326945117,10145042690056851243,17003041870295228302,18299975427405264666,200000,0,0,0,114.737,automatic,parallelFullRefresh,none,incremental,fullAllCurrentEntries,notApplicable,0,8,33655,0,2.512,automatic,parallelFullRefresh,none,incremental,fullAllCurrentEntries,notApplicable,0,8,191798,0,5.617,automatic,parallelAssisted,none,incremental,notApplicable,incremental,0,5,1465,0,22.417,serialImmediate,serialImmediate,none,incremental,notApplicable,incremental,1,1,191798,0,29.056,automatic,parallelDirty,none,notApplicable,notApplicable,incremental,0,8,0,58881,7.921,dirtyRange,dirtyRange,none,notApplicable,notApplicable,incremental,1,1,0,35510,6.604
Data-Oriented CPU ROAM,RelWithDebInfo,OpenGL,NVIDIA GeForce RTX 5090 D/PCIe/SSE2,4.1.0 NVIDIA 591.86,false,assets/heightmaps/Hm_Terrain_Peking_513.png,547,547,80.000,12.000,20,0.250,0.100,200000,false,37,64,0.587,8.915,-49.491,22.670,-30.243,239.611,199999,1295558,199997,16397,8316,16398,234264,199999,33957,4263,197400,0,59146,140853,35538,4264,0,0,0,8,101.721,221.737,103.702,7.341,2.597,21.606,0.000,0.000,5.833,28.279,0.000,0.000,0.000,0.000,0.000,28.278,0.288,1.453,0.536,0.005,5.523,13.790,0.000,8.731,29.314,6.612,0.000,0.000,9936528,0,44.091,24.203,8.731,0.000,20,38,2915165779464536566,5262672678279255221,4043733013249855594,18405169158487461543,18399920599816095179,200000,0,0,0,111.060,automatic,parallelFullRefresh,none,incremental,fullAllCurrentEntries,notApplicable,0,8,33754,0,2.597,automatic,parallelFullRefresh,none,incremental,fullAllCurrentEntries,notApplicable,0,8,192123,0,5.833,automatic,parallelAssisted,none,incremental,notApplicable,incremental,0,5,1486,0,21.594,serialImmediate,serialImmediate,none,incremental,notApplicable,incremental,1,1,192123,0,28.278,automatic,parallelDirty,none,notApplicable,notApplicable,incremental,0,8,0,59146,8.731,dirtyRange,dirtyRange,none,notApplicable,notApplicable,incremental,1,1,0,35538,6.612
Data-Oriented CPU ROAM,RelWithDebInfo,OpenGL,NVIDIA GeForce RTX 5090 D/PCIe/SSE2,4.1.0 NVIDIA 591.86,false,assets/heightmaps/Hm_Terrain_Peking_513.png,547,547,80.000,12.000,20,0.250,0.100,200000,false,38,64,0.603,9.148,-46.234,22.888,-35.021,233.009,199999,1312504,199997,15820,8019,15820,234255,199999,33911,4588,187606,0,59811,140188,35723,4589,0,0,0,8,101.119,223.135,106.105,8.526,2.604,21.241,0.000,0.000,5.654,27.071,0.000,0.000,0.000,0.000,0.000,27.070,0.267,1.253,0.610,0.004,4.947,14.149,0.000,8.090,32.919,6.730,0.000,0.000,10048248,0,43.564,23.845,8.090,0.000,20,39,15171627335562436946,14776144372496302741,4847513245965442294,15327338999094807978,16117276973202228294,200000,0,0,0,109.872,automatic,parallelFullRefresh,none,incremental,fullAllCurrentEntries,notApplicable,0,8,33957,0,2.604,automatic,parallelFullRefresh,none,incremental,fullAllCurrentEntries,notApplicable,0,8,193344,0,5.654,automatic,parallelAssisted,none,incremental,notApplicable,incremental,0,5,1240,0,21.230,serialImmediate,serialImmediate,none,incremental,notApplicable,incremental,1,1,193344,0,27.070,automatic,parallelDirty,none,notApplicable,notApplicable,incremental,0,8,0,59811,8.090,dirtyRange,dirtyRange,none,notApplicable,notApplicable,incremental,1,1,0,35723,6.730
Data-Oriented CPU ROAM,RelWithDebInfo,OpenGL,NVIDIA GeForce RTX 5090 D/PCIe/SSE2,4.1.0 NVIDIA 591.86,false,assets/heightmaps/Hm_Terrain_Peking_513.png,547,547,80.000,12.000,20,0.250,0.100,200000,false,39,64,0.619,9.382,-42.517,22.992,-39.450,234.181,199999,1329026,199997,16753,8514,16753,234335,199999,34242,5773,203511,0,62176,137823,37391,5774,0,0,0,8,151.407,223.774,105.852,7.326,2.979,22.296,0.000,0.000,5.567,29.278,0.000,0.000,0.000,0.000,0.000,29.278,0.248,1.044,0.606,0.021,4.206,16.160,0.000,8.437,29.969,6.979,0.000,0.000,10445568,0,48.413,25.275,8.437,0.000,20,40,11497493909425854971,8852138686551335291,16257377712012999508,16280315766084433350,4352047865219232259,200000,0,0,0,110.554,automatic,parallelFullRefresh,none,incremental,fullAllCurrentEntries,notApplicable,0,8,33911,0,2.979,automatic,parallelFullRefresh,none,incremental,fullAllCurrentEntries,notApplicable,0,8,194763,0,5.567,automatic,parallelAssisted,none,incremental,notApplicable,incremental,0,3,987,0,22.286,serialImmediate,serialImmediate,none,incremental,notApplicable,incremental,1,1,194763,0,29.278,automatic,parallelDirty,none,notApplicable,notApplicable,incremental,0,8,0,62176,8.437,dirtyRange,dirtyRange,none,notApplicable,notApplicable,incremental,1,1,0,37391,6.979
Data-Oriented CPU ROAM,RelWithDebInfo,OpenGL,NVIDIA GeForce RTX 5090 D/PCIe/SSE2,4.1.0 NVIDIA 591.86,false,assets/heightmaps/Hm_Terrain_Peking_513.png,547,547,80.000,12.000,20,0.250,0.100,200000,false,40,64,0.635,9.617,-38.378,22.977,-43.487,235.187,200000,1343092,199998,16592,8356,16591,234386,200000,34252,6463,194007,0,65175,134825,38861,6464,0,0,0,8,153.469,221.199,102.598,7.163,2.507,20.781,0.000,0.000,5.667,27.452,0.000,0.000,0.000,0.000,0.000,27.451,0.181,0.773,0.253,0.005,2.920,16.640,0.000,9.286,29.741,7.312,0.000,0.000,10949400,0,47.983,23.288,9.286,0.000,20,41,14563908140348388113,14857908528817655382,1928326867279124476,11161468201640625886,13341262442090873672,200000,0,0,0,110.877,automatic,parallelFullRefresh,none,incremental,fullAllCurrentEntries,notApplicable,0,8,34242,0,2.507,automatic,parallelFullRefresh,none,incremental,fullAllCurrentEntries,notApplicable,0,8,196300,0,5.667,automatic,parallelAssisted,none,incremental,notApplicable,incremental,0,4,764,0,20.772,serialImmediate,serialImmediate,none,incremental,notApplicable,incremental,1,1,196300,0,27.451,automatic,parallelDirty,none,notApplicable,notApplicable,incremental,0,8,0,65175,9.286,dirtyRange,dirtyRange,none,notApplicable,notApplicable,incremental,1,1,0,38861,7.312
Data-Oriented CPU ROAM,RelWithDebInfo,OpenGL,NVIDIA GeForce RTX 5090 D/PCIe/SSE2,4.1.0 NVIDIA 591.86,false,assets/heightmaps/Hm_Terrain_Peking_513.png,547,547,80.000,12.000,20,0.250,0.100,200000,false,41,64,0.651,9.849,-33.857,22.844,-47.092,232.537,199999,1356924,199997,15777,8021,15778,234333,199999,34209,6690,188868,0,65277,134722,39197,6691,0,0,0,8,147.516,251.114,132.451,7.119,2.369,21.195,0.000,0.000,5.923,55.281,0.000,0.000,0.000,0.000,0.000,55.281,0.145,0.592,0.269,0.004,2.297,17.879,0.000,8.906,31.657,7.418,0.000,0.000,10966536,0,78.021,23.564,8.906,0.000,20,42,18099405259524479923,1976094848974566822,7379411759500991009,2693290204409836431,15059615718916415088,200000,0,0,0,110.825,automatic,parallelFullRefresh,none,incremental,fullAllCurrentEntries,notApplicable,0,8,34252,0,2.369,automatic,parallelFullRefresh,none,incremental,fullAllCurrentEntries,notApplicable,0,8,197597,0,5.923,automatic,parallelAssisted,none,incremental,notApplicable,incremental,0,3,576,0,21.186,serialImmediate,serialImmediate,none,incremental,notApplicable,incremental,1,1,197597,0,55.281,automatic,parallelDirty,none,notApplicable,notApplicable,incremental,0,8,0,65277,8.906,dirtyRange,dirtyRange,none,notApplicable,notApplicable,incremental,1,1,0,39197,7.418
Data-Oriented CPU ROAM,RelWithDebInfo,OpenGL,NVIDIA GeForce RTX 5090 D/PCIe/SSE2,4.1.0 NVIDIA 591.86,false,assets/heightmaps/Hm_Terrain_Peking_513.png,547,547,80.000,12.000,20,0.250,0.100,200000,false,42,64,0.667,10.113,-29.000,22.598,-50.229,263.024,200000,1372424,199998,14678,7472,14677,234221,200000,34055,6046,174979,0,63644,136356,39037,6047,0,0,0,8,147.237,219.653,98.888,7.896,2.403,18.997,0.000,0.000,6.046,25.049,0.000,0.000,0.000,0.000,0.000,25.049,0.146,0.607,0.165,0.002,2.314,15.753,0.000,8.259,30.237,7.327,0.000,0.000,10692192,0,45.744,21.400,8.259,0.000,20,43,5037163150524468369,11539274937098670880,13370878448706581218,7496017505371474958,10580619876848912246,200000,0,0,0,113.026,automatic,parallelFullRefresh,none,incremental,fullAllCurrentEntries,notApplicable,0,8,34209,0,2.403,automatic,parallelFullRefresh,none,incremental,fullAllCurrentEntries,notApplicable,0,8,197397,0,6.046,automatic,parallelAssisted,none,incremental,notApplicable,incremental,0,3,602,0,18.986,serialImmediate,serialImmediate,none,incremental,notApplicable,incremental,1,1,197397,0,25.049,automatic,parallelDirty,none,notApplicable,notApplicable,incremental,0,8,0,63644,8.259,dirtyRange,dirtyRange,none,notApplicable,notApplicable,incremental,1,1,0,39037,7.327
Data-Oriented CPU ROAM,RelWithDebInfo,OpenGL,NVIDIA GeForce RTX 5090 D/PCIe/SSE2,4.1.0 NVIDIA 591.86,false,assets/heightmaps/Hm_Terrain_Peking_513.png,547,547,80.000,12.000,20,0.250,0.100,200000,false,43,64,0.683,10.344,-23.855,22.249,-52.867,231.221,200000,1388566,199998,14286,7280,14286,234179,200000,34082,5145,172373,0,60621,139379,37772,5146,0,0,0,8,96.979,216.558,97.740,7.147,2.589,19.298,0.000,0.000,5.900,24.610,0.000,0.000,0.000,0.000,0.000,24.610,0.178,0.817,0.333,0.002,3.038,14.921,0.000,7.788,30.409,7.027,0.000,0.000,10184328,0,43.446,21.886,7.788,0.000,20,44,2010038420192191038,6965282697844826061,8882002267534927791,10407824518727812101,1971615220371960845,200000,0,0,0,111.386,automatic,parallelFullRefresh,none,incremental,fullAllCurrentEntries,notApplicable,0,8,34055,0,2.589,automatic,parallelFullRefresh,none,incremental,fullAllCurrentEntries,notApplicable,0,8,195993,0,5.900,automatic,parallelAssisted,none,incremental,notApplicable,incremental,0,4,774,0,19.290,serialImmediate,serialImmediate,none,incremental,notApplicable,incremental,1,1,195993,0,24.610,automatic,parallelDirty,none,notApplicable,notApplicable,incremental,0,8,0,60621,7.788,dirtyRange,dirtyRange,none,notApplicable,notApplicable,incremental,1,1,0,37772,7.027
Data-Oriented CPU ROAM,RelWithDebInfo,OpenGL,NVIDIA GeForce RTX 5090 D/PCIe/SSE2,4.1.0 NVIDIA 591.86,false,assets/heightmaps/Hm_Terrain_Peking_513.png,547,547,80.000,12.000,20,0.250,0.100,200000,false,44,64,0.698,10.572,-18.472,21.811,-54.980,228.183,200000,1405426,199998,14584,7441,14584,234229,200000,33998,5280,174870,0,59377,140623,37584,5281,0,0,0,8,152.049,222.817,100.305,8.480,2.819,18.910,0.000,0.000,6.115,24.649,0.000,0.000,0.000,0.000,0.000,24.648,0.177,0.736,0.224,0.003,2.832,14.930,0.000,8.723,30.608,6.936,0.000,0.000,9975336,0,43.683,21.730,8.723,0.000,20,45,1547201238797944516,13831941261432722240,11262328333957560934,9269588149088063285,10696085729681648563,200000,0,0,0,115.180,automatic,parallelFullRefresh,none,incremental,fullAllCurrentEntries,notApplicable,0,8,34082,0,2.819,automatic,parallelFullRefresh,none,incremental,fullAllCurrentEntries,notApplicable,0,8,195979,0,6.115,automatic,parallelAssisted,none,incremental,notApplicable,incremental,0,5,738,0,18.901,serialImmediate,serialImmediate,none,incremental,notApplicable,incremental,1,1,195979,0,24.648,automatic,parallelDirty,none,notApplicable,notApplicable,incremental,0,8,0,59377,8.723,dirtyRange,dirtyRange,none,notApplicable,notApplicable,incremental,1,1,0,37584,6.936
Data-Oriented CPU ROAM,RelWithDebInfo,OpenGL,NVIDIA GeForce RTX 5090 D/PCIe/SSE2,4.1.0 NVIDIA 591.86,false,assets/heightmaps/Hm_Terrain_Peking_513.png,547,547,80.000,12.000,20,0.250,0.100,200000,false,45,64,0.714,10.807,-12.906,21.302,-56.546,234.799,200000,1422096,199998,15499,7915,15499,234137,200000,33808,5625,183210,0,61849,138151,38862,5626,0,0,0,8,152.146,222.921,104.410,8.170,2.393,20.203,0.000,0.000,5.865,26.056,0.000,0.000,0.000,0.000,0.000,26.055,0.186,0.761,0.368,0.005,2.924,15.950,0.000,9.176,32.548,7.175,0.000,0.000,10390632,0,45.609,22.595,9.176,0.000,20,46,9745764302508673464,11277505994945043421,17114593554410757175,6120294911159900513,1757098035051615044,200000,0,0,0,110.921,automatic,parallelFullRefresh,none,incremental,fullAllCurrentEntries,notApplicable,0,8,33998,0,2.393,automatic,parallelFullRefresh,none,incremental,fullAllCurrentEntries,notApplicable,0,8,195746,0,5.865,automatic,parallelAssisted,none,incremental,notApplicable,incremental,0,5,758,0,20.192,serialImmediate,serialImmediate,none,incremental,notApplicable,incremental,1,1,195746,0,26.055,automatic,parallelDirty,none,notApplicable,notApplicable,incremental,0,8,0,61849,9.176,dirtyRange,dirtyRange,none,notApplicable,notApplicable,incremental,1,1,0,38862,7.175
Data-Oriented CPU ROAM,RelWithDebInfo,OpenGL,NVIDIA GeForce RTX 5090 D/PCIe/SSE2,4.1.0 NVIDIA 591.86,false,assets/heightmaps/Hm_Terrain_Peking_513.png,547,547,80.000,12.000,20,0.250,0.100,200000,false,46,64,0.730,11.041,-7.212,20.740,-57.550,234.618,200000,1438694,199998,15927,8130,15927,233951,200000,33610,5578,186732,0,63165,136835,38978,5579,0,0,0,8,154.261,219.946,102.422,7.031,2.590,20.599,0.000,0.000,6.209,26.927,0.000,0.000,0.000,0.000,0.000,26.927,0.220,0.833,0.230,0.003,3.298,16.004,0.000,8.788,30.278,7.158,0.000,0.000,10611720,0,46.660,23.190,8.788,0.000,20,47,501265749711831536,15078120519465764866,3045942073179456604,6303177789563625212,6085422030732384001,200000,0,0,0,109.946,automatic,parallelFullRefresh,none,incremental,fullAllCurrentEntries,notApplicable,0,8,33808,0,2.590,automatic,parallelFullRefresh,none,incremental,fullAllCurrentEntries,notApplicable,0,8,195232,0,6.209,automatic,parallelAssisted,none,incremental,notApplicable,incremental,0,8,831,0,20.588,serialImmediate,serialImmediate,none,incremental,notApplicable,incremental,1,1,195232,0,26.927,automatic,parallelDirty,none,notApplicable,notApplicable,incremental,0,8,0,63165,8.788,dirtyRange,dirtyRange,none,notApplicable,notApplicable,incremental,1,1,0,38978,7.158
Data-Oriented CPU ROAM,RelWithDebInfo,OpenGL,NVIDIA GeForce RTX 5090 D/PCIe/SSE2,4.1.0 NVIDIA 591.86,false,assets/heightmaps/Hm_Terrain_Peking_513.png,547,547,80.000,12.000,20,0.250,0.100,200000,false,47,64,0.746,11.273,-1.446,20.150,-57.982,231.635,200000,1452536,199998,15176,7716,15176,233813,200000,33584,5407,177664,0,61783,138217,38310,5408,0,0,0,8,209.195,216.281,99.549,7.251,2.477,19.428,0.000,0.000,6.169,25.980,0.000,0.000,0.000,0.000,0.000,25.980,0.215,0.790,0.182,0.006,2.989,15.236,0.000,8.768,29.477,7.067,0.000,0.000,10379544,0,45.132,21.904,8.768,0.000,20,48,7111493589348116639,14315627566301579737,2484608468122067079,14900847977703958148,11229033532730744092,200000,0,0,0,109.260,automatic,parallelFullRefresh,none,incremental,fullAllCurrentEntries,notApplicable,0,8,33610,0,2.477,automatic,parallelFullRefresh,none,incremental,fullAllCurrentEntries,notApplicable,0,8,195661,0,6.169,automatic,parallelAssisted,none,incremental,notApplicable,incremental,0,5,777,0,19.418,serialImmediate,serialImmediate,none,incremental,notApplicable,incremental,1,1,195661,0,25.980,automatic,parallelDirty,none,notApplicable,notApplicable,incremental,0,8,0,61783,8.768,dirtyRange,dirtyRange,none,notApplicable,notApplicable,incremental,1,1,0,38310,7.067
Data-Oriented CPU ROAM,RelWithDebInfo,OpenGL,NVIDIA GeForce RTX 5090 D/PCIe/SSE2,4.1.0 NVIDIA 591.86,false,assets/heightmaps/Hm_Terrain_Peking_513.png,547,547,80.000,12.000,20,0.250,0.100,200000,false,48,64,0.762,11.501,4.334,19.553,-57.838,227.728,199999,1465546,199997,14509,7293,14510,233790,199999,33663,5540,170278,0,59850,140149,37361,5541,0,0,0,8,97.371,215.645,96.468,6.859,2.496,18.616,0.000,0.000,6.146,24.858,0.000,0.000,0.000,0.000,0.000,24.857,0.190,0.701,0.260,0.009,2.577,14.870,0.000,7.814,29.679,6.955,0.000,0.000,10054800,0,44.032,21.112,7.814,0.000,20,49,3092664902140636325,5291258678658264488,8620018840951426255,1631695245379501132,12918603806119797218,200000,0,0,0,111.810,automatic,parallelFullRefresh,none,incremental,fullAllCurrentEntries,notApplicable,0,8,33584,0,2.496,automatic,parallelFullRefresh,none,incremental,fullAllCurrentEntries,notApplicable,0,8,196564,0,6.146,automatic,parallelAssisted,none,incremental,notApplicable,incremental,0,6,681,0,18.606,serialImmediate,serialImmediate,none,incremental,notApplicable,incremental,1,1,196564,0,24.857,automatic,parallelDirty,none,notApplicable,notApplicable,incremental,0,8,0,59850,7.814,dirtyRange,dirtyRange,none,notApplicable,notApplicable,incremental,1,1,0,37361,6.955
Data-Oriented CPU ROAM,RelWithDebInfo,OpenGL,NVIDIA GeForce RTX 5090 D/PCIe/SSE2,4.1.0 NVIDIA 591.86,false,assets/heightmaps/Hm_Terrain_Peking_513.png,547,547,80.000,12.000,20,0.250,0.100,200000,false,49,64,0.778,11.728,10.072,18.974,-57.119,227.118,199999,1478606,199997,14092,7098,14092,233867,199999,33680,4909,165641,0,58505,141494,36852,4910,0,0,0,8,211.548,213.747,96.536,6.959,2.699,18.443,0.000,0.000,5.964,25.059,0.000,0.000,0.000,0.000,0.000,25.059,0.201,0.779,0.306,0.004,3.161,13.982,0.000,7.898,29.513,6.863,0.000,0.000,9828840,0,42.690,21.142,7.898,0.000,20,50,17086198918310459832,14600018523449856346,14383284684393467521,10733095557289147179,11779309111208519426,200000,0,0,0,109.948,automatic,parallelFullRefresh,none,incremental,fullAllCurrentEntries,notApplicable,0,8,33663,0,2.699,automatic,parallelFullRefresh,none,incremental,fullAllCurrentEntries,notApplicable,0,8,195720,0,5.964,automatic,parallelAssisted,none,incremental,notApplicable,incremental,0,6,788,0,18.433,serialImmediate,serialImmediate,none,incremental,notApplicable,incremental,1,1,195720,0,25.059,automatic,parallelDirty,none,notApplicable,notApplicable,incremental,0,8,0,58505,7.898,dirtyRange,dirtyRange,none,notApplicable,notApplicable,incremental,1,1,0,36852,6.863
Data-Oriented CPU ROAM,RelWithDebInfo,OpenGL,NVIDIA GeForce RTX 5090 D/PCIe/SSE2,4.1.0 NVIDIA 591.86,false,assets/heightmaps/Hm_Terrain_Peking_513.png,547,547,80.000,12.000,20,0.250,0.100,200000,false,50,64,0.794,11.953,15.709,18.436,-55.832,224.870,200000,1494844,199998,16102,8263,16101,233804,200000,33363,4642,189702,0,62880,137120,38023,4643,0,0,0,8,94.250,222.785,104.170,7.220,2.473,21.622,0.000,0.000,6.940,27.728,0.000,0.000,0.000,0.000,0.000,27.727,0.294,1.248,0.275,0.010,4.922,14.862,0.000,8.525,29.662,7.190,0.000,0.000,10563840,0,45.898,24.094,8.525,0.000,20,51,7870981330079186394,3008041548493109848,12218100229106065782,3920908853798663405,9740759885869643506,200000,0,0,0,111.007,automatic,parallelFullRefresh,none,incremental,fullAllCurrentEntries,notApplicable,0,8,33680,0,2.473,automatic,parallelFullRefresh,none,incremental,fullAllCurrentEntries,notApplicable,0,8,193176,0,6.940,automatic,parallelAssisted,none,incremental,notApplicable,incremental,0,6,1219,0,21.611,serialImmediate,serialImmediate,none,incremental,notApplicable,incremental,1,1,193176,0,27.727,automatic,parallelDirty,none,notApplicable,notApplicable,incremental,0,8,0,62880,8.525,dirtyRange,dirtyRange,none,notApplicable,notApplicable,incremental,1,1,0,38023,7.190
Data-Oriented CPU ROAM,RelWithDebInfo,OpenGL,NVIDIA GeForce RTX 5090 D/PCIe/SSE2,4.1.0 NVIDIA 591.86,false,assets/heightmaps/Hm_Terrain_Peking_513.png,547,547,80.000,12.000,20,0.250,0.100,200000,false,51,64,0.810,12.187,21.190,17.959,-53.991,234.201,199999,1514362,199997,17970,9136,17971,233638,199999,33276,4528,211986,0,64992,135007,38282,4529,0,0,0,8,162.713,228.130,110.086,7.238,2.643,24.346,0.000,0.000,6.060,30.307,0.000,0.000,0.000,0.000,0.000,30.306,0.306,1.611,0.580,0.003,6.382,15.453,0.000,9.894,29.597,7.181,0.000,0.000,10918656,0,47.105,26.989,9.894,0.000,20,52,14531078762823123179,1787959666903436587,8506446822150327116,5017742477909534917,7008856661032212479,200000,0,0,0,110.469,automatic,parallelFullRefresh,none,incremental,fullAllCurrentEntries,notApplicable,0,8,33363,0,2.643,automatic,parallelFullRefresh,none,incremental,fullAllCurrentEntries,notApplicable,0,8,191087,0,6.060,automatic,parallelAssisted,none,incremental,notApplicable,incremental,0,5,1544,0,24.335,serialImmediate,serialImmediate,none,incremental,notApplicable,incremental,1,1,191087,0,30.306,automatic,parallelDirty,none,notApplicable,notApplicable,incremental,0,8,0,64992,9.894,dirtyRange,dirtyRange,none,notApplicable,notApplicable,incremental,1,1,0,38282,7.181
Data-Oriented CPU ROAM,RelWithDebInfo,OpenGL,NVIDIA GeForce RTX 5090 D/PCIe/SSE2,4.1.0 NVIDIA 591.86,false,assets/heightmaps/Hm_Terrain_Peking_513.png,547,547,80.000,12.000,20,0.250,0.100,200000,false,52,64,0.825,12.427,26.460,17.564,-51.613,239.786,200000,1534172,199998,17602,8847,17601,233584,200000,33237,4434,204630,0,64747,135253,38181,4435,0,0,0,8,98.527,229.173,106.424,7.191,2.502,23.047,0.000,0.000,5.550,29.002,0.000,0.000,0.000,0.000,0.000,29.001,0.264,1.491,0.483,0.009,5.796,14.995,0.000,10.104,29.026,7.071,0.000,0.000,10877496,0,45.062,25.550,10.104,0.000,20,53,14285510160506609534,11415814594753363039,12764079798955427945,12847173543902168072,10776500482527101165,200000,0,0,0,115.243,automatic,parallelFullRefresh,none,incremental,fullAllCurrentEntries,notApplicable,0,8,33276,0,2.502,automatic,parallelFullRefresh,none,incremental,fullAllCurrentEntries,notApplicable,0,8,191271,0,5.550,automatic,parallelAssisted,none,incremental,notApplicable,incremental,0,6,1506,0,23.039,serialImmediate,serialImmediate,none,incremental,notApplicable,incremental,1,1,191271,0,29.001,automatic,parallelDirty,none,notApplicable,notApplicable,incremental,0,8,0,64747,10.104,dirtyRange,dirtyRange,none,notApplicable,notApplicable,incremental,1,1,0,38181,7.071
Data-Oriented CPU ROAM,RelWithDebInfo,OpenGL,NVIDIA GeForce RTX 5090 D/PCIe/SSE2,4.1.0 NVIDIA 591.86,false,assets/heightmaps/Hm_Terrain_Peking_513.png,547,547,80.000,12.000,20,0.250,0.100,200000,false,53,64,0.841,12.668,31.468,17.265,-48.722,241.071,199999,1551688,199997,16801,8469,16802,233656,199999,33380,4470,197952,0,66449,133550,39030,4471,0,0,0,8,111.693,231.957,109.582,8.169,2.714,22.519,0.000,0.000,6.098,29.409,0.000,0.000,0.000,0.000,0.000,29.408,0.258,1.375,0.461,0.013,5.228,15.172,0.000,9.977,30.695,8.043,0.000,0.000,11163432,0,46.569,25.233,9.977,0.000,20,54,9072732312605758378,13700608358763085086,8041159195156157533,6306664769894172529,3163412826930471358,200000,0,0,0,113.874,automatic,parallelFullRefresh,none,incremental,fullAllCurrentEntries,notApplicable,0,8,33237,0,2.714,automatic,parallelFullRefresh,none,incremental,fullAllCurrentEntries,notApplicable,0,8,192180,0,6.098,automatic,parallelAssisted,none,incremental,notApplicable,incremental,0,6,1342,0,22.507,serialImmediate,serialImmediate,none,incremental,notApplicable,incremental,1,1,192180,0,29.408,automatic,parallelDirty,none,notApplicable,notApplicable,incremental,0,8,0,66449,9.977,dirtyRange,dirtyRange,none,notApplicable,notApplicable,incremental,1,1,0,39030,8.043
Data-Oriented CPU ROAM,RelWithDebInfo,OpenGL,NVIDIA GeForce RTX 5090 D/PCIe/SSE2,4.1.0 NVIDIA 591.86,false,assets/heightmaps/Hm_Terrain_Peking_513.png,547,547,80.000,12.000,20,0.250,0.100,200000,false,54,64,0.857,12.912,36.162,17.075,-45.346,243.855,199999,1565166,199997,16670,8438,16670,233849,199999,33497,4914,197023,0,66386,133613,39266,4915,0,0,0,8,151.056,236.181,108.412,6.971,2.375,22.424,0.000,0.000,6.141,29.905,0.000,0.000,0.000,0.000,0.000,29.904,0.240,1.176,0.508,0.008,4.762,15.715,0.000,9.368,31.228,8.536,0.000,0.000,11152848,0,48.282,24.799,9.368,0.000,20,55,9730901455595130537,13238418270436771024,4638604860998101699,16444899787932386372,17760225748658385439,200000,0,0,0,118.826,automatic,parallelFullRefresh,none,incremental,fullAllCurrentEntries,notApplicable,0,8,33380,0,2.375,automatic,parallelFullRefresh,none,incremental,fullAllCurrentEntries,notApplicable,0,8,193200,0,6.141,automatic,parallelAssisted,none,incremental,notApplicable,incremental,0,5,1163,0,22.410,serialImmediate,serialImmediate,none,incremental,notApplicable,incremental,1,1,193200,0,29.904,automatic,parallelDirty,none,notApplicable,notApplicable,incremental,0,8,0,66386,9.368,dirtyRange,dirtyRange,none,notApplicable,notApplicable,incremental,1,1,0,39266,8.536
Data-Oriented CPU ROAM,RelWithDebInfo,OpenGL,NVIDIA GeForce RTX 5090 D/PCIe/SSE2,4.1.0 NVIDIA 591.86,false,assets/heightmaps/Hm_Terrain_Peking_513.png,547,547,80.000,12.000,20,0.250,0.100,200000,false,55,64,0.873,13.160,40.498,17.001,-41.520,248.342,199999,1576158,199997,16899,8576,16899,233815,199999,33558,5850,196599,0,66428,133571,39614,5851,0,0,0,8,161.951,240.271,111.389,7.516,2.705,23.321,0.000,0.000,5.999,30.289,0.000,0.000,0.000,0.000,0.000,30.288,0.252,0.927,0.443,0.002,3.667,18.016,0.000,9.090,32.470,8.633,0.000,0.000,11159904,0,51.256,26.025,9.090,0.000,20,56,12461451725942107635,17419069598135635721,13808111960316725902,4283895944885330471,12886336515350552655,200000,0,0,0,119.412,automatic,parallelFullRefresh,none,incremental,fullAllCurrentEntries,notApplicable,0,8,33497,0,2.705,automatic,parallelFullRefresh,none,incremental,fullAllCurrentEntries,notApplicable,0,8,194834,0,5.999,automatic,parallelAssisted,none,incremental,notApplicable,incremental,0,5,907,0,23.306,serialImmediate,serialImmediate,none,incremental,notApplicable,incremental,1,1,194834,0,30.288,automatic,parallelDirty,none,notApplicable,notApplicable,incremental,0,8,0,66428,9.090,dirtyRange,dirtyRange,none,notApplicable,notApplicable,incremental,1,1,0,39614,8.633
Data-Oriented CPU ROAM,RelWithDebInfo,OpenGL,NVIDIA GeForce RTX 5090 D/PCIe/SSE2,4.1.0 NVIDIA 591.86,false,assets/heightmaps/Hm_Terrain_Peking_513.png,547,547,80.000,12.000,20,0.250,0.100,200000,false,56,64,0.889,13.412,44.431,17.046,-37.282,252.394,199999,1586094,199997,18109,9206,18109,233670,199999,33444,6413,206930,0,67640,132359,40257,6414,0,0,0,8,152.878,233.251,110.676,6.986,2.451,23.800,0.000,0.000,5.966,30.924,0.000,0.000,0.000,0.000,0.000,30.923,0.226,1.017,0.385,0.007,3.689,18.466,0.000,9.509,31.039,8.317,0.000,0.000,11363520,0,52.725,26.251,9.509,0.000,20,57,16962308626050338361,12726575308572454149,16072537589226680370,10299927302043262641,4224510392248073610,200000,0,0,0,113.824,automatic,parallelFullRefresh,none,incremental,fullAllCurrentEntries,notApplicable,0,8,33558,0,2.451,automatic,parallelFullRefresh,none,incremental,fullAllCurrentEntries,notApplicable,0,8,194773,0,5.966,automatic,parallelAssisted,none,incremental,notApplicable,incremental,0,7,954,0,23.790,serialImmediate,serialImmediate,none,incremental,notApplicable,incremental,1,1,194773,0,30.923,automatic,parallelDirty,none,notApplicable,notApplicable,incremental,0,8,0,67640,9.509,dirtyRange,dirtyRange,none,notApplicable,notApplicable,incremental,1,1,0,40257,8.317
Data-Oriented CPU ROAM,RelWithDebInfo,OpenGL,NVIDIA GeForce RTX 5090 D/PCIe/SSE2,4.1.0 NVIDIA 591.86,false,assets/heightmaps/Hm_Terrain_Peking_513.png,547,547,80.000,12.000,20,0.250,0.100,200000,false,57,64,0.905,13.657,47.922,17.207,-32.673,245.049,200000,1595942,199998,17927,9041,17926,233810,200000,33598,5648,208671,0,69724,130276,40602,5649,0,0,0,8,97.450,232.307,112.445,7.884,2.514,23.964,0.000,0.000,5.670,32.178,0.000,0.000,0.000,0.000,0.000,32.177,0.275,1.179,0.416,0.008,4.586,17.490,0.000,9.995,30.239,7.750,0.000,0.000,11713632,0,51.422,26.478,9.995,0.000,20,58,12116370232166774602,14931035836366094131,8782637290810732841,17548418198505937176,10819543546728440841,200000,0,0,0,111.672,automatic,parallelFullRefresh,none,incremental,fullAllCurrentEntries,notApplicable,0,8,33444,0,2.514,automatic,parallelFullRefresh,none,incremental,fullAllCurrentEntries,notApplicable,0,8,193385,0,5.670,automatic,parallelAssisted,none,incremental,notApplicable,incremental,0,5,1178,0,23.953,serialImmediate,serialImmediate,none,incremental,notApplicable,incremental,1,1,193385,0,32.177,automatic,parallelDirty,none,notApplicable,notApplicable,incremental,0,8,0,69724,9.995,dirtyRange,dirtyRange,none,notApplicable,notApplicable,incremental,1,1,0,40602,7.750
Data-Oriented CPU ROAM,RelWithDebInfo,OpenGL,NVIDIA GeForce RTX 5090 D/PCIe/SSE2,4.1.0 NVIDIA 591.86,false,assets/heightmaps/Hm_Terrain_Peking_513.png,547,547,80.000,12.000,20,0.250,0.100,200000,false,58,64,0.921,13.902,50.937,17.480,-27.739,244.258,199999,1604484,199997,15971,8097,15972,233983,199999,33776,5160,191329,0,67951,132048,40360,5161,0,0,0,8,112.997,215.102,100.214,7.232,2.624,20.420,0.000,0.000,5.642,27.666,0.000,0.000,0.000,0.000,0.000,27.665,0.235,1.083,0.237,0.003,4.127,14.723,0.000,8.729,27.899,7.601,0.000,0.000,11415768,0,45.128,23.044,8.729,0.000,20,59,10216951058508844915,2739885970612024836,15214969696279841583,14202102775752510145,7359711841302740049,200000,0,0,0,106.836,automatic,parallelFullRefresh,none,incremental,fullAllCurrentEntries,notApplicable,0,8,33598,0,2.624,automatic,parallelFullRefresh,none,incremental,fullAllCurrentEntries,notApplicable,0,8,194357,0,5.642,automatic,parallelAssisted,none,incremental,notApplicable,incremental,0,5,1010,0,20.407,serialImmediate,serialImmediate,none,incremental,notApplicable,incremental,1,1,194357,0,27.665,automatic,parallelDirty,none,notApplicable,notApplicable,incremental,0,8,0,67951,8.729,dirtyRange,dirtyRange,none,notApplicable,notApplicable,incremental,1,1,0,40360,7.601
Data-Oriented CPU ROAM,RelWithDebInfo,OpenGL,NVIDIA GeForce RTX 5090 D/PCIe/SSE2,4.1.0 NVIDIA 591.86,false,assets/heightmaps/Hm_Terrain_Peking_513.png,547,547,80.000,12.000,20,0.250,0.100,200000,false,59,64,0.937,14.128,53.446,17.852,-22.529,226.859,199999,1610386,199997,14004,7137,14004,233963,199999,33634,4676,165578,0,62401,137598,38885,4677,0,0,0,8,155.563,208.151,93.244,7.058,2.331,17.829,0.000,0.000,5.508,23.579,0.000,0.000,0.000,0.000,0.000,23.579,0.264,0.912,0.186,0.007,3.455,12.992,0.000,8.859,28.080,7.184,0.000,0.000,10483368,0,39.781,20.160,8.859,0.000,20,60,11110992602936541075,17036585647265425869,9418645314513683138,8126031534685439648,726391118472711587,200000,0,0,0,107.303,automatic,parallelFullRefresh,none,incremental,fullAllCurrentEntries,notApplicable,0,8,33776,0,2.331,automatic,parallelFullRefresh,none,incremental,fullAllCurrentEntries,notApplicable,0,8,195350,0,5.508,automatic,parallelAssisted,none,incremental,notApplicable,incremental,0,5,881,0,17.817,serialImmediate,serialImmediate,none,incremental,notApplicable,incremental,1,1,195350,0,23.579,automatic,parallelDirty,none,notApplicable,notApplicable,incremental,0,8,0,62401,8.859,dirtyRange,dirtyRange,none,notApplicable,notApplicable,incremental,1,1,0,38885,7.184
Data-Oriented CPU ROAM,RelWithDebInfo,OpenGL,NVIDIA GeForce RTX 5090 D/PCIe/SSE2,4.1.0 NVIDIA 591.86,false,assets/heightmaps/Hm_Terrain_Peking_513.png,547,547,80.000,12.000,20,0.250,0.100,200000,false,60,64,0.952,14.349,55.423,18.310,-17.096,220.097,200000,1613714,199998,15077,7673,15076,233913,200000,33628,5205,178779,0,61088,138912,38471,5206,0,0,0,8,100.318,209.584,94.198,6.975,2.378,18.858,0.000,0.000,5.528,25.360,0.000,0.000,0.000,0.000,0.000,25.359,0.201,0.869,0.236,0.010,3.376,14.158,0.000,7.804,27.294,7.022,0.000,0.000,10262784,0,42.785,21.235,7.804,0.000,20,61,14925475483848614389,14069151452979917280,891199421083777342,5218615008927743311,9792374462707050516,200000,0,0,0,107.967,automatic,parallelFullRefresh,none,incremental,fullAllCurrentEntries,notApplicable,0,8,33634,0,2.378,automatic,parallelFullRefresh,none,incremental,fullAllCurrentEntries,notApplicable,0,8,195338,0,5.528,automatic,parallelAssisted,none,incremental,notApplicable,incremental,0,4,858,0,18.849,serialImmediate,serialImmediate,none,incremental,notApplicable,incremental,1,1,195338,0,25.359,automatic,parallelDirty,none,notApplicable,notApplicable,incremental,0,8,0,61088,7.804,dirtyRange,dirtyRange,none,notApplicable,notApplicable,incremental,1,1,0,38471,7.022
Data-Oriented CPU ROAM,RelWithDebInfo,OpenGL,NVIDIA GeForce RTX 5090 D/PCIe/SSE2,4.1.0 NVIDIA 591.86,false,assets/heightmaps/Hm_Terrain_Peking_513.png,547,547,80.000,12.000,20,0.250,0.100,200000,false,61,64,0.968,14.570,56.850,18.835,-11.492,221.235,200000,1616254,199998,15566,7957,15566,233818,200000,33577,5724,182543,0,64316,135684,39627,5725,0,0,0,8,176.857,210.710,96.447,7.055,2.260,18.872,0.000,0.000,5.521,25.521,0.000,0.000,0.000,0.000,0.000,25.521,0.186,0.721,0.210,0.002,2.791,14.954,0.000,9.598,27.620,7.426,0.000,0.000,10805088,0,43.799,21.132,9.598,0.000,20,62,16281842406765578862,14119568360212279838,14426469115822831624,2722030401704860053,14359339353071339021,200000,0,0,0,106.421,automatic,parallelFullRefresh,none,incremental,fullAllCurrentEntries,notApplicable,0,8,33628,0,2.260,automatic,parallelFullRefresh,none,incremental,fullAllCurrentEntries,notApplicable,0,8,195859,0,5.521,automatic,parallelAssisted,none,incremental,notApplicable,incremental,0,8,738,0,18.863,serialImmediate,serialImmediate,none,incremental,notApplicable,incremental,1,1,195859,0,25.521,automatic,parallelDirty,none,notApplicable,notApplicable,incremental,0,8,0,64316,9.598,dirtyRange,dirtyRange,none,notApplicable,notApplicable,incremental,1,1,0,39627,7.426
Data-Oriented CPU ROAM,RelWithDebInfo,OpenGL,NVIDIA GeForce RTX 5090 D/PCIe/SSE2,4.1.0 NVIDIA 591.86,false,assets/heightmaps/Hm_Terrain_Peking_513.png,547,547,80.000,12.000,20,0.250,0.100,200000,false,62,64,0.984,14.792,57.712,19.406,-5.775,222.445,199999,1618198,199997,15774,8075,15775,233768,199999,33552,6164,184632,0,65506,134493,39871,6165,0,0,0,8,164.612,207.067,93.915,7.173,2.319,18.610,0.000,0.000,5.137,25.998,0.000,0.000,0.000,0.000,0.000,25.997,0.157,0.661,0.137,0.003,2.332,15.311,0.000,8.722,25.956,7.652,0.000,0.000,11005008,0,44.645,20.928,8.722,0.000,20,63,17076166320377846482,17556954218125128268,10514257532688027711,2882623353378495332,7629037389415132472,200000,0,0,0,105.073,automatic,parallelFullRefresh,none,incremental,fullAllCurrentEntries,notApplicable,0,8,33577,0,2.319,automatic,parallelFullRefresh,none,incremental,fullAllCurrentEntries,notApplicable,0,8,196570,0,5.137,automatic,parallelAssisted,none,incremental,notApplicable,incremental,0,7,622,0,18.601,serialImmediate,serialImmediate,none,incremental,notApplicable,incremental,1,1,196570,0,25.997,automatic,parallelDirty,none,notApplicable,notApplicable,incremental,0,8,0,65506,8.722,dirtyRange,dirtyRange,none,notApplicable,notApplicable,incremental,1,1,0,39871,7.652
Data-Oriented CPU ROAM,RelWithDebInfo,OpenGL,NVIDIA GeForce RTX 5090 D/PCIe/SSE2,4.1.0 NVIDIA 591.86,false,assets/heightmaps/Hm_Terrain_Peking_513.png,547,547,80.000,12.000,20,0.250,0.100,200000,false,63,64,1.000,15.011,58.000,20.000,0.000,219.017,199999,1618198,199997,14236,7228,14236,233858,199999,33558,5846,169606,0,62158,137841,38941,5847,0,0,0,8,168.860,201.575,87.769,7.153,2.325,16.718,0.000,0.000,5.008,23.190,0.000,0.000,0.000,0.000,0.000,23.189,0.122,0.489,0.138,0.002,1.839,14.117,0.000,7.985,25.391,7.178,0.000,0.000,10442544,0,41.053,19.043,7.985,0.000,20,64,2230507883642709571,5977180557121830227,17573036779925616676,14568819671399765506,5677462786853086169,200000,0,0,0,106.223,automatic,parallelFullRefresh,none,incremental,fullAllCurrentEntries,notApplicable,0,8,33552,0,2.325,automatic,parallelFullRefresh,none,incremental,fullAllCurrentEntries,notApplicable,0,8,197480,0,5.008,automatic,parallelAssisted,none,incremental,notApplicable,incremental,0,5,477,0,16.708,serialImmediate,serialImmediate,none,incremental,notApplicable,incremental,1,1,197480,0,23.189,automatic,parallelDirty,none,notApplicable,notApplicable,incremental,0,8,0,62158,7.985,dirtyRange,dirtyRange,none,notApplicable,notApplicable,incremental,1,1,0,38941,7.178
