algorithm,buildConfiguration,graphicsBackend,graphicsAdapter,graphicsVersion,vSyncEnabled,heightMapPath,heightMapWidth,heightMapHeight,terrainSize,heightScale,maxDepthSetting,screenSpaceSplitThresholdPixels,screenSpaceMergeThresholdPixels,triangleBudget,dodParallelSplitEnabled,pathSampleIndex,pathSampleCount,pathProgress,timeSeconds,cameraX,cameraY,cameraZ,frameMilliseconds,triangles,nodes,activeSplits,splits,forcedSplits,merges,candidatePeak,persistentSplitQueueSize,persistentMergeQueueSize,queueCrossoverCount,queueMembershipUpdateCount,cpuMeshFullRebuildCount,cpuMeshUpdatedTriangleCount,cpuMeshReusedTriangleCount,cpuMeshDirtyRangeCount,budgetRejectedSplits,tjunctions,invalidNeighbors,invalidTopology,cpuWorkers,cpuUtilizationPercent,lodTotalMilliseconds,cpuUpdateMilliseconds,cpuPrepareMilliseconds,cpuMergeCandidateMarkMilliseconds,cpuMergeTopologyMilliseconds,cpuBudgetLeafCollectMilliseconds,cpuErrorEvalMilliseconds,cpuSplitCandidateMarkMilliseconds,cpuSplitTopologyMilliseconds,cpuSplitTopologyChunkBuildMilliseconds,cpuSplitTopologyQueueInvalidationMilliseconds,cpuSplitTopologyParallelCommitMilliseconds,cpuSplitTopologyResultMergeMilliseconds,cpuSplitTopologyIndexQueueRefreshMilliseconds,cpuSplitTopologySerialConvergenceMilliseconds,cpuMergeTopologyChunkBuildMilliseconds,cpuMergeTopologyQueueInvalidationMilliseconds,cpuMergeTopologyParallelCommitMilliseconds,cpuMergeTopologyResultMergeMilliseconds,cpuMergeTopologyIndexQueueRefreshMilliseconds,cpuMergeTopologySerialConvergenceMilliseconds,cpuFinalLeafCollectMilliseconds,cpuMeshEmitMilliseconds,cpuFinalizeMilliseconds,cpuUploadMilliseconds,frameFenceWaitMilliseconds,renderMilliseconds,cpuGpuUploadBytes,cpuGpuReadbackBytes,splitMilliseconds,mergeMilliseconds,emitMilliseconds,validateMilliseconds,maxDepthReached,buildSequence,replayInputHash,topologyHash,activeLeafHash,meshHash,evidenceTriangleBudget,budgetViolationCount,queueInvariantViolationCount,resourceValidationFailureCount,passEvidenceMilliseconds,pass_mergeScoreRequestedAction,pass_mergeScoreEffectiveAction,pass_mergeScoreFallbackReason,pass_mergeScoreMembershipUpdate,pass_mergeScorePriorityRefresh,pass_mergeScoreDataUpdate,pass_mergeScoreRequestedWorkerCount,pass_mergeScoreEffectiveWorkerCount,pass_mergeScoreCandidateCount,pass_mergeScoreDirtyItemCount,pass_mergeScoreWallMs,pass_splitScoreRequestedAction,pass_splitScoreEffectiveAction,pass_splitScoreFallbackReason,pass_splitScoreMembershipUpdate,pass_splitScorePriorityRefresh,pass_splitScoreDataUpdate,pass_splitScoreRequestedWorkerCount,pass_splitScoreEffectiveWorkerCount,pass_splitScoreCandidateCount,pass_splitScoreDirtyItemCount,pass_splitScoreWallMs,pass_mergeTopologyRequestedAction,pass_mergeTopologyEffectiveAction,pass_mergeTopologyFallbackReason,pass_mergeTopologyMembershipUpdate,pass_mergeTopologyPriorityRefresh,pass_mergeTopologyDataUpdate,pass_mergeTopologyRequestedWorkerCount,pass_mergeTopologyEffectiveWorkerCount,pass_mergeTopologyCandidateCount,pass_mergeTopologyDirtyItemCount,pass_mergeTopologyWallMs,pass_splitTopologyRequestedAction,pass_splitTopologyEffectiveAction,pass_splitTopologyFallbackReason,pass_splitTopologyMembershipUpdate,pass_splitTopologyPriorityRefresh,pass_splitTopologyDataUpdate,pass_splitTopologyRequestedWorkerCount,pass_splitTopologyEffectiveWorkerCount,pass_splitTopologyCandidateCount,pass_splitTopologyDirtyItemCount,pass_splitTopologyWallMs,pass_meshEmitRequestedAction,pass_meshEmitEffectiveAction,pass_meshEmitFallbackReason,pass_meshEmitMembershipUpdate,pass_meshEmitPriorityRefresh,pass_meshEmitDataUpdate,pass_meshEmitRequestedWorkerCount,pass_meshEmitEffectiveWorkerCount,pass_meshEmitCandidateCount,pass_meshEmitDirtyItemCount,pass_meshEmitWallMs,pass_cpuUploadRequestedAction,pass_cpuUploadEffectiveAction,pass_cpuUploadFallbackReason,pass_cpuUploadMembershipUpdate,pass_cpuUploadPriorityRefresh,pass_cpuUploadDataUpdate,pass_cpuUploadRequestedWorkerCount,pass_cpuUploadEffectiveWorkerCount,pass_cpuUploadCandidateCount,pass_cpuUploadDirtyItemCount,pass_cpuUploadWallMs
Classic CPU ROAM,RelWithDebInfo,OpenGL,NVIDIA GeForce RTX 5090 D/PCIe/SSE2,4.1.0 NVIDIA 591.86,false,assets/heightmaps/Hm_Terrain_Peking_513.png,547,547,80.000,12.000,20,0.250,0.100,200000,false,0,64,0.000,0.000,58.000,20.000,0.000,99.757,200000,399998,199998,199998,99941,0,233559,200000,33559,0,1369743,1,200000,0,1,796,0,0,0,1,96.727,827.497,710.114,96.338,0.000,0.000,0.000,0.000,0.001,387.412,0.000,0.000,0.000,0.000,0.000,387.412,0.000,0.000,0.000,0.000,0.000,0.000,0.000,159.052,67.309,3.639,0.000,0.000,33600000,0,387.413,0.000,159.052,0.000,20,1,17880210218852421070,7588432357280601828,4475650156416630638,220946018676980248,200000,0,0,0,113.723,serialFullRefresh,serialFullRefresh,noWork,incremental,fullAllCurrentEntries,notApplicable,1,0,0,0,0.000,serialFullRefresh,serialFullRefresh,none,incremental,fullAllCurrentEntries,notApplicable,1,1,2,0,0.001,serialImmediate,serialImmediate,noWork,incremental,notApplicable,incremental,1,0,0,0,0.000,serialImmediate,serialImmediate,none,incremental,notApplicable,incremental,1,1,2,0,387.412,serialDirty,serialDirty,none,notApplicable,notApplicable,full,1,1,0,200000,159.052,fullBuffer,fullBuffer,none,notApplicable,notApplicable,full,1,1,0,1,3.639
Classic CPU ROAM,RelWithDebInfo,OpenGL,NVIDIA GeForce RTX 5090 D/PCIe/SSE2,4.1.0 NVIDIA 591.86,false,assets/heightmaps/Hm_Terrain_Peking_513.png,547,547,80.000,12.000,20,0.250,0.100,200000,false,1,64,0.016,0.840,57.712,20.594,5.775,839.581,200000,427218,199998,13610,6871,13610,233748,200000,33615,5943,158530,0,200000,0,1,4214,0,0,0,1,103.091,322.531,203.730,7.955,15.316,17.583,0.000,0.000,42.536,26.827,0.000,0.000,0.000,0.000,0.000,26.827,0.000,0.000,0.000,0.000,0.000,0.000,0.000,35.143,58.369,4.226,0.000,0.000,33600000,0,69.362,32.899,35.143,0.000,20,2,10498043746124625550,5676548594320867845,10548495358431706607,2033869471460259257,200000,0,0,0,114.548,serialFullRefresh,serialFullRefresh,none,incremental,fullAllCurrentEntries,notApplicable,1,1,33559,0,15.316,serialFullRefresh,serialFullRefresh,none,incremental,fullAllCurrentEntries,notApplicable,1,1,200000,0,42.536,serialImmediate,serialImmediate,none,incremental,notApplicable,incremental,1,1,33559,0,17.583,serialImmediate,serialImmediate,none,incremental,notApplicable,incremental,1,1,200000,0,26.827,serialDirty,serialDirty,none,notApplicable,notApplicable,incremental,1,1,0,200000,35.143,dirtyRange,dirtyRange,none,notApplicable,notApplicable,incremental,1,1,0,1,4.226
Classic CPU ROAM,RelWithDebInfo,OpenGL,NVIDIA GeForce RTX 5090 D/PCIe/SSE2,4.1.0 NVIDIA 591.86,false,assets/heightmaps/Hm_Terrain_Peking_513.png,547,547,80.000,12.000,20,0.250,0.100,200000,false,2,64,0.032,1.169,56.850,21.165,11.492,328.967,200000,455332,199998,14461,7346,14461,233842,200000,33715,4236,171124,0,57287,142713,16130,3417,0,0,0,1,95.522,315.993,195.723,7.367,14.963,16.851,0.000,0.000,43.786,30.620,0.000,0.000,0.000,0.000,0.000,30.620,0.000,0.000,0.000,0.000,0.000,0.000,0.000,22.544,59.590,5.159,0.000,0.000,9624216,0,74.406,31.815,22.544,0.000,20,3,8740759605423880359,5961076052088102992,16527254313496818514,6724886879837742002,200000,0,0,0,114.982,serialFullRefresh,serialFullRefresh,none,incremental,fullAllCurrentEntries,notApplicable,1,1,33615,0,14.963,serialFullRefresh,serialFullRefresh,none,incremental,fullAllCurrentEntries,notApplicable,1,1,200000,0,43.786,serialImmediate,serialImmediate,none,incremental,notApplicable,incremental,1,1,33615,0,16.851,serialImmediate,serialImmediate,none,incremental,notApplicable,incremental,1,1,200000,0,30.620,serialDirty,serialDirty,none,notApplicable,notApplicable,incremental,1,1,0,57287,22.544,dirtyRange,dirtyRange,none,notApplicable,notApplicable,incremental,1,1,0,16130,5.159
Classic CPU ROAM,RelWithDebInfo,OpenGL,NVIDIA GeForce RTX 5090 D/PCIe/SSE2,4.1.0 NVIDIA 591.86,false,assets/heightmaps/Hm_Terrain_Peking_513.png,547,547,80.000,12.000,20,0.250,0.100,200000,false,3,64,0.048,1.490,55.423,21.690,17.096,321.798,200000,484580,199998,15341,7854,15341,234092,200000,33927,3881,183466,0,59267,140733,17276,2345,0,0,0,1,94.638,318.149,197.933,7.894,14.455,17.861,0.000,0.000,42.614,33.858,0.000,0.000,0.000,0.000,0.000,33.858,0.000,0.000,0.000,0.000,0.000,0.000,0.000,23.878,57.371,4.409,0.000,0.000,9956856,0,76.473,32.316,23.878,0.000,20,4,2213595259957853764,7783645792805644058,10169010371920852236,15164778180041910628,200000,0,0,0,115.728,serialFullRefresh,serialFullRefresh,none,incremental,fullAllCurrentEntries,notApplicable,1,1,33715,0,14.455,serialFullRefresh,serialFullRefresh,none,incremental,fullAllCurrentEntries,notApplicable,1,1,200000,0,42.614,serialImmediate,serialImmediate,none,incremental,notApplicable,incremental,1,1,33715,0,17.861,serialImmediate,serialImmediate,none,incremental,notApplicable,incremental,1,1,200000,0,33.858,serialDirty,serialDirty,none,notApplicable,notApplicable,incremental,1,1,0,59267,23.878,dirtyRange,dirtyRange,none,notApplicable,notApplicable,incremental,1,1,0,17276,4.409
Classic CPU ROAM,RelWithDebInfo,OpenGL,NVIDIA GeForce RTX 5090 D/PCIe/SSE2,4.1.0 NVIDIA 591.86,false,assets/heightmaps/Hm_Terrain_Peking_513.png,547,547,80.000,12.000,20,0.250,0.100,200000,false,4,64,0.063,1.814,53.446,22.148,22.529,323.649,200000,515876,199998,16557,8422,16557,234322,200000,34140,4242,200383,0,60474,139526,17356,2090,0,0,0,1,97.609,324.561,202.321,7.762,15.134,18.409,0.000,0.000,44.897,33.863,0.000,0.000,0.000,0.000,0.000,33.863,0.000,0.000,0.000,0.000,0.000,0.000,0.000,25.215,57.038,4.358,0.000,0.000,10159632,0,78.760,33.544,25.215,0.000,20,5,11558863183315997504,5476619637919345177,6867597602109571887,11864242824289070427,200000,0,0,0,117.797,serialFullRefresh,serialFullRefresh,none,incremental,fullAllCurrentEntries,notApplicable,1,1,33927,0,15.134,serialFullRefresh,serialFullRefresh,none,incremental,fullAllCurrentEntries,notApplicable,1,1,200000,0,44.897,serialImmediate,serialImmediate,none,incremental,notApplicable,incremental,1,1,33927,0,18.409,serialImmediate,serialImmediate,none,incremental,notApplicable,incremental,1,1,200000,0,33.863,serialDirty,serialDirty,none,notApplicable,notApplicable,incremental,1,1,0,60474,25.215,dirtyRange,dirtyRange,none,notApplicable,notApplicable,incremental,1,1,0,17356,4.358
Classic CPU ROAM,RelWithDebInfo,OpenGL,NVIDIA GeForce RTX 5090 D/PCIe/SSE2,4.1.0 NVIDIA 591.86,false,assets/heightmaps/Hm_Terrain_Peking_513.png,547,547,80.000,12.000,20,0.250,0.100,200000,false,5,64,0.079,2.145,50.937,22.520,27.739,330.761,200000,545954,199998,16443,8347,16443,234477,200000,34173,3967,195671,0,60671,139329,18051,1110,0,0,0,1,100.696,330.436,201.274,7.539,15.358,19.301,0.000,0.000,42.598,35.205,0.000,0.000,0.000,0.000,0.000,35.205,0.000,0.000,0.000,0.000,0.000,0.000,0.000,25.720,55.550,4.531,0.000,0.000,10192728,0,77.803,34.660,25.720,0.000,20,6,14963729072714551044,2504589822901756120,6770990170278849198,10093601637157656392,200000,0,0,0,124.549,serialFullRefresh,serialFullRefresh,none,incremental,fullAllCurrentEntries,notApplicable,1,1,34140,0,15.358,serialFullRefresh,serialFullRefresh,none,incremental,fullAllCurrentEntries,notApplicable,1,1,200000,0,42.598,serialImmediate,serialImmediate,none,incremental,notApplicable,incremental,1,1,34140,0,19.301,serialImmediate,serialImmediate,none,incremental,notApplicable,incremental,1,1,200000,0,35.205,serialDirty,serialDirty,none,notApplicable,notApplicable,incremental,1,1,0,60671,25.720,dirtyRange,dirtyRange,none,notApplicable,notApplicable,incremental,1,1,0,18051,4.531
Classic CPU ROAM,RelWithDebInfo,OpenGL,NVIDIA GeForce RTX 5090 D/PCIe/SSE2,4.1.0 NVIDIA 591.86,false,assets/heightmaps/Hm_Terrain_Peking_513.png,547,547,80.000,12.000,20,0.250,0.100,200000,false,6,64,0.095,2.481,47.922,22.793,32.673,336.421,200000,573734,199998,15473,7848,15473,234509,200000,34107,4324,183782,0,60188,139812,18610,2455,0,0,0,1,95.334,317.896,201.218,7.631,15.459,18.261,0.000,0.000,43.213,32.890,0.000,0.000,0.000,0.000,0.000,32.890,0.000,0.000,0.000,0.000,0.000,0.000,0.000,24.689,59.074,6.442,0.000,0.000,10111584,0,76.103,33.720,24.689,0.000,20,7,12097232280918557355,18016422774971089556,5595370295677071714,1887302360835562973,200000,0,0,0,110.153,serialFullRefresh,serialFullRefresh,none,incremental,fullAllCurrentEntries,notApplicable,1,1,34173,0,15.459,serialFullRefresh,serialFullRefresh,none,incremental,fullAllCurrentEntries,notApplicable,1,1,200000,0,43.213,serialImmediate,serialImmediate,none,incremental,notApplicable,incremental,1,1,34173,0,18.261,serialImmediate,serialImmediate,none,incremental,notApplicable,incremental,1,1,200000,0,32.890,serialDirty,serialDirty,none,notApplicable,notApplicable,incremental,1,1,0,60188,24.689,dirtyRange,dirtyRange,none,notApplicable,notApplicable,incremental,1,1,0,18610,6.442
Classic CPU ROAM,RelWithDebInfo,OpenGL,NVIDIA GeForce RTX 5090 D/PCIe/SSE2,4.1.0 NVIDIA 591.86,false,assets/heightmaps/Hm_Terrain_Peking_513.png,547,547,80.000,12.000,20,0.250,0.100,200000,false,7,64,0.111,2.806,44.431,22.954,37.282,324.690,200000,601084,199998,15848,8037,15848,234498,200000,34174,5324,189925,0,61733,138267,19821,1978,0,0,0,1,104.142,291.023,183.736,8.083,15.513,17.440,0.000,0.000,44.429,31.854,0.000,0.000,0.000,0.000,0.000,31.854,0.000,0.000,0.000,0.000,0.000,0.000,0.000,21.105,45.311,5.904,0.000,0.000,10371144,0,76.283,32.953,21.105,0.000,20,8,7165266413408466178,7783257179921695138,15440299088060168580,17719311066879858208,200000,0,0,0,101.287,serialFullRefresh,serialFullRefresh,none,incremental,fullAllCurrentEntries,notApplicable,1,1,34107,0,15.513,serialFullRefresh,serialFullRefresh,none,incremental,fullAllCurrentEntries,notApplicable,1,1,200000,0,44.429,serialImmediate,serialImmediate,none,incremental,notApplicable,incremental,1,1,34107,0,17.440,serialImmediate,serialImmediate,none,incremental,notApplicable,incremental,1,1,200000,0,31.854,serialDirty,serialDirty,none,notApplicable,notApplicable,incremental,1,1,0,61733,21.105,dirtyRange,dirtyRange,none,notApplicable,notApplicable,incremental,1,1,0,19821,5.904
Classic CPU ROAM,RelWithDebInfo,OpenGL,NVIDIA GeForce RTX 5090 D/PCIe/SSE2,4.1.0 NVIDIA 591.86,false,assets/heightmaps/Hm_Terrain_Peking_513.png,547,547,80.000,12.000,20,0.250,0.100,200000,false,8,64,0.127,3.105,40.498,22.999,41.520,298.687,200000,627902,199998,16041,8141,16041,234356,200000,34197,6160,186703,0,64076,135924,21380,3283,0,0,0,1,100.316,286.395,174.201,7.297,12.349,17.375,0.000,0.000,41.777,28.979,0.000,0.000,0.000,0.000,0.000,28.979,0.000,0.000,0.000,0.000,0.000,0.000,0.000,22.108,44.314,5.977,0.000,0.000,10764768,0,70.756,29.724,22.108,0.000,20,9,2088934972682076231,5135072663637782232,15116215542321801954,1656205033384040152,200000,0,0,0,106.123,serialFullRefresh,serialFullRefresh,none,incremental,fullAllCurrentEntries,notApplicable,1,1,34174,0,12.349,serialFullRefresh,serialFullRefresh,none,incremental,fullAllCurrentEntries,notApplicable,1,1,200000,0,41.777,serialImmediate,serialImmediate,none,incremental,notApplicable,incremental,1,1,34174,0,17.375,serialImmediate,serialImmediate,none,incremental,notApplicable,incremental,1,1,200000,0,28.979,serialDirty,serialDirty,none,notApplicable,notApplicable,incremental,1,1,0,64076,22.108,dirtyRange,dirtyRange,none,notApplicable,notApplicable,incremental,1,1,0,21380,5.977
Classic CPU ROAM,RelWithDebInfo,OpenGL,NVIDIA GeForce RTX 5090 D/PCIe/SSE2,4.1.0 NVIDIA 591.86,false,assets/heightmaps/Hm_Terrain_Peking_513.png,547,547,80.000,12.000,20,0.250,0.100,200000,false,9,64,0.143,3.400,36.162,22.925,45.346,295.498,200000,654594,199998,16361,8241,16361,234311,200000,34044,6795,189921,0,65256,134744,22114,4015,0,0,0,1,95.669,300.679,186.555,9.105,12.938,20.708,0.000,0.000,44.626,32.889,0.000,0.000,0.000,0.000,0.000,32.889,0.000,0.000,0.000,0.000,0.000,0.000,0.000,22.491,43.799,6.643,0.000,0.000,10963008,0,77.514,33.646,22.491,0.000,20,10,7929091375983876964,7476314301335915409,1773988661892439131,15736429493067664842,200000,0,0,0,107.377,serialFullRefresh,serialFullRefresh,none,incremental,fullAllCurrentEntries,notApplicable,1,1,34197,0,12.938,serialFullRefresh,serialFullRefresh,none,incremental,fullAllCurrentEntries,notApplicable,1,1,200000,0,44.626,serialImmediate,serialImmediate,none,incremental,notApplicable,incremental,1,1,34197,0,20.708,serialImmediate,serialImmediate,none,incremental,notApplicable,incremental,1,1,200000,0,32.889,serialDirty,serialDirty,none,notApplicable,notApplicable,incremental,1,1,0,65256,22.491,dirtyRange,dirtyRange,none,notApplicable,notApplicable,incremental,1,1,0,22114,6.643
Classic CPU ROAM,RelWithDebInfo,OpenGL,NVIDIA GeForce RTX 5090 D/PCIe/SSE2,4.1.0 NVIDIA 591.86,false,assets/heightmaps/Hm_Terrain_Peking_513.png,547,547,80.000,12.000,20,0.250,0.100,200000,false,10,64,0.159,3.709,31.468,22.735,48.722,309.267,200000,678674,199998,15540,7903,15540,234064,200000,33859,6816,182869,0,65340,134660,22436,3381,0,0,0,1,99.072,290.965,179.451,8.555,13.139,19.433,0.000,0.000,42.119,30.055,0.000,0.000,0.000,0.000,0.000,30.055,0.000,0.000,0.000,0.000,0.000,0.000,0.000,22.305,43.845,7.024,0.000,0.000,10977120,0,72.173,32.572,22.305,0.000,20,11,7716014713231548368,11966640825832472449,2936329696377599435,4770062035309081603,200000,0,0,0,104.392,serialFullRefresh,serialFullRefresh,none,incremental,fullAllCurrentEntries,notApplicable,1,1,34044,0,13.139,serialFullRefresh,serialFullRefresh,none,incremental,fullAllCurrentEntries,notApplicable,1,1,200000,0,42.119,serialImmediate,serialImmediate,none,incremental,notApplicable,incremental,1,1,34044,0,19.433,serialImmediate,serialImmediate,none,incremental,notApplicable,incremental,1,1,200000,0,30.055,serialDirty,serialDirty,none,notApplicable,notApplicable,incremental,1,1,0,65340,22.305,dirtyRange,dirtyRange,none,notApplicable,notApplicable,incremental,1,1,0,22436,7.024
Classic CPU ROAM,RelWithDebInfo,OpenGL,NVIDIA GeForce RTX 5090 D/PCIe/SSE2,4.1.0 NVIDIA 591.86,false,assets/heightmaps/Hm_Terrain_Peking_513.png,547,547,80.000,12.000,20,0.250,0.100,200000,false,11,64,0.175,4.010,26.460,22.436,51.613,300.904,200000,700598,199998,14497,7420,14497,233892,200000,33757,5778,170854,0,62969,137031,22247,2149,0,0,0,1,94.857,302.897,184.267,8.665,15.342,18.286,0.000,0.000,43.811,29.251,0.000,0.000,0.000,0.000,0.000,29.251,0.000,0.000,0.000,0.000,0.000,0.000,0.000,21.511,47.399,6.344,0.000,0.000,10578792,0,73.062,33.629,21.511,0.000,20,12,12513899104948994883,12340233750888763166,7252207091668294264,18372975826048541638,200000,0,0,0,112.191,serialFullRefresh,serialFullRefresh,none,incremental,fullAllCurrentEntries,notApplicable,1,1,33859,0,15.342,serialFullRefresh,serialFullRefresh,none,incremental,fullAllCurrentEntries,notApplicable,1,1,200000,0,43.811,serialImmediate,serialImmediate,none,incremental,notApplicable,incremental,1,1,33859,0,18.286,serialImmediate,serialImmediate,none,incremental,notApplicable,incremental,1,1,200000,0,29.251,serialDirty,serialDirty,none,notApplicable,notApplicable,incremental,1,1,0,62969,21.511,dirtyRange,dirtyRange,none,notApplicable,notApplicable,incremental,1,1,0,22247,6.344
Classic CPU ROAM,RelWithDebInfo,OpenGL,NVIDIA GeForce RTX 5090 D/PCIe/SSE2,4.1.0 NVIDIA 591.86,false,assets/heightmaps/Hm_Terrain_Peking_513.png,547,547,80.000,12.000,20,0.250,0.100,200000,false,12,64,0.190,4.322,21.190,22.041,53.991,311.301,200000,721738,199998,14366,7329,14366,233943,200000,33694,5388,170215,0,59658,140342,21759,2583,0,0,0,1,102.747,280.908,170.496,7.445,13.153,16.341,0.000,0.000,43.435,26.770,0.000,0.000,0.000,0.000,0.000,26.770,0.000,0.000,0.000,0.000,0.000,0.000,0.000,19.989,43.362,7.123,0.000,0.000,10022544,0,70.205,29.494,19.989,0.000,20,13,15721023846212249210,7985901360231321369,1171555780814262575,5796067217651964906,200000,0,0,0,103.197,serialFullRefresh,serialFullRefresh,none,incremental,fullAllCurrentEntries,notApplicable,1,1,33757,0,13.153,serialFullRefresh,serialFullRefresh,none,incremental,fullAllCurrentEntries,notApplicable,1,1,200000,0,43.435,serialImmediate,serialImmediate,none,incremental,notApplicable,incremental,1,1,33757,0,16.341,serialImmediate,serialImmediate,none,incremental,notApplicable,incremental,1,1,200000,0,26.770,serialDirty,serialDirty,none,notApplicable,notApplicable,incremental,1,1,0,59658,19.989,dirtyRange,dirtyRange,none,notApplicable,notApplicable,incremental,1,1,0,21759,7.123
Classic CPU ROAM,RelWithDebInfo,OpenGL,NVIDIA GeForce RTX 5090 D/PCIe/SSE2,4.1.0 NVIDIA 591.86,false,assets/heightmaps/Hm_Terrain_Peking_513.png,547,547,80.000,12.000,20,0.250,0.100,200000,false,13,64,0.206,4.611,15.709,21.564,55.832,289.193,200000,745076,199998,15353,7804,15353,233853,200000,33627,5584,178533,0,61486,138514,22564,2689,0,0,0,1,101.087,283.501,175.540,8.327,14.820,16.975,0.000,0.000,43.109,29.056,0.000,0.000,0.000,0.000,0.000,29.056,0.000,0.000,0.000,0.000,0.000,0.000,0.000,20.317,42.934,5.209,0.000,0.000,10329648,0,72.165,31.795,20.317,0.000,20,14,741659987512228135,16290827925674946331,11927697215920248553,7295109318311684051,200000,0,0,0,102.624,serialFullRefresh,serialFullRefresh,none,incremental,fullAllCurrentEntries,notApplicable,1,1,33694,0,14.820,serialFullRefresh,serialFullRefresh,none,incremental,fullAllCurrentEntries,notApplicable,1,1,200000,0,43.109,serialImmediate,serialImmediate,none,incremental,notApplicable,incremental,1,1,33694,0,16.975,serialImmediate,serialImmediate,none,incremental,notApplicable,incremental,1,1,200000,0,29.056,serialDirty,serialDirty,none,notApplicable,notApplicable,incremental,1,1,0,61486,20.317,dirtyRange,dirtyRange,none,notApplicable,notApplicable,incremental,1,1,0,22564,5.209
Classic CPU ROAM,RelWithDebInfo,OpenGL,NVIDIA GeForce RTX 5090 D/PCIe/SSE2,4.1.0 NVIDIA 591.86,false,assets/heightmaps/Hm_Terrain_Peking_513.png,547,547,80.000,12.000,20,0.250,0.100,200000,false,14,64,0.222,4.902,10.072,21.026,57.119,291.142,200000,770362,199998,16206,8304,16206,233908,200000,33565,5787,188492,0,64786,135214,23432,3054,0,0,0,1,100.707,285.975,179.682,7.387,12.578,18.845,0.000,0.000,42.789,30.012,0.000,0.000,0.000,0.000,0.000,30.012,0.000,0.000,0.000,0.000,0.000,0.000,0.000,22.660,45.410,6.616,0.000,0.000,10884048,0,72.801,31.423,22.660,0.000,20,15,18320382665366125420,12144965187181402796,5113406298481224610,14303990471150527108,200000,0,0,0,99.399,serialFullRefresh,serialFullRefresh,none,incremental,fullAllCurrentEntries,notApplicable,1,1,33627,0,12.578,serialFullRefresh,serialFullRefresh,none,incremental,fullAllCurrentEntries,notApplicable,1,1,200000,0,42.789,serialImmediate,serialImmediate,none,incremental,notApplicable,incremental,1,1,33627,0,18.845,serialImmediate,serialImmediate,none,incremental,notApplicable,incremental,1,1,200000,0,30.012,serialDirty,serialDirty,none,notApplicable,notApplicable,incremental,1,1,0,64786,22.660,dirtyRange,dirtyRange,none,notApplicable,notApplicable,incremental,1,1,0,23432,6.616
Classic CPU ROAM,RelWithDebInfo,OpenGL,NVIDIA GeForce RTX 5090 D/PCIe/SSE2,4.1.0 NVIDIA 591.86,false,assets/heightmaps/Hm_Terrain_Peking_513.png,547,547,80.000,12.000,20,0.250,0.100,200000,false,15,64,0.238,5.194,4.334,20.447,57.838,292.090,200000,795986,199998,16399,8303,16399,233659,200000,33433,5579,189692,0,65492,134508,23389,3387,0,0,0,1,99.231,290.377,182.654,8.843,11.083,17.718,0.000,0.000,41.360,30.748,0.000,0.000,0.000,0.000,0.000,30.748,0.000,0.000,0.000,0.000,0.000,0.000,0.000,26.727,46.173,6.890,0.000,0.000,11002656,0,72.108,28.801,26.727,0.000,20,16,5037798179796633388,6670645994453464754,9504741384652833372,13441994835025162607,200000,0,0,0,100.644,serialFullRefresh,serialFullRefresh,none,incremental,fullAllCurrentEntries,notApplicable,1,1,33565,0,11.083,serialFullRefresh,serialFullRefresh,none,incremental,fullAllCurrentEntries,notApplicable,1,1,200000,0,41.360,serialImmediate,serialImmediate,none,incremental,notApplicable,incremental,1,1,33565,0,17.718,serialImmediate,serialImmediate,none,incremental,notApplicable,incremental,1,1,200000,0,30.748,serialDirty,serialDirty,none,notApplicable,notApplicable,incremental,1,1,0,65492,26.727,dirtyRange,dirtyRange,none,notApplicable,notApplicable,incremental,1,1,0,23389,6.890
Classic CPU ROAM,RelWithDebInfo,OpenGL,NVIDIA GeForce RTX 5090 D/PCIe/SSE2,4.1.0 NVIDIA 591.86,false,assets/heightmaps/Hm_Terrain_Peking_513.png,547,547,80.000,12.000,20,0.250,0.100,200000,false,16,64,0.254,5.493,-1.446,19.850,57.982,299.268,200000,822450,199998,15856,7931,15856,233705,200000,33504,5256,187341,0,63732,136268,23059,2434,0,0,0,1,100.431,286.536,178.440,9.402,11.844,17.286,0.000,0.000,42.854,31.278,0.000,0.000,0.000,0.000,0.000,31.278,0.000,0.000,0.000,0.000,0.000,0.000,0.000,21.808,43.969,6.436,0.000,0.000,10706976,0,74.131,29.130,21.808,0.000,20,17,5166484656341467295,3505936785992697936,13213597493490085694,13492103954664496713,200000,0,0,0,101.471,serialFullRefresh,serialFullRefresh,none,incremental,fullAllCurrentEntries,notApplicable,1,1,33433,0,11.844,serialFullRefresh,serialFullRefresh,none,incremental,fullAllCurrentEntries,notApplicable,1,1,200000,0,42.854,serialImmediate,serialImmediate,none,incremental,notApplicable,incremental,1,1,33433,0,17.286,serialImmediate,serialImmediate,none,incremental,notApplicable,incremental,1,1,200000,0,31.278,serialDirty,serialDirty,none,notApplicable,notApplicable,incremental,1,1,0,63732,21.808,dirtyRange,dirtyRange,none,notApplicable,notApplicable,incremental,1,1,0,23059,6.436
Classic CPU ROAM,RelWithDebInfo,OpenGL,NVIDIA GeForce RTX 5090 D/PCIe/SSE2,4.1.0 NVIDIA 591.86,false,assets/heightmaps/Hm_Terrain_Peking_513.png,547,547,80.000,12.000,20,0.250,0.100,200000,false,17,64,0.270,5.789,-7.212,19.260,57.550,296.226,200000,847026,199998,14299,7231,14299,233572,200000,33442,5127,167228,0,61081,138919,22445,2484,0,0,0,1,103.079,279.463,172.238,7.231,12.286,16.880,0.000,0.000,44.013,27.956,0.000,0.000,0.000,0.000,0.000,27.956,0.000,0.000,0.000,0.000,0.000,0.000,0.000,20.089,43.782,6.560,0.000,0.000,10261608,0,71.970,29.166,20.089,0.000,20,18,14525299967400163284,2619533410868196136,5496134482746366190,13034177524068930537,200000,0,0,0,100.487,serialFullRefresh,serialFullRefresh,none,incremental,fullAllCurrentEntries,notApplicable,1,1,33504,0,12.286,serialFullRefresh,serialFullRefresh,none,incremental,fullAllCurrentEntries,notApplicable,1,1,200000,0,44.013,serialImmediate,serialImmediate,none,incremental,notApplicable,incremental,1,1,33504,0,16.880,serialImmediate,serialImmediate,none,incremental,notApplicable,incremental,1,1,200000,0,27.956,serialDirty,serialDirty,none,notApplicable,notApplicable,incremental,1,1,0,61081,20.089,dirtyRange,dirtyRange,none,notApplicable,notApplicable,incremental,1,1,0,22445,6.560
Classic CPU ROAM,RelWithDebInfo,OpenGL,NVIDIA GeForce RTX 5090 D/PCIe/SSE2,4.1.0 NVIDIA 591.86,false,assets/heightmaps/Hm_Terrain_Peking_513.png,547,547,80.000,12.000,20,0.250,0.100,200000,false,18,64,0.286,6.077,-12.906,18.698,56.546,287.623,200000,871614,199998,14982,7663,14982,233779,200000,33658,4708,176364,0,60007,139993,22180,2845,0,0,0,1,97.094,279.844,168.486,7.357,11.293,15.986,0.000,0.000,41.520,28.838,0.000,0.000,0.000,0.000,0.000,28.838,0.000,0.000,0.000,0.000,0.000,0.000,0.000,20.340,43.151,6.184,0.000,0.000,10081176,0,70.359,27.279,20.340,0.000,20,19,12325144682124575371,6794682377720560234,2272792061998874864,15482843154462386586,200000,0,0,0,104.898,serialFullRefresh,serialFullRefresh,none,incremental,fullAllCurrentEntries,notApplicable,1,1,33442,0,11.293,serialFullRefresh,serialFullRefresh,none,incremental,fullAllCurrentEntries,notApplicable,1,1,200000,0,41.520,serialImmediate,serialImmediate,none,incremental,notApplicable,incremental,1,1,33442,0,15.986,serialImmediate,serialImmediate,none,incremental,notApplicable,incremental,1,1,200000,0,28.838,serialDirty,serialDirty,none,notApplicable,notApplicable,incremental,1,1,0,60007,20.340,dirtyRange,dirtyRange,none,notApplicable,notApplicable,incremental,1,1,0,22180,6.184
Classic CPU ROAM,RelWithDebInfo,OpenGL,NVIDIA GeForce RTX 5090 D/PCIe/SSE2,4.1.0 NVIDIA 591.86,false,assets/heightmaps/Hm_Terrain_Peking_513.png,547,547,80.000,12.000,20,0.250,0.100,200000,false,19,64,0.302,6.365,-18.472,18.189,54.980,288.228,200000,899698,199998,17923,9200,17923,233769,200000,33508,4576,207446,0,63318,136682,22171,2650,0,0,0,1,102.127,312.403,195.418,7.412,12.892,21.537,0.000,0.000,44.535,35.868,0.000,0.000,0.000,0.000,0.000,35.868,0.000,0.000,0.000,0.000,0.000,0.000,0.000,24.745,48.429,6.356,0.000,0.000,10637424,0,80.403,34.429,24.745,0.000,20,20,13841027503605964664,18323998568648012168,11814088152895883178,16061839426492080044,200000,0,0,0,110.448,serialFullRefresh,serialFullRefresh,none,incremental,fullAllCurrentEntries,notApplicable,1,1,33658,0,12.892,serialFullRefresh,serialFullRefresh,none,incremental,fullAllCurrentEntries,notApplicable,1,1,200000,0,44.535,serialImmediate,serialImmediate,none,incremental,notApplicable,incremental,1,1,33658,0,21.537,serialImmediate,serialImmediate,none,incremental,notApplicable,incremental,1,1,200000,0,35.868,serialDirty,serialDirty,none,notApplicable,notApplicable,incremental,1,1,0,63318,24.745,dirtyRange,dirtyRange,none,notApplicable,notApplicable,incremental,1,1,0,22171,6.356
Classic CPU ROAM,RelWithDebInfo,OpenGL,NVIDIA GeForce RTX 5090 D/PCIe/SSE2,4.1.0 NVIDIA 591.86,false,assets/heightmaps/Hm_Terrain_Peking_513.png,547,547,80.000,12.000,20,0.250,0.100,200000,false,20,64,0.317,6.688,-23.855,17.751,52.867,322.533,200000,927212,199998,18183,9182,18183,233841,200000,33466,4638,208372,0,64941,135059,22911,2840,0,0,0,1,96.353,315.210,197.976,7.979,14.354,18.919,0.000,0.000,48.437,36.568,0.000,0.000,0.000,0.000,0.000,36.568,0.000,0.000,0.000,0.000,0.000,0.000,0.000,25.824,45.894,7.042,0.000,0.000,10910088,0,85.005,33.272,25.824,0.000,20,21,4131686850949951624,7968502595871137764,17841303413826451158,4020739419125971521,200000,0,0,0,110.013,serialFullRefresh,serialFullRefresh,none,incremental,fullAllCurrentEntries,notApplicable,1,1,33508,0,14.354,serialFullRefresh,serialFullRefresh,none,incremental,fullAllCurrentEntries,notApplicable,1,1,200000,0,48.437,serialImmediate,serialImmediate,none,incremental,notApplicable,incremental,1,1,33508,0,18.919,serialImmediate,serialImmediate,none,incremental,notApplicable,incremental,1,1,200000,0,36.568,serialDirty,serialDirty,none,notApplicable,notApplicable,incremental,1,1,0,64941,25.824,dirtyRange,dirtyRange,none,notApplicable,notApplicable,incremental,1,1,0,22911,7.042
Classic CPU ROAM,RelWithDebInfo,OpenGL,NVIDIA GeForce RTX 5090 D/PCIe/SSE2,4.1.0 NVIDIA 591.86,false,assets/heightmaps/Hm_Terrain_Peking_513.png,547,547,80.000,12.000,20,0.250,0.100,200000,false,21,64,0.333,7.011,-29.000,17.402,50.229,323.660,200000,954138,199998,17457,8796,17457,233802,200000,33474,4409,200830,0,67884,132116,24085,2669,0,0,0,1,110.159,290.889,179.108,7.287,13.245,17.361,0.000,0.000,41.371,33.123,0.000,0.000,0.000,0.000,0.000,33.123,0.000,0.000,0.000,0.000,0.000,0.000,0.000,23.131,43.588,7.150,0.000,0.000,11404512,0,74.494,30.607,23.131,0.000,20,22,10212872256874730540,4184009418848124478,4448185683158807684,17312507547840680562,200000,0,0,0,104.508,serialFullRefresh,serialFullRefresh,none,incremental,fullAllCurrentEntries,notApplicable,1,1,33466,0,13.245,serialFullRefresh,serialFullRefresh,none,incremental,fullAllCurrentEntries,notApplicable,1,1,200000,0,41.371,serialImmediate,serialImmediate,none,incremental,notApplicable,incremental,1,1,33466,0,17.361,serialImmediate,serialImmediate,none,incremental,notApplicable,incremental,1,1,200000,0,33.123,serialDirty,serialDirty,none,notApplicable,notApplicable,incremental,1,1,0,67884,23.131,dirtyRange,dirtyRange,none,notApplicable,notApplicable,incremental,1,1,0,24085,7.150
Classic CPU ROAM,RelWithDebInfo,OpenGL,NVIDIA GeForce RTX 5090 D/PCIe/SSE2,4.1.0 NVIDIA 591.86,false,assets/heightmaps/Hm_Terrain_Peking_513.png,547,547,80.000,12.000,20,0.250,0.100,200000,false,22,64,0.349,7.311,-33.857,17.156,47.092,299.967,200000,978138,199998,16429,8321,16429,233796,200000,33445,4742,188065,0,67754,132246,24525,2585,0,0,0,1,99.416,305.852,187.430,8.269,13.779,20.601,0.000,0.000,41.994,34.768,0.000,0.000,0.000,0.000,0.000,34.768,0.000,0.000,0.000,0.000,0.000,0.000,0.000,24.930,43.088,7.174,0.000,0.000,11382672,0,76.763,34.380,24.930,0.000,20,23,10692180309475265600,14707106482833081009,10834835481697202155,17689478856377352085,200000,0,0,0,111.072,serialFullRefresh,serialFullRefresh,none,incremental,fullAllCurrentEntries,notApplicable,1,1,33474,0,13.779,serialFullRefresh,serialFullRefresh,none,incremental,fullAllCurrentEntries,notApplicable,1,1,200000,0,41.994,serialImmediate,serialImmediate,none,incremental,notApplicable,incremental,1,1,33474,0,20.601,serialImmediate,serialImmediate,none,incremental,notApplicable,incremental,1,1,200000,0,34.768,serialDirty,serialDirty,none,notApplicable,notApplicable,incremental,1,1,0,67754,24.930,dirtyRange,dirtyRange,none,notApplicable,notApplicable,incremental,1,1,0,24525,7.174
Classic CPU ROAM,RelWithDebInfo,OpenGL,NVIDIA GeForce RTX 5090 D/PCIe/SSE2,4.1.0 NVIDIA 591.86,false,assets/heightmaps/Hm_Terrain_Peking_513.png,547,547,80.000,12.000,20,0.250,0.100,200000,false,23,64,0.365,7.627,-38.378,17.023,43.487,315.194,200000,1001030,199998,16206,8213,16206,233710,200000,33422,5315,185037,0,65299,134701,24385,2334,0,0,0,1,97.469,296.162,181.840,8.604,12.596,18.140,0.000,0.000,42.085,31.896,0.000,0.000,0.000,0.000,0.000,31.896,0.000,0.000,0.000,0.000,0.000,0.000,0.000,23.557,44.961,7.552,0.000,0.000,10970232,0,73.981,30.736,23.557,0.000,20,24,8205071253368997510,6468255570671903217,13110756096065449747,17873237339055070796,200000,0,0,0,106.640,serialFullRefresh,serialFullRefresh,none,incremental,fullAllCurrentEntries,notApplicable,1,1,33445,0,12.596,serialFullRefresh,serialFullRefresh,none,incremental,fullAllCurrentEntries,notApplicable,1,1,200000,0,42.085,serialImmediate,serialImmediate,none,incremental,notApplicable,incremental,1,1,33445,0,18.140,serialImmediate,serialImmediate,none,incremental,notApplicable,incremental,1,1,200000,0,31.896,serialDirty,serialDirty,none,notApplicable,notApplicable,incremental,1,1,0,65299,23.557,dirtyRange,dirtyRange,none,notApplicable,notApplicable,incremental,1,1,0,24385,7.552
Classic CPU ROAM,RelWithDebInfo,OpenGL,NVIDIA GeForce RTX 5090 D/PCIe/SSE2,4.1.0 NVIDIA 591.86,false,assets/heightmaps/Hm_Terrain_Peking_513.png,547,547,80.000,12.000,20,0.250,0.100,200000,false,24,64,0.381,7.932,-42.517,17.008,39.450,305.004,200000,1023714,199998,16738,8552,16738,233540,200000,33351,6071,187759,0,65113,134887,24630,3844,0,0,0,1,101.916,298.354,181.965,7.220,13.152,19.182,0.000,0.000,40.886,33.516,0.000,0.000,0.000,0.000,0.000,33.516,0.000,0.000,0.000,0.000,0.000,0.000,0.000,22.982,45.026,7.000,0.000,0.000,10938984,0,74.401,32.335,22.982,0.000,20,25,13697958384579630483,5613093925435064647,4192155250392760505,9806491557341151588,200000,0,0,0,109.262,serialFullRefresh,serialFullRefresh,none,incremental,fullAllCurrentEntries,notApplicable,1,1,33422,0,13.152,serialFullRefresh,serialFullRefresh,none,incremental,fullAllCurrentEntries,notApplicable,1,1,200000,0,40.886,serialImmediate,serialImmediate,none,incremental,notApplicable,incremental,1,1,33422,0,19.182,serialImmediate,serialImmediate,none,incremental,notApplicable,incremental,1,1,200000,0,33.516,serialDirty,serialDirty,none,notApplicable,notApplicable,incremental,1,1,0,65113,22.982,dirtyRange,dirtyRange,none,notApplicable,notApplicable,incremental,1,1,0,24630,7.000
Classic CPU ROAM,RelWithDebInfo,OpenGL,NVIDIA GeForce RTX 5090 D/PCIe/SSE2,4.1.0 NVIDIA 591.86,false,assets/heightmaps/Hm_Terrain_Peking_513.png,547,547,80.000,12.000,20,0.250,0.100,200000,false,25,64,0.397,8.241,-46.234,17.112,35.021,308.891,200000,1047570,199998,18663,9442,18663,233609,200000,33413,6131,212170,0,68543,131457,25038,2682,0,0,0,1,99.142,306.651,191.194,8.154,12.673,20.179,0.000,0.000,42.554,36.043,0.000,0.000,0.000,0.000,0.000,36.043,0.000,0.000,0.000,0.000,0.000,0.000,0.000,25.485,46.105,7.147,0.000,0.000,11515224,0,78.598,32.852,25.485,0.000,20,26,141353023002135364,6799830235164784937,4949422445672159251,16623821953730742419,200000,0,0,0,108.171,serialFullRefresh,serialFullRefresh,none,incremental,fullAllCurrentEntries,notApplicable,1,1,33351,0,12.673,serialFullRefresh,serialFullRefresh,none,incremental,fullAllCurrentEntries,notApplicable,1,1,200000,0,42.554,serialImmediate,serialImmediate,none,incremental,notApplicable,incremental,1,1,33351,0,20.179,serialImmediate,serialImmediate,none,incremental,notApplicable,incremental,1,1,200000,0,36.043,serialDirty,serialDirty,none,notApplicable,notApplicable,incremental,1,1,0,68543,25.485,dirtyRange,dirtyRange,none,notApplicable,notApplicable,incremental,1,1,0,25038,7.147
Classic CPU ROAM,RelWithDebInfo,OpenGL,NVIDIA GeForce RTX 5090 D/PCIe/SSE2,4.1.0 NVIDIA 591.86,false,assets/heightmaps/Hm_Terrain_Peking_513.png,547,547,80.000,12.000,20,0.250,0.100,200000,false,26,64,0.413,8.557,-49.491,17.330,30.243,316.567,200000,1071056,199998,17064,8616,17064,233732,200000,33495,5302,197076,0,69001,130999,25331,1952,0,0,0,1,103.746,308.339,190.441,6.751,14.349,19.262,0.000,0.000,42.483,37.031,0.000,0.000,0.000,0.000,0.000,37.031,0.000,0.000,0.000,0.000,0.000,0.000,0.000,24.804,45.760,7.059,0.000,0.000,11592168,0,79.514,33.610,24.804,0.000,20,27,12624068419147087756,6856120173095685496,6755707351171696626,6033637362027023382,200000,0,0,0,110.687,serialFullRefresh,serialFullRefresh,none,incremental,fullAllCurrentEntries,notApplicable,1,1,33413,0,14.349,serialFullRefresh,serialFullRefresh,none,incremental,fullAllCurrentEntries,notApplicable,1,1,200000,0,42.483,serialImmediate,serialImmediate,none,incremental,notApplicable,incremental,1,1,33413,0,19.262,serialImmediate,serialImmediate,none,incremental,notApplicable,incremental,1,1,200000,0,37.031,serialDirty,serialDirty,none,notApplicable,notApplicable,incremental,1,1,0,69001,24.804,dirtyRange,dirtyRange,none,notApplicable,notApplicable,incremental,1,1,0,25331,7.059
Classic CPU ROAM,RelWithDebInfo,OpenGL,NVIDIA GeForce RTX 5090 D/PCIe/SSE2,4.1.0 NVIDIA 591.86,false,assets/heightmaps/Hm_Terrain_Peking_513.png,547,547,80.000,12.000,20,0.250,0.100,200000,false,27,64,0.429,8.873,-52.256,17.655,25.165,315.713,200000,1092716,199998,15122,7684,15122,233813,200000,33477,4966,177472,0,65744,134256,25332,3005,0,0,0,1,95.418,284.729,171.148,7.572,10.986,17.440,0.000,0.000,40.552,29.259,0.000,0.000,0.000,0.000,0.000,29.259,0.000,0.000,0.000,0.000,0.000,0.000,0.000,21.041,44.299,6.265,0.000,0.000,11044992,0,69.811,28.425,21.041,0.000,20,28,5933188871763074288,11059640245212390381,7555315728193499563,9686194466863764310,200000,0,0,0,107.128,serialFullRefresh,serialFullRefresh,none,incremental,fullAllCurrentEntries,notApplicable,1,1,33495,0,10.986,serialFullRefresh,serialFullRefresh,none,incremental,fullAllCurrentEntries,notApplicable,1,1,200000,0,40.552,serialImmediate,serialImmediate,none,incremental,notApplicable,incremental,1,1,33495,0,17.440,serialImmediate,serialImmediate,none,incremental,notApplicable,incremental,1,1,200000,0,29.259,serialDirty,serialDirty,none,notApplicable,notApplicable,incremental,1,1,0,65744,21.041,dirtyRange,dirtyRange,none,notApplicable,notApplicable,incremental,1,1,0,25332,6.265
Classic CPU ROAM,RelWithDebInfo,OpenGL,NVIDIA GeForce RTX 5090 D/PCIe/SSE2,4.1.0 NVIDIA 591.86,false,assets/heightmaps/Hm_Terrain_Peking_513.png,547,547,80.000,12.000,20,0.250,0.100,200000,false,28,64,0.444,9.165,-54.502,18.072,19.837,292.496,200000,1113216,199998,14335,7290,14335,233772,200000,33465,4834,167994,0,61395,138605,24706,2208,0,0,0,1,98.162,310.599,182.076,8.733,16.637,17.159,0.000,0.000,44.890,29.720,0.000,0.000,0.000,0.000,0.000,29.720,0.000,0.000,0.000,0.000,0.000,0.000,0.000,20.983,43.953,8.105,0.000,0.000,10314360,0,74.610,33.796,20.983,0.000,20,29,1743468425613593704,6230683355398155042,9888563655938865868,6802711605645862921,200000,0,0,0,120.255,serialFullRefresh,serialFullRefresh,none,incremental,fullAllCurrentEntries,notApplicable,1,1,33477,0,16.637,serialFullRefresh,serialFullRefresh,none,incremental,fullAllCurrentEntries,notApplicable,1,1,200000,0,44.890,serialImmediate,serialImmediate,none,incremental,notApplicable,incremental,1,1,33477,0,17.159,serialImmediate,serialImmediate,none,incremental,notApplicable,incremental,1,1,200000,0,29.720,serialDirty,serialDirty,none,notApplicable,notApplicable,incremental,1,1,0,61395,20.983,dirtyRange,dirtyRange,none,notApplicable,notApplicable,incremental,1,1,0,24706,8.105
Classic CPU ROAM,RelWithDebInfo,OpenGL,NVIDIA GeForce RTX 5090 D/PCIe/SSE2,4.1.0 NVIDIA 591.86,false,assets/heightmaps/Hm_Terrain_Peking_513.png,547,547,80.000,12.000,20,0.250,0.100,200000,false,29,64,0.460,9.485,-56.206,18.565,14.312,319.525,200000,1134936,199998,15312,7824,15312,233718,200000,33572,5365,179891,0,62078,137922,25331,2859,0,0,0,1,96.323,315.484,189.278,7.473,14.187,19.495,0.000,0.000,41.970,31.892,0.000,0.000,0.000,0.000,0.000,31.892,0.000,0.000,0.000,0.000,0.000,0.000,0.000,25.021,49.239,7.216,0.000,0.000,10429104,0,73.862,33.682,25.021,0.000,20,30,10950733618152842292,15109329511028966282,4722452041654089608,6983045937520075164,200000,0,0,0,118.781,serialFullRefresh,serialFullRefresh,none,incremental,fullAllCurrentEntries,notApplicable,1,1,33465,0,14.187,serialFullRefresh,serialFullRefresh,none,incremental,fullAllCurrentEntries,notApplicable,1,1,200000,0,41.970,serialImmediate,serialImmediate,none,incremental,notApplicable,incremental,1,1,33465,0,19.495,serialImmediate,serialImmediate,none,incremental,notApplicable,incremental,1,1,200000,0,31.892,serialDirty,serialDirty,none,notApplicable,notApplicable,incremental,1,1,0,62078,25.021,dirtyRange,dirtyRange,none,notApplicable,notApplicable,incremental,1,1,0,25331,7.216
Classic CPU ROAM,RelWithDebInfo,OpenGL,NVIDIA GeForce RTX 5090 D/PCIe/SSE2,4.1.0 NVIDIA 591.86,false,assets/heightmaps/Hm_Terrain_Peking_513.png,547,547,80.000,12.000,20,0.250,0.100,200000,false,30,64,0.476,9.811,-57.352,19.116,8.644,325.794,200000,1156274,199998,15483,7916,15483,233751,200000,33515,5638,179939,0,64043,135957,26078,2122,0,0,0,1,98.896,306.383,190.032,7.531,12.817,18.240,0.000,0.000,42.746,30.422,0.000,0.000,0.000,0.000,0.000,30.422,0.000,0.000,0.000,0.000,0.000,0.000,0.000,30.204,48.071,6.123,0.000,0.000,10759224,0,73.168,31.057,30.204,0.000,20,31,5361040383493513114,15337671370646515645,6452947698764962839,15378367499456464034,200000,0,0,0,110.066,serialFullRefresh,serialFullRefresh,none,incremental,fullAllCurrentEntries,notApplicable,1,1,33572,0,12.817,serialFullRefresh,serialFullRefresh,none,incremental,fullAllCurrentEntries,notApplicable,1,1,200000,0,42.746,serialImmediate,serialImmediate,none,incremental,notApplicable,incremental,1,1,33572,0,18.240,serialImmediate,serialImmediate,none,incremental,notApplicable,incremental,1,1,200000,0,30.422,serialDirty,serialDirty,none,notApplicable,notApplicable,incremental,1,1,0,64043,30.204,dirtyRange,dirtyRange,none,notApplicable,notApplicable,incremental,1,1,0,26078,6.123
Classic CPU ROAM,RelWithDebInfo,OpenGL,NVIDIA GeForce RTX 5090 D/PCIe/SSE2,4.1.0 NVIDIA 591.86,false,assets/heightmaps/Hm_Terrain_Peking_513.png,547,547,80.000,12.000,20,0.250,0.100,200000,false,31,64,0.492,10.125,-57.928,19.701,2.891,314.670,200000,1177026,199998,15570,7932,15570,233689,200000,33631,6012,181652,0,64398,135602,26194,3867,0,0,0,1,99.397,305.620,184.089,8.466,13.457,18.426,0.000,0.000,45.608,31.185,0.000,0.000,0.000,0.000,0.000,31.185,0.000,0.000,0.000,0.000,0.000,0.000,0.000,22.281,44.667,6.856,0.000,0.000,10818864,0,76.793,31.882,22.281,0.000,20,32,9908170584134975789,17283981430703675719,17073906308288112677,12602582867782403863,200000,0,0,0,114.456,serialFullRefresh,serialFullRefresh,none,incremental,fullAllCurrentEntries,notApplicable,1,1,33515,0,13.457,serialFullRefresh,serialFullRefresh,none,incremental,fullAllCurrentEntries,notApplicable,1,1,200000,0,45.608,serialImmediate,serialImmediate,none,incremental,notApplicable,incremental,1,1,33515,0,18.426,serialImmediate,serialImmediate,none,incremental,notApplicable,incremental,1,1,200000,0,31.185,serialDirty,serialDirty,none,notApplicable,notApplicable,incremental,1,1,0,64398,22.281,dirtyRange,dirtyRange,none,notApplicable,notApplicable,incremental,1,1,0,26194,6.856
Classic CPU ROAM,RelWithDebInfo,OpenGL,NVIDIA GeForce RTX 5090 D/PCIe/SSE2,4.1.0 NVIDIA 591.86,false,assets/heightmaps/Hm_Terrain_Peking_513.png,547,547,80.000,12.000,20,0.250,0.100,200000,false,32,64,0.508,10.440,-57.928,20.299,-2.891,314.332,200000,1196024,199998,14598,7361,14598,233843,200000,33535,5976,172556,0,61690,138310,25523,1942,0,0,0,1,98.342,309.694,183.586,7.023,12.066,20.059,0.000,0.000,45.534,30.805,0.000,0.000,0.000,0.000,0.000,30.805,0.000,0.000,0.000,0.000,0.000,0.000,0.000,21.844,46.255,7.754,0.000,0.000,10363920,0,76.339,32.124,21.844,0.000,20,33,6256218033966093595,16200465346316385833,8270221947589718051,14263644330598810710,200000,0,0,0,118.210,serialFullRefresh,serialFullRefresh,none,incremental,fullAllCurrentEntries,notApplicable,1,1,33631,0,12.066,serialFullRefresh,serialFullRefresh,none,incremental,fullAllCurrentEntries,notApplicable,1,1,200000,0,45.534,serialImmediate,serialImmediate,none,incremental,notApplicable,incremental,1,1,33631,0,20.059,serialImmediate,serialImmediate,none,incremental,notApplicable,incremental,1,1,200000,0,30.805,serialDirty,serialDirty,none,notApplicable,notApplicable,incremental,1,1,0,61690,21.844,dirtyRange,dirtyRange,none,notApplicable,notApplicable,incremental,1,1,0,25523,7.754
Classic CPU ROAM,RelWithDebInfo,OpenGL,NVIDIA GeForce RTX 5090 D/PCIe/SSE2,4.1.0 NVIDIA 591.86,false,assets/heightmaps/Hm_Terrain_Peking_513.png,547,547,80.000,12.000,20,0.250,0.100,200000,false,33,64,0.524,10.760,-57.352,20.884,-8.644,319.928,200000,1214838,199998,13220,6709,13220,233707,200000,33635,5268,155446,0,58030,141970,25017,3538,0,0,0,1,100.890,363.560,192.223,6.917,12.875,16.525,0.000,0.000,45.952,27.974,0.000,0.000,0.000,0.000,0.000,27.974,0.000,0.000,0.000,0.000,0.000,0.000,0.000,20.759,61.220,7.292,0.000,0.000,9749040,0,73.926,29.400,20.759,0.000,20,34,18308251060127304011,13346581377158641293,17914689748063822155,4931974468709486550,200000,0,0,0,163.809,serialFullRefresh,serialFullRefresh,none,incremental,fullAllCurrentEntries,notApplicable,1,1,33535,0,12.875,serialFullRefresh,serialFullRefresh,none,incremental,fullAllCurrentEntries,notApplicable,1,1,200000,0,45.952,serialImmediate,serialImmediate,none,incremental,notApplicable,incremental,1,1,33535,0,16.525,serialImmediate,serialImmediate,none,incremental,notApplicable,incremental,1,1,200000,0,27.974,serialDirty,serialDirty,none,notApplicable,notApplicable,incremental,1,1,0,58030,20.759,dirtyRange,dirtyRange,none,notApplicable,notApplicable,incremental,1,1,0,25017,7.292
Classic CPU ROAM,RelWithDebInfo,OpenGL,NVIDIA GeForce RTX 5090 D/PCIe/SSE2,4.1.0 NVIDIA 591.86,false,assets/heightmaps/Hm_Terrain_Peking_513.png,547,547,80.000,12.000,20,0.250,0.100,200000,false,34,64,0.540,11.136,-56.206,21.435,-14.312,376.028,200000,1233768,199998,15182,7732,15182,233801,200000,33571,3811,178636,0,60177,139823,24412,2375,0,0,0,1,99.515,368.223,248.075,8.371,18.400,27.381,0.000,0.000,57.853,51.415,0.000,0.000,0.000,0.000,0.000,51.415,0.000,0.000,0.000,0.000,0.000,0.000,0.000,34.049,50.603,7.000,0.000,0.000,10109736,0,109.269,45.781,34.049,0.000,20,35,11878978946823932663,2817222760074155981,14006666610658801887,2747198251907076028,200000,0,0,0,112.987,serialFullRefresh,serialFullRefresh,none,incremental,fullAllCurrentEntries,notApplicable,1,1,33635,0,18.400,serialFullRefresh,serialFullRefresh,none,incremental,fullAllCurrentEntries,notApplicable,1,1,200000,0,57.853,serialImmediate,serialImmediate,none,incremental,notApplicable,incremental,1,1,33635,0,27.381,serialImmediate,serialImmediate,none,incremental,notApplicable,incremental,1,1,200000,0,51.415,serialDirty,serialDirty,none,notApplicable,notApplicable,incremental,1,1,0,60177,34.049,dirtyRange,dirtyRange,none,notApplicable,notApplicable,incremental,1,1,0,24412,7.000
Classic CPU ROAM,RelWithDebInfo,OpenGL,NVIDIA GeForce RTX 5090 D/PCIe/SSE2,4.1.0 NVIDIA 591.86,false,assets/heightmaps/Hm_Terrain_Peking_513.png,547,547,80.000,12.000,20,0.250,0.100,200000,false,35,64,0.556,11.513,-54.502,21.928,-19.837,377.353,200000,1251996,199998,15132,7707,15132,233898,200000,33656,3965,179945,0,59256,140744,24523,2552,0,0,0,1,99.292,290.162,176.354,8.596,12.206,15.909,0.000,0.000,43.727,31.776,0.000,0.000,0.000,0.000,0.000,31.776,0.000,0.000,0.000,0.000,0.000,0.000,0.000,20.851,43.287,6.848,0.000,0.000,9955008,0,75.504,28.115,20.851,0.000,20,36,9779051588744542606,13527224358381511974,17721546227294611904,2586764488759282298,200000,0,0,0,106.818,serialFullRefresh,serialFullRefresh,none,incremental,fullAllCurrentEntries,notApplicable,1,1,33571,0,12.206,serialFullRefresh,serialFullRefresh,none,incremental,fullAllCurrentEntries,notApplicable,1,1,200000,0,43.727,serialImmediate,serialImmediate,none,incremental,notApplicable,incremental,1,1,33571,0,15.909,serialImmediate,serialImmediate,none,incremental,notApplicable,incremental,1,1,200000,0,31.776,serialDirty,serialDirty,none,notApplicable,notApplicable,incremental,1,1,0,59256,20.851,dirtyRange,dirtyRange,none,notApplicable,notApplicable,incremental,1,1,0,24523,6.848
Classic CPU ROAM,RelWithDebInfo,OpenGL,NVIDIA GeForce RTX 5090 D/PCIe/SSE2,4.1.0 NVIDIA 591.86,false,assets/heightmaps/Hm_Terrain_Peking_513.png,547,547,80.000,12.000,20,0.250,0.100,200000,false,36,64,0.571,11.814,-52.256,22.345,-25.165,300.764,200000,1273930,199998,15948,8142,15948,234002,200000,33754,3873,188618,0,58852,141148,24348,2140,0,0,0,1,96.093,299.603,175.154,6.582,11.887,16.198,0.000,0.000,42.855,32.011,0.000,0.000,0.000,0.000,0.000,32.011,0.000,0.000,0.000,0.000,0.000,0.000,0.000,21.455,44.165,6.858,0.000,0.000,9887136,0,74.866,28.085,21.455,0.000,20,37,17291395722121723872,1496534923326945117,10145042690056851243,3102267663174235207,200000,0,0,0,117.466,serialFullRefresh,serialFullRefresh,none,incremental,fullAllCurrentEntries,notApplicable,1,1,33656,0,11.887,serialFullRefresh,serialFullRefresh,none,incremental,fullAllCurrentEntries,notApplicable,1,1,200000,0,42.855,serialImmediate,serialImmediate,none,incremental,notApplicable,incremental,1,1,33656,0,16.198,serialImmediate,serialImmediate,none,incremental,notApplicable,incremental,1,1,200000,0,32.011,serialDirty,serialDirty,none,notApplicable,notApplicable,incremental,1,1,0,58852,21.455,dirtyRange,dirtyRange,none,notApplicable,notApplicable,incremental,1,1,0,24348,6.858
Classic CPU ROAM,RelWithDebInfo,OpenGL,NVIDIA GeForce RTX 5090 D/PCIe/SSE2,4.1.0 NVIDIA 591.86,false,assets/heightmaps/Hm_Terrain_Peking_513.png,547,547,80.000,12.000,20,0.250,0.100,200000,false,37,64,0.587,12.123,-49.491,22.670,-30.243,309.499,200000,1295570,199998,16398,8316,16398,234264,200000,33958,4263,195984,0,59147,140853,24435,2508,0,0,0,1,92.323,294.491,178.944,6.893,12.663,17.128,0.000,0.000,43.292,33.152,0.000,0.000,0.000,0.000,0.000,33.152,0.000,0.000,0.000,0.000,0.000,0.000,0.000,23.436,42.379,6.719,0.000,0.000,9936696,0,76.444,29.791,23.436,0.000,20,38,8640308122034850806,8131120372325885611,18280130596683437565,5241553742240944586,200000,0,0,0,108.695,serialFullRefresh,serialFullRefresh,none,incremental,fullAllCurrentEntries,notApplicable,1,1,33754,0,12.663,serialFullRefresh,serialFullRefresh,none,incremental,fullAllCurrentEntries,notApplicable,1,1,200000,0,43.292,serialImmediate,serialImmediate,none,incremental,notApplicable,incremental,1,1,33754,0,17.128,serialImmediate,serialImmediate,none,incremental,notApplicable,incremental,1,1,200000,0,33.152,serialDirty,serialDirty,none,notApplicable,notApplicable,incremental,1,1,0,59147,23.436,dirtyRange,dirtyRange,none,notApplicable,notApplicable,incremental,1,1,0,24435,6.719
Classic CPU ROAM,RelWithDebInfo,OpenGL,NVIDIA GeForce RTX 5090 D/PCIe/SSE2,4.1.0 NVIDIA 591.86,false,assets/heightmaps/Hm_Terrain_Peking_513.png,547,547,80.000,12.000,20,0.250,0.100,200000,false,38,64,0.603,12.427,-46.234,22.888,-35.021,304.160,200000,1312514,199998,15820,8019,15820,234257,200000,33912,4588,185956,0,59813,140187,24837,2010,0,0,0,1,99.383,321.448,201.468,6.559,16.730,23.750,0.000,0.000,45.187,41.254,0.000,0.000,0.000,0.000,0.000,41.254,0.000,0.000,0.000,0.000,0.000,0.000,0.000,23.021,44.966,6.948,0.000,0.000,10048584,0,86.441,40.480,23.021,0.000,20,39,8814862067709857618,11110283535362372986,3587553531994931092,11341183490841006377,200000,0,0,0,112.902,serialFullRefresh,serialFullRefresh,none,incremental,fullAllCurrentEntries,notApplicable,1,1,33958,0,16.730,serialFullRefresh,serialFullRefresh,none,incremental,fullAllCurrentEntries,notApplicable,1,1,200000,0,45.187,serialImmediate,serialImmediate,none,incremental,notApplicable,incremental,1,1,33958,0,23.750,serialImmediate,serialImmediate,none,incremental,notApplicable,incremental,1,1,200000,0,41.254,serialDirty,serialDirty,none,notApplicable,notApplicable,incremental,1,1,0,59813,23.021,dirtyRange,dirtyRange,none,notApplicable,notApplicable,incremental,1,1,0,24837,6.948
Classic CPU ROAM,RelWithDebInfo,OpenGL,NVIDIA GeForce RTX 5090 D/PCIe/SSE2,4.1.0 NVIDIA 591.86,false,assets/heightmaps/Hm_Terrain_Peking_513.png,547,547,80.000,12.000,20,0.250,0.100,200000,false,39,64,0.619,12.759,-42.517,22.992,-39.450,331.514,200000,1329038,199998,16753,8514,16753,234337,200000,34243,5773,202435,0,62177,137823,26127,2942,0,0,0,1,102.070,298.502,182.208,7.335,13.297,18.722,0.000,0.000,43.299,33.563,0.000,0.000,0.000,0.000,0.000,33.563,0.000,0.000,0.000,0.000,0.000,0.000,0.000,22.637,43.355,7.586,0.000,0.000,10445736,0,76.861,32.018,22.637,0.000,20,40,17797000589755571963,2492034376308645561,7257474350009245571,6222817655162146031,200000,0,0,0,108.558,serialFullRefresh,serialFullRefresh,none,incremental,fullAllCurrentEntries,notApplicable,1,1,33912,0,13.297,serialFullRefresh,serialFullRefresh,none,incremental,fullAllCurrentEntries,notApplicable,1,1,200000,0,43.299,serialImmediate,serialImmediate,none,incremental,notApplicable,incremental,1,1,33912,0,18.722,serialImmediate,serialImmediate,none,incremental,notApplicable,incremental,1,1,200000,0,33.563,serialDirty,serialDirty,none,notApplicable,notApplicable,incremental,1,1,0,62177,22.637,dirtyRange,dirtyRange,none,notApplicable,notApplicable,incremental,1,1,0,26127,7.586
Classic CPU ROAM,RelWithDebInfo,OpenGL,NVIDIA GeForce RTX 5090 D/PCIe/SSE2,4.1.0 NVIDIA 591.86,false,assets/heightmaps/Hm_Terrain_Peking_513.png,547,547,80.000,12.000,20,0.250,0.100,200000,false,40,64,0.635,13.067,-38.378,22.977,-43.487,307.952,200000,1343102,199998,16591,8356,16591,234386,200000,34252,6463,194309,0,65173,134827,27402,3695,0,0,0,1,100.800,302.137,180.285,7.432,13.336,19.161,0.000,0.000,42.176,32.508,0.000,0.000,0.000,0.000,0.000,32.508,0.000,0.000,0.000,0.000,0.000,0.000,0.000,22.442,43.230,7.554,0.000,0.000,10949064,0,74.683,32.497,22.442,0.000,20,41,15777659355480449553,14857908528817655382,1928326867279124476,11595271541229955106,200000,0,0,0,114.144,serialFullRefresh,serialFullRefresh,none,incremental,fullAllCurrentEntries,notApplicable,1,1,34243,0,13.336,serialFullRefresh,serialFullRefresh,none,incremental,fullAllCurrentEntries,notApplicable,1,1,200000,0,42.176,serialImmediate,serialImmediate,none,incremental,notApplicable,incremental,1,1,34243,0,19.161,serialImmediate,serialImmediate,none,incremental,notApplicable,incremental,1,1,200000,0,32.508,serialDirty,serialDirty,none,notApplicable,notApplicable,incremental,1,1,0,65173,22.442,dirtyRange,dirtyRange,none,notApplicable,notApplicable,incremental,1,1,0,27402,7.554
Classic CPU ROAM,RelWithDebInfo,OpenGL,NVIDIA GeForce RTX 5090 D/PCIe/SSE2,4.1.0 NVIDIA 591.86,false,assets/heightmaps/Hm_Terrain_Peking_513.png,547,547,80.000,12.000,20,0.250,0.100,200000,false,41,64,0.651,13.380,-33.857,22.844,-47.092,312.973,200000,1356936,199998,15778,8021,15778,234333,200000,34210,6690,189874,0,65279,134721,27804,3034,0,0,0,1,91.951,314.279,188.251,6.649,14.147,20.064,0.000,0.000,44.129,33.038,0.000,0.000,0.000,0.000,0.000,33.038,0.000,0.000,0.000,0.000,0.000,0.000,0.000,24.005,46.218,8.332,0.000,0.000,10966872,0,77.167,34.211,24.005,0.000,20,42,1054390121829771443,6795102887817331768,16418398602788939930,10370168128108726468,200000,0,0,0,117.529,serialFullRefresh,serialFullRefresh,none,incremental,fullAllCurrentEntries,notApplicable,1,1,34252,0,14.147,serialFullRefresh,serialFullRefresh,none,incremental,fullAllCurrentEntries,notApplicable,1,1,200000,0,44.129,serialImmediate,serialImmediate,none,incremental,notApplicable,incremental,1,1,34252,0,20.064,serialImmediate,serialImmediate,none,incremental,notApplicable,incremental,1,1,200000,0,33.038,serialDirty,serialDirty,none,notApplicable,notApplicable,incremental,1,1,0,65279,24.005,dirtyRange,dirtyRange,none,notApplicable,notApplicable,incremental,1,1,0,27804,8.332
Classic CPU ROAM,RelWithDebInfo,OpenGL,NVIDIA GeForce RTX 5090 D/PCIe/SSE2,4.1.0 NVIDIA 591.86,false,assets/heightmaps/Hm_Terrain_Peking_513.png,547,547,80.000,12.000,20,0.250,0.100,200000,false,42,64,0.667,13.704,-29.000,22.598,-50.229,323.981,200000,1372434,199998,14677,7472,14677,234221,200000,34055,6046,175387,0,63643,136357,27964,3246,0,0,0,1,99.130,291.862,174.062,7.788,13.257,17.536,0.000,0.000,42.173,29.823,0.000,0.000,0.000,0.000,0.000,29.823,0.000,0.000,0.000,0.000,0.000,0.000,0.000,20.385,43.100,8.069,0.000,0.000,10692024,0,71.996,30.793,20.385,0.000,20,43,10361047497452714897,11539274937098670880,13370878448706581218,2428502504339929331,200000,0,0,0,109.427,serialFullRefresh,serialFullRefresh,none,incremental,fullAllCurrentEntries,notApplicable,1,1,34210,0,13.257,serialFullRefresh,serialFullRefresh,none,incremental,fullAllCurrentEntries,notApplicable,1,1,200000,0,42.173,serialImmediate,serialImmediate,none,incremental,notApplicable,incremental,1,1,34210,0,17.536,serialImmediate,serialImmediate,none,incremental,notApplicable,incremental,1,1,200000,0,29.823,serialDirty,serialDirty,none,notApplicable,notApplicable,incremental,1,1,0,63643,20.385,dirtyRange,dirtyRange,none,notApplicable,notApplicable,incremental,1,1,0,27964,8.069
Classic CPU ROAM,RelWithDebInfo,OpenGL,NVIDIA GeForce RTX 5090 D/PCIe/SSE2,4.1.0 NVIDIA 591.86,false,assets/heightmaps/Hm_Terrain_Peking_513.png,547,547,80.000,12.000,20,0.250,0.100,200000,false,43,64,0.683,14.007,-23.855,22.249,-52.867,302.717,200000,1388576,199998,14286,7280,14286,234179,200000,34082,5145,171531,0,60632,139368,27233,2082,0,0,0,1,99.529,288.600,170.980,6.918,12.827,17.217,0.000,0.000,42.766,28.556,0.000,0.000,0.000,0.000,0.000,28.556,0.000,0.000,0.000,0.000,0.000,0.000,0.000,19.788,42.908,5.917,0.000,0.000,10186176,0,71.322,30.044,19.788,0.000,20,44,2158085661221364798,6965282697844826061,8882002267534927791,7267293934232991669,200000,0,0,0,111.462,serialFullRefresh,serialFullRefresh,none,incremental,fullAllCurrentEntries,notApplicable,1,1,34055,0,12.827,serialFullRefresh,serialFullRefresh,none,incremental,fullAllCurrentEntries,notApplicable,1,1,200000,0,42.766,serialImmediate,serialImmediate,none,incremental,notApplicable,incremental,1,1,34055,0,17.217,serialImmediate,serialImmediate,none,incremental,notApplicable,incremental,1,1,200000,0,28.556,serialDirty,serialDirty,none,notApplicable,notApplicable,incremental,1,1,0,60632,19.788,dirtyRange,dirtyRange,none,notApplicable,notApplicable,incremental,1,1,0,27233,5.917
Classic CPU ROAM,RelWithDebInfo,OpenGL,NVIDIA GeForce RTX 5090 D/PCIe/SSE2,4.1.0 NVIDIA 591.86,false,assets/heightmaps/Hm_Terrain_Peking_513.png,547,547,80.000,12.000,20,0.250,0.100,200000,false,44,64,0.698,14.303,-18.472,21.811,-54.980,296.626,200000,1405436,199998,14584,7441,14584,234229,200000,33998,5280,173596,0,59378,140622,27283,2477,0,0,0,1,99.237,322.799,180.984,7.209,13.155,17.814,0.000,0.000,42.037,31.744,0.000,0.000,0.000,0.000,0.000,31.744,0.000,0.000,0.000,0.000,0.000,0.000,0.000,21.884,47.140,7.836,0.000,0.000,9975504,0,73.781,30.969,21.884,0.000,20,45,9872062192559506116,13831941261432722240,11262328333957560934,13572103771761879173,200000,0,0,0,133.822,serialFullRefresh,serialFullRefresh,none,incremental,fullAllCurrentEntries,notApplicable,1,1,34082,0,13.155,serialFullRefresh,serialFullRefresh,none,incremental,fullAllCurrentEntries,notApplicable,1,1,200000,0,42.037,serialImmediate,serialImmediate,none,incremental,notApplicable,incremental,1,1,34082,0,17.814,serialImmediate,serialImmediate,none,incremental,notApplicable,incremental,1,1,200000,0,31.744,serialDirty,serialDirty,none,notApplicable,notApplicable,incremental,1,1,0,59378,21.884,dirtyRange,dirtyRange,none,notApplicable,notApplicable,incremental,1,1,0,27283,7.836
Classic CPU ROAM,RelWithDebInfo,OpenGL,NVIDIA GeForce RTX 5090 D/PCIe/SSE2,4.1.0 NVIDIA 591.86,false,assets/heightmaps/Hm_Terrain_Peking_513.png,547,547,80.000,12.000,20,0.250,0.100,200000,false,45,64,0.714,14.636,-12.906,21.302,-56.546,332.583,200000,1422106,199998,15499,7915,15499,234137,200000,33808,5625,181450,0,61849,138151,28208,3132,0,0,0,1,102.137,313.758,188.840,8.346,14.741,20.601,0.000,0.000,45.243,30.449,0.000,0.000,0.000,0.000,0.000,30.449,0.000,0.000,0.000,0.000,0.000,0.000,0.000,23.948,45.511,7.732,0.000,0.000,10390632,0,75.692,35.342,23.948,0.000,20,46,7037371498494595512,11277505994945043421,17114593554410757175,13187097692078154093,200000,0,0,0,117.031,serialFullRefresh,serialFullRefresh,none,incremental,fullAllCurrentEntries,notApplicable,1,1,33998,0,14.741,serialFullRefresh,serialFullRefresh,none,incremental,fullAllCurrentEntries,notApplicable,1,1,200000,0,45.243,serialImmediate,serialImmediate,none,incremental,notApplicable,incremental,1,1,33998,0,20.601,serialImmediate,serialImmediate,none,incremental,notApplicable,incremental,1,1,200000,0,30.449,serialDirty,serialDirty,none,notApplicable,notApplicable,incremental,1,1,0,61849,23.948,dirtyRange,dirtyRange,none,notApplicable,notApplicable,incremental,1,1,0,28208,7.732
Classic CPU ROAM,RelWithDebInfo,OpenGL,NVIDIA GeForce RTX 5090 D/PCIe/SSE2,4.1.0 NVIDIA 591.86,false,assets/heightmaps/Hm_Terrain_Peking_513.png,547,547,80.000,12.000,20,0.250,0.100,200000,false,46,64,0.730,14.961,-7.212,20.740,-57.550,324.885,200000,1438704,199998,15927,8130,15927,233951,200000,33610,5578,184800,0,63152,136848,28231,3288,0,0,0,1,100.596,303.194,181.414,6.896,13.511,18.329,0.000,0.000,44.195,30.958,0.000,0.000,0.000,0.000,0.000,30.958,0.000,0.000,0.000,0.000,0.000,0.000,0.000,21.510,46.014,8.014,0.000,0.000,10609536,0,75.153,31.840,21.510,0.000,20,47,855391667750883824,15078120519465764866,3045942073179456604,5293515024652262564,200000,0,0,0,113.601,serialFullRefresh,serialFullRefresh,none,incremental,fullAllCurrentEntries,notApplicable,1,1,33808,0,13.511,serialFullRefresh,serialFullRefresh,none,incremental,fullAllCurrentEntries,notApplicable,1,1,200000,0,44.195,serialImmediate,serialImmediate,none,incremental,notApplicable,incremental,1,1,33808,0,18.329,serialImmediate,serialImmediate,none,incremental,notApplicable,incremental,1,1,200000,0,30.958,serialDirty,serialDirty,none,notApplicable,notApplicable,incremental,1,1,0,63152,21.510,dirtyRange,dirtyRange,none,notApplicable,notApplicable,incremental,1,1,0,28231,8.014
Classic CPU ROAM,RelWithDebInfo,OpenGL,NVIDIA GeForce RTX 5090 D/PCIe/SSE2,4.1.0 NVIDIA 591.86,false,assets/heightmaps/Hm_Terrain_Peking_513.png,547,547,80.000,12.000,20,0.250,0.100,200000,false,47,64,0.746,15.275,-1.446,20.150,-57.982,314.126,200000,1452546,199998,15176,7716,15176,233813,200000,33584,5407,176066,0,61783,138217,27751,2759,0,0,0,1,100.393,303.599,176.494,6.618,12.836,18.645,0.000,0.000,44.035,29.860,0.000,0.000,0.000,0.000,0.000,29.860,0.000,0.000,0.000,0.000,0.000,0.000,0.000,21.152,43.348,7.822,0.000,0.000,10379544,0,73.895,31.480,21.152,0.000,20,48,9259012215065479583,14315627566301579737,2484608468122067079,18105314321580107672,200000,0,0,0,119.077,serialFullRefresh,serialFullRefresh,none,incremental,fullAllCurrentEntries,notApplicable,1,1,33610,0,12.836,serialFullRefresh,serialFullRefresh,none,incremental,fullAllCurrentEntries,notApplicable,1,1,200000,0,44.035,serialImmediate,serialImmediate,none,incremental,notApplicable,incremental,1,1,33610,0,18.645,serialImmediate,serialImmediate,none,incremental,notApplicable,incremental,1,1,200000,0,29.860,serialDirty,serialDirty,none,notApplicable,notApplicable,incremental,1,1,0,61783,21.152,dirtyRange,dirtyRange,none,notApplicable,notApplicable,incremental,1,1,0,27751,7.822
Classic CPU ROAM,RelWithDebInfo,OpenGL,NVIDIA GeForce RTX 5090 D/PCIe/SSE2,4.1.0 NVIDIA 591.86,false,assets/heightmaps/Hm_Terrain_Peking_513.png,547,547,80.000,12.000,20,0.250,0.100,200000,false,48,64,0.762,15.588,4.334,19.553,-57.838,313.550,200000,1465556,199998,14510,7293,14510,233790,200000,33664,5540,169718,0,59852,140148,27141,4898,0,0,0,1,97.534,295.872,174.219,7.426,13.285,16.706,0.000,0.000,44.078,29.447,0.000,0.000,0.000,0.000,0.000,29.447,0.000,0.000,0.000,0.000,0.000,0.000,0.000,19.930,43.347,7.446,0.000,0.000,10055136,0,73.525,29.991,19.930,0.000,20,49,15566865528181606309,13257489703289346144,9737631344837350734,5806748580413909727,200000,0,0,0,114.061,serialFullRefresh,serialFullRefresh,none,incremental,fullAllCurrentEntries,notApplicable,1,1,33584,0,13.285,serialFullRefresh,serialFullRefresh,none,incremental,fullAllCurrentEntries,notApplicable,1,1,200000,0,44.078,serialImmediate,serialImmediate,none,incremental,notApplicable,incremental,1,1,33584,0,16.706,serialImmediate,serialImmediate,none,incremental,notApplicable,incremental,1,1,200000,0,29.447,serialDirty,serialDirty,none,notApplicable,notApplicable,incremental,1,1,0,59852,19.930,dirtyRange,dirtyRange,none,notApplicable,notApplicable,incremental,1,1,0,27141,7.446
Classic CPU ROAM,RelWithDebInfo,OpenGL,NVIDIA GeForce RTX 5090 D/PCIe/SSE2,4.1.0 NVIDIA 591.86,false,assets/heightmaps/Hm_Terrain_Peking_513.png,547,547,80.000,12.000,20,0.250,0.100,200000,false,49,64,0.778,15.895,10.072,18.974,-57.119,306.586,200000,1478618,199998,14092,7098,14092,233867,200000,33680,4909,163882,0,58524,141476,26874,1769,0,0,0,1,101.204,285.172,169.072,6.747,12.190,15.792,0.000,0.000,43.741,28.058,0.000,0.000,0.000,0.000,0.000,28.058,0.000,0.000,0.000,0.000,0.000,0.000,0.000,19.605,42.938,7.203,0.000,0.000,9832032,0,71.799,27.983,19.605,0.000,20,50,18218128668249768376,9618937876771584471,15250975710174378021,9853983161442693405,200000,0,0,0,108.747,serialFullRefresh,serialFullRefresh,none,incremental,fullAllCurrentEntries,notApplicable,1,1,33664,0,12.190,serialFullRefresh,serialFullRefresh,none,incremental,fullAllCurrentEntries,notApplicable,1,1,200000,0,43.741,serialImmediate,serialImmediate,none,incremental,notApplicable,incremental,1,1,33664,0,15.792,serialImmediate,serialImmediate,none,incremental,notApplicable,incremental,1,1,200000,0,28.058,serialDirty,serialDirty,none,notApplicable,notApplicable,incremental,1,1,0,58524,19.605,dirtyRange,dirtyRange,none,notApplicable,notApplicable,incremental,1,1,0,26874,7.203
Classic CPU ROAM,RelWithDebInfo,OpenGL,NVIDIA GeForce RTX 5090 D/PCIe/SSE2,4.1.0 NVIDIA 591.86,false,assets/heightmaps/Hm_Terrain_Peking_513.png,547,547,80.000,12.000,20,0.250,0.100,200000,false,50,64,0.794,16.187,15.709,18.436,-55.832,292.122,200000,1494856,199998,16102,8263,16102,233804,200000,33363,4642,187191,0,62886,137114,27490,1336,0,0,0,1,100.882,301.913,176.897,7.458,12.234,17.401,0.000,0.000,43.551,32.549,0.000,0.000,0.000,0.000,0.000,32.549,0.000,0.000,0.000,0.000,0.000,0.000,0.000,21.587,42.117,7.570,0.000,0.000,10564848,0,76.099,29.635,21.587,0.000,20,51,502524575240332250,3008041548493109848,12218100229106065782,10807794686108216961,200000,0,0,0,117.240,serialFullRefresh,serialFullRefresh,none,incremental,fullAllCurrentEntries,notApplicable,1,1,33680,0,12.234,serialFullRefresh,serialFullRefresh,none,incremental,fullAllCurrentEntries,notApplicable,1,1,200000,0,43.551,serialImmediate,serialImmediate,none,incremental,notApplicable,incremental,1,1,33680,0,17.401,serialImmediate,serialImmediate,none,incremental,notApplicable,incremental,1,1,200000,0,32.549,serialDirty,serialDirty,none,notApplicable,notApplicable,incremental,1,1,0,62886,21.587,dirtyRange,dirtyRange,none,notApplicable,notApplicable,incremental,1,1,0,27490,7.570
Classic CPU ROAM,RelWithDebInfo,OpenGL,NVIDIA GeForce RTX 5090 D/PCIe/SSE2,4.1.0 NVIDIA 591.86,false,assets/heightmaps/Hm_Terrain_Peking_513.png,547,547,80.000,12.000,20,0.250,0.100,200000,false,51,64,0.810,16.500,21.190,17.959,-53.991,312.906,200000,1514374,199998,17971,9136,17971,233638,200000,33277,4528,208636,0,64979,135021,27554,1627,0,0,0,1,98.353,309.768,189.112,8.605,14.767,18.720,0.000,0.000,43.994,35.602,0.000,0.000,0.000,0.000,0.000,35.602,0.000,0.000,0.000,0.000,0.000,0.000,0.000,24.643,42.779,7.854,0.000,0.000,10916472,0,79.596,33.487,24.643,0.000,20,52,6835156226404341227,5431540550642941704,11869539816467471350,11101953347597980034,200000,0,0,0,112.640,serialFullRefresh,serialFullRefresh,none,incremental,fullAllCurrentEntries,notApplicable,1,1,33363,0,14.767,serialFullRefresh,serialFullRefresh,none,incremental,fullAllCurrentEntries,notApplicable,1,1,200000,0,43.994,serialImmediate,serialImmediate,none,incremental,notApplicable,incremental,1,1,33363,0,18.720,serialImmediate,serialImmediate,none,incremental,notApplicable,incremental,1,1,200000,0,35.602,serialDirty,serialDirty,none,notApplicable,notApplicable,incremental,1,1,0,64979,24.643,dirtyRange,dirtyRange,none,notApplicable,notApplicable,incremental,1,1,0,27554,7.854
Classic CPU ROAM,RelWithDebInfo,OpenGL,NVIDIA GeForce RTX 5090 D/PCIe/SSE2,4.1.0 NVIDIA 591.86,false,assets/heightmaps/Hm_Terrain_Peking_513.png,547,547,80.000,12.000,20,0.250,0.100,200000,false,52,64,0.825,16.820,26.460,17.564,-51.613,319.975,200000,1534184,199998,17601,8847,17601,233584,200000,33237,4434,200822,0,64747,135253,27853,2257,0,0,0,1,99.410,306.628,181.241,7.434,12.420,17.645,0.000,0.000,42.379,34.079,0.000,0.000,0.000,0.000,0.000,34.079,0.000,0.000,0.000,0.000,0.000,0.000,0.000,23.581,43.701,7.926,0.000,0.000,10877496,0,76.458,30.065,23.581,0.000,20,53,7570011228065685886,11415814594753363039,12764079798955427945,7792899992017091332,200000,0,0,0,117.256,serialFullRefresh,serialFullRefresh,none,incremental,fullAllCurrentEntries,notApplicable,1,1,33277,0,12.420,serialFullRefresh,serialFullRefresh,none,incremental,fullAllCurrentEntries,notApplicable,1,1,200000,0,42.379,serialImmediate,serialImmediate,none,incremental,notApplicable,incremental,1,1,33277,0,17.645,serialImmediate,serialImmediate,none,incremental,notApplicable,incremental,1,1,200000,0,34.079,serialDirty,serialDirty,none,notApplicable,notApplicable,incremental,1,1,0,64747,23.581,dirtyRange,dirtyRange,none,notApplicable,notApplicable,incremental,1,1,0,27853,7.926
Classic CPU ROAM,RelWithDebInfo,OpenGL,NVIDIA GeForce RTX 5090 D/PCIe/SSE2,4.1.0 NVIDIA 591.86,false,assets/heightmaps/Hm_Terrain_Peking_513.png,547,547,80.000,12.000,20,0.250,0.100,200000,false,53,64,0.841,17.137,31.468,17.265,-48.722,317.075,200000,1551700,199998,16802,8469,16802,233656,200000,33381,4470,194526,0,66448,133552,28585,2955,0,0,0,1,95.405,319.325,193.643,7.590,13.999,20.092,0.000,0.000,46.334,34.844,0.000,0.000,0.000,0.000,0.000,34.844,0.000,0.000,0.000,0.000,0.000,0.000,0.000,24.535,46.248,8.085,0.000,0.000,11163264,0,81.178,34.091,24.535,0.000,20,54,17821476830397458858,9922918741564438369,11299377438957458635,10262884149721314647,200000,0,0,0,117.441,serialFullRefresh,serialFullRefresh,none,incremental,fullAllCurrentEntries,notApplicable,1,1,33237,0,13.999,serialFullRefresh,serialFullRefresh,none,incremental,fullAllCurrentEntries,notApplicable,1,1,200000,0,46.334,serialImmediate,serialImmediate,none,incremental,notApplicable,incremental,1,1,33237,0,20.092,serialImmediate,serialImmediate,none,incremental,notApplicable,incremental,1,1,200000,0,34.844,serialDirty,serialDirty,none,notApplicable,notApplicable,incremental,1,1,0,66448,24.535,dirtyRange,dirtyRange,none,notApplicable,notApplicable,incremental,1,1,0,28585,8.085
Classic CPU ROAM,RelWithDebInfo,OpenGL,NVIDIA GeForce RTX 5090 D/PCIe/SSE2,4.1.0 NVIDIA 591.86,false,assets/heightmaps/Hm_Terrain_Peking_513.png,547,547,80.000,12.000,20,0.250,0.100,200000,false,54,64,0.857,17.468,36.162,17.075,-45.346,331.200,200000,1565178,199998,16670,8438,16670,233849,200000,33498,4914,193821,0,66388,133612,28963,2862,0,0,0,1,99.992,320.591,192.215,8.527,13.420,19.427,0.000,0.000,42.243,37.361,0.000,0.000,0.000,0.000,0.000,37.361,0.000,0.000,0.000,0.000,0.000,0.000,0.000,24.746,46.489,7.999,0.000,0.000,11153184,0,79.605,32.847,24.746,0.000,20,55,14359044743057630633,7309046668467611194,13233218095478895300,4758323082569551632,200000,0,0,0,120.206,serialFullRefresh,serialFullRefresh,none,incremental,fullAllCurrentEntries,notApplicable,1,1,33381,0,13.420,serialFullRefresh,serialFullRefresh,none,incremental,fullAllCurrentEntries,notApplicable,1,1,200000,0,42.243,serialImmediate,serialImmediate,none,incremental,notApplicable,incremental,1,1,33381,0,19.427,serialImmediate,serialImmediate,none,incremental,notApplicable,incremental,1,1,200000,0,37.361,serialDirty,serialDirty,none,notApplicable,notApplicable,incremental,1,1,0,66388,24.746,dirtyRange,dirtyRange,none,notApplicable,notApplicable,incremental,1,1,0,28963,7.999
Classic CPU ROAM,RelWithDebInfo,OpenGL,NVIDIA GeForce RTX 5090 D/PCIe/SSE2,4.1.0 NVIDIA 591.86,false,assets/heightmaps/Hm_Terrain_Peking_513.png,547,547,80.000,12.000,20,0.250,0.100,200000,false,55,64,0.873,17.801,40.498,17.001,-41.520,332.964,200000,1576172,199998,16899,8576,16899,233815,200000,33558,5850,194450,0,66427,133573,29206,3891,0,0,0,1,102.047,314.706,193.443,8.332,14.599,19.056,0.000,0.000,43.636,37.919,0.000,0.000,0.000,0.000,0.000,37.919,0.000,0.000,0.000,0.000,0.000,0.000,0.000,25.293,44.607,8.408,0.000,0.000,11159736,0,81.555,33.656,25.293,0.000,20,56,12541086807267212019,9605223092137381235,13660230550454375333,15825790280935282699,200000,0,0,0,112.685,serialFullRefresh,serialFullRefresh,none,incremental,fullAllCurrentEntries,notApplicable,1,1,33498,0,14.599,serialFullRefresh,serialFullRefresh,none,incremental,fullAllCurrentEntries,notApplicable,1,1,200000,0,43.636,serialImmediate,serialImmediate,none,incremental,notApplicable,incremental,1,1,33498,0,19.056,serialImmediate,serialImmediate,none,incremental,notApplicable,incremental,1,1,200000,0,37.919,serialDirty,serialDirty,none,notApplicable,notApplicable,incremental,1,1,0,66427,25.293,dirtyRange,dirtyRange,none,notApplicable,notApplicable,incremental,1,1,0,29206,8.408
Classic CPU ROAM,RelWithDebInfo,OpenGL,NVIDIA GeForce RTX 5090 D/PCIe/SSE2,4.1.0 NVIDIA 591.86,false,assets/heightmaps/Hm_Terrain_Peking_513.png,547,547,80.000,12.000,20,0.250,0.100,200000,false,56,64,0.889,18.127,44.431,17.046,-37.282,326.242,200000,1586108,199998,18110,9206,18110,233670,200000,33445,6414,204891,0,67642,132358,29578,3345,0,0,0,1,93.308,309.598,182.179,6.781,11.546,19.604,0.000,0.000,40.839,34.874,0.000,0.000,0.000,0.000,0.000,34.874,0.000,0.000,0.000,0.000,0.000,0.000,0.000,25.829,42.705,8.098,0.000,0.000,11363856,0,75.713,31.150,25.829,0.000,20,57,11283883794168960313,2991304471034850643,15320526172865684881,2165207472236880897,200000,0,0,0,119.142,serialFullRefresh,serialFullRefresh,none,incremental,fullAllCurrentEntries,notApplicable,1,1,33558,0,11.546,serialFullRefresh,serialFullRefresh,none,incremental,fullAllCurrentEntries,notApplicable,1,1,200000,0,40.839,serialImmediate,serialImmediate,none,incremental,notApplicable,incremental,1,1,33558,0,19.604,serialImmediate,serialImmediate,none,incremental,notApplicable,incremental,1,1,200000,0,34.874,serialDirty,serialDirty,none,notApplicable,notApplicable,incremental,1,1,0,67642,25.829,dirtyRange,dirtyRange,none,notApplicable,notApplicable,incremental,1,1,0,29578,8.098
Classic CPU ROAM,RelWithDebInfo,OpenGL,NVIDIA GeForce RTX 5090 D/PCIe/SSE2,4.1.0 NVIDIA 591.86,false,assets/heightmaps/Hm_Terrain_Peking_513.png,547,547,80.000,12.000,20,0.250,0.100,200000,false,57,64,0.905,18.450,47.922,17.207,-32.673,322.397,200000,1595956,199998,17926,9041,17926,233810,200000,33598,5648,206245,0,69761,130239,30045,3127,0,0,0,1,96.664,331.043,202.138,7.989,13.203,19.399,0.000,0.000,43.246,38.885,0.000,0.000,0.000,0.000,0.000,38.885,0.000,0.000,0.000,0.000,0.000,0.000,0.000,28.367,51.049,7.690,0.000,0.000,11719848,0,82.131,32.601,28.367,0.000,20,58,6634350834246102346,14931035836366094131,8782637290810732841,1011084393964165441,200000,0,0,0,121.007,serialFullRefresh,serialFullRefresh,none,incremental,fullAllCurrentEntries,notApplicable,1,1,33445,0,13.203,serialFullRefresh,serialFullRefresh,none,incremental,fullAllCurrentEntries,notApplicable,1,1,200000,0,43.246,serialImmediate,serialImmediate,none,incremental,notApplicable,incremental,1,1,33445,0,19.399,serialImmediate,serialImmediate,none,incremental,notApplicable,incremental,1,1,200000,0,38.885,serialDirty,serialDirty,none,notApplicable,notApplicable,incremental,1,1,0,69761,28.367,dirtyRange,dirtyRange,none,notApplicable,notApplicable,incremental,1,1,0,30045,7.690
Classic CPU ROAM,RelWithDebInfo,OpenGL,NVIDIA GeForce RTX 5090 D/PCIe/SSE2,4.1.0 NVIDIA 591.86,false,assets/heightmaps/Hm_Terrain_Peking_513.png,547,547,80.000,12.000,20,0.250,0.100,200000,false,58,64,0.921,18.789,50.937,17.480,-27.739,339.538,200000,1604498,199998,15972,8097,15972,233983,200000,33776,5160,189504,0,67952,132048,30218,2440,0,0,0,1,102.754,311.286,186.395,7.557,13.991,17.913,0.000,0.000,42.616,34.075,0.000,0.000,0.000,0.000,0.000,34.075,0.000,0.000,0.000,0.000,0.000,0.000,0.000,24.756,45.486,7.040,0.000,0.000,11415936,0,76.691,31.904,24.756,0.000,20,59,11565555716550941811,2939512850328083782,3999098198439707140,5397616923161460118,200000,0,0,0,117.575,serialFullRefresh,serialFullRefresh,none,incremental,fullAllCurrentEntries,notApplicable,1,1,33598,0,13.991,serialFullRefresh,serialFullRefresh,none,incremental,fullAllCurrentEntries,notApplicable,1,1,200000,0,42.616,serialImmediate,serialImmediate,none,incremental,notApplicable,incremental,1,1,33598,0,17.913,serialImmediate,serialImmediate,none,incremental,notApplicable,incremental,1,1,200000,0,34.075,serialDirty,serialDirty,none,notApplicable,notApplicable,incremental,1,1,0,67952,24.756,dirtyRange,dirtyRange,none,notApplicable,notApplicable,incremental,1,1,0,30218,7.040
Classic CPU ROAM,RelWithDebInfo,OpenGL,NVIDIA GeForce RTX 5090 D/PCIe/SSE2,4.1.0 NVIDIA 591.86,false,assets/heightmaps/Hm_Terrain_Peking_513.png,547,547,80.000,12.000,20,0.250,0.100,200000,false,59,64,0.937,19.110,53.446,17.852,-22.529,320.586,200000,1610400,199998,14004,7137,14004,233963,200000,33635,4676,164499,0,62402,137598,28954,2639,0,0,0,1,98.466,309.487,173.794,7.882,13.046,16.735,0.000,0.000,42.960,28.823,0.000,0.000,0.000,0.000,0.000,28.823,0.000,0.000,0.000,0.000,0.000,0.000,0.000,20.523,43.823,7.919,0.000,0.000,10483536,0,71.784,29.781,20.523,0.000,20,60,8084349002019482771,3769314798835084249,8482777898488438687,10367284481961459862,200000,0,0,0,127.614,serialFullRefresh,serialFullRefresh,none,incremental,fullAllCurrentEntries,notApplicable,1,1,33776,0,13.046,serialFullRefresh,serialFullRefresh,none,incremental,fullAllCurrentEntries,notApplicable,1,1,200000,0,42.960,serialImmediate,serialImmediate,none,incremental,notApplicable,incremental,1,1,33776,0,16.735,serialImmediate,serialImmediate,none,incremental,notApplicable,incremental,1,1,200000,0,28.823,serialDirty,serialDirty,none,notApplicable,notApplicable,incremental,1,1,0,62402,20.523,dirtyRange,dirtyRange,none,notApplicable,notApplicable,incremental,1,1,0,28954,7.919
Classic CPU ROAM,RelWithDebInfo,OpenGL,NVIDIA GeForce RTX 5090 D/PCIe/SSE2,4.1.0 NVIDIA 591.86,false,assets/heightmaps/Hm_Terrain_Peking_513.png,547,547,80.000,12.000,20,0.250,0.100,200000,false,60,64,0.952,19.431,55.423,18.310,-17.096,320.903,200000,1613728,199998,15077,7673,15077,233914,200000,33628,5206,177259,0,61085,138915,29201,2412,0,0,0,1,101.371,301.086,173.871,6.857,13.446,16.548,0.000,0.000,43.614,30.097,0.000,0.000,0.000,0.000,0.000,30.097,0.000,0.000,0.000,0.000,0.000,0.000,0.000,21.728,41.579,8.160,0.000,0.000,10262280,0,73.711,29.994,21.728,0.000,20,61,9516317499480108277,14069151452979917280,891199421083777342,13114021429464446957,200000,0,0,0,118.844,serialFullRefresh,serialFullRefresh,none,incremental,fullAllCurrentEntries,notApplicable,1,1,33635,0,13.446,serialFullRefresh,serialFullRefresh,none,incremental,fullAllCurrentEntries,notApplicable,1,1,200000,0,43.614,serialImmediate,serialImmediate,none,incremental,notApplicable,incremental,1,1,33635,0,16.548,serialImmediate,serialImmediate,none,incremental,notApplicable,incremental,1,1,200000,0,30.097,serialDirty,serialDirty,none,notApplicable,notApplicable,incremental,1,1,0,61085,21.728,dirtyRange,dirtyRange,none,notApplicable,notApplicable,incremental,1,1,0,29201,8.160
Classic CPU ROAM,RelWithDebInfo,OpenGL,NVIDIA GeForce RTX 5090 D/PCIe/SSE2,4.1.0 NVIDIA 591.86,false,assets/heightmaps/Hm_Terrain_Peking_513.png,547,547,80.000,12.000,20,0.250,0.100,200000,false,61,64,0.968,19.742,56.850,18.835,-11.492,311.468,200000,1616268,199998,15566,7957,15566,233818,200000,33577,5724,181255,0,64317,135683,30351,3031,0,0,0,1,99.226,307.723,176.336,7.206,12.764,18.217,0.000,0.000,41.814,32.870,0.000,0.000,0.000,0.000,0.000,32.870,0.000,0.000,0.000,0.000,0.000,0.000,0.000,22.506,40.959,8.466,0.000,0.000,10805256,0,74.684,30.980,22.506,0.000,20,62,10421974371501366382,14119568360212279838,14426469115822831624,17934462993234615333,200000,0,0,0,122.698,serialFullRefresh,serialFullRefresh,none,incremental,fullAllCurrentEntries,notApplicable,1,1,33628,0,12.764,serialFullRefresh,serialFullRefresh,none,incremental,fullAllCurrentEntries,notApplicable,1,1,200000,0,41.814,serialImmediate,serialImmediate,none,incremental,notApplicable,incremental,1,1,33628,0,18.217,serialImmediate,serialImmediate,none,incremental,notApplicable,incremental,1,1,200000,0,32.870,serialDirty,serialDirty,none,notApplicable,notApplicable,incremental,1,1,0,64317,22.506,dirtyRange,dirtyRange,none,notApplicable,notApplicable,incremental,1,1,0,30351,8.466
Classic CPU ROAM,RelWithDebInfo,OpenGL,NVIDIA GeForce RTX 5090 D/PCIe/SSE2,4.1.0 NVIDIA 591.86,false,assets/heightmaps/Hm_Terrain_Peking_513.png,547,547,80.000,12.000,20,0.250,0.100,200000,false,62,64,0.984,20.062,57.712,19.406,-5.775,319.268,200000,1618212,199998,15775,8075,15775,233768,200000,33553,6164,183484,0,65507,134493,30601,3117,0,0,0,1,97.687,296.040,177.290,6.845,12.691,18.696,0.000,0.000,43.507,31.521,0.000,0.000,0.000,0.000,0.000,31.521,0.000,0.000,0.000,0.000,0.000,0.000,0.000,22.427,41.602,8.059,0.000,0.000,11005176,0,75.028,31.387,22.427,0.000,20,63,4197696578609088722,8145734515516221240,4795982067226492978,6556562284743222332,200000,0,0,0,110.570,serialFullRefresh,serialFullRefresh,none,incremental,fullAllCurrentEntries,notApplicable,1,1,33577,0,12.691,serialFullRefresh,serialFullRefresh,none,incremental,fullAllCurrentEntries,notApplicable,1,1,200000,0,43.507,serialImmediate,serialImmediate,none,incremental,notApplicable,incremental,1,1,33577,0,18.696,serialImmediate,serialImmediate,none,incremental,notApplicable,incremental,1,1,200000,0,31.521,serialDirty,serialDirty,none,notApplicable,notApplicable,incremental,1,1,0,65507,22.427,dirtyRange,dirtyRange,none,notApplicable,notApplicable,incremental,1,1,0,30601,8.059
Classic CPU ROAM,RelWithDebInfo,OpenGL,NVIDIA GeForce RTX 5090 D/PCIe/SSE2,4.1.0 NVIDIA 591.86,false,assets/heightmaps/Hm_Terrain_Peking_513.png,547,547,80.000,12.000,20,0.250,0.100,200000,false,63,64,1.000,20.370,58.000,20.000,0.000,308.002,200000,1618212,199998,14237,7228,14237,233858,200000,33558,5847,168875,0,62160,137840,29725,3984,0,0,0,1,97.920,295.686,167.567,6.609,12.178,16.635,0.000,0.000,42.641,29.746,0.000,0.000,0.000,0.000,0.000,29.746,0.000,0.000,0.000,0.000,0.000,0.000,0.000,20.270,39.487,8.397,0.000,0.000,10442880,0,72.387,28.813,20.270,0.000,20,64,1132352526010671939,16565719601786175302,17501515389035867340,5890957517759327051,200000,0,0,0,119.607,serialFullRefresh,serialFullRefresh,none,incremental,fullAllCurrentEntries,notApplicable,1,1,33553,0,12.178,serialFullRefresh,serialFullRefresh,none,incremental,fullAllCurrentEntries,notApplicable,1,1,200000,0,42.641,serialImmediate,serialImmediate,none,incremental,notApplicable,incremental,1,1,33553,0,16.635,serialImmediate,serialImmediate,none,incremental,notApplicable,incremental,1,1,200000,0,29.746,serialDirty,serialDirty,none,notApplicable,notApplicable,incremental,1,1,0,62160,20.270,dirtyRange,dirtyRange,none,notApplicable,notApplicable,incremental,1,1,0,29725,8.397
Data-Oriented CPU ROAM,RelWithDebInfo,OpenGL,NVIDIA GeForce RTX 5090 D/PCIe/SSE2,4.1.0 NVIDIA 591.86,false,assets/heightmaps/Hm_Terrain_Peking_513.png,547,547,80.000,12.000,20,0.250,0.100,200000,false,0,64,0.000,0.000,58.000,20.000,0.000,880.680,199999,399996,199997,199997,99941,0,233557,199999,33558,0,1369733,1,199999,0,1,1,0,0,0,8,116.886,471.677,410.773,110.106,0.000,0.004,0.000,0.000,0.001,253.894,0.000,0.000,0.000,0.000,0.000,253.893,0.002,0.000,0.000,0.000,0.000,0.000,0.000,18.298,28.469,3.784,0.000,0.000,33599832,0,253.895,0.004,18.298,0.000,20,1,17880210218852421070,5977180557121830227,17573036779925616676,4572731874036087188,200000,0,0,0,57.093,automatic,serialFullRefresh,noWork,incremental,fullAllCurrentEntries,notApplicable,0,0,0,0,0.000,automatic,serialFullRefresh,belowParallelThreshold,incremental,fullAllCurrentEntries,notApplicable,0,1,2,0,0.001,automatic,serialImmediate,noWork,incremental,notApplicable,incremental,0,1,0,0,0.002,serialImmediate,serialImmediate,none,incremental,notApplicable,incremental,1,1,2,0,253.893,automatic,parallelDirty,none,notApplicable,notApplicable,full,0,8,0,199999,18.298,fullBuffer,fullBuffer,none,notApplicable,notApplicable,full,1,1,0,1,3.784
Data-Oriented CPU ROAM,RelWithDebInfo,OpenGL,NVIDIA GeForce RTX 5090 D/PCIe/SSE2,4.1.0 NVIDIA 591.86,false,assets/heightmaps/Hm_Terrain_Peking_513.png,547,547,80.000,12.000,20,0.250,0.100,200000,false,1,64,0.016,0.486,57.712,20.594,5.775,485.797,199999,427214,199997,13609,6871,13609,233748,199999,33614,5942,159076,0,199999,0,1,5943,0,0,0,8,269.565,195.691,136.279,8.373,3.946,25.063,0.000,0.000,7.988,48.906,0.000,0.000,0.000,0.000,0.000,48.906,0.163,0.474,0.294,0.010,1.762,22.347,0.000,21.230,20.773,4.391,0.000,0.000,33599832,0,78.028,29.009,21.230,0.000,20,2,10498043746124625550,10138580484592569624,6974023681053322935,8526909214016674551,200000,0,0,0,54.992,automatic,parallelFullRefresh,none,incremental,fullAllCurrentEntries,notApplicable,0,8,33558,0,3.946,automatic,parallelFullRefresh,none,incremental,fullAllCurrentEntries,notApplicable,0,8,198275,0,7.988,automatic,parallelAssisted,none,incremental,notApplicable,incremental,0,5,312,0,25.050,serialImmediate,serialImmediate,none,incremental,notApplicable,incremental,1,1,198275,0,48.906,automatic,parallelDirty,none,notApplicable,notApplicable,incremental,0,8,0,199999,21.230,dirtyRange,dirtyRange,none,notApplicable,notApplicable,incremental,1,1,0,1,4.391
Data-Oriented CPU ROAM,RelWithDebInfo,OpenGL,NVIDIA GeForce RTX 5090 D/PCIe/SSE2,4.1.0 NVIDIA 591.86,false,assets/heightmaps/Hm_Terrain_Peking_513.png,547,547,80.000,12.000,20,0.250,0.100,200000,false,2,64,0.032,0.686,56.850,21.165,11.492,200.596,199999,455328,199997,14461,7346,14461,233842,199999,33714,4236,173336,0,57219,142780,22777,4237,0,0,0,8,96.483,151.955,91.371,6.772,2.853,18.307,0.000,0.000,7.437,25.625,0.000,0.000,0.000,0.000,0.000,25.624,0.280,1.098,0.416,0.018,4.749,11.735,0.000,8.439,21.937,6.150,0.000,0.000,9612792,0,42.002,21.160,8.439,0.000,20,3,8740759605423880359,1640555370884832755,5591888071812846264,4596872360048787178,200000,0,0,0,54.292,automatic,parallelFullRefresh,none,incremental,fullAllCurrentEntries,notApplicable,0,8,33614,0,2.853,automatic,parallelFullRefresh,none,incremental,fullAllCurrentEntries,notApplicable,0,8,194008,0,7.437,automatic,parallelAssisted,none,incremental,notApplicable,incremental,0,7,1144,0,18.296,serialImmediate,serialImmediate,none,incremental,notApplicable,incremental,1,1,194008,0,25.624,automatic,parallelDirty,none,notApplicable,notApplicable,incremental,0,8,0,57219,8.439,dirtyRange,dirtyRange,none,notApplicable,notApplicable,incremental,1,1,0,22777,6.150
Data-Oriented CPU ROAM,RelWithDebInfo,OpenGL,NVIDIA GeForce RTX 5090 D/PCIe/SSE2,4.1.0 NVIDIA 591.86,false,assets/heightmaps/Hm_Terrain_Peking_513.png,547,547,80.000,12.000,20,0.250,0.100,200000,false,3,64,0.048,0.848,55.423,21.690,17.096,161.586,199999,484576,199997,15341,7854,15341,234092,199999,33926,3881,185556,0,59193,140806,25321,3882,0,0,0,8,227.209,151.733,89.536,5.101,2.979,19.146,0.000,0.000,6.377,26.075,0.000,0.000,0.000,0.000,0.000,26.075,0.296,1.679,0.451,0.014,5.712,10.978,0.000,8.326,21.531,7.261,0.000,0.000,9944424,0,39.787,22.125,8.326,0.000,20,4,2213595259957853764,7568413999248190805,4921616559892757118,18043163426793853018,200000,0,0,0,54.730,automatic,parallelFullRefresh,none,incremental,fullAllCurrentEntries,notApplicable,0,8,33714,0,2.979,automatic,parallelFullRefresh,none,incremental,fullAllCurrentEntries,notApplicable,0,8,192418,0,6.377,automatic,parallelAssisted,none,incremental,notApplicable,incremental,0,6,1381,0,19.130,serialImmediate,serialImmediate,none,incremental,notApplicable,incremental,1,1,192418,0,26.075,automatic,parallelDirty,none,notApplicable,notApplicable,incremental,0,8,0,59193,8.326,dirtyRange,dirtyRange,none,notApplicable,notApplicable,incremental,1,1,0,25321,7.261
Data-Oriented CPU ROAM,RelWithDebInfo,OpenGL,NVIDIA GeForce RTX 5090 D/PCIe/SSE2,4.1.0 NVIDIA 591.86,false,assets/heightmaps/Hm_Terrain_Peking_513.png,547,547,80.000,12.000,20,0.250,0.100,200000,false,4,64,0.063,1.011,53.446,22.148,22.529,162.714,199999,515872,199997,16557,8422,16557,234322,199999,34139,4242,201391,0,60479,139520,26006,4243,0,0,0,8,99.801,162.812,99.639,6.427,3.095,23.156,0.000,0.000,6.802,29.864,0.000,0.000,0.000,0.000,0.000,29.863,0.341,1.749,0.785,0.017,7.332,12.908,0.000,8.617,21.678,6.191,0.000,0.000,10160472,0,45.279,26.251,8.617,0.000,20,5,11558863183315997504,6733319019663245412,12259924687577902111,13621817734845741777,200000,0,0,0,56.835,automatic,parallelFullRefresh,none,incremental,fullAllCurrentEntries,notApplicable,0,8,33926,0,3.095,automatic,parallelFullRefresh,none,incremental,fullAllCurrentEntries,notApplicable,0,8,191925,0,6.802,automatic,parallelAssisted,none,incremental,notApplicable,incremental,0,5,1535,0,23.132,serialImmediate,serialImmediate,none,incremental,notApplicable,incremental,1,1,191925,0,29.863,automatic,parallelDirty,none,notApplicable,notApplicable,incremental,0,8,0,60479,8.617,dirtyRange,dirtyRange,none,notApplicable,notApplicable,incremental,1,1,0,26006,6.191
Data-Oriented CPU ROAM,RelWithDebInfo,OpenGL,NVIDIA GeForce RTX 5090 D/PCIe/SSE2,4.1.0 NVIDIA 591.86,false,assets/heightmaps/Hm_Terrain_Peking_513.png,547,547,80.000,12.000,20,0.250,0.100,200000,false,5,64,0.079,1.183,50.937,22.520,27.739,172.411,200000,545952,199998,16444,8347,16443,234477,200000,34173,3967,197069,0,60703,139297,26967,3968,0,0,0,8,172.077,170.701,104.937,5.450,2.932,23.752,0.000,0.000,7.404,34.070,0.000,0.000,0.000,0.000,0.000,34.069,0.373,1.709,0.540,0.013,6.558,14.537,0.000,8.336,22.993,7.144,0.000,0.000,10198104,0,51.655,26.684,8.336,0.000,20,6,14963729072714551044,2504589822901756120,6770990170278849198,14798544035626559840,200000,0,0,0,58.335,automatic,parallelFullRefresh,none,incremental,fullAllCurrentEntries,notApplicable,0,8,34139,0,2.932,automatic,parallelFullRefresh,none,incremental,fullAllCurrentEntries,notApplicable,0,8,191488,0,7.404,automatic,parallelAssisted,none,incremental,notApplicable,incremental,0,5,1600,0,23.729,serialImmediate,serialImmediate,none,incremental,notApplicable,incremental,1,1,191488,0,34.069,automatic,parallelDirty,none,notApplicable,notApplicable,incremental,0,8,0,60703,8.336,dirtyRange,dirtyRange,none,notApplicable,notApplicable,incremental,1,1,0,26967,7.144
Data-Oriented CPU ROAM,RelWithDebInfo,OpenGL,NVIDIA GeForce RTX 5090 D/PCIe/SSE2,4.1.0 NVIDIA 591.86,false,assets/heightmaps/Hm_Terrain_Peking_513.png,547,547,80.000,12.000,20,0.250,0.100,200000,false,6,64,0.095,1.361,47.922,22.793,32.673,177.974,199999,573730,199997,15472,7848,15473,234509,199999,34106,4324,185316,0,60188,139811,28067,4325,0,0,0,8,229.546,170.337,106.002,9.019,3.377,22.778,0.000,0.000,7.178,28.836,0.000,0.000,0.000,0.000,0.000,28.836,0.315,1.495,0.636,0.020,5.663,14.630,0.000,9.203,25.611,6.906,0.000,0.000,10111584,0,45.882,26.155,9.203,0.000,20,7,12097232280918557355,1484508623185095291,17769969818639545704,17014387750036138862,200000,0,0,0,57.200,automatic,parallelFullRefresh,none,incremental,fullAllCurrentEntries,notApplicable,0,8,34173,0,3.377,automatic,parallelFullRefresh,none,incremental,fullAllCurrentEntries,notApplicable,0,8,193165,0,7.178,automatic,parallelAssisted,none,incremental,notApplicable,incremental,0,5,1279,0,22.760,serialImmediate,serialImmediate,none,incremental,notApplicable,incremental,1,1,193165,0,28.836,automatic,parallelDirty,none,notApplicable,notApplicable,incremental,0,8,0,60188,9.203,dirtyRange,dirtyRange,none,notApplicable,notApplicable,incremental,1,1,0,28067,6.906
Data-Oriented CPU ROAM,RelWithDebInfo,OpenGL,NVIDIA GeForce RTX 5090 D/PCIe/SSE2,4.1.0 NVIDIA 591.86,false,assets/heightmaps/Hm_Terrain_Peking_513.png,547,547,80.000,12.000,20,0.250,0.100,200000,false,7,64,0.111,1.540,44.431,22.954,37.282,178.442,200000,601082,199998,15849,8037,15848,234498,200000,34174,5324,191255,0,61733,138267,29906,5325,0,0,0,8,164.263,179.449,114.322,5.234,3.078,21.517,0.000,0.000,7.413,41.882,0.000,0.000,0.000,0.000,0.000,41.882,0.260,0.993,0.521,0.003,4.515,15.209,0.000,9.513,25.684,8.166,0.000,0.000,10371144,0,61.708,24.595,9.513,0.000,20,8,7165266413408466178,7783257179921695138,15440299088060168580,4738464998413530280,200000,0,0,0,56.713,automatic,parallelFullRefresh,none,incremental,fullAllCurrentEntries,notApplicable,0,8,34106,0,3.078,automatic,parallelFullRefresh,none,incremental,fullAllCurrentEntries,notApplicable,0,8,194783,0,7.413,automatic,parallelAssisted,none,incremental,notApplicable,incremental,0,3,976,0,21.502,serialImmediate,serialImmediate,none,incremental,notApplicable,incremental,1,1,194783,0,41.882,automatic,parallelDirty,none,notApplicable,notApplicable,incremental,0,8,0,61733,9.513,dirtyRange,dirtyRange,none,notApplicable,notApplicable,incremental,1,1,0,29906,8.166
Data-Oriented CPU ROAM,RelWithDebInfo,OpenGL,NVIDIA GeForce RTX 5090 D/PCIe/SSE2,4.1.0 NVIDIA 591.86,false,assets/heightmaps/Hm_Terrain_Peking_513.png,547,547,80.000,12.000,20,0.250,0.100,200000,false,8,64,0.127,1.731,40.498,22.999,41.520,191.696,199999,627898,199997,16040,8141,16041,234356,199999,34196,6160,187607,0,64077,135922,32020,6161,0,0,0,8,93.409,158.858,93.358,5.069,3.124,20.033,0.000,0.000,7.269,26.029,0.000,0.000,0.000,0.000,0.000,26.028,0.186,0.739,0.500,0.003,3.186,15.401,0.000,9.108,22.726,8.241,0.000,0.000,10764936,0,46.210,23.157,9.108,0.000,20,9,2088934972682076231,1130222887761867190,12831338062014181277,4204149245298078450,200000,0,0,0,56.989,automatic,parallelFullRefresh,none,incremental,fullAllCurrentEntries,notApplicable,0,8,34174,0,3.124,automatic,parallelFullRefresh,none,incremental,fullAllCurrentEntries,notApplicable,0,8,196245,0,7.269,automatic,parallelAssisted,none,incremental,notApplicable,incremental,0,3,706,0,20.016,serialImmediate,serialImmediate,none,incremental,notApplicable,incremental,1,1,196245,0,26.028,automatic,parallelDirty,none,notApplicable,notApplicable,incremental,0,8,0,64077,9.108,dirtyRange,dirtyRange,none,notApplicable,notApplicable,incremental,1,1,0,32020,8.241
Data-Oriented CPU ROAM,RelWithDebInfo,OpenGL,NVIDIA GeForce RTX 5090 D/PCIe/SSE2,4.1.0 NVIDIA 591.86,false,assets/heightmaps/Hm_Terrain_Peking_513.png,547,547,80.000,12.000,20,0.250,0.100,200000,false,9,64,0.143,1.903,36.162,22.925,45.346,171.616,199999,654588,199997,16360,8241,16360,234311,199999,34043,6794,190397,0,65254,134745,33962,6795,0,0,0,8,92.287,161.433,95.277,8.967,3.130,17.676,0.000,0.000,7.113,26.319,0.000,0.000,0.000,0.000,0.000,26.318,0.128,0.519,0.227,0.003,1.881,14.907,0.000,9.493,22.578,8.984,0.000,0.000,10962672,0,47.014,20.806,9.493,0.000,20,10,7929091375983876964,4148249379369897430,4789572561677936393,11864531304568056628,200000,0,0,0,56.928,automatic,parallelFullRefresh,none,incremental,fullAllCurrentEntries,notApplicable,0,8,34196,0,3.130,automatic,parallelFullRefresh,none,incremental,fullAllCurrentEntries,notApplicable,0,8,197217,0,7.113,automatic,parallelAssisted,none,incremental,notApplicable,incremental,0,3,530,0,17.665,serialImmediate,serialImmediate,none,incremental,notApplicable,incremental,1,1,197217,0,26.318,automatic,parallelDirty,none,notApplicable,notApplicable,incremental,0,8,0,65254,9.493,dirtyRange,dirtyRange,none,notApplicable,notApplicable,incremental,1,1,0,33962,8.984
Data-Oriented CPU ROAM,RelWithDebInfo,OpenGL,NVIDIA GeForce RTX 5090 D/PCIe/SSE2,4.1.0 NVIDIA 591.86,false,assets/heightmaps/Hm_Terrain_Peking_513.png,547,547,80.000,12.000,20,0.250,0.100,200000,false,10,64,0.159,2.076,31.468,22.735,48.722,173.563,200000,678670,199998,15541,7903,15540,234064,200000,33859,6816,183005,0,65340,134660,34642,6817,0,0,0,8,164.837,159.428,94.829,6.194,2.992,19.121,0.000,0.000,6.747,27.322,0.000,0.000,0.000,0.000,0.000,27.321,0.124,0.423,0.262,0.003,1.779,16.513,0.000,9.363,23.090,7.692,0.000,0.000,10977120,0,49.589,22.113,9.363,0.000,20,11,7716014713231548368,11966640825832472449,2936329696377599435,5769801941632414398,200000,0,0,0,56.643,automatic,parallelFullRefresh,none,incremental,fullAllCurrentEntries,notApplicable,0,8,34043,0,2.992,automatic,parallelFullRefresh,none,incremental,fullAllCurrentEntries,notApplicable,0,8,198088,0,6.747,automatic,parallelAssisted,none,incremental,notApplicable,incremental,0,2,383,0,19.104,serialImmediate,serialImmediate,none,incremental,notApplicable,incremental,1,1,198088,0,27.321,automatic,parallelDirty,none,notApplicable,notApplicable,incremental,0,8,0,65340,9.363,dirtyRange,dirtyRange,none,notApplicable,notApplicable,incremental,1,1,0,34642,7.692
Data-Oriented CPU ROAM,RelWithDebInfo,OpenGL,NVIDIA GeForce RTX 5090 D/PCIe/SSE2,4.1.0 NVIDIA 591.86,false,assets/heightmaps/Hm_Terrain_Peking_513.png,547,547,80.000,12.000,20,0.250,0.100,200000,false,11,64,0.175,2.246,26.460,22.436,51.613,169.145,199999,700592,199997,14496,7420,14497,233892,199999,33756,5778,171324,0,62968,137031,34594,5779,0,0,0,8,255.404,155.871,89.895,6.193,2.700,17.957,0.000,0.000,6.936,23.479,0.000,0.000,0.000,0.000,0.000,23.478,0.119,0.585,0.354,0.005,3.204,13.674,0.000,8.466,24.165,8.972,0.000,0.000,10578624,0,42.546,20.657,8.466,0.000,20,12,12513899104948994883,8773347649960306180,11742563192499543283,17566631783993503713,200000,0,0,0,56.740,automatic,parallelFullRefresh,none,incremental,fullAllCurrentEntries,notApplicable,0,8,33859,0,2.700,automatic,parallelFullRefresh,none,incremental,fullAllCurrentEntries,notApplicable,0,8,197047,0,6.936,automatic,parallelAssisted,none,incremental,notApplicable,incremental,0,4,600,0,17.942,serialImmediate,serialImmediate,none,incremental,notApplicable,incremental,1,1,197047,0,23.478,automatic,parallelDirty,none,notApplicable,notApplicable,incremental,0,8,0,62968,8.466,dirtyRange,dirtyRange,none,notApplicable,notApplicable,incremental,1,1,0,34594,8.972
Data-Oriented CPU ROAM,RelWithDebInfo,OpenGL,NVIDIA GeForce RTX 5090 D/PCIe/SSE2,4.1.0 NVIDIA 591.86,false,assets/heightmaps/Hm_Terrain_Peking_513.png,547,547,80.000,12.000,20,0.250,0.100,200000,false,12,64,0.190,2.414,21.190,22.041,53.991,168.389,200000,721734,199998,14367,7329,14366,233943,200000,33694,5388,171299,0,59664,140336,34327,5389,0,0,0,8,158.802,156.406,91.086,5.819,2.958,17.846,0.000,0.000,6.661,24.396,0.000,0.000,0.000,0.000,0.000,24.396,0.167,0.668,0.486,0.004,2.623,13.884,0.000,8.859,24.545,8.746,0.000,0.000,10023552,0,43.059,20.805,8.859,0.000,20,13,15721023846212249210,7985901360231321369,1171555780814262575,18239834171527566255,200000,0,0,0,56.312,automatic,parallelFullRefresh,none,incremental,fullAllCurrentEntries,notApplicable,0,8,33756,0,2.958,automatic,parallelFullRefresh,none,incremental,fullAllCurrentEntries,notApplicable,0,8,196403,0,6.661,automatic,parallelAssisted,none,incremental,notApplicable,incremental,0,4,662,0,17.831,serialImmediate,serialImmediate,none,incremental,notApplicable,incremental,1,1,196403,0,24.396,automatic,parallelDirty,none,notApplicable,notApplicable,incremental,0,8,0,59664,8.859,dirtyRange,dirtyRange,none,notApplicable,notApplicable,incremental,1,1,0,34327,8.746
Data-Oriented CPU ROAM,RelWithDebInfo,OpenGL,NVIDIA GeForce RTX 5090 D/PCIe/SSE2,4.1.0 NVIDIA 591.86,false,assets/heightmaps/Hm_Terrain_Peking_513.png,547,547,80.000,12.000,20,0.250,0.100,200000,false,13,64,0.206,2.583,15.709,21.564,55.832,169.480,200000,745072,199998,15353,7804,15353,233853,200000,33627,5584,180389,0,61487,138513,35401,5585,0,0,0,8,176.942,157.688,91.608,5.652,2.987,19.268,0.000,0.000,6.420,24.833,0.000,0.000,0.000,0.000,0.000,24.832,0.165,0.783,0.252,0.002,3.411,14.643,0.000,8.803,23.646,7.485,0.000,0.000,10329816,0,43.296,22.254,8.803,0.000,20,14,741659987512228135,16290827925674946331,11927697215920248553,5317377401584438523,200000,0,0,0,58.293,automatic,parallelFullRefresh,none,incremental,fullAllCurrentEntries,notApplicable,0,8,33694,0,2.987,automatic,parallelFullRefresh,none,incremental,fullAllCurrentEntries,notApplicable,0,8,195813,0,6.420,automatic,parallelAssisted,none,incremental,notApplicable,incremental,0,4,736,0,19.256,serialImmediate,serialImmediate,none,incremental,notApplicable,incremental,1,1,195813,0,24.832,automatic,parallelDirty,none,notApplicable,notApplicable,incremental,0,8,0,61487,8.803,dirtyRange,dirtyRange,none,notApplicable,notApplicable,incremental,1,1,0,35401,7.485
Data-Oriented CPU ROAM,RelWithDebInfo,OpenGL,NVIDIA GeForce RTX 5090 D/PCIe/SSE2,4.1.0 NVIDIA 591.86,false,assets/heightmaps/Hm_Terrain_Peking_513.png,547,547,80.000,12.000,20,0.250,0.100,200000,false,14,64,0.222,2.751,10.072,21.026,57.119,168.017,200000,770358,199998,16206,8304,16206,233908,200000,33565,5787,190490,0,64784,135216,36283,5788,0,0,0,8,101.460,162.406,95.770,4.937,2.991,20.105,0.000,0.000,7.557,27.648,0.000,0.000,0.000,0.000,0.000,27.647,0.205,0.783,0.305,0.005,3.458,15.331,0.000,9.207,23.325,8.329,0.000,0.000,10883712,0,48.144,23.096,9.207,0.000,20,15,18320382665366125420,12144965187181402796,5113406298481224610,2926562529792837592,200000,0,0,0,58.024,automatic,parallelFullRefresh,none,incremental,fullAllCurrentEntries,notApplicable,0,8,33627,0,2.991,automatic,parallelFullRefresh,none,incremental,fullAllCurrentEntries,notApplicable,0,8,195367,0,7.557,automatic,parallelAssisted,none,incremental,notApplicable,incremental,0,6,797,0,20.087,serialImmediate,serialImmediate,none,incremental,notApplicable,incremental,1,1,195367,0,27.647,automatic,parallelDirty,none,notApplicable,notApplicable,incremental,0,8,0,64784,9.207,dirtyRange,dirtyRange,none,notApplicable,notApplicable,incremental,1,1,0,36283,8.329
Data-Oriented CPU ROAM,RelWithDebInfo,OpenGL,NVIDIA GeForce RTX 5090 D/PCIe/SSE2,4.1.0 NVIDIA 591.86,false,assets/heightmaps/Hm_Terrain_Peking_513.png,547,547,80.000,12.000,20,0.250,0.100,200000,false,15,64,0.238,2.923,4.334,20.447,57.838,171.920,199999,795980,199997,16398,8303,16399,233659,199999,33433,5579,191619,0,65487,134512,36636,5580,0,0,0,8,161.682,173.195,106.158,4.415,2.987,22.393,0.000,0.000,6.767,28.293,0.000,0.000,0.000,0.000,0.000,28.293,0.258,0.968,0.578,0.005,4.381,16.181,0.000,11.115,30.188,8.832,0.000,0.000,11001816,0,48.415,25.379,11.115,0.000,20,16,5037798179796633388,5936097924742473912,7066146189345485211,14243269207114944881,200000,0,0,0,57.925,automatic,parallelFullRefresh,none,incremental,fullAllCurrentEntries,notApplicable,0,8,33565,0,2.987,automatic,parallelFullRefresh,none,incremental,fullAllCurrentEntries,notApplicable,0,8,194764,0,6.767,automatic,parallelAssisted,none,incremental,notApplicable,incremental,0,6,929,0,22.372,serialImmediate,serialImmediate,none,incremental,notApplicable,incremental,1,1,194764,0,28.293,automatic,parallelDirty,none,notApplicable,notApplicable,incremental,0,8,0,65487,11.115,dirtyRange,dirtyRange,none,notApplicable,notApplicable,incremental,1,1,0,36636,8.832
Data-Oriented CPU ROAM,RelWithDebInfo,OpenGL,NVIDIA GeForce RTX 5090 D/PCIe/SSE2,4.1.0 NVIDIA 591.86,false,assets/heightmaps/Hm_Terrain_Peking_513.png,547,547,80.000,12.000,20,0.250,0.100,200000,false,16,64,0.254,3.110,-1.446,19.850,57.982,186.534,200000,822444,199998,15856,7931,15855,233704,200000,33504,5255,188074,0,63734,136266,35816,5256,0,0,0,8,101.744,162.685,95.493,6.480,3.193,19.502,0.000,0.000,6.489,26.219,0.000,0.000,0.000,0.000,0.000,26.219,0.186,1.025,0.439,0.004,4.523,13.317,0.000,8.963,24.647,8.999,0.000,0.000,10707312,0,43.641,22.695,8.963,0.000,20,17,5166484656341467295,3505936785992697936,13213597493490085694,2228014458796561825,200000,0,0,0,57.775,automatic,parallelFullRefresh,none,incremental,fullAllCurrentEntries,notApplicable,0,8,33433,0,3.193,automatic,parallelFullRefresh,none,incremental,fullAllCurrentEntries,notApplicable,0,8,194653,0,6.489,automatic,parallelAssisted,none,incremental,notApplicable,incremental,0,6,1057,0,19.493,serialImmediate,serialImmediate,none,incremental,notApplicable,incremental,1,1,194653,0,26.219,automatic,parallelDirty,none,notApplicable,notApplicable,incremental,0,8,0,63734,8.963,dirtyRange,dirtyRange,none,notApplicable,notApplicable,incremental,1,1,0,35816,8.999
Data-Oriented CPU ROAM,RelWithDebInfo,OpenGL,NVIDIA GeForce RTX 5090 D/PCIe/SSE2,4.1.0 NVIDIA 591.86,false,assets/heightmaps/Hm_Terrain_Peking_513.png,547,547,80.000,12.000,20,0.250,0.100,200000,false,17,64,0.270,3.287,-7.212,19.260,57.550,177.385,199999,847018,199997,14298,7231,14299,233572,199999,33441,5127,167266,0,61079,138920,34942,5128,0,0,0,8,214.440,162.012,94.534,5.477,2.904,18.579,0.000,0.000,6.897,26.609,0.000,0.000,0.000,0.000,0.000,26.608,0.213,0.989,0.375,0.007,3.477,13.504,0.000,9.224,24.845,8.925,0.000,0.000,10261272,0,45.169,21.483,9.224,0.000,20,18,14525299967400163284,2487873219934328708,17735542073906748983,2871146388163732862,200000,0,0,0,58.290,automatic,parallelFullRefresh,none,incremental,fullAllCurrentEntries,notApplicable,0,8,33504,0,2.904,automatic,parallelFullRefresh,none,incremental,fullAllCurrentEntries,notApplicable,0,8,195924,0,6.897,automatic,parallelAssisted,none,incremental,notApplicable,incremental,0,6,853,0,18.565,serialImmediate,serialImmediate,none,incremental,notApplicable,incremental,1,1,195924,0,26.608,automatic,parallelDirty,none,notApplicable,notApplicable,incremental,0,8,0,61079,9.224,dirtyRange,dirtyRange,none,notApplicable,notApplicable,incremental,1,1,0,34942,8.925
Data-Oriented CPU ROAM,RelWithDebInfo,OpenGL,NVIDIA GeForce RTX 5090 D/PCIe/SSE2,4.1.0 NVIDIA 591.86,false,assets/heightmaps/Hm_Terrain_Peking_513.png,547,547,80.000,12.000,20,0.250,0.100,200000,false,18,64,0.286,3.462,-12.906,18.698,56.546,175.138,199999,871604,199997,14981,7663,14981,233779,199999,33658,4708,178727,0,60002,139997,34578,4709,0,0,0,8,102.757,159.072,94.118,5.872,3.512,19.910,0.000,0.000,7.293,25.388,0.000,0.000,0.000,0.000,0.000,25.388,0.255,1.246,0.341,0.004,4.208,13.840,0.000,9.118,23.025,6.890,0.000,0.000,10080336,0,42.953,23.422,9.118,0.000,20,19,12325144682124575371,12718344502534008569,15886483787497277154,11728947685023900430,200000,0,0,0,57.629,automatic,parallelFullRefresh,none,incremental,fullAllCurrentEntries,notApplicable,0,8,33441,0,3.512,automatic,parallelFullRefresh,none,incremental,fullAllCurrentEntries,notApplicable,0,8,194428,0,7.293,automatic,parallelAssisted,none,incremental,notApplicable,incremental,0,7,1028,0,19.894,serialImmediate,serialImmediate,none,incremental,notApplicable,incremental,1,1,194428,0,25.388,automatic,parallelDirty,none,notApplicable,notApplicable,incremental,0,8,0,60002,9.118,dirtyRange,dirtyRange,none,notApplicable,notApplicable,incremental,1,1,0,34578,6.890
Data-Oriented CPU ROAM,RelWithDebInfo,OpenGL,NVIDIA GeForce RTX 5090 D/PCIe/SSE2,4.1.0 NVIDIA 591.86,false,assets/heightmaps/Hm_Terrain_Peking_513.png,547,547,80.000,12.000,20,0.250,0.100,200000,false,19,64,0.302,3.632,-18.472,18.189,54.980,169.966,200000,899688,199998,17923,9200,17922,233769,200000,33508,4576,209181,0,63310,136690,34763,4577,0,0,0,8,96.625,170.935,102.497,5.460,2.904,25.157,0.000,0.000,6.920,28.268,0.000,0.000,0.000,0.000,0.000,28.268,0.325,2.280,0.507,0.016,7.448,14.557,0.000,9.224,24.563,9.155,0.000,0.000,10636080,0,45.132,28.061,9.224,0.000,20,20,13841027503605964664,18323998568648012168,11814088152895883178,3642013729097088440,200000,0,0,0,59.026,automatic,parallelFullRefresh,none,incremental,fullAllCurrentEntries,notApplicable,0,8,33658,0,2.904,automatic,parallelFullRefresh,none,incremental,fullAllCurrentEntries,notApplicable,0,8,191223,0,6.920,automatic,parallelAssisted,none,incremental,notApplicable,incremental,0,6,1641,0,25.133,serialImmediate,serialImmediate,none,incremental,notApplicable,incremental,1,1,191223,0,28.268,automatic,parallelDirty,none,notApplicable,notApplicable,incremental,0,8,0,63310,9.224,dirtyRange,dirtyRange,none,notApplicable,notApplicable,incremental,1,1,0,34763,9.155
Data-Oriented CPU ROAM,RelWithDebInfo,OpenGL,NVIDIA GeForce RTX 5090 D/PCIe/SSE2,4.1.0 NVIDIA 591.86,false,assets/heightmaps/Hm_Terrain_Peking_513.png,547,547,80.000,12.000,20,0.250,0.100,200000,false,20,64,0.317,3.817,-23.855,17.751,52.867,185.091,199999,927200,199997,18182,9182,18183,233841,199999,33465,4638,211870,0,64935,135064,35650,4639,0,0,0,8,212.480,200.363,130.393,5.555,3.044,25.759,0.000,0.000,7.041,53.169,0.000,0.000,0.000,0.000,0.000,53.168,0.291,2.048,0.599,0.030,6.986,15.786,0.000,10.314,25.511,9.094,0.000,0.000,10909080,0,71.470,28.803,10.314,0.000,20,21,4131686850949951624,9768216618377063536,1454652581396991471,14059091348881202174,200000,0,0,0,60.598,automatic,parallelFullRefresh,none,incremental,fullAllCurrentEntries,notApplicable,0,8,33508,0,3.044,automatic,parallelFullRefresh,none,incremental,fullAllCurrentEntries,notApplicable,0,8,191122,0,7.041,automatic,parallelAssisted,none,incremental,notApplicable,incremental,0,6,1571,0,25.739,serialImmediate,serialImmediate,none,incremental,notApplicable,incremental,1,1,191122,0,53.168,automatic,parallelDirty,none,notApplicable,notApplicable,incremental,0,8,0,64935,10.314,dirtyRange,dirtyRange,none,notApplicable,notApplicable,incremental,1,1,0,35650,9.094
Data-Oriented CPU ROAM,RelWithDebInfo,OpenGL,NVIDIA GeForce RTX 5090 D/PCIe/SSE2,4.1.0 NVIDIA 591.86,false,assets/heightmaps/Hm_Terrain_Peking_513.png,547,547,80.000,12.000,20,0.250,0.100,200000,false,21,64,0.333,4.031,-29.000,17.402,50.229,213.840,199999,954126,199997,17457,8796,17457,233802,199999,33473,4409,204084,0,67883,132116,37125,4410,0,0,0,8,166.063,178.483,108.713,8.413,2.504,23.854,0.000,0.000,7.050,31.645,0.000,0.000,0.000,0.000,0.000,31.644,0.237,1.433,0.493,0.005,6.925,14.749,0.000,9.736,25.511,9.042,0.000,0.000,11404344,0,49.270,26.358,9.736,0.000,20,22,10212872256874730540,15077720415661972525,18130635415174804634,11953667775993717945,200000,0,0,0,60.429,automatic,parallelFullRefresh,none,incremental,fullAllCurrentEntries,notApplicable,0,8,33465,0,2.504,automatic,parallelFullRefresh,none,incremental,fullAllCurrentEntries,notApplicable,0,8,191409,0,7.050,automatic,parallelAssisted,none,incremental,notApplicable,incremental,0,6,1523,0,23.842,serialImmediate,serialImmediate,none,incremental,notApplicable,incremental,1,1,191409,0,31.644,automatic,parallelDirty,none,notApplicable,notApplicable,incremental,0,8,0,67883,9.736,dirtyRange,dirtyRange,none,notApplicable,notApplicable,incremental,1,1,0,37125,9.042
Data-Oriented CPU ROAM,RelWithDebInfo,OpenGL,NVIDIA GeForce RTX 5090 D/PCIe/SSE2,4.1.0 NVIDIA 591.86,false,assets/heightmaps/Hm_Terrain_Peking_513.png,547,547,80.000,12.000,20,0.250,0.100,200000,false,22,64,0.349,4.225,-33.857,17.156,47.092,193.534,199999,978124,199997,16428,8321,16428,233796,199999,33444,4742,190907,0,67754,132245,37274,4743,0,0,0,8,170.944,173.842,103.310,6.598,3.347,21.312,0.000,0.000,7.573,29.026,0.000,0.000,0.000,0.000,0.000,29.025,0.251,1.269,0.514,0.007,5.232,14.023,0.000,10.083,25.370,9.239,0.000,0.000,11382672,0,47.049,24.659,10.083,0.000,20,23,10692180309475265600,13137791350344150494,18250664861099904845,14909372800015064471,200000,0,0,0,61.022,automatic,parallelFullRefresh,none,incremental,fullAllCurrentEntries,notApplicable,0,8,33473,0,3.347,automatic,parallelFullRefresh,none,incremental,fullAllCurrentEntries,notApplicable,0,8,193066,0,7.573,automatic,parallelAssisted,none,incremental,notApplicable,incremental,0,5,1206,0,21.296,serialImmediate,serialImmediate,none,incremental,notApplicable,incremental,1,1,193066,0,29.025,automatic,parallelDirty,none,notApplicable,notApplicable,incremental,0,8,0,67754,10.083,dirtyRange,dirtyRange,none,notApplicable,notApplicable,incremental,1,1,0,37274,9.239
Data-Oriented CPU ROAM,RelWithDebInfo,OpenGL,NVIDIA GeForce RTX 5090 D/PCIe/SSE2,4.1.0 NVIDIA 591.86,false,assets/heightmaps/Hm_Terrain_Peking_513.png,547,547,80.000,12.000,20,0.250,0.100,200000,false,23,64,0.365,4.413,-38.378,17.023,43.487,187.777,200000,1001018,199998,16207,8213,16206,233711,200000,33422,5315,187623,0,65299,134701,37002,5316,0,0,0,8,104.281,174.489,102.308,8.465,3.106,21.651,0.000,0.000,6.663,27.755,0.000,0.000,0.000,0.000,0.000,27.755,0.170,0.947,0.577,0.008,4.070,15.862,0.000,9.651,25.017,9.595,0.000,0.000,10970232,0,46.480,24.757,9.651,0.000,20,24,8205071253368997510,6468255570671903217,13110756096065449747,9529179328107265732,200000,0,0,0,62.268,automatic,parallelFullRefresh,none,incremental,fullAllCurrentEntries,notApplicable,0,8,33444,0,3.106,automatic,parallelFullRefresh,none,incremental,fullAllCurrentEntries,notApplicable,0,8,194509,0,6.663,automatic,parallelAssisted,none,incremental,notApplicable,incremental,0,5,934,0,21.634,serialImmediate,serialImmediate,none,incremental,notApplicable,incremental,1,1,194509,0,27.755,automatic,parallelDirty,none,notApplicable,notApplicable,incremental,0,8,0,65299,9.651,dirtyRange,dirtyRange,none,notApplicable,notApplicable,incremental,1,1,0,37002,9.595
Data-Oriented CPU ROAM,RelWithDebInfo,OpenGL,NVIDIA GeForce RTX 5090 D/PCIe/SSE2,4.1.0 NVIDIA 591.86,false,assets/heightmaps/Hm_Terrain_Peking_513.png,547,547,80.000,12.000,20,0.250,0.100,200000,false,24,64,0.381,4.601,-42.517,17.008,39.450,188.787,199999,1023700,199997,16737,8552,16738,233540,199999,33351,6071,189766,0,65113,134886,37299,6072,0,0,0,8,174.316,170.886,101.625,6.238,2.904,22.329,0.000,0.000,7.008,28.333,0.000,0.000,0.000,0.000,0.000,28.332,0.150,0.792,0.547,0.007,3.652,17.162,0.000,9.314,25.498,9.461,0.000,0.000,10938984,0,49.044,25.233,9.314,0.000,20,25,13697958384579630483,6823856870244076732,13651081414696752035,15128957134003051194,200000,0,0,0,59.491,automatic,parallelFullRefresh,none,incremental,fullAllCurrentEntries,notApplicable,0,8,33422,0,2.904,automatic,parallelFullRefresh,none,incremental,fullAllCurrentEntries,notApplicable,0,8,195446,0,7.008,automatic,parallelAssisted,none,incremental,notApplicable,incremental,0,5,810,0,22.310,serialImmediate,serialImmediate,none,incremental,notApplicable,incremental,1,1,195446,0,28.332,automatic,parallelDirty,none,notApplicable,notApplicable,incremental,0,8,0,65113,9.314,dirtyRange,dirtyRange,none,notApplicable,notApplicable,incremental,1,1,0,37299,9.461
Data-Oriented CPU ROAM,RelWithDebInfo,OpenGL,NVIDIA GeForce RTX 5090 D/PCIe/SSE2,4.1.0 NVIDIA 591.86,false,assets/heightmaps/Hm_Terrain_Peking_513.png,547,547,80.000,12.000,20,0.250,0.100,200000,false,25,64,0.397,4.787,-46.234,17.112,35.021,185.682,200000,1047560,199998,18664,9442,18663,233609,200000,33413,6131,214997,0,68544,131456,37971,6132,0,0,0,8,103.427,175.441,106.832,6.935,3.102,24.232,0.000,0.000,7.945,30.012,0.000,0.000,0.000,0.000,0.000,30.011,0.251,1.182,0.876,0.015,5.745,16.138,0.000,9.984,24.623,9.185,0.000,0.000,11515392,0,50.729,27.334,9.984,0.000,20,26,141353023002135364,6799830235164784937,4949422445672159251,16109647584551042275,200000,0,0,0,59.146,automatic,parallelFullRefresh,none,incremental,fullAllCurrentEntries,notApplicable,0,8,33351,0,3.102,automatic,parallelFullRefresh,none,incremental,fullAllCurrentEntries,notApplicable,0,8,193610,0,7.945,automatic,parallelAssisted,none,incremental,notApplicable,incremental,0,5,1143,0,24.208,serialImmediate,serialImmediate,none,incremental,notApplicable,incremental,1,1,193610,0,30.011,automatic,parallelDirty,none,notApplicable,notApplicable,incremental,0,8,0,68544,9.984,dirtyRange,dirtyRange,none,notApplicable,notApplicable,incremental,1,1,0,37971,9.185
Data-Oriented CPU ROAM,RelWithDebInfo,OpenGL,NVIDIA GeForce RTX 5090 D/PCIe/SSE2,4.1.0 NVIDIA 591.86,false,assets/heightmaps/Hm_Terrain_Peking_513.png,547,547,80.000,12.000,20,0.250,0.100,200000,false,26,64,0.413,4.977,-49.491,17.330,30.243,190.352,200000,1071046,199998,17064,8616,17064,233732,200000,33495,5302,199638,0,69002,130998,38410,5303,0,0,0,8,106.391,170.914,101.335,6.496,2.639,21.696,0.000,0.000,7.889,28.463,0.000,0.000,0.000,0.000,0.000,28.463,0.232,1.070,0.491,0.006,4.820,15.060,0.000,10.130,24.022,9.288,0.000,0.000,11592336,0,47.826,24.334,10.130,0.000,20,27,12624068419147087756,6856120173095685496,6755707351171696626,896098131538351370,200000,0,0,0,59.994,automatic,parallelFullRefresh,none,incremental,fullAllCurrentEntries,notApplicable,0,8,33413,0,2.639,automatic,parallelFullRefresh,none,incremental,fullAllCurrentEntries,notApplicable,0,8,193545,0,7.889,automatic,parallelAssisted,none,incremental,notApplicable,incremental,0,5,1101,0,21.679,serialImmediate,serialImmediate,none,incremental,notApplicable,incremental,1,1,193545,0,28.463,automatic,parallelDirty,none,notApplicable,notApplicable,incremental,0,8,0,69002,10.130,dirtyRange,dirtyRange,none,notApplicable,notApplicable,incremental,1,1,0,38410,9.288
Data-Oriented CPU ROAM,RelWithDebInfo,OpenGL,NVIDIA GeForce RTX 5090 D/PCIe/SSE2,4.1.0 NVIDIA 591.86,false,assets/heightmaps/Hm_Terrain_Peking_513.png,547,547,80.000,12.000,20,0.250,0.100,200000,false,27,64,0.429,5.163,-52.256,17.655,25.165,185.638,199999,1092704,199997,15121,7684,15122,233813,199999,33476,4966,179266,0,65742,134257,37666,4967,0,0,0,8,173.725,171.316,100.362,7.715,3.069,20.319,0.000,0.000,6.867,26.700,0.000,0.000,0.000,0.000,0.000,26.700,0.187,0.914,0.427,0.009,4.087,14.677,0.000,9.762,25.930,9.346,0.000,0.000,11044656,0,44.426,23.388,9.762,0.000,20,28,5933188871763074288,13694642725100243212,2831052878605794719,9847847247250903196,200000,0,0,0,61.316,automatic,parallelFullRefresh,none,incremental,fullAllCurrentEntries,notApplicable,0,8,33495,0,3.069,automatic,parallelFullRefresh,none,incremental,fullAllCurrentEntries,notApplicable,0,8,194820,0,6.867,automatic,parallelAssisted,none,incremental,notApplicable,incremental,0,5,917,0,20.301,serialImmediate,serialImmediate,none,incremental,notApplicable,incremental,1,1,194820,0,26.700,automatic,parallelDirty,none,notApplicable,notApplicable,incremental,0,8,0,65742,9.762,dirtyRange,dirtyRange,none,notApplicable,notApplicable,incremental,1,1,0,37666,9.346
Data-Oriented CPU ROAM,RelWithDebInfo,OpenGL,NVIDIA GeForce RTX 5090 D/PCIe/SSE2,4.1.0 NVIDIA 591.86,false,assets/heightmaps/Hm_Terrain_Peking_513.png,547,547,80.000,12.000,20,0.250,0.100,200000,false,28,64,0.444,5.349,-54.502,18.072,19.837,185.668,200000,1113206,199998,14336,7290,14335,233772,200000,33465,4834,169510,0,61395,138605,36928,4835,0,0,0,8,233.159,169.797,99.312,8.754,3.219,19.251,0.000,0.000,6.580,25.763,0.000,0.000,0.000,0.000,0.000,25.762,0.199,0.907,0.382,0.005,3.870,13.874,0.000,9.289,26.456,8.880,0.000,0.000,10314360,0,42.968,22.470,9.289,0.000,20,29,1743468425613593704,6230683355398155042,9888563655938865868,3182621398886301472,200000,0,0,0,61.306,automatic,parallelFullRefresh,none,incremental,fullAllCurrentEntries,notApplicable,0,8,33476,0,3.219,automatic,parallelFullRefresh,none,incremental,fullAllCurrentEntries,notApplicable,0,8,195319,0,6.580,automatic,parallelAssisted,none,incremental,notApplicable,incremental,0,5,860,0,19.237,serialImmediate,serialImmediate,none,incremental,notApplicable,incremental,1,1,195319,0,25.762,automatic,parallelDirty,none,notApplicable,notApplicable,incremental,0,8,0,61395,9.289,dirtyRange,dirtyRange,none,notApplicable,notApplicable,incremental,1,1,0,36928,8.880
Data-Oriented CPU ROAM,RelWithDebInfo,OpenGL,NVIDIA GeForce RTX 5090 D/PCIe/SSE2,4.1.0 NVIDIA 591.86,false,assets/heightmaps/Hm_Terrain_Peking_513.png,547,547,80.000,12.000,20,0.250,0.100,200000,false,29,64,0.460,5.536,-56.206,18.565,14.312,186.846,200000,1134926,199998,15312,7824,15312,233718,200000,33572,5365,181397,0,62079,137921,37487,5366,0,0,0,8,235.405,168.603,99.460,6.832,3.105,20.181,0.000,0.000,6.366,28.441,0.000,0.000,0.000,0.000,0.000,28.440,0.205,0.849,0.424,0.008,4.016,14.661,0.000,9.249,25.287,9.227,0.000,0.000,10429272,0,47.082,23.286,9.249,0.000,20,30,10950733618152842292,15109329511028966282,4722452041654089608,4580591530299613236,200000,0,0,0,59.630,automatic,parallelFullRefresh,none,incremental,fullAllCurrentEntries,notApplicable,0,8,33465,0,3.105,automatic,parallelFullRefresh,none,incremental,fullAllCurrentEntries,notApplicable,0,8,195426,0,6.366,automatic,parallelAssisted,none,incremental,notApplicable,incremental,0,7,825,0,20.163,serialImmediate,serialImmediate,none,incremental,notApplicable,incremental,1,1,195426,0,28.440,automatic,parallelDirty,none,notApplicable,notApplicable,incremental,0,8,0,62079,9.249,dirtyRange,dirtyRange,none,notApplicable,notApplicable,incremental,1,1,0,37487,9.227
Data-Oriented CPU ROAM,RelWithDebInfo,OpenGL,NVIDIA GeForce RTX 5090 D/PCIe/SSE2,4.1.0 NVIDIA 591.86,false,assets/heightmaps/Hm_Terrain_Peking_513.png,547,547,80.000,12.000,20,0.250,0.100,200000,false,30,64,0.476,5.719,-57.352,19.116,8.644,183.312,200000,1156264,199998,15483,7916,15483,233751,200000,33515,5638,181205,0,64043,135957,38542,5639,0,0,0,8,118.617,167.716,98.409,7.409,3.028,19.634,0.000,0.000,6.795,26.142,0.000,0.000,0.000,0.000,0.000,26.141,0.198,0.762,0.286,0.009,3.745,14.608,0.000,10.198,25.204,9.568,0.000,0.000,10759224,0,44.927,22.661,10.198,0.000,20,31,5361040383493513114,15337671370646515645,6452947698764962839,11118181053319940278,200000,0,0,0,59.447,automatic,parallelFullRefresh,none,incremental,fullAllCurrentEntries,notApplicable,0,8,33572,0,3.028,automatic,parallelFullRefresh,none,incremental,fullAllCurrentEntries,notApplicable,0,8,195814,0,6.795,automatic,parallelAssisted,none,incremental,notApplicable,incremental,0,7,761,0,19.608,serialImmediate,serialImmediate,none,incremental,notApplicable,incremental,1,1,195814,0,26.141,automatic,parallelDirty,none,notApplicable,notApplicable,incremental,0,8,0,64043,10.198,dirtyRange,dirtyRange,none,notApplicable,notApplicable,incremental,1,1,0,38542,9.568
Data-Oriented CPU ROAM,RelWithDebInfo,OpenGL,NVIDIA GeForce RTX 5090 D/PCIe/SSE2,4.1.0 NVIDIA 591.86,false,assets/heightmaps/Hm_Terrain_Peking_513.png,547,547,80.000,12.000,20,0.250,0.100,200000,false,31,64,0.492,5.902,-57.928,19.701,2.891,182.728,199999,1177014,199997,15569,7932,15570,233689,199999,33631,6012,182599,0,64396,135603,38614,6013,0,0,0,8,169.392,165.577,97.059,5.875,3.127,19.647,0.000,0.000,6.843,26.301,0.000,0.000,0.000,0.000,0.000,26.301,0.123,0.625,0.249,0.003,2.803,15.829,0.000,10.259,25.006,8.689,0.000,0.000,10818528,0,46.373,22.774,10.259,0.000,20,32,9908170584134975789,10713108866754931314,12285744314165906881,979416581573730866,200000,0,0,0,59.533,automatic,parallelFullRefresh,none,incremental,fullAllCurrentEntries,notApplicable,0,8,33515,0,3.127,automatic,parallelFullRefresh,none,incremental,fullAllCurrentEntries,notApplicable,0,8,196468,0,6.843,automatic,parallelAssisted,none,incremental,notApplicable,incremental,0,6,653,0,19.632,serialImmediate,serialImmediate,none,incremental,notApplicable,incremental,1,1,196468,0,26.301,automatic,parallelDirty,none,notApplicable,notApplicable,incremental,0,8,0,64396,10.259,dirtyRange,dirtyRange,none,notApplicable,notApplicable,incremental,1,1,0,38614,8.689
Data-Oriented CPU ROAM,RelWithDebInfo,OpenGL,NVIDIA GeForce RTX 5090 D/PCIe/SSE2,4.1.0 NVIDIA 591.86,false,assets/heightmaps/Hm_Terrain_Peking_513.png,547,547,80.000,12.000,20,0.250,0.100,200000,false,32,64,0.508,6.078,-57.928,20.299,-2.891,176.155,199999,1196014,199997,14598,7361,14598,233842,199999,33534,5976,172573,0,61689,138310,37805,5977,0,0,0,8,91.349,162.290,95.197,6.474,2.896,17.788,0.000,0.000,7.492,27.318,0.000,0.000,0.000,0.000,0.000,27.317,0.112,0.527,0.237,0.002,1.849,15.016,0.000,8.618,24.611,8.210,0.000,0.000,10363752,0,48.677,20.684,8.618,0.000,20,33,6256218033966093595,2021882922645883033,7974187135522050102,3095040260946339175,200000,0,0,0,58.517,automatic,parallelFullRefresh,none,incremental,fullAllCurrentEntries,notApplicable,0,8,33631,0,2.896,automatic,parallelFullRefresh,none,incremental,fullAllCurrentEntries,notApplicable,0,8,197352,0,7.492,automatic,parallelAssisted,none,incremental,notApplicable,incremental,0,3,550,0,17.744,serialImmediate,serialImmediate,none,incremental,notApplicable,incremental,1,1,197352,0,27.317,automatic,parallelDirty,none,notApplicable,notApplicable,incremental,0,8,0,61689,8.618,dirtyRange,dirtyRange,none,notApplicable,notApplicable,incremental,1,1,0,37805,8.210
Data-Oriented CPU ROAM,RelWithDebInfo,OpenGL,NVIDIA GeForce RTX 5090 D/PCIe/SSE2,4.1.0 NVIDIA 591.86,false,assets/heightmaps/Hm_Terrain_Peking_513.png,547,547,80.000,12.000,20,0.250,0.100,200000,false,33,64,0.524,6.251,-57.352,20.884,-8.644,173.496,199999,1214828,199997,13220,6709,13220,233707,199999,33635,5268,156377,0,58030,141969,37097,5269,0,0,0,8,174.378,152.401,84.453,3.928,3.106,15.021,0.000,0.000,7.072,22.063,0.000,0.000,0.000,0.000,0.000,22.062,0.135,0.499,0.233,0.004,1.851,12.286,0.000,8.286,24.977,8.959,0.000,0.000,9749040,0,40.117,18.128,8.286,0.000,20,34,18308251060127304011,9023680170232145903,5619475490710652660,16446345841072783209,200000,0,0,0,58.715,automatic,parallelFullRefresh,none,incremental,fullAllCurrentEntries,notApplicable,0,8,33534,0,3.106,automatic,parallelFullRefresh,none,incremental,fullAllCurrentEntries,notApplicable,0,8,197310,0,7.072,automatic,parallelAssisted,none,incremental,notApplicable,incremental,0,5,501,0,15.008,serialImmediate,serialImmediate,none,incremental,notApplicable,incremental,1,1,197310,0,22.062,automatic,parallelDirty,none,notApplicable,notApplicable,incremental,0,8,0,58030,8.286,dirtyRange,dirtyRange,none,notApplicable,notApplicable,incremental,1,1,0,37097,8.959
Data-Oriented CPU ROAM,RelWithDebInfo,OpenGL,NVIDIA GeForce RTX 5090 D/PCIe/SSE2,4.1.0 NVIDIA 591.86,false,assets/heightmaps/Hm_Terrain_Peking_513.png,547,547,80.000,12.000,20,0.250,0.100,200000,false,34,64,0.540,6.418,-56.206,21.435,-14.312,167.162,200000,1233758,199998,15182,7732,15181,233802,200000,33571,3810,180851,0,60128,139872,36332,3811,0,0,0,8,97.320,169.439,100.252,5.232,3.202,21.027,0.000,0.000,7.019,26.521,0.000,0.000,0.000,0.000,0.000,26.520,0.229,1.358,0.509,0.021,6.630,12.264,0.000,9.249,28.002,8.813,0.000,0.000,10101504,0,41.759,24.229,9.249,0.000,20,35,11878978946823932663,2817222760074155981,14006666610658801887,12368856535170449434,200000,0,0,0,60.092,automatic,parallelFullRefresh,none,incremental,fullAllCurrentEntries,notApplicable,0,8,33635,0,3.202,automatic,parallelFullRefresh,none,incremental,fullAllCurrentEntries,notApplicable,0,8,192433,0,7.019,automatic,parallelAssisted,none,incremental,notApplicable,incremental,0,6,1430,0,21.012,serialImmediate,serialImmediate,none,incremental,notApplicable,incremental,1,1,192433,0,26.520,automatic,parallelDirty,none,notApplicable,notApplicable,incremental,0,8,0,60128,9.249,dirtyRange,dirtyRange,none,notApplicable,notApplicable,incremental,1,1,0,36332,8.813
Data-Oriented CPU ROAM,RelWithDebInfo,OpenGL,NVIDIA GeForce RTX 5090 D/PCIe/SSE2,4.1.0 NVIDIA 591.86,false,assets/heightmaps/Hm_Terrain_Peking_513.png,547,547,80.000,12.000,20,0.250,0.100,200000,false,35,64,0.556,6.602,-54.502,21.928,-19.837,183.741,199999,1251984,199997,15131,7707,15132,233898,199999,33655,3965,181529,0,59253,140746,36010,3966,0,0,0,8,107.591,169.089,99.823,6.192,2.742,20.232,0.000,0.000,7.727,27.880,0.000,0.000,0.000,0.000,0.000,27.880,0.216,1.343,0.494,0.013,5.822,12.332,0.000,9.114,25.936,9.264,0.000,0.000,9954504,0,44.508,22.974,9.114,0.000,20,36,9779051588744542606,701964006115934862,4983152477623667885,2452812536816448038,200000,0,0,0,59.707,automatic,parallelFullRefresh,none,incremental,fullAllCurrentEntries,notApplicable,0,8,33571,0,2.742,automatic,parallelFullRefresh,none,incremental,fullAllCurrentEntries,notApplicable,0,8,192802,0,7.727,automatic,parallelAssisted,none,incremental,notApplicable,incremental,0,6,1351,0,20.220,serialImmediate,serialImmediate,none,incremental,notApplicable,incremental,1,1,192802,0,27.880,automatic,parallelDirty,none,notApplicable,notApplicable,incremental,0,8,0,59253,9.114,dirtyRange,dirtyRange,none,notApplicable,notApplicable,incremental,1,1,0,36010,9.264
Data-Oriented CPU ROAM,RelWithDebInfo,OpenGL,NVIDIA GeForce RTX 5090 D/PCIe/SSE2,4.1.0 NVIDIA 591.86,false,assets/heightmaps/Hm_Terrain_Peking_513.png,547,547,80.000,12.000,20,0.250,0.100,200000,false,36,64,0.571,6.786,-52.256,22.345,-25.165,183.542,200000,1273920,199998,15949,8142,15948,234002,200000,33754,3873,190838,0,58881,141119,35510,3874,0,0,0,8,306.990,165.059,98.525,5.886,2.702,20.718,0.000,0.000,6.409,27.187,0.000,0.000,0.000,0.000,0.000,27.187,0.233,1.610,0.575,0.036,5.957,12.296,0.000,9.413,26.208,7.174,0.000,0.000,9892008,0,41.877,23.420,9.413,0.000,20,37,17291395722121723872,1496534923326945117,10145042690056851243,17003041870295228302,200000,0,0,0,59.014,automatic,parallelFullRefresh,none,incremental,fullAllCurrentEntries,notApplicable,0,8,33655,0,2.702,automatic,parallelFullRefresh,none,incremental,fullAllCurrentEntries,notApplicable,0,8,191798,0,6.409,automatic,parallelAssisted,none,incremental,notApplicable,incremental,0,5,1465,0,20.706,serialImmediate,serialImmediate,none,incremental,notApplicable,incremental,1,1,191798,0,27.187,automatic,parallelDirty,none,notApplicable,notApplicable,incremental,0,8,0,58881,9.413,dirtyRange,dirtyRange,none,notApplicable,notApplicable,incremental,1,1,0,35510,7.174
Data-Oriented CPU ROAM,RelWithDebInfo,OpenGL,NVIDIA GeForce RTX 5090 D/PCIe/SSE2,4.1.0 NVIDIA 591.86,false,assets/heightmaps/Hm_Terrain_Peking_513.png,547,547,80.000,12.000,20,0.250,0.100,200000,false,37,64,0.587,6.962,-49.491,22.670,-30.243,176.044,199999,1295558,199997,16397,8316,16398,234264,199999,33957,4263,197400,0,59146,140853,35538,4264,0,0,0,8,98.059,167.740,100.082,5.813,2.770,20.672,0.000,0.000,7.458,29.618,0.000,0.000,0.000,0.000,0.000,29.617,0.212,1.527,0.647,0.009,5.312,12.951,0.000,8.993,24.758,8.325,0.000,0.000,9936528,0,46.379,23.442,8.993,0.000,20,38,8640308122034850806,5262672678279255221,4043733013249855594,18405169158487461543,200000,0,0,0,59.069,automatic,parallelFullRefresh,none,incremental,fullAllCurrentEntries,notApplicable,0,8,33754,0,2.770,automatic,parallelFullRefresh,none,incremental,fullAllCurrentEntries,notApplicable,0,8,192123,0,7.458,automatic,parallelAssisted,none,incremental,notApplicable,incremental,0,5,1486,0,20.658,serialImmediate,serialImmediate,none,incremental,notApplicable,incremental,1,1,192123,0,29.617,automatic,parallelDirty,none,notApplicable,notApplicable,incremental,0,8,0,59146,8.993,dirtyRange,dirtyRange,none,notApplicable,notApplicable,incremental,1,1,0,35538,8.325
Data-Oriented CPU ROAM,RelWithDebInfo,OpenGL,NVIDIA GeForce RTX 5090 D/PCIe/SSE2,4.1.0 NVIDIA 591.86,false,assets/heightmaps/Hm_Terrain_Peking_513.png,547,547,80.000,12.000,20,0.250,0.100,200000,false,38,64,0.603,7.144,-46.234,22.888,-35.021,182.352,199999,1312504,199997,15820,8019,15820,234255,199999,33911,4588,187606,0,59811,140188,35723,4589,0,0,0,8,207.747,174.390,104.105,5.255,3.455,21.883,0.000,0.000,7.413,29.140,0.000,0.000,0.000,0.000,0.000,29.139,0.254,1.328,0.777,0.009,4.779,14.722,0.000,9.926,27.033,8.851,0.000,0.000,10048248,0,48.148,25.338,9.926,0.000,20,39,8814862067709857618,14776144372496302741,4847513245965442294,15327338999094807978,200000,0,0,0,61.146,automatic,parallelFullRefresh,none,incremental,fullAllCurrentEntries,notApplicable,0,8,33957,0,3.455,automatic,parallelFullRefresh,none,incremental,fullAllCurrentEntries,notApplicable,0,8,193344,0,7.413,automatic,parallelAssisted,none,incremental,notApplicable,incremental,0,5,1240,0,21.868,serialImmediate,serialImmediate,none,incremental,notApplicable,incremental,1,1,193344,0,29.139,automatic,parallelDirty,none,notApplicable,notApplicable,incremental,0,8,0,59811,9.926,dirtyRange,dirtyRange,none,notApplicable,notApplicable,incremental,1,1,0,35723,8.851
Data-Oriented CPU ROAM,RelWithDebInfo,OpenGL,NVIDIA GeForce RTX 5090 D/PCIe/SSE2,4.1.0 NVIDIA 591.86,false,assets/heightmaps/Hm_Terrain_Peking_513.png,547,547,80.000,12.000,20,0.250,0.100,200000,false,39,64,0.619,7.332,-42.517,22.992,-39.450,187.833,199999,1329026,199997,16753,8514,16753,234335,199999,34242,5773,203511,0,62176,137823,37391,5774,0,0,0,8,209.373,180.931,111.074,6.875,2.850,23.228,0.000,0.000,8.272,33.302,0.000,0.000,0.000,0.000,0.000,33.302,0.233,1.059,0.473,0.005,4.041,17.405,0.000,9.413,27.133,9.212,0.000,0.000,10445568,0,56.440,26.078,9.413,0.000,20,40,17797000589755571963,8852138686551335291,16257377712012999508,16280315766084433350,200000,0,0,0,60.369,automatic,parallelFullRefresh,none,incremental,fullAllCurrentEntries,notApplicable,0,8,33911,0,2.850,automatic,parallelFullRefresh,none,incremental,fullAllCurrentEntries,notApplicable,0,8,194763,0,8.272,automatic,parallelAssisted,none,incremental,notApplicable,incremental,0,3,987,0,23.216,serialImmediate,serialImmediate,none,incremental,notApplicable,incremental,1,1,194763,0,33.302,automatic,parallelDirty,none,notApplicable,notApplicable,incremental,0,8,0,62176,9.413,dirtyRange,dirtyRange,none,notApplicable,notApplicable,incremental,1,1,0,37391,9.212
Data-Oriented CPU ROAM,RelWithDebInfo,OpenGL,NVIDIA GeForce RTX 5090 D/PCIe/SSE2,4.1.0 NVIDIA 591.86,false,assets/heightmaps/Hm_Terrain_Peking_513.png,547,547,80.000,12.000,20,0.250,0.100,200000,false,40,64,0.635,7.527,-38.378,22.977,-43.487,195.491,200000,1343092,199998,16592,8356,16591,234386,200000,34252,6463,194007,0,65175,134825,38861,6464,0,0,0,8,227.591,180.571,110.522,5.734,2.912,22.696,0.000,0.000,7.556,32.360,0.000,0.000,0.000,0.000,0.000,32.360,0.184,0.796,0.342,0.015,2.806,18.541,0.000,10.942,28.322,8.856,0.000,0.000,10949400,0,56.685,25.608,10.942,0.000,20,41,15777659355480449553,14857908528817655382,1928326867279124476,11161468201640625886,200000,0,0,0,60.890,automatic,parallelFullRefresh,none,incremental,fullAllCurrentEntries,notApplicable,0,8,34242,0,2.912,automatic,parallelFullRefresh,none,incremental,fullAllCurrentEntries,notApplicable,0,8,196300,0,7.556,automatic,parallelAssisted,none,incremental,notApplicable,incremental,0,4,764,0,22.683,serialImmediate,serialImmediate,none,incremental,notApplicable,incremental,1,1,196300,0,32.360,automatic,parallelDirty,none,notApplicable,notApplicable,incremental,0,8,0,65175,10.942,dirtyRange,dirtyRange,none,notApplicable,notApplicable,incremental,1,1,0,38861,8.856
Data-Oriented CPU ROAM,RelWithDebInfo,OpenGL,NVIDIA GeForce RTX 5090 D/PCIe/SSE2,4.1.0 NVIDIA 591.86,false,assets/heightmaps/Hm_Terrain_Peking_513.png,547,547,80.000,12.000,20,0.250,0.100,200000,false,41,64,0.651,7.719,-33.857,22.844,-47.092,191.982,199999,1356924,199997,15777,8021,15778,234333,199999,34209,6690,188868,0,65277,134722,39197,6691,0,0,0,8,98.359,200.578,129.840,6.093,3.092,20.537,0.000,0.000,7.227,56.313,0.000,0.000,0.000,0.000,0.000,56.313,0.146,0.555,0.208,0.003,2.447,17.167,0.000,10.148,26.430,9.870,0.000,0.000,10966536,0,79.574,23.629,10.148,0.000,20,42,1054390121829771443,1976094848974566822,7379411759500991009,2693290204409836431,200000,0,0,0,60.569,automatic,parallelFullRefresh,none,incremental,fullAllCurrentEntries,notApplicable,0,8,34252,0,3.092,automatic,parallelFullRefresh,none,incremental,fullAllCurrentEntries,notApplicable,0,8,197597,0,7.227,automatic,parallelAssisted,none,incremental,notApplicable,incremental,0,3,576,0,20.526,serialImmediate,serialImmediate,none,incremental,notApplicable,incremental,1,1,197597,0,56.313,automatic,parallelDirty,none,notApplicable,notApplicable,incremental,0,8,0,65277,10.148,dirtyRange,dirtyRange,none,notApplicable,notApplicable,incremental,1,1,0,39197,9.870
Data-Oriented CPU ROAM,RelWithDebInfo,OpenGL,NVIDIA GeForce RTX 5090 D/PCIe/SSE2,4.1.0 NVIDIA 591.86,false,assets/heightmaps/Hm_Terrain_Peking_513.png,547,547,80.000,12.000,20,0.250,0.100,200000,false,42,64,0.667,7.935,-29.000,22.598,-50.229,215.347,200000,1372424,199998,14678,7472,14677,234221,200000,34055,6046,174979,0,63644,136356,39037,6047,0,0,0,8,160.933,175.381,102.828,7.433,2.593,18.408,0.000,0.000,7.060,26.375,0.000,0.000,0.000,0.000,0.000,26.375,0.111,0.581,0.158,0.003,2.170,15.375,0.000,10.449,30.510,10.242,0.000,0.000,10692192,0,47.742,21.001,10.449,0.000,20,43,10361047497452714897,11539274937098670880,13370878448706581218,7496017505371474958,200000,0,0,0,61.971,automatic,parallelFullRefresh,none,incremental,fullAllCurrentEntries,notApplicable,0,8,34209,0,2.593,automatic,parallelFullRefresh,none,incremental,fullAllCurrentEntries,notApplicable,0,8,197397,0,7.060,automatic,parallelAssisted,none,incremental,notApplicable,incremental,0,3,602,0,18.398,serialImmediate,serialImmediate,none,incremental,notApplicable,incremental,1,1,197397,0,26.375,automatic,parallelDirty,none,notApplicable,notApplicable,incremental,0,8,0,63644,10.449,dirtyRange,dirtyRange,none,notApplicable,notApplicable,incremental,1,1,0,39037,10.242
Data-Oriented CPU ROAM,RelWithDebInfo,OpenGL,NVIDIA GeForce RTX 5090 D/PCIe/SSE2,4.1.0 NVIDIA 591.86,false,assets/heightmaps/Hm_Terrain_Peking_513.png,547,547,80.000,12.000,20,0.250,0.100,200000,false,43,64,0.683,8.126,-23.855,22.249,-52.867,191.609,200000,1388566,199998,14286,7280,14286,234179,200000,34082,5145,172373,0,60621,139379,37772,5146,0,0,0,8,165.448,180.264,105.860,7.417,3.367,19.891,0.000,0.000,7.036,28.605,0.000,0.000,0.000,0.000,0.000,28.604,0.142,0.755,0.236,0.007,3.226,15.512,0.000,9.092,30.452,10.190,0.000,0.000,10184328,0,49.224,23.258,9.092,0.000,20,44,2158085661221364798,6965282697844826061,8882002267534927791,10407824518727812101,200000,0,0,0,63.883,automatic,parallelFullRefresh,none,incremental,fullAllCurrentEntries,notApplicable,0,8,34055,0,3.367,automatic,parallelFullRefresh,none,incremental,fullAllCurrentEntries,notApplicable,0,8,195993,0,7.036,automatic,parallelAssisted,none,incremental,notApplicable,incremental,0,4,774,0,19.878,serialImmediate,serialImmediate,none,incremental,notApplicable,incremental,1,1,195993,0,28.604,automatic,parallelDirty,none,notApplicable,notApplicable,incremental,0,8,0,60621,9.092,dirtyRange,dirtyRange,none,notApplicable,notApplicable,incremental,1,1,0,37772,10.190
Data-Oriented CPU ROAM,RelWithDebInfo,OpenGL,NVIDIA GeForce RTX 5090 D/PCIe/SSE2,4.1.0 NVIDIA 591.86,false,assets/heightmaps/Hm_Terrain_Peking_513.png,547,547,80.000,12.000,20,0.250,0.100,200000,false,44,64,0.698,8.322,-18.472,21.811,-54.980,195.973,200000,1405426,199998,14584,7441,14584,234229,200000,33998,5280,174870,0,59377,140623,37584,5281,0,0,0,8,172.724,171.968,101.140,7.554,3.091,19.407,0.000,0.000,6.774,27.091,0.000,0.000,0.000,0.000,0.000,27.090,0.159,0.778,0.413,0.008,2.951,15.085,0.000,9.254,27.970,9.057,0.000,0.000,9975336,0,46.844,22.498,9.254,0.000,20,45,9872062192559506116,13831941261432722240,11262328333957560934,9269588149088063285,200000,0,0,0,61.449,automatic,parallelFullRefresh,none,incremental,fullAllCurrentEntries,notApplicable,0,8,34082,0,3.091,automatic,parallelFullRefresh,none,incremental,fullAllCurrentEntries,notApplicable,0,8,195979,0,6.774,automatic,parallelAssisted,none,incremental,notApplicable,incremental,0,5,738,0,19.394,serialImmediate,serialImmediate,none,incremental,notApplicable,incremental,1,1,195979,0,27.090,automatic,parallelDirty,none,notApplicable,notApplicable,incremental,0,8,0,59377,9.254,dirtyRange,dirtyRange,none,notApplicable,notApplicable,incremental,1,1,0,37584,9.057
Data-Oriented CPU ROAM,RelWithDebInfo,OpenGL,NVIDIA GeForce RTX 5090 D/PCIe/SSE2,4.1.0 NVIDIA 591.86,false,assets/heightmaps/Hm_Terrain_Peking_513.png,547,547,80.000,12.000,20,0.250,0.100,200000,false,45,64,0.714,8.510,-12.906,21.302,-56.546,187.475,200000,1422096,199998,15499,7915,15499,234137,200000,33808,5625,183210,0,61849,138151,38862,5626,0,0,0,8,164.806,180.474,109.329,7.594,3.722,21.594,0.000,0.000,7.829,31.380,0.000,0.000,0.000,0.000,0.000,31.378,0.161,0.769,0.272,0.003,2.859,17.518,0.000,9.891,27.320,9.740,0.000,0.000,10390632,0,54.548,25.316,9.891,0.000,20,46,7037371498494595512,11277505994945043421,17114593554410757175,6120294911159900513,200000,0,0,0,61.108,automatic,parallelFullRefresh,none,incremental,fullAllCurrentEntries,notApplicable,0,8,33998,0,3.722,automatic,parallelFullRefresh,none,incremental,fullAllCurrentEntries,notApplicable,0,8,195746,0,7.829,automatic,parallelAssisted,none,incremental,notApplicable,incremental,0,5,758,0,21.582,serialImmediate,serialImmediate,none,incremental,notApplicable,incremental,1,1,195746,0,31.378,automatic,parallelDirty,none,notApplicable,notApplicable,incremental,0,8,0,61849,9.891,dirtyRange,dirtyRange,none,notApplicable,notApplicable,incremental,1,1,0,38862,9.740
Data-Oriented CPU ROAM,RelWithDebInfo,OpenGL,NVIDIA GeForce RTX 5090 D/PCIe/SSE2,4.1.0 NVIDIA 591.86,false,assets/heightmaps/Hm_Terrain_Peking_513.png,547,547,80.000,12.000,20,0.250,0.100,200000,false,46,64,0.730,8.706,-7.212,20.740,-57.550,195.840,200000,1438694,199998,15927,8130,15927,233951,200000,33610,5578,186732,0,63165,136835,38978,5579,0,0,0,8,162.443,173.270,102.272,6.434,3.531,20.584,0.000,0.000,7.253,28.332,0.000,0.000,0.000,0.000,0.000,28.331,0.185,0.888,0.325,0.007,3.513,15.652,0.000,9.602,26.537,9.665,0.000,0.000,10611720,0,48.869,24.115,9.602,0.000,20,47,855391667750883824,15078120519465764866,3045942073179456604,6303177789563625212,200000,0,0,0,61.006,automatic,parallelFullRefresh,none,incremental,fullAllCurrentEntries,notApplicable,0,8,33808,0,3.531,automatic,parallelFullRefresh,none,incremental,fullAllCurrentEntries,notApplicable,0,8,195232,0,7.253,automatic,parallelAssisted,none,incremental,notApplicable,incremental,0,8,831,0,20.571,serialImmediate,serialImmediate,none,incremental,notApplicable,incremental,1,1,195232,0,28.331,automatic,parallelDirty,none,notApplicable,notApplicable,incremental,0,8,0,63165,9.602,dirtyRange,dirtyRange,none,notApplicable,notApplicable,incremental,1,1,0,38978,9.665
Data-Oriented CPU ROAM,RelWithDebInfo,OpenGL,NVIDIA GeForce RTX 5090 D/PCIe/SSE2,4.1.0 NVIDIA 591.86,false,assets/heightmaps/Hm_Terrain_Peking_513.png,547,547,80.000,12.000,20,0.250,0.100,200000,false,47,64,0.746,8.894,-1.446,20.150,-57.982,188.572,200000,1452536,199998,15176,7716,15176,233813,200000,33584,5407,177664,0,61783,138217,38310,5408,0,0,0,8,229.534,171.938,102.159,6.848,3.644,19.655,0.000,0.000,8.277,27.501,0.000,0.000,0.000,0.000,0.000,27.500,0.191,0.846,0.419,0.010,3.065,15.111,0.000,9.658,26.577,8.470,0.000,0.000,10379544,0,48.682,23.299,9.658,0.000,20,48,9259012215065479583,14315627566301579737,2484608468122067079,14900847977703958148,200000,0,0,0,60.988,automatic,parallelFullRefresh,none,incremental,fullAllCurrentEntries,notApplicable,0,8,33610,0,3.644,automatic,parallelFullRefresh,none,incremental,fullAllCurrentEntries,notApplicable,0,8,195661,0,8.277,automatic,parallelAssisted,none,incremental,notApplicable,incremental,0,5,777,0,19.643,serialImmediate,serialImmediate,none,incremental,notApplicable,incremental,1,1,195661,0,27.500,automatic,parallelDirty,none,notApplicable,notApplicable,incremental,0,8,0,61783,9.658,dirtyRange,dirtyRange,none,notApplicable,notApplicable,incremental,1,1,0,38310,8.470
Data-Oriented CPU ROAM,RelWithDebInfo,OpenGL,NVIDIA GeForce RTX 5090 D/PCIe/SSE2,4.1.0 NVIDIA 591.86,false,assets/heightmaps/Hm_Terrain_Peking_513.png,547,547,80.000,12.000,20,0.250,0.100,200000,false,48,64,0.762,9.078,4.334,19.553,-57.838,183.443,199999,1465546,199997,14509,7293,14510,233790,199999,33663,5540,170278,0,59850,140149,37361,5541,0,0,0,8,93.500,176.561,103.744,5.242,3.547,20.181,0.000,0.000,8.108,28.472,0.000,0.000,0.000,0.000,0.000,28.471,0.201,0.749,0.304,0.005,3.215,15.686,0.000,9.321,28.873,9.372,0.000,0.000,10054800,0,50.363,23.729,9.321,0.000,20,49,15566865528181606309,5291258678658264488,8620018840951426255,1631695245379501132,200000,0,0,0,63.156,automatic,parallelFullRefresh,none,incremental,fullAllCurrentEntries,notApplicable,0,8,33584,0,3.547,automatic,parallelFullRefresh,none,incremental,fullAllCurrentEntries,notApplicable,0,8,196564,0,8.108,automatic,parallelAssisted,none,incremental,notApplicable,incremental,0,6,681,0,20.160,serialImmediate,serialImmediate,none,incremental,notApplicable,incremental,1,1,196564,0,28.471,automatic,parallelDirty,none,notApplicable,notApplicable,incremental,0,8,0,59850,9.321,dirtyRange,dirtyRange,none,notApplicable,notApplicable,incremental,1,1,0,37361,9.372
Data-Oriented CPU ROAM,RelWithDebInfo,OpenGL,NVIDIA GeForce RTX 5090 D/PCIe/SSE2,4.1.0 NVIDIA 591.86,false,assets/heightmaps/Hm_Terrain_Peking_513.png,547,547,80.000,12.000,20,0.250,0.100,200000,false,49,64,0.778,9.269,10.072,18.974,-57.119,191.447,199999,1478606,199997,14092,7098,14092,233867,199999,33680,4909,165641,0,58505,141494,36852,4910,0,0,0,8,169.994,174.718,103.404,8.305,3.340,20.024,0.000,0.000,7.599,27.535,0.000,0.000,0.000,0.000,0.000,27.535,0.172,0.811,0.294,0.007,3.516,15.210,0.000,9.109,27.492,9.175,0.000,0.000,9828840,0,46.850,23.364,9.109,0.000,20,50,18218128668249768376,14600018523449856346,14383284684393467521,10733095557289147179,200000,0,0,0,61.731,automatic,parallelFullRefresh,none,incremental,fullAllCurrentEntries,notApplicable,0,8,33663,0,3.340,automatic,parallelFullRefresh,none,incremental,fullAllCurrentEntries,notApplicable,0,8,195720,0,7.599,automatic,parallelAssisted,none,incremental,notApplicable,incremental,0,6,788,0,20.009,serialImmediate,serialImmediate,none,incremental,notApplicable,incremental,1,1,195720,0,27.535,automatic,parallelDirty,none,notApplicable,notApplicable,incremental,0,8,0,58505,9.109,dirtyRange,dirtyRange,none,notApplicable,notApplicable,incremental,1,1,0,36852,9.175
Data-Oriented CPU ROAM,RelWithDebInfo,OpenGL,NVIDIA GeForce RTX 5090 D/PCIe/SSE2,4.1.0 NVIDIA 591.86,false,assets/heightmaps/Hm_Terrain_Peking_513.png,547,547,80.000,12.000,20,0.250,0.100,200000,false,50,64,0.794,9.456,15.709,18.436,-55.832,186.595,200000,1494844,199998,16102,8263,16101,233804,200000,33363,4642,189702,0,62880,137120,38023,4643,0,0,0,8,159.897,186.286,109.753,6.518,2.556,22.862,0.000,0.000,8.162,31.391,0.000,0.000,0.000,0.000,0.000,31.390,0.225,1.200,0.361,0.020,5.343,15.700,0.000,11.050,27.213,10.314,0.000,0.000,10563840,0,51.760,25.419,11.050,0.000,20,51,502524575240332250,3008041548493109848,12218100229106065782,3920908853798663405,200000,0,0,0,65.889,automatic,parallelFullRefresh,none,incremental,fullAllCurrentEntries,notApplicable,0,8,33680,0,2.556,automatic,parallelFullRefresh,none,incremental,fullAllCurrentEntries,notApplicable,0,8,193176,0,8.162,automatic,parallelAssisted,none,incremental,notApplicable,incremental,0,6,1219,0,22.849,serialImmediate,serialImmediate,none,incremental,notApplicable,incremental,1,1,193176,0,31.390,automatic,parallelDirty,none,notApplicable,notApplicable,incremental,0,8,0,62880,11.050,dirtyRange,dirtyRange,none,notApplicable,notApplicable,incremental,1,1,0,38023,10.314
Data-Oriented CPU ROAM,RelWithDebInfo,OpenGL,NVIDIA GeForce RTX 5090 D/PCIe/SSE2,4.1.0 NVIDIA 591.86,false,assets/heightmaps/Hm_Terrain_Peking_513.png,547,547,80.000,12.000,20,0.250,0.100,200000,false,51,64,0.810,9.659,21.190,17.959,-53.991,203.423,199999,1514362,199997,17970,9136,17971,233638,199999,33276,4528,211986,0,64992,135007,38282,4529,0,0,0,8,111.688,234.409,152.406,8.753,3.618,36.171,0.000,0.000,8.787,46.710,0.000,0.000,0.000,0.000,0.000,46.709,0.391,2.352,0.763,0.022,8.584,24.021,0.000,11.508,36.858,10.450,0.000,0.000,10918656,0,71.234,39.789,11.508,0.000,20,52,6835156226404341227,1787959666903436587,8506446822150327116,5017742477909534917,200000,0,0,0,71.153,automatic,parallelFullRefresh,none,incremental,fullAllCurrentEntries,notApplicable,0,8,33363,0,3.618,automatic,parallelFullRefresh,none,incremental,fullAllCurrentEntries,notApplicable,0,8,191087,0,8.787,automatic,parallelAssisted,none,incremental,notApplicable,incremental,0,5,1544,0,36.132,serialImmediate,serialImmediate,none,incremental,notApplicable,incremental,1,1,191087,0,46.709,automatic,parallelDirty,none,notApplicable,notApplicable,incremental,0,8,0,64992,11.508,dirtyRange,dirtyRange,none,notApplicable,notApplicable,incremental,1,1,0,38282,10.450
Data-Oriented CPU ROAM,RelWithDebInfo,OpenGL,NVIDIA GeForce RTX 5090 D/PCIe/SSE2,4.1.0 NVIDIA 591.86,false,assets/heightmaps/Hm_Terrain_Peking_513.png,547,547,80.000,12.000,20,0.250,0.100,200000,false,52,64,0.825,9.906,26.460,17.564,-51.613,247.355,200000,1534172,199998,17602,8847,17601,233584,200000,33237,4434,204630,0,64747,135253,38181,4435,0,0,0,8,149.458,219.142,137.553,9.238,4.013,29.859,0.000,0.000,7.753,40.692,0.000,0.000,0.000,0.000,0.000,40.691,0.493,1.966,0.604,0.019,7.079,19.677,0.000,11.588,34.409,9.930,0.000,0.000,10877496,0,62.482,33.873,11.588,0.000,20,53,7570011228065685886,11415814594753363039,12764079798955427945,12847173543902168072,200000,0,0,0,71.268,automatic,parallelFullRefresh,none,incremental,fullAllCurrentEntries,notApplicable,0,8,33276,0,4.013,automatic,parallelFullRefresh,none,incremental,fullAllCurrentEntries,notApplicable,0,8,191271,0,7.753,automatic,parallelAssisted,none,incremental,notApplicable,incremental,0,6,1506,0,29.838,serialImmediate,serialImmediate,none,incremental,notApplicable,incremental,1,1,191271,0,40.691,automatic,parallelDirty,none,notApplicable,notApplicable,incremental,0,8,0,64747,11.588,dirtyRange,dirtyRange,none,notApplicable,notApplicable,incremental,1,1,0,38181,9.930
Data-Oriented CPU ROAM,RelWithDebInfo,OpenGL,NVIDIA GeForce RTX 5090 D/PCIe/SSE2,4.1.0 NVIDIA 591.86,false,assets/heightmaps/Hm_Terrain_Peking_513.png,547,547,80.000,12.000,20,0.250,0.100,200000,false,53,64,0.841,10.137,31.468,17.265,-48.722,230.632,199999,1551688,199997,16801,8469,16802,233656,199999,33380,4470,197952,0,66449,133550,39030,4471,0,0,0,8,118.367,180.938,111.074,8.846,2.991,24.036,0.000,0.000,7.523,32.723,0.000,0.000,0.000,0.000,0.000,32.722,0.245,1.397,0.630,0.023,6.782,14.942,0.000,10.365,24.591,9.252,0.000,0.000,11163432,0,50.794,27.027,10.365,0.000,20,54,17821476830397458858,13700608358763085086,8041159195156157533,6306664769894172529,200000,0,0,0,60.333,automatic,parallelFullRefresh,none,incremental,fullAllCurrentEntries,notApplicable,0,8,33237,0,2.991,automatic,parallelFullRefresh,none,incremental,fullAllCurrentEntries,notApplicable,0,8,192180,0,7.523,automatic,parallelAssisted,none,incremental,notApplicable,incremental,0,6,1342,0,24.019,serialImmediate,serialImmediate,none,incremental,notApplicable,incremental,1,1,192180,0,32.722,automatic,parallelDirty,none,notApplicable,notApplicable,incremental,0,8,0,66449,10.365,dirtyRange,dirtyRange,none,notApplicable,notApplicable,incremental,1,1,0,39030,9.252
Data-Oriented CPU ROAM,RelWithDebInfo,OpenGL,NVIDIA GeForce RTX 5090 D/PCIe/SSE2,4.1.0 NVIDIA 591.86,false,assets/heightmaps/Hm_Terrain_Peking_513.png,547,547,80.000,12.000,20,0.250,0.100,200000,false,54,64,0.857,10.333,36.162,17.075,-45.346,196.077,199999,1565166,199997,16670,8438,16670,233849,199999,33497,4914,197023,0,66386,133613,39266,4915,0,0,0,8,171.086,174.197,103.479,7.161,2.723,20.929,0.000,0.000,6.991,30.236,0.000,0.000,0.000,0.000,0.000,30.236,0.191,1.139,0.361,0.002,4.624,14.597,0.000,10.860,24.580,9.724,0.000,0.000,11152848,0,48.457,23.651,10.860,0.000,20,55,14359044743057630633,13238418270436771024,4638604860998101699,16444899787932386372,200000,0,0,0,60.671,automatic,parallelFullRefresh,none,incremental,fullAllCurrentEntries,notApplicable,0,8,33380,0,2.723,automatic,parallelFullRefresh,none,incremental,fullAllCurrentEntries,notApplicable,0,8,193200,0,6.991,automatic,parallelAssisted,none,incremental,notApplicable,incremental,0,5,1163,0,20.915,serialImmediate,serialImmediate,none,incremental,notApplicable,incremental,1,1,193200,0,30.236,automatic,parallelDirty,none,notApplicable,notApplicable,incremental,0,8,0,66386,10.860,dirtyRange,dirtyRange,none,notApplicable,notApplicable,incremental,1,1,0,39266,9.724
Data-Oriented CPU ROAM,RelWithDebInfo,OpenGL,NVIDIA GeForce RTX 5090 D/PCIe/SSE2,4.1.0 NVIDIA 591.86,false,assets/heightmaps/Hm_Terrain_Peking_513.png,547,547,80.000,12.000,20,0.250,0.100,200000,false,55,64,0.873,10.523,40.498,17.001,-41.520,189.676,199999,1576158,199997,16899,8576,16899,233815,199999,33558,5850,196599,0,66428,133571,39614,5851,0,0,0,8,161.200,174.119,101.438,6.199,2.897,21.367,0.000,0.000,7.702,30.036,0.000,0.000,0.000,0.000,0.000,30.036,0.160,0.871,0.318,0.004,3.856,16.144,0.000,9.926,23.312,9.262,0.000,0.000,11159904,0,51.321,24.264,9.926,0.000,20,56,12541086807267212019,17419069598135635721,13808111960316725902,4283895944885330471,200000,0,0,0,63.105,automatic,parallelFullRefresh,none,incremental,fullAllCurrentEntries,notApplicable,0,8,33497,0,2.897,automatic,parallelFullRefresh,none,incremental,fullAllCurrentEntries,notApplicable,0,8,194834,0,7.702,automatic,parallelAssisted,none,incremental,notApplicable,incremental,0,5,907,0,21.353,serialImmediate,serialImmediate,none,incremental,notApplicable,incremental,1,1,194834,0,30.036,automatic,parallelDirty,none,notApplicable,notApplicable,incremental,0,8,0,66428,9.926,dirtyRange,dirtyRange,none,notApplicable,notApplicable,incremental,1,1,0,39614,9.262
Data-Oriented CPU ROAM,RelWithDebInfo,OpenGL,NVIDIA GeForce RTX 5090 D/PCIe/SSE2,4.1.0 NVIDIA 591.86,false,assets/heightmaps/Hm_Terrain_Peking_513.png,547,547,80.000,12.000,20,0.250,0.100,200000,false,56,64,0.889,10.712,44.431,17.046,-37.282,189.536,199999,1586094,199997,18109,9206,18109,233670,199999,33444,6413,206930,0,67640,132359,40257,6414,0,0,0,8,173.594,171.596,101.972,6.981,3.098,21.460,0.000,0.000,7.011,29.104,0.000,0.000,0.000,0.000,0.000,29.104,0.221,0.974,0.335,0.005,3.584,16.328,0.000,10.121,24.197,9.498,0.000,0.000,11363520,0,49.981,24.558,10.121,0.000,20,57,11283883794168960313,12726575308572454149,16072537589226680370,10299927302043262641,200000,0,0,0,59.838,automatic,parallelFullRefresh,none,incremental,fullAllCurrentEntries,notApplicable,0,8,33558,0,3.098,automatic,parallelFullRefresh,none,incremental,fullAllCurrentEntries,notApplicable,0,8,194773,0,7.011,automatic,parallelAssisted,none,incremental,notApplicable,incremental,0,7,954,0,21.448,serialImmediate,serialImmediate,none,incremental,notApplicable,incremental,1,1,194773,0,29.104,automatic,parallelDirty,none,notApplicable,notApplicable,incremental,0,8,0,67640,10.121,dirtyRange,dirtyRange,none,notApplicable,notApplicable,incremental,1,1,0,40257,9.498
Data-Oriented CPU ROAM,RelWithDebInfo,OpenGL,NVIDIA GeForce RTX 5090 D/PCIe/SSE2,4.1.0 NVIDIA 591.86,false,assets/heightmaps/Hm_Terrain_Peking_513.png,547,547,80.000,12.000,20,0.250,0.100,200000,false,57,64,0.905,10.900,47.922,17.207,-32.673,187.424,200000,1595942,199998,17927,9041,17926,233810,200000,33598,5648,208671,0,69724,130276,40602,5649,0,0,0,8,139.615,178.874,108.117,6.115,2.916,22.763,0.000,0.000,7.892,32.152,0.000,0.000,0.000,0.000,0.000,32.152,0.217,1.137,0.424,0.006,5.137,15.829,0.000,10.597,25.682,10.913,0.000,0.000,11713632,0,52.710,25.679,10.597,0.000,20,58,6634350834246102346,14931035836366094131,8782637290810732841,17548418198505937176,200000,0,0,0,59.514,automatic,parallelFullRefresh,none,incremental,fullAllCurrentEntries,notApplicable,0,8,33444,0,2.916,automatic,parallelFullRefresh,none,incremental,fullAllCurrentEntries,notApplicable,0,8,193385,0,7.892,automatic,parallelAssisted,none,incremental,notApplicable,incremental,0,5,1178,0,22.750,serialImmediate,serialImmediate,none,incremental,notApplicable,incremental,1,1,193385,0,32.152,automatic,parallelDirty,none,notApplicable,notApplicable,incremental,0,8,0,69724,10.597,dirtyRange,dirtyRange,none,notApplicable,notApplicable,incremental,1,1,0,40602,10.913
Data-Oriented CPU ROAM,RelWithDebInfo,OpenGL,NVIDIA GeForce RTX 5090 D/PCIe/SSE2,4.1.0 NVIDIA 591.86,false,assets/heightmaps/Hm_Terrain_Peking_513.png,547,547,80.000,12.000,20,0.250,0.100,200000,false,58,64,0.921,11.094,50.937,17.480,-27.739,194.021,199999,1604484,199997,15971,8097,15972,233983,199999,33776,5160,191329,0,67951,132048,40360,5161,0,0,0,8,138.271,167.045,99.627,4.781,3.102,21.024,0.000,0.000,6.856,29.248,0.000,0.000,0.000,0.000,0.000,29.248,0.247,1.098,0.479,0.008,4.873,14.303,0.000,10.205,24.409,8.759,0.000,0.000,11415768,0,47.676,24.126,10.205,0.000,20,59,11565555716550941811,2739885970612024836,15214969696279841583,14202102775752510145,200000,0,0,0,58.362,automatic,parallelFullRefresh,none,incremental,fullAllCurrentEntries,notApplicable,0,8,33598,0,3.102,automatic,parallelFullRefresh,none,incremental,fullAllCurrentEntries,notApplicable,0,8,194357,0,6.856,automatic,parallelAssisted,none,incremental,notApplicable,incremental,0,5,1010,0,21.008,serialImmediate,serialImmediate,none,incremental,notApplicable,incremental,1,1,194357,0,29.248,automatic,parallelDirty,none,notApplicable,notApplicable,incremental,0,8,0,67951,10.205,dirtyRange,dirtyRange,none,notApplicable,notApplicable,incremental,1,1,0,40360,8.759
Data-Oriented CPU ROAM,RelWithDebInfo,OpenGL,NVIDIA GeForce RTX 5090 D/PCIe/SSE2,4.1.0 NVIDIA 591.86,false,assets/heightmaps/Hm_Terrain_Peking_513.png,547,547,80.000,12.000,20,0.250,0.100,200000,false,59,64,0.937,11.273,53.446,17.852,-22.529,178.900,199999,1610386,199997,14004,7137,14004,233963,199999,33634,4676,165578,0,62401,137598,38885,4677,0,0,0,8,138.531,167.160,90.567,4.919,2.720,17.616,0.000,0.000,7.499,24.977,0.000,0.000,0.000,0.000,0.000,24.977,0.158,0.846,0.255,0.006,3.230,13.108,0.000,9.613,23.224,9.129,0.000,0.000,10483368,0,42.927,20.336,9.613,0.000,20,60,8084349002019482771,17036585647265425869,9418645314513683138,8126031534685439648,200000,0,0,0,67.084,automatic,parallelFullRefresh,none,incremental,fullAllCurrentEntries,notApplicable,0,8,33776,0,2.720,automatic,parallelFullRefresh,none,incremental,fullAllCurrentEntries,notApplicable,0,8,195350,0,7.499,automatic,parallelAssisted,none,incremental,notApplicable,incremental,0,5,881,0,17.603,serialImmediate,serialImmediate,none,incremental,notApplicable,incremental,1,1,195350,0,24.977,automatic,parallelDirty,none,notApplicable,notApplicable,incremental,0,8,0,62401,9.613,dirtyRange,dirtyRange,none,notApplicable,notApplicable,incremental,1,1,0,38885,9.129
Data-Oriented CPU ROAM,RelWithDebInfo,OpenGL,NVIDIA GeForce RTX 5090 D/PCIe/SSE2,4.1.0 NVIDIA 591.86,false,assets/heightmaps/Hm_Terrain_Peking_513.png,547,547,80.000,12.000,20,0.250,0.100,200000,false,60,64,0.952,11.458,55.423,18.310,-17.096,185.294,200000,1613714,199998,15077,7673,15076,233913,200000,33628,5205,178779,0,61088,138912,38471,5206,0,0,0,8,237.919,167.558,96.688,7.527,2.929,19.397,0.000,0.000,7.655,25.559,0.000,0.000,0.000,0.000,0.000,25.558,0.181,0.902,0.424,0.005,3.924,13.728,0.000,9.329,24.292,9.844,0.000,0.000,10262784,0,44.282,22.326,9.329,0.000,20,61,9516317499480108277,14069151452979917280,891199421083777342,5218615008927743311,200000,0,0,0,60.673,automatic,parallelFullRefresh,none,incremental,fullAllCurrentEntries,notApplicable,0,8,33634,0,2.929,automatic,parallelFullRefresh,none,incremental,fullAllCurrentEntries,notApplicable,0,8,195338,0,7.655,automatic,parallelAssisted,none,incremental,notApplicable,incremental,0,4,858,0,19.164,serialImmediate,serialImmediate,none,incremental,notApplicable,incremental,1,1,195338,0,25.558,automatic,parallelDirty,none,notApplicable,notApplicable,incremental,0,8,0,61088,9.329,dirtyRange,dirtyRange,none,notApplicable,notApplicable,incremental,1,1,0,38471,9.844
Data-Oriented CPU ROAM,RelWithDebInfo,OpenGL,NVIDIA GeForce RTX 5090 D/PCIe/SSE2,4.1.0 NVIDIA 591.86,false,assets/heightmaps/Hm_Terrain_Peking_513.png,547,547,80.000,12.000,20,0.250,0.100,200000,false,61,64,0.968,11.636,56.850,18.835,-11.492,177.757,200000,1616254,199998,15566,7957,15566,233818,200000,33577,5724,182543,0,64316,135684,39627,5725,0,0,0,8,163.710,162.001,93.054,4.962,2.760,19.796,0.000,0.000,7.293,26.509,0.000,0.000,0.000,0.000,0.000,26.508,0.194,0.707,0.356,0.007,2.992,15.525,0.000,9.408,22.325,9.213,0.000,0.000,10805088,0,47.277,22.556,9.408,0.000,20,62,10421974371501366382,14119568360212279838,14426469115822831624,2722030401704860053,200000,0,0,0,59.427,automatic,parallelFullRefresh,none,incremental,fullAllCurrentEntries,notApplicable,0,8,33628,0,2.760,automatic,parallelFullRefresh,none,incremental,fullAllCurrentEntries,notApplicable,0,8,195859,0,7.293,automatic,parallelAssisted,none,incremental,notApplicable,incremental,0,8,738,0,19.780,serialImmediate,serialImmediate,none,incremental,notApplicable,incremental,1,1,195859,0,26.508,automatic,parallelDirty,none,notApplicable,notApplicable,incremental,0,8,0,64316,9.408,dirtyRange,dirtyRange,none,notApplicable,notApplicable,incremental,1,1,0,39627,9.213
Data-Oriented CPU ROAM,RelWithDebInfo,OpenGL,NVIDIA GeForce RTX 5090 D/PCIe/SSE2,4.1.0 NVIDIA 591.86,false,assets/heightmaps/Hm_Terrain_Peking_513.png,547,547,80.000,12.000,20,0.250,0.100,200000,false,62,64,0.984,11.813,57.712,19.406,-5.775,177.158,199999,1618198,199997,15774,8075,15775,233768,199999,33552,6164,184632,0,65506,134493,39871,6165,0,0,0,8,94.098,158.964,90.938,5.902,2.857,17.294,0.000,0.000,6.091,25.222,0.000,0.000,0.000,0.000,0.000,25.222,0.168,0.762,0.283,0.005,2.521,13.544,0.000,9.604,23.967,9.441,0.000,0.000,11005008,0,43.254,20.151,9.604,0.000,20,63,4197696578609088722,17556954218125128268,10514257532688027711,2882623353378495332,200000,0,0,0,58.301,automatic,parallelFullRefresh,none,incremental,fullAllCurrentEntries,notApplicable,0,8,33577,0,2.857,automatic,parallelFullRefresh,none,incremental,fullAllCurrentEntries,notApplicable,0,8,196570,0,6.091,automatic,parallelAssisted,none,incremental,notApplicable,incremental,0,7,622,0,17.282,serialImmediate,serialImmediate,none,incremental,notApplicable,incremental,1,1,196570,0,25.222,automatic,parallelDirty,none,notApplicable,notApplicable,incremental,0,8,0,65506,9.604,dirtyRange,dirtyRange,none,notApplicable,notApplicable,incremental,1,1,0,39871,9.441
Data-Oriented CPU ROAM,RelWithDebInfo,OpenGL,NVIDIA GeForce RTX 5090 D/PCIe/SSE2,4.1.0 NVIDIA 591.86,false,assets/heightmaps/Hm_Terrain_Peking_513.png,547,547,80.000,12.000,20,0.250,0.100,200000,false,63,64,1.000,11.986,58.000,20.000,0.000,173.470,199999,1618198,199997,14236,7228,14236,233858,199999,33558,5846,169606,0,62158,137841,38941,5847,0,0,0,8,103.154,159.516,93.046,5.603,2.846,16.285,0.000,0.000,8.201,25.348,0.000,0.000,0.000,0.000,0.000,25.348,0.098,0.467,0.145,0.003,1.719,13.840,0.000,9.120,25.642,7.908,0.000,0.000,10442544,0,46.162,19.131,9.120,0.000,20,64,1132352526010671939,5977180557121830227,17573036779925616676,14568819671399765506,200000,0,0,0,58.185,automatic,parallelFullRefresh,none,incremental,fullAllCurrentEntries,notApplicable,0,8,33552,0,2.846,automatic,parallelFullRefresh,none,incremental,fullAllCurrentEntries,notApplicable,0,8,197480,0,8.201,automatic,parallelAssisted,none,incremental,notApplicable,incremental,0,5,477,0,16.272,serialImmediate,serialImmediate,none,incremental,notApplicable,incremental,1,1,197480,0,25.348,automatic,parallelDirty,none,notApplicable,notApplicable,incremental,0,8,0,62158,9.120,dirtyRange,dirtyRange,none,notApplicable,notApplicable,incremental,1,1,0,38941,7.908
