caller,callee,weight,percent
[unknown],ParallelRoam::Tools::CpuThreadPool::WorkerLoop(),2999999976,82.66151297625622
start_thread,[unknown],2999999976,82.66151297625622
__GI___clone3,start_thread,2999999976,82.66151297625622
ParallelRoam::Tools::CpuThreadPool::WorkerLoop(),"std::_Function_handler<void (), ParallelRoam::Tools::CpuThreadPool::ParallelFor(unsigned long, std::function<void (unsigned long)> const&)::{lambda()#1}>::_M_invoke(std::_Any_data const&)",2993987952,82.49585864163446
"std::_Function_handler<void (), ParallelRoam::Tools::CpuThreadPool::ParallelFor(unsigned long, std::function<void (unsigned long)> const&)::{lambda()#1}>::_M_invoke(std::_Any_data const&)","std::_Function_handler<void (unsigned long), ParallelRoam::Tools::CpuTaskExecutor::Dispatch(unsigned long, std::function<void (unsigned long)> const&)::{lambda(unsigned long)#1}>::_M_invoke(std::_Any_data const&, unsigned long&&)",2993987952,82.49585864163446
"std::_Function_handler<void (unsigned long), ParallelRoam::Tools::CpuTaskExecutor::Dispatch(unsigned long, std::function<void (unsigned long)> const&)::{lambda(unsigned long)#1}>::_M_invoke(std::_Any_data const&, unsigned long&&)","std::_Function_handler<void (unsigned long), ParallelRoam::Algorithms::GreedyTransactionalLod::TransactionalExecution::Run(std::__cxx11::basic_string<char, std::char_traits<char>, std::allocator<char> > const&, unsigned long, ParallelRoam::Algorithms::GreedyTransactionalLod::WorkLedger&, std::function<void (unsigned long, unsigned long, ParallelRoam::Algorithms::GreedyTransactionalLod::WorkLedger&)> const&) const::{lambda(unsigned long)#1}>::_M_invoke(std::_Any_data const&, unsigned long&&)",2993987952,82.49585864163446
"std::_Function_handler<void (unsigned long), ParallelRoam::Algorithms::GreedyTransactionalLod::TransactionalExecution::Run(std::__cxx11::basic_string<char, std::char_traits<char>, std::allocator<char> > const&, unsigned long, ParallelRoam::Algorithms::GreedyTransactionalLod::WorkLedger&, std::function<void (unsigned long, unsigned long, ParallelRoam::Algorithms::GreedyTransactionalLod::WorkLedger&)> const&) const::{lambda(unsigned long)#1}>::_M_invoke(std::_Any_data const&, unsigned long&&)","auto ParallelRoam::Algorithms::GreedyTransactionalLod::TransactionalReservation::Plan(ParallelRoam::Algorithms::GreedyTransactionalLod::TransactionalState const&, ParallelRoam::Algorithms::GreedyTransactionalLod::TransactionalSamples const&, ParallelRoam::Algorithms::GreedyTransactionalLod::WorkLedger&, ParallelRoam::Algorithms::GreedyTransactionalLod::TransactionalExecution const&)::{lambda(auto:1, auto:2, ParallelRoam::Algorithms::GreedyTransactionalLod::WorkLedger&)#1}::operator()<unsigned long, unsigned long>(unsigned long, unsigned long, ParallelRoam::Algorithms::GreedyTransactionalLod::WorkLedger&) const",1715430848,47.26670347874103
"auto ParallelRoam::Algorithms::GreedyTransactionalLod::TransactionalReservation::Plan(ParallelRoam::Algorithms::GreedyTransactionalLod::TransactionalState const&, ParallelRoam::Algorithms::GreedyTransactionalLod::TransactionalSamples const&, ParallelRoam::Algorithms::GreedyTransactionalLod::WorkLedger&, ParallelRoam::Algorithms::GreedyTransactionalLod::TransactionalExecution const&)::{lambda(auto:1, auto:2, ParallelRoam::Algorithms::GreedyTransactionalLod::WorkLedger&)#1}::operator()<unsigned long, unsigned long>(unsigned long, unsigned long, ParallelRoam::Algorithms::GreedyTransactionalLod::WorkLedger&) const","ParallelRoam::Algorithms::GreedyTransactionalLod::TransactionalProposals::CertifyReceiver[abi:cxx11](ParallelRoam::Algorithms::GreedyTransactionalLod::TransactionalState const&, ParallelRoam::Algorithms::GreedyTransactionalLod::TransactionalSamples const&, ParallelRoam::Algorithms::GreedyTransactionalLod::Proposal&, ParallelRoam::Algorithms::GreedyTransactionalLod::WorkLedger&)",1352705400,37.27222528989508
"ParallelRoam::Algorithms::GreedyTransactionalLod::TransactionalProposals::CertifyReceiver[abi:cxx11](ParallelRoam::Algorithms::GreedyTransactionalLod::TransactionalState const&, ParallelRoam::Algorithms::GreedyTransactionalLod::TransactionalSamples const&, ParallelRoam::Algorithms::GreedyTransactionalLod::Proposal&, ParallelRoam::Algorithms::GreedyTransactionalLod::WorkLedger&)","ParallelRoam::Algorithms::GreedyTransactionalLod::TransactionalCertification::Fit[abi:cxx11](ParallelRoam::Algorithms::GreedyTransactionalLod::TransactionalState const&, ParallelRoam::Algorithms::GreedyTransactionalLod::TransactionalSamples const&, ParallelRoam::Algorithms::GreedyTransactionalLod::Proposal&, ParallelRoam::Algorithms::GreedyTransactionalLod::WorkLedger&, ParallelRoam::Algorithms::GreedyTransactionalLod::SingleHeightFitInterval*)",1330661312,36.66482606294865
"std::_Function_handler<void (unsigned long), ParallelRoam::Algorithms::GreedyTransactionalLod::TransactionalExecution::Run(std::__cxx11::basic_string<char, std::char_traits<char>, std::allocator<char> > const&, unsigned long, ParallelRoam::Algorithms::GreedyTransactionalLod::WorkLedger&, std::function<void (unsigned long, unsigned long, ParallelRoam::Algorithms::GreedyTransactionalLod::WorkLedger&)> const&) const::{lambda(unsigned long)#1}>::_M_invoke(std::_Any_data const&, unsigned long&&)","std::_Function_handler<void (unsigned long, unsigned long, ParallelRoam::Algorithms::GreedyTransactionalLod::WorkLedger&), ParallelRoam::Algorithms::GreedyTransactionalLod::TransactionalSamples::PrepareView(ParallelRoam::Algorithms::GreedyTransactionalLod::TransactionalState const&, ParallelRoam::Algorithms::GreedyTransactionalLod::Configuration const&, ParallelRoam::Algorithms::GreedyTransactionalLod::WorkLedger&, ParallelRoam::Algorithms::GreedyTransactionalLod::TransactionalExecution const&)::{lambda(auto:1, auto:2, ParallelRoam::Algorithms::GreedyTransactionalLod::WorkLedger&)#1}>::_M_invoke(std::_Any_data const&, unsigned long&&, unsigned long&&, ParallelRoam::Algorithms::GreedyTransactionalLod::WorkLedger&)",823647288,22.694643843180565
__libc_start_call_main,"ParallelRoam::Benchmark::Experiment::RunExperimentCpu(int, char**)",629258512,17.338487023743788
"ParallelRoam::Algorithms::GreedyTransactionalLod::TransactionalTerrainLodAlgorithm::BuildRenderData(ParallelRoam::Algorithms::TerrainLodBuildInput const&, ParallelRoam::Algorithms::TerrainLodRenderPacket&, std::__cxx11::basic_string<char, std::char_traits<char>, std::allocator<char> >*)","ParallelRoam::Algorithms::GreedyTransactionalLod::TransactionalTerrainLodAlgorithm::Impl::Build(ParallelRoam::Algorithms::TerrainLodBuildInput const&, ParallelRoam::Algorithms::TerrainLodRenderPacket&, std::__cxx11::basic_string<char, std::char_traits<char>, std::allocator<char> >*)",629258512,17.338487023743788
_start,__libc_start_main@@GLIBC_2.34,629258512,17.338487023743788
"ParallelRoam::Benchmark::Experiment::RunExperimentCpu(int, char**)","ParallelRoam::Algorithms::GreedyTransactionalLod::TransactionalTerrainLodAlgorithm::BuildRenderData(ParallelRoam::Algorithms::TerrainLodBuildInput const&, ParallelRoam::Algorithms::TerrainLodRenderPacket&, std::__cxx11::basic_string<char, std::char_traits<char>, std::allocator<char> >*)",629258512,17.338487023743788
__libc_start_main@@GLIBC_2.34,__libc_start_call_main,629258512,17.338487023743788
"ParallelRoam::Algorithms::GreedyTransactionalLod::TransactionalTerrainLodAlgorithm::Impl::Build(ParallelRoam::Algorithms::TerrainLodBuildInput const&, ParallelRoam::Algorithms::TerrainLodRenderPacket&, std::__cxx11::basic_string<char, std::char_traits<char>, std::allocator<char> >*)",ParallelRoam::Algorithms::GreedyTransactionalLod::TransactionalPipeline::Update(ParallelRoam::Algorithms::GreedyTransactionalLod::WorkLedger&),613226448,16.896742131419106
ParallelRoam::Algorithms::GreedyTransactionalLod::TransactionalPipeline::Update(ParallelRoam::Algorithms::GreedyTransactionalLod::WorkLedger&),"ParallelRoam::Algorithms::GreedyTransactionalLod::TransactionalPipeline::Apply(ParallelRoam::Algorithms::GreedyTransactionalLod::CertifiedBatch const&, ParallelRoam::Algorithms::GreedyTransactionalLod::WorkLedger&)",595190376,16.39977912755384
"ParallelRoam::Algorithms::GreedyTransactionalLod::TransactionalCertification::Fit[abi:cxx11](ParallelRoam::Algorithms::GreedyTransactionalLod::TransactionalState const&, ParallelRoam::Algorithms::GreedyTransactionalLod::TransactionalSamples const&, ParallelRoam::Algorithms::GreedyTransactionalLod::Proposal&, ParallelRoam::Algorithms::GreedyTransactionalLod::WorkLedger&, ParallelRoam::Algorithms::GreedyTransactionalLod::SingleHeightFitInterval*)","ParallelRoam::Algorithms::GreedyTransactionalLod::TransactionalCertification::Measure(ParallelRoam::Algorithms::GreedyTransactionalLod::TransactionalState const&, ParallelRoam::Algorithms::GreedyTransactionalLod::TransactionalSamples const&, ParallelRoam::Algorithms::GreedyTransactionalLod::Proposal&, ParallelRoam::Algorithms::GreedyTransactionalLod::WorkLedger&, ParallelRoam::Algorithms::GreedyTransactionalLod::TransactionalProposalEvidence*)",545090176,15.019326339039205
"std::_Function_handler<void (unsigned long, unsigned long, ParallelRoam::Algorithms::GreedyTransactionalLod::WorkLedger&), ParallelRoam::Algorithms::GreedyTransactionalLod::TransactionalSamples::PrepareView(ParallelRoam::Algorithms::GreedyTransactionalLod::TransactionalState const&, ParallelRoam::Algorithms::GreedyTransactionalLod::Configuration const&, ParallelRoam::Algorithms::GreedyTransactionalLod::WorkLedger&, ParallelRoam::Algorithms::GreedyTransactionalLod::TransactionalExecution const&)::{lambda(auto:1, auto:2, ParallelRoam::Algorithms::GreedyTransactionalLod::WorkLedger&)#1}>::_M_invoke(std::_Any_data const&, unsigned long&&, unsigned long&&, ParallelRoam::Algorithms::GreedyTransactionalLod::WorkLedger&)","ParallelRoam::Algorithms::GreedyTransactionalLod::TransactionalSamples::Project(ParallelRoam::Algorithms::GreedyTransactionalLod::Configuration const&, unsigned int, ParallelRoam::Algorithms::GreedyTransactionalLod::SampleValue, ParallelRoam::Algorithms::GreedyTransactionalLod::WorkLedger&) const",523046088,14.411927112092766
"ParallelRoam::Algorithms::GreedyTransactionalLod::TransactionalPipeline::Apply(ParallelRoam::Algorithms::GreedyTransactionalLod::CertifiedBatch const&, ParallelRoam::Algorithms::GreedyTransactionalLod::WorkLedger&)","ParallelRoam::Algorithms::GreedyTransactionalLod::TransactionalSamples::Prepare(ParallelRoam::Algorithms::GreedyTransactionalLod::TransactionalState const&, ParallelRoam::Algorithms::GreedyTransactionalLod::PreparedTopology const&, ParallelRoam::Algorithms::GreedyTransactionalLod::WorkLedger&)",507014024,13.970182219768084
"std::_Function_handler<void (unsigned long), ParallelRoam::Algorithms::GreedyTransactionalLod::TransactionalExecution::Run(std::__cxx11::basic_string<char, std::char_traits<char>, std::allocator<char> > const&, unsigned long, ParallelRoam::Algorithms::GreedyTransactionalLod::WorkLedger&, std::function<void (unsigned long, unsigned long, ParallelRoam::Algorithms::GreedyTransactionalLod::WorkLedger&)> const&) const::{lambda(unsigned long)#1}>::_M_invoke(std::_Any_data const&, unsigned long&&)","std::_Function_handler<void (unsigned long, unsigned long, ParallelRoam::Algorithms::GreedyTransactionalLod::WorkLedger&), ParallelRoam::Algorithms::GreedyTransactionalLod::TransactionalSamples::PrepareView(ParallelRoam::Algorithms::GreedyTransactionalLod::TransactionalState const&, ParallelRoam::Algorithms::GreedyTransactionalLod::Configuration const&, ParallelRoam::Algorithms::GreedyTransactionalLod::WorkLedger&, ParallelRoam::Algorithms::GreedyTransactionalLod::TransactionalExecution const&)::{lambda(auto:1, auto:2, ParallelRoam::Algorithms::GreedyTransactionalLod::WorkLedger&)#2}>::_M_invoke(std::_Any_data const&, unsigned long&&, unsigned long&&, ParallelRoam::Algorithms::GreedyTransactionalLod::WorkLedger&)",446893784,12.313638873550525
"ParallelRoam::Algorithms::GreedyTransactionalLod::TransactionalCertification::Measure(ParallelRoam::Algorithms::GreedyTransactionalLod::TransactionalState const&, ParallelRoam::Algorithms::GreedyTransactionalLod::TransactionalSamples const&, ParallelRoam::Algorithms::GreedyTransactionalLod::Proposal&, ParallelRoam::Algorithms::GreedyTransactionalLod::WorkLedger&, ParallelRoam::Algorithms::GreedyTransactionalLod::TransactionalProposalEvidence*)","ParallelRoam::Algorithms::GreedyTransactionalLod::QualityEvaluation::ErrorBounds(ParallelRoam::Algorithms::GreedyTransactionalLod::TransactionalState const&, ParallelRoam::Algorithms::GreedyTransactionalLod::TransactionalSamples const&, unsigned int, ParallelRoam::Algorithms::GreedyTransactionalLod::Proposal const*, ParallelRoam::Algorithms::GreedyTransactionalLod::WorkLedger&, ParallelRoam::Algorithms::GreedyTransactionalLod::TransactionalProposalEvidence*)",438877752,12.092766427388183
"ParallelRoam::Algorithms::GreedyTransactionalLod::TransactionalCertification::Fit[abi:cxx11](ParallelRoam::Algorithms::GreedyTransactionalLod::TransactionalState const&, ParallelRoam::Algorithms::GreedyTransactionalLod::TransactionalSamples const&, ParallelRoam::Algorithms::GreedyTransactionalLod::Proposal&, ParallelRoam::Algorithms::GreedyTransactionalLod::WorkLedger&, ParallelRoam::Algorithms::GreedyTransactionalLod::SingleHeightFitInterval*)","ParallelRoam::Algorithms::GreedyTransactionalLod::TransactionalProposalEvidence::Get(unsigned int, ParallelRoam::Algorithms::GreedyTransactionalLod::WorkLedger&)",416833664,11.485367200441745
"ParallelRoam::Algorithms::GreedyTransactionalLod::TransactionalProposalEvidence::Get(unsigned int, ParallelRoam::Algorithms::GreedyTransactionalLod::WorkLedger&)","ParallelRoam::Algorithms::GreedyTransactionalLod::TransactionalSamples::Weights(unsigned int, ParallelRoam::Algorithms::GreedyTransactionalLod::Point const&, ParallelRoam::Algorithms::GreedyTransactionalLod::Point const&, ParallelRoam::Algorithms::GreedyTransactionalLod::Point const&, std::array<double, 3ul>&) const",380761520,10.491441192711209
"auto ParallelRoam::Algorithms::GreedyTransactionalLod::TransactionalReservation::Plan(ParallelRoam::Algorithms::GreedyTransactionalLod::TransactionalState const&, ParallelRoam::Algorithms::GreedyTransactionalLod::TransactionalSamples const&, ParallelRoam::Algorithms::GreedyTransactionalLod::WorkLedger&, ParallelRoam::Algorithms::GreedyTransactionalLod::TransactionalExecution const&)::{lambda(auto:1, auto:2, ParallelRoam::Algorithms::GreedyTransactionalLod::WorkLedger&)#1}::operator()<unsigned long, unsigned long>(unsigned long, unsigned long, ParallelRoam::Algorithms::GreedyTransactionalLod::WorkLedger&) const",ParallelRoam::Algorithms::GreedyTransactionalLod::ReceiverCursor::Next(ParallelRoam::Algorithms::GreedyTransactionalLod::WorkLedger*),334669336,9.221424627277747
ParallelRoam::Algorithms::GreedyTransactionalLod::ReceiverCursor::Next(ParallelRoam::Algorithms::GreedyTransactionalLod::WorkLedger*),"ParallelRoam::Algorithms::GreedyTransactionalLod::(anonymous namespace)::Prepare(ParallelRoam::Algorithms::GreedyTransactionalLod::TransactionalState const&, ParallelRoam::Algorithms::GreedyTransactionalLod::TransactionalSamples const&, unsigned int, char, std::vector<unsigned int, std::allocator<unsigned int> >, ParallelRoam::Algorithms::GreedyTransactionalLod::Point const&, long, unsigned long)",320641280,8.83489784649365
"ParallelRoam::Algorithms::GreedyTransactionalLod::TransactionalSamples::Weights(unsigned int, ParallelRoam::Algorithms::GreedyTransactionalLod::Point const&, ParallelRoam::Algorithms::GreedyTransactionalLod::Point const&, ParallelRoam::Algorithms::GreedyTransactionalLod::Point const&, std::array<double, 3ul>&) const","std::enable_if<std::is_floating_point<long double>::value, boost::multiprecision::backends::rational_adaptor<boost::multiprecision::backends::cpp_int_backend<0ul, 0ul, (boost::multiprecision::cpp_integer_type)1, (boost::multiprecision::cpp_int_check_type)0, std::allocator<unsigned long long> > >&>::type boost::multiprecision::backends::rational_adaptor<boost::multiprecision::backends::cpp_int_backend<0ul, 0ul, (boost::multiprecision::cpp_integer_type)1, (boost::multiprecision::cpp_int_check_type)0, std::allocator<unsigned long long> > >::operator=<long double>(long double) [clone .isra.0]",284569136,7.840971838763115
"ParallelRoam::Algorithms::GreedyTransactionalLod::QualityEvaluation::ErrorBounds(ParallelRoam::Algorithms::GreedyTransactionalLod::TransactionalState const&, ParallelRoam::Algorithms::GreedyTransactionalLod::TransactionalSamples const&, unsigned int, ParallelRoam::Algorithms::GreedyTransactionalLod::Proposal const*, ParallelRoam::Algorithms::GreedyTransactionalLod::WorkLedger&, ParallelRoam::Algorithms::GreedyTransactionalLod::TransactionalProposalEvidence*)",__nextafter,280561120,7.730535615681943
"ParallelRoam::Algorithms::GreedyTransactionalLod::(anonymous namespace)::Prepare(ParallelRoam::Algorithms::GreedyTransactionalLod::TransactionalState const&, ParallelRoam::Algorithms::GreedyTransactionalLod::TransactionalSamples const&, unsigned int, char, std::vector<unsigned int, std::allocator<unsigned int> >, ParallelRoam::Algorithms::GreedyTransactionalLod::Point const&, long, unsigned long)","ParallelRoam::Algorithms::GreedyTransactionalLod::TransactionalSamples::VisibleSupport(std::vector<unsigned int, std::allocator<unsigned int> > const&) const",254509016,7.012700165654334
"ParallelRoam::Algorithms::GreedyTransactionalLod::TransactionalSamples::Prepare(ParallelRoam::Algorithms::GreedyTransactionalLod::TransactionalState const&, ParallelRoam::Algorithms::GreedyTransactionalLod::PreparedTopology const&, ParallelRoam::Algorithms::GreedyTransactionalLod::WorkLedger&)","ParallelRoam::Algorithms::GreedyTransactionalLod::TransactionalSamples::Enumerate(std::array<ParallelRoam::Algorithms::GreedyTransactionalLod::Point, 3ul> const&, ParallelRoam::Algorithms::GreedyTransactionalLod::WorkLedger&) const",234468936,6.4605190502484815
"ParallelRoam::Algorithms::GreedyTransactionalLod::TransactionalSamples::Enumerate(std::array<ParallelRoam::Algorithms::GreedyTransactionalLod::Point, 3ul> const&, ParallelRoam::Algorithms::GreedyTransactionalLod::WorkLedger&) const","ParallelRoam::Algorithms::GreedyTransactionalLod::TransactionalSamples::Weights(unsigned int, ParallelRoam::Algorithms::GreedyTransactionalLod::Point const&, ParallelRoam::Algorithms::GreedyTransactionalLod::Point const&, ParallelRoam::Algorithms::GreedyTransactionalLod::Point const&, std::array<double, 3ul>&) const",228456912,6.2948647156267254
"ParallelRoam::Algorithms::GreedyTransactionalLod::TransactionalSamples::VisibleSupport(std::vector<unsigned int, std::allocator<unsigned int> > const&) const","void std::__introsort_loop<__gnu_cxx::__normal_iterator<unsigned int*, std::vector<unsigned int, std::allocator<unsigned int> > >, long, __gnu_cxx::__ops::_Iter_less_iter>(__gnu_cxx::__normal_iterator<unsigned int*, std::vector<unsigned int, std::allocator<unsigned int> > >, __gnu_cxx::__normal_iterator<unsigned int*, std::vector<unsigned int, std::allocator<unsigned int> > >, long, __gnu_cxx::__ops::_Iter_less_iter) [clone .isra.0]",140280560,3.8652678078409717
"std::enable_if<std::is_floating_point<long double>::value, boost::multiprecision::backends::rational_adaptor<boost::multiprecision::backends::cpp_int_backend<0ul, 0ul, (boost::multiprecision::cpp_integer_type)1, (boost::multiprecision::cpp_int_check_type)0, std::allocator<unsigned long long> > >&>::type boost::multiprecision::backends::rational_adaptor<boost::multiprecision::backends::cpp_int_backend<0ul, 0ul, (boost::multiprecision::cpp_integer_type)1, (boost::multiprecision::cpp_int_check_type)0, std::allocator<unsigned long long> > >::operator=<long double>(long double) [clone .isra.0]","void boost::multiprecision::backends::cpp_int_backend<0ul, 0ul, (boost::multiprecision::cpp_integer_type)1, (boost::multiprecision::cpp_int_check_type)0, std::allocator<unsigned long long> >::do_assign_float<long double>(long double)",140280560,3.8652678078409717
"ParallelRoam::Algorithms::GreedyTransactionalLod::TransactionalCertification::Fit[abi:cxx11](ParallelRoam::Algorithms::GreedyTransactionalLod::TransactionalState const&, ParallelRoam::Algorithms::GreedyTransactionalLod::TransactionalSamples const&, ParallelRoam::Algorithms::GreedyTransactionalLod::Proposal&, ParallelRoam::Algorithms::GreedyTransactionalLod::WorkLedger&, ParallelRoam::Algorithms::GreedyTransactionalLod::SingleHeightFitInterval*)","ParallelRoam::Algorithms::GreedyTransactionalLod::TransactionalCertification::SetProgressTarget[abi:cxx11](ParallelRoam::Algorithms::GreedyTransactionalLod::TransactionalState const&, ParallelRoam::Algorithms::GreedyTransactionalLod::TransactionalSamples const&, ParallelRoam::Algorithms::GreedyTransactionalLod::Proposal&, ParallelRoam::Algorithms::GreedyTransactionalLod::WorkLedger&)",134268536,3.699613473219216
"ParallelRoam::Algorithms::GreedyTransactionalLod::TransactionalCertification::SetProgressTarget[abi:cxx11](ParallelRoam::Algorithms::GreedyTransactionalLod::TransactionalState const&, ParallelRoam::Algorithms::GreedyTransactionalLod::TransactionalSamples const&, ParallelRoam::Algorithms::GreedyTransactionalLod::Proposal&, ParallelRoam::Algorithms::GreedyTransactionalLod::WorkLedger&)","ParallelRoam::Algorithms::GreedyTransactionalLod::QualityEvaluation::ExactError(ParallelRoam::Algorithms::GreedyTransactionalLod::TransactionalState const&, ParallelRoam::Algorithms::GreedyTransactionalLod::TransactionalSamples const&, unsigned int, ParallelRoam::Algorithms::GreedyTransactionalLod::Proposal const*, ParallelRoam::Algorithms::GreedyTransactionalLod::TransactionalProposalEvidence*, ParallelRoam::Algorithms::GreedyTransactionalLod::WorkLedger*)",128256512,3.53395913859746
"ParallelRoam::Algorithms::GreedyTransactionalLod::TransactionalCertification::Fit[abi:cxx11](ParallelRoam::Algorithms::GreedyTransactionalLod::TransactionalState const&, ParallelRoam::Algorithms::GreedyTransactionalLod::TransactionalSamples const&, ParallelRoam::Algorithms::GreedyTransactionalLod::Proposal&, ParallelRoam::Algorithms::GreedyTransactionalLod::WorkLedger&, ParallelRoam::Algorithms::GreedyTransactionalLod::SingleHeightFitInterval*)","ParallelRoam::Algorithms::GreedyTransactionalLod::TransactionalPredicates::Shape(ParallelRoam::Algorithms::GreedyTransactionalLod::Point const&, ParallelRoam::Algorithms::GreedyTransactionalLod::Point const&, ParallelRoam::Algorithms::GreedyTransactionalLod::Point const&)",126252504,3.478741027056875
"void std::__introsort_loop<__gnu_cxx::__normal_iterator<unsigned int*, std::vector<unsigned int, std::allocator<unsigned int> > >, long, __gnu_cxx::__ops::_Iter_less_iter>(__gnu_cxx::__normal_iterator<unsigned int*, std::vector<unsigned int, std::allocator<unsigned int> > >, __gnu_cxx::__normal_iterator<unsigned int*, std::vector<unsigned int, std::allocator<unsigned int> > >, long, __gnu_cxx::__ops::_Iter_less_iter) [clone .isra.0]","void std::__introsort_loop<__gnu_cxx::__normal_iterator<unsigned int*, std::vector<unsigned int, std::allocator<unsigned int> > >, long, __gnu_cxx::__ops::_Iter_less_iter>(__gnu_cxx::__normal_iterator<unsigned int*, std::vector<unsigned int, std::allocator<unsigned int> > >, __gnu_cxx::__normal_iterator<unsigned int*, std::vector<unsigned int, std::allocator<unsigned int> > >, long, __gnu_cxx::__ops::_Iter_less_iter) [clone .isra.0]",126252504,3.478741027056875
"ParallelRoam::Algorithms::GreedyTransactionalLod::TransactionalSamples::Weights(unsigned int, ParallelRoam::Algorithms::GreedyTransactionalLod::Point const&, ParallelRoam::Algorithms::GreedyTransactionalLod::Point const&, ParallelRoam::Algorithms::GreedyTransactionalLod::Point const&, std::array<double, 3ul>&) const","void boost::multiprecision::backends::eval_add_subtract_imp<boost::multiprecision::backends::cpp_int_backend<0ul, 0ul, (boost::multiprecision::cpp_integer_type)1, (boost::multiprecision::cpp_int_check_type)0, std::allocator<unsigned long long> > >(boost::multiprecision::backends::rational_adaptor<boost::multiprecision::backends::cpp_int_backend<0ul, 0ul, (boost::multiprecision::cpp_integer_type)1, (boost::multiprecision::cpp_int_check_type)0, std::allocator<unsigned long long> > >&, boost::multiprecision::backends::rational_adaptor<boost::multiprecision::backends::cpp_int_backend<0ul, 0ul, (boost::multiprecision::cpp_integer_type)1, (boost::multiprecision::cpp_int_check_type)0, std::allocator<unsigned long long> > > const&, boost::multiprecision::backends::rational_adaptor<boost::multiprecision::backends::cpp_int_backend<0ul, 0ul, (boost::multiprecision::cpp_integer_type)1, (boost::multiprecision::cpp_int_check_type)0, std::allocator<unsigned long long> > > const&, bool)",120240480,3.3130866924351188
"ParallelRoam::Algorithms::GreedyTransactionalLod::TransactionalPredicates::Shape(ParallelRoam::Algorithms::GreedyTransactionalLod::Point const&, ParallelRoam::Algorithms::GreedyTransactionalLod::Point const&, ParallelRoam::Algorithms::GreedyTransactionalLod::Point const&)","std::enable_if<std::is_floating_point<long double>::value, boost::multiprecision::backends::rational_adaptor<boost::multiprecision::backends::cpp_int_backend<0ul, 0ul, (boost::multiprecision::cpp_integer_type)1, (boost::multiprecision::cpp_int_check_type)0, std::allocator<unsigned long long> > >&>::type boost::multiprecision::backends::rational_adaptor<boost::multiprecision::backends::cpp_int_backend<0ul, 0ul, (boost::multiprecision::cpp_integer_type)1, (boost::multiprecision::cpp_int_check_type)0, std::allocator<unsigned long long> > >::operator=<long double>(long double) [clone .isra.0]",76152304,2.0982882385422417
"ParallelRoam::Algorithms::GreedyTransactionalLod::TransactionalCertification::Measure(ParallelRoam::Algorithms::GreedyTransactionalLod::TransactionalState const&, ParallelRoam::Algorithms::GreedyTransactionalLod::TransactionalSamples const&, ParallelRoam::Algorithms::GreedyTransactionalLod::Proposal&, ParallelRoam::Algorithms::GreedyTransactionalLod::WorkLedger&, ParallelRoam::Algorithms::GreedyTransactionalLod::TransactionalProposalEvidence*)",__nextafter,62124248,1.7117614577581446
"ParallelRoam::Algorithms::GreedyTransactionalLod::QualityEvaluation::ExactError(ParallelRoam::Algorithms::GreedyTransactionalLod::TransactionalState const&, ParallelRoam::Algorithms::GreedyTransactionalLod::TransactionalSamples const&, unsigned int, ParallelRoam::Algorithms::GreedyTransactionalLod::Proposal const*, ParallelRoam::Algorithms::GreedyTransactionalLod::TransactionalProposalEvidence*, ParallelRoam::Algorithms::GreedyTransactionalLod::WorkLedger*)","std::array<boost::multiprecision::number<boost::multiprecision::backends::rational_adaptor<boost::multiprecision::backends::cpp_int_backend<0ul, 0ul, (boost::multiprecision::cpp_integer_type)1, (boost::multiprecision::cpp_int_check_type)0, std::allocator<unsigned long long> > >, (boost::multiprecision::expression_template_option)1>, 4ul> ParallelRoam::Algorithms::GreedyTransactionalLod::QualityEvaluation::Clip<boost::multiprecision::number<boost::multiprecision::backends::rational_adaptor<boost::multiprecision::backends::cpp_int_backend<0ul, 0ul, (boost::multiprecision::cpp_integer_type)1, (boost::multiprecision::cpp_int_check_type)0, std::allocator<unsigned long long> > >, (boost::multiprecision::expression_template_option)1> >(ParallelRoam::Algorithms::GreedyTransactionalLod::Configuration const&, boost::multiprecision::number<boost::multiprecision::backends::rational_adaptor<boost::multiprecision::backends::cpp_int_backend<0ul, 0ul, (boost::multiprecision::cpp_integer_type)1, (boost::multiprecision::cpp_int_check_type)0, std::allocator<unsigned long long> > >, (boost::multiprecision::expression_template_option)1> const&, boost::multiprecision::number<boost::multiprecision::backends::rational_adaptor<boost::multiprecision::backends::cpp_int_backend<0ul, 0ul, (boost::multiprecision::cpp_integer_type)1, (boost::multiprecision::cpp_int_check_type)0, std::allocator<unsigned long long> > >, (boost::multiprecision::expression_template_option)1> const&, boost::multiprecision::number<boost::multiprecision::backends::rational_adaptor<boost::multiprecision::backends::cpp_int_backend<0ul, 0ul, (boost::multiprecision::cpp_integer_type)1, (boost::multiprecision::cpp_int_check_type)0, std::allocator<unsigned long long> > >, (boost::multiprecision::expression_template_option)1> const&)",60120240,1.6565433462175594
"ParallelRoam::Algorithms::GreedyTransactionalLod::QualityEvaluation::ErrorBounds(ParallelRoam::Algorithms::GreedyTransactionalLod::TransactionalState const&, ParallelRoam::Algorithms::GreedyTransactionalLod::TransactionalSamples const&, unsigned int, ParallelRoam::Algorithms::GreedyTransactionalLod::Proposal const*, ParallelRoam::Algorithms::GreedyTransactionalLod::WorkLedger&, ParallelRoam::Algorithms::GreedyTransactionalLod::TransactionalProposalEvidence*)","std::array<ParallelRoam::Algorithms::GreedyTransactionalLod::QualityEvaluation::Interval, 3ul> ParallelRoam::Algorithms::GreedyTransactionalLod::QualityEvaluation::Reference<ParallelRoam::Algorithms::GreedyTransactionalLod::QualityEvaluation::Interval>(ParallelRoam::Algorithms::GreedyTransactionalLod::TransactionalState const&, ParallelRoam::Algorithms::GreedyTransactionalLod::TransactionalSamples const&, unsigned int)",48096192,1.3252346769740475
"void boost::multiprecision::backends::eval_add_subtract_imp<boost::multiprecision::backends::cpp_int_backend<0ul, 0ul, (boost::multiprecision::cpp_integer_type)1, (boost::multiprecision::cpp_int_check_type)0, std::allocator<unsigned long long> > >(boost::multiprecision::backends::rational_adaptor<boost::multiprecision::backends::cpp_int_backend<0ul, 0ul, (boost::multiprecision::cpp_integer_type)1, (boost::multiprecision::cpp_int_check_type)0, std::allocator<unsigned long long> > >&, boost::multiprecision::backends::rational_adaptor<boost::multiprecision::backends::cpp_int_backend<0ul, 0ul, (boost::multiprecision::cpp_integer_type)1, (boost::multiprecision::cpp_int_check_type)0, std::allocator<unsigned long long> > > const&, boost::multiprecision::backends::rational_adaptor<boost::multiprecision::backends::cpp_int_backend<0ul, 0ul, (boost::multiprecision::cpp_integer_type)1, (boost::multiprecision::cpp_int_check_type)0, std::allocator<unsigned long long> > > const&, bool)","void boost::multiprecision::backends::divide_unsigned_helper<boost::multiprecision::backends::cpp_int_backend<0ul, 0ul, (boost::multiprecision::cpp_integer_type)1, (boost::multiprecision::cpp_int_check_type)0, std::allocator<unsigned long long> >, boost::multiprecision::backends::cpp_int_backend<0ul, 0ul, (boost::multiprecision::cpp_integer_type)1, (boost::multiprecision::cpp_int_check_type)0, std::allocator<unsigned long long> > >(boost::multiprecision::backends::cpp_int_backend<0ul, 0ul, (boost::multiprecision::cpp_integer_type)1, (boost::multiprecision::cpp_int_check_type)0, std::allocator<unsigned long long> >*, boost::multiprecision::backends::cpp_int_backend<0ul, 0ul, (boost::multiprecision::cpp_integer_type)1, (boost::multiprecision::cpp_int_check_type)0, std::allocator<unsigned long long> > const&, unsigned long long, boost::multiprecision::backends::cpp_int_backend<0ul, 0ul, (boost::multiprecision::cpp_integer_type)1, (boost::multiprecision::cpp_int_check_type)0, std::allocator<unsigned long long> >&)",48096192,1.3252346769740475
"ParallelRoam::Algorithms::GreedyTransactionalLod::TransactionalSamples::Weights(unsigned int, ParallelRoam::Algorithms::GreedyTransactionalLod::Point const&, ParallelRoam::Algorithms::GreedyTransactionalLod::Point const&, ParallelRoam::Algorithms::GreedyTransactionalLod::Point const&, std::array<double, 3ul>&) const","std::enable_if<std::is_convertible<unsigned long long, boost::multiprecision::backends::cpp_int_backend<0ul, 0ul, (boost::multiprecision::cpp_integer_type)1, (boost::multiprecision::cpp_int_check_type)0, std::allocator<unsigned long long> > >::value&&std::is_integral<unsigned long long>::value, void>::type boost::multiprecision::backends::eval_divide<boost::multiprecision::backends::cpp_int_backend<0ul, 0ul, (boost::multiprecision::cpp_integer_type)1, (boost::multiprecision::cpp_int_check_type)0, std::allocator<unsigned long long> >, unsigned long long>(boost::multiprecision::backends::rational_adaptor<boost::multiprecision::backends::cpp_int_backend<0ul, 0ul, (boost::multiprecision::cpp_integer_type)1, (boost::multiprecision::cpp_int_check_type)0, std::allocator<unsigned long long> > >&, unsigned long long)",44088176,1.2147984538928769
"ParallelRoam::Algorithms::GreedyTransactionalLod::TransactionalSamples::Weights(unsigned int, ParallelRoam::Algorithms::GreedyTransactionalLod::Point const&, ParallelRoam::Algorithms::GreedyTransactionalLod::Point const&, ParallelRoam::Algorithms::GreedyTransactionalLod::Point const&, std::array<double, 3ul>&) const","void boost::multiprecision::backends::eval_multiply_imp<boost::multiprecision::backends::cpp_int_backend<0ul, 0ul, (boost::multiprecision::cpp_integer_type)1, (boost::multiprecision::cpp_int_check_type)0, std::allocator<unsigned long long> > >(boost::multiprecision::backends::rational_adaptor<boost::multiprecision::backends::cpp_int_backend<0ul, 0ul, (boost::multiprecision::cpp_integer_type)1, (boost::multiprecision::cpp_int_check_type)0, std::allocator<unsigned long long> > >&, boost::multiprecision::backends::rational_adaptor<boost::multiprecision::backends::cpp_int_backend<0ul, 0ul, (boost::multiprecision::cpp_integer_type)1, (boost::multiprecision::cpp_int_check_type)0, std::allocator<unsigned long long> > > const&, boost::multiprecision::backends::cpp_int_backend<0ul, 0ul, (boost::multiprecision::cpp_integer_type)1, (boost::multiprecision::cpp_int_check_type)0, std::allocator<unsigned long long> > const&, boost::multiprecision::backends::cpp_int_backend<0ul, 0ul, (boost::multiprecision::cpp_integer_type)1, (boost::multiprecision::cpp_int_check_type)0, std::allocator<unsigned long long> > const&)",42084168,1.1595803423522915
"std::enable_if<std::is_floating_point<long double>::value, boost::multiprecision::backends::rational_adaptor<boost::multiprecision::backends::cpp_int_backend<0ul, 0ul, (boost::multiprecision::cpp_integer_type)1, (boost::multiprecision::cpp_int_check_type)0, std::allocator<unsigned long long> > >&>::type boost::multiprecision::backends::rational_adaptor<boost::multiprecision::backends::cpp_int_backend<0ul, 0ul, (boost::multiprecision::cpp_integer_type)1, (boost::multiprecision::cpp_int_check_type)0, std::allocator<unsigned long long> > >::operator=<long double>(long double) [clone .isra.0]","std::enable_if<!boost::multiprecision::backends::is_trivial_cpp_int<boost::multiprecision::backends::cpp_int_backend<0ul, 0ul, (boost::multiprecision::cpp_integer_type)1, (boost::multiprecision::cpp_int_check_type)0, std::allocator<unsigned long long> > >::value, void>::type boost::multiprecision::backends::eval_gcd<0ul, 0ul, (boost::multiprecision::cpp_integer_type)1, (boost::multiprecision::cpp_int_check_type)0, std::allocator<unsigned long long> >(boost::multiprecision::backends::cpp_int_backend<0ul, 0ul, (boost::multiprecision::cpp_integer_type)1, (boost::multiprecision::cpp_int_check_type)0, std::allocator<unsigned long long> >&, boost::multiprecision::backends::cpp_int_backend<0ul, 0ul, (boost::multiprecision::cpp_integer_type)1, (boost::multiprecision::cpp_int_check_type)0, std::allocator<unsigned long long> > const&, boost::multiprecision::backends::cpp_int_backend<0ul, 0ul, (boost::multiprecision::cpp_integer_type)1, (boost::multiprecision::cpp_int_check_type)0, std::allocator<unsigned long long> > const&)",42084168,1.1595803423522915
std::chrono::_V2::steady_clock::now(),clock_gettime@@GLIBC_2.17,40080160,1.1043622308117063
clock_gettime@@GLIBC_2.17,__vdso_clock_gettime,40080160,1.1043622308117063
"ParallelRoam::Algorithms::GreedyTransactionalLod::QualityEvaluation::ErrorBounds(ParallelRoam::Algorithms::GreedyTransactionalLod::TransactionalState const&, ParallelRoam::Algorithms::GreedyTransactionalLod::TransactionalSamples const&, unsigned int, ParallelRoam::Algorithms::GreedyTransactionalLod::Proposal const*, ParallelRoam::Algorithms::GreedyTransactionalLod::WorkLedger&, ParallelRoam::Algorithms::GreedyTransactionalLod::TransactionalProposalEvidence*)","std::array<ParallelRoam::Algorithms::GreedyTransactionalLod::QualityEvaluation::Interval, 4ul> ParallelRoam::Algorithms::GreedyTransactionalLod::QualityEvaluation::Clip<ParallelRoam::Algorithms::GreedyTransactionalLod::QualityEvaluation::Interval>(ParallelRoam::Algorithms::GreedyTransactionalLod::Configuration const&, ParallelRoam::Algorithms::GreedyTransactionalLod::QualityEvaluation::Interval const&, ParallelRoam::Algorithms::GreedyTransactionalLod::QualityEvaluation::Interval const&, ParallelRoam::Algorithms::GreedyTransactionalLod::QualityEvaluation::Interval const&)",38076152,1.0491441192711208
"ParallelRoam::Algorithms::GreedyTransactionalLod::(anonymous namespace)::Prepare(ParallelRoam::Algorithms::GreedyTransactionalLod::TransactionalState const&, ParallelRoam::Algorithms::GreedyTransactionalLod::TransactionalSamples const&, unsigned int, char, std::vector<unsigned int, std::allocator<unsigned int> >, ParallelRoam::Algorithms::GreedyTransactionalLod::Point const&, long, unsigned long)","ParallelRoam::Algorithms::GreedyTransactionalLod::TransactionalPredicates::Orientation(ParallelRoam::Algorithms::GreedyTransactionalLod::Point const&, ParallelRoam::Algorithms::GreedyTransactionalLod::Point const&, ParallelRoam::Algorithms::GreedyTransactionalLod::Point const&)",38076152,1.0491441192711208
ParallelRoam::Algorithms::GreedyTransactionalLod::WorkLedger::Touch(),std::chrono::_V2::steady_clock::now(),38076152,1.0491441192711208
"void boost::multiprecision::backends::cpp_int_backend<0ul, 0ul, (boost::multiprecision::cpp_integer_type)1, (boost::multiprecision::cpp_int_check_type)0, std::allocator<unsigned long long> >::do_assign_float<long double>(long double)",__frexpl,38076152,1.0491441192711208
"void boost::multiprecision::backends::eval_multiply_imp<boost::multiprecision::backends::cpp_int_backend<0ul, 0ul, (boost::multiprecision::cpp_integer_type)1, (boost::multiprecision::cpp_int_check_type)0, std::allocator<unsigned long long> > >(boost::multiprecision::backends::rational_adaptor<boost::multiprecision::backends::cpp_int_backend<0ul, 0ul, (boost::multiprecision::cpp_integer_type)1, (boost::multiprecision::cpp_int_check_type)0, std::allocator<unsigned long long> > >&, boost::multiprecision::backends::rational_adaptor<boost::multiprecision::backends::cpp_int_backend<0ul, 0ul, (boost::multiprecision::cpp_integer_type)1, (boost::multiprecision::cpp_int_check_type)0, std::allocator<unsigned long long> > > const&, boost::multiprecision::backends::cpp_int_backend<0ul, 0ul, (boost::multiprecision::cpp_integer_type)1, (boost::multiprecision::cpp_int_check_type)0, std::allocator<unsigned long long> > const&, boost::multiprecision::backends::cpp_int_backend<0ul, 0ul, (boost::multiprecision::cpp_integer_type)1, (boost::multiprecision::cpp_int_check_type)0, std::allocator<unsigned long long> > const&)","std::enable_if<!boost::multiprecision::backends::is_trivial_cpp_int<boost::multiprecision::backends::cpp_int_backend<0ul, 0ul, (boost::multiprecision::cpp_integer_type)1, (boost::multiprecision::cpp_int_check_type)0, std::allocator<unsigned long long> > >::value, void>::type boost::multiprecision::backends::eval_gcd<0ul, 0ul, (boost::multiprecision::cpp_integer_type)1, (boost::multiprecision::cpp_int_check_type)0, std::allocator<unsigned long long> >(boost::multiprecision::backends::cpp_int_backend<0ul, 0ul, (boost::multiprecision::cpp_integer_type)1, (boost::multiprecision::cpp_int_check_type)0, std::allocator<unsigned long long> >&, boost::multiprecision::backends::cpp_int_backend<0ul, 0ul, (boost::multiprecision::cpp_integer_type)1, (boost::multiprecision::cpp_int_check_type)0, std::allocator<unsigned long long> > const&, boost::multiprecision::backends::cpp_int_backend<0ul, 0ul, (boost::multiprecision::cpp_integer_type)1, (boost::multiprecision::cpp_int_check_type)0, std::allocator<unsigned long long> > const&)",34068136,0.9387078961899503
"void boost::multiprecision::backends::cpp_int_backend<0ul, 0ul, (boost::multiprecision::cpp_integer_type)1, (boost::multiprecision::cpp_int_check_type)0, std::allocator<unsigned long long> >::do_assign_float<long double>(long double)",__wrap_scalbnl,34068136,0.9387078961899503
"void boost::multiprecision::backends::eval_add_subtract_imp<boost::multiprecision::backends::cpp_int_backend<0ul, 0ul, (boost::multiprecision::cpp_integer_type)1, (boost::multiprecision::cpp_int_check_type)0, std::allocator<unsigned long long> > >(boost::multiprecision::backends::rational_adaptor<boost::multiprecision::backends::cpp_int_backend<0ul, 0ul, (boost::multiprecision::cpp_integer_type)1, (boost::multiprecision::cpp_int_check_type)0, std::allocator<unsigned long long> > >&, boost::multiprecision::backends::rational_adaptor<boost::multiprecision::backends::cpp_int_backend<0ul, 0ul, (boost::multiprecision::cpp_integer_type)1, (boost::multiprecision::cpp_int_check_type)0, std::allocator<unsigned long long> > > const&, boost::multiprecision::backends::rational_adaptor<boost::multiprecision::backends::cpp_int_backend<0ul, 0ul, (boost::multiprecision::cpp_integer_type)1, (boost::multiprecision::cpp_int_check_type)0, std::allocator<unsigned long long> > > const&, bool)","std::enable_if<!boost::multiprecision::backends::is_trivial_cpp_int<boost::multiprecision::backends::cpp_int_backend<0ul, 0ul, (boost::multiprecision::cpp_integer_type)1, (boost::multiprecision::cpp_int_check_type)0, std::allocator<unsigned long long> > >::value, void>::type boost::multiprecision::backends::eval_gcd<0ul, 0ul, (boost::multiprecision::cpp_integer_type)1, (boost::multiprecision::cpp_int_check_type)0, std::allocator<unsigned long long> >(boost::multiprecision::backends::cpp_int_backend<0ul, 0ul, (boost::multiprecision::cpp_integer_type)1, (boost::multiprecision::cpp_int_check_type)0, std::allocator<unsigned long long> >&, boost::multiprecision::backends::cpp_int_backend<0ul, 0ul, (boost::multiprecision::cpp_integer_type)1, (boost::multiprecision::cpp_int_check_type)0, std::allocator<unsigned long long> > const&, boost::multiprecision::backends::cpp_int_backend<0ul, 0ul, (boost::multiprecision::cpp_integer_type)1, (boost::multiprecision::cpp_int_check_type)0, std::allocator<unsigned long long> > const&)",34068136,0.9387078961899503
"std::_Function_handler<void (unsigned long, unsigned long, ParallelRoam::Algorithms::GreedyTransactionalLod::WorkLedger&), ParallelRoam::Algorithms::GreedyTransactionalLod::TransactionalSamples::PrepareView(ParallelRoam::Algorithms::GreedyTransactionalLod::TransactionalState const&, ParallelRoam::Algorithms::GreedyTransactionalLod::Configuration const&, ParallelRoam::Algorithms::GreedyTransactionalLod::WorkLedger&, ParallelRoam::Algorithms::GreedyTransactionalLod::TransactionalExecution const&)::{lambda(auto:1, auto:2, ParallelRoam::Algorithms::GreedyTransactionalLod::WorkLedger&)#2}>::_M_invoke(std::_Any_data const&, unsigned long&&, unsigned long&&, ParallelRoam::Algorithms::GreedyTransactionalLod::WorkLedger&)",ParallelRoam::Algorithms::GreedyTransactionalLod::TransactionalState::Vertex(long) const,32064128,0.883489784649365
"ParallelRoam::Algorithms::GreedyTransactionalLod::QualityEvaluation::ExactError(ParallelRoam::Algorithms::GreedyTransactionalLod::TransactionalState const&, ParallelRoam::Algorithms::GreedyTransactionalLod::TransactionalSamples const&, unsigned int, ParallelRoam::Algorithms::GreedyTransactionalLod::Proposal const*, ParallelRoam::Algorithms::GreedyTransactionalLod::TransactionalProposalEvidence*, ParallelRoam::Algorithms::GreedyTransactionalLod::WorkLedger*)","boost::multiprecision::number<boost::multiprecision::backends::rational_adaptor<boost::multiprecision::backends::cpp_int_backend<0ul, 0ul, (boost::multiprecision::cpp_integer_type)1, (boost::multiprecision::cpp_int_check_type)0, std::allocator<unsigned long long> > >, (boost::multiprecision::expression_template_option)1> ParallelRoam::Algorithms::GreedyTransactionalLod::QualityEvaluation::Height<boost::multiprecision::number<boost::multiprecision::backends::rational_adaptor<boost::multiprecision::backends::cpp_int_backend<0ul, 0ul, (boost::multiprecision::cpp_integer_type)1, (boost::multiprecision::cpp_int_check_type)0, std::allocator<unsigned long long> > >, (boost::multiprecision::expression_template_option)1> >(boost::multiprecision::number<boost::multiprecision::backends::rational_adaptor<boost::multiprecision::backends::cpp_int_backend<0ul, 0ul, (boost::multiprecision::cpp_integer_type)1, (boost::multiprecision::cpp_int_check_type)0, std::allocator<unsigned long long> > >, (boost::multiprecision::expression_template_option)1> const&, boost::multiprecision::number<boost::multiprecision::backends::rational_adaptor<boost::multiprecision::backends::cpp_int_backend<0ul, 0ul, (boost::multiprecision::cpp_integer_type)1, (boost::multiprecision::cpp_int_check_type)0, std::allocator<unsigned long long> > >, (boost::multiprecision::expression_template_option)1> const&, ParallelRoam::Algorithms::GreedyTransactionalLod::Point const&, ParallelRoam::Algorithms::GreedyTransactionalLod::Point const&, ParallelRoam::Algorithms::GreedyTransactionalLod::Point const&)",32064128,0.883489784649365
"ParallelRoam::Algorithms::GreedyTransactionalLod::TransactionalPipeline::Apply(ParallelRoam::Algorithms::GreedyTransactionalLod::CertifiedBatch const&, ParallelRoam::Algorithms::GreedyTransactionalLod::WorkLedger&)","ParallelRoam::Algorithms::GreedyTransactionalLod::TransactionalCommit::Prepare(ParallelRoam::Algorithms::GreedyTransactionalLod::TransactionalState&, ParallelRoam::Algorithms::GreedyTransactionalLod::CertifiedBatch const&, ParallelRoam::Algorithms::GreedyTransactionalLod::WorkLedger&, ParallelRoam::Algorithms::GreedyTransactionalLod::TransactionalExecution const&, ParallelRoam::Algorithms::GreedyTransactionalLod::HeightSource const*)",32064128,0.883489784649365
"std::enable_if<std::is_floating_point<long double>::value, boost::multiprecision::backends::rational_adaptor<boost::multiprecision::backends::cpp_int_backend<0ul, 0ul, (boost::multiprecision::cpp_integer_type)1, (boost::multiprecision::cpp_int_check_type)0, std::allocator<unsigned long long> > >&>::type boost::multiprecision::backends::rational_adaptor<boost::multiprecision::backends::cpp_int_backend<0ul, 0ul, (boost::multiprecision::cpp_integer_type)1, (boost::multiprecision::cpp_int_check_type)0, std::allocator<unsigned long long> > >::operator=<long double>(long double) [clone .isra.0]","std::enable_if<!boost::multiprecision::backends::is_trivial_cpp_int<boost::multiprecision::backends::cpp_int_backend<0ul, 0ul, (boost::multiprecision::cpp_integer_type)1, (boost::multiprecision::cpp_int_check_type)0, std::allocator<unsigned long long> > >::value, void>::type boost::multiprecision::backends::eval_left_shift<0ul, 0ul, (boost::multiprecision::cpp_integer_type)1, (boost::multiprecision::cpp_int_check_type)0, std::allocator<unsigned long long> >(boost::multiprecision::backends::cpp_int_backend<0ul, 0ul, (boost::multiprecision::cpp_integer_type)1, (boost::multiprecision::cpp_int_check_type)0, std::allocator<unsigned long long> >&, unsigned __int128) [clone .part.0]",30060120,0.8282716731087797
"std::array<boost::multiprecision::number<boost::multiprecision::backends::rational_adaptor<boost::multiprecision::backends::cpp_int_backend<0ul, 0ul, (boost::multiprecision::cpp_integer_type)1, (boost::multiprecision::cpp_int_check_type)0, std::allocator<unsigned long long> > >, (boost::multiprecision::expression_template_option)1>, 4ul> ParallelRoam::Algorithms::GreedyTransactionalLod::QualityEvaluation::Clip<boost::multiprecision::number<boost::multiprecision::backends::rational_adaptor<boost::multiprecision::backends::cpp_int_backend<0ul, 0ul, (boost::multiprecision::cpp_integer_type)1, (boost::multiprecision::cpp_int_check_type)0, std::allocator<unsigned long long> > >, (boost::multiprecision::expression_template_option)1> >(ParallelRoam::Algorithms::GreedyTransactionalLod::Configuration const&, boost::multiprecision::number<boost::multiprecision::backends::rational_adaptor<boost::multiprecision::backends::cpp_int_backend<0ul, 0ul, (boost::multiprecision::cpp_integer_type)1, (boost::multiprecision::cpp_int_check_type)0, std::allocator<unsigned long long> > >, (boost::multiprecision::expression_template_option)1> const&, boost::multiprecision::number<boost::multiprecision::backends::rational_adaptor<boost::multiprecision::backends::cpp_int_backend<0ul, 0ul, (boost::multiprecision::cpp_integer_type)1, (boost::multiprecision::cpp_int_check_type)0, std::allocator<unsigned long long> > >, (boost::multiprecision::expression_template_option)1> const&, boost::multiprecision::number<boost::multiprecision::backends::rational_adaptor<boost::multiprecision::backends::cpp_int_backend<0ul, 0ul, (boost::multiprecision::cpp_integer_type)1, (boost::multiprecision::cpp_int_check_type)0, std::allocator<unsigned long long> > >, (boost::multiprecision::expression_template_option)1> const&)","std::enable_if<std::is_floating_point<long double>::value, boost::multiprecision::backends::rational_adaptor<boost::multiprecision::backends::cpp_int_backend<0ul, 0ul, (boost::multiprecision::cpp_integer_type)1, (boost::multiprecision::cpp_int_check_type)0, std::allocator<unsigned long long> > >&>::type boost::multiprecision::backends::rational_adaptor<boost::multiprecision::backends::cpp_int_backend<0ul, 0ul, (boost::multiprecision::cpp_integer_type)1, (boost::multiprecision::cpp_int_check_type)0, std::allocator<unsigned long long> > >::operator=<long double>(long double) [clone .isra.0]",30060120,0.8282716731087797
"std::_Function_handler<void (unsigned long, unsigned long, ParallelRoam::Algorithms::GreedyTransactionalLod::WorkLedger&), ParallelRoam::Algorithms::GreedyTransactionalLod::TransactionalSamples::PrepareView(ParallelRoam::Algorithms::GreedyTransactionalLod::TransactionalState const&, ParallelRoam::Algorithms::GreedyTransactionalLod::Configuration const&, ParallelRoam::Algorithms::GreedyTransactionalLod::WorkLedger&, ParallelRoam::Algorithms::GreedyTransactionalLod::TransactionalExecution const&)::{lambda(auto:1, auto:2, ParallelRoam::Algorithms::GreedyTransactionalLod::WorkLedger&)#1}>::_M_invoke(std::_Any_data const&, unsigned long&&, unsigned long&&, ParallelRoam::Algorithms::GreedyTransactionalLod::WorkLedger&)",ParallelRoam::Algorithms::GreedyTransactionalLod::TransactionalSamples::Decode(unsigned int) const,28056112,0.7730535615681944
"std::enable_if<std::is_floating_point<long double>::value, boost::multiprecision::backends::rational_adaptor<boost::multiprecision::backends::cpp_int_backend<0ul, 0ul, (boost::multiprecision::cpp_integer_type)1, (boost::multiprecision::cpp_int_check_type)0, std::allocator<unsigned long long> > >&>::type boost::multiprecision::backends::rational_adaptor<boost::multiprecision::backends::cpp_int_backend<0ul, 0ul, (boost::multiprecision::cpp_integer_type)1, (boost::multiprecision::cpp_int_check_type)0, std::allocator<unsigned long long> > >::operator=<long double>(long double) [clone .isra.0]",__frexpl,28056112,0.7730535615681944
operator new(unsigned long),__libc_malloc2,26052104,0.7178354500276091
"std::enable_if<std::is_floating_point<long double>::value, boost::multiprecision::backends::rational_adaptor<boost::multiprecision::backends::cpp_int_backend<0ul, 0ul, (boost::multiprecision::cpp_integer_type)1, (boost::multiprecision::cpp_int_check_type)0, std::allocator<unsigned long long> > >&>::type boost::multiprecision::backends::rational_adaptor<boost::multiprecision::backends::cpp_int_backend<0ul, 0ul, (boost::multiprecision::cpp_integer_type)1, (boost::multiprecision::cpp_int_check_type)0, std::allocator<unsigned long long> > >::operator=<long double>(long double) [clone .isra.0]",__wrap_scalbnl,26052104,0.7178354500276091
"std::enable_if<std::is_floating_point<long double>::value, boost::multiprecision::backends::rational_adaptor<boost::multiprecision::backends::cpp_int_backend<0ul, 0ul, (boost::multiprecision::cpp_integer_type)1, (boost::multiprecision::cpp_int_check_type)0, std::allocator<unsigned long long> > >&>::type boost::multiprecision::backends::rational_adaptor<boost::multiprecision::backends::cpp_int_backend<0ul, 0ul, (boost::multiprecision::cpp_integer_type)1, (boost::multiprecision::cpp_int_check_type)0, std::allocator<unsigned long long> > >::operator=<long double>(long double) [clone .isra.0]","void boost::multiprecision::backends::divide_unsigned_helper<boost::multiprecision::backends::cpp_int_backend<0ul, 0ul, (boost::multiprecision::cpp_integer_type)1, (boost::multiprecision::cpp_int_check_type)0, std::allocator<unsigned long long> >, boost::multiprecision::backends::cpp_int_backend<0ul, 0ul, (boost::multiprecision::cpp_integer_type)1, (boost::multiprecision::cpp_int_check_type)0, std::allocator<unsigned long long> > >(boost::multiprecision::backends::cpp_int_backend<0ul, 0ul, (boost::multiprecision::cpp_integer_type)1, (boost::multiprecision::cpp_int_check_type)0, std::allocator<unsigned long long> >*, boost::multiprecision::backends::cpp_int_backend<0ul, 0ul, (boost::multiprecision::cpp_integer_type)1, (boost::multiprecision::cpp_int_check_type)0, std::allocator<unsigned long long> > const&, unsigned long long, boost::multiprecision::backends::cpp_int_backend<0ul, 0ul, (boost::multiprecision::cpp_integer_type)1, (boost::multiprecision::cpp_int_check_type)0, std::allocator<unsigned long long> >&)",26052104,0.7178354500276091
"ParallelRoam::Algorithms::GreedyTransactionalLod::QualityEvaluation::ErrorBounds(ParallelRoam::Algorithms::GreedyTransactionalLod::TransactionalState const&, ParallelRoam::Algorithms::GreedyTransactionalLod::TransactionalSamples const&, unsigned int, ParallelRoam::Algorithms::GreedyTransactionalLod::Proposal const*, ParallelRoam::Algorithms::GreedyTransactionalLod::WorkLedger&, ParallelRoam::Algorithms::GreedyTransactionalLod::TransactionalProposalEvidence*)","ParallelRoam::Algorithms::GreedyTransactionalLod::QualityEvaluation::operator*(ParallelRoam::Algorithms::GreedyTransactionalLod::QualityEvaluation::Interval, ParallelRoam::Algorithms::GreedyTransactionalLod::QualityEvaluation::Interval)",24048096,0.6626173384870238
"std::array<ParallelRoam::Algorithms::GreedyTransactionalLod::QualityEvaluation::Interval, 3ul> ParallelRoam::Algorithms::GreedyTransactionalLod::QualityEvaluation::Reference<ParallelRoam::Algorithms::GreedyTransactionalLod::QualityEvaluation::Interval>(ParallelRoam::Algorithms::GreedyTransactionalLod::TransactionalState const&, ParallelRoam::Algorithms::GreedyTransactionalLod::TransactionalSamples const&, unsigned int)",__nextafter,24048096,0.6626173384870238
"ParallelRoam::Algorithms::GreedyTransactionalLod::TransactionalPredicates::Shape(ParallelRoam::Algorithms::GreedyTransactionalLod::Point const&, ParallelRoam::Algorithms::GreedyTransactionalLod::Point const&, ParallelRoam::Algorithms::GreedyTransactionalLod::Point const&)","void boost::multiprecision::backends::eval_add_subtract_imp<boost::multiprecision::backends::cpp_int_backend<0ul, 0ul, (boost::multiprecision::cpp_integer_type)1, (boost::multiprecision::cpp_int_check_type)0, std::allocator<unsigned long long> > >(boost::multiprecision::backends::rational_adaptor<boost::multiprecision::backends::cpp_int_backend<0ul, 0ul, (boost::multiprecision::cpp_integer_type)1, (boost::multiprecision::cpp_int_check_type)0, std::allocator<unsigned long long> > >&, boost::multiprecision::backends::rational_adaptor<boost::multiprecision::backends::cpp_int_backend<0ul, 0ul, (boost::multiprecision::cpp_integer_type)1, (boost::multiprecision::cpp_int_check_type)0, std::allocator<unsigned long long> > > const&, boost::multiprecision::backends::rational_adaptor<boost::multiprecision::backends::cpp_int_backend<0ul, 0ul, (boost::multiprecision::cpp_integer_type)1, (boost::multiprecision::cpp_int_check_type)0, std::allocator<unsigned long long> > > const&, bool)",22044088,0.6073992269464384
"void boost::multiprecision::backends::eval_add_subtract_imp<boost::multiprecision::backends::cpp_int_backend<0ul, 0ul, (boost::multiprecision::cpp_integer_type)1, (boost::multiprecision::cpp_int_check_type)0, std::allocator<unsigned long long> > >(boost::multiprecision::backends::rational_adaptor<boost::multiprecision::backends::cpp_int_backend<0ul, 0ul, (boost::multiprecision::cpp_integer_type)1, (boost::multiprecision::cpp_int_check_type)0, std::allocator<unsigned long long> > >&, boost::multiprecision::backends::rational_adaptor<boost::multiprecision::backends::cpp_int_backend<0ul, 0ul, (boost::multiprecision::cpp_integer_type)1, (boost::multiprecision::cpp_int_check_type)0, std::allocator<unsigned long long> > > const&, boost::multiprecision::backends::rational_adaptor<boost::multiprecision::backends::cpp_int_backend<0ul, 0ul, (boost::multiprecision::cpp_integer_type)1, (boost::multiprecision::cpp_int_check_type)0, std::allocator<unsigned long long> > > const&, bool)","std::enable_if<((!boost::multiprecision::backends::is_trivial_cpp_int<boost::multiprecision::backends::cpp_int_backend<0ul, 0ul, (boost::multiprecision::cpp_integer_type)1, (boost::multiprecision::cpp_int_check_type)0, std::allocator<unsigned long long> > >::value)&&(!boost::multiprecision::backends::is_trivial_cpp_int<boost::multiprecision::backends::cpp_int_backend<0ul, 0ul, (boost::multiprecision::cpp_integer_type)1, (boost::multiprecision::cpp_int_check_type)0, std::allocator<unsigned long long> > >::value))&&(!boost::multiprecision::backends::is_trivial_cpp_int<boost::multiprecision::backends::cpp_int_backend<0ul, 0ul, (boost::multiprecision::cpp_integer_type)1, (boost::multiprecision::cpp_int_check_type)0, std::allocator<unsigned long long> > >::value), void>::type boost::multiprecision::backends::eval_multiply<0ul, 0ul, (boost::multiprecision::cpp_integer_type)1, (boost::multiprecision::cpp_int_check_type)0, std::allocator<unsigned long long>, 0ul, 0ul, (boost::multiprecision::cpp_integer_type)1, (boost::multiprecision::cpp_int_check_type)0, std::allocator<unsigned long long>, 0ul, 0ul, (boost::multiprecision::cpp_integer_type)1, (boost::multiprecision::cpp_int_check_type)0, std::allocator<unsigned long long> >(boost::multiprecision::backends::cpp_int_backend<0ul, 0ul, (boost::multiprecision::cpp_integer_type)1, (boost::multiprecision::cpp_int_check_type)0, std::allocator<unsigned long long> >&, boost::multiprecision::backends::cpp_int_backend<0ul, 0ul, (boost::multiprecision::cpp_integer_type)1, (boost::multiprecision::cpp_int_check_type)0, std::allocator<unsigned long long> > const&, boost::multiprecision::backends::cpp_int_backend<0ul, 0ul, (boost::multiprecision::cpp_integer_type)1, (boost::multiprecision::cpp_int_check_type)0, std::allocator<unsigned long long> > const&)",22044088,0.6073992269464384
"std::enable_if<std::is_floating_point<long double>::value, boost::multiprecision::backends::rational_adaptor<boost::multiprecision::backends::cpp_int_backend<0ul, 0ul, (boost::multiprecision::cpp_integer_type)1, (boost::multiprecision::cpp_int_check_type)0, std::allocator<unsigned long long> > >&>::type boost::multiprecision::backends::rational_adaptor<boost::multiprecision::backends::cpp_int_backend<0ul, 0ul, (boost::multiprecision::cpp_integer_type)1, (boost::multiprecision::cpp_int_check_type)0, std::allocator<unsigned long long> > >::operator=<long double>(long double) [clone .isra.0]",__umodti3,20040080,0.5521811154058531
"ParallelRoam::Algorithms::GreedyTransactionalLod::TransactionalCertification::Measure(ParallelRoam::Algorithms::GreedyTransactionalLod::TransactionalState const&, ParallelRoam::Algorithms::GreedyTransactionalLod::TransactionalSamples const&, ParallelRoam::Algorithms::GreedyTransactionalLod::Proposal&, ParallelRoam::Algorithms::GreedyTransactionalLod::WorkLedger&, ParallelRoam::Algorithms::GreedyTransactionalLod::TransactionalProposalEvidence*)",ParallelRoam::Algorithms::GreedyTransactionalLod::WorkLedger::Touch(),20040080,0.5521811154058531
"auto ParallelRoam::Algorithms::GreedyTransactionalLod::TransactionalReservation::Plan(ParallelRoam::Algorithms::GreedyTransactionalLod::TransactionalState const&, ParallelRoam::Algorithms::GreedyTransactionalLod::TransactionalSamples const&, ParallelRoam::Algorithms::GreedyTransactionalLod::WorkLedger&, ParallelRoam::Algorithms::GreedyTransactionalLod::TransactionalExecution const&)::{lambda(auto:1, auto:2, ParallelRoam::Algorithms::GreedyTransactionalLod::WorkLedger&)#1}::operator()<unsigned long, unsigned long>(unsigned long, unsigned long, ParallelRoam::Algorithms::GreedyTransactionalLod::WorkLedger&) const","ParallelRoam::Algorithms::GreedyTransactionalLod::TransactionalFlipRecovery::FirstCertified(ParallelRoam::Algorithms::GreedyTransactionalLod::TransactionalState const&, ParallelRoam::Algorithms::GreedyTransactionalLod::TransactionalSamples const&, unsigned int, ParallelRoam::Algorithms::GreedyTransactionalLod::WorkLedger&, std::vector<std::pair<char, std::__cxx11::basic_string<char, std::char_traits<char>, std::allocator<char> > >, std::allocator<std::pair<char, std::__cxx11::basic_string<char, std::char_traits<char>, std::allocator<char> > > > >&)",20040080,0.5521811154058531
"ParallelRoam::Algorithms::GreedyTransactionalLod::TransactionalPredicates::Orientation(ParallelRoam::Algorithms::GreedyTransactionalLod::Point const&, ParallelRoam::Algorithms::GreedyTransactionalLod::Point const&, ParallelRoam::Algorithms::GreedyTransactionalLod::Point const&)","std::enable_if<std::is_floating_point<long double>::value, boost::multiprecision::backends::rational_adaptor<boost::multiprecision::backends::cpp_int_backend<0ul, 0ul, (boost::multiprecision::cpp_integer_type)1, (boost::multiprecision::cpp_int_check_type)0, std::allocator<unsigned long long> > >&>::type boost::multiprecision::backends::rational_adaptor<boost::multiprecision::backends::cpp_int_backend<0ul, 0ul, (boost::multiprecision::cpp_integer_type)1, (boost::multiprecision::cpp_int_check_type)0, std::allocator<unsigned long long> > >::operator=<long double>(long double) [clone .isra.0]",20040080,0.5521811154058531
"std::enable_if<std::is_floating_point<long double>::value, boost::multiprecision::backends::rational_adaptor<boost::multiprecision::backends::cpp_int_backend<0ul, 0ul, (boost::multiprecision::cpp_integer_type)1, (boost::multiprecision::cpp_int_check_type)0, std::allocator<unsigned long long> > >&>::type boost::multiprecision::backends::rational_adaptor<boost::multiprecision::backends::cpp_int_backend<0ul, 0ul, (boost::multiprecision::cpp_integer_type)1, (boost::multiprecision::cpp_int_check_type)0, std::allocator<unsigned long long> > >::operator=<long double>(long double) [clone .isra.0]",__scalbnl,20040080,0.5521811154058531
"ParallelRoam::Algorithms::GreedyTransactionalLod::TransactionalCertification::Fit[abi:cxx11](ParallelRoam::Algorithms::GreedyTransactionalLod::TransactionalState const&, ParallelRoam::Algorithms::GreedyTransactionalLod::TransactionalSamples const&, ParallelRoam::Algorithms::GreedyTransactionalLod::Proposal&, ParallelRoam::Algorithms::GreedyTransactionalLod::WorkLedger&, ParallelRoam::Algorithms::GreedyTransactionalLod::SingleHeightFitInterval*)",ParallelRoam::Algorithms::GreedyTransactionalLod::WorkLedger::Touch(),20040080,0.5521811154058531
ParallelRoam::Algorithms::GreedyTransactionalLod::TransactionalPipeline::Update(ParallelRoam::Algorithms::GreedyTransactionalLod::WorkLedger&),"ParallelRoam::Algorithms::GreedyTransactionalLod::TransactionalReservation::Plan(ParallelRoam::Algorithms::GreedyTransactionalLod::TransactionalState const&, ParallelRoam::Algorithms::GreedyTransactionalLod::TransactionalSamples const&, ParallelRoam::Algorithms::GreedyTransactionalLod::WorkLedger&, ParallelRoam::Algorithms::GreedyTransactionalLod::TransactionalExecution const&)",18036072,0.4969630038652678
"boost::multiprecision::number<boost::multiprecision::backends::rational_adaptor<boost::multiprecision::backends::cpp_int_backend<0ul, 0ul, (boost::multiprecision::cpp_integer_type)1, (boost::multiprecision::cpp_int_check_type)0, std::allocator<unsigned long long> > >, (boost::multiprecision::expression_template_option)1> ParallelRoam::Algorithms::GreedyTransactionalLod::QualityEvaluation::Height<boost::multiprecision::number<boost::multiprecision::backends::rational_adaptor<boost::multiprecision::backends::cpp_int_backend<0ul, 0ul, (boost::multiprecision::cpp_integer_type)1, (boost::multiprecision::cpp_int_check_type)0, std::allocator<unsigned long long> > >, (boost::multiprecision::expression_template_option)1> >(boost::multiprecision::number<boost::multiprecision::backends::rational_adaptor<boost::multiprecision::backends::cpp_int_backend<0ul, 0ul, (boost::multiprecision::cpp_integer_type)1, (boost::multiprecision::cpp_int_check_type)0, std::allocator<unsigned long long> > >, (boost::multiprecision::expression_template_option)1> const&, boost::multiprecision::number<boost::multiprecision::backends::rational_adaptor<boost::multiprecision::backends::cpp_int_backend<0ul, 0ul, (boost::multiprecision::cpp_integer_type)1, (boost::multiprecision::cpp_int_check_type)0, std::allocator<unsigned long long> > >, (boost::multiprecision::expression_template_option)1> const&, ParallelRoam::Algorithms::GreedyTransactionalLod::Point const&, ParallelRoam::Algorithms::GreedyTransactionalLod::Point const&, ParallelRoam::Algorithms::GreedyTransactionalLod::Point const&)","std::enable_if<std::is_floating_point<long double>::value, boost::multiprecision::backends::rational_adaptor<boost::multiprecision::backends::cpp_int_backend<0ul, 0ul, (boost::multiprecision::cpp_integer_type)1, (boost::multiprecision::cpp_int_check_type)0, std::allocator<unsigned long long> > >&>::type boost::multiprecision::backends::rational_adaptor<boost::multiprecision::backends::cpp_int_backend<0ul, 0ul, (boost::multiprecision::cpp_integer_type)1, (boost::multiprecision::cpp_int_check_type)0, std::allocator<unsigned long long> > >::operator=<long double>(long double) [clone .isra.0]",18036072,0.4969630038652678
"ParallelRoam::Algorithms::GreedyTransactionalLod::TransactionalFlipRecovery::FirstCertified(ParallelRoam::Algorithms::GreedyTransactionalLod::TransactionalState const&, ParallelRoam::Algorithms::GreedyTransactionalLod::TransactionalSamples const&, unsigned int, ParallelRoam::Algorithms::GreedyTransactionalLod::WorkLedger&, std::vector<std::pair<char, std::__cxx11::basic_string<char, std::char_traits<char>, std::allocator<char> > >, std::allocator<std::pair<char, std::__cxx11::basic_string<char, std::char_traits<char>, std::allocator<char> > > > >&)","ParallelRoam::Algorithms::GreedyTransactionalLod::TransactionalCertification::Measure(ParallelRoam::Algorithms::GreedyTransactionalLod::TransactionalState const&, ParallelRoam::Algorithms::GreedyTransactionalLod::TransactionalSamples const&, ParallelRoam::Algorithms::GreedyTransactionalLod::Proposal&, ParallelRoam::Algorithms::GreedyTransactionalLod::WorkLedger&)",18036072,0.4969630038652678
"void boost::multiprecision::backends::eval_multiply_imp<boost::multiprecision::backends::cpp_int_backend<0ul, 0ul, (boost::multiprecision::cpp_integer_type)1, (boost::multiprecision::cpp_int_check_type)0, std::allocator<unsigned long long> > >(boost::multiprecision::backends::rational_adaptor<boost::multiprecision::backends::cpp_int_backend<0ul, 0ul, (boost::multiprecision::cpp_integer_type)1, (boost::multiprecision::cpp_int_check_type)0, std::allocator<unsigned long long> > >&, boost::multiprecision::backends::rational_adaptor<boost::multiprecision::backends::cpp_int_backend<0ul, 0ul, (boost::multiprecision::cpp_integer_type)1, (boost::multiprecision::cpp_int_check_type)0, std::allocator<unsigned long long> > > const&, boost::multiprecision::backends::cpp_int_backend<0ul, 0ul, (boost::multiprecision::cpp_integer_type)1, (boost::multiprecision::cpp_int_check_type)0, std::allocator<unsigned long long> > const&, boost::multiprecision::backends::cpp_int_backend<0ul, 0ul, (boost::multiprecision::cpp_integer_type)1, (boost::multiprecision::cpp_int_check_type)0, std::allocator<unsigned long long> > const&)","std::enable_if<((!boost::multiprecision::backends::is_trivial_cpp_int<boost::multiprecision::backends::cpp_int_backend<0ul, 0ul, (boost::multiprecision::cpp_integer_type)1, (boost::multiprecision::cpp_int_check_type)0, std::allocator<unsigned long long> > >::value)&&(!boost::multiprecision::backends::is_trivial_cpp_int<boost::multiprecision::backends::cpp_int_backend<0ul, 0ul, (boost::multiprecision::cpp_integer_type)1, (boost::multiprecision::cpp_int_check_type)0, std::allocator<unsigned long long> > >::value))&&(!boost::multiprecision::backends::is_trivial_cpp_int<boost::multiprecision::backends::cpp_int_backend<0ul, 0ul, (boost::multiprecision::cpp_integer_type)1, (boost::multiprecision::cpp_int_check_type)0, std::allocator<unsigned long long> > >::value), void>::type boost::multiprecision::backends::eval_multiply<0ul, 0ul, (boost::multiprecision::cpp_integer_type)1, (boost::multiprecision::cpp_int_check_type)0, std::allocator<unsigned long long>, 0ul, 0ul, (boost::multiprecision::cpp_integer_type)1, (boost::multiprecision::cpp_int_check_type)0, std::allocator<unsigned long long>, 0ul, 0ul, (boost::multiprecision::cpp_integer_type)1, (boost::multiprecision::cpp_int_check_type)0, std::allocator<unsigned long long> >(boost::multiprecision::backends::cpp_int_backend<0ul, 0ul, (boost::multiprecision::cpp_integer_type)1, (boost::multiprecision::cpp_int_check_type)0, std::allocator<unsigned long long> >&, boost::multiprecision::backends::cpp_int_backend<0ul, 0ul, (boost::multiprecision::cpp_integer_type)1, (boost::multiprecision::cpp_int_check_type)0, std::allocator<unsigned long long> > const&, boost::multiprecision::backends::cpp_int_backend<0ul, 0ul, (boost::multiprecision::cpp_integer_type)1, (boost::multiprecision::cpp_int_check_type)0, std::allocator<unsigned long long> > const&)",18036072,0.4969630038652678
"ParallelRoam::Algorithms::GreedyTransactionalLod::TransactionalProposals::CertifyReceiver[abi:cxx11](ParallelRoam::Algorithms::GreedyTransactionalLod::TransactionalState const&, ParallelRoam::Algorithms::GreedyTransactionalLod::TransactionalSamples const&, ParallelRoam::Algorithms::GreedyTransactionalLod::Proposal&, ParallelRoam::Algorithms::GreedyTransactionalLod::WorkLedger&)",hypot@@GLIBC_2.35,18036072,0.4969630038652678
"ParallelRoam::Algorithms::GreedyTransactionalLod::TransactionalSamples::Prepare(ParallelRoam::Algorithms::GreedyTransactionalLod::TransactionalState const&, ParallelRoam::Algorithms::GreedyTransactionalLod::PreparedTopology const&, ParallelRoam::Algorithms::GreedyTransactionalLod::WorkLedger&)",operator new(unsigned long),18036072,0.4969630038652678
"ParallelRoam::Algorithms::GreedyTransactionalLod::TransactionalCertification::Measure(ParallelRoam::Algorithms::GreedyTransactionalLod::TransactionalState const&, ParallelRoam::Algorithms::GreedyTransactionalLod::TransactionalSamples const&, ParallelRoam::Algorithms::GreedyTransactionalLod::Proposal&, ParallelRoam::Algorithms::GreedyTransactionalLod::WorkLedger&, ParallelRoam::Algorithms::GreedyTransactionalLod::TransactionalProposalEvidence*)","ParallelRoam::Algorithms::GreedyTransactionalLod::QualityEvaluation::operator*(ParallelRoam::Algorithms::GreedyTransactionalLod::QualityEvaluation::Interval, ParallelRoam::Algorithms::GreedyTransactionalLod::QualityEvaluation::Interval)",16032064,0.4417448923246825
"std::enable_if<std::is_convertible<unsigned long long, boost::multiprecision::backends::cpp_int_backend<0ul, 0ul, (boost::multiprecision::cpp_integer_type)1, (boost::multiprecision::cpp_int_check_type)0, std::allocator<unsigned long long> > >::value&&std::is_integral<unsigned long long>::value, void>::type boost::multiprecision::backends::eval_divide<boost::multiprecision::backends::cpp_int_backend<0ul, 0ul, (boost::multiprecision::cpp_integer_type)1, (boost::multiprecision::cpp_int_check_type)0, std::allocator<unsigned long long> >, unsigned long long>(boost::multiprecision::backends::rational_adaptor<boost::multiprecision::backends::cpp_int_backend<0ul, 0ul, (boost::multiprecision::cpp_integer_type)1, (boost::multiprecision::cpp_int_check_type)0, std::allocator<unsigned long long> > >&, unsigned long long)","std::enable_if<!boost::multiprecision::backends::is_trivial_cpp_int<boost::multiprecision::backends::cpp_int_backend<0ul, 0ul, (boost::multiprecision::cpp_integer_type)1, (boost::multiprecision::cpp_int_check_type)0, std::allocator<unsigned long long> > >::value, void>::type boost::multiprecision::backends::eval_gcd<0ul, 0ul, (boost::multiprecision::cpp_integer_type)1, (boost::multiprecision::cpp_int_check_type)0, std::allocator<unsigned long long> >(boost::multiprecision::backends::cpp_int_backend<0ul, 0ul, (boost::multiprecision::cpp_integer_type)1, (boost::multiprecision::cpp_int_check_type)0, std::allocator<unsigned long long> >&, boost::multiprecision::backends::cpp_int_backend<0ul, 0ul, (boost::multiprecision::cpp_integer_type)1, (boost::multiprecision::cpp_int_check_type)0, std::allocator<unsigned long long> > const&, unsigned long long)",16032064,0.4417448923246825
"ParallelRoam::Algorithms::GreedyTransactionalLod::TransactionalCertification::Measure(ParallelRoam::Algorithms::GreedyTransactionalLod::TransactionalState const&, ParallelRoam::Algorithms::GreedyTransactionalLod::TransactionalSamples const&, ParallelRoam::Algorithms::GreedyTransactionalLod::Proposal&, ParallelRoam::Algorithms::GreedyTransactionalLod::WorkLedger&)","ParallelRoam::Algorithms::GreedyTransactionalLod::QualityEvaluation::ErrorBounds(ParallelRoam::Algorithms::GreedyTransactionalLod::TransactionalState const&, ParallelRoam::Algorithms::GreedyTransactionalLod::TransactionalSamples const&, unsigned int, ParallelRoam::Algorithms::GreedyTransactionalLod::Proposal const*, ParallelRoam::Algorithms::GreedyTransactionalLod::WorkLedger&, ParallelRoam::Algorithms::GreedyTransactionalLod::TransactionalProposalEvidence*)",16032064,0.4417448923246825
"std::enable_if<std::is_floating_point<long double>::value, boost::multiprecision::backends::rational_adaptor<boost::multiprecision::backends::cpp_int_backend<0ul, 0ul, (boost::multiprecision::cpp_integer_type)1, (boost::multiprecision::cpp_int_check_type)0, std::allocator<unsigned long long> > >&>::type boost::multiprecision::backends::rational_adaptor<boost::multiprecision::backends::cpp_int_backend<0ul, 0ul, (boost::multiprecision::cpp_integer_type)1, (boost::multiprecision::cpp_int_check_type)0, std::allocator<unsigned long long> > >::operator=<long double>(long double) [clone .isra.0]","void boost::multiprecision::backends::divide_unsigned_helper<boost::multiprecision::backends::cpp_int_backend<0ul, 0ul, (boost::multiprecision::cpp_integer_type)1, (boost::multiprecision::cpp_int_check_type)0, std::allocator<unsigned long long> >, boost::multiprecision::backends::cpp_int_backend<0ul, 0ul, (boost::multiprecision::cpp_integer_type)1, (boost::multiprecision::cpp_int_check_type)0, std::allocator<unsigned long long> >, boost::multiprecision::backends::cpp_int_backend<0ul, 0ul, (boost::multiprecision::cpp_integer_type)1, (boost::multiprecision::cpp_int_check_type)0, std::allocator<unsigned long long> > >(boost::multiprecision::backends::cpp_int_backend<0ul, 0ul, (boost::multiprecision::cpp_integer_type)1, (boost::multiprecision::cpp_int_check_type)0, std::allocator<unsigned long long> >*, boost::multiprecision::backends::cpp_int_backend<0ul, 0ul, (boost::multiprecision::cpp_integer_type)1, (boost::multiprecision::cpp_int_check_type)0, std::allocator<unsigned long long> > const&, boost::multiprecision::backends::cpp_int_backend<0ul, 0ul, (boost::multiprecision::cpp_integer_type)1, (boost::multiprecision::cpp_int_check_type)0, std::allocator<unsigned long long> > const&, boost::multiprecision::backends::cpp_int_backend<0ul, 0ul, (boost::multiprecision::cpp_integer_type)1, (boost::multiprecision::cpp_int_check_type)0, std::allocator<unsigned long long> >&)",16032064,0.4417448923246825
"ParallelRoam::Algorithms::GreedyTransactionalLod::QualityEvaluation::ErrorBounds(ParallelRoam::Algorithms::GreedyTransactionalLod::TransactionalState const&, ParallelRoam::Algorithms::GreedyTransactionalLod::TransactionalSamples const&, unsigned int, ParallelRoam::Algorithms::GreedyTransactionalLod::Proposal const*, ParallelRoam::Algorithms::GreedyTransactionalLod::WorkLedger&, ParallelRoam::Algorithms::GreedyTransactionalLod::TransactionalProposalEvidence*)","ParallelRoam::Algorithms::GreedyTransactionalLod::TransactionalProposalEvidence::Face(unsigned int, ParallelRoam::Algorithms::GreedyTransactionalLod::WorkLedger&)",16032064,0.4417448923246825
"void boost::multiprecision::backends::eval_add_subtract_imp<boost::multiprecision::backends::cpp_int_backend<0ul, 0ul, (boost::multiprecision::cpp_integer_type)1, (boost::multiprecision::cpp_int_check_type)0, std::allocator<unsigned long long> > >(boost::multiprecision::backends::rational_adaptor<boost::multiprecision::backends::cpp_int_backend<0ul, 0ul, (boost::multiprecision::cpp_integer_type)1, (boost::multiprecision::cpp_int_check_type)0, std::allocator<unsigned long long> > >&, boost::multiprecision::backends::rational_adaptor<boost::multiprecision::backends::cpp_int_backend<0ul, 0ul, (boost::multiprecision::cpp_integer_type)1, (boost::multiprecision::cpp_int_check_type)0, std::allocator<unsigned long long> > > const&, boost::multiprecision::backends::rational_adaptor<boost::multiprecision::backends::cpp_int_backend<0ul, 0ul, (boost::multiprecision::cpp_integer_type)1, (boost::multiprecision::cpp_int_check_type)0, std::allocator<unsigned long long> > > const&, bool)","void boost::multiprecision::backends::divide_unsigned_helper<boost::multiprecision::backends::cpp_int_backend<0ul, 0ul, (boost::multiprecision::cpp_integer_type)1, (boost::multiprecision::cpp_int_check_type)0, std::allocator<unsigned long long> >, boost::multiprecision::backends::cpp_int_backend<0ul, 0ul, (boost::multiprecision::cpp_integer_type)1, (boost::multiprecision::cpp_int_check_type)0, std::allocator<unsigned long long> >, boost::multiprecision::backends::cpp_int_backend<0ul, 0ul, (boost::multiprecision::cpp_integer_type)1, (boost::multiprecision::cpp_int_check_type)0, std::allocator<unsigned long long> > >(boost::multiprecision::backends::cpp_int_backend<0ul, 0ul, (boost::multiprecision::cpp_integer_type)1, (boost::multiprecision::cpp_int_check_type)0, std::allocator<unsigned long long> >*, boost::multiprecision::backends::cpp_int_backend<0ul, 0ul, (boost::multiprecision::cpp_integer_type)1, (boost::multiprecision::cpp_int_check_type)0, std::allocator<unsigned long long> > const&, boost::multiprecision::backends::cpp_int_backend<0ul, 0ul, (boost::multiprecision::cpp_integer_type)1, (boost::multiprecision::cpp_int_check_type)0, std::allocator<unsigned long long> > const&, boost::multiprecision::backends::cpp_int_backend<0ul, 0ul, (boost::multiprecision::cpp_integer_type)1, (boost::multiprecision::cpp_int_check_type)0, std::allocator<unsigned long long> >&)",16032064,0.4417448923246825
"void boost::multiprecision::backends::eval_multiply_imp<boost::multiprecision::backends::cpp_int_backend<0ul, 0ul, (boost::multiprecision::cpp_integer_type)1, (boost::multiprecision::cpp_int_check_type)0, std::allocator<unsigned long long> > >(boost::multiprecision::backends::rational_adaptor<boost::multiprecision::backends::cpp_int_backend<0ul, 0ul, (boost::multiprecision::cpp_integer_type)1, (boost::multiprecision::cpp_int_check_type)0, std::allocator<unsigned long long> > >&, boost::multiprecision::backends::rational_adaptor<boost::multiprecision::backends::cpp_int_backend<0ul, 0ul, (boost::multiprecision::cpp_integer_type)1, (boost::multiprecision::cpp_int_check_type)0, std::allocator<unsigned long long> > > const&, boost::multiprecision::backends::cpp_int_backend<0ul, 0ul, (boost::multiprecision::cpp_integer_type)1, (boost::multiprecision::cpp_int_check_type)0, std::allocator<unsigned long long> > const&, boost::multiprecision::backends::cpp_int_backend<0ul, 0ul, (boost::multiprecision::cpp_integer_type)1, (boost::multiprecision::cpp_int_check_type)0, std::allocator<unsigned long long> > const&)","void boost::multiprecision::backends::divide_unsigned_helper<boost::multiprecision::backends::cpp_int_backend<0ul, 0ul, (boost::multiprecision::cpp_integer_type)1, (boost::multiprecision::cpp_int_check_type)0, std::allocator<unsigned long long> >, boost::multiprecision::backends::cpp_int_backend<0ul, 0ul, (boost::multiprecision::cpp_integer_type)1, (boost::multiprecision::cpp_int_check_type)0, std::allocator<unsigned long long> > >(boost::multiprecision::backends::cpp_int_backend<0ul, 0ul, (boost::multiprecision::cpp_integer_type)1, (boost::multiprecision::cpp_int_check_type)0, std::allocator<unsigned long long> >*, boost::multiprecision::backends::cpp_int_backend<0ul, 0ul, (boost::multiprecision::cpp_integer_type)1, (boost::multiprecision::cpp_int_check_type)0, std::allocator<unsigned long long> > const&, unsigned long long, boost::multiprecision::backends::cpp_int_backend<0ul, 0ul, (boost::multiprecision::cpp_integer_type)1, (boost::multiprecision::cpp_int_check_type)0, std::allocator<unsigned long long> >&)",16032064,0.4417448923246825
"ParallelRoam::Algorithms::GreedyTransactionalLod::TransactionalCommit::Prepare(ParallelRoam::Algorithms::GreedyTransactionalLod::TransactionalState&, ParallelRoam::Algorithms::GreedyTransactionalLod::CertifiedBatch const&, ParallelRoam::Algorithms::GreedyTransactionalLod::WorkLedger&, ParallelRoam::Algorithms::GreedyTransactionalLod::TransactionalExecution const&, ParallelRoam::Algorithms::GreedyTransactionalLod::HeightSource const*)","ParallelRoam::Algorithms::GreedyTransactionalLod::TransactionalCommit::Prepare(ParallelRoam::Algorithms::GreedyTransactionalLod::TransactionalState&, ParallelRoam::Algorithms::GreedyTransactionalLod::CertifiedBatch const&, ParallelRoam::Algorithms::GreedyTransactionalLod::WorkLedger&, ParallelRoam::Algorithms::GreedyTransactionalLod::TransactionalExecution const&, ParallelRoam::Algorithms::GreedyTransactionalLod::HeightSource const*)::{lambda(ParallelRoam::Algorithms::GreedyTransactionalLod::Proposal const&, bool)#1}::operator()(ParallelRoam::Algorithms::GreedyTransactionalLod::Proposal const&, bool) const",16032064,0.4417448923246825
"std::array<boost::multiprecision::number<boost::multiprecision::backends::rational_adaptor<boost::multiprecision::backends::cpp_int_backend<0ul, 0ul, (boost::multiprecision::cpp_integer_type)1, (boost::multiprecision::cpp_int_check_type)0, std::allocator<unsigned long long> > >, (boost::multiprecision::expression_template_option)1>, 4ul> ParallelRoam::Algorithms::GreedyTransactionalLod::QualityEvaluation::Clip<boost::multiprecision::number<boost::multiprecision::backends::rational_adaptor<boost::multiprecision::backends::cpp_int_backend<0ul, 0ul, (boost::multiprecision::cpp_integer_type)1, (boost::multiprecision::cpp_int_check_type)0, std::allocator<unsigned long long> > >, (boost::multiprecision::expression_template_option)1> >(ParallelRoam::Algorithms::GreedyTransactionalLod::Configuration const&, boost::multiprecision::number<boost::multiprecision::backends::rational_adaptor<boost::multiprecision::backends::cpp_int_backend<0ul, 0ul, (boost::multiprecision::cpp_integer_type)1, (boost::multiprecision::cpp_int_check_type)0, std::allocator<unsigned long long> > >, (boost::multiprecision::expression_template_option)1> const&, boost::multiprecision::number<boost::multiprecision::backends::rational_adaptor<boost::multiprecision::backends::cpp_int_backend<0ul, 0ul, (boost::multiprecision::cpp_integer_type)1, (boost::multiprecision::cpp_int_check_type)0, std::allocator<unsigned long long> > >, (boost::multiprecision::expression_template_option)1> const&, boost::multiprecision::number<boost::multiprecision::backends::rational_adaptor<boost::multiprecision::backends::cpp_int_backend<0ul, 0ul, (boost::multiprecision::cpp_integer_type)1, (boost::multiprecision::cpp_int_check_type)0, std::allocator<unsigned long long> > >, (boost::multiprecision::expression_template_option)1> const&)","void boost::multiprecision::backends::eval_multiply_imp<boost::multiprecision::backends::cpp_int_backend<0ul, 0ul, (boost::multiprecision::cpp_integer_type)1, (boost::multiprecision::cpp_int_check_type)0, std::allocator<unsigned long long> > >(boost::multiprecision::backends::rational_adaptor<boost::multiprecision::backends::cpp_int_backend<0ul, 0ul, (boost::multiprecision::cpp_integer_type)1, (boost::multiprecision::cpp_int_check_type)0, std::allocator<unsigned long long> > >&, boost::multiprecision::backends::rational_adaptor<boost::multiprecision::backends::cpp_int_backend<0ul, 0ul, (boost::multiprecision::cpp_integer_type)1, (boost::multiprecision::cpp_int_check_type)0, std::allocator<unsigned long long> > > const&, boost::multiprecision::backends::cpp_int_backend<0ul, 0ul, (boost::multiprecision::cpp_integer_type)1, (boost::multiprecision::cpp_int_check_type)0, std::allocator<unsigned long long> > const&, boost::multiprecision::backends::cpp_int_backend<0ul, 0ul, (boost::multiprecision::cpp_integer_type)1, (boost::multiprecision::cpp_int_check_type)0, std::allocator<unsigned long long> > const&)",14028056,0.3865267807840972
_int_free_chunk,_int_free_merge_chunk,14028056,0.3865267807840972
"ParallelRoam::Algorithms::GreedyTransactionalLod::QualityEvaluation::ErrorBounds(ParallelRoam::Algorithms::GreedyTransactionalLod::TransactionalState const&, ParallelRoam::Algorithms::GreedyTransactionalLod::TransactionalSamples const&, unsigned int, ParallelRoam::Algorithms::GreedyTransactionalLod::Proposal const*, ParallelRoam::Algorithms::GreedyTransactionalLod::WorkLedger&, ParallelRoam::Algorithms::GreedyTransactionalLod::TransactionalProposalEvidence*)",nextafter@plt,14028056,0.3865267807840972
"ParallelRoam::Algorithms::GreedyTransactionalLod::TransactionalPredicates::Shape(ParallelRoam::Algorithms::GreedyTransactionalLod::Point const&, ParallelRoam::Algorithms::GreedyTransactionalLod::Point const&, ParallelRoam::Algorithms::GreedyTransactionalLod::Point const&)","void boost::multiprecision::backends::eval_multiply_imp<boost::multiprecision::backends::cpp_int_backend<0ul, 0ul, (boost::multiprecision::cpp_integer_type)1, (boost::multiprecision::cpp_int_check_type)0, std::allocator<unsigned long long> > >(boost::multiprecision::backends::rational_adaptor<boost::multiprecision::backends::cpp_int_backend<0ul, 0ul, (boost::multiprecision::cpp_integer_type)1, (boost::multiprecision::cpp_int_check_type)0, std::allocator<unsigned long long> > >&, boost::multiprecision::backends::rational_adaptor<boost::multiprecision::backends::cpp_int_backend<0ul, 0ul, (boost::multiprecision::cpp_integer_type)1, (boost::multiprecision::cpp_int_check_type)0, std::allocator<unsigned long long> > > const&, boost::multiprecision::backends::cpp_int_backend<0ul, 0ul, (boost::multiprecision::cpp_integer_type)1, (boost::multiprecision::cpp_int_check_type)0, std::allocator<unsigned long long> > const&, boost::multiprecision::backends::cpp_int_backend<0ul, 0ul, (boost::multiprecision::cpp_integer_type)1, (boost::multiprecision::cpp_int_check_type)0, std::allocator<unsigned long long> > const&)",14028056,0.3865267807840972
"std::array<ParallelRoam::Algorithms::GreedyTransactionalLod::QualityEvaluation::Interval, 4ul> ParallelRoam::Algorithms::GreedyTransactionalLod::QualityEvaluation::Clip<ParallelRoam::Algorithms::GreedyTransactionalLod::QualityEvaluation::Interval>(ParallelRoam::Algorithms::GreedyTransactionalLod::Configuration const&, ParallelRoam::Algorithms::GreedyTransactionalLod::QualityEvaluation::Interval const&, ParallelRoam::Algorithms::GreedyTransactionalLod::QualityEvaluation::Interval const&, ParallelRoam::Algorithms::GreedyTransactionalLod::QualityEvaluation::Interval const&)",__nextafter,12024048,0.3313086692435119
"void boost::multiprecision::backends::cpp_int_backend<0ul, 0ul, (boost::multiprecision::cpp_integer_type)1, (boost::multiprecision::cpp_int_check_type)0, std::allocator<unsigned long long> >::do_assign_float<long double>(long double)",__scalbnl,12024048,0.3313086692435119
"ParallelRoam::Algorithms::GreedyTransactionalLod::QualityEvaluation::ExactError(ParallelRoam::Algorithms::GreedyTransactionalLod::TransactionalState const&, ParallelRoam::Algorithms::GreedyTransactionalLod::TransactionalSamples const&, unsigned int, ParallelRoam::Algorithms::GreedyTransactionalLod::Proposal const*, ParallelRoam::Algorithms::GreedyTransactionalLod::TransactionalProposalEvidence*, ParallelRoam::Algorithms::GreedyTransactionalLod::WorkLedger*)","void boost::multiprecision::backends::eval_add_subtract_imp<boost::multiprecision::backends::cpp_int_backend<0ul, 0ul, (boost::multiprecision::cpp_integer_type)1, (boost::multiprecision::cpp_int_check_type)0, std::allocator<unsigned long long> > >(boost::multiprecision::backends::rational_adaptor<boost::multiprecision::backends::cpp_int_backend<0ul, 0ul, (boost::multiprecision::cpp_integer_type)1, (boost::multiprecision::cpp_int_check_type)0, std::allocator<unsigned long long> > >&, boost::multiprecision::backends::rational_adaptor<boost::multiprecision::backends::cpp_int_backend<0ul, 0ul, (boost::multiprecision::cpp_integer_type)1, (boost::multiprecision::cpp_int_check_type)0, std::allocator<unsigned long long> > > const&, boost::multiprecision::backends::rational_adaptor<boost::multiprecision::backends::cpp_int_backend<0ul, 0ul, (boost::multiprecision::cpp_integer_type)1, (boost::multiprecision::cpp_int_check_type)0, std::allocator<unsigned long long> > > const&, bool)",12024048,0.3313086692435119
"ParallelRoam::Algorithms::GreedyTransactionalLod::TransactionalPipeline::Apply(ParallelRoam::Algorithms::GreedyTransactionalLod::CertifiedBatch const&, ParallelRoam::Algorithms::GreedyTransactionalLod::WorkLedger&)",ParallelRoam::Algorithms::GreedyTransactionalLod::TransactionalSamples::Publish(ParallelRoam::Algorithms::GreedyTransactionalLod::PreparedSamples&&),12024048,0.3313086692435119
"ParallelRoam::Algorithms::GreedyTransactionalLod::TransactionalSamples::Prepare(ParallelRoam::Algorithms::GreedyTransactionalLod::TransactionalState const&, ParallelRoam::Algorithms::GreedyTransactionalLod::PreparedTopology const&, ParallelRoam::Algorithms::GreedyTransactionalLod::WorkLedger&)","ParallelRoam::Algorithms::GreedyTransactionalLod::TransactionalSamples::Project(ParallelRoam::Algorithms::GreedyTransactionalLod::Configuration const&, unsigned int, ParallelRoam::Algorithms::GreedyTransactionalLod::SampleValue, ParallelRoam::Algorithms::GreedyTransactionalLod::WorkLedger&) const",12024048,0.3313086692435119
"ParallelRoam::Algorithms::GreedyTransactionalLod::QualityEvaluation::ErrorBounds(ParallelRoam::Algorithms::GreedyTransactionalLod::TransactionalState const&, ParallelRoam::Algorithms::GreedyTransactionalLod::TransactionalSamples const&, unsigned int, ParallelRoam::Algorithms::GreedyTransactionalLod::Proposal const*, ParallelRoam::Algorithms::GreedyTransactionalLod::WorkLedger&, ParallelRoam::Algorithms::GreedyTransactionalLod::TransactionalProposalEvidence*)","ParallelRoam::Algorithms::GreedyTransactionalLod::QualityEvaluation::operator/(ParallelRoam::Algorithms::GreedyTransactionalLod::QualityEvaluation::Interval, ParallelRoam::Algorithms::GreedyTransactionalLod::QualityEvaluation::Interval)",12024048,0.3313086692435119
"std::array<boost::multiprecision::number<boost::multiprecision::backends::rational_adaptor<boost::multiprecision::backends::cpp_int_backend<0ul, 0ul, (boost::multiprecision::cpp_integer_type)1, (boost::multiprecision::cpp_int_check_type)0, std::allocator<unsigned long long> > >, (boost::multiprecision::expression_template_option)1>, 4ul> ParallelRoam::Algorithms::GreedyTransactionalLod::QualityEvaluation::Clip<boost::multiprecision::number<boost::multiprecision::backends::rational_adaptor<boost::multiprecision::backends::cpp_int_backend<0ul, 0ul, (boost::multiprecision::cpp_integer_type)1, (boost::multiprecision::cpp_int_check_type)0, std::allocator<unsigned long long> > >, (boost::multiprecision::expression_template_option)1> >(ParallelRoam::Algorithms::GreedyTransactionalLod::Configuration const&, boost::multiprecision::number<boost::multiprecision::backends::rational_adaptor<boost::multiprecision::backends::cpp_int_backend<0ul, 0ul, (boost::multiprecision::cpp_integer_type)1, (boost::multiprecision::cpp_int_check_type)0, std::allocator<unsigned long long> > >, (boost::multiprecision::expression_template_option)1> const&, boost::multiprecision::number<boost::multiprecision::backends::rational_adaptor<boost::multiprecision::backends::cpp_int_backend<0ul, 0ul, (boost::multiprecision::cpp_integer_type)1, (boost::multiprecision::cpp_int_check_type)0, std::allocator<unsigned long long> > >, (boost::multiprecision::expression_template_option)1> const&, boost::multiprecision::number<boost::multiprecision::backends::rational_adaptor<boost::multiprecision::backends::cpp_int_backend<0ul, 0ul, (boost::multiprecision::cpp_integer_type)1, (boost::multiprecision::cpp_int_check_type)0, std::allocator<unsigned long long> > >, (boost::multiprecision::expression_template_option)1> const&)","void boost::multiprecision::backends::eval_add_subtract_imp<boost::multiprecision::backends::cpp_int_backend<0ul, 0ul, (boost::multiprecision::cpp_integer_type)1, (boost::multiprecision::cpp_int_check_type)0, std::allocator<unsigned long long> > >(boost::multiprecision::backends::rational_adaptor<boost::multiprecision::backends::cpp_int_backend<0ul, 0ul, (boost::multiprecision::cpp_integer_type)1, (boost::multiprecision::cpp_int_check_type)0, std::allocator<unsigned long long> > >&, boost::multiprecision::backends::rational_adaptor<boost::multiprecision::backends::cpp_int_backend<0ul, 0ul, (boost::multiprecision::cpp_integer_type)1, (boost::multiprecision::cpp_int_check_type)0, std::allocator<unsigned long long> > > const&, boost::multiprecision::backends::rational_adaptor<boost::multiprecision::backends::cpp_int_backend<0ul, 0ul, (boost::multiprecision::cpp_integer_type)1, (boost::multiprecision::cpp_int_check_type)0, std::allocator<unsigned long long> > > const&, bool)",12024048,0.3313086692435119
__libc_malloc2,_int_malloc,10020040,0.27609055770292656
"ParallelRoam::Algorithms::GreedyTransactionalLod::TransactionalTerrainLodAlgorithm::Impl::Build(ParallelRoam::Algorithms::TerrainLodBuildInput const&, ParallelRoam::Algorithms::TerrainLodRenderPacket&, std::__cxx11::basic_string<char, std::char_traits<char>, std::allocator<char> >*)","ParallelRoam::Algorithms::GreedyTransactionalLod::TransactionalPipeline::SetView(ParallelRoam::Algorithms::GreedyTransactionalLod::Configuration const&, ParallelRoam::Algorithms::GreedyTransactionalLod::WorkLedger&)",10020040,0.27609055770292656
"ParallelRoam::Algorithms::GreedyTransactionalLod::TransactionalPipeline::SetView(ParallelRoam::Algorithms::GreedyTransactionalLod::Configuration const&, ParallelRoam::Algorithms::GreedyTransactionalLod::WorkLedger&)","ParallelRoam::Algorithms::GreedyTransactionalLod::TransactionalSamples::PrepareView(ParallelRoam::Algorithms::GreedyTransactionalLod::TransactionalState const&, ParallelRoam::Algorithms::GreedyTransactionalLod::Configuration const&, ParallelRoam::Algorithms::GreedyTransactionalLod::WorkLedger&, ParallelRoam::Algorithms::GreedyTransactionalLod::TransactionalExecution const&)",10020040,0.27609055770292656
"ParallelRoam::Algorithms::GreedyTransactionalLod::TransactionalProposalEvidence::Face(unsigned int, ParallelRoam::Algorithms::GreedyTransactionalLod::WorkLedger&)","ParallelRoam::Algorithms::GreedyTransactionalLod::TransactionalProposalEvidence::Get(unsigned int, ParallelRoam::Algorithms::GreedyTransactionalLod::WorkLedger&)",10020040,0.27609055770292656
"ParallelRoam::Algorithms::GreedyTransactionalLod::(anonymous namespace)::Prepare(ParallelRoam::Algorithms::GreedyTransactionalLod::TransactionalState const&, ParallelRoam::Algorithms::GreedyTransactionalLod::TransactionalSamples const&, unsigned int, char, std::vector<unsigned int, std::allocator<unsigned int> >, ParallelRoam::Algorithms::GreedyTransactionalLod::Point const&, long, unsigned long)",ParallelRoam::Algorithms::GreedyTransactionalLod::TransactionalState::Vertex(long) const,10020040,0.27609055770292656
"void boost::multiprecision::backends::eval_add_subtract_imp<boost::multiprecision::backends::cpp_int_backend<0ul, 0ul, (boost::multiprecision::cpp_integer_type)1, (boost::multiprecision::cpp_int_check_type)0, std::allocator<unsigned long long> > >(boost::multiprecision::backends::rational_adaptor<boost::multiprecision::backends::cpp_int_backend<0ul, 0ul, (boost::multiprecision::cpp_integer_type)1, (boost::multiprecision::cpp_int_check_type)0, std::allocator<unsigned long long> > >&, boost::multiprecision::backends::rational_adaptor<boost::multiprecision::backends::cpp_int_backend<0ul, 0ul, (boost::multiprecision::cpp_integer_type)1, (boost::multiprecision::cpp_int_check_type)0, std::allocator<unsigned long long> > > const&, boost::multiprecision::backends::rational_adaptor<boost::multiprecision::backends::cpp_int_backend<0ul, 0ul, (boost::multiprecision::cpp_integer_type)1, (boost::multiprecision::cpp_int_check_type)0, std::allocator<unsigned long long> > > const&, bool)","void boost::multiprecision::backends::subtract_unsigned<boost::multiprecision::backends::cpp_int_backend<0ul, 0ul, (boost::multiprecision::cpp_integer_type)1, (boost::multiprecision::cpp_int_check_type)0, std::allocator<unsigned long long> >, boost::multiprecision::backends::cpp_int_backend<0ul, 0ul, (boost::multiprecision::cpp_integer_type)1, (boost::multiprecision::cpp_int_check_type)0, std::allocator<unsigned long long> >, boost::multiprecision::backends::cpp_int_backend<0ul, 0ul, (boost::multiprecision::cpp_integer_type)1, (boost::multiprecision::cpp_int_check_type)0, std::allocator<unsigned long long> > >(boost::multiprecision::backends::cpp_int_backend<0ul, 0ul, (boost::multiprecision::cpp_integer_type)1, (boost::multiprecision::cpp_int_check_type)0, std::allocator<unsigned long long> >&, boost::multiprecision::backends::cpp_int_backend<0ul, 0ul, (boost::multiprecision::cpp_integer_type)1, (boost::multiprecision::cpp_int_check_type)0, std::allocator<unsigned long long> > const&, boost::multiprecision::backends::cpp_int_backend<0ul, 0ul, (boost::multiprecision::cpp_integer_type)1, (boost::multiprecision::cpp_int_check_type)0, std::allocator<unsigned long long> > const&)",10020040,0.27609055770292656
"std::_Function_handler<void (unsigned long, unsigned long, ParallelRoam::Algorithms::GreedyTransactionalLod::WorkLedger&), ParallelRoam::Algorithms::GreedyTransactionalLod::TransactionalSamples::PrepareView(ParallelRoam::Algorithms::GreedyTransactionalLod::TransactionalState const&, ParallelRoam::Algorithms::GreedyTransactionalLod::Configuration const&, ParallelRoam::Algorithms::GreedyTransactionalLod::WorkLedger&, ParallelRoam::Algorithms::GreedyTransactionalLod::TransactionalExecution const&)::{lambda(auto:1, auto:2, ParallelRoam::Algorithms::GreedyTransactionalLod::WorkLedger&)#2}>::_M_invoke(std::_Any_data const&, unsigned long&&, unsigned long&&, ParallelRoam::Algorithms::GreedyTransactionalLod::WorkLedger&)","ParallelRoam::Algorithms::GreedyTransactionalLod::TransactionalSamples::Priority(ParallelRoam::Algorithms::GreedyTransactionalLod::Configuration const&, std::array<ParallelRoam::Algorithms::GreedyTransactionalLod::Point, 3ul> const&, double)",8016032,0.22087244616234125
"ParallelRoam::Algorithms::GreedyTransactionalLod::TransactionalSamples::PrepareView(ParallelRoam::Algorithms::GreedyTransactionalLod::TransactionalState const&, ParallelRoam::Algorithms::GreedyTransactionalLod::Configuration const&, ParallelRoam::Algorithms::GreedyTransactionalLod::WorkLedger&, ParallelRoam::Algorithms::GreedyTransactionalLod::TransactionalExecution const&)","ParallelRoam::Algorithms::GreedyTransactionalLod::TransactionalSamples::BuildOrders(ParallelRoam::Algorithms::GreedyTransactionalLod::TransactionalState const&, std::vector<double, std::allocator<double> > const&, std::vector<std::optional<std::tuple<double, long, unsigned int> >, std::allocator<std::optional<std::tuple<double, long, unsigned int> > > >, ParallelRoam::Algorithms::GreedyTransactionalLod::TransactionalPriorityIndex<std::tuple<double, long, unsigned int> >&, ParallelRoam::Algorithms::GreedyTransactionalLod::TransactionalPriorityIndex<std::pair<double, long> >&, ParallelRoam::Algorithms::GreedyTransactionalLod::WorkLedger&)",8016032,0.22087244616234125
"ParallelRoam::Algorithms::GreedyTransactionalLod::TransactionalSamples::Weights(unsigned int, ParallelRoam::Algorithms::GreedyTransactionalLod::Point const&, ParallelRoam::Algorithms::GreedyTransactionalLod::Point const&, ParallelRoam::Algorithms::GreedyTransactionalLod::Point const&, std::array<double, 3ul>&) const",__memmove_avx512_unaligned_erms,8016032,0.22087244616234125
"ParallelRoam::Algorithms::GreedyTransactionalLod::TransactionalPredicates::Shape(ParallelRoam::Algorithms::GreedyTransactionalLod::Point const&, ParallelRoam::Algorithms::GreedyTransactionalLod::Point const&, ParallelRoam::Algorithms::GreedyTransactionalLod::Point const&)","boost::multiprecision::backends::rational_adaptor<boost::multiprecision::backends::cpp_int_backend<0ul, 0ul, (boost::multiprecision::cpp_integer_type)1, (boost::multiprecision::cpp_int_check_type)0, std::allocator<unsigned long long> > >::compare(boost::multiprecision::backends::rational_adaptor<boost::multiprecision::backends::cpp_int_backend<0ul, 0ul, (boost::multiprecision::cpp_integer_type)1, (boost::multiprecision::cpp_int_check_type)0, std::allocator<unsigned long long> > > const&) const",8016032,0.22087244616234125
"ParallelRoam::Algorithms::GreedyTransactionalLod::TransactionalSamples::Weights(unsigned int, ParallelRoam::Algorithms::GreedyTransactionalLod::Point const&, ParallelRoam::Algorithms::GreedyTransactionalLod::Point const&, ParallelRoam::Algorithms::GreedyTransactionalLod::Point const&, std::array<double, 3ul>&) const","ParallelRoam::Algorithms::GreedyTransactionalLod::TransactionalSamples::StoredWeights(unsigned int, ParallelRoam::Algorithms::GreedyTransactionalLod::Point const&, ParallelRoam::Algorithms::GreedyTransactionalLod::Point const&, ParallelRoam::Algorithms::GreedyTransactionalLod::Point const&) const",8016032,0.22087244616234125
"ParallelRoam::Algorithms::GreedyTransactionalLod::QualityEvaluation::ExactError(ParallelRoam::Algorithms::GreedyTransactionalLod::TransactionalState const&, ParallelRoam::Algorithms::GreedyTransactionalLod::TransactionalSamples const&, unsigned int, ParallelRoam::Algorithms::GreedyTransactionalLod::Proposal const*, ParallelRoam::Algorithms::GreedyTransactionalLod::TransactionalProposalEvidence*, ParallelRoam::Algorithms::GreedyTransactionalLod::WorkLedger*)","void boost::multiprecision::number<boost::multiprecision::backends::rational_adaptor<boost::multiprecision::backends::cpp_int_backend<0ul, 0ul, (boost::multiprecision::cpp_integer_type)1, (boost::multiprecision::cpp_int_check_type)0, std::allocator<unsigned long long> > >, (boost::multiprecision::expression_template_option)1>::do_assign<boost::multiprecision::detail::expression<boost::multiprecision::detail::minus, boost::multiprecision::detail::expression<boost::multiprecision::detail::divide_immediates, boost::multiprecision::number<boost::multiprecision::backends::rational_adaptor<boost::multiprecision::backends::cpp_int_backend<0ul, 0ul, (boost::multiprecision::cpp_integer_type)1, (boost::multiprecision::cpp_int_check_type)0, std::allocator<unsigned long long> > >, (boost::multiprecision::expression_template_option)1>, boost::multiprecision::number<boost::multiprecision::backends::rational_adaptor<boost::multiprecision::backends::cpp_int_backend<0ul, 0ul, (boost::multiprecision::cpp_integer_type)1, (boost::multiprecision::cpp_int_check_type)0, std::allocator<unsigned long long> > >, (boost::multiprecision::expression_template_option)1>, void, void>, boost::multiprecision::detail::expression<boost::multiprecision::detail::divide_immediates, boost::multiprecision::number<boost::multiprecision::backends::rational_adaptor<boost::multiprecision::backends::cpp_int_backend<0ul, 0ul, (boost::multiprecision::cpp_integer_type)1, (boost::multiprecision::cpp_int_check_type)0, std::allocator<unsigned long long> > >, (boost::multiprecision::expression_template_option)1>, boost::multiprecision::number<boost::multiprecision::backends::rational_adaptor<boost::multiprecision::backends::cpp_int_backend<0ul, 0ul, (boost::multiprecision::cpp_integer_type)1, (boost::multiprecision::cpp_int_check_type)0, std::allocator<unsigned long long> > >, (boost::multiprecision::expression_template_option)1>, void, void>, void, void> >(boost::multiprecision::detail::expression<boost::multiprecision::detail::minus, boost::multiprecision::detail::expression<boost::multiprecision::detail::divide_immediates, boost::multiprecision::number<boost::multiprecision::backends::rational_adaptor<boost::multiprecision::backends::cpp_int_backend<0ul, 0ul, (boost::multiprecision::cpp_integer_type)1, (boost::multiprecision::cpp_int_check_type)0, std::allocator<unsigned long long> > >, (boost::multiprecision::expression_template_option)1>, boost::multiprecision::number<boost::multiprecision::backends::rational_adaptor<boost::multiprecision::backends::cpp_int_backend<0ul, 0ul, (boost::multiprecision::cpp_integer_type)1, (boost::multiprecision::cpp_int_check_type)0, std::allocator<unsigned long long> > >, (boost::multiprecision::expression_template_option)1>, void, void>, boost::multiprecision::detail::expression<boost::multiprecision::detail::divide_immediates, boost::multiprecision::number<boost::multiprecision::backends::rational_adaptor<boost::multiprecision::backends::cpp_int_backend<0ul, 0ul, (boost::multiprecision::cpp_integer_type)1, (boost::multiprecision::cpp_int_check_type)0, std::allocator<unsigned long long> > >, (boost::multiprecision::expression_template_option)1>, boost::multiprecision::number<boost::multiprecision::backends::rational_adaptor<boost::multiprecision::backends::cpp_int_backend<0ul, 0ul, (boost::multiprecision::cpp_integer_type)1, (boost::multiprecision::cpp_int_check_type)0, std::allocator<unsigned long long> > >, (boost::multiprecision::expression_template_option)1>, void, void>, void, void> const&, boost::multiprecision::detail::minus const&) [clone .isra.0]",8016032,0.22087244616234125
"boost::multiprecision::number<boost::multiprecision::backends::rational_adaptor<boost::multiprecision::backends::cpp_int_backend<0ul, 0ul, (boost::multiprecision::cpp_integer_type)1, (boost::multiprecision::cpp_int_check_type)0, std::allocator<unsigned long long> > >, (boost::multiprecision::expression_template_option)1> ParallelRoam::Algorithms::GreedyTransactionalLod::QualityEvaluation::Height<boost::multiprecision::number<boost::multiprecision::backends::rational_adaptor<boost::multiprecision::backends::cpp_int_backend<0ul, 0ul, (boost::multiprecision::cpp_integer_type)1, (boost::multiprecision::cpp_int_check_type)0, std::allocator<unsigned long long> > >, (boost::multiprecision::expression_template_option)1> >(boost::multiprecision::number<boost::multiprecision::backends::rational_adaptor<boost::multiprecision::backends::cpp_int_backend<0ul, 0ul, (boost::multiprecision::cpp_integer_type)1, (boost::multiprecision::cpp_int_check_type)0, std::allocator<unsigned long long> > >, (boost::multiprecision::expression_template_option)1> const&, boost::multiprecision::number<boost::multiprecision::backends::rational_adaptor<boost::multiprecision::backends::cpp_int_backend<0ul, 0ul, (boost::multiprecision::cpp_integer_type)1, (boost::multiprecision::cpp_int_check_type)0, std::allocator<unsigned long long> > >, (boost::multiprecision::expression_template_option)1> const&, ParallelRoam::Algorithms::GreedyTransactionalLod::Point const&, ParallelRoam::Algorithms::GreedyTransactionalLod::Point const&, ParallelRoam::Algorithms::GreedyTransactionalLod::Point const&)","void boost::multiprecision::backends::eval_add_subtract_imp<boost::multiprecision::backends::cpp_int_backend<0ul, 0ul, (boost::multiprecision::cpp_integer_type)1, (boost::multiprecision::cpp_int_check_type)0, std::allocator<unsigned long long> > >(boost::multiprecision::backends::rational_adaptor<boost::multiprecision::backends::cpp_int_backend<0ul, 0ul, (boost::multiprecision::cpp_integer_type)1, (boost::multiprecision::cpp_int_check_type)0, std::allocator<unsigned long long> > >&, boost::multiprecision::backends::rational_adaptor<boost::multiprecision::backends::cpp_int_backend<0ul, 0ul, (boost::multiprecision::cpp_integer_type)1, (boost::multiprecision::cpp_int_check_type)0, std::allocator<unsigned long long> > > const&, boost::multiprecision::backends::rational_adaptor<boost::multiprecision::backends::cpp_int_backend<0ul, 0ul, (boost::multiprecision::cpp_integer_type)1, (boost::multiprecision::cpp_int_check_type)0, std::allocator<unsigned long long> > > const&, bool)",8016032,0.22087244616234125
"ParallelRoam::Algorithms::GreedyTransactionalLod::TransactionalPipeline::Apply(ParallelRoam::Algorithms::GreedyTransactionalLod::CertifiedBatch const&, ParallelRoam::Algorithms::GreedyTransactionalLod::WorkLedger&)",std::_Rb_tree_increment(std::_Rb_tree_node_base*),8016032,0.22087244616234125
"ParallelRoam::Algorithms::GreedyTransactionalLod::TransactionalPipeline::Apply(ParallelRoam::Algorithms::GreedyTransactionalLod::CertifiedBatch const&, ParallelRoam::Algorithms::GreedyTransactionalLod::WorkLedger&)","std::_Rb_tree_insert_and_rebalance(bool, std::_Rb_tree_node_base*, std::_Rb_tree_node_base*, std::_Rb_tree_node_base&)",8016032,0.22087244616234125
"ParallelRoam::Algorithms::GreedyTransactionalLod::TransactionalSamples::Prepare(ParallelRoam::Algorithms::GreedyTransactionalLod::TransactionalState const&, ParallelRoam::Algorithms::GreedyTransactionalLod::PreparedTopology const&, ParallelRoam::Algorithms::GreedyTransactionalLod::WorkLedger&)","std::pair<std::_Rb_tree_iterator<long>, bool> std::_Rb_tree<long, long, std::_Identity<long>, std::less<long>, std::allocator<long> >::_M_insert_unique<long const&>(long const&)",6012024,0.16565433462175594
ParallelRoam::Algorithms::GreedyTransactionalLod::ReceiverCursor::Next(ParallelRoam::Algorithms::GreedyTransactionalLod::WorkLedger*),"ParallelRoam::Algorithms::GreedyTransactionalLod::TransactionalSamples::StrictlyInside(unsigned int, ParallelRoam::Algorithms::GreedyTransactionalLod::Point const&, ParallelRoam::Algorithms::GreedyTransactionalLod::Point const&, ParallelRoam::Algorithms::GreedyTransactionalLod::Point const&) const",6012024,0.16565433462175594
"std::enable_if<std::is_floating_point<long double>::value, boost::multiprecision::backends::rational_adaptor<boost::multiprecision::backends::cpp_int_backend<0ul, 0ul, (boost::multiprecision::cpp_integer_type)1, (boost::multiprecision::cpp_int_check_type)0, std::allocator<unsigned long long> > >&>::type boost::multiprecision::backends::rational_adaptor<boost::multiprecision::backends::cpp_int_backend<0ul, 0ul, (boost::multiprecision::cpp_integer_type)1, (boost::multiprecision::cpp_int_check_type)0, std::allocator<unsigned long long> > >::operator=<long double>(long double) [clone .isra.0]","boost::multiprecision::backends::cpp_int_base<0ul, 18446744073709551615ul, (boost::multiprecision::cpp_integer_type)1, (boost::multiprecision::cpp_int_check_type)0, std::allocator<unsigned long long>, false>::resize(unsigned long, unsigned long) [clone .isra.0]",6012024,0.16565433462175594
"ParallelRoam::Algorithms::GreedyTransactionalLod::QualityEvaluation::ExactError(ParallelRoam::Algorithms::GreedyTransactionalLod::TransactionalState const&, ParallelRoam::Algorithms::GreedyTransactionalLod::TransactionalSamples const&, unsigned int, ParallelRoam::Algorithms::GreedyTransactionalLod::Proposal const*, ParallelRoam::Algorithms::GreedyTransactionalLod::TransactionalProposalEvidence*, ParallelRoam::Algorithms::GreedyTransactionalLod::WorkLedger*)","std::array<boost::multiprecision::number<boost::multiprecision::backends::rational_adaptor<boost::multiprecision::backends::cpp_int_backend<0ul, 0ul, (boost::multiprecision::cpp_integer_type)1, (boost::multiprecision::cpp_int_check_type)0, std::allocator<unsigned long long> > >, (boost::multiprecision::expression_template_option)1>, 3ul> ParallelRoam::Algorithms::GreedyTransactionalLod::QualityEvaluation::Reference<boost::multiprecision::number<boost::multiprecision::backends::rational_adaptor<boost::multiprecision::backends::cpp_int_backend<0ul, 0ul, (boost::multiprecision::cpp_integer_type)1, (boost::multiprecision::cpp_int_check_type)0, std::allocator<unsigned long long> > >, (boost::multiprecision::expression_template_option)1> >(ParallelRoam::Algorithms::GreedyTransactionalLod::TransactionalState const&, ParallelRoam::Algorithms::GreedyTransactionalLod::TransactionalSamples const&, unsigned int)",6012024,0.16565433462175594
"ParallelRoam::Algorithms::GreedyTransactionalLod::TransactionalCommit::Prepare(ParallelRoam::Algorithms::GreedyTransactionalLod::TransactionalState&, ParallelRoam::Algorithms::GreedyTransactionalLod::CertifiedBatch const&, ParallelRoam::Algorithms::GreedyTransactionalLod::WorkLedger&, ParallelRoam::Algorithms::GreedyTransactionalLod::TransactionalExecution const&, ParallelRoam::Algorithms::GreedyTransactionalLod::HeightSource const*)::{lambda(ParallelRoam::Algorithms::GreedyTransactionalLod::Proposal const&, bool)#1}::operator()(ParallelRoam::Algorithms::GreedyTransactionalLod::Proposal const&, bool) const","ParallelRoam::Algorithms::GreedyTransactionalLod::TransactionalPredicates::Shape(ParallelRoam::Algorithms::GreedyTransactionalLod::Point const&, ParallelRoam::Algorithms::GreedyTransactionalLod::Point const&, ParallelRoam::Algorithms::GreedyTransactionalLod::Point const&)",6012024,0.16565433462175594
"boost::multiprecision::backends::rational_adaptor<boost::multiprecision::backends::cpp_int_backend<0ul, 0ul, (boost::multiprecision::cpp_integer_type)1, (boost::multiprecision::cpp_int_check_type)0, std::allocator<unsigned long long> > >::compare(boost::multiprecision::backends::rational_adaptor<boost::multiprecision::backends::cpp_int_backend<0ul, 0ul, (boost::multiprecision::cpp_integer_type)1, (boost::multiprecision::cpp_int_check_type)0, std::allocator<unsigned long long> > > const&) const","std::enable_if<((!boost::multiprecision::backends::is_trivial_cpp_int<boost::multiprecision::backends::cpp_int_backend<0ul, 0ul, (boost::multiprecision::cpp_integer_type)1, (boost::multiprecision::cpp_int_check_type)0, std::allocator<unsigned long long> > >::value)&&(!boost::multiprecision::backends::is_trivial_cpp_int<boost::multiprecision::backends::cpp_int_backend<0ul, 0ul, (boost::multiprecision::cpp_integer_type)1, (boost::multiprecision::cpp_int_check_type)0, std::allocator<unsigned long long> > >::value))&&(!boost::multiprecision::backends::is_trivial_cpp_int<boost::multiprecision::backends::cpp_int_backend<0ul, 0ul, (boost::multiprecision::cpp_integer_type)1, (boost::multiprecision::cpp_int_check_type)0, std::allocator<unsigned long long> > >::value), void>::type boost::multiprecision::backends::eval_multiply<0ul, 0ul, (boost::multiprecision::cpp_integer_type)1, (boost::multiprecision::cpp_int_check_type)0, std::allocator<unsigned long long>, 0ul, 0ul, (boost::multiprecision::cpp_integer_type)1, (boost::multiprecision::cpp_int_check_type)0, std::allocator<unsigned long long>, 0ul, 0ul, (boost::multiprecision::cpp_integer_type)1, (boost::multiprecision::cpp_int_check_type)0, std::allocator<unsigned long long> >(boost::multiprecision::backends::cpp_int_backend<0ul, 0ul, (boost::multiprecision::cpp_integer_type)1, (boost::multiprecision::cpp_int_check_type)0, std::allocator<unsigned long long> >&, boost::multiprecision::backends::cpp_int_backend<0ul, 0ul, (boost::multiprecision::cpp_integer_type)1, (boost::multiprecision::cpp_int_check_type)0, std::allocator<unsigned long long> > const&, boost::multiprecision::backends::cpp_int_backend<0ul, 0ul, (boost::multiprecision::cpp_integer_type)1, (boost::multiprecision::cpp_int_check_type)0, std::allocator<unsigned long long> > const&)",6012024,0.16565433462175594
"std::enable_if<std::is_convertible<unsigned long long, boost::multiprecision::backends::cpp_int_backend<0ul, 0ul, (boost::multiprecision::cpp_integer_type)1, (boost::multiprecision::cpp_int_check_type)0, std::allocator<unsigned long long> > >::value&&std::is_integral<unsigned long long>::value, void>::type boost::multiprecision::backends::eval_divide<boost::multiprecision::backends::cpp_int_backend<0ul, 0ul, (boost::multiprecision::cpp_integer_type)1, (boost::multiprecision::cpp_int_check_type)0, std::allocator<unsigned long long> >, unsigned long long>(boost::multiprecision::backends::rational_adaptor<boost::multiprecision::backends::cpp_int_backend<0ul, 0ul, (boost::multiprecision::cpp_integer_type)1, (boost::multiprecision::cpp_int_check_type)0, std::allocator<unsigned long long> > >&, unsigned long long)","void boost::multiprecision::backends::divide_unsigned_helper<boost::multiprecision::backends::cpp_int_backend<0ul, 0ul, (boost::multiprecision::cpp_integer_type)1, (boost::multiprecision::cpp_int_check_type)0, std::allocator<unsigned long long> >, boost::multiprecision::backends::cpp_int_backend<0ul, 0ul, (boost::multiprecision::cpp_integer_type)1, (boost::multiprecision::cpp_int_check_type)0, std::allocator<unsigned long long> > >(boost::multiprecision::backends::cpp_int_backend<0ul, 0ul, (boost::multiprecision::cpp_integer_type)1, (boost::multiprecision::cpp_int_check_type)0, std::allocator<unsigned long long> >*, boost::multiprecision::backends::cpp_int_backend<0ul, 0ul, (boost::multiprecision::cpp_integer_type)1, (boost::multiprecision::cpp_int_check_type)0, std::allocator<unsigned long long> > const&, unsigned long long, boost::multiprecision::backends::cpp_int_backend<0ul, 0ul, (boost::multiprecision::cpp_integer_type)1, (boost::multiprecision::cpp_int_check_type)0, std::allocator<unsigned long long> >&)",6012024,0.16565433462175594
"std::enable_if<std::is_convertible<unsigned long long, boost::multiprecision::backends::cpp_int_backend<0ul, 0ul, (boost::multiprecision::cpp_integer_type)1, (boost::multiprecision::cpp_int_check_type)0, std::allocator<unsigned long long> > >::value&&std::is_integral<unsigned long long>::value, void>::type boost::multiprecision::backends::eval_divide<boost::multiprecision::backends::cpp_int_backend<0ul, 0ul, (boost::multiprecision::cpp_integer_type)1, (boost::multiprecision::cpp_int_check_type)0, std::allocator<unsigned long long> >, unsigned long long>(boost::multiprecision::backends::rational_adaptor<boost::multiprecision::backends::cpp_int_backend<0ul, 0ul, (boost::multiprecision::cpp_integer_type)1, (boost::multiprecision::cpp_int_check_type)0, std::allocator<unsigned long long> > >&, unsigned long long)","std::enable_if<(!boost::multiprecision::backends::is_trivial_cpp_int<boost::multiprecision::backends::cpp_int_backend<0ul, 0ul, (boost::multiprecision::cpp_integer_type)1, (boost::multiprecision::cpp_int_check_type)0, std::allocator<unsigned long long> > >::value)&&(!boost::multiprecision::backends::is_trivial_cpp_int<boost::multiprecision::backends::cpp_int_backend<0ul, 0ul, (boost::multiprecision::cpp_integer_type)1, (boost::multiprecision::cpp_int_check_type)0, std::allocator<unsigned long long> > >::value), void>::type boost::multiprecision::backends::eval_multiply<0ul, 0ul, (boost::multiprecision::cpp_integer_type)1, (boost::multiprecision::cpp_int_check_type)0, std::allocator<unsigned long long>, 0ul, 0ul, (boost::multiprecision::cpp_integer_type)1, (boost::multiprecision::cpp_int_check_type)0, std::allocator<unsigned long long> >(boost::multiprecision::backends::cpp_int_backend<0ul, 0ul, (boost::multiprecision::cpp_integer_type)1, (boost::multiprecision::cpp_int_check_type)0, std::allocator<unsigned long long> >&, boost::multiprecision::backends::cpp_int_backend<0ul, 0ul, (boost::multiprecision::cpp_integer_type)1, (boost::multiprecision::cpp_int_check_type)0, std::allocator<unsigned long long> > const&, unsigned long long const&)",6012024,0.16565433462175594
"ParallelRoam::Algorithms::GreedyTransactionalLod::TransactionalPredicates::Orientation(ParallelRoam::Algorithms::GreedyTransactionalLod::Point const&, ParallelRoam::Algorithms::GreedyTransactionalLod::Point const&, ParallelRoam::Algorithms::GreedyTransactionalLod::Point const&)","void boost::multiprecision::backends::eval_multiply_imp<boost::multiprecision::backends::cpp_int_backend<0ul, 0ul, (boost::multiprecision::cpp_integer_type)1, (boost::multiprecision::cpp_int_check_type)0, std::allocator<unsigned long long> > >(boost::multiprecision::backends::rational_adaptor<boost::multiprecision::backends::cpp_int_backend<0ul, 0ul, (boost::multiprecision::cpp_integer_type)1, (boost::multiprecision::cpp_int_check_type)0, std::allocator<unsigned long long> > >&, boost::multiprecision::backends::rational_adaptor<boost::multiprecision::backends::cpp_int_backend<0ul, 0ul, (boost::multiprecision::cpp_integer_type)1, (boost::multiprecision::cpp_int_check_type)0, std::allocator<unsigned long long> > > const&, boost::multiprecision::backends::cpp_int_backend<0ul, 0ul, (boost::multiprecision::cpp_integer_type)1, (boost::multiprecision::cpp_int_check_type)0, std::allocator<unsigned long long> > const&, boost::multiprecision::backends::cpp_int_backend<0ul, 0ul, (boost::multiprecision::cpp_integer_type)1, (boost::multiprecision::cpp_int_check_type)0, std::allocator<unsigned long long> > const&)",6012024,0.16565433462175594
"ParallelRoam::Algorithms::GreedyTransactionalLod::TransactionalPredicates::Orientation(ParallelRoam::Algorithms::GreedyTransactionalLod::Point const&, ParallelRoam::Algorithms::GreedyTransactionalLod::Point const&, ParallelRoam::Algorithms::GreedyTransactionalLod::Point const&)","void boost::multiprecision::backends::eval_add_subtract_imp<boost::multiprecision::backends::cpp_int_backend<0ul, 0ul, (boost::multiprecision::cpp_integer_type)1, (boost::multiprecision::cpp_int_check_type)0, std::allocator<unsigned long long> > >(boost::multiprecision::backends::rational_adaptor<boost::multiprecision::backends::cpp_int_backend<0ul, 0ul, (boost::multiprecision::cpp_integer_type)1, (boost::multiprecision::cpp_int_check_type)0, std::allocator<unsigned long long> > >&, boost::multiprecision::backends::rational_adaptor<boost::multiprecision::backends::cpp_int_backend<0ul, 0ul, (boost::multiprecision::cpp_integer_type)1, (boost::multiprecision::cpp_int_check_type)0, std::allocator<unsigned long long> > > const&, boost::multiprecision::backends::rational_adaptor<boost::multiprecision::backends::cpp_int_backend<0ul, 0ul, (boost::multiprecision::cpp_integer_type)1, (boost::multiprecision::cpp_int_check_type)0, std::allocator<unsigned long long> > > const&, bool)",6012024,0.16565433462175594
"std::enable_if<std::is_floating_point<long double>::value, boost::multiprecision::backends::rational_adaptor<boost::multiprecision::backends::cpp_int_backend<0ul, 0ul, (boost::multiprecision::cpp_integer_type)1, (boost::multiprecision::cpp_int_check_type)0, std::allocator<unsigned long long> > >&>::type boost::multiprecision::backends::rational_adaptor<boost::multiprecision::backends::cpp_int_backend<0ul, 0ul, (boost::multiprecision::cpp_integer_type)1, (boost::multiprecision::cpp_int_check_type)0, std::allocator<unsigned long long> > >::operator=<long double>(long double) [clone .isra.0]",__udivti3,6012024,0.16565433462175594
"std::array<ParallelRoam::Algorithms::GreedyTransactionalLod::QualityEvaluation::Interval, 3ul> ParallelRoam::Algorithms::GreedyTransactionalLod::QualityEvaluation::Reference<ParallelRoam::Algorithms::GreedyTransactionalLod::QualityEvaluation::Interval>(ParallelRoam::Algorithms::GreedyTransactionalLod::TransactionalState const&, ParallelRoam::Algorithms::GreedyTransactionalLod::TransactionalSamples const&, unsigned int)","ParallelRoam::Algorithms::GreedyTransactionalLod::QualityEvaluation::operator*(ParallelRoam::Algorithms::GreedyTransactionalLod::QualityEvaluation::Interval, ParallelRoam::Algorithms::GreedyTransactionalLod::QualityEvaluation::Interval)",6012024,0.16565433462175594
"void boost::multiprecision::number<boost::multiprecision::backends::rational_adaptor<boost::multiprecision::backends::cpp_int_backend<0ul, 0ul, (boost::multiprecision::cpp_integer_type)1, (boost::multiprecision::cpp_int_check_type)0, std::allocator<unsigned long long> > >, (boost::multiprecision::expression_template_option)1>::do_assign<boost::multiprecision::detail::expression<boost::multiprecision::detail::minus, boost::multiprecision::detail::expression<boost::multiprecision::detail::divide_immediates, boost::multiprecision::number<boost::multiprecision::backends::rational_adaptor<boost::multiprecision::backends::cpp_int_backend<0ul, 0ul, (boost::multiprecision::cpp_integer_type)1, (boost::multiprecision::cpp_int_check_type)0, std::allocator<unsigned long long> > >, (boost::multiprecision::expression_template_option)1>, boost::multiprecision::number<boost::multiprecision::backends::rational_adaptor<boost::multiprecision::backends::cpp_int_backend<0ul, 0ul, (boost::multiprecision::cpp_integer_type)1, (boost::multiprecision::cpp_int_check_type)0, std::allocator<unsigned long long> > >, (boost::multiprecision::expression_template_option)1>, void, void>, boost::multiprecision::detail::expression<boost::multiprecision::detail::divide_immediates, boost::multiprecision::number<boost::multiprecision::backends::rational_adaptor<boost::multiprecision::backends::cpp_int_backend<0ul, 0ul, (boost::multiprecision::cpp_integer_type)1, (boost::multiprecision::cpp_int_check_type)0, std::allocator<unsigned long long> > >, (boost::multiprecision::expression_template_option)1>, boost::multiprecision::number<boost::multiprecision::backends::rational_adaptor<boost::multiprecision::backends::cpp_int_backend<0ul, 0ul, (boost::multiprecision::cpp_integer_type)1, (boost::multiprecision::cpp_int_check_type)0, std::allocator<unsigned long long> > >, (boost::multiprecision::expression_template_option)1>, void, void>, void, void> >(boost::multiprecision::detail::expression<boost::multiprecision::detail::minus, boost::multiprecision::detail::expression<boost::multiprecision::detail::divide_immediates, boost::multiprecision::number<boost::multiprecision::backends::rational_adaptor<boost::multiprecision::backends::cpp_int_backend<0ul, 0ul, (boost::multiprecision::cpp_integer_type)1, (boost::multiprecision::cpp_int_check_type)0, std::allocator<unsigned long long> > >, (boost::multiprecision::expression_template_option)1>, boost::multiprecision::number<boost::multiprecision::backends::rational_adaptor<boost::multiprecision::backends::cpp_int_backend<0ul, 0ul, (boost::multiprecision::cpp_integer_type)1, (boost::multiprecision::cpp_int_check_type)0, std::allocator<unsigned long long> > >, (boost::multiprecision::expression_template_option)1>, void, void>, boost::multiprecision::detail::expression<boost::multiprecision::detail::divide_immediates, boost::multiprecision::number<boost::multiprecision::backends::rational_adaptor<boost::multiprecision::backends::cpp_int_backend<0ul, 0ul, (boost::multiprecision::cpp_integer_type)1, (boost::multiprecision::cpp_int_check_type)0, std::allocator<unsigned long long> > >, (boost::multiprecision::expression_template_option)1>, boost::multiprecision::number<boost::multiprecision::backends::rational_adaptor<boost::multiprecision::backends::cpp_int_backend<0ul, 0ul, (boost::multiprecision::cpp_integer_type)1, (boost::multiprecision::cpp_int_check_type)0, std::allocator<unsigned long long> > >, (boost::multiprecision::expression_template_option)1>, void, void>, void, void> const&, boost::multiprecision::detail::minus const&) [clone .isra.0]","void boost::multiprecision::backends::eval_multiply_imp<boost::multiprecision::backends::cpp_int_backend<0ul, 0ul, (boost::multiprecision::cpp_integer_type)1, (boost::multiprecision::cpp_int_check_type)0, std::allocator<unsigned long long> > >(boost::multiprecision::backends::rational_adaptor<boost::multiprecision::backends::cpp_int_backend<0ul, 0ul, (boost::multiprecision::cpp_integer_type)1, (boost::multiprecision::cpp_int_check_type)0, std::allocator<unsigned long long> > >&, boost::multiprecision::backends::rational_adaptor<boost::multiprecision::backends::cpp_int_backend<0ul, 0ul, (boost::multiprecision::cpp_integer_type)1, (boost::multiprecision::cpp_int_check_type)0, std::allocator<unsigned long long> > > const&, boost::multiprecision::backends::cpp_int_backend<0ul, 0ul, (boost::multiprecision::cpp_integer_type)1, (boost::multiprecision::cpp_int_check_type)0, std::allocator<unsigned long long> > const&, boost::multiprecision::backends::cpp_int_backend<0ul, 0ul, (boost::multiprecision::cpp_integer_type)1, (boost::multiprecision::cpp_int_check_type)0, std::allocator<unsigned long long> > const&)",6012024,0.16565433462175594
"ParallelRoam::Algorithms::GreedyTransactionalLod::TransactionalSamples::Prepare(ParallelRoam::Algorithms::GreedyTransactionalLod::TransactionalState const&, ParallelRoam::Algorithms::GreedyTransactionalLod::PreparedTopology const&, ParallelRoam::Algorithms::GreedyTransactionalLod::WorkLedger&)","ParallelRoam::Algorithms::GreedyTransactionalLod::TransactionalSamples::StoredWeights(unsigned int, ParallelRoam::Algorithms::GreedyTransactionalLod::Point const&, ParallelRoam::Algorithms::GreedyTransactionalLod::Point const&, ParallelRoam::Algorithms::GreedyTransactionalLod::Point const&) const",6012024,0.16565433462175594
"ParallelRoam::Algorithms::GreedyTransactionalLod::TransactionalPipeline::Apply(ParallelRoam::Algorithms::GreedyTransactionalLod::CertifiedBatch const&, ParallelRoam::Algorithms::GreedyTransactionalLod::WorkLedger&)","std::_Rb_tree<std::array<long, 2ul>, std::pair<std::array<long, 2ul> const, ParallelRoam::Algorithms::GreedyTransactionalLod::EdgeRecord>, std::_Select1st<std::pair<std::array<long, 2ul> const, ParallelRoam::Algorithms::GreedyTransactionalLod::EdgeRecord> >, std::less<std::array<long, 2ul> >, std::allocator<std::pair<std::array<long, 2ul> const, ParallelRoam::Algorithms::GreedyTransactionalLod::EdgeRecord> > >::equal_range(std::array<long, 2ul> const&)",6012024,0.16565433462175594
"ParallelRoam::Algorithms::GreedyTransactionalLod::QualityEvaluation::ExactError(ParallelRoam::Algorithms::GreedyTransactionalLod::TransactionalState const&, ParallelRoam::Algorithms::GreedyTransactionalLod::TransactionalSamples const&, unsigned int, ParallelRoam::Algorithms::GreedyTransactionalLod::Proposal const*, ParallelRoam::Algorithms::GreedyTransactionalLod::TransactionalProposalEvidence*, ParallelRoam::Algorithms::GreedyTransactionalLod::WorkLedger*)","void boost::multiprecision::backends::eval_multiply_imp<boost::multiprecision::backends::cpp_int_backend<0ul, 0ul, (boost::multiprecision::cpp_integer_type)1, (boost::multiprecision::cpp_int_check_type)0, std::allocator<unsigned long long> >, unsigned long long>(boost::multiprecision::backends::cpp_int_backend<0ul, 0ul, (boost::multiprecision::cpp_integer_type)1, (boost::multiprecision::cpp_int_check_type)0, std::allocator<unsigned long long> >&, boost::multiprecision::backends::cpp_int_backend<0ul, 0ul, (boost::multiprecision::cpp_integer_type)1, (boost::multiprecision::cpp_int_check_type)0, std::allocator<unsigned long long> >&, unsigned long long)",4008016,0.11043622308117063
"std::_Rb_tree<std::tuple<char, long, long>, std::tuple<char, long, long>, std::_Identity<std::tuple<char, long, long> >, std::less<std::tuple<char, long, long> >, std::allocator<std::tuple<char, long, long> > >::_M_erase(std::_Rb_tree_node<std::tuple<char, long, long> >*) [clone .isra.0]",_int_free_chunk,4008016,0.11043622308117063
"ParallelRoam::Algorithms::GreedyTransactionalLod::PreparedTopology::Geometry(ParallelRoam::Algorithms::GreedyTransactionalLod::TransactionalState const&, long) const",ParallelRoam::Algorithms::GreedyTransactionalLod::TransactionalState::Vertex(long) const,4008016,0.11043622308117063
"ParallelRoam::Algorithms::GreedyTransactionalLod::TransactionalSamples::Prepare(ParallelRoam::Algorithms::GreedyTransactionalLod::TransactionalState const&, ParallelRoam::Algorithms::GreedyTransactionalLod::PreparedTopology const&, ParallelRoam::Algorithms::GreedyTransactionalLod::WorkLedger&)","ParallelRoam::Algorithms::GreedyTransactionalLod::PreparedTopology::Geometry(ParallelRoam::Algorithms::GreedyTransactionalLod::TransactionalState const&, long) const",4008016,0.11043622308117063
"ParallelRoam::Algorithms::GreedyTransactionalLod::TransactionalSamples::StrictlyInside(unsigned int, ParallelRoam::Algorithms::GreedyTransactionalLod::Point const&, ParallelRoam::Algorithms::GreedyTransactionalLod::Point const&, ParallelRoam::Algorithms::GreedyTransactionalLod::Point const&) const","std::enable_if<std::is_floating_point<long double>::value, boost::multiprecision::backends::rational_adaptor<boost::multiprecision::backends::cpp_int_backend<0ul, 0ul, (boost::multiprecision::cpp_integer_type)1, (boost::multiprecision::cpp_int_check_type)0, std::allocator<unsigned long long> > >&>::type boost::multiprecision::backends::rational_adaptor<boost::multiprecision::backends::cpp_int_backend<0ul, 0ul, (boost::multiprecision::cpp_integer_type)1, (boost::multiprecision::cpp_int_check_type)0, std::allocator<unsigned long long> > >::operator=<long double>(long double) [clone .isra.0]",4008016,0.11043622308117063
"ParallelRoam::Algorithms::GreedyTransactionalLod::QualityEvaluation::ExactError(ParallelRoam::Algorithms::GreedyTransactionalLod::TransactionalState const&, ParallelRoam::Algorithms::GreedyTransactionalLod::TransactionalSamples const&, unsigned int, ParallelRoam::Algorithms::GreedyTransactionalLod::Proposal const*, ParallelRoam::Algorithms::GreedyTransactionalLod::TransactionalProposalEvidence*, ParallelRoam::Algorithms::GreedyTransactionalLod::WorkLedger*)",__memmove_avx512_unaligned_erms,4008016,0.11043622308117063
"std::_Rb_tree<unsigned int, std::pair<unsigned int const, ParallelRoam::Algorithms::GreedyTransactionalLod::SampleValue>, std::_Select1st<std::pair<unsigned int const, ParallelRoam::Algorithms::GreedyTransactionalLod::SampleValue> >, std::less<unsigned int>, std::allocator<std::pair<unsigned int const, ParallelRoam::Algorithms::GreedyTransactionalLod::SampleValue> > >::_M_erase(std::_Rb_tree_node<std::pair<unsigned int const, ParallelRoam::Algorithms::GreedyTransactionalLod::SampleValue> >*) [clone .isra.0]",_int_free_chunk,4008016,0.11043622308117063
"ParallelRoam::Algorithms::GreedyTransactionalLod::TransactionalPipeline::Apply(ParallelRoam::Algorithms::GreedyTransactionalLod::CertifiedBatch const&, ParallelRoam::Algorithms::GreedyTransactionalLod::WorkLedger&)","std::_Rb_tree<unsigned int, std::pair<unsigned int const, ParallelRoam::Algorithms::GreedyTransactionalLod::SampleValue>, std::_Select1st<std::pair<unsigned int const, ParallelRoam::Algorithms::GreedyTransactionalLod::SampleValue> >, std::less<unsigned int>, std::allocator<std::pair<unsigned int const, ParallelRoam::Algorithms::GreedyTransactionalLod::SampleValue> > >::_M_erase(std::_Rb_tree_node<std::pair<unsigned int const, ParallelRoam::Algorithms::GreedyTransactionalLod::SampleValue> >*) [clone .isra.0]",4008016,0.11043622308117063
"ParallelRoam::Algorithms::GreedyTransactionalLod::TransactionalCertification::Measure(ParallelRoam::Algorithms::GreedyTransactionalLod::TransactionalState const&, ParallelRoam::Algorithms::GreedyTransactionalLod::TransactionalSamples const&, ParallelRoam::Algorithms::GreedyTransactionalLod::Proposal&, ParallelRoam::Algorithms::GreedyTransactionalLod::WorkLedger&, ParallelRoam::Algorithms::GreedyTransactionalLod::TransactionalProposalEvidence*)",nextafter@plt,4008016,0.11043622308117063
"boost::multiprecision::number<boost::multiprecision::backends::rational_adaptor<boost::multiprecision::backends::cpp_int_backend<0ul, 0ul, (boost::multiprecision::cpp_integer_type)1, (boost::multiprecision::cpp_int_check_type)0, std::allocator<unsigned long long> > >, (boost::multiprecision::expression_template_option)1> ParallelRoam::Algorithms::GreedyTransactionalLod::QualityEvaluation::Height<boost::multiprecision::number<boost::multiprecision::backends::rational_adaptor<boost::multiprecision::backends::cpp_int_backend<0ul, 0ul, (boost::multiprecision::cpp_integer_type)1, (boost::multiprecision::cpp_int_check_type)0, std::allocator<unsigned long long> > >, (boost::multiprecision::expression_template_option)1> >(boost::multiprecision::number<boost::multiprecision::backends::rational_adaptor<boost::multiprecision::backends::cpp_int_backend<0ul, 0ul, (boost::multiprecision::cpp_integer_type)1, (boost::multiprecision::cpp_int_check_type)0, std::allocator<unsigned long long> > >, (boost::multiprecision::expression_template_option)1> const&, boost::multiprecision::number<boost::multiprecision::backends::rational_adaptor<boost::multiprecision::backends::cpp_int_backend<0ul, 0ul, (boost::multiprecision::cpp_integer_type)1, (boost::multiprecision::cpp_int_check_type)0, std::allocator<unsigned long long> > >, (boost::multiprecision::expression_template_option)1> const&, ParallelRoam::Algorithms::GreedyTransactionalLod::Point const&, ParallelRoam::Algorithms::GreedyTransactionalLod::Point const&, ParallelRoam::Algorithms::GreedyTransactionalLod::Point const&)","void boost::multiprecision::backends::eval_multiply_imp<boost::multiprecision::backends::cpp_int_backend<0ul, 0ul, (boost::multiprecision::cpp_integer_type)1, (boost::multiprecision::cpp_int_check_type)0, std::allocator<unsigned long long> > >(boost::multiprecision::backends::rational_adaptor<boost::multiprecision::backends::cpp_int_backend<0ul, 0ul, (boost::multiprecision::cpp_integer_type)1, (boost::multiprecision::cpp_int_check_type)0, std::allocator<unsigned long long> > >&, boost::multiprecision::backends::rational_adaptor<boost::multiprecision::backends::cpp_int_backend<0ul, 0ul, (boost::multiprecision::cpp_integer_type)1, (boost::multiprecision::cpp_int_check_type)0, std::allocator<unsigned long long> > > const&, boost::multiprecision::backends::cpp_int_backend<0ul, 0ul, (boost::multiprecision::cpp_integer_type)1, (boost::multiprecision::cpp_int_check_type)0, std::allocator<unsigned long long> > const&, boost::multiprecision::backends::cpp_int_backend<0ul, 0ul, (boost::multiprecision::cpp_integer_type)1, (boost::multiprecision::cpp_int_check_type)0, std::allocator<unsigned long long> > const&)",4008016,0.11043622308117063
"std::array<boost::multiprecision::number<boost::multiprecision::backends::rational_adaptor<boost::multiprecision::backends::cpp_int_backend<0ul, 0ul, (boost::multiprecision::cpp_integer_type)1, (boost::multiprecision::cpp_int_check_type)0, std::allocator<unsigned long long> > >, (boost::multiprecision::expression_template_option)1>, 3ul> ParallelRoam::Algorithms::GreedyTransactionalLod::QualityEvaluation::Reference<boost::multiprecision::number<boost::multiprecision::backends::rational_adaptor<boost::multiprecision::backends::cpp_int_backend<0ul, 0ul, (boost::multiprecision::cpp_integer_type)1, (boost::multiprecision::cpp_int_check_type)0, std::allocator<unsigned long long> > >, (boost::multiprecision::expression_template_option)1> >(ParallelRoam::Algorithms::GreedyTransactionalLod::TransactionalState const&, ParallelRoam::Algorithms::GreedyTransactionalLod::TransactionalSamples const&, unsigned int)","void boost::multiprecision::backends::eval_multiply_imp<boost::multiprecision::backends::cpp_int_backend<0ul, 0ul, (boost::multiprecision::cpp_integer_type)1, (boost::multiprecision::cpp_int_check_type)0, std::allocator<unsigned long long> > >(boost::multiprecision::backends::rational_adaptor<boost::multiprecision::backends::cpp_int_backend<0ul, 0ul, (boost::multiprecision::cpp_integer_type)1, (boost::multiprecision::cpp_int_check_type)0, std::allocator<unsigned long long> > >&, boost::multiprecision::backends::rational_adaptor<boost::multiprecision::backends::cpp_int_backend<0ul, 0ul, (boost::multiprecision::cpp_integer_type)1, (boost::multiprecision::cpp_int_check_type)0, std::allocator<unsigned long long> > > const&, boost::multiprecision::backends::cpp_int_backend<0ul, 0ul, (boost::multiprecision::cpp_integer_type)1, (boost::multiprecision::cpp_int_check_type)0, std::allocator<unsigned long long> > const&, boost::multiprecision::backends::cpp_int_backend<0ul, 0ul, (boost::multiprecision::cpp_integer_type)1, (boost::multiprecision::cpp_int_check_type)0, std::allocator<unsigned long long> > const&)",4008016,0.11043622308117063
"ParallelRoam::Algorithms::GreedyTransactionalLod::TransactionalTerrainLodAlgorithm::Impl::Build(ParallelRoam::Algorithms::TerrainLodBuildInput const&, ParallelRoam::Algorithms::TerrainLodRenderPacket&, std::__cxx11::basic_string<char, std::char_traits<char>, std::allocator<char> >*)",ParallelRoam::Algorithms::GreedyTransactionalLod::CertifiedBatch::~CertifiedBatch(),4008016,0.11043622308117063
"void boost::multiprecision::backends::eval_add_subtract_imp<boost::multiprecision::backends::cpp_int_backend<0ul, 0ul, (boost::multiprecision::cpp_integer_type)1, (boost::multiprecision::cpp_int_check_type)0, std::allocator<unsigned long long> > >(boost::multiprecision::backends::rational_adaptor<boost::multiprecision::backends::cpp_int_backend<0ul, 0ul, (boost::multiprecision::cpp_integer_type)1, (boost::multiprecision::cpp_int_check_type)0, std::allocator<unsigned long long> > >&, boost::multiprecision::backends::rational_adaptor<boost::multiprecision::backends::cpp_int_backend<0ul, 0ul, (boost::multiprecision::cpp_integer_type)1, (boost::multiprecision::cpp_int_check_type)0, std::allocator<unsigned long long> > > const&, boost::multiprecision::backends::rational_adaptor<boost::multiprecision::backends::cpp_int_backend<0ul, 0ul, (boost::multiprecision::cpp_integer_type)1, (boost::multiprecision::cpp_int_check_type)0, std::allocator<unsigned long long> > > const&, bool)","void boost::multiprecision::backends::add_unsigned<boost::multiprecision::backends::cpp_int_backend<0ul, 0ul, (boost::multiprecision::cpp_integer_type)1, (boost::multiprecision::cpp_int_check_type)0, std::allocator<unsigned long long> >, boost::multiprecision::backends::cpp_int_backend<0ul, 0ul, (boost::multiprecision::cpp_integer_type)1, (boost::multiprecision::cpp_int_check_type)0, std::allocator<unsigned long long> >, boost::multiprecision::backends::cpp_int_backend<0ul, 0ul, (boost::multiprecision::cpp_integer_type)1, (boost::multiprecision::cpp_int_check_type)0, std::allocator<unsigned long long> > >(boost::multiprecision::backends::cpp_int_backend<0ul, 0ul, (boost::multiprecision::cpp_integer_type)1, (boost::multiprecision::cpp_int_check_type)0, std::allocator<unsigned long long> >&, boost::multiprecision::backends::cpp_int_backend<0ul, 0ul, (boost::multiprecision::cpp_integer_type)1, (boost::multiprecision::cpp_int_check_type)0, std::allocator<unsigned long long> > const&, boost::multiprecision::backends::cpp_int_backend<0ul, 0ul, (boost::multiprecision::cpp_integer_type)1, (boost::multiprecision::cpp_int_check_type)0, std::allocator<unsigned long long> > const&)",4008016,0.11043622308117063
_int_malloc,unlink_chunk.isra.0,4008016,0.11043622308117063
ParallelRoam::Algorithms::GreedyTransactionalLod::WorkLedger::CheckLimit() const,std::chrono::_V2::steady_clock::now(),4008016,0.11043622308117063
"void boost::multiprecision::backends::eval_add_subtract_imp<boost::multiprecision::backends::cpp_int_backend<0ul, 0ul, (boost::multiprecision::cpp_integer_type)1, (boost::multiprecision::cpp_int_check_type)0, std::allocator<unsigned long long> > >(boost::multiprecision::backends::rational_adaptor<boost::multiprecision::backends::cpp_int_backend<0ul, 0ul, (boost::multiprecision::cpp_integer_type)1, (boost::multiprecision::cpp_int_check_type)0, std::allocator<unsigned long long> > >&, boost::multiprecision::backends::rational_adaptor<boost::multiprecision::backends::cpp_int_backend<0ul, 0ul, (boost::multiprecision::cpp_integer_type)1, (boost::multiprecision::cpp_int_check_type)0, std::allocator<unsigned long long> > > const&, boost::multiprecision::backends::rational_adaptor<boost::multiprecision::backends::cpp_int_backend<0ul, 0ul, (boost::multiprecision::cpp_integer_type)1, (boost::multiprecision::cpp_int_check_type)0, std::allocator<unsigned long long> > > const&, bool)",memcpy@plt,4008016,0.11043622308117063
"ParallelRoam::Algorithms::GreedyTransactionalLod::TransactionalProposals::CertifyReceiver[abi:cxx11](ParallelRoam::Algorithms::GreedyTransactionalLod::TransactionalState const&, ParallelRoam::Algorithms::GreedyTransactionalLod::TransactionalSamples const&, ParallelRoam::Algorithms::GreedyTransactionalLod::Proposal&, ParallelRoam::Algorithms::GreedyTransactionalLod::WorkLedger&)","ParallelRoam::Algorithms::GreedyTransactionalLod::TransactionalSamples::Clip(ParallelRoam::Algorithms::GreedyTransactionalLod::Configuration const&, double, double, double)",4008016,0.11043622308117063
"ParallelRoam::Algorithms::GreedyTransactionalLod::TransactionalCommit::Prepare(ParallelRoam::Algorithms::GreedyTransactionalLod::TransactionalState&, ParallelRoam::Algorithms::GreedyTransactionalLod::CertifiedBatch const&, ParallelRoam::Algorithms::GreedyTransactionalLod::WorkLedger&, ParallelRoam::Algorithms::GreedyTransactionalLod::TransactionalExecution const&, ParallelRoam::Algorithms::GreedyTransactionalLod::HeightSource const*)::{lambda(ParallelRoam::Algorithms::GreedyTransactionalLod::Proposal const&, bool)#1}::operator()(ParallelRoam::Algorithms::GreedyTransactionalLod::Proposal const&, bool) const","ParallelRoam::Algorithms::GreedyTransactionalLod::TransactionalReservation::Footprint(ParallelRoam::Algorithms::GreedyTransactionalLod::TransactionalState const&, ParallelRoam::Algorithms::GreedyTransactionalLod::Proposal const&)",4008016,0.11043622308117063
"ParallelRoam::Algorithms::GreedyTransactionalLod::TransactionalReservation::Footprint(ParallelRoam::Algorithms::GreedyTransactionalLod::TransactionalState const&, ParallelRoam::Algorithms::GreedyTransactionalLod::Proposal const&)",_int_free_chunk,4008016,0.11043622308117063
"ParallelRoam::Algorithms::GreedyTransactionalLod::TransactionalSamples::Weights(unsigned int, ParallelRoam::Algorithms::GreedyTransactionalLod::Point const&, ParallelRoam::Algorithms::GreedyTransactionalLod::Point const&, ParallelRoam::Algorithms::GreedyTransactionalLod::Point const&, std::array<double, 3ul>&) const","void boost::multiprecision::backends::divide_unsigned_helper<boost::multiprecision::backends::cpp_int_backend<0ul, 0ul, (boost::multiprecision::cpp_integer_type)1, (boost::multiprecision::cpp_int_check_type)0, std::allocator<unsigned long long> >, boost::multiprecision::backends::cpp_int_backend<0ul, 0ul, (boost::multiprecision::cpp_integer_type)1, (boost::multiprecision::cpp_int_check_type)0, std::allocator<unsigned long long> > >(boost::multiprecision::backends::cpp_int_backend<0ul, 0ul, (boost::multiprecision::cpp_integer_type)1, (boost::multiprecision::cpp_int_check_type)0, std::allocator<unsigned long long> >*, boost::multiprecision::backends::cpp_int_backend<0ul, 0ul, (boost::multiprecision::cpp_integer_type)1, (boost::multiprecision::cpp_int_check_type)0, std::allocator<unsigned long long> > const&, unsigned long long, boost::multiprecision::backends::cpp_int_backend<0ul, 0ul, (boost::multiprecision::cpp_integer_type)1, (boost::multiprecision::cpp_int_check_type)0, std::allocator<unsigned long long> >&)",4008016,0.11043622308117063
"ParallelRoam::Algorithms::GreedyTransactionalLod::QualityEvaluation::ErrorBounds(ParallelRoam::Algorithms::GreedyTransactionalLod::TransactionalState const&, ParallelRoam::Algorithms::GreedyTransactionalLod::TransactionalSamples const&, unsigned int, ParallelRoam::Algorithms::GreedyTransactionalLod::Proposal const*, ParallelRoam::Algorithms::GreedyTransactionalLod::WorkLedger&, ParallelRoam::Algorithms::GreedyTransactionalLod::TransactionalProposalEvidence*)","ParallelRoam::Algorithms::GreedyTransactionalLod::QualityEvaluation::CoveringFace(ParallelRoam::Algorithms::GreedyTransactionalLod::TransactionalState const&, ParallelRoam::Algorithms::GreedyTransactionalLod::TransactionalSamples const&, unsigned int, ParallelRoam::Algorithms::GreedyTransactionalLod::Proposal const*)",4008016,0.11043622308117063
"ParallelRoam::Algorithms::GreedyTransactionalLod::QualityEvaluation::CoveringFace(ParallelRoam::Algorithms::GreedyTransactionalLod::TransactionalState const&, ParallelRoam::Algorithms::GreedyTransactionalLod::TransactionalSamples const&, unsigned int, ParallelRoam::Algorithms::GreedyTransactionalLod::Proposal const*)","ParallelRoam::Algorithms::GreedyTransactionalLod::TransactionalSamples::Weights(unsigned int, ParallelRoam::Algorithms::GreedyTransactionalLod::Point const&, ParallelRoam::Algorithms::GreedyTransactionalLod::Point const&, ParallelRoam::Algorithms::GreedyTransactionalLod::Point const&, std::array<double, 3ul>&) const",4008016,0.11043622308117063
"ParallelRoam::Algorithms::GreedyTransactionalLod::TransactionalCommit::Prepare(ParallelRoam::Algorithms::GreedyTransactionalLod::TransactionalState&, ParallelRoam::Algorithms::GreedyTransactionalLod::CertifiedBatch const&, ParallelRoam::Algorithms::GreedyTransactionalLod::WorkLedger&, ParallelRoam::Algorithms::GreedyTransactionalLod::TransactionalExecution const&, ParallelRoam::Algorithms::GreedyTransactionalLod::HeightSource const*)::{lambda(ParallelRoam::Algorithms::GreedyTransactionalLod::Proposal const&, bool)#1}::operator()(ParallelRoam::Algorithms::GreedyTransactionalLod::Proposal const&, bool) const",std::_Rb_tree_increment(std::_Rb_tree_node_base*),4008016,0.11043622308117063
"ParallelRoam::Algorithms::GreedyTransactionalLod::TransactionalProposalEvidence::Get(unsigned int, ParallelRoam::Algorithms::GreedyTransactionalLod::WorkLedger&)",ParallelRoam::Algorithms::GreedyTransactionalLod::TransactionalSamples::Decode(unsigned int) const,4008016,0.11043622308117063
"ParallelRoam::Algorithms::GreedyTransactionalLod::TransactionalReservation::Plan(ParallelRoam::Algorithms::GreedyTransactionalLod::TransactionalState const&, ParallelRoam::Algorithms::GreedyTransactionalLod::TransactionalSamples const&, ParallelRoam::Algorithms::GreedyTransactionalLod::WorkLedger&, ParallelRoam::Algorithms::GreedyTransactionalLod::TransactionalExecution const&)","ParallelRoam::Algorithms::GreedyTransactionalLod::TransactionalReservation::Footprint(ParallelRoam::Algorithms::GreedyTransactionalLod::TransactionalState const&, ParallelRoam::Algorithms::GreedyTransactionalLod::Proposal const&)",4008016,0.11043622308117063
"void std::__introsort_loop<__gnu_cxx::__normal_iterator<std::pair<double, long>*, std::vector<std::pair<double, long>, std::allocator<std::pair<double, long> > > >, long, __gnu_cxx::__ops::_Iter_comp_iter<ParallelRoam::Algorithms::GreedyTransactionalLod::TransactionalPriorityIndex<std::pair<double, long> >::Sort(std::vector<std::pair<double, long>, std::allocator<std::pair<double, long> > >&, ParallelRoam::Algorithms::GreedyTransactionalLod::WorkLedger&)::{lambda(std::pair<double, long> const&, std::pair<double, long> const&)#1}> >(__gnu_cxx::__normal_iterator<std::pair<double, long>*, std::vector<std::pair<double, long>, std::allocator<std::pair<double, long> > > >, __gnu_cxx::__normal_iterator<std::pair<double, long>*, std::vector<std::pair<double, long>, std::allocator<std::pair<double, long> > > >, long, __gnu_cxx::__ops::_Iter_comp_iter<ParallelRoam::Algorithms::GreedyTransactionalLod::TransactionalPriorityIndex<std::pair<double, long> >::Sort(std::vector<std::pair<double, long>, std::allocator<std::pair<double, long> > >&, ParallelRoam::Algorithms::GreedyTransactionalLod::WorkLedger&)::{lambda(std::pair<double, long> const&, std::pair<double, long> const&)#1}>)","void std::__introsort_loop<__gnu_cxx::__normal_iterator<std::pair<double, long>*, std::vector<std::pair<double, long>, std::allocator<std::pair<double, long> > > >, long, __gnu_cxx::__ops::_Iter_comp_iter<ParallelRoam::Algorithms::GreedyTransactionalLod::TransactionalPriorityIndex<std::pair<double, long> >::Sort(std::vector<std::pair<double, long>, std::allocator<std::pair<double, long> > >&, ParallelRoam::Algorithms::GreedyTransactionalLod::WorkLedger&)::{lambda(std::pair<double, long> const&, std::pair<double, long> const&)#1}> >(__gnu_cxx::__normal_iterator<std::pair<double, long>*, std::vector<std::pair<double, long>, std::allocator<std::pair<double, long> > > >, __gnu_cxx::__normal_iterator<std::pair<double, long>*, std::vector<std::pair<double, long>, std::allocator<std::pair<double, long> > > >, long, __gnu_cxx::__ops::_Iter_comp_iter<ParallelRoam::Algorithms::GreedyTransactionalLod::TransactionalPriorityIndex<std::pair<double, long> >::Sort(std::vector<std::pair<double, long>, std::allocator<std::pair<double, long> > >&, ParallelRoam::Algorithms::GreedyTransactionalLod::WorkLedger&)::{lambda(std::pair<double, long> const&, std::pair<double, long> const&)#1}>)",4008016,0.11043622308117063
"std::_Rb_tree<unsigned int, std::pair<unsigned int const, unsigned int>, std::_Select1st<std::pair<unsigned int const, unsigned int> >, std::less<unsigned int>, std::allocator<std::pair<unsigned int const, unsigned int> > >::_M_erase(std::_Rb_tree_node<std::pair<unsigned int const, unsigned int> >*) [clone .isra.0]",_int_free_chunk,4008016,0.11043622308117063
"ParallelRoam::Algorithms::GreedyTransactionalLod::TransactionalCommit::Prepare(ParallelRoam::Algorithms::GreedyTransactionalLod::TransactionalState&, ParallelRoam::Algorithms::GreedyTransactionalLod::CertifiedBatch const&, ParallelRoam::Algorithms::GreedyTransactionalLod::WorkLedger&, ParallelRoam::Algorithms::GreedyTransactionalLod::TransactionalExecution const&, ParallelRoam::Algorithms::GreedyTransactionalLod::HeightSource const*)","ParallelRoam::Algorithms::GreedyTransactionalLod::TransactionalCommit::Prepare(ParallelRoam::Algorithms::GreedyTransactionalLod::TransactionalState&, ParallelRoam::Algorithms::GreedyTransactionalLod::CertifiedBatch const&, ParallelRoam::Algorithms::GreedyTransactionalLod::WorkLedger&, ParallelRoam::Algorithms::GreedyTransactionalLod::TransactionalExecution const&, ParallelRoam::Algorithms::GreedyTransactionalLod::HeightSource const*)::{lambda(long)#1}::operator()(long) const",4008016,0.11043622308117063
"ParallelRoam::Algorithms::GreedyTransactionalLod::TransactionalPredicates::Shape(ParallelRoam::Algorithms::GreedyTransactionalLod::Point const&, ParallelRoam::Algorithms::GreedyTransactionalLod::Point const&, ParallelRoam::Algorithms::GreedyTransactionalLod::Point const&)","std::enable_if<!boost::multiprecision::backends::is_trivial_cpp_int<boost::multiprecision::backends::cpp_int_backend<0ul, 0ul, (boost::multiprecision::cpp_integer_type)1, (boost::multiprecision::cpp_int_check_type)0, std::allocator<unsigned long long> > >::value, void>::type boost::multiprecision::backends::eval_gcd<0ul, 0ul, (boost::multiprecision::cpp_integer_type)1, (boost::multiprecision::cpp_int_check_type)0, std::allocator<unsigned long long> >(boost::multiprecision::backends::cpp_int_backend<0ul, 0ul, (boost::multiprecision::cpp_integer_type)1, (boost::multiprecision::cpp_int_check_type)0, std::allocator<unsigned long long> >&, boost::multiprecision::backends::cpp_int_backend<0ul, 0ul, (boost::multiprecision::cpp_integer_type)1, (boost::multiprecision::cpp_int_check_type)0, std::allocator<unsigned long long> > const&, boost::multiprecision::backends::cpp_int_backend<0ul, 0ul, (boost::multiprecision::cpp_integer_type)1, (boost::multiprecision::cpp_int_check_type)0, std::allocator<unsigned long long> > const&)",4008016,0.11043622308117063
"ParallelRoam::Algorithms::GreedyTransactionalLod::TransactionalSamples::Weights(unsigned int, ParallelRoam::Algorithms::GreedyTransactionalLod::Point const&, ParallelRoam::Algorithms::GreedyTransactionalLod::Point const&, ParallelRoam::Algorithms::GreedyTransactionalLod::Point const&, std::array<double, 3ul>&) const","std::enable_if<!boost::multiprecision::backends::is_trivial_cpp_int<boost::multiprecision::backends::cpp_int_backend<0ul, 0ul, (boost::multiprecision::cpp_integer_type)1, (boost::multiprecision::cpp_int_check_type)0, std::allocator<unsigned long long> > >::value, void>::type boost::multiprecision::backends::eval_gcd<0ul, 0ul, (boost::multiprecision::cpp_integer_type)1, (boost::multiprecision::cpp_int_check_type)0, std::allocator<unsigned long long> >(boost::multiprecision::backends::cpp_int_backend<0ul, 0ul, (boost::multiprecision::cpp_integer_type)1, (boost::multiprecision::cpp_int_check_type)0, std::allocator<unsigned long long> >&, boost::multiprecision::backends::cpp_int_backend<0ul, 0ul, (boost::multiprecision::cpp_integer_type)1, (boost::multiprecision::cpp_int_check_type)0, std::allocator<unsigned long long> > const&, boost::multiprecision::backends::cpp_int_backend<0ul, 0ul, (boost::multiprecision::cpp_integer_type)1, (boost::multiprecision::cpp_int_check_type)0, std::allocator<unsigned long long> > const&)",4008016,0.11043622308117063
"ParallelRoam::Algorithms::GreedyTransactionalLod::TransactionalSamples::Weights(unsigned int, ParallelRoam::Algorithms::GreedyTransactionalLod::Point const&, ParallelRoam::Algorithms::GreedyTransactionalLod::Point const&, ParallelRoam::Algorithms::GreedyTransactionalLod::Point const&, std::array<double, 3ul>&) const","boost::multiprecision::backends::rational_adaptor<boost::multiprecision::backends::cpp_int_backend<0ul, 0ul, (boost::multiprecision::cpp_integer_type)1, (boost::multiprecision::cpp_int_check_type)0, std::allocator<unsigned long long> > >::compare(boost::multiprecision::backends::rational_adaptor<boost::multiprecision::backends::cpp_int_backend<0ul, 0ul, (boost::multiprecision::cpp_integer_type)1, (boost::multiprecision::cpp_int_check_type)0, std::allocator<unsigned long long> > > const&) const",4008016,0.11043622308117063
"ParallelRoam::Algorithms::GreedyTransactionalLod::TransactionalSamples::Weights(unsigned int, ParallelRoam::Algorithms::GreedyTransactionalLod::Point const&, ParallelRoam::Algorithms::GreedyTransactionalLod::Point const&, ParallelRoam::Algorithms::GreedyTransactionalLod::Point const&, std::array<double, 3ul>&) const","boost::multiprecision::backends::rational_adaptor<boost::multiprecision::backends::cpp_int_backend<0ul, 0ul, (boost::multiprecision::cpp_integer_type)1, (boost::multiprecision::cpp_int_check_type)0, std::allocator<unsigned long long> > >::rational_adaptor()",4008016,0.11043622308117063
"ParallelRoam::Algorithms::GreedyTransactionalLod::TransactionalCertification::Measure(ParallelRoam::Algorithms::GreedyTransactionalLod::TransactionalState const&, ParallelRoam::Algorithms::GreedyTransactionalLod::TransactionalSamples const&, ParallelRoam::Algorithms::GreedyTransactionalLod::Proposal&, ParallelRoam::Algorithms::GreedyTransactionalLod::WorkLedger&, ParallelRoam::Algorithms::GreedyTransactionalLod::TransactionalProposalEvidence*)","ParallelRoam::Algorithms::GreedyTransactionalLod::QualityEvaluation::operator-(ParallelRoam::Algorithms::GreedyTransactionalLod::QualityEvaluation::Interval, ParallelRoam::Algorithms::GreedyTransactionalLod::QualityEvaluation::Interval)",4008016,0.11043622308117063
"ParallelRoam::Algorithms::GreedyTransactionalLod::TransactionalSamples::Prepare(ParallelRoam::Algorithms::GreedyTransactionalLod::TransactionalState const&, ParallelRoam::Algorithms::GreedyTransactionalLod::PreparedTopology const&, ParallelRoam::Algorithms::GreedyTransactionalLod::WorkLedger&)","ParallelRoam::Algorithms::GreedyTransactionalLod::TransactionalPriorityIndex<std::tuple<double, long, unsigned int> >::PrepareRepair(std::map<unsigned int, std::optional<std::tuple<double, long, unsigned int> >, std::less<unsigned int>, std::allocator<std::pair<unsigned int const, std::optional<std::tuple<double, long, unsigned int> > > > >, unsigned long, ParallelRoam::Algorithms::GreedyTransactionalLod::WorkLedger&)",4008016,0.11043622308117063
"ParallelRoam::Algorithms::GreedyTransactionalLod::TransactionalPriorityIndex<std::pair<double, long> >::PrepareRepair(std::map<unsigned int, std::optional<std::pair<double, long> >, std::less<unsigned int>, std::allocator<std::pair<unsigned int const, std::optional<std::pair<double, long> > > > >, unsigned long, ParallelRoam::Algorithms::GreedyTransactionalLod::WorkLedger&)","void std::__introsort_loop<__gnu_cxx::__normal_iterator<std::pair<double, long>*, std::vector<std::pair<double, long>, std::allocator<std::pair<double, long> > > >, long, __gnu_cxx::__ops::_Iter_comp_iter<ParallelRoam::Algorithms::GreedyTransactionalLod::TransactionalPriorityIndex<std::pair<double, long> >::Sort(std::vector<std::pair<double, long>, std::allocator<std::pair<double, long> > >&, ParallelRoam::Algorithms::GreedyTransactionalLod::WorkLedger&)::{lambda(std::pair<double, long> const&, std::pair<double, long> const&)#1}> >(__gnu_cxx::__normal_iterator<std::pair<double, long>*, std::vector<std::pair<double, long>, std::allocator<std::pair<double, long> > > >, __gnu_cxx::__normal_iterator<std::pair<double, long>*, std::vector<std::pair<double, long>, std::allocator<std::pair<double, long> > > >, long, __gnu_cxx::__ops::_Iter_comp_iter<ParallelRoam::Algorithms::GreedyTransactionalLod::TransactionalPriorityIndex<std::pair<double, long> >::Sort(std::vector<std::pair<double, long>, std::allocator<std::pair<double, long> > >&, ParallelRoam::Algorithms::GreedyTransactionalLod::WorkLedger&)::{lambda(std::pair<double, long> const&, std::pair<double, long> const&)#1}>)",4008016,0.11043622308117063
"ParallelRoam::Algorithms::GreedyTransactionalLod::TransactionalSamples::Prepare(ParallelRoam::Algorithms::GreedyTransactionalLod::TransactionalState const&, ParallelRoam::Algorithms::GreedyTransactionalLod::PreparedTopology const&, ParallelRoam::Algorithms::GreedyTransactionalLod::WorkLedger&)","ParallelRoam::Algorithms::GreedyTransactionalLod::TransactionalPriorityIndex<std::pair<double, long> >::PrepareRepair(std::map<unsigned int, std::optional<std::pair<double, long> >, std::less<unsigned int>, std::allocator<std::pair<unsigned int const, std::optional<std::pair<double, long> > > > >, unsigned long, ParallelRoam::Algorithms::GreedyTransactionalLod::WorkLedger&)",4008016,0.11043622308117063
"void boost::multiprecision::backends::eval_add_subtract_imp<boost::multiprecision::backends::cpp_int_backend<0ul, 0ul, (boost::multiprecision::cpp_integer_type)1, (boost::multiprecision::cpp_int_check_type)0, std::allocator<unsigned long long> > >(boost::multiprecision::backends::rational_adaptor<boost::multiprecision::backends::cpp_int_backend<0ul, 0ul, (boost::multiprecision::cpp_integer_type)1, (boost::multiprecision::cpp_int_check_type)0, std::allocator<unsigned long long> > >&, boost::multiprecision::backends::rational_adaptor<boost::multiprecision::backends::cpp_int_backend<0ul, 0ul, (boost::multiprecision::cpp_integer_type)1, (boost::multiprecision::cpp_int_check_type)0, std::allocator<unsigned long long> > > const&, boost::multiprecision::backends::rational_adaptor<boost::multiprecision::backends::cpp_int_backend<0ul, 0ul, (boost::multiprecision::cpp_integer_type)1, (boost::multiprecision::cpp_int_check_type)0, std::allocator<unsigned long long> > > const&, bool)","boost::multiprecision::backends::cpp_int_base<0ul, 18446744073709551615ul, (boost::multiprecision::cpp_integer_type)1, (boost::multiprecision::cpp_int_check_type)0, std::allocator<unsigned long long>, false>::assign(boost::multiprecision::backends::cpp_int_base<0ul, 18446744073709551615ul, (boost::multiprecision::cpp_integer_type)1, (boost::multiprecision::cpp_int_check_type)0, std::allocator<unsigned long long>, false> const&) [clone .part.0]",4008016,0.11043622308117063
"void boost::multiprecision::backends::eval_multiply_imp<boost::multiprecision::backends::cpp_int_backend<0ul, 0ul, (boost::multiprecision::cpp_integer_type)1, (boost::multiprecision::cpp_int_check_type)0, std::allocator<unsigned long long> >, unsigned long long>(boost::multiprecision::backends::cpp_int_backend<0ul, 0ul, (boost::multiprecision::cpp_integer_type)1, (boost::multiprecision::cpp_int_check_type)0, std::allocator<unsigned long long> >&, boost::multiprecision::backends::cpp_int_backend<0ul, 0ul, (boost::multiprecision::cpp_integer_type)1, (boost::multiprecision::cpp_int_check_type)0, std::allocator<unsigned long long> >&, unsigned long long)","std::enable_if<!boost::multiprecision::backends::is_trivial_cpp_int<boost::multiprecision::backends::cpp_int_backend<0ul, 0ul, (boost::multiprecision::cpp_integer_type)1, (boost::multiprecision::cpp_int_check_type)0, std::allocator<unsigned long long> > >::value, void>::type boost::multiprecision::backends::eval_gcd<0ul, 0ul, (boost::multiprecision::cpp_integer_type)1, (boost::multiprecision::cpp_int_check_type)0, std::allocator<unsigned long long> >(boost::multiprecision::backends::cpp_int_backend<0ul, 0ul, (boost::multiprecision::cpp_integer_type)1, (boost::multiprecision::cpp_int_check_type)0, std::allocator<unsigned long long> >&, boost::multiprecision::backends::cpp_int_backend<0ul, 0ul, (boost::multiprecision::cpp_integer_type)1, (boost::multiprecision::cpp_int_check_type)0, std::allocator<unsigned long long> > const&, unsigned long long)",2004008,0.05521811154058531
"ParallelRoam::Algorithms::GreedyTransactionalLod::TransactionalPredicates::Orientation(ParallelRoam::Algorithms::GreedyTransactionalLod::Point const&, ParallelRoam::Algorithms::GreedyTransactionalLod::Point const&, ParallelRoam::Algorithms::GreedyTransactionalLod::Point const&)",__memmove_avx512_unaligned_erms,2004008,0.05521811154058531
"std::array<ParallelRoam::Algorithms::GreedyTransactionalLod::QualityEvaluation::Interval, 3ul> ParallelRoam::Algorithms::GreedyTransactionalLod::QualityEvaluation::Reference<ParallelRoam::Algorithms::GreedyTransactionalLod::QualityEvaluation::Interval>(ParallelRoam::Algorithms::GreedyTransactionalLod::TransactionalState const&, ParallelRoam::Algorithms::GreedyTransactionalLod::TransactionalSamples const&, unsigned int)",nextafter@plt,2004008,0.05521811154058531
"ParallelRoam::Algorithms::GreedyTransactionalLod::TransactionalSamples::VisibleSupport(std::vector<unsigned int, std::allocator<unsigned int> > const&) const",operator new(unsigned long),2004008,0.05521811154058531
"ParallelRoam::Algorithms::GreedyTransactionalLod::TransactionalReservation::Plan(ParallelRoam::Algorithms::GreedyTransactionalLod::TransactionalState const&, ParallelRoam::Algorithms::GreedyTransactionalLod::TransactionalSamples const&, ParallelRoam::Algorithms::GreedyTransactionalLod::WorkLedger&, ParallelRoam::Algorithms::GreedyTransactionalLod::TransactionalExecution const&)","std::_Rb_tree<std::tuple<char, long, long>, std::tuple<char, long, long>, std::_Identity<std::tuple<char, long, long> >, std::less<std::tuple<char, long, long> >, std::allocator<std::tuple<char, long, long> > >::_M_erase(std::_Rb_tree_node<std::tuple<char, long, long> >*) [clone .isra.0]",2004008,0.05521811154058531
"std::_Function_handler<void (unsigned long), ParallelRoam::Algorithms::GreedyTransactionalLod::TransactionalExecution::Run(std::__cxx11::basic_string<char, std::char_traits<char>, std::allocator<char> > const&, unsigned long, ParallelRoam::Algorithms::GreedyTransactionalLod::WorkLedger&, std::function<void (unsigned long, unsigned long, ParallelRoam::Algorithms::GreedyTransactionalLod::WorkLedger&)> const&) const::{lambda(unsigned long)#1}>::_M_invoke(std::_Any_data const&, unsigned long&&)","ParallelRoam::Algorithms::GreedyTransactionalLod::TransactionalSamples::Project(ParallelRoam::Algorithms::GreedyTransactionalLod::Configuration const&, unsigned int, ParallelRoam::Algorithms::GreedyTransactionalLod::SampleValue, ParallelRoam::Algorithms::GreedyTransactionalLod::WorkLedger&) const",2004008,0.05521811154058531
"std::enable_if<std::is_floating_point<long double>::value, boost::multiprecision::backends::rational_adaptor<boost::multiprecision::backends::cpp_int_backend<0ul, 0ul, (boost::multiprecision::cpp_integer_type)1, (boost::multiprecision::cpp_int_check_type)0, std::allocator<unsigned long long> > >&>::type boost::multiprecision::backends::rational_adaptor<boost::multiprecision::backends::cpp_int_backend<0ul, 0ul, (boost::multiprecision::cpp_integer_type)1, (boost::multiprecision::cpp_int_check_type)0, std::allocator<unsigned long long> > >::operator=<long double>(long double) [clone .isra.0]",__memmove_avx512_unaligned_erms,2004008,0.05521811154058531
"ParallelRoam::Algorithms::GreedyTransactionalLod::TransactionalCertification::Fit[abi:cxx11](ParallelRoam::Algorithms::GreedyTransactionalLod::TransactionalState const&, ParallelRoam::Algorithms::GreedyTransactionalLod::TransactionalSamples const&, ParallelRoam::Algorithms::GreedyTransactionalLod::Proposal&, ParallelRoam::Algorithms::GreedyTransactionalLod::WorkLedger&, ParallelRoam::Algorithms::GreedyTransactionalLod::SingleHeightFitInterval*)",malloc,2004008,0.05521811154058531
"ParallelRoam::Algorithms::GreedyTransactionalLod::TransactionalSamples::Weights(unsigned int, ParallelRoam::Algorithms::GreedyTransactionalLod::Point const&, ParallelRoam::Algorithms::GreedyTransactionalLod::Point const&, ParallelRoam::Algorithms::GreedyTransactionalLod::Point const&, std::array<double, 3ul>&) const",ldexpl@plt,2004008,0.05521811154058531
_int_free_merge_chunk,unlink_chunk.isra.0,2004008,0.05521811154058531
ParallelRoam::Algorithms::GreedyTransactionalLod::CertifiedBatch::~CertifiedBatch(),_int_free_chunk,2004008,0.05521811154058531
"void boost::multiprecision::backends::eval_add_subtract_imp<boost::multiprecision::backends::cpp_int_backend<0ul, 0ul, (boost::multiprecision::cpp_integer_type)1, (boost::multiprecision::cpp_int_check_type)0, std::allocator<unsigned long long> > >(boost::multiprecision::backends::rational_adaptor<boost::multiprecision::backends::cpp_int_backend<0ul, 0ul, (boost::multiprecision::cpp_integer_type)1, (boost::multiprecision::cpp_int_check_type)0, std::allocator<unsigned long long> > >&, boost::multiprecision::backends::rational_adaptor<boost::multiprecision::backends::cpp_int_backend<0ul, 0ul, (boost::multiprecision::cpp_integer_type)1, (boost::multiprecision::cpp_int_check_type)0, std::allocator<unsigned long long> > > const&, boost::multiprecision::backends::rational_adaptor<boost::multiprecision::backends::cpp_int_backend<0ul, 0ul, (boost::multiprecision::cpp_integer_type)1, (boost::multiprecision::cpp_int_check_type)0, std::allocator<unsigned long long> > > const&, bool)","void boost::multiprecision::backends::eval_gcd_lehmer<0ul, 0ul, (boost::multiprecision::cpp_integer_type)1, (boost::multiprecision::cpp_int_check_type)0, std::allocator<unsigned long long>, boost::multiprecision::backends::cpp_int_base<0ul, 18446744073709551615ul, (boost::multiprecision::cpp_integer_type)1, (boost::multiprecision::cpp_int_check_type)0, std::allocator<unsigned long long>, false>::scoped_shared_storage>(boost::multiprecision::backends::cpp_int_backend<0ul, 0ul, (boost::multiprecision::cpp_integer_type)1, (boost::multiprecision::cpp_int_check_type)0, std::allocator<unsigned long long> >&, boost::multiprecision::backends::cpp_int_backend<0ul, 0ul, (boost::multiprecision::cpp_integer_type)1, (boost::multiprecision::cpp_int_check_type)0, std::allocator<unsigned long long> >&, unsigned long, boost::multiprecision::backends::cpp_int_base<0ul, 18446744073709551615ul, (boost::multiprecision::cpp_integer_type)1, (boost::multiprecision::cpp_int_check_type)0, std::allocator<unsigned long long>, false>::scoped_shared_storage&)",2004008,0.05521811154058531
"std::_Rb_tree_node_base* std::_Rb_tree<std::tuple<char, long, long>, std::tuple<char, long, long>, std::_Identity<std::tuple<char, long, long> >, std::less<std::tuple<char, long, long> >, std::allocator<std::tuple<char, long, long> > >::_M_copy<false, std::_Rb_tree<std::tuple<char, long, long>, std::tuple<char, long, long>, std::_Identity<std::tuple<char, long, long> >, std::less<std::tuple<char, long, long> >, std::allocator<std::tuple<char, long, long> > >::_Alloc_node>(std::_Rb_tree_node<std::tuple<char, long, long> >*, std::_Rb_tree_node_base*, std::_Rb_tree<std::tuple<char, long, long>, std::tuple<char, long, long>, std::_Identity<std::tuple<char, long, long> >, std::less<std::tuple<char, long, long> >, std::allocator<std::tuple<char, long, long> > >::_Alloc_node&) [clone .isra.0]",operator new(unsigned long),2004008,0.05521811154058531
"std::_Rb_tree_node_base* std::_Rb_tree<std::tuple<char, long, long>, std::tuple<char, long, long>, std::_Identity<std::tuple<char, long, long> >, std::less<std::tuple<char, long, long> >, std::allocator<std::tuple<char, long, long> > >::_M_copy<false, std::_Rb_tree<std::tuple<char, long, long>, std::tuple<char, long, long>, std::_Identity<std::tuple<char, long, long> >, std::less<std::tuple<char, long, long> >, std::allocator<std::tuple<char, long, long> > >::_Alloc_node>(std::_Rb_tree_node<std::tuple<char, long, long> >*, std::_Rb_tree_node_base*, std::_Rb_tree<std::tuple<char, long, long>, std::tuple<char, long, long>, std::_Identity<std::tuple<char, long, long> >, std::less<std::tuple<char, long, long> >, std::allocator<std::tuple<char, long, long> > >::_Alloc_node&) [clone .isra.0]","std::_Rb_tree_node_base* std::_Rb_tree<std::tuple<char, long, long>, std::tuple<char, long, long>, std::_Identity<std::tuple<char, long, long> >, std::less<std::tuple<char, long, long> >, std::allocator<std::tuple<char, long, long> > >::_M_copy<false, std::_Rb_tree<std::tuple<char, long, long>, std::tuple<char, long, long>, std::_Identity<std::tuple<char, long, long> >, std::less<std::tuple<char, long, long> >, std::allocator<std::tuple<char, long, long> > >::_Alloc_node>(std::_Rb_tree_node<std::tuple<char, long, long> >*, std::_Rb_tree_node_base*, std::_Rb_tree<std::tuple<char, long, long>, std::tuple<char, long, long>, std::_Identity<std::tuple<char, long, long> >, std::less<std::tuple<char, long, long> >, std::allocator<std::tuple<char, long, long> > >::_Alloc_node&) [clone .isra.0]",2004008,0.05521811154058531
"ParallelRoam::Algorithms::GreedyTransactionalLod::TransactionalCommit::Prepare(ParallelRoam::Algorithms::GreedyTransactionalLod::TransactionalState&, ParallelRoam::Algorithms::GreedyTransactionalLod::CertifiedBatch const&, ParallelRoam::Algorithms::GreedyTransactionalLod::WorkLedger&, ParallelRoam::Algorithms::GreedyTransactionalLod::TransactionalExecution const&, ParallelRoam::Algorithms::GreedyTransactionalLod::HeightSource const*)::{lambda(ParallelRoam::Algorithms::GreedyTransactionalLod::Proposal const&, bool)#1}::operator()(ParallelRoam::Algorithms::GreedyTransactionalLod::Proposal const&, bool) const","std::_Rb_tree_node_base* std::_Rb_tree<std::tuple<char, long, long>, std::tuple<char, long, long>, std::_Identity<std::tuple<char, long, long> >, std::less<std::tuple<char, long, long> >, std::allocator<std::tuple<char, long, long> > >::_M_copy<false, std::_Rb_tree<std::tuple<char, long, long>, std::tuple<char, long, long>, std::_Identity<std::tuple<char, long, long> >, std::less<std::tuple<char, long, long> >, std::allocator<std::tuple<char, long, long> > >::_Alloc_node>(std::_Rb_tree_node<std::tuple<char, long, long> >*, std::_Rb_tree_node_base*, std::_Rb_tree<std::tuple<char, long, long>, std::tuple<char, long, long>, std::_Identity<std::tuple<char, long, long> >, std::less<std::tuple<char, long, long> >, std::allocator<std::tuple<char, long, long> > >::_Alloc_node&) [clone .isra.0]",2004008,0.05521811154058531
"std::_Rb_tree<unsigned int, std::pair<unsigned int const, std::optional<std::pair<double, long> > >, std::_Select1st<std::pair<unsigned int const, std::optional<std::pair<double, long> > > >, std::less<unsigned int>, std::allocator<std::pair<unsigned int const, std::optional<std::pair<double, long> > > > >::_M_erase(std::_Rb_tree_node<std::pair<unsigned int const, std::optional<std::pair<double, long> > > >*) [clone .isra.0]",_int_free_chunk,2004008,0.05521811154058531
"ParallelRoam::Algorithms::GreedyTransactionalLod::TransactionalPipeline::Apply(ParallelRoam::Algorithms::GreedyTransactionalLod::CertifiedBatch const&, ParallelRoam::Algorithms::GreedyTransactionalLod::WorkLedger&)","std::_Rb_tree<unsigned int, std::pair<unsigned int const, std::optional<std::pair<double, long> > >, std::_Select1st<std::pair<unsigned int const, std::optional<std::pair<double, long> > > >, std::less<unsigned int>, std::allocator<std::pair<unsigned int const, std::optional<std::pair<double, long> > > > >::_M_erase(std::_Rb_tree_node<std::pair<unsigned int const, std::optional<std::pair<double, long> > > >*) [clone .isra.0]",2004008,0.05521811154058531
"ParallelRoam::Algorithms::GreedyTransactionalLod::QualityEvaluation::ExactError(ParallelRoam::Algorithms::GreedyTransactionalLod::TransactionalState const&, ParallelRoam::Algorithms::GreedyTransactionalLod::TransactionalSamples const&, unsigned int, ParallelRoam::Algorithms::GreedyTransactionalLod::Proposal const*, ParallelRoam::Algorithms::GreedyTransactionalLod::TransactionalProposalEvidence*, ParallelRoam::Algorithms::GreedyTransactionalLod::WorkLedger*)","ParallelRoam::Algorithms::GreedyTransactionalLod::QualityEvaluation::CoveringFace(ParallelRoam::Algorithms::GreedyTransactionalLod::TransactionalState const&, ParallelRoam::Algorithms::GreedyTransactionalLod::TransactionalSamples const&, unsigned int, ParallelRoam::Algorithms::GreedyTransactionalLod::Proposal const*)",2004008,0.05521811154058531
"ParallelRoam::Algorithms::GreedyTransactionalLod::QualityEvaluation::CoveringFace(ParallelRoam::Algorithms::GreedyTransactionalLod::TransactionalState const&, ParallelRoam::Algorithms::GreedyTransactionalLod::TransactionalSamples const&, unsigned int, ParallelRoam::Algorithms::GreedyTransactionalLod::Proposal const*)",ParallelRoam::Algorithms::GreedyTransactionalLod::TransactionalState::Vertex(long) const,2004008,0.05521811154058531
"ParallelRoam::Algorithms::GreedyTransactionalLod::TransactionalCertification::Fit[abi:cxx11](ParallelRoam::Algorithms::GreedyTransactionalLod::TransactionalState const&, ParallelRoam::Algorithms::GreedyTransactionalLod::TransactionalSamples const&, ParallelRoam::Algorithms::GreedyTransactionalLod::Proposal&, ParallelRoam::Algorithms::GreedyTransactionalLod::WorkLedger&, ParallelRoam::Algorithms::GreedyTransactionalLod::SingleHeightFitInterval*)",ParallelRoam::Algorithms::GreedyTransactionalLod::WorkLedger::CheckLimit() const,2004008,0.05521811154058531
std::chrono::_V2::steady_clock::now(),__vdso_clock_gettime,2004008,0.05521811154058531
"boost::multiprecision::number<boost::multiprecision::backends::rational_adaptor<boost::multiprecision::backends::cpp_int_backend<0ul, 0ul, (boost::multiprecision::cpp_integer_type)1, (boost::multiprecision::cpp_int_check_type)0, std::allocator<unsigned long long> > >, (boost::multiprecision::expression_template_option)1> ParallelRoam::Algorithms::GreedyTransactionalLod::QualityEvaluation::Height<boost::multiprecision::number<boost::multiprecision::backends::rational_adaptor<boost::multiprecision::backends::cpp_int_backend<0ul, 0ul, (boost::multiprecision::cpp_integer_type)1, (boost::multiprecision::cpp_int_check_type)0, std::allocator<unsigned long long> > >, (boost::multiprecision::expression_template_option)1> >(boost::multiprecision::number<boost::multiprecision::backends::rational_adaptor<boost::multiprecision::backends::cpp_int_backend<0ul, 0ul, (boost::multiprecision::cpp_integer_type)1, (boost::multiprecision::cpp_int_check_type)0, std::allocator<unsigned long long> > >, (boost::multiprecision::expression_template_option)1> const&, boost::multiprecision::number<boost::multiprecision::backends::rational_adaptor<boost::multiprecision::backends::cpp_int_backend<0ul, 0ul, (boost::multiprecision::cpp_integer_type)1, (boost::multiprecision::cpp_int_check_type)0, std::allocator<unsigned long long> > >, (boost::multiprecision::expression_template_option)1> const&, ParallelRoam::Algorithms::GreedyTransactionalLod::Point const&, ParallelRoam::Algorithms::GreedyTransactionalLod::Point const&, ParallelRoam::Algorithms::GreedyTransactionalLod::Point const&)","boost::multiprecision::backends::cpp_int_base<0ul, 18446744073709551615ul, (boost::multiprecision::cpp_integer_type)1, (boost::multiprecision::cpp_int_check_type)0, std::allocator<unsigned long long>, false>::resize(unsigned long, unsigned long) [clone .isra.0]",2004008,0.05521811154058531
"void boost::multiprecision::backends::eval_add_subtract_imp<boost::multiprecision::backends::cpp_int_backend<0ul, 0ul, (boost::multiprecision::cpp_integer_type)1, (boost::multiprecision::cpp_int_check_type)0, std::allocator<unsigned long long> > >(boost::multiprecision::backends::rational_adaptor<boost::multiprecision::backends::cpp_int_backend<0ul, 0ul, (boost::multiprecision::cpp_integer_type)1, (boost::multiprecision::cpp_int_check_type)0, std::allocator<unsigned long long> > >&, boost::multiprecision::backends::rational_adaptor<boost::multiprecision::backends::cpp_int_backend<0ul, 0ul, (boost::multiprecision::cpp_integer_type)1, (boost::multiprecision::cpp_int_check_type)0, std::allocator<unsigned long long> > > const&, boost::multiprecision::backends::rational_adaptor<boost::multiprecision::backends::cpp_int_backend<0ul, 0ul, (boost::multiprecision::cpp_integer_type)1, (boost::multiprecision::cpp_int_check_type)0, std::allocator<unsigned long long> > > const&, bool)",operator delete(void*),2004008,0.05521811154058531
"ParallelRoam::Algorithms::GreedyTransactionalLod::TransactionalReservation::Footprint(ParallelRoam::Algorithms::GreedyTransactionalLod::TransactionalState const&, ParallelRoam::Algorithms::GreedyTransactionalLod::Proposal const&)",operator new(unsigned long),2004008,0.05521811154058531
"ParallelRoam::Algorithms::GreedyTransactionalLod::TransactionalFlipRecovery::Construct(ParallelRoam::Algorithms::GreedyTransactionalLod::TransactionalState const&, unsigned int, std::array<long, 2ul>)","ParallelRoam::Algorithms::GreedyTransactionalLod::TransactionalPredicates::Shape(ParallelRoam::Algorithms::GreedyTransactionalLod::Point const&, ParallelRoam::Algorithms::GreedyTransactionalLod::Point const&, ParallelRoam::Algorithms::GreedyTransactionalLod::Point const&)",2004008,0.05521811154058531
"ParallelRoam::Algorithms::GreedyTransactionalLod::TransactionalPredicates::Shape(ParallelRoam::Algorithms::GreedyTransactionalLod::Point const&, ParallelRoam::Algorithms::GreedyTransactionalLod::Point const&, ParallelRoam::Algorithms::GreedyTransactionalLod::Point const&)","void boost::multiprecision::backends::add_unsigned<boost::multiprecision::backends::cpp_int_backend<0ul, 0ul, (boost::multiprecision::cpp_integer_type)1, (boost::multiprecision::cpp_int_check_type)0, std::allocator<unsigned long long> >, boost::multiprecision::backends::cpp_int_backend<0ul, 0ul, (boost::multiprecision::cpp_integer_type)1, (boost::multiprecision::cpp_int_check_type)0, std::allocator<unsigned long long> >, boost::multiprecision::backends::cpp_int_backend<0ul, 0ul, (boost::multiprecision::cpp_integer_type)1, (boost::multiprecision::cpp_int_check_type)0, std::allocator<unsigned long long> > >(boost::multiprecision::backends::cpp_int_backend<0ul, 0ul, (boost::multiprecision::cpp_integer_type)1, (boost::multiprecision::cpp_int_check_type)0, std::allocator<unsigned long long> >&, boost::multiprecision::backends::cpp_int_backend<0ul, 0ul, (boost::multiprecision::cpp_integer_type)1, (boost::multiprecision::cpp_int_check_type)0, std::allocator<unsigned long long> > const&, boost::multiprecision::backends::cpp_int_backend<0ul, 0ul, (boost::multiprecision::cpp_integer_type)1, (boost::multiprecision::cpp_int_check_type)0, std::allocator<unsigned long long> > const&)",2004008,0.05521811154058531
"ParallelRoam::Algorithms::GreedyTransactionalLod::TransactionalFlipRecovery::FirstCertified(ParallelRoam::Algorithms::GreedyTransactionalLod::TransactionalState const&, ParallelRoam::Algorithms::GreedyTransactionalLod::TransactionalSamples const&, unsigned int, ParallelRoam::Algorithms::GreedyTransactionalLod::WorkLedger&, std::vector<std::pair<char, std::__cxx11::basic_string<char, std::char_traits<char>, std::allocator<char> > >, std::allocator<std::pair<char, std::__cxx11::basic_string<char, std::char_traits<char>, std::allocator<char> > > > >&)","ParallelRoam::Algorithms::GreedyTransactionalLod::TransactionalFlipRecovery::Construct(ParallelRoam::Algorithms::GreedyTransactionalLod::TransactionalState const&, unsigned int, std::array<long, 2ul>)",2004008,0.05521811154058531
"auto ParallelRoam::Algorithms::GreedyTransactionalLod::TransactionalReservation::Plan(ParallelRoam::Algorithms::GreedyTransactionalLod::TransactionalState const&, ParallelRoam::Algorithms::GreedyTransactionalLod::TransactionalSamples const&, ParallelRoam::Algorithms::GreedyTransactionalLod::WorkLedger&, ParallelRoam::Algorithms::GreedyTransactionalLod::TransactionalExecution const&)::{lambda(auto:1, auto:2, ParallelRoam::Algorithms::GreedyTransactionalLod::WorkLedger&)#1}::operator()<unsigned long, unsigned long>(unsigned long, unsigned long, ParallelRoam::Algorithms::GreedyTransactionalLod::WorkLedger&) const",std::chrono::_V2::steady_clock::now(),2004008,0.05521811154058531
"ParallelRoam::Algorithms::GreedyTransactionalLod::TransactionalCommit::Prepare(ParallelRoam::Algorithms::GreedyTransactionalLod::TransactionalState&, ParallelRoam::Algorithms::GreedyTransactionalLod::CertifiedBatch const&, ParallelRoam::Algorithms::GreedyTransactionalLod::WorkLedger&, ParallelRoam::Algorithms::GreedyTransactionalLod::TransactionalExecution const&, ParallelRoam::Algorithms::GreedyTransactionalLod::HeightSource const*)","std::_Rb_tree_insert_and_rebalance(bool, std::_Rb_tree_node_base*, std::_Rb_tree_node_base*, std::_Rb_tree_node_base&)",2004008,0.05521811154058531
"ParallelRoam::Algorithms::GreedyTransactionalLod::TransactionalSamples::Prepare(ParallelRoam::Algorithms::GreedyTransactionalLod::TransactionalState const&, ParallelRoam::Algorithms::GreedyTransactionalLod::PreparedTopology const&, ParallelRoam::Algorithms::GreedyTransactionalLod::WorkLedger&)",malloc,2004008,0.05521811154058531
"std::_Function_handler<void (unsigned long), ParallelRoam::Algorithms::GreedyTransactionalLod::TransactionalExecution::Run(std::__cxx11::basic_string<char, std::char_traits<char>, std::allocator<char> > const&, unsigned long, ParallelRoam::Algorithms::GreedyTransactionalLod::WorkLedger&, std::function<void (unsigned long, unsigned long, ParallelRoam::Algorithms::GreedyTransactionalLod::WorkLedger&)> const&) const::{lambda(unsigned long)#1}>::_M_invoke(std::_Any_data const&, unsigned long&&)","ParallelRoam::Algorithms::GreedyTransactionalLod::PreparedTopology::Geometry(ParallelRoam::Algorithms::GreedyTransactionalLod::TransactionalState const&, long) const",2004008,0.05521811154058531
"ParallelRoam::Algorithms::GreedyTransactionalLod::TransactionalTerrainLodAlgorithm::Impl::Build(ParallelRoam::Algorithms::TerrainLodBuildInput const&, ParallelRoam::Algorithms::TerrainLodRenderPacket&, std::__cxx11::basic_string<char, std::char_traits<char>, std::allocator<char> >*)",ParallelRoam::Algorithms::GreedyTransactionalLod::TransactionalPipeline::Initialize(ParallelRoam::Algorithms::GreedyTransactionalLod::WorkLedger&),2004008,0.05521811154058531
"void boost::multiprecision::backends::eval_multiply_imp<boost::multiprecision::backends::cpp_int_backend<0ul, 0ul, (boost::multiprecision::cpp_integer_type)1, (boost::multiprecision::cpp_int_check_type)0, std::allocator<unsigned long long> >, unsigned long long>(boost::multiprecision::backends::cpp_int_backend<0ul, 0ul, (boost::multiprecision::cpp_integer_type)1, (boost::multiprecision::cpp_int_check_type)0, std::allocator<unsigned long long> >&, boost::multiprecision::backends::cpp_int_backend<0ul, 0ul, (boost::multiprecision::cpp_integer_type)1, (boost::multiprecision::cpp_int_check_type)0, std::allocator<unsigned long long> >&, unsigned long long)",__memmove_avx512_unaligned_erms,2004008,0.05521811154058531
ParallelRoam::Algorithms::GreedyTransactionalLod::ReceiverCursor::Next(ParallelRoam::Algorithms::GreedyTransactionalLod::WorkLedger*),ParallelRoam::Algorithms::GreedyTransactionalLod::TransactionalState::Vertex(long) const,2004008,0.05521811154058531
ParallelRoam::Tools::CpuThreadPool::WorkerLoop(),"std::_Function_handler<void (), ParallelRoam::Tools::CpuThreadPool::ParallelFor(unsigned long, std::function<void (unsigned long)> const&)::{lambda()#1}>::_M_manager(std::_Any_data&, std::_Any_data const&, std::_Manager_operation)",2004008,0.05521811154058531
"std::_Function_handler<void (), ParallelRoam::Tools::CpuThreadPool::ParallelFor(unsigned long, std::function<void (unsigned long)> const&)::{lambda()#1}>::_M_manager(std::_Any_data&, std::_Any_data const&, std::_Manager_operation)",_int_free_chunk,2004008,0.05521811154058531
"ParallelRoam::Algorithms::GreedyTransactionalLod::TransactionalCertification::Fit[abi:cxx11](ParallelRoam::Algorithms::GreedyTransactionalLod::TransactionalState const&, ParallelRoam::Algorithms::GreedyTransactionalLod::TransactionalSamples const&, ParallelRoam::Algorithms::GreedyTransactionalLod::Proposal&, ParallelRoam::Algorithms::GreedyTransactionalLod::WorkLedger&, ParallelRoam::Algorithms::GreedyTransactionalLod::SingleHeightFitInterval*)",[unknown],2004008,0.05521811154058531
"void boost::multiprecision::backends::cpp_int_backend<0ul, 0ul, (boost::multiprecision::cpp_integer_type)1, (boost::multiprecision::cpp_int_check_type)0, std::allocator<unsigned long long> >::do_assign_float<long double>(long double)","void boost::multiprecision::backends::cpp_int_backend<0ul, 0ul, (boost::multiprecision::cpp_integer_type)1, (boost::multiprecision::cpp_int_check_type)0, std::allocator<unsigned long long> >::do_assign_float<long double>(long double)",2004008,0.05521811154058531
ParallelRoam::Algorithms::GreedyTransactionalLod::Proposal::Proposal(ParallelRoam::Algorithms::GreedyTransactionalLod::Proposal const&),"std::_Rb_tree_node_base* std::_Rb_tree<long, std::pair<long const, ParallelRoam::Algorithms::GreedyTransactionalLod::Point>, std::_Select1st<std::pair<long const, ParallelRoam::Algorithms::GreedyTransactionalLod::Point> >, std::less<long>, std::allocator<std::pair<long const, ParallelRoam::Algorithms::GreedyTransactionalLod::Point> > >::_M_copy<false, std::_Rb_tree<long, std::pair<long const, ParallelRoam::Algorithms::GreedyTransactionalLod::Point>, std::_Select1st<std::pair<long const, ParallelRoam::Algorithms::GreedyTransactionalLod::Point> >, std::less<long>, std::allocator<std::pair<long const, ParallelRoam::Algorithms::GreedyTransactionalLod::Point> > >::_Alloc_node>(std::_Rb_tree_node<std::pair<long const, ParallelRoam::Algorithms::GreedyTransactionalLod::Point> >*, std::_Rb_tree_node_base*, std::_Rb_tree<long, std::pair<long const, ParallelRoam::Algorithms::GreedyTransactionalLod::Point>, std::_Select1st<std::pair<long const, ParallelRoam::Algorithms::GreedyTransactionalLod::Point> >, std::less<long>, std::allocator<std::pair<long const, ParallelRoam::Algorithms::GreedyTransactionalLod::Point> > >::_Alloc_node&) [clone .isra.0]",2004008,0.05521811154058531
"ParallelRoam::Algorithms::GreedyTransactionalLod::TransactionalReservation::Plan(ParallelRoam::Algorithms::GreedyTransactionalLod::TransactionalState const&, ParallelRoam::Algorithms::GreedyTransactionalLod::TransactionalSamples const&, ParallelRoam::Algorithms::GreedyTransactionalLod::WorkLedger&, ParallelRoam::Algorithms::GreedyTransactionalLod::TransactionalExecution const&)",ParallelRoam::Algorithms::GreedyTransactionalLod::Proposal::Proposal(ParallelRoam::Algorithms::GreedyTransactionalLod::Proposal const&),2004008,0.05521811154058531
"void boost::multiprecision::backends::divide_unsigned_helper<boost::multiprecision::backends::cpp_int_backend<0ul, 0ul, (boost::multiprecision::cpp_integer_type)1, (boost::multiprecision::cpp_int_check_type)0, std::allocator<unsigned long long> >, boost::multiprecision::backends::cpp_int_backend<0ul, 0ul, (boost::multiprecision::cpp_integer_type)1, (boost::multiprecision::cpp_int_check_type)0, std::allocator<unsigned long long> > >(boost::multiprecision::backends::cpp_int_backend<0ul, 0ul, (boost::multiprecision::cpp_integer_type)1, (boost::multiprecision::cpp_int_check_type)0, std::allocator<unsigned long long> >*, boost::multiprecision::backends::cpp_int_backend<0ul, 0ul, (boost::multiprecision::cpp_integer_type)1, (boost::multiprecision::cpp_int_check_type)0, std::allocator<unsigned long long> > const&, unsigned long long, boost::multiprecision::backends::cpp_int_backend<0ul, 0ul, (boost::multiprecision::cpp_integer_type)1, (boost::multiprecision::cpp_int_check_type)0, std::allocator<unsigned long long> >&)","boost::multiprecision::backends::cpp_int_base<0ul, 18446744073709551615ul, (boost::multiprecision::cpp_integer_type)1, (boost::multiprecision::cpp_int_check_type)0, std::allocator<unsigned long long>, false>::resize(unsigned long, unsigned long) [clone .isra.0]",2004008,0.05521811154058531
ParallelRoam::Tools::CpuThreadPool::WorkerLoop(),pthread_mutex_unlock@@GLIBC_2.2.5,2004008,0.05521811154058531
"ParallelRoam::Algorithms::GreedyTransactionalLod::TransactionalReservation::Footprint(ParallelRoam::Algorithms::GreedyTransactionalLod::TransactionalState const&, ParallelRoam::Algorithms::GreedyTransactionalLod::Proposal const&)",__libc_malloc2,2004008,0.05521811154058531
"ParallelRoam::Algorithms::GreedyTransactionalLod::TransactionalPipeline::Apply(ParallelRoam::Algorithms::GreedyTransactionalLod::CertifiedBatch const&, ParallelRoam::Algorithms::GreedyTransactionalLod::WorkLedger&)","ParallelRoam::Algorithms::GreedyTransactionalLod::TransactionalCommit::Publish(ParallelRoam::Algorithms::GreedyTransactionalLod::TransactionalState&, ParallelRoam::Algorithms::GreedyTransactionalLod::PreparedTopology&&, ParallelRoam::Algorithms::GreedyTransactionalLod::WorkLedger&)",2004008,0.05521811154058531
"ParallelRoam::Algorithms::GreedyTransactionalLod::TransactionalCommit::Publish(ParallelRoam::Algorithms::GreedyTransactionalLod::TransactionalState&, ParallelRoam::Algorithms::GreedyTransactionalLod::PreparedTopology&&, ParallelRoam::Algorithms::GreedyTransactionalLod::WorkLedger&)",_int_free_chunk,2004008,0.05521811154058531
"ParallelRoam::Algorithms::GreedyTransactionalLod::TransactionalSamples::BuildOrders(ParallelRoam::Algorithms::GreedyTransactionalLod::TransactionalState const&, std::vector<double, std::allocator<double> > const&, std::vector<std::optional<std::tuple<double, long, unsigned int> >, std::allocator<std::optional<std::tuple<double, long, unsigned int> > > >, ParallelRoam::Algorithms::GreedyTransactionalLod::TransactionalPriorityIndex<std::tuple<double, long, unsigned int> >&, ParallelRoam::Algorithms::GreedyTransactionalLod::TransactionalPriorityIndex<std::pair<double, long> >&, ParallelRoam::Algorithms::GreedyTransactionalLod::WorkLedger&)","void std::__introsort_loop<__gnu_cxx::__normal_iterator<std::pair<double, long>*, std::vector<std::pair<double, long>, std::allocator<std::pair<double, long> > > >, long, __gnu_cxx::__ops::_Iter_comp_iter<ParallelRoam::Algorithms::GreedyTransactionalLod::TransactionalPriorityIndex<std::pair<double, long> >::Sort(std::vector<std::pair<double, long>, std::allocator<std::pair<double, long> > >&, ParallelRoam::Algorithms::GreedyTransactionalLod::WorkLedger&)::{lambda(std::pair<double, long> const&, std::pair<double, long> const&)#1}> >(__gnu_cxx::__normal_iterator<std::pair<double, long>*, std::vector<std::pair<double, long>, std::allocator<std::pair<double, long> > > >, __gnu_cxx::__normal_iterator<std::pair<double, long>*, std::vector<std::pair<double, long>, std::allocator<std::pair<double, long> > > >, long, __gnu_cxx::__ops::_Iter_comp_iter<ParallelRoam::Algorithms::GreedyTransactionalLod::TransactionalPriorityIndex<std::pair<double, long> >::Sort(std::vector<std::pair<double, long>, std::allocator<std::pair<double, long> > >&, ParallelRoam::Algorithms::GreedyTransactionalLod::WorkLedger&)::{lambda(std::pair<double, long> const&, std::pair<double, long> const&)#1}>)",2004008,0.05521811154058531
"ParallelRoam::Algorithms::GreedyTransactionalLod::TransactionalCommit::Prepare(ParallelRoam::Algorithms::GreedyTransactionalLod::TransactionalState&, ParallelRoam::Algorithms::GreedyTransactionalLod::CertifiedBatch const&, ParallelRoam::Algorithms::GreedyTransactionalLod::WorkLedger&, ParallelRoam::Algorithms::GreedyTransactionalLod::TransactionalExecution const&, ParallelRoam::Algorithms::GreedyTransactionalLod::HeightSource const*)","std::_Rb_tree<unsigned int, std::pair<unsigned int const, unsigned int>, std::_Select1st<std::pair<unsigned int const, unsigned int> >, std::less<unsigned int>, std::allocator<std::pair<unsigned int const, unsigned int> > >::_M_erase(std::_Rb_tree_node<std::pair<unsigned int const, unsigned int> >*) [clone .isra.0]",2004008,0.05521811154058531
"std::_Function_handler<void (unsigned long), ParallelRoam::Algorithms::GreedyTransactionalLod::TransactionalExecution::Run(std::__cxx11::basic_string<char, std::char_traits<char>, std::allocator<char> > const&, unsigned long, ParallelRoam::Algorithms::GreedyTransactionalLod::WorkLedger&, std::function<void (unsigned long, unsigned long, ParallelRoam::Algorithms::GreedyTransactionalLod::WorkLedger&)> const&) const::{lambda(unsigned long)#1}>::_M_invoke(std::_Any_data const&, unsigned long&&)",free@plt,2004008,0.05521811154058531
"void boost::multiprecision::backends::eval_multiply_imp<boost::multiprecision::backends::cpp_int_backend<0ul, 0ul, (boost::multiprecision::cpp_integer_type)1, (boost::multiprecision::cpp_int_check_type)0, std::allocator<unsigned long long> > >(boost::multiprecision::backends::rational_adaptor<boost::multiprecision::backends::cpp_int_backend<0ul, 0ul, (boost::multiprecision::cpp_integer_type)1, (boost::multiprecision::cpp_int_check_type)0, std::allocator<unsigned long long> > >&, boost::multiprecision::backends::rational_adaptor<boost::multiprecision::backends::cpp_int_backend<0ul, 0ul, (boost::multiprecision::cpp_integer_type)1, (boost::multiprecision::cpp_int_check_type)0, std::allocator<unsigned long long> > > const&, boost::multiprecision::backends::cpp_int_backend<0ul, 0ul, (boost::multiprecision::cpp_integer_type)1, (boost::multiprecision::cpp_int_check_type)0, std::allocator<unsigned long long> > const&, boost::multiprecision::backends::cpp_int_backend<0ul, 0ul, (boost::multiprecision::cpp_integer_type)1, (boost::multiprecision::cpp_int_check_type)0, std::allocator<unsigned long long> > const&)",__memmove_avx512_unaligned_erms,2004008,0.05521811154058531
"ParallelRoam::Algorithms::GreedyTransactionalLod::TransactionalPredicates::Shape(ParallelRoam::Algorithms::GreedyTransactionalLod::Point const&, ParallelRoam::Algorithms::GreedyTransactionalLod::Point const&, ParallelRoam::Algorithms::GreedyTransactionalLod::Point const&)","void boost::multiprecision::number<boost::multiprecision::backends::rational_adaptor<boost::multiprecision::backends::cpp_int_backend<0ul, 0ul, (boost::multiprecision::cpp_integer_type)1, (boost::multiprecision::cpp_int_check_type)0, std::allocator<unsigned long long> > >, (boost::multiprecision::expression_template_option)1>::do_assign<boost::multiprecision::detail::expression<boost::multiprecision::detail::plus, boost::multiprecision::detail::expression<boost::multiprecision::detail::multiply_immediates, boost::multiprecision::number<boost::multiprecision::backends::rational_adaptor<boost::multiprecision::backends::cpp_int_backend<0ul, 0ul, (boost::multiprecision::cpp_integer_type)1, (boost::multiprecision::cpp_int_check_type)0, std::allocator<unsigned long long> > >, (boost::multiprecision::expression_template_option)1>, boost::multiprecision::number<boost::multiprecision::backends::rational_adaptor<boost::multiprecision::backends::cpp_int_backend<0ul, 0ul, (boost::multiprecision::cpp_integer_type)1, (boost::multiprecision::cpp_int_check_type)0, std::allocator<unsigned long long> > >, (boost::multiprecision::expression_template_option)1>, void, void>, boost::multiprecision::detail::expression<boost::multiprecision::detail::multiply_immediates, boost::multiprecision::number<boost::multiprecision::backends::rational_adaptor<boost::multiprecision::backends::cpp_int_backend<0ul, 0ul, (boost::multiprecision::cpp_integer_type)1, (boost::multiprecision::cpp_int_check_type)0, std::allocator<unsigned long long> > >, (boost::multiprecision::expression_template_option)1>, boost::multiprecision::number<boost::multiprecision::backends::rational_adaptor<boost::multiprecision::backends::cpp_int_backend<0ul, 0ul, (boost::multiprecision::cpp_integer_type)1, (boost::multiprecision::cpp_int_check_type)0, std::allocator<unsigned long long> > >, (boost::multiprecision::expression_template_option)1>, void, void>, void, void> >(boost::multiprecision::detail::expression<boost::multiprecision::detail::plus, boost::multiprecision::detail::expression<boost::multiprecision::detail::multiply_immediates, boost::multiprecision::number<boost::multiprecision::backends::rational_adaptor<boost::multiprecision::backends::cpp_int_backend<0ul, 0ul, (boost::multiprecision::cpp_integer_type)1, (boost::multiprecision::cpp_int_check_type)0, std::allocator<unsigned long long> > >, (boost::multiprecision::expression_template_option)1>, boost::multiprecision::number<boost::multiprecision::backends::rational_adaptor<boost::multiprecision::backends::cpp_int_backend<0ul, 0ul, (boost::multiprecision::cpp_integer_type)1, (boost::multiprecision::cpp_int_check_type)0, std::allocator<unsigned long long> > >, (boost::multiprecision::expression_template_option)1>, void, void>, boost::multiprecision::detail::expression<boost::multiprecision::detail::multiply_immediates, boost::multiprecision::number<boost::multiprecision::backends::rational_adaptor<boost::multiprecision::backends::cpp_int_backend<0ul, 0ul, (boost::multiprecision::cpp_integer_type)1, (boost::multiprecision::cpp_int_check_type)0, std::allocator<unsigned long long> > >, (boost::multiprecision::expression_template_option)1>, boost::multiprecision::number<boost::multiprecision::backends::rational_adaptor<boost::multiprecision::backends::cpp_int_backend<0ul, 0ul, (boost::multiprecision::cpp_integer_type)1, (boost::multiprecision::cpp_int_check_type)0, std::allocator<unsigned long long> > >, (boost::multiprecision::expression_template_option)1>, void, void>, void, void> const&, boost::multiprecision::detail::plus const&) [clone .isra.0]",2004008,0.05521811154058531
"void boost::multiprecision::number<boost::multiprecision::backends::rational_adaptor<boost::multiprecision::backends::cpp_int_backend<0ul, 0ul, (boost::multiprecision::cpp_integer_type)1, (boost::multiprecision::cpp_int_check_type)0, std::allocator<unsigned long long> > >, (boost::multiprecision::expression_template_option)1>::do_assign<boost::multiprecision::detail::expression<boost::multiprecision::detail::plus, boost::multiprecision::detail::expression<boost::multiprecision::detail::multiply_immediates, boost::multiprecision::number<boost::multiprecision::backends::rational_adaptor<boost::multiprecision::backends::cpp_int_backend<0ul, 0ul, (boost::multiprecision::cpp_integer_type)1, (boost::multiprecision::cpp_int_check_type)0, std::allocator<unsigned long long> > >, (boost::multiprecision::expression_template_option)1>, boost::multiprecision::number<boost::multiprecision::backends::rational_adaptor<boost::multiprecision::backends::cpp_int_backend<0ul, 0ul, (boost::multiprecision::cpp_integer_type)1, (boost::multiprecision::cpp_int_check_type)0, std::allocator<unsigned long long> > >, (boost::multiprecision::expression_template_option)1>, void, void>, boost::multiprecision::detail::expression<boost::multiprecision::detail::multiply_immediates, boost::multiprecision::number<boost::multiprecision::backends::rational_adaptor<boost::multiprecision::backends::cpp_int_backend<0ul, 0ul, (boost::multiprecision::cpp_integer_type)1, (boost::multiprecision::cpp_int_check_type)0, std::allocator<unsigned long long> > >, (boost::multiprecision::expression_template_option)1>, boost::multiprecision::number<boost::multiprecision::backends::rational_adaptor<boost::multiprecision::backends::cpp_int_backend<0ul, 0ul, (boost::multiprecision::cpp_integer_type)1, (boost::multiprecision::cpp_int_check_type)0, std::allocator<unsigned long long> > >, (boost::multiprecision::expression_template_option)1>, void, void>, void, void> >(boost::multiprecision::detail::expression<boost::multiprecision::detail::plus, boost::multiprecision::detail::expression<boost::multiprecision::detail::multiply_immediates, boost::multiprecision::number<boost::multiprecision::backends::rational_adaptor<boost::multiprecision::backends::cpp_int_backend<0ul, 0ul, (boost::multiprecision::cpp_integer_type)1, (boost::multiprecision::cpp_int_check_type)0, std::allocator<unsigned long long> > >, (boost::multiprecision::expression_template_option)1>, boost::multiprecision::number<boost::multiprecision::backends::rational_adaptor<boost::multiprecision::backends::cpp_int_backend<0ul, 0ul, (boost::multiprecision::cpp_integer_type)1, (boost::multiprecision::cpp_int_check_type)0, std::allocator<unsigned long long> > >, (boost::multiprecision::expression_template_option)1>, void, void>, boost::multiprecision::detail::expression<boost::multiprecision::detail::multiply_immediates, boost::multiprecision::number<boost::multiprecision::backends::rational_adaptor<boost::multiprecision::backends::cpp_int_backend<0ul, 0ul, (boost::multiprecision::cpp_integer_type)1, (boost::multiprecision::cpp_int_check_type)0, std::allocator<unsigned long long> > >, (boost::multiprecision::expression_template_option)1>, boost::multiprecision::number<boost::multiprecision::backends::rational_adaptor<boost::multiprecision::backends::cpp_int_backend<0ul, 0ul, (boost::multiprecision::cpp_integer_type)1, (boost::multiprecision::cpp_int_check_type)0, std::allocator<unsigned long long> > >, (boost::multiprecision::expression_template_option)1>, void, void>, void, void> const&, boost::multiprecision::detail::plus const&) [clone .isra.0]","void boost::multiprecision::backends::eval_add_subtract_imp<boost::multiprecision::backends::cpp_int_backend<0ul, 0ul, (boost::multiprecision::cpp_integer_type)1, (boost::multiprecision::cpp_int_check_type)0, std::allocator<unsigned long long> > >(boost::multiprecision::backends::rational_adaptor<boost::multiprecision::backends::cpp_int_backend<0ul, 0ul, (boost::multiprecision::cpp_integer_type)1, (boost::multiprecision::cpp_int_check_type)0, std::allocator<unsigned long long> > >&, boost::multiprecision::backends::rational_adaptor<boost::multiprecision::backends::cpp_int_backend<0ul, 0ul, (boost::multiprecision::cpp_integer_type)1, (boost::multiprecision::cpp_int_check_type)0, std::allocator<unsigned long long> > > const&, boost::multiprecision::backends::rational_adaptor<boost::multiprecision::backends::cpp_int_backend<0ul, 0ul, (boost::multiprecision::cpp_integer_type)1, (boost::multiprecision::cpp_int_check_type)0, std::allocator<unsigned long long> > > const&, bool)",2004008,0.05521811154058531
"ParallelRoam::Algorithms::GreedyTransactionalLod::TransactionalCertification::Measure(ParallelRoam::Algorithms::GreedyTransactionalLod::TransactionalState const&, ParallelRoam::Algorithms::GreedyTransactionalLod::TransactionalSamples const&, ParallelRoam::Algorithms::GreedyTransactionalLod::Proposal&, ParallelRoam::Algorithms::GreedyTransactionalLod::WorkLedger&)",ParallelRoam::Algorithms::GreedyTransactionalLod::WorkLedger::Touch(),2004008,0.05521811154058531
"void boost::multiprecision::backends::eval_add_subtract_imp<boost::multiprecision::backends::cpp_int_backend<0ul, 0ul, (boost::multiprecision::cpp_integer_type)1, (boost::multiprecision::cpp_int_check_type)0, std::allocator<unsigned long long> > >(boost::multiprecision::backends::rational_adaptor<boost::multiprecision::backends::cpp_int_backend<0ul, 0ul, (boost::multiprecision::cpp_integer_type)1, (boost::multiprecision::cpp_int_check_type)0, std::allocator<unsigned long long> > >&, boost::multiprecision::backends::rational_adaptor<boost::multiprecision::backends::cpp_int_backend<0ul, 0ul, (boost::multiprecision::cpp_integer_type)1, (boost::multiprecision::cpp_int_check_type)0, std::allocator<unsigned long long> > > const&, boost::multiprecision::backends::rational_adaptor<boost::multiprecision::backends::cpp_int_backend<0ul, 0ul, (boost::multiprecision::cpp_integer_type)1, (boost::multiprecision::cpp_int_check_type)0, std::allocator<unsigned long long> > > const&, bool)",__memcpy_chk@plt,2004008,0.05521811154058531
"ParallelRoam::Algorithms::GreedyTransactionalLod::TransactionalPredicates::Orientation(ParallelRoam::Algorithms::GreedyTransactionalLod::Point const&, ParallelRoam::Algorithms::GreedyTransactionalLod::Point const&, ParallelRoam::Algorithms::GreedyTransactionalLod::Point const&)","boost::multiprecision::backends::rational_adaptor<boost::multiprecision::backends::cpp_int_backend<0ul, 0ul, (boost::multiprecision::cpp_integer_type)1, (boost::multiprecision::cpp_int_check_type)0, std::allocator<unsigned long long> > >::rational_adaptor()",2004008,0.05521811154058531
"std::enable_if<((!boost::multiprecision::backends::is_trivial_cpp_int<boost::multiprecision::backends::cpp_int_backend<0ul, 0ul, (boost::multiprecision::cpp_integer_type)1, (boost::multiprecision::cpp_int_check_type)0, std::allocator<unsigned long long> > >::value)&&(!boost::multiprecision::backends::is_trivial_cpp_int<boost::multiprecision::backends::cpp_int_backend<0ul, 0ul, (boost::multiprecision::cpp_integer_type)1, (boost::multiprecision::cpp_int_check_type)0, std::allocator<unsigned long long> > >::value))&&(!boost::multiprecision::backends::is_trivial_cpp_int<boost::multiprecision::backends::cpp_int_backend<0ul, 0ul, (boost::multiprecision::cpp_integer_type)1, (boost::multiprecision::cpp_int_check_type)0, std::allocator<unsigned long long> > >::value), void>::type boost::multiprecision::backends::eval_multiply<0ul, 0ul, (boost::multiprecision::cpp_integer_type)1, (boost::multiprecision::cpp_int_check_type)0, std::allocator<unsigned long long>, 0ul, 0ul, (boost::multiprecision::cpp_integer_type)1, (boost::multiprecision::cpp_int_check_type)0, std::allocator<unsigned long long>, 0ul, 0ul, (boost::multiprecision::cpp_integer_type)1, (boost::multiprecision::cpp_int_check_type)0, std::allocator<unsigned long long> >(boost::multiprecision::backends::cpp_int_backend<0ul, 0ul, (boost::multiprecision::cpp_integer_type)1, (boost::multiprecision::cpp_int_check_type)0, std::allocator<unsigned long long> >&, boost::multiprecision::backends::cpp_int_backend<0ul, 0ul, (boost::multiprecision::cpp_integer_type)1, (boost::multiprecision::cpp_int_check_type)0, std::allocator<unsigned long long> > const&, boost::multiprecision::backends::cpp_int_backend<0ul, 0ul, (boost::multiprecision::cpp_integer_type)1, (boost::multiprecision::cpp_int_check_type)0, std::allocator<unsigned long long> > const&)","boost::multiprecision::backends::cpp_int_base<0ul, 18446744073709551615ul, (boost::multiprecision::cpp_integer_type)1, (boost::multiprecision::cpp_int_check_type)0, std::allocator<unsigned long long>, false>::resize(unsigned long, unsigned long) [clone .isra.0]",2004008,0.05521811154058531
"std::_Rb_tree_iterator<std::pair<unsigned int const, std::optional<std::tuple<double, long, unsigned int> > > > std::_Rb_tree<unsigned int, std::pair<unsigned int const, std::optional<std::tuple<double, long, unsigned int> > >, std::_Select1st<std::pair<unsigned int const, std::optional<std::tuple<double, long, unsigned int> > > >, std::less<unsigned int>, std::allocator<std::pair<unsigned int const, std::optional<std::tuple<double, long, unsigned int> > > > >::_M_emplace_hint_unique<std::piecewise_construct_t const&, std::tuple<unsigned int const&>, std::tuple<> >(std::_Rb_tree_const_iterator<std::pair<unsigned int const, std::optional<std::tuple<double, long, unsigned int> > > >, std::piecewise_construct_t const&, std::tuple<unsigned int const&>&&, std::tuple<>&&) [clone .isra.0]",operator new(unsigned long),2004008,0.05521811154058531
"ParallelRoam::Algorithms::GreedyTransactionalLod::TransactionalSamples::Prepare(ParallelRoam::Algorithms::GreedyTransactionalLod::TransactionalState const&, ParallelRoam::Algorithms::GreedyTransactionalLod::PreparedTopology const&, ParallelRoam::Algorithms::GreedyTransactionalLod::WorkLedger&)","std::_Rb_tree_iterator<std::pair<unsigned int const, std::optional<std::tuple<double, long, unsigned int> > > > std::_Rb_tree<unsigned int, std::pair<unsigned int const, std::optional<std::tuple<double, long, unsigned int> > >, std::_Select1st<std::pair<unsigned int const, std::optional<std::tuple<double, long, unsigned int> > > >, std::less<unsigned int>, std::allocator<std::pair<unsigned int const, std::optional<std::tuple<double, long, unsigned int> > > > >::_M_emplace_hint_unique<std::piecewise_construct_t const&, std::tuple<unsigned int const&>, std::tuple<> >(std::_Rb_tree_const_iterator<std::pair<unsigned int const, std::optional<std::tuple<double, long, unsigned int> > > >, std::piecewise_construct_t const&, std::tuple<unsigned int const&>&&, std::tuple<>&&) [clone .isra.0]",2004008,0.05521811154058531
"ParallelRoam::Algorithms::GreedyTransactionalLod::TransactionalCommit::Prepare(ParallelRoam::Algorithms::GreedyTransactionalLod::TransactionalState&, ParallelRoam::Algorithms::GreedyTransactionalLod::CertifiedBatch const&, ParallelRoam::Algorithms::GreedyTransactionalLod::WorkLedger&, ParallelRoam::Algorithms::GreedyTransactionalLod::TransactionalExecution const&, ParallelRoam::Algorithms::GreedyTransactionalLod::HeightSource const*)",malloc,2004008,0.05521811154058531
"ParallelRoam::Algorithms::GreedyTransactionalLod::TransactionalPipeline::Apply(ParallelRoam::Algorithms::GreedyTransactionalLod::CertifiedBatch const&, ParallelRoam::Algorithms::GreedyTransactionalLod::WorkLedger&)","ParallelRoam::Algorithms::GreedyTransactionalLod::PreparedTopology::Geometry(ParallelRoam::Algorithms::GreedyTransactionalLod::TransactionalState const&, long) const",2004008,0.05521811154058531
"boost::multiprecision::backends::cpp_int_base<0ul, 18446744073709551615ul, (boost::multiprecision::cpp_integer_type)1, (boost::multiprecision::cpp_int_check_type)0, std::allocator<unsigned long long>, false>::resize(unsigned long, unsigned long) [clone .isra.0]",malloc,2004008,0.05521811154058531
"ParallelRoam::Algorithms::GreedyTransactionalLod::TransactionalCertification::SetProgressTarget[abi:cxx11](ParallelRoam::Algorithms::GreedyTransactionalLod::TransactionalState const&, ParallelRoam::Algorithms::GreedyTransactionalLod::TransactionalSamples const&, ParallelRoam::Algorithms::GreedyTransactionalLod::Proposal&, ParallelRoam::Algorithms::GreedyTransactionalLod::WorkLedger&)","boost::multiprecision::backends::cpp_int_base<0ul, 18446744073709551615ul, (boost::multiprecision::cpp_integer_type)1, (boost::multiprecision::cpp_int_check_type)0, std::allocator<unsigned long long>, false>::resize(unsigned long, unsigned long) [clone .isra.0]",2004008,0.05521811154058531
"ParallelRoam::Algorithms::GreedyTransactionalLod::TransactionalReservation::Plan(ParallelRoam::Algorithms::GreedyTransactionalLod::TransactionalState const&, ParallelRoam::Algorithms::GreedyTransactionalLod::TransactionalSamples const&, ParallelRoam::Algorithms::GreedyTransactionalLod::WorkLedger&, ParallelRoam::Algorithms::GreedyTransactionalLod::TransactionalExecution const&)","ParallelRoam::Algorithms::GreedyTransactionalLod::TransactionalReservation::Conflict(ParallelRoam::Algorithms::GreedyTransactionalLod::TransactionFootprint const&, ParallelRoam::Algorithms::GreedyTransactionalLod::TransactionFootprint const&)",2004008,0.05521811154058531
"ParallelRoam::Algorithms::GreedyTransactionalLod::TransactionalSamples::Prepare(ParallelRoam::Algorithms::GreedyTransactionalLod::TransactionalState const&, ParallelRoam::Algorithms::GreedyTransactionalLod::PreparedTopology const&, ParallelRoam::Algorithms::GreedyTransactionalLod::WorkLedger&)","std::_Rb_tree<unsigned int, std::pair<unsigned int const, ParallelRoam::Algorithms::GreedyTransactionalLod::SampleValue>, std::_Select1st<std::pair<unsigned int const, ParallelRoam::Algorithms::GreedyTransactionalLod::SampleValue> >, std::less<unsigned int>, std::allocator<std::pair<unsigned int const, ParallelRoam::Algorithms::GreedyTransactionalLod::SampleValue> > >::_M_get_insert_hint_unique_pos(std::_Rb_tree_const_iterator<std::pair<unsigned int const, ParallelRoam::Algorithms::GreedyTransactionalLod::SampleValue> >, unsigned int const&) [clone .isra.0]",2004008,0.05521811154058531
"ParallelRoam::Algorithms::GreedyTransactionalLod::TransactionalCertification::Fit[abi:cxx11](ParallelRoam::Algorithms::GreedyTransactionalLod::TransactionalState const&, ParallelRoam::Algorithms::GreedyTransactionalLod::TransactionalSamples const&, ParallelRoam::Algorithms::GreedyTransactionalLod::Proposal&, ParallelRoam::Algorithms::GreedyTransactionalLod::WorkLedger&, ParallelRoam::Algorithms::GreedyTransactionalLod::SingleHeightFitInterval*)",__memmove_avx512_unaligned_erms,2004008,0.05521811154058531
"std::enable_if<std::is_floating_point<long double>::value, boost::multiprecision::backends::rational_adaptor<boost::multiprecision::backends::cpp_int_backend<0ul, 0ul, (boost::multiprecision::cpp_integer_type)1, (boost::multiprecision::cpp_int_check_type)0, std::allocator<unsigned long long> > >&>::type boost::multiprecision::backends::rational_adaptor<boost::multiprecision::backends::cpp_int_backend<0ul, 0ul, (boost::multiprecision::cpp_integer_type)1, (boost::multiprecision::cpp_int_check_type)0, std::allocator<unsigned long long> > >::operator=<long double>(long double) [clone .isra.0]",memmove@plt,2004008,0.05521811154058531
"std::enable_if<std::is_floating_point<long double>::value, boost::multiprecision::backends::rational_adaptor<boost::multiprecision::backends::cpp_int_backend<0ul, 0ul, (boost::multiprecision::cpp_integer_type)1, (boost::multiprecision::cpp_int_check_type)0, std::allocator<unsigned long long> > >&>::type boost::multiprecision::backends::rational_adaptor<boost::multiprecision::backends::cpp_int_backend<0ul, 0ul, (boost::multiprecision::cpp_integer_type)1, (boost::multiprecision::cpp_int_check_type)0, std::allocator<unsigned long long> > >::operator=<long double>(long double) [clone .isra.0]",__memset_avx512_unaligned,2004008,0.05521811154058531
"ParallelRoam::Algorithms::GreedyTransactionalLod::TransactionalReservation::Plan(ParallelRoam::Algorithms::GreedyTransactionalLod::TransactionalState const&, ParallelRoam::Algorithms::GreedyTransactionalLod::TransactionalSamples const&, ParallelRoam::Algorithms::GreedyTransactionalLod::WorkLedger&, ParallelRoam::Algorithms::GreedyTransactionalLod::TransactionalExecution const&)","std::_Rb_tree<std::tuple<char, long, long>, std::tuple<char, long, long>, std::_Identity<std::tuple<char, long, long> >, std::less<std::tuple<char, long, long> >, std::allocator<std::tuple<char, long, long> > >::_M_get_insert_unique_pos(std::tuple<char, long, long> const&)",2004008,0.05521811154058531
"ParallelRoam::Algorithms::GreedyTransactionalLod::TransactionalSamples::Enumerate(std::array<ParallelRoam::Algorithms::GreedyTransactionalLod::Point, 3ul> const&, ParallelRoam::Algorithms::GreedyTransactionalLod::WorkLedger&) const",__memmove_avx512_unaligned_erms,2004008,0.05521811154058531
_int_free_chunk,_int_free_maybe_trim,2004008,0.05521811154058531
"ParallelRoam::Algorithms::GreedyTransactionalLod::TransactionalSamples::Weights(unsigned int, ParallelRoam::Algorithms::GreedyTransactionalLod::Point const&, ParallelRoam::Algorithms::GreedyTransactionalLod::Point const&, ParallelRoam::Algorithms::GreedyTransactionalLod::Point const&, std::array<double, 3ul>&) const",ParallelRoam::Algorithms::GreedyTransactionalLod::TransactionalSamples::Decode(unsigned int) const,2004008,0.05521811154058531
"ParallelRoam::Algorithms::GreedyTransactionalLod::TransactionalCertification::SetProgressTarget[abi:cxx11](ParallelRoam::Algorithms::GreedyTransactionalLod::TransactionalState const&, ParallelRoam::Algorithms::GreedyTransactionalLod::TransactionalSamples const&, ParallelRoam::Algorithms::GreedyTransactionalLod::Proposal&, ParallelRoam::Algorithms::GreedyTransactionalLod::WorkLedger&)","void boost::multiprecision::backends::divide_unsigned_helper<boost::multiprecision::backends::cpp_int_backend<0ul, 0ul, (boost::multiprecision::cpp_integer_type)1, (boost::multiprecision::cpp_int_check_type)0, std::allocator<unsigned long long> >, boost::multiprecision::backends::cpp_int_backend<0ul, 0ul, (boost::multiprecision::cpp_integer_type)1, (boost::multiprecision::cpp_int_check_type)0, std::allocator<unsigned long long> >, boost::multiprecision::backends::cpp_int_backend<0ul, 0ul, (boost::multiprecision::cpp_integer_type)1, (boost::multiprecision::cpp_int_check_type)0, std::allocator<unsigned long long> > >(boost::multiprecision::backends::cpp_int_backend<0ul, 0ul, (boost::multiprecision::cpp_integer_type)1, (boost::multiprecision::cpp_int_check_type)0, std::allocator<unsigned long long> >*, boost::multiprecision::backends::cpp_int_backend<0ul, 0ul, (boost::multiprecision::cpp_integer_type)1, (boost::multiprecision::cpp_int_check_type)0, std::allocator<unsigned long long> > const&, boost::multiprecision::backends::cpp_int_backend<0ul, 0ul, (boost::multiprecision::cpp_integer_type)1, (boost::multiprecision::cpp_int_check_type)0, std::allocator<unsigned long long> > const&, boost::multiprecision::backends::cpp_int_backend<0ul, 0ul, (boost::multiprecision::cpp_integer_type)1, (boost::multiprecision::cpp_int_check_type)0, std::allocator<unsigned long long> >&)",2004008,0.05521811154058531
"std::enable_if<((!boost::multiprecision::backends::is_trivial_cpp_int<boost::multiprecision::backends::cpp_int_backend<0ul, 0ul, (boost::multiprecision::cpp_integer_type)1, (boost::multiprecision::cpp_int_check_type)0, std::allocator<unsigned long long> > >::value)&&(!boost::multiprecision::backends::is_trivial_cpp_int<boost::multiprecision::backends::cpp_int_backend<0ul, 0ul, (boost::multiprecision::cpp_integer_type)1, (boost::multiprecision::cpp_int_check_type)0, std::allocator<unsigned long long> > >::value))&&(!boost::multiprecision::backends::is_trivial_cpp_int<boost::multiprecision::backends::cpp_int_backend<0ul, 0ul, (boost::multiprecision::cpp_integer_type)1, (boost::multiprecision::cpp_int_check_type)0, std::allocator<unsigned long long> > >::value), void>::type boost::multiprecision::backends::eval_multiply<0ul, 0ul, (boost::multiprecision::cpp_integer_type)1, (boost::multiprecision::cpp_int_check_type)0, std::allocator<unsigned long long>, 0ul, 0ul, (boost::multiprecision::cpp_integer_type)1, (boost::multiprecision::cpp_int_check_type)0, std::allocator<unsigned long long>, 0ul, 0ul, (boost::multiprecision::cpp_integer_type)1, (boost::multiprecision::cpp_int_check_type)0, std::allocator<unsigned long long> >(boost::multiprecision::backends::cpp_int_backend<0ul, 0ul, (boost::multiprecision::cpp_integer_type)1, (boost::multiprecision::cpp_int_check_type)0, std::allocator<unsigned long long> >&, boost::multiprecision::backends::cpp_int_backend<0ul, 0ul, (boost::multiprecision::cpp_integer_type)1, (boost::multiprecision::cpp_int_check_type)0, std::allocator<unsigned long long> > const&, boost::multiprecision::backends::cpp_int_backend<0ul, 0ul, (boost::multiprecision::cpp_integer_type)1, (boost::multiprecision::cpp_int_check_type)0, std::allocator<unsigned long long> > const&)","std::enable_if<(!boost::multiprecision::backends::is_trivial_cpp_int<boost::multiprecision::backends::cpp_int_backend<0ul, 0ul, (boost::multiprecision::cpp_integer_type)1, (boost::multiprecision::cpp_int_check_type)0, std::allocator<unsigned long long> > >::value)&&(!boost::multiprecision::backends::is_trivial_cpp_int<boost::multiprecision::backends::cpp_int_backend<0ul, 0ul, (boost::multiprecision::cpp_integer_type)1, (boost::multiprecision::cpp_int_check_type)0, std::allocator<unsigned long long> > >::value), void>::type boost::multiprecision::backends::eval_multiply<0ul, 0ul, (boost::multiprecision::cpp_integer_type)1, (boost::multiprecision::cpp_int_check_type)0, std::allocator<unsigned long long>, 0ul, 0ul, (boost::multiprecision::cpp_integer_type)1, (boost::multiprecision::cpp_int_check_type)0, std::allocator<unsigned long long> >(boost::multiprecision::backends::cpp_int_backend<0ul, 0ul, (boost::multiprecision::cpp_integer_type)1, (boost::multiprecision::cpp_int_check_type)0, std::allocator<unsigned long long> >&, boost::multiprecision::backends::cpp_int_backend<0ul, 0ul, (boost::multiprecision::cpp_integer_type)1, (boost::multiprecision::cpp_int_check_type)0, std::allocator<unsigned long long> > const&, unsigned long long const&)",2004008,0.05521811154058531
"ParallelRoam::Algorithms::GreedyTransactionalLod::TransactionalSamples::DonorPool(unsigned long, ParallelRoam::Algorithms::GreedyTransactionalLod::WorkLedger*) const","ParallelRoam::Algorithms::GreedyTransactionalLod::TransactionalPriorityIndex<std::pair<double, long> >::Prefix(unsigned long, ParallelRoam::Algorithms::GreedyTransactionalLod::WorkLedger*) const",2004008,0.05521811154058531
"ParallelRoam::Algorithms::GreedyTransactionalLod::TransactionalReservation::Plan(ParallelRoam::Algorithms::GreedyTransactionalLod::TransactionalState const&, ParallelRoam::Algorithms::GreedyTransactionalLod::TransactionalSamples const&, ParallelRoam::Algorithms::GreedyTransactionalLod::WorkLedger&, ParallelRoam::Algorithms::GreedyTransactionalLod::TransactionalExecution const&)","ParallelRoam::Algorithms::GreedyTransactionalLod::TransactionalSamples::DonorPool(unsigned long, ParallelRoam::Algorithms::GreedyTransactionalLod::WorkLedger*) const",2004008,0.05521811154058531
"ParallelRoam::Algorithms::GreedyTransactionalLod::TransactionalCommit::Prepare(ParallelRoam::Algorithms::GreedyTransactionalLod::TransactionalState&, ParallelRoam::Algorithms::GreedyTransactionalLod::CertifiedBatch const&, ParallelRoam::Algorithms::GreedyTransactionalLod::WorkLedger&, ParallelRoam::Algorithms::GreedyTransactionalLod::TransactionalExecution const&, ParallelRoam::Algorithms::GreedyTransactionalLod::HeightSource const*)::{lambda(long)#1}::operator()(long) const",operator new(unsigned long),2004008,0.05521811154058531
"ParallelRoam::Algorithms::GreedyTransactionalLod::TransactionalSamples::Prepare(ParallelRoam::Algorithms::GreedyTransactionalLod::TransactionalState const&, ParallelRoam::Algorithms::GreedyTransactionalLod::PreparedTopology const&, ParallelRoam::Algorithms::GreedyTransactionalLod::WorkLedger&)",ParallelRoam::Algorithms::GreedyTransactionalLod::TransactionalState::Face(unsigned int) const,2004008,0.05521811154058531
ParallelRoam::Tools::CpuThreadPool::WorkerLoop(),__GI___pthread_mutex_unlock_usercnt,2004008,0.05521811154058531
"ParallelRoam::Algorithms::GreedyTransactionalLod::(anonymous namespace)::Prepare(ParallelRoam::Algorithms::GreedyTransactionalLod::TransactionalState const&, ParallelRoam::Algorithms::GreedyTransactionalLod::TransactionalSamples const&, unsigned int, char, std::vector<unsigned int, std::allocator<unsigned int> >, ParallelRoam::Algorithms::GreedyTransactionalLod::Point const&, long, unsigned long)",ParallelRoam::Algorithms::GreedyTransactionalLod::TransactionalState::Face(unsigned int) const,2004008,0.05521811154058531
"std::enable_if<((!boost::multiprecision::backends::is_trivial_cpp_int<boost::multiprecision::backends::cpp_int_backend<0ul, 0ul, (boost::multiprecision::cpp_integer_type)1, (boost::multiprecision::cpp_int_check_type)0, std::allocator<unsigned long long> > >::value)&&(!boost::multiprecision::backends::is_trivial_cpp_int<boost::multiprecision::backends::cpp_int_backend<0ul, 0ul, (boost::multiprecision::cpp_integer_type)1, (boost::multiprecision::cpp_int_check_type)0, std::allocator<unsigned long long> > >::value))&&(!boost::multiprecision::backends::is_trivial_cpp_int<boost::multiprecision::backends::cpp_int_backend<0ul, 0ul, (boost::multiprecision::cpp_integer_type)1, (boost::multiprecision::cpp_int_check_type)0, std::allocator<unsigned long long> > >::value), void>::type boost::multiprecision::backends::eval_multiply<0ul, 0ul, (boost::multiprecision::cpp_integer_type)1, (boost::multiprecision::cpp_int_check_type)0, std::allocator<unsigned long long>, 0ul, 0ul, (boost::multiprecision::cpp_integer_type)1, (boost::multiprecision::cpp_int_check_type)0, std::allocator<unsigned long long>, 0ul, 0ul, (boost::multiprecision::cpp_integer_type)1, (boost::multiprecision::cpp_int_check_type)0, std::allocator<unsigned long long> >(boost::multiprecision::backends::cpp_int_backend<0ul, 0ul, (boost::multiprecision::cpp_integer_type)1, (boost::multiprecision::cpp_int_check_type)0, std::allocator<unsigned long long> >&, boost::multiprecision::backends::cpp_int_backend<0ul, 0ul, (boost::multiprecision::cpp_integer_type)1, (boost::multiprecision::cpp_int_check_type)0, std::allocator<unsigned long long> > const&, boost::multiprecision::backends::cpp_int_backend<0ul, 0ul, (boost::multiprecision::cpp_integer_type)1, (boost::multiprecision::cpp_int_check_type)0, std::allocator<unsigned long long> > const&)",malloc,2004008,0.05521811154058531
"ParallelRoam::Algorithms::GreedyTransactionalLod::(anonymous namespace)::Prepare(ParallelRoam::Algorithms::GreedyTransactionalLod::TransactionalState const&, ParallelRoam::Algorithms::GreedyTransactionalLod::TransactionalSamples const&, unsigned int, char, std::vector<unsigned int, std::allocator<unsigned int> >, ParallelRoam::Algorithms::GreedyTransactionalLod::Point const&, long, unsigned long)",malloc,2004008,0.05521811154058531
"ParallelRoam::Algorithms::GreedyTransactionalLod::TransactionalSamples::Enumerate(std::array<ParallelRoam::Algorithms::GreedyTransactionalLod::Point, 3ul> const&, ParallelRoam::Algorithms::GreedyTransactionalLod::WorkLedger&) const",ParallelRoam::Algorithms::GreedyTransactionalLod::TransactionalSamples::Decode(unsigned int) const,2004008,0.05521811154058531
"ParallelRoam::Algorithms::GreedyTransactionalLod::TransactionalPipeline::Apply(ParallelRoam::Algorithms::GreedyTransactionalLod::CertifiedBatch const&, ParallelRoam::Algorithms::GreedyTransactionalLod::WorkLedger&)","ParallelRoam::Algorithms::GreedyTransactionalLod::TransactionalSamples::SourceHeight(unsigned int, unsigned int, double) const",2004008,0.05521811154058531
"ParallelRoam::Algorithms::GreedyTransactionalLod::TransactionalPipeline::Apply(ParallelRoam::Algorithms::GreedyTransactionalLod::CertifiedBatch const&, ParallelRoam::Algorithms::GreedyTransactionalLod::WorkLedger&)","std::_Rb_tree_rebalance_for_erase(std::_Rb_tree_node_base*, std::_Rb_tree_node_base&)",2004008,0.05521811154058531
"ParallelRoam::Algorithms::GreedyTransactionalLod::TransactionalSamples::PrepareView(ParallelRoam::Algorithms::GreedyTransactionalLod::TransactionalState const&, ParallelRoam::Algorithms::GreedyTransactionalLod::Configuration const&, ParallelRoam::Algorithms::GreedyTransactionalLod::WorkLedger&, ParallelRoam::Algorithms::GreedyTransactionalLod::TransactionalExecution const&)",__memmove_avx512_unaligned_erms,2004008,0.05521811154058531
"std::enable_if<!boost::multiprecision::backends::is_trivial_cpp_int<boost::multiprecision::backends::cpp_int_backend<0ul, 0ul, (boost::multiprecision::cpp_integer_type)1, (boost::multiprecision::cpp_int_check_type)0, std::allocator<unsigned long long> > >::value, void>::type boost::multiprecision::backends::eval_gcd<0ul, 0ul, (boost::multiprecision::cpp_integer_type)1, (boost::multiprecision::cpp_int_check_type)0, std::allocator<unsigned long long> >(boost::multiprecision::backends::cpp_int_backend<0ul, 0ul, (boost::multiprecision::cpp_integer_type)1, (boost::multiprecision::cpp_int_check_type)0, std::allocator<unsigned long long> >&, boost::multiprecision::backends::cpp_int_backend<0ul, 0ul, (boost::multiprecision::cpp_integer_type)1, (boost::multiprecision::cpp_int_check_type)0, std::allocator<unsigned long long> > const&, boost::multiprecision::backends::cpp_int_backend<0ul, 0ul, (boost::multiprecision::cpp_integer_type)1, (boost::multiprecision::cpp_int_check_type)0, std::allocator<unsigned long long> > const&)","void boost::multiprecision::backends::eval_gcd_lehmer<0ul, 0ul, (boost::multiprecision::cpp_integer_type)1, (boost::multiprecision::cpp_int_check_type)0, std::allocator<unsigned long long>, boost::multiprecision::backends::cpp_int_base<0ul, 18446744073709551615ul, (boost::multiprecision::cpp_integer_type)1, (boost::multiprecision::cpp_int_check_type)0, std::allocator<unsigned long long>, false>::scoped_shared_storage>(boost::multiprecision::backends::cpp_int_backend<0ul, 0ul, (boost::multiprecision::cpp_integer_type)1, (boost::multiprecision::cpp_int_check_type)0, std::allocator<unsigned long long> >&, boost::multiprecision::backends::cpp_int_backend<0ul, 0ul, (boost::multiprecision::cpp_integer_type)1, (boost::multiprecision::cpp_int_check_type)0, std::allocator<unsigned long long> >&, unsigned long, boost::multiprecision::backends::cpp_int_base<0ul, 18446744073709551615ul, (boost::multiprecision::cpp_integer_type)1, (boost::multiprecision::cpp_int_check_type)0, std::allocator<unsigned long long>, false>::scoped_shared_storage&)",2004008,0.05521811154058531
"std::enable_if<std::is_floating_point<long double>::value, boost::multiprecision::backends::rational_adaptor<boost::multiprecision::backends::cpp_int_backend<0ul, 0ul, (boost::multiprecision::cpp_integer_type)1, (boost::multiprecision::cpp_int_check_type)0, std::allocator<unsigned long long> > >&>::type boost::multiprecision::backends::rational_adaptor<boost::multiprecision::backends::cpp_int_backend<0ul, 0ul, (boost::multiprecision::cpp_integer_type)1, (boost::multiprecision::cpp_int_check_type)0, std::allocator<unsigned long long> > >::operator=<long double>(long double) [clone .isra.0]",__udivti3@plt,2004008,0.05521811154058531
"ParallelRoam::Algorithms::GreedyTransactionalLod::TransactionalSamples::Prepare(ParallelRoam::Algorithms::GreedyTransactionalLod::TransactionalState const&, ParallelRoam::Algorithms::GreedyTransactionalLod::PreparedTopology const&, ParallelRoam::Algorithms::GreedyTransactionalLod::WorkLedger&)",ParallelRoam::Algorithms::GreedyTransactionalLod::TransactionalSamples::Decode(unsigned int) const,2004008,0.05521811154058531
"ParallelRoam::Algorithms::GreedyTransactionalLod::TransactionalPipeline::Apply(ParallelRoam::Algorithms::GreedyTransactionalLod::CertifiedBatch const&, ParallelRoam::Algorithms::GreedyTransactionalLod::WorkLedger&)","std::_Rb_tree<long, long, std::_Identity<long>, std::less<long>, std::allocator<long> >::_M_erase(std::_Rb_tree_node<long>*) [clone .isra.0]",2004008,0.05521811154058531
"ParallelRoam::Algorithms::GreedyTransactionalLod::(anonymous namespace)::Prepare(ParallelRoam::Algorithms::GreedyTransactionalLod::TransactionalState const&, ParallelRoam::Algorithms::GreedyTransactionalLod::TransactionalSamples const&, unsigned int, char, std::vector<unsigned int, std::allocator<unsigned int> >, ParallelRoam::Algorithms::GreedyTransactionalLod::Point const&, long, unsigned long)","std::_Rb_tree_insert_and_rebalance(bool, std::_Rb_tree_node_base*, std::_Rb_tree_node_base*, std::_Rb_tree_node_base&)",2004008,0.05521811154058531
"std::_Function_handler<void (unsigned long), ParallelRoam::Algorithms::GreedyTransactionalLod::TransactionalExecution::Run(std::__cxx11::basic_string<char, std::char_traits<char>, std::allocator<char> > const&, unsigned long, ParallelRoam::Algorithms::GreedyTransactionalLod::WorkLedger&, std::function<void (unsigned long, unsigned long, ParallelRoam::Algorithms::GreedyTransactionalLod::WorkLedger&)> const&) const::{lambda(unsigned long)#1}>::_M_invoke(std::_Any_data const&, unsigned long&&)","operator delete(void*, unsigned long)",2004008,0.05521811154058531
"std::_Rb_tree_node_base* std::_Rb_tree<unsigned int, std::pair<unsigned int const, unsigned int>, std::_Select1st<std::pair<unsigned int const, unsigned int> >, std::less<unsigned int>, std::allocator<std::pair<unsigned int const, unsigned int> > >::_M_copy<false, std::_Rb_tree<unsigned int, std::pair<unsigned int const, unsigned int>, std::_Select1st<std::pair<unsigned int const, unsigned int> >, std::less<unsigned int>, std::allocator<std::pair<unsigned int const, unsigned int> > >::_Reuse_or_alloc_node>(std::_Rb_tree_node<std::pair<unsigned int const, unsigned int> >*, std::_Rb_tree_node_base*, std::_Rb_tree<unsigned int, std::pair<unsigned int const, unsigned int>, std::_Select1st<std::pair<unsigned int const, unsigned int> >, std::less<unsigned int>, std::allocator<std::pair<unsigned int const, unsigned int> > >::_Reuse_or_alloc_node&) [clone .isra.0]","std::_Rb_tree_node_base* std::_Rb_tree<unsigned int, std::pair<unsigned int const, unsigned int>, std::_Select1st<std::pair<unsigned int const, unsigned int> >, std::less<unsigned int>, std::allocator<std::pair<unsigned int const, unsigned int> > >::_M_copy<false, std::_Rb_tree<unsigned int, std::pair<unsigned int const, unsigned int>, std::_Select1st<std::pair<unsigned int const, unsigned int> >, std::less<unsigned int>, std::allocator<std::pair<unsigned int const, unsigned int> > >::_Reuse_or_alloc_node>(std::_Rb_tree_node<std::pair<unsigned int const, unsigned int> >*, std::_Rb_tree_node_base*, std::_Rb_tree<unsigned int, std::pair<unsigned int const, unsigned int>, std::_Select1st<std::pair<unsigned int const, unsigned int> >, std::less<unsigned int>, std::allocator<std::pair<unsigned int const, unsigned int> > >::_Reuse_or_alloc_node&) [clone .isra.0]",2004008,0.05521811154058531
"ParallelRoam::Algorithms::GreedyTransactionalLod::TransactionalMesh::Prepare(ParallelRoam::Algorithms::GreedyTransactionalLod::TransactionalState const&, ParallelRoam::Algorithms::GreedyTransactionalLod::PreparedTopology const&, ParallelRoam::Algorithms::GreedyTransactionalLod::WorkLedger&, ParallelRoam::Algorithms::GreedyTransactionalLod::TransactionalExecution const&)","std::_Rb_tree_node_base* std::_Rb_tree<unsigned int, std::pair<unsigned int const, unsigned int>, std::_Select1st<std::pair<unsigned int const, unsigned int> >, std::less<unsigned int>, std::allocator<std::pair<unsigned int const, unsigned int> > >::_M_copy<false, std::_Rb_tree<unsigned int, std::pair<unsigned int const, unsigned int>, std::_Select1st<std::pair<unsigned int const, unsigned int> >, std::less<unsigned int>, std::allocator<std::pair<unsigned int const, unsigned int> > >::_Reuse_or_alloc_node>(std::_Rb_tree_node<std::pair<unsigned int const, unsigned int> >*, std::_Rb_tree_node_base*, std::_Rb_tree<unsigned int, std::pair<unsigned int const, unsigned int>, std::_Select1st<std::pair<unsigned int const, unsigned int> >, std::less<unsigned int>, std::allocator<std::pair<unsigned int const, unsigned int> > >::_Reuse_or_alloc_node&) [clone .isra.0]",2004008,0.05521811154058531
"ParallelRoam::Algorithms::GreedyTransactionalLod::TransactionalPipeline::Apply(ParallelRoam::Algorithms::GreedyTransactionalLod::CertifiedBatch const&, ParallelRoam::Algorithms::GreedyTransactionalLod::WorkLedger&)","ParallelRoam::Algorithms::GreedyTransactionalLod::TransactionalMesh::Prepare(ParallelRoam::Algorithms::GreedyTransactionalLod::TransactionalState const&, ParallelRoam::Algorithms::GreedyTransactionalLod::PreparedTopology const&, ParallelRoam::Algorithms::GreedyTransactionalLod::WorkLedger&, ParallelRoam::Algorithms::GreedyTransactionalLod::TransactionalExecution const&)",2004008,0.05521811154058531
"std::array<boost::multiprecision::number<boost::multiprecision::backends::rational_adaptor<boost::multiprecision::backends::cpp_int_backend<0ul, 0ul, (boost::multiprecision::cpp_integer_type)1, (boost::multiprecision::cpp_int_check_type)0, std::allocator<unsigned long long> > >, (boost::multiprecision::expression_template_option)1>, 3ul> ParallelRoam::Algorithms::GreedyTransactionalLod::QualityEvaluation::Reference<boost::multiprecision::number<boost::multiprecision::backends::rational_adaptor<boost::multiprecision::backends::cpp_int_backend<0ul, 0ul, (boost::multiprecision::cpp_integer_type)1, (boost::multiprecision::cpp_int_check_type)0, std::allocator<unsigned long long> > >, (boost::multiprecision::expression_template_option)1> >(ParallelRoam::Algorithms::GreedyTransactionalLod::TransactionalState const&, ParallelRoam::Algorithms::GreedyTransactionalLod::TransactionalSamples const&, unsigned int)","void boost::multiprecision::backends::eval_divide<boost::multiprecision::backends::cpp_int_backend<0ul, 0ul, (boost::multiprecision::cpp_integer_type)1, (boost::multiprecision::cpp_int_check_type)0, std::allocator<unsigned long long> > >(boost::multiprecision::backends::rational_adaptor<boost::multiprecision::backends::cpp_int_backend<0ul, 0ul, (boost::multiprecision::cpp_integer_type)1, (boost::multiprecision::cpp_int_check_type)0, std::allocator<unsigned long long> > >&, boost::multiprecision::backends::rational_adaptor<boost::multiprecision::backends::cpp_int_backend<0ul, 0ul, (boost::multiprecision::cpp_integer_type)1, (boost::multiprecision::cpp_int_check_type)0, std::allocator<unsigned long long> > > const&)",2004008,0.05521811154058531
"void boost::multiprecision::backends::eval_divide<boost::multiprecision::backends::cpp_int_backend<0ul, 0ul, (boost::multiprecision::cpp_integer_type)1, (boost::multiprecision::cpp_int_check_type)0, std::allocator<unsigned long long> > >(boost::multiprecision::backends::rational_adaptor<boost::multiprecision::backends::cpp_int_backend<0ul, 0ul, (boost::multiprecision::cpp_integer_type)1, (boost::multiprecision::cpp_int_check_type)0, std::allocator<unsigned long long> > >&, boost::multiprecision::backends::rational_adaptor<boost::multiprecision::backends::cpp_int_backend<0ul, 0ul, (boost::multiprecision::cpp_integer_type)1, (boost::multiprecision::cpp_int_check_type)0, std::allocator<unsigned long long> > > const&)","void boost::multiprecision::backends::eval_multiply_imp<boost::multiprecision::backends::cpp_int_backend<0ul, 0ul, (boost::multiprecision::cpp_integer_type)1, (boost::multiprecision::cpp_int_check_type)0, std::allocator<unsigned long long> > >(boost::multiprecision::backends::rational_adaptor<boost::multiprecision::backends::cpp_int_backend<0ul, 0ul, (boost::multiprecision::cpp_integer_type)1, (boost::multiprecision::cpp_int_check_type)0, std::allocator<unsigned long long> > >&, boost::multiprecision::backends::rational_adaptor<boost::multiprecision::backends::cpp_int_backend<0ul, 0ul, (boost::multiprecision::cpp_integer_type)1, (boost::multiprecision::cpp_int_check_type)0, std::allocator<unsigned long long> > > const&, boost::multiprecision::backends::cpp_int_backend<0ul, 0ul, (boost::multiprecision::cpp_integer_type)1, (boost::multiprecision::cpp_int_check_type)0, std::allocator<unsigned long long> > const&, boost::multiprecision::backends::cpp_int_backend<0ul, 0ul, (boost::multiprecision::cpp_integer_type)1, (boost::multiprecision::cpp_int_check_type)0, std::allocator<unsigned long long> > const&)",2004008,0.05521811154058531
"ParallelRoam::Algorithms::GreedyTransactionalLod::TransactionalPipeline::Apply(ParallelRoam::Algorithms::GreedyTransactionalLod::CertifiedBatch const&, ParallelRoam::Algorithms::GreedyTransactionalLod::WorkLedger&)",cfree@GLIBC_2.2.5,2004008,0.05521811154058531
"std::_Function_handler<void (unsigned long, unsigned long, ParallelRoam::Algorithms::GreedyTransactionalLod::WorkLedger&), ParallelRoam::Algorithms::GreedyTransactionalLod::TransactionalSamples::PrepareView(ParallelRoam::Algorithms::GreedyTransactionalLod::TransactionalState const&, ParallelRoam::Algorithms::GreedyTransactionalLod::Configuration const&, ParallelRoam::Algorithms::GreedyTransactionalLod::WorkLedger&, ParallelRoam::Algorithms::GreedyTransactionalLod::TransactionalExecution const&)::{lambda(auto:1, auto:2, ParallelRoam::Algorithms::GreedyTransactionalLod::WorkLedger&)#1}>::_M_invoke(std::_Any_data const&, unsigned long&&, unsigned long&&, ParallelRoam::Algorithms::GreedyTransactionalLod::WorkLedger&)",std::chrono::_V2::steady_clock::now(),2004008,0.05521811154058531
"void boost::multiprecision::number<boost::multiprecision::backends::rational_adaptor<boost::multiprecision::backends::cpp_int_backend<0ul, 0ul, (boost::multiprecision::cpp_integer_type)1, (boost::multiprecision::cpp_int_check_type)0, std::allocator<unsigned long long> > >, (boost::multiprecision::expression_template_option)1>::do_assign<boost::multiprecision::detail::expression<boost::multiprecision::detail::minus, boost::multiprecision::detail::expression<boost::multiprecision::detail::divide_immediates, boost::multiprecision::number<boost::multiprecision::backends::rational_adaptor<boost::multiprecision::backends::cpp_int_backend<0ul, 0ul, (boost::multiprecision::cpp_integer_type)1, (boost::multiprecision::cpp_int_check_type)0, std::allocator<unsigned long long> > >, (boost::multiprecision::expression_template_option)1>, boost::multiprecision::number<boost::multiprecision::backends::rational_adaptor<boost::multiprecision::backends::cpp_int_backend<0ul, 0ul, (boost::multiprecision::cpp_integer_type)1, (boost::multiprecision::cpp_int_check_type)0, std::allocator<unsigned long long> > >, (boost::multiprecision::expression_template_option)1>, void, void>, boost::multiprecision::detail::expression<boost::multiprecision::detail::divide_immediates, boost::multiprecision::number<boost::multiprecision::backends::rational_adaptor<boost::multiprecision::backends::cpp_int_backend<0ul, 0ul, (boost::multiprecision::cpp_integer_type)1, (boost::multiprecision::cpp_int_check_type)0, std::allocator<unsigned long long> > >, (boost::multiprecision::expression_template_option)1>, boost::multiprecision::number<boost::multiprecision::backends::rational_adaptor<boost::multiprecision::backends::cpp_int_backend<0ul, 0ul, (boost::multiprecision::cpp_integer_type)1, (boost::multiprecision::cpp_int_check_type)0, std::allocator<unsigned long long> > >, (boost::multiprecision::expression_template_option)1>, void, void>, void, void> >(boost::multiprecision::detail::expression<boost::multiprecision::detail::minus, boost::multiprecision::detail::expression<boost::multiprecision::detail::divide_immediates, boost::multiprecision::number<boost::multiprecision::backends::rational_adaptor<boost::multiprecision::backends::cpp_int_backend<0ul, 0ul, (boost::multiprecision::cpp_integer_type)1, (boost::multiprecision::cpp_int_check_type)0, std::allocator<unsigned long long> > >, (boost::multiprecision::expression_template_option)1>, boost::multiprecision::number<boost::multiprecision::backends::rational_adaptor<boost::multiprecision::backends::cpp_int_backend<0ul, 0ul, (boost::multiprecision::cpp_integer_type)1, (boost::multiprecision::cpp_int_check_type)0, std::allocator<unsigned long long> > >, (boost::multiprecision::expression_template_option)1>, void, void>, boost::multiprecision::detail::expression<boost::multiprecision::detail::divide_immediates, boost::multiprecision::number<boost::multiprecision::backends::rational_adaptor<boost::multiprecision::backends::cpp_int_backend<0ul, 0ul, (boost::multiprecision::cpp_integer_type)1, (boost::multiprecision::cpp_int_check_type)0, std::allocator<unsigned long long> > >, (boost::multiprecision::expression_template_option)1>, boost::multiprecision::number<boost::multiprecision::backends::rational_adaptor<boost::multiprecision::backends::cpp_int_backend<0ul, 0ul, (boost::multiprecision::cpp_integer_type)1, (boost::multiprecision::cpp_int_check_type)0, std::allocator<unsigned long long> > >, (boost::multiprecision::expression_template_option)1>, void, void>, void, void> const&, boost::multiprecision::detail::minus const&) [clone .isra.0]","void boost::multiprecision::backends::eval_add_subtract_imp<boost::multiprecision::backends::cpp_int_backend<0ul, 0ul, (boost::multiprecision::cpp_integer_type)1, (boost::multiprecision::cpp_int_check_type)0, std::allocator<unsigned long long> > >(boost::multiprecision::backends::rational_adaptor<boost::multiprecision::backends::cpp_int_backend<0ul, 0ul, (boost::multiprecision::cpp_integer_type)1, (boost::multiprecision::cpp_int_check_type)0, std::allocator<unsigned long long> > >&, boost::multiprecision::backends::rational_adaptor<boost::multiprecision::backends::cpp_int_backend<0ul, 0ul, (boost::multiprecision::cpp_integer_type)1, (boost::multiprecision::cpp_int_check_type)0, std::allocator<unsigned long long> > > const&, boost::multiprecision::backends::rational_adaptor<boost::multiprecision::backends::cpp_int_backend<0ul, 0ul, (boost::multiprecision::cpp_integer_type)1, (boost::multiprecision::cpp_int_check_type)0, std::allocator<unsigned long long> > > const&, bool)",2004008,0.05521811154058531
"auto ParallelRoam::Algorithms::GreedyTransactionalLod::TransactionalReservation::Plan(ParallelRoam::Algorithms::GreedyTransactionalLod::TransactionalState const&, ParallelRoam::Algorithms::GreedyTransactionalLod::TransactionalSamples const&, ParallelRoam::Algorithms::GreedyTransactionalLod::WorkLedger&, ParallelRoam::Algorithms::GreedyTransactionalLod::TransactionalExecution const&)::{lambda(auto:1, auto:2, ParallelRoam::Algorithms::GreedyTransactionalLod::WorkLedger&)#1}::operator()<unsigned long, unsigned long>(unsigned long, unsigned long, ParallelRoam::Algorithms::GreedyTransactionalLod::WorkLedger&) const",ParallelRoam::Algorithms::GreedyTransactionalLod::WorkLedger::CheckLimit() const,2004008,0.05521811154058531
"ParallelRoam::Algorithms::GreedyTransactionalLod::TransactionalCommit::Prepare(ParallelRoam::Algorithms::GreedyTransactionalLod::TransactionalState&, ParallelRoam::Algorithms::GreedyTransactionalLod::CertifiedBatch const&, ParallelRoam::Algorithms::GreedyTransactionalLod::WorkLedger&, ParallelRoam::Algorithms::GreedyTransactionalLod::TransactionalExecution const&, ParallelRoam::Algorithms::GreedyTransactionalLod::HeightSource const*)","std::_Rb_tree<std::tuple<char, long, long>, std::tuple<char, long, long>, std::_Identity<std::tuple<char, long, long> >, std::less<std::tuple<char, long, long> >, std::allocator<std::tuple<char, long, long> > >::_M_erase(std::_Rb_tree_node<std::tuple<char, long, long> >*) [clone .isra.0]",2004008,0.05521811154058531
"ParallelRoam::Algorithms::GreedyTransactionalLod::TransactionalPipeline::Apply(ParallelRoam::Algorithms::GreedyTransactionalLod::CertifiedBatch const&, ParallelRoam::Algorithms::GreedyTransactionalLod::WorkLedger&)","std::_Rb_tree<unsigned int, std::pair<unsigned int const, unsigned int>, std::_Select1st<std::pair<unsigned int const, unsigned int> >, std::less<unsigned int>, std::allocator<std::pair<unsigned int const, unsigned int> > >::_M_erase(std::_Rb_tree_node<std::pair<unsigned int const, unsigned int> >*) [clone .isra.0]",2004008,0.05521811154058531
"ParallelRoam::Algorithms::GreedyTransactionalLod::TransactionalReservation::Plan(ParallelRoam::Algorithms::GreedyTransactionalLod::TransactionalState const&, ParallelRoam::Algorithms::GreedyTransactionalLod::TransactionalSamples const&, ParallelRoam::Algorithms::GreedyTransactionalLod::WorkLedger&, ParallelRoam::Algorithms::GreedyTransactionalLod::TransactionalExecution const&)","std::_Rb_tree<std::tuple<char, long, long>, std::tuple<char, long, long>, std::_Identity<std::tuple<char, long, long> >, std::less<std::tuple<char, long, long> >, std::allocator<std::tuple<char, long, long> > >::find(std::tuple<char, long, long> const&) const",2004008,0.05521811154058531
"ParallelRoam::Algorithms::GreedyTransactionalLod::TransactionalSamples::Enumerate(std::array<ParallelRoam::Algorithms::GreedyTransactionalLod::Point, 3ul> const&, ParallelRoam::Algorithms::GreedyTransactionalLod::WorkLedger&) const","void boost::multiprecision::backends::eval_add_subtract_imp<boost::multiprecision::backends::cpp_int_backend<0ul, 0ul, (boost::multiprecision::cpp_integer_type)1, (boost::multiprecision::cpp_int_check_type)0, std::allocator<unsigned long long> > >(boost::multiprecision::backends::rational_adaptor<boost::multiprecision::backends::cpp_int_backend<0ul, 0ul, (boost::multiprecision::cpp_integer_type)1, (boost::multiprecision::cpp_int_check_type)0, std::allocator<unsigned long long> > >&, boost::multiprecision::backends::rational_adaptor<boost::multiprecision::backends::cpp_int_backend<0ul, 0ul, (boost::multiprecision::cpp_integer_type)1, (boost::multiprecision::cpp_int_check_type)0, std::allocator<unsigned long long> > > const&, boost::multiprecision::backends::rational_adaptor<boost::multiprecision::backends::cpp_int_backend<0ul, 0ul, (boost::multiprecision::cpp_integer_type)1, (boost::multiprecision::cpp_int_check_type)0, std::allocator<unsigned long long> > > const&, bool)",2004008,0.05521811154058531
"ParallelRoam::Algorithms::GreedyTransactionalLod::TransactionalReservation::Plan(ParallelRoam::Algorithms::GreedyTransactionalLod::TransactionalState const&, ParallelRoam::Algorithms::GreedyTransactionalLod::TransactionalSamples const&, ParallelRoam::Algorithms::GreedyTransactionalLod::WorkLedger&, ParallelRoam::Algorithms::GreedyTransactionalLod::TransactionalExecution const&)","ParallelRoam::Algorithms::GreedyTransactionalLod::TransactionalSamples::Prefix(unsigned long, ParallelRoam::Algorithms::GreedyTransactionalLod::WorkLedger*) const",2004008,0.05521811154058531
"ParallelRoam::Algorithms::GreedyTransactionalLod::TransactionalSamples::Prefix(unsigned long, ParallelRoam::Algorithms::GreedyTransactionalLod::WorkLedger*) const","ParallelRoam::Algorithms::GreedyTransactionalLod::TransactionalPriorityIndex<std::tuple<double, long, unsigned int> >::Prefix(unsigned long, ParallelRoam::Algorithms::GreedyTransactionalLod::WorkLedger*) const",2004008,0.05521811154058531
"ParallelRoam::Algorithms::GreedyTransactionalLod::TransactionalSamples::StrictlyInside(unsigned int, ParallelRoam::Algorithms::GreedyTransactionalLod::Point const&, ParallelRoam::Algorithms::GreedyTransactionalLod::Point const&, ParallelRoam::Algorithms::GreedyTransactionalLod::Point const&) const","void boost::multiprecision::backends::eval_add_subtract_imp<boost::multiprecision::backends::cpp_int_backend<0ul, 0ul, (boost::multiprecision::cpp_integer_type)1, (boost::multiprecision::cpp_int_check_type)0, std::allocator<unsigned long long> > >(boost::multiprecision::backends::rational_adaptor<boost::multiprecision::backends::cpp_int_backend<0ul, 0ul, (boost::multiprecision::cpp_integer_type)1, (boost::multiprecision::cpp_int_check_type)0, std::allocator<unsigned long long> > >&, boost::multiprecision::backends::rational_adaptor<boost::multiprecision::backends::cpp_int_backend<0ul, 0ul, (boost::multiprecision::cpp_integer_type)1, (boost::multiprecision::cpp_int_check_type)0, std::allocator<unsigned long long> > > const&, boost::multiprecision::backends::rational_adaptor<boost::multiprecision::backends::cpp_int_backend<0ul, 0ul, (boost::multiprecision::cpp_integer_type)1, (boost::multiprecision::cpp_int_check_type)0, std::allocator<unsigned long long> > > const&, bool)",2004008,0.05521811154058531
"ParallelRoam::Algorithms::GreedyTransactionalLod::(anonymous namespace)::Prepare(ParallelRoam::Algorithms::GreedyTransactionalLod::TransactionalState const&, ParallelRoam::Algorithms::GreedyTransactionalLod::TransactionalSamples const&, unsigned int, char, std::vector<unsigned int, std::allocator<unsigned int> >, ParallelRoam::Algorithms::GreedyTransactionalLod::Point const&, long, unsigned long)","std::_Rb_tree_iterator<std::pair<long const, ParallelRoam::Algorithms::GreedyTransactionalLod::Point> > std::_Rb_tree<long, std::pair<long const, ParallelRoam::Algorithms::GreedyTransactionalLod::Point>, std::_Select1st<std::pair<long const, ParallelRoam::Algorithms::GreedyTransactionalLod::Point> >, std::less<long>, std::allocator<std::pair<long const, ParallelRoam::Algorithms::GreedyTransactionalLod::Point> > >::_M_emplace_hint_unique<long&, ParallelRoam::Algorithms::GreedyTransactionalLod::Point const&>(std::_Rb_tree_const_iterator<std::pair<long const, ParallelRoam::Algorithms::GreedyTransactionalLod::Point> >, long&, ParallelRoam::Algorithms::GreedyTransactionalLod::Point const&) [clone .isra.0]",2004008,0.05521811154058531
"ParallelRoam::Algorithms::GreedyTransactionalLod::TransactionalSamples::Weights(unsigned int, ParallelRoam::Algorithms::GreedyTransactionalLod::Point const&, ParallelRoam::Algorithms::GreedyTransactionalLod::Point const&, ParallelRoam::Algorithms::GreedyTransactionalLod::Point const&, std::array<double, 3ul>&) const","boost::multiprecision::backends::cpp_int_base<0ul, 18446744073709551615ul, (boost::multiprecision::cpp_integer_type)1, (boost::multiprecision::cpp_int_check_type)0, std::allocator<unsigned long long>, false>::assign(boost::multiprecision::backends::cpp_int_base<0ul, 18446744073709551615ul, (boost::multiprecision::cpp_integer_type)1, (boost::multiprecision::cpp_int_check_type)0, std::allocator<unsigned long long>, false> const&) [clone .part.0]",2004008,0.05521811154058531
