case,sourceFrame,frame,witness,root,rank,priority,threshold,sampleMaxPx,stage,selected,details
peking547-b50000-transactional-t8,15,0,0,599,2,122.12060242830425,0.25,0,shape_infeasible,False,"{""frame"":0,""witness"":0,""root"":599,""stage"":""shape_infeasible"",""attempts"":[[""E"",""no_screen_samples""],[""E"",""no_screen_samples""],[""F"",""shape_infeasible""],[""H"",""shape_infeasible""]],""selected"":false}"
peking547-b50000-transactional-t8,15,0,1,599,2,122.12060242830425,0.25,0,shape_infeasible,False,"{""frame"":0,""witness"":1,""root"":599,""stage"":""shape_infeasible"",""attempts"":[[""E"",""no_screen_samples""],[""E"",""no_screen_samples""],[""F"",""shape_infeasible""],[""H"",""shape_infeasible""]],""selected"":false}"
peking547-b50000-transactional-t8,15,1,0,599,2,122.12060242830425,0.25,0,shape_infeasible,False,"{""frame"":1,""witness"":0,""root"":599,""stage"":""shape_infeasible"",""attempts"":[[""E"",""no_screen_samples""],[""E"",""no_screen_samples""],[""F"",""shape_infeasible""],[""H"",""shape_infeasible""]],""selected"":false}"
peking547-b50000-transactional-t8,15,1,1,599,2,122.12060242830425,0.25,0,shape_infeasible,False,"{""frame"":1,""witness"":1,""root"":599,""stage"":""shape_infeasible"",""attempts"":[[""E"",""no_screen_samples""],[""E"",""no_screen_samples""],[""F"",""shape_infeasible""],[""H"",""shape_infeasible""]],""selected"":false}"
peking547-b50000-transactional-t8,15,2,0,599,2,122.12060242830425,0.25,0,shape_infeasible,False,"{""frame"":2,""witness"":0,""root"":599,""stage"":""shape_infeasible"",""attempts"":[[""E"",""no_screen_samples""],[""E"",""no_screen_samples""],[""F"",""shape_infeasible""],[""H"",""shape_infeasible""]],""selected"":false}"
peking547-b50000-transactional-t8,15,2,1,599,2,122.12060242830425,0.25,0,shape_infeasible,False,"{""frame"":2,""witness"":1,""root"":599,""stage"":""shape_infeasible"",""attempts"":[[""E"",""no_screen_samples""],[""E"",""no_screen_samples""],[""F"",""shape_infeasible""],[""H"",""shape_infeasible""]],""selected"":false}"
peking547-b50000-transactional-t8,15,3,0,599,2,102.86446369913142,0.25,0,shape_infeasible,False,"{""frame"":3,""witness"":0,""root"":599,""stage"":""shape_infeasible"",""attempts"":[[""E"",""no_screen_samples""],[""E"",""no_screen_samples""],[""F"",""shape_infeasible""],[""H"",""shape_infeasible""]],""selected"":false}"
peking547-b50000-transactional-t8,15,3,1,599,2,102.86446369913142,0.25,0,shape_infeasible,False,"{""frame"":3,""witness"":1,""root"":599,""stage"":""shape_infeasible"",""attempts"":[[""E"",""no_screen_samples""],[""E"",""no_screen_samples""],[""F"",""shape_infeasible""],[""H"",""shape_infeasible""]],""selected"":false}"
peking547-b50000-transactional-t8,15,4,0,599,2,84.89021163265632,0.25,0,shape_infeasible,False,"{""frame"":4,""witness"":0,""root"":599,""stage"":""shape_infeasible"",""attempts"":[[""E"",""no_screen_samples""],[""E"",""no_screen_samples""],[""F"",""shape_infeasible""],[""H"",""shape_infeasible""]],""selected"":false}"
peking547-b50000-transactional-t8,15,4,1,599,2,84.89021163265632,0.25,0,shape_infeasible,False,"{""frame"":4,""witness"":1,""root"":599,""stage"":""shape_infeasible"",""attempts"":[[""E"",""no_screen_samples""],[""E"",""no_screen_samples""],[""F"",""shape_infeasible""],[""H"",""shape_infeasible""]],""selected"":false}"
peking547-b50000-transactional-t8,15,5,0,599,2,56.147145736393554,0.25,0,shape_infeasible,False,"{""frame"":5,""witness"":0,""root"":599,""stage"":""shape_infeasible"",""attempts"":[[""E"",""no_screen_samples""],[""E"",""no_screen_samples""],[""F"",""shape_infeasible""],[""H"",""shape_infeasible""]],""selected"":false}"
peking547-b50000-transactional-t8,15,5,1,599,2,56.147145736393554,0.25,0,shape_infeasible,False,"{""frame"":5,""witness"":1,""root"":599,""stage"":""shape_infeasible"",""attempts"":[[""E"",""no_screen_samples""],[""E"",""no_screen_samples""],[""F"",""shape_infeasible""],[""H"",""shape_infeasible""]],""selected"":false}"
peking547-b50000-transactional-t8,15,6,0,599,10,24.66595351755786,0.25,0,shape_infeasible,False,"{""frame"":6,""witness"":0,""root"":599,""stage"":""shape_infeasible"",""attempts"":[[""E"",""no_screen_samples""],[""E"",""no_screen_samples""],[""F"",""shape_infeasible""],[""H"",""shape_infeasible""]],""selected"":false}"
peking547-b50000-transactional-t8,15,6,1,599,10,24.66595351755786,0.25,0,shape_infeasible,False,"{""frame"":6,""witness"":1,""root"":599,""stage"":""shape_infeasible"",""attempts"":[[""E"",""no_screen_samples""],[""E"",""no_screen_samples""],[""F"",""shape_infeasible""],[""H"",""shape_infeasible""]],""selected"":false}"
peking547-b50000-transactional-t8,15,7,0,599,53,12.819106117220278,0.25,1.6014810205145198,certified,False,"{""frame"":7,""witness"":0,""root"":599,""stage"":""certified"",""attempts"":[[""E"",""certified""]],""selected"":false,""donorCertified"":159,""donorQuality"":159,""internalFeasible"":159,""unused"":158,""available"":0}"
peking547-b50000-transactional-t8,15,7,1,599,53,12.819106117220278,0.25,1.6014810205145198,certified,False,"{""frame"":7,""witness"":1,""root"":599,""stage"":""certified"",""attempts"":[[""E"",""certified""]],""selected"":false,""donorCertified"":159,""donorQuality"":159,""internalFeasible"":159,""unused"":158,""available"":0}"
peking547-b50000-transactional-t8,15,8,0,-112,974,5.414827374584911,0.25,1.2204044711716298,outside_prefix,False,"{""frame"":8,""witness"":0,""root"":-112,""stage"":""outside_prefix""}"
peking547-b50000-transactional-t8,15,8,1,-112,974,5.414827374584911,0.25,1.2204044711716298,outside_prefix,False,"{""frame"":8,""witness"":1,""root"":-112,""stage"":""outside_prefix""}"
peking547-b50000-transactional-t8,15,9,0,-112,1499,4.5391085625264225,0.25,1.0273229658789789,outside_prefix,False,"{""frame"":9,""witness"":0,""root"":-112,""stage"":""outside_prefix""}"
peking547-b50000-transactional-t8,15,9,1,-112,1499,4.5391085625264225,0.25,1.0273229658789789,outside_prefix,False,"{""frame"":9,""witness"":1,""root"":-112,""stage"":""outside_prefix""}"
peking547-b50000-transactional-t8,15,10,0,-112,1687,4.098203892602645,0.25,0.9404005302470634,outside_prefix,False,"{""frame"":10,""witness"":0,""root"":-112,""stage"":""outside_prefix""}"
peking547-b50000-transactional-t8,15,10,1,-112,1687,4.098203892602645,0.25,0.9404005302470634,outside_prefix,False,"{""frame"":10,""witness"":1,""root"":-112,""stage"":""outside_prefix""}"
peking547-b50000-transactional-t8,15,11,0,-112,1669,4.514214810494219,0.25,0.9273943947301059,outside_prefix,False,"{""frame"":11,""witness"":0,""root"":-112,""stage"":""outside_prefix""}"
peking547-b50000-transactional-t8,15,11,1,-112,1669,4.514214810494219,0.25,0.9273943947301059,outside_prefix,False,"{""frame"":11,""witness"":1,""root"":-112,""stage"":""outside_prefix""}"
peking547-b50000-transactional-t8,15,12,0,-112,1368,5.491506659219206,0.25,0.9846602755979127,outside_prefix,False,"{""frame"":12,""witness"":0,""root"":-112,""stage"":""outside_prefix""}"
peking547-b50000-transactional-t8,15,12,1,-112,1368,5.491506659219206,0.25,0.9846602755979127,outside_prefix,False,"{""frame"":12,""witness"":1,""root"":-112,""stage"":""outside_prefix""}"
peking547-b50000-transactional-t8,15,13,0,-112,794,7.144288116849896,0.25,1.1335417997111112,outside_prefix,False,"{""frame"":13,""witness"":0,""root"":-112,""stage"":""outside_prefix""}"
peking547-b50000-transactional-t8,15,13,1,-112,794,7.144288116849896,0.25,1.1335417997111112,outside_prefix,False,"{""frame"":13,""witness"":1,""root"":-112,""stage"":""outside_prefix""}"
peking547-b50000-transactional-t8,15,14,0,-112,326,10.152259588543943,0.25,1.4301017987432558,outside_prefix,False,"{""frame"":14,""witness"":0,""root"":-112,""stage"":""outside_prefix""}"
peking547-b50000-transactional-t8,15,14,1,-112,326,10.152259588543943,0.25,1.4301017987432558,outside_prefix,False,"{""frame"":14,""witness"":1,""root"":-112,""stage"":""outside_prefix""}"
peking547-b50000-transactional-t8,15,15,0,-112,194,15.972323772634594,0.25,1.9965571240575115,outside_prefix,False,"{""frame"":15,""witness"":0,""root"":-112,""stage"":""outside_prefix""}"
peking547-b50000-transactional-t8,15,15,1,-112,194,15.972323772634594,0.25,1.9965571240575115,outside_prefix,False,"{""frame"":15,""witness"":1,""root"":-112,""stage"":""outside_prefix""}"
peking547-b50000-transactional-t8,15,16,0,-112,2,71.70362711736587,0.25,0,shape_infeasible,False,"{""frame"":16,""witness"":0,""root"":-112,""stage"":""shape_infeasible"",""attempts"":[[""E"",""shape_infeasible""],[""E"",""no_screen_samples""],[""F"",""shape_infeasible""],[""H"",""shape_infeasible""]],""selected"":false}"
peking547-b50000-transactional-t8,15,16,1,-112,2,71.70362711736587,0.25,0,shape_infeasible,False,"{""frame"":16,""witness"":1,""root"":-112,""stage"":""shape_infeasible"",""attempts"":[[""E"",""shape_infeasible""],[""E"",""no_screen_samples""],[""F"",""shape_infeasible""],[""H"",""shape_infeasible""]],""selected"":false}"
peking547-b50000-transactional-t8,15,17,0,-112,2,71.70362711736587,0.25,0,shape_infeasible,False,"{""frame"":17,""witness"":0,""root"":-112,""stage"":""shape_infeasible"",""attempts"":[[""E"",""shape_infeasible""],[""E"",""no_screen_samples""],[""F"",""shape_infeasible""],[""H"",""shape_infeasible""]],""selected"":false}"
peking547-b50000-transactional-t8,15,17,1,-112,2,71.70362711736587,0.25,0,shape_infeasible,False,"{""frame"":17,""witness"":1,""root"":-112,""stage"":""shape_infeasible"",""attempts"":[[""E"",""shape_infeasible""],[""E"",""no_screen_samples""],[""F"",""shape_infeasible""],[""H"",""shape_infeasible""]],""selected"":false}"
peking547-b50000-transactional-t8,15,18,0,-112,2,71.70362711736587,0.25,0,shape_infeasible,False,"{""frame"":18,""witness"":0,""root"":-112,""stage"":""shape_infeasible"",""attempts"":[[""E"",""shape_infeasible""],[""E"",""no_screen_samples""],[""F"",""shape_infeasible""],[""H"",""shape_infeasible""]],""selected"":false}"
peking547-b50000-transactional-t8,15,18,1,-112,2,71.70362711736587,0.25,0,shape_infeasible,False,"{""frame"":18,""witness"":1,""root"":-112,""stage"":""shape_infeasible"",""attempts"":[[""E"",""shape_infeasible""],[""E"",""no_screen_samples""],[""F"",""shape_infeasible""],[""H"",""shape_infeasible""]],""selected"":false}"
peking547-b50000-transactional-t8,15,19,0,-112,2,71.70362711736587,0.25,0,shape_infeasible,False,"{""frame"":19,""witness"":0,""root"":-112,""stage"":""shape_infeasible"",""attempts"":[[""E"",""shape_infeasible""],[""E"",""no_screen_samples""],[""F"",""shape_infeasible""],[""H"",""shape_infeasible""]],""selected"":false}"
peking547-b50000-transactional-t8,15,19,1,-112,2,71.70362711736587,0.25,0,shape_infeasible,False,"{""frame"":19,""witness"":1,""root"":-112,""stage"":""shape_infeasible"",""attempts"":[[""E"",""shape_infeasible""],[""E"",""no_screen_samples""],[""F"",""shape_infeasible""],[""H"",""shape_infeasible""]],""selected"":false}"
peking547-b50000-transactional-t8,15,20,0,-112,2,71.70362711736587,0.25,0,shape_infeasible,False,"{""frame"":20,""witness"":0,""root"":-112,""stage"":""shape_infeasible"",""attempts"":[[""E"",""shape_infeasible""],[""E"",""no_screen_samples""],[""F"",""shape_infeasible""],[""H"",""shape_infeasible""]],""selected"":false}"
peking547-b50000-transactional-t8,15,20,1,-112,2,71.70362711736587,0.25,0,shape_infeasible,False,"{""frame"":20,""witness"":1,""root"":-112,""stage"":""shape_infeasible"",""attempts"":[[""E"",""shape_infeasible""],[""E"",""no_screen_samples""],[""F"",""shape_infeasible""],[""H"",""shape_infeasible""]],""selected"":false}"
peking547-b50000-transactional-t8,15,21,0,-112,2,71.70362711736587,0.25,0,shape_infeasible,False,"{""frame"":21,""witness"":0,""root"":-112,""stage"":""shape_infeasible"",""attempts"":[[""E"",""shape_infeasible""],[""E"",""no_screen_samples""],[""F"",""shape_infeasible""],[""H"",""shape_infeasible""]],""selected"":false}"
peking547-b50000-transactional-t8,15,21,1,-112,2,71.70362711736587,0.25,0,shape_infeasible,False,"{""frame"":21,""witness"":1,""root"":-112,""stage"":""shape_infeasible"",""attempts"":[[""E"",""shape_infeasible""],[""E"",""no_screen_samples""],[""F"",""shape_infeasible""],[""H"",""shape_infeasible""]],""selected"":false}"
peking547-b50000-transactional-t8,15,22,0,-112,2,71.70362711736587,0.25,0,shape_infeasible,False,"{""frame"":22,""witness"":0,""root"":-112,""stage"":""shape_infeasible"",""attempts"":[[""E"",""shape_infeasible""],[""E"",""no_screen_samples""],[""F"",""shape_infeasible""],[""H"",""shape_infeasible""]],""selected"":false}"
peking547-b50000-transactional-t8,15,22,1,-112,2,71.70362711736587,0.25,0,shape_infeasible,False,"{""frame"":22,""witness"":1,""root"":-112,""stage"":""shape_infeasible"",""attempts"":[[""E"",""shape_infeasible""],[""E"",""no_screen_samples""],[""F"",""shape_infeasible""],[""H"",""shape_infeasible""]],""selected"":false}"
peking547-b50000-transactional-t8,15,23,0,-112,2,71.70362711736587,0.25,0,shape_infeasible,False,"{""frame"":23,""witness"":0,""root"":-112,""stage"":""shape_infeasible"",""attempts"":[[""E"",""shape_infeasible""],[""E"",""no_screen_samples""],[""F"",""shape_infeasible""],[""H"",""shape_infeasible""]],""selected"":false}"
peking547-b50000-transactional-t8,15,23,1,-112,2,71.70362711736587,0.25,0,shape_infeasible,False,"{""frame"":23,""witness"":1,""root"":-112,""stage"":""shape_infeasible"",""attempts"":[[""E"",""shape_infeasible""],[""E"",""no_screen_samples""],[""F"",""shape_infeasible""],[""H"",""shape_infeasible""]],""selected"":false}"
peking547-b200000-transactional-t8,15,0,0,599,2,122.12060242830425,0.25,0,shape_infeasible,False,"{""frame"":0,""witness"":0,""root"":599,""stage"":""shape_infeasible"",""attempts"":[[""E"",""no_screen_samples""],[""E"",""no_screen_samples""],[""F"",""shape_infeasible""],[""H"",""shape_infeasible""]],""selected"":false}"
peking547-b200000-transactional-t8,15,1,0,599,2,122.12060242830425,0.25,0,shape_infeasible,False,"{""frame"":1,""witness"":0,""root"":599,""stage"":""shape_infeasible"",""attempts"":[[""E"",""no_screen_samples""],[""E"",""no_screen_samples""],[""F"",""shape_infeasible""],[""H"",""shape_infeasible""]],""selected"":false}"
peking547-b200000-transactional-t8,15,2,0,599,2,122.12060242830425,0.25,0,shape_infeasible,False,"{""frame"":2,""witness"":0,""root"":599,""stage"":""shape_infeasible"",""attempts"":[[""E"",""no_screen_samples""],[""E"",""no_screen_samples""],[""F"",""shape_infeasible""],[""H"",""shape_infeasible""]],""selected"":false}"
peking547-b200000-transactional-t8,15,3,0,599,2,102.86446369913142,0.25,0,shape_infeasible,False,"{""frame"":3,""witness"":0,""root"":599,""stage"":""shape_infeasible"",""attempts"":[[""E"",""no_screen_samples""],[""E"",""no_screen_samples""],[""F"",""shape_infeasible""],[""H"",""shape_infeasible""]],""selected"":false}"
peking547-b200000-transactional-t8,15,4,0,599,2,84.89021163265632,0.25,0,shape_infeasible,False,"{""frame"":4,""witness"":0,""root"":599,""stage"":""shape_infeasible"",""attempts"":[[""E"",""no_screen_samples""],[""E"",""no_screen_samples""],[""F"",""shape_infeasible""],[""H"",""shape_infeasible""]],""selected"":false}"
peking547-b200000-transactional-t8,15,5,0,599,2,56.147145736393554,0.25,0,shape_infeasible,False,"{""frame"":5,""witness"":0,""root"":599,""stage"":""shape_infeasible"",""attempts"":[[""E"",""no_screen_samples""],[""E"",""no_screen_samples""],[""F"",""shape_infeasible""],[""H"",""shape_infeasible""]],""selected"":false}"
peking547-b200000-transactional-t8,15,6,0,599,13,24.66595351755786,0.25,0,shape_infeasible,False,"{""frame"":6,""witness"":0,""root"":599,""stage"":""shape_infeasible"",""attempts"":[[""E"",""no_screen_samples""],[""E"",""no_screen_samples""],[""F"",""shape_infeasible""],[""H"",""shape_infeasible""]],""selected"":false}"
peking547-b200000-transactional-t8,15,7,0,599,58,12.819106117220278,0.25,1.6014810205145198,certified,False,"{""frame"":7,""witness"":0,""root"":599,""stage"":""certified"",""attempts"":[[""E"",""certified""]],""selected"":false,""donorCertified"":640,""donorQuality"":640,""internalFeasible"":640,""unused"":639,""available"":0}"
peking547-b200000-transactional-t8,15,8,0,-461,109,5.414827374584911,0.25,1.2204044711716298,shape_infeasible,False,"{""frame"":8,""witness"":0,""root"":-461,""stage"":""shape_infeasible"",""attempts"":[[""E"",""shape_infeasible""],[""E"",""fit_bound_failed""],[""F"",""shape_infeasible""],[""H"",""shape_infeasible""]],""selected"":false}"
peking547-b200000-transactional-t8,15,9,0,-461,689,4.5391085625264225,0.25,1.0273229658789789,outside_prefix,False,"{""frame"":9,""witness"":0,""root"":-461,""stage"":""outside_prefix""}"
peking547-b200000-transactional-t8,15,10,0,-461,1560,4.098203892602645,0.25,0.9404005302470634,outside_prefix,False,"{""frame"":10,""witness"":0,""root"":-461,""stage"":""outside_prefix""}"
peking547-b200000-transactional-t8,15,11,0,-461,1690,4.514214810494219,0.25,0.9273943947301059,outside_prefix,False,"{""frame"":11,""witness"":0,""root"":-461,""stage"":""outside_prefix""}"
peking547-b200000-transactional-t8,15,12,0,-461,892,5.491506659219206,0.25,0.9846602755979127,outside_prefix,False,"{""frame"":12,""witness"":0,""root"":-461,""stage"":""outside_prefix""}"
peking547-b200000-transactional-t8,15,13,0,-461,54,7.144288116849896,0.25,1.1335417997111112,shape_infeasible,False,"{""frame"":13,""witness"":0,""root"":-461,""stage"":""shape_infeasible"",""attempts"":[[""E"",""shape_infeasible""],[""E"",""fit_bound_failed""],[""F"",""shape_infeasible""],[""H"",""shape_infeasible""]],""selected"":false}"
peking547-b200000-transactional-t8,15,14,0,-461,161,10.152259588543943,0.25,1.4301017987432558,shape_infeasible,False,"{""frame"":14,""witness"":0,""root"":-461,""stage"":""shape_infeasible"",""attempts"":[[""E"",""shape_infeasible""],[""E"",""fit_bound_failed""],[""F"",""shape_infeasible""],[""H"",""shape_infeasible""]],""selected"":false}"
peking547-b200000-transactional-t8,15,15,0,-461,104,15.972323772634594,0.25,1.9965571240575115,shape_infeasible,False,"{""frame"":15,""witness"":0,""root"":-461,""stage"":""shape_infeasible"",""attempts"":[[""E"",""shape_infeasible""],[""E"",""fit_bound_failed""],[""F"",""shape_infeasible""],[""H"",""shape_infeasible""]],""selected"":false}"
peking547-b200000-transactional-t8,15,16,0,-461,2,71.70362711736587,0.25,0,shape_infeasible,False,"{""frame"":16,""witness"":0,""root"":-461,""stage"":""shape_infeasible"",""attempts"":[[""E"",""shape_infeasible""],[""E"",""no_screen_samples""],[""F"",""shape_infeasible""],[""H"",""shape_infeasible""]],""selected"":false}"
peking547-b200000-transactional-t8,15,17,0,-461,2,71.70362711736587,0.25,0,shape_infeasible,False,"{""frame"":17,""witness"":0,""root"":-461,""stage"":""shape_infeasible"",""attempts"":[[""E"",""shape_infeasible""],[""E"",""no_screen_samples""],[""F"",""shape_infeasible""],[""H"",""shape_infeasible""]],""selected"":false}"
peking547-b200000-transactional-t8,15,18,0,-461,2,71.70362711736587,0.25,0,shape_infeasible,False,"{""frame"":18,""witness"":0,""root"":-461,""stage"":""shape_infeasible"",""attempts"":[[""E"",""shape_infeasible""],[""E"",""no_screen_samples""],[""F"",""shape_infeasible""],[""H"",""shape_infeasible""]],""selected"":false}"
peking547-b200000-transactional-t8,15,19,0,-461,2,71.70362711736587,0.25,0,shape_infeasible,False,"{""frame"":19,""witness"":0,""root"":-461,""stage"":""shape_infeasible"",""attempts"":[[""E"",""shape_infeasible""],[""E"",""no_screen_samples""],[""F"",""shape_infeasible""],[""H"",""shape_infeasible""]],""selected"":false}"
peking547-b200000-transactional-t8,15,20,0,-461,2,71.70362711736587,0.25,0,shape_infeasible,False,"{""frame"":20,""witness"":0,""root"":-461,""stage"":""shape_infeasible"",""attempts"":[[""E"",""shape_infeasible""],[""E"",""no_screen_samples""],[""F"",""shape_infeasible""],[""H"",""shape_infeasible""]],""selected"":false}"
peking547-b200000-transactional-t8,15,21,0,-461,2,71.70362711736587,0.25,0,shape_infeasible,False,"{""frame"":21,""witness"":0,""root"":-461,""stage"":""shape_infeasible"",""attempts"":[[""E"",""shape_infeasible""],[""E"",""no_screen_samples""],[""F"",""shape_infeasible""],[""H"",""shape_infeasible""]],""selected"":false}"
peking547-b200000-transactional-t8,15,22,0,-461,2,71.70362711736587,0.25,0,shape_infeasible,False,"{""frame"":22,""witness"":0,""root"":-461,""stage"":""shape_infeasible"",""attempts"":[[""E"",""shape_infeasible""],[""E"",""no_screen_samples""],[""F"",""shape_infeasible""],[""H"",""shape_infeasible""]],""selected"":false}"
peking547-b200000-transactional-t8,15,23,0,-461,2,71.70362711736587,0.25,0,shape_infeasible,False,"{""frame"":23,""witness"":0,""root"":-461,""stage"":""shape_infeasible"",""attempts"":[[""E"",""shape_infeasible""],[""E"",""no_screen_samples""],[""F"",""shape_infeasible""],[""H"",""shape_infeasible""]],""selected"":false}"
dem-canyon-b50000-transactional-t8,48,0,0,803,3,14.184362480618574,4,0,shape_infeasible,False,"{""frame"":0,""witness"":0,""root"":803,""stage"":""shape_infeasible"",""attempts"":[[""E"",""no_screen_samples""],[""E"",""no_screen_samples""],[""F"",""shape_infeasible""],[""H"",""shape_infeasible""]],""selected"":false}"
dem-canyon-b50000-transactional-t8,48,0,1,803,3,14.184362480618574,4,0,shape_infeasible,False,"{""frame"":0,""witness"":1,""root"":803,""stage"":""shape_infeasible"",""attempts"":[[""E"",""no_screen_samples""],[""E"",""no_screen_samples""],[""F"",""shape_infeasible""],[""H"",""shape_infeasible""]],""selected"":false}"
dem-canyon-b50000-transactional-t8,48,0,2,624,33,7.70550559005338,4,0,no_screen_samples,False,"{""frame"":0,""witness"":2,""root"":624,""stage"":""no_screen_samples"",""attempts"":[[""E"",""no_screen_samples""],[""E"",""no_screen_samples""],[""F"",""no_screen_samples""],[""H"",""no_screen_samples""]],""selected"":false}"
dem-canyon-b50000-transactional-t8,48,1,0,803,5,13.681080055505968,4,0,shape_infeasible,False,"{""frame"":1,""witness"":0,""root"":803,""stage"":""shape_infeasible"",""attempts"":[[""E"",""no_screen_samples""],[""E"",""no_screen_samples""],[""F"",""shape_infeasible""],[""H"",""shape_infeasible""]],""selected"":false}"
dem-canyon-b50000-transactional-t8,48,1,1,803,5,13.681080055505968,4,0,shape_infeasible,False,"{""frame"":1,""witness"":1,""root"":803,""stage"":""shape_infeasible"",""attempts"":[[""E"",""no_screen_samples""],[""E"",""no_screen_samples""],[""F"",""shape_infeasible""],[""H"",""shape_infeasible""]],""selected"":false}"
dem-canyon-b50000-transactional-t8,48,1,2,624,46,7.274589387315542,4,0,no_screen_samples,False,"{""frame"":1,""witness"":2,""root"":624,""stage"":""no_screen_samples"",""attempts"":[[""E"",""no_screen_samples""],[""E"",""no_screen_samples""],[""F"",""no_screen_samples""],[""H"",""no_screen_samples""]],""selected"":false}"
dem-canyon-b50000-transactional-t8,48,2,0,803,7,13.247827076493897,4,0,shape_infeasible,False,"{""frame"":2,""witness"":0,""root"":803,""stage"":""shape_infeasible"",""attempts"":[[""E"",""no_screen_samples""],[""E"",""no_screen_samples""],[""F"",""shape_infeasible""],[""H"",""shape_infeasible""]],""selected"":false}"
dem-canyon-b50000-transactional-t8,48,2,1,803,7,13.247827076493897,4,0,shape_infeasible,False,"{""frame"":2,""witness"":1,""root"":803,""stage"":""shape_infeasible"",""attempts"":[[""E"",""no_screen_samples""],[""E"",""no_screen_samples""],[""F"",""shape_infeasible""],[""H"",""shape_infeasible""]],""selected"":false}"
dem-canyon-b50000-transactional-t8,48,2,2,624,58,6.901029496837199,4,0,no_screen_samples,False,"{""frame"":2,""witness"":2,""root"":624,""stage"":""no_screen_samples"",""attempts"":[[""E"",""no_screen_samples""],[""E"",""no_screen_samples""],[""F"",""no_screen_samples""],[""H"",""no_screen_samples""]],""selected"":false}"
dem-canyon-b50000-transactional-t8,48,3,0,803,7,12.87666961060256,4,0,shape_infeasible,False,"{""frame"":3,""witness"":0,""root"":803,""stage"":""shape_infeasible"",""attempts"":[[""E"",""no_screen_samples""],[""E"",""no_screen_samples""],[""F"",""shape_infeasible""],[""H"",""shape_infeasible""]],""selected"":false}"
dem-canyon-b50000-transactional-t8,48,3,1,803,7,12.87666961060256,4,0,shape_infeasible,False,"{""frame"":3,""witness"":1,""root"":803,""stage"":""shape_infeasible"",""attempts"":[[""E"",""no_screen_samples""],[""E"",""no_screen_samples""],[""F"",""shape_infeasible""],[""H"",""shape_infeasible""]],""selected"":false}"
dem-canyon-b50000-transactional-t8,48,3,2,624,72,6.576809263892465,4,2.440016960344966,fit_bound_failed,False,"{""frame"":3,""witness"":2,""root"":624,""stage"":""fit_bound_failed"",""attempts"":[[""E"",""fit_bound_failed""],[""E"",""fit_bound_failed""],[""F"",""fit_bound_failed""],[""H"",""fit_bound_failed""]],""selected"":false}"
dem-canyon-b50000-transactional-t8,48,4,0,803,7,12.56079578280215,4,0,shape_infeasible,False,"{""frame"":4,""witness"":0,""root"":803,""stage"":""shape_infeasible"",""attempts"":[[""E"",""no_screen_samples""],[""E"",""no_screen_samples""],[""F"",""shape_infeasible""],[""H"",""shape_infeasible""]],""selected"":false}"
dem-canyon-b50000-transactional-t8,48,4,1,803,7,12.56079578280215,4,0,shape_infeasible,False,"{""frame"":4,""witness"":1,""root"":803,""stage"":""shape_infeasible"",""attempts"":[[""E"",""no_screen_samples""],[""E"",""no_screen_samples""],[""F"",""shape_infeasible""],[""H"",""shape_infeasible""]],""selected"":false}"
dem-canyon-b50000-transactional-t8,48,4,2,624,12,10.42698246259769,4,10.42698246259769,fit_bound_failed,False,"{""frame"":4,""witness"":2,""root"":624,""stage"":""fit_bound_failed"",""attempts"":[[""E"",""fit_bound_failed""],[""E"",""fit_bound_failed""],[""F"",""fit_bound_failed""],[""H"",""fit_bound_failed""]],""selected"":false}"
dem-canyon-b50000-transactional-t8,48,5,0,803,10,12.294349890799388,4,0,shape_infeasible,False,"{""frame"":5,""witness"":0,""root"":803,""stage"":""shape_infeasible"",""attempts"":[[""E"",""fit_bound_failed""],[""E"",""no_screen_samples""],[""F"",""shape_infeasible""],[""H"",""shape_infeasible""]],""selected"":false}"
dem-canyon-b50000-transactional-t8,48,5,1,803,10,12.294349890799388,4,0,shape_infeasible,False,"{""frame"":5,""witness"":1,""root"":803,""stage"":""shape_infeasible"",""attempts"":[[""E"",""fit_bound_failed""],[""E"",""no_screen_samples""],[""F"",""shape_infeasible""],[""H"",""shape_infeasible""]],""selected"":false}"
dem-canyon-b50000-transactional-t8,48,5,2,624,15,10.22370444044235,4,10.22370444044235,fit_bound_failed,False,"{""frame"":5,""witness"":2,""root"":624,""stage"":""fit_bound_failed"",""attempts"":[[""E"",""fit_bound_failed""],[""E"",""fit_bound_failed""],[""F"",""fit_bound_failed""],[""H"",""fit_bound_failed""]],""selected"":false}"
dem-canyon-b50000-transactional-t8,48,6,0,803,9,12.072308107181582,4,1.0927300636677049,certified,True,"{""frame"":6,""witness"":0,""root"":803,""stage"":""certified"",""attempts"":[[""E"",""certified""]],""selected"":true}"
dem-canyon-b50000-transactional-t8,48,6,1,803,9,12.072308107181582,4,1.0927300636677049,certified,True,"{""frame"":6,""witness"":1,""root"":803,""stage"":""certified"",""attempts"":[[""E"",""certified""]],""selected"":true}"
dem-canyon-b50000-transactional-t8,48,6,2,624,20,10.038562564687696,4,10.038562564687696,fit_bound_failed,False,"{""frame"":6,""witness"":2,""root"":624,""stage"":""fit_bound_failed"",""attempts"":[[""E"",""fit_bound_failed""],[""E"",""fit_bound_failed""],[""F"",""fit_bound_failed""],[""H"",""fit_bound_failed""]],""selected"":false}"
dem-canyon-b50000-transactional-t8,48,7,0,-319,9,11.890343912980102,4,2.519326340499043,flip_exhausted,False,"{""frame"":7,""witness"":0,""root"":-319,""stage"":""flip_exhausted"",""attempts"":[[""E"",""shape_infeasible""],[""E"",""shape_infeasible""],[""F"",""shape_infeasible""],[""H"",""shape_infeasible""],[""R"",""flip_nonconvex_or_existing_diagonal""],[""R"",""flip_nonconvex_or_existing_diagonal""],[""R"",""flip_not_interior""]],""selected"":false}"
dem-canyon-b50000-transactional-t8,48,7,1,-319,9,11.890343912980102,4,2.519326340499043,flip_exhausted,False,"{""frame"":7,""witness"":1,""root"":-319,""stage"":""flip_exhausted"",""attempts"":[[""E"",""shape_infeasible""],[""E"",""shape_infeasible""],[""F"",""shape_infeasible""],[""H"",""shape_infeasible""],[""R"",""flip_nonconvex_or_existing_diagonal""],[""R"",""flip_nonconvex_or_existing_diagonal""],[""R"",""flip_not_interior""]],""selected"":false}"
dem-canyon-b50000-transactional-t8,48,7,2,624,27,9.869990226976977,4,9.869990226976977,fit_bound_failed,False,"{""frame"":7,""witness"":2,""root"":624,""stage"":""fit_bound_failed"",""attempts"":[[""E"",""fit_bound_failed""],[""E"",""fit_bound_failed""],[""F"",""fit_bound_failed""],[""H"",""fit_bound_failed""]],""selected"":false}"
dem-canyon-b50000-transactional-t8,48,8,0,-319,15,11.744759407158488,4,4.911466153066949,flip_exhausted,False,"{""frame"":8,""witness"":0,""root"":-319,""stage"":""flip_exhausted"",""attempts"":[[""E"",""shape_infeasible""],[""E"",""shape_infeasible""],[""F"",""shape_infeasible""],[""F"",""shape_infeasible""],[""H"",""shape_infeasible""],[""R"",""flip_nonconvex_or_existing_diagonal""],[""R"",""flip_nonconvex_or_existing_diagonal""],[""R"",""flip_not_interior""]],""selected"":false}"
dem-canyon-b50000-transactional-t8,48,8,1,-319,15,11.744759407158488,4,4.911466153066949,flip_exhausted,False,"{""frame"":8,""witness"":1,""root"":-319,""stage"":""flip_exhausted"",""attempts"":[[""E"",""shape_infeasible""],[""E"",""shape_infeasible""],[""F"",""shape_infeasible""],[""F"",""shape_infeasible""],[""H"",""shape_infeasible""],[""R"",""flip_nonconvex_or_existing_diagonal""],[""R"",""flip_nonconvex_or_existing_diagonal""],[""R"",""flip_not_interior""]],""selected"":false}"
dem-canyon-b50000-transactional-t8,48,8,2,624,32,9.716671269008387,4,9.716671269008387,fit_bound_failed,False,"{""frame"":8,""witness"":2,""root"":624,""stage"":""fit_bound_failed"",""attempts"":[[""E"",""fit_bound_failed""],[""E"",""fit_bound_failed""],[""F"",""fit_bound_failed""],[""H"",""fit_bound_failed""]],""selected"":false}"
dem-canyon-b50000-transactional-t8,48,9,0,-319,23,11.632383733223985,4,6.341764779114129,flip_exhausted,False,"{""frame"":9,""witness"":0,""root"":-319,""stage"":""flip_exhausted"",""attempts"":[[""E"",""shape_infeasible""],[""E"",""shape_infeasible""],[""F"",""shape_infeasible""],[""H"",""shape_infeasible""],[""R"",""flip_nonconvex_or_existing_diagonal""],[""R"",""quality_infeasible""],[""R"",""flip_not_interior""]],""selected"":false}"
dem-canyon-b50000-transactional-t8,48,9,1,-319,23,11.632383733223985,4,6.341764779114129,flip_exhausted,False,"{""frame"":9,""witness"":1,""root"":-319,""stage"":""flip_exhausted"",""attempts"":[[""E"",""shape_infeasible""],[""E"",""shape_infeasible""],[""F"",""shape_infeasible""],[""H"",""shape_infeasible""],[""R"",""flip_nonconvex_or_existing_diagonal""],[""R"",""quality_infeasible""],[""R"",""flip_not_interior""]],""selected"":false}"
dem-canyon-b50000-transactional-t8,48,9,2,624,34,9.57747939649683,4,9.57747939649683,fit_bound_failed,False,"{""frame"":9,""witness"":2,""root"":624,""stage"":""fit_bound_failed"",""attempts"":[[""E"",""fit_bound_failed""],[""E"",""fit_bound_failed""],[""F"",""fit_bound_failed""],[""H"",""fit_bound_failed""]],""selected"":false}"
dem-canyon-b50000-transactional-t8,48,10,0,-319,26,11.55051748920114,4,8.366925306182337,flip_exhausted,False,"{""frame"":10,""witness"":0,""root"":-319,""stage"":""flip_exhausted"",""attempts"":[[""E"",""shape_infeasible""],[""E"",""shape_infeasible""],[""F"",""shape_infeasible""],[""H"",""shape_infeasible""],[""R"",""flip_nonconvex_or_existing_diagonal""],[""R"",""quality_infeasible""],[""R"",""flip_not_interior""]],""selected"":false}"
dem-canyon-b50000-transactional-t8,48,10,1,-319,26,11.55051748920114,4,8.366925306182337,flip_exhausted,False,"{""frame"":10,""witness"":1,""root"":-319,""stage"":""flip_exhausted"",""attempts"":[[""E"",""shape_infeasible""],[""E"",""shape_infeasible""],[""F"",""shape_infeasible""],[""H"",""shape_infeasible""],[""R"",""flip_nonconvex_or_existing_diagonal""],[""R"",""quality_infeasible""],[""R"",""flip_not_interior""]],""selected"":false}"
dem-canyon-b50000-transactional-t8,48,10,2,624,39,9.451451726513577,4,9.451451726513577,fit_bound_failed,False,"{""frame"":10,""witness"":2,""root"":624,""stage"":""fit_bound_failed"",""attempts"":[[""E"",""fit_bound_failed""],[""E"",""fit_bound_failed""],[""F"",""fit_bound_failed""],[""H"",""fit_bound_failed""]],""selected"":false}"
dem-canyon-b50000-transactional-t8,48,11,0,-319,29,11.496877120163322,4,9.423874095004654,flip_exhausted,False,"{""frame"":11,""witness"":0,""root"":-319,""stage"":""flip_exhausted"",""attempts"":[[""E"",""shape_infeasible""],[""E"",""shape_infeasible""],[""F"",""shape_infeasible""],[""H"",""shape_infeasible""],[""R"",""flip_nonconvex_or_existing_diagonal""],[""R"",""quality_infeasible""],[""R"",""flip_not_interior""]],""selected"":false}"
dem-canyon-b50000-transactional-t8,48,11,1,-319,29,11.496877120163322,4,9.423874095004654,flip_exhausted,False,"{""frame"":11,""witness"":1,""root"":-319,""stage"":""flip_exhausted"",""attempts"":[[""E"",""shape_infeasible""],[""E"",""shape_infeasible""],[""F"",""shape_infeasible""],[""H"",""shape_infeasible""],[""R"",""flip_nonconvex_or_existing_diagonal""],[""R"",""quality_infeasible""],[""R"",""flip_not_interior""]],""selected"":false}"
dem-canyon-b50000-transactional-t8,48,11,2,624,49,9.337763973899142,4,9.337763973899142,fit_bound_failed,False,"{""frame"":11,""witness"":2,""root"":624,""stage"":""fit_bound_failed"",""attempts"":[[""E"",""fit_bound_failed""],[""E"",""fit_bound_failed""],[""F"",""fit_bound_failed""],[""H"",""fit_bound_failed""]],""selected"":false}"
dem-canyon-b50000-transactional-t8,48,12,0,-319,30,11.46954430774643,4,9.376517578176324,flip_exhausted,False,"{""frame"":12,""witness"":0,""root"":-319,""stage"":""flip_exhausted"",""attempts"":[[""E"",""shape_infeasible""],[""E"",""shape_infeasible""],[""F"",""shape_infeasible""],[""H"",""shape_infeasible""],[""R"",""flip_nonconvex_or_existing_diagonal""],[""R"",""quality_infeasible""],[""R"",""flip_not_interior""]],""selected"":false}"
dem-canyon-b50000-transactional-t8,48,12,1,-319,30,11.46954430774643,4,9.376517578176324,flip_exhausted,False,"{""frame"":12,""witness"":1,""root"":-319,""stage"":""flip_exhausted"",""attempts"":[[""E"",""shape_infeasible""],[""E"",""shape_infeasible""],[""F"",""shape_infeasible""],[""H"",""shape_infeasible""],[""R"",""flip_nonconvex_or_existing_diagonal""],[""R"",""quality_infeasible""],[""R"",""flip_not_interior""]],""selected"":false}"
dem-canyon-b50000-transactional-t8,48,12,2,624,55,9.235708047062298,4,9.235708047062298,fit_bound_failed,False,"{""frame"":12,""witness"":2,""root"":624,""stage"":""fit_bound_failed"",""attempts"":[[""E"",""fit_bound_failed""],[""E"",""fit_bound_failed""],[""F"",""fit_bound_failed""],[""H"",""fit_bound_failed""]],""selected"":false}"
dem-canyon-b50000-transactional-t8,48,13,0,-319,35,11.466925887853774,4,9.336996901567929,flip_exhausted,False,"{""frame"":13,""witness"":0,""root"":-319,""stage"":""flip_exhausted"",""attempts"":[[""E"",""shape_infeasible""],[""E"",""shape_infeasible""],[""F"",""shape_infeasible""],[""H"",""shape_infeasible""],[""R"",""flip_nonconvex_or_existing_diagonal""],[""R"",""quality_infeasible""],[""R"",""flip_not_interior""]],""selected"":false}"
dem-canyon-b50000-transactional-t8,48,13,1,-319,35,11.466925887853774,4,9.336996901567929,flip_exhausted,False,"{""frame"":13,""witness"":1,""root"":-319,""stage"":""flip_exhausted"",""attempts"":[[""E"",""shape_infeasible""],[""E"",""shape_infeasible""],[""F"",""shape_infeasible""],[""H"",""shape_infeasible""],[""R"",""flip_nonconvex_or_existing_diagonal""],[""R"",""quality_infeasible""],[""R"",""flip_not_interior""]],""selected"":false}"
dem-canyon-b50000-transactional-t8,48,13,2,624,68,9.14467306861026,4,9.14467306861026,fit_bound_failed,False,"{""frame"":13,""witness"":2,""root"":624,""stage"":""fit_bound_failed"",""attempts"":[[""E"",""fit_bound_failed""],[""E"",""fit_bound_failed""],[""F"",""fit_bound_failed""],[""H"",""fit_bound_failed""]],""selected"":false}"
dem-canyon-b50000-transactional-t8,48,14,0,-319,40,11.487724249903609,4,9.305164358410519,flip_exhausted,False,"{""frame"":14,""witness"":0,""root"":-319,""stage"":""flip_exhausted"",""attempts"":[[""E"",""shape_infeasible""],[""E"",""shape_infeasible""],[""F"",""shape_infeasible""],[""H"",""shape_infeasible""],[""R"",""flip_nonconvex_or_existing_diagonal""],[""R"",""quality_infeasible""],[""R"",""flip_not_interior""]],""selected"":false}"
dem-canyon-b50000-transactional-t8,48,14,1,-319,40,11.487724249903609,4,9.305164358410519,flip_exhausted,False,"{""frame"":14,""witness"":1,""root"":-319,""stage"":""flip_exhausted"",""attempts"":[[""E"",""shape_infeasible""],[""E"",""shape_infeasible""],[""F"",""shape_infeasible""],[""H"",""shape_infeasible""],[""R"",""flip_nonconvex_or_existing_diagonal""],[""R"",""quality_infeasible""],[""R"",""flip_not_interior""]],""selected"":false}"
dem-canyon-b50000-transactional-t8,48,14,2,624,110,9.064138591786433,4,9.064138591786433,fit_bound_failed,False,"{""frame"":14,""witness"":2,""root"":624,""stage"":""fit_bound_failed"",""attempts"":[[""E"",""fit_bound_failed""],[""E"",""fit_bound_failed""],[""F"",""fit_bound_failed""],[""H"",""fit_bound_failed""]],""selected"":false}"
dem-canyon-b50000-transactional-t8,48,15,0,-319,53,11.530905827914076,4,9.28089977913899,flip_exhausted,False,"{""frame"":15,""witness"":0,""root"":-319,""stage"":""flip_exhausted"",""attempts"":[[""E"",""shape_infeasible""],[""E"",""shape_infeasible""],[""F"",""shape_infeasible""],[""H"",""shape_infeasible""],[""R"",""flip_nonconvex_or_existing_diagonal""],[""R"",""quality_infeasible""],[""R"",""flip_not_interior""]],""selected"":false}"
dem-canyon-b50000-transactional-t8,48,15,1,-319,53,11.530905827914076,4,9.28089977913899,flip_exhausted,False,"{""frame"":15,""witness"":1,""root"":-319,""stage"":""flip_exhausted"",""attempts"":[[""E"",""shape_infeasible""],[""E"",""shape_infeasible""],[""F"",""shape_infeasible""],[""H"",""shape_infeasible""],[""R"",""flip_nonconvex_or_existing_diagonal""],[""R"",""quality_infeasible""],[""R"",""flip_not_interior""]],""selected"":false}"
dem-canyon-b50000-transactional-t8,48,15,2,624,193,8.993656448191674,4,8.993656448191674,outside_prefix,False,"{""frame"":15,""witness"":2,""root"":624,""stage"":""outside_prefix""}"
dem-canyon-b50000-transactional-t8,48,16,0,-319,102,11.595674041197892,4,9.264114761440286,flip_exhausted,False,"{""frame"":16,""witness"":0,""root"":-319,""stage"":""flip_exhausted"",""attempts"":[[""E"",""shape_infeasible""],[""E"",""shape_infeasible""],[""F"",""shape_infeasible""],[""H"",""shape_infeasible""],[""R"",""flip_nonconvex_or_existing_diagonal""],[""R"",""quality_infeasible""],[""R"",""flip_not_interior""]],""selected"":false}"
dem-canyon-b50000-transactional-t8,48,16,1,-319,102,11.595674041197892,4,9.264114761440286,flip_exhausted,False,"{""frame"":16,""witness"":1,""root"":-319,""stage"":""flip_exhausted"",""attempts"":[[""E"",""shape_infeasible""],[""E"",""shape_infeasible""],[""F"",""shape_infeasible""],[""H"",""shape_infeasible""],[""R"",""flip_nonconvex_or_existing_diagonal""],[""R"",""quality_infeasible""],[""R"",""flip_not_interior""]],""selected"":false}"
dem-canyon-b50000-transactional-t8,48,16,2,624,274,8.932848448279417,4,8.932848448279417,outside_prefix,False,"{""frame"":16,""witness"":2,""root"":624,""stage"":""outside_prefix""}"
dem-canyon-b50000-transactional-t8,48,17,0,-319,170,11.681453801917675,4,9.254742686445754,outside_prefix,False,"{""frame"":17,""witness"":0,""root"":-319,""stage"":""outside_prefix""}"
dem-canyon-b50000-transactional-t8,48,17,1,-319,170,11.681453801917675,4,9.254742686445754,outside_prefix,False,"{""frame"":17,""witness"":1,""root"":-319,""stage"":""outside_prefix""}"
dem-canyon-b50000-transactional-t8,48,17,2,624,358,8.88139107039552,4,8.88139107039552,outside_prefix,False,"{""frame"":17,""witness"":2,""root"":624,""stage"":""outside_prefix""}"
dem-canyon-b50000-transactional-t8,48,18,0,-319,236,11.787886077640191,4,9.252756325887935,outside_prefix,False,"{""frame"":18,""witness"":0,""root"":-319,""stage"":""outside_prefix""}"
dem-canyon-b50000-transactional-t8,48,18,1,-319,236,11.787886077640191,4,9.252756325887935,outside_prefix,False,"{""frame"":18,""witness"":1,""root"":-319,""stage"":""outside_prefix""}"
dem-canyon-b50000-transactional-t8,48,18,2,624,444,8.839026486709272,4,8.839026486709272,outside_prefix,False,"{""frame"":18,""witness"":2,""root"":624,""stage"":""outside_prefix""}"
dem-canyon-b50000-transactional-t8,48,19,0,-319,314,11.914794244537502,4,9.258145079637128,outside_prefix,False,"{""frame"":19,""witness"":0,""root"":-319,""stage"":""outside_prefix""}"
dem-canyon-b50000-transactional-t8,48,19,1,-319,314,11.914794244537502,4,9.258145079637128,outside_prefix,False,"{""frame"":19,""witness"":1,""root"":-319,""stage"":""outside_prefix""}"
dem-canyon-b50000-transactional-t8,48,19,2,624,607,8.805538118620095,4,8.805538118620095,outside_prefix,False,"{""frame"":19,""witness"":2,""root"":624,""stage"":""outside_prefix""}"
dem-canyon-b50000-transactional-t8,48,20,0,-319,393,12.062194238124393,4,9.270929177547707,outside_prefix,False,"{""frame"":20,""witness"":0,""root"":-319,""stage"":""outside_prefix""}"
dem-canyon-b50000-transactional-t8,48,20,1,-319,393,12.062194238124393,4,9.270929177547707,outside_prefix,False,"{""frame"":20,""witness"":1,""root"":-319,""stage"":""outside_prefix""}"
dem-canyon-b50000-transactional-t8,48,20,2,624,910,8.780760448471465,4,8.780760448471465,outside_prefix,False,"{""frame"":20,""witness"":2,""root"":624,""stage"":""outside_prefix""}"
dem-canyon-b50000-transactional-t8,48,21,0,-319,555,12.23028176310749,4,9.291154562116228,outside_prefix,False,"{""frame"":21,""witness"":0,""root"":-319,""stage"":""outside_prefix""}"
dem-canyon-b50000-transactional-t8,48,21,1,-319,555,12.23028176310749,4,9.291154562116228,outside_prefix,False,"{""frame"":21,""witness"":1,""root"":-319,""stage"":""outside_prefix""}"
dem-canyon-b50000-transactional-t8,48,21,2,624,1283,8.764570962970588,4,8.764570962970588,outside_prefix,False,"{""frame"":21,""witness"":2,""root"":624,""stage"":""outside_prefix""}"
dem-canyon-b50000-transactional-t8,48,22,0,-319,819,12.419427707809888,4,9.318896772710996,outside_prefix,False,"{""frame"":22,""witness"":0,""root"":-319,""stage"":""outside_prefix""}"
dem-canyon-b50000-transactional-t8,48,22,1,-319,819,12.419427707809888,4,9.318896772710996,outside_prefix,False,"{""frame"":22,""witness"":1,""root"":-319,""stage"":""outside_prefix""}"
dem-canyon-b50000-transactional-t8,48,22,2,624,1812,8.756892115894974,4,8.756892115894974,outside_prefix,False,"{""frame"":22,""witness"":2,""root"":624,""stage"":""outside_prefix""}"
dem-canyon-b50000-transactional-t8,48,23,0,-319,1199,12.630185102974856,4,9.354258259286272,outside_prefix,False,"{""frame"":23,""witness"":0,""root"":-319,""stage"":""outside_prefix""}"
dem-canyon-b50000-transactional-t8,48,23,1,-319,1199,12.630185102974856,4,9.354258259286272,outside_prefix,False,"{""frame"":23,""witness"":1,""root"":-319,""stage"":""outside_prefix""}"
dem-canyon-b50000-transactional-t8,48,23,2,624,2519,8.757686114114412,4,8.757686114114412,outside_prefix,False,"{""frame"":23,""witness"":2,""root"":624,""stage"":""outside_prefix""}"
dem-canyon-b50000-transactional-t8,48,24,0,-319,1734,12.863286641065873,4,9.397372372308556,outside_prefix,False,"{""frame"":24,""witness"":0,""root"":-319,""stage"":""outside_prefix""}"
dem-canyon-b50000-transactional-t8,48,24,1,-319,1734,12.863286641065873,4,9.397372372308556,outside_prefix,False,"{""frame"":24,""witness"":1,""root"":-319,""stage"":""outside_prefix""}"
dem-canyon-b50000-transactional-t8,48,24,2,624,3447,8.766957005278003,4,8.766957005278003,outside_prefix,False,"{""frame"":24,""witness"":2,""root"":624,""stage"":""outside_prefix""}"
dem-canyon-b50000-transactional-t8,48,25,0,-319,2451,13.119654314850374,4,9.413002171454293,outside_prefix,False,"{""frame"":25,""witness"":0,""root"":-319,""stage"":""outside_prefix""}"
dem-canyon-b50000-transactional-t8,48,25,1,-319,2451,13.119654314850374,4,9.413002171454293,outside_prefix,False,"{""frame"":25,""witness"":1,""root"":-319,""stage"":""outside_prefix""}"
dem-canyon-b50000-transactional-t8,48,25,2,624,4631,8.784749287965578,4,8.784749287965578,outside_prefix,False,"{""frame"":25,""witness"":2,""root"":624,""stage"":""outside_prefix""}"
dem-canyon-b50000-transactional-t8,48,26,0,-319,3377,13.400409021553093,4,8.364743253067925,outside_prefix,False,"{""frame"":26,""witness"":0,""root"":-319,""stage"":""outside_prefix""}"
dem-canyon-b50000-transactional-t8,48,26,1,-319,3377,13.400409021553093,4,8.364743253067925,outside_prefix,False,"{""frame"":26,""witness"":1,""root"":-319,""stage"":""outside_prefix""}"
dem-canyon-b50000-transactional-t8,48,26,2,624,5901,8.811149686313218,4,8.811149686313218,outside_prefix,False,"{""frame"":26,""witness"":2,""root"":624,""stage"":""outside_prefix""}"
dem-canyon-b50000-transactional-t8,48,27,0,-319,4571,13.706885735542981,4,6.967308595929582,outside_prefix,False,"{""frame"":27,""witness"":0,""root"":-319,""stage"":""outside_prefix""}"
dem-canyon-b50000-transactional-t8,48,27,1,-319,4571,13.706885735542981,4,6.967308595929582,outside_prefix,False,"{""frame"":27,""witness"":1,""root"":-319,""stage"":""outside_prefix""}"
dem-canyon-b50000-transactional-t8,48,27,2,624,7452,8.846288287465857,4,8.846288287465857,outside_prefix,False,"{""frame"":27,""witness"":2,""root"":624,""stage"":""outside_prefix""}"
dem-canyon-b50000-transactional-t8,48,28,0,-319,5822,14.040644414905394,4,5.539850362521542,outside_prefix,False,"{""frame"":28,""witness"":0,""root"":-319,""stage"":""outside_prefix""}"
dem-canyon-b50000-transactional-t8,48,28,1,-319,5822,14.040644414905394,4,5.539850362521542,outside_prefix,False,"{""frame"":28,""witness"":1,""root"":-319,""stage"":""outside_prefix""}"
dem-canyon-b50000-transactional-t8,48,28,2,624,9200,8.890339138131532,4,8.890339138131532,outside_prefix,False,"{""frame"":28,""witness"":2,""root"":624,""stage"":""outside_prefix""}"
dem-canyon-b50000-transactional-t8,48,29,0,-319,7351,14.403504918005384,4,3.759724962140045,outside_prefix,False,"{""frame"":29,""witness"":0,""root"":-319,""stage"":""outside_prefix""}"
dem-canyon-b50000-transactional-t8,48,29,1,-319,7351,14.403504918005384,4,3.759724962140045,outside_prefix,False,"{""frame"":29,""witness"":1,""root"":-319,""stage"":""outside_prefix""}"
dem-canyon-b50000-transactional-t8,48,29,2,624,10933,8.943527034097965,4,8.943527034097965,outside_prefix,False,"{""frame"":29,""witness"":2,""root"":624,""stage"":""outside_prefix""}"
dem-canyon-b50000-transactional-t8,48,30,0,-319,8910,14.797556211106413,4,2.5351050643421678,outside_prefix,False,"{""frame"":30,""witness"":0,""root"":-319,""stage"":""outside_prefix""}"
dem-canyon-b50000-transactional-t8,48,30,1,-319,8910,14.797556211106413,4,2.5351050643421678,outside_prefix,False,"{""frame"":30,""witness"":1,""root"":-319,""stage"":""outside_prefix""}"
dem-canyon-b50000-transactional-t8,48,30,2,624,12655,9.006124465037985,4,9.006124465037985,outside_prefix,False,"{""frame"":30,""witness"":2,""root"":624,""stage"":""outside_prefix""}"
dem-canyon-b50000-transactional-t8,48,31,0,-319,10387,15.225203418491986,4,0.3553047631021622,outside_prefix,False,"{""frame"":31,""witness"":0,""root"":-319,""stage"":""outside_prefix""}"
dem-canyon-b50000-transactional-t8,48,31,1,-319,10387,15.225203418491986,4,0.3553047631021622,outside_prefix,False,"{""frame"":31,""witness"":1,""root"":-319,""stage"":""outside_prefix""}"
dem-canyon-b50000-transactional-t8,48,31,2,624,14084,9.078460534706359,4,9.078460534706359,outside_prefix,False,"{""frame"":31,""witness"":2,""root"":624,""stage"":""outside_prefix""}"
dem-canyon-b50000-transactional-t8,48,32,0,-319,10796,15.375680894488282,4,8.377872820554512e-07,outside_prefix,False,"{""frame"":32,""witness"":0,""root"":-319,""stage"":""outside_prefix""}"
dem-canyon-b50000-transactional-t8,48,32,1,-319,10796,15.375680894488282,4,8.377872820554512e-07,outside_prefix,False,"{""frame"":32,""witness"":1,""root"":-319,""stage"":""outside_prefix""}"
dem-canyon-b50000-transactional-t8,48,32,2,624,14470,9.104802500681755,4,9.104802500681755,outside_prefix,False,"{""frame"":32,""witness"":2,""root"":624,""stage"":""outside_prefix""}"
dem-canyon-b50000-transactional-t8,48,33,0,-319,9407,14.936242606389355,4,2.428230626380464,outside_prefix,False,"{""frame"":33,""witness"":0,""root"":-319,""stage"":""outside_prefix""}"
dem-canyon-b50000-transactional-t8,48,33,1,-319,9407,14.936242606389355,4,2.428230626380464,outside_prefix,False,"{""frame"":33,""witness"":1,""root"":-319,""stage"":""outside_prefix""}"
dem-canyon-b50000-transactional-t8,48,33,2,624,13126,9.02913604725824,4,9.02913604725824,outside_prefix,False,"{""frame"":33,""witness"":2,""root"":624,""stage"":""outside_prefix""}"
dem-canyon-b50000-transactional-t8,48,34,0,-319,7861,14.531278524379386,4,2.708787097789987,outside_prefix,False,"{""frame"":34,""witness"":0,""root"":-319,""stage"":""outside_prefix""}"
dem-canyon-b50000-transactional-t8,48,34,1,-319,7861,14.531278524379386,4,2.708787097789987,outside_prefix,False,"{""frame"":34,""witness"":1,""root"":-319,""stage"":""outside_prefix""}"
dem-canyon-b50000-transactional-t8,48,34,2,624,11584,8.963333018323443,4,8.963333018323443,outside_prefix,False,"{""frame"":34,""witness"":2,""root"":624,""stage"":""outside_prefix""}"
dem-canyon-b50000-transactional-t8,48,35,0,-319,6307,14.158266861493532,4,5.203907945045571,outside_prefix,False,"{""frame"":35,""witness"":0,""root"":-319,""stage"":""outside_prefix""}"
dem-canyon-b50000-transactional-t8,48,35,1,-319,6307,14.158266861493532,4,5.203907945045571,outside_prefix,False,"{""frame"":35,""witness"":1,""root"":-319,""stage"":""outside_prefix""}"
dem-canyon-b50000-transactional-t8,48,35,2,624,9739,8.907041277473308,4,8.907041277473308,outside_prefix,False,"{""frame"":35,""witness"":2,""root"":624,""stage"":""outside_prefix""}"
dem-canyon-b50000-transactional-t8,48,36,0,-319,4961,13.815023661945268,4,6.5431590055223845,outside_prefix,False,"{""frame"":36,""witness"":0,""root"":-319,""stage"":""outside_prefix""}"
dem-canyon-b50000-transactional-t8,48,36,1,-319,4961,13.815023661945268,4,6.5431590055223845,outside_prefix,False,"{""frame"":36,""witness"":1,""root"":-319,""stage"":""outside_prefix""}"
dem-canyon-b50000-transactional-t8,48,36,2,624,8047,8.85997182100516,4,8.85997182100516,outside_prefix,False,"{""frame"":36,""witness"":2,""root"":624,""stage"":""outside_prefix""}"
dem-canyon-b50000-transactional-t8,48,37,0,-319,3745,13.499640427711473,4,7.775737178206379,outside_prefix,False,"{""frame"":37,""witness"":0,""root"":-319,""stage"":""outside_prefix""}"
dem-canyon-b50000-transactional-t8,48,37,1,-319,3745,13.499640427711473,4,7.775737178206379,outside_prefix,False,"{""frame"":37,""witness"":1,""root"":-319,""stage"":""outside_prefix""}"
dem-canyon-b50000-transactional-t8,48,37,2,624,6383,8.82188433287672,4,8.82188433287672,outside_prefix,False,"{""frame"":37,""witness"":2,""root"":624,""stage"":""outside_prefix""}"
dem-canyon-b50000-transactional-t8,48,38,0,-319,2744,13.210467702311451,4,9.140071023782482,outside_prefix,False,"{""frame"":38,""witness"":0,""root"":-319,""stage"":""outside_prefix""}"
dem-canyon-b50000-transactional-t8,48,38,1,-319,2744,13.210467702311451,4,9.140071023782482,outside_prefix,False,"{""frame"":38,""witness"":1,""root"":-319,""stage"":""outside_prefix""}"
dem-canyon-b50000-transactional-t8,48,38,2,624,5032,8.792587369315067,4,8.792587369315067,outside_prefix,False,"{""frame"":38,""witness"":2,""root"":624,""stage"":""outside_prefix""}"
dem-canyon-b50000-transactional-t8,48,39,0,-319,1947,12.946106286864376,4,9.413494232751702,outside_prefix,False,"{""frame"":39,""witness"":0,""root"":-319,""stage"":""outside_prefix""}"
dem-canyon-b50000-transactional-t8,48,39,1,-319,1947,12.946106286864376,4,9.413494232751702,outside_prefix,False,"{""frame"":39,""witness"":1,""root"":-319,""stage"":""outside_prefix""}"
dem-canyon-b50000-transactional-t8,48,39,2,624,3822,8.771937705861856,4,8.771937705861856,outside_prefix,False,"{""frame"":39,""witness"":2,""root"":624,""stage"":""outside_prefix""}"
dem-canyon-b50000-transactional-t8,48,40,0,-319,1356,12.705362259549029,4,9.367760786007368,outside_prefix,False,"{""frame"":40,""witness"":0,""root"":-319,""stage"":""outside_prefix""}"
dem-canyon-b50000-transactional-t8,48,40,1,-319,1356,12.705362259549029,4,9.367760786007368,outside_prefix,False,"{""frame"":40,""witness"":1,""root"":-319,""stage"":""outside_prefix""}"
dem-canyon-b50000-transactional-t8,48,40,2,624,2785,8.75983321877979,4,8.75983321877979,outside_prefix,False,"{""frame"":40,""witness"":2,""root"":624,""stage"":""outside_prefix""}"
dem-canyon-b50000-transactional-t8,48,41,0,-319,934,12.487249132080727,4,9.329833572174785,outside_prefix,False,"{""frame"":41,""witness"":0,""root"":-319,""stage"":""outside_prefix""}"
dem-canyon-b50000-transactional-t8,48,41,1,-319,934,12.487249132080727,4,9.329833572174785,outside_prefix,False,"{""frame"":41,""witness"":1,""root"":-319,""stage"":""outside_prefix""}"
dem-canyon-b50000-transactional-t8,48,41,2,624,2029,8.756217977245454,4,8.756217977245454,outside_prefix,False,"{""frame"":41,""witness"":2,""root"":624,""stage"":""outside_prefix""}"
dem-canyon-b50000-transactional-t8,48,42,0,-319,650,12.290968108326293,4,9.29956344042668,outside_prefix,False,"{""frame"":42,""witness"":0,""root"":-319,""stage"":""outside_prefix""}"
dem-canyon-b50000-transactional-t8,48,42,1,-319,650,12.290968108326293,4,9.29956344042668,outside_prefix,False,"{""frame"":42,""witness"":1,""root"":-319,""stage"":""outside_prefix""}"
dem-canyon-b50000-transactional-t8,48,42,2,624,1445,8.761069558182262,4,8.761069558182262,outside_prefix,False,"{""frame"":42,""witness"":2,""root"":624,""stage"":""outside_prefix""}"
dem-canyon-b50000-transactional-t8,48,43,0,-319,430,12.11591001624041,4,9.276841096049877,outside_prefix,False,"{""frame"":43,""witness"":0,""root"":-319,""stage"":""outside_prefix""}"
dem-canyon-b50000-transactional-t8,48,43,1,-319,430,12.11591001624041,4,9.276841096049877,outside_prefix,False,"{""frame"":43,""witness"":1,""root"":-319,""stage"":""outside_prefix""}"
dem-canyon-b50000-transactional-t8,48,43,2,624,1024,8.774414539197508,4,8.774414539197508,outside_prefix,False,"{""frame"":43,""witness"":2,""root"":624,""stage"":""outside_prefix""}"
dem-canyon-b50000-transactional-t8,48,44,0,-319,338,11.961646775772547,4,9.261583733526857,outside_prefix,False,"{""frame"":44,""witness"":0,""root"":-319,""stage"":""outside_prefix""}"
dem-canyon-b50000-transactional-t8,48,44,1,-319,338,11.961646775772547,4,9.261583733526857,outside_prefix,False,"{""frame"":44,""witness"":1,""root"":-319,""stage"":""outside_prefix""}"
dem-canyon-b50000-transactional-t8,48,44,2,624,690,8.796318621655216,4,8.796318621655216,outside_prefix,False,"{""frame"":44,""witness"":2,""root"":624,""stage"":""outside_prefix""}"
dem-canyon-b50000-transactional-t8,48,45,0,-319,261,11.827916877547695,4,9.253732690118412,outside_prefix,False,"{""frame"":45,""witness"":0,""root"":-319,""stage"":""outside_prefix""}"
dem-canyon-b50000-transactional-t8,48,45,1,-319,261,11.827916877547695,4,9.253732690118412,outside_prefix,False,"{""frame"":45,""witness"":1,""root"":-319,""stage"":""outside_prefix""}"
dem-canyon-b50000-transactional-t8,48,45,2,624,497,8.826886634438075,4,8.826886634438075,outside_prefix,False,"{""frame"":45,""witness"":2,""root"":624,""stage"":""outside_prefix""}"
dem-canyon-b50000-transactional-t8,48,46,0,-319,193,11.714649003371267,4,9.253261418587766,outside_prefix,False,"{""frame"":46,""witness"":0,""root"":-319,""stage"":""outside_prefix""}"
dem-canyon-b50000-transactional-t8,48,46,1,-319,193,11.714649003371267,4,9.253261418587766,outside_prefix,False,"{""frame"":46,""witness"":1,""root"":-319,""stage"":""outside_prefix""}"
dem-canyon-b50000-transactional-t8,48,46,2,624,384,8.866271381569575,4,8.866271381569575,outside_prefix,False,"{""frame"":46,""witness"":2,""root"":624,""stage"":""outside_prefix""}"
dem-canyon-b50000-transactional-t8,48,47,0,-319,120,11.621953790248126,4,9.26016786986611,flip_exhausted,False,"{""frame"":47,""witness"":0,""root"":-319,""stage"":""flip_exhausted"",""attempts"":[[""E"",""shape_infeasible""],[""E"",""shape_infeasible""],[""F"",""shape_infeasible""],[""H"",""shape_infeasible""],[""R"",""flip_nonconvex_or_existing_diagonal""],[""R"",""quality_infeasible""],[""R"",""flip_not_interior""]],""selected"":false}"
dem-canyon-b50000-transactional-t8,48,47,1,-319,120,11.621953790248126,4,9.26016786986611,flip_exhausted,False,"{""frame"":47,""witness"":1,""root"":-319,""stage"":""flip_exhausted"",""attempts"":[[""E"",""shape_infeasible""],[""E"",""shape_infeasible""],[""F"",""shape_infeasible""],[""H"",""shape_infeasible""],[""R"",""flip_nonconvex_or_existing_diagonal""],[""R"",""quality_infeasible""],[""R"",""flip_not_interior""]],""selected"":false}"
dem-canyon-b50000-transactional-t8,48,47,2,624,293,8.914669927003281,4,8.914669927003281,outside_prefix,False,"{""frame"":47,""witness"":2,""root"":624,""stage"":""outside_prefix""}"
dem-canyon-b50000-transactional-t8,48,48,0,-319,65,11.550127752746544,4,9.274476736648769,flip_exhausted,False,"{""frame"":48,""witness"":0,""root"":-319,""stage"":""flip_exhausted"",""attempts"":[[""E"",""shape_infeasible""],[""E"",""shape_infeasible""],[""F"",""shape_infeasible""],[""H"",""shape_infeasible""],[""R"",""flip_nonconvex_or_existing_diagonal""],[""R"",""quality_infeasible""],[""R"",""flip_not_interior""]],""selected"":false}"
dem-canyon-b50000-transactional-t8,48,48,1,-319,65,11.550127752746544,4,9.274476736648769,flip_exhausted,False,"{""frame"":48,""witness"":1,""root"":-319,""stage"":""flip_exhausted"",""attempts"":[[""E"",""shape_infeasible""],[""E"",""shape_infeasible""],[""F"",""shape_infeasible""],[""H"",""shape_infeasible""],[""R"",""flip_nonconvex_or_existing_diagonal""],[""R"",""quality_infeasible""],[""R"",""flip_not_interior""]],""selected"":false}"
dem-canyon-b50000-transactional-t8,48,48,2,624,223,8.972328616363596,4,8.972328616363596,outside_prefix,False,"{""frame"":48,""witness"":2,""root"":624,""stage"":""outside_prefix""}"
dem-canyon-b50000-transactional-t8,48,49,0,-319,44,11.499675715341887,4,9.296240081539569,flip_exhausted,False,"{""frame"":49,""witness"":0,""root"":-319,""stage"":""flip_exhausted"",""attempts"":[[""E"",""shape_infeasible""],[""E"",""shape_infeasible""],[""F"",""shape_infeasible""],[""H"",""shape_infeasible""],[""R"",""flip_nonconvex_or_existing_diagonal""],[""R"",""quality_infeasible""],[""R"",""flip_not_interior""]],""selected"":false}"
dem-canyon-b50000-transactional-t8,48,49,1,-319,44,11.499675715341887,4,9.296240081539569,flip_exhausted,False,"{""frame"":49,""witness"":1,""root"":-319,""stage"":""flip_exhausted"",""attempts"":[[""E"",""shape_infeasible""],[""E"",""shape_infeasible""],[""F"",""shape_infeasible""],[""H"",""shape_infeasible""],[""R"",""flip_nonconvex_or_existing_diagonal""],[""R"",""quality_infeasible""],[""R"",""flip_not_interior""]],""selected"":false}"
dem-canyon-b50000-transactional-t8,48,49,2,624,133,9.03954727247157,4,9.03954727247157,fit_bound_failed,False,"{""frame"":49,""witness"":2,""root"":624,""stage"":""fit_bound_failed"",""attempts"":[[""E"",""fit_bound_failed""],[""E"",""fit_bound_failed""],[""F"",""fit_bound_failed""],[""H"",""fit_bound_failed""]],""selected"":false}"
dem-canyon-b50000-transactional-t8,48,50,0,-319,35,11.471313052666488,4,9.325538626293968,flip_exhausted,False,"{""frame"":50,""witness"":0,""root"":-319,""stage"":""flip_exhausted"",""attempts"":[[""E"",""shape_infeasible""],[""E"",""shape_infeasible""],[""F"",""shape_infeasible""],[""H"",""shape_infeasible""],[""R"",""flip_nonconvex_or_existing_diagonal""],[""R"",""quality_infeasible""],[""R"",""flip_not_interior""]],""selected"":false}"
dem-canyon-b50000-transactional-t8,48,50,1,-319,35,11.471313052666488,4,9.325538626293968,flip_exhausted,False,"{""frame"":50,""witness"":1,""root"":-319,""stage"":""flip_exhausted"",""attempts"":[[""E"",""shape_infeasible""],[""E"",""shape_infeasible""],[""F"",""shape_infeasible""],[""H"",""shape_infeasible""],[""R"",""flip_nonconvex_or_existing_diagonal""],[""R"",""quality_infeasible""],[""R"",""flip_not_interior""]],""selected"":false}"
dem-canyon-b50000-transactional-t8,48,50,2,624,76,9.116685546097246,4,9.116685546097246,fit_bound_failed,False,"{""frame"":50,""witness"":2,""root"":624,""stage"":""fit_bound_failed"",""attempts"":[[""E"",""fit_bound_failed""],[""E"",""fit_bound_failed""],[""F"",""fit_bound_failed""],[""H"",""fit_bound_failed""]],""selected"":false}"
dem-canyon-b50000-transactional-t8,48,51,0,-319,30,11.465994758662749,4,9.362480860781043,flip_exhausted,False,"{""frame"":51,""witness"":0,""root"":-319,""stage"":""flip_exhausted"",""attempts"":[[""E"",""shape_infeasible""],[""E"",""shape_infeasible""],[""F"",""shape_infeasible""],[""H"",""shape_infeasible""],[""R"",""flip_nonconvex_or_existing_diagonal""],[""R"",""quality_infeasible""],[""R"",""flip_not_interior""]],""selected"":false}"
dem-canyon-b50000-transactional-t8,48,51,1,-319,30,11.465994758662749,4,9.362480860781043,flip_exhausted,False,"{""frame"":51,""witness"":1,""root"":-319,""stage"":""flip_exhausted"",""attempts"":[[""E"",""shape_infeasible""],[""E"",""shape_infeasible""],[""F"",""shape_infeasible""],[""H"",""shape_infeasible""],[""R"",""flip_nonconvex_or_existing_diagonal""],[""R"",""quality_infeasible""],[""R"",""flip_not_interior""]],""selected"":false}"
dem-canyon-b50000-transactional-t8,48,51,2,624,59,9.204165434732934,4,9.204165434732934,fit_bound_failed,False,"{""frame"":51,""witness"":2,""root"":624,""stage"":""fit_bound_failed"",""attempts"":[[""E"",""fit_bound_failed""],[""E"",""fit_bound_failed""],[""F"",""fit_bound_failed""],[""H"",""fit_bound_failed""]],""selected"":false}"
dem-canyon-b50000-transactional-t8,48,52,0,-319,29,11.484928708031088,4,9.407207805717384,flip_exhausted,False,"{""frame"":52,""witness"":0,""root"":-319,""stage"":""flip_exhausted"",""attempts"":[[""E"",""shape_infeasible""],[""E"",""shape_infeasible""],[""F"",""shape_infeasible""],[""H"",""shape_infeasible""],[""R"",""flip_nonconvex_or_existing_diagonal""],[""R"",""quality_infeasible""],[""R"",""flip_not_interior""]],""selected"":false}"
dem-canyon-b50000-transactional-t8,48,52,1,-319,29,11.484928708031088,4,9.407207805717384,flip_exhausted,False,"{""frame"":52,""witness"":1,""root"":-319,""stage"":""flip_exhausted"",""attempts"":[[""E"",""shape_infeasible""],[""E"",""shape_infeasible""],[""F"",""shape_infeasible""],[""H"",""shape_infeasible""],[""R"",""flip_nonconvex_or_existing_diagonal""],[""R"",""quality_infeasible""],[""R"",""flip_not_interior""]],""selected"":false}"
dem-canyon-b50000-transactional-t8,48,52,2,624,50,9.30248544887272,4,9.30248544887272,fit_bound_failed,False,"{""frame"":52,""witness"":2,""root"":624,""stage"":""fit_bound_failed"",""attempts"":[[""E"",""fit_bound_failed""],[""E"",""fit_bound_failed""],[""F"",""fit_bound_failed""],[""H"",""fit_bound_failed""]],""selected"":false}"
dem-canyon-b50000-transactional-t8,48,53,0,-319,28,11.529603833925481,4,8.903188111987422,flip_exhausted,False,"{""frame"":53,""witness"":0,""root"":-319,""stage"":""flip_exhausted"",""attempts"":[[""E"",""shape_infeasible""],[""E"",""shape_infeasible""],[""F"",""shape_infeasible""],[""H"",""shape_infeasible""],[""R"",""flip_nonconvex_or_existing_diagonal""],[""R"",""quality_infeasible""],[""R"",""flip_not_interior""]],""selected"":false}"
dem-canyon-b50000-transactional-t8,48,53,1,-319,28,11.529603833925481,4,8.903188111987422,flip_exhausted,False,"{""frame"":53,""witness"":1,""root"":-319,""stage"":""flip_exhausted"",""attempts"":[[""E"",""shape_infeasible""],[""E"",""shape_infeasible""],[""F"",""shape_infeasible""],[""H"",""shape_infeasible""],[""R"",""flip_nonconvex_or_existing_diagonal""],[""R"",""quality_infeasible""],[""R"",""flip_not_interior""]],""selected"":false}"
dem-canyon-b50000-transactional-t8,48,53,2,624,41,9.41222296153537,4,9.41222296153537,fit_bound_failed,False,"{""frame"":53,""witness"":2,""root"":624,""stage"":""fit_bound_failed"",""attempts"":[[""E"",""fit_bound_failed""],[""E"",""fit_bound_failed""],[""F"",""fit_bound_failed""],[""H"",""fit_bound_failed""]],""selected"":false}"
dem-canyon-b50000-transactional-t8,48,54,0,-319,25,11.601826097844954,4,6.970328624953342,flip_exhausted,False,"{""frame"":54,""witness"":0,""root"":-319,""stage"":""flip_exhausted"",""attempts"":[[""E"",""shape_infeasible""],[""E"",""shape_infeasible""],[""F"",""shape_infeasible""],[""H"",""shape_infeasible""],[""R"",""flip_nonconvex_or_existing_diagonal""],[""R"",""quality_infeasible""],[""R"",""flip_not_interior""]],""selected"":false}"
dem-canyon-b50000-transactional-t8,48,54,1,-319,25,11.601826097844954,4,6.970328624953342,flip_exhausted,False,"{""frame"":54,""witness"":1,""root"":-319,""stage"":""flip_exhausted"",""attempts"":[[""E"",""shape_infeasible""],[""E"",""shape_infeasible""],[""F"",""shape_infeasible""],[""H"",""shape_infeasible""],[""R"",""flip_nonconvex_or_existing_diagonal""],[""R"",""quality_infeasible""],[""R"",""flip_not_interior""]],""selected"":false}"
dem-canyon-b50000-transactional-t8,48,54,2,624,36,9.534051175356522,4,9.534051175356522,fit_bound_failed,False,"{""frame"":54,""witness"":2,""root"":624,""stage"":""fit_bound_failed"",""attempts"":[[""E"",""fit_bound_failed""],[""E"",""fit_bound_failed""],[""F"",""fit_bound_failed""],[""H"",""fit_bound_failed""]],""selected"":false}"
dem-canyon-b50000-transactional-t8,48,55,0,-319,17,11.703754790515992,4,5.328185556410295,flip_exhausted,False,"{""frame"":55,""witness"":0,""root"":-319,""stage"":""flip_exhausted"",""attempts"":[[""E"",""shape_infeasible""],[""E"",""shape_infeasible""],[""F"",""shape_infeasible""],[""H"",""shape_infeasible""],[""R"",""flip_nonconvex_or_existing_diagonal""],[""R"",""quality_infeasible""],[""R"",""flip_not_interior""]],""selected"":false}"
dem-canyon-b50000-transactional-t8,48,55,1,-319,17,11.703754790515992,4,5.328185556410295,flip_exhausted,False,"{""frame"":55,""witness"":1,""root"":-319,""stage"":""flip_exhausted"",""attempts"":[[""E"",""shape_infeasible""],[""E"",""shape_infeasible""],[""F"",""shape_infeasible""],[""H"",""shape_infeasible""],[""R"",""flip_nonconvex_or_existing_diagonal""],[""R"",""quality_infeasible""],[""R"",""flip_not_interior""]],""selected"":false}"
dem-canyon-b50000-transactional-t8,48,55,2,624,34,9.668756405116019,4,9.668756405116019,fit_bound_failed,False,"{""frame"":55,""witness"":2,""root"":624,""stage"":""fit_bound_failed"",""attempts"":[[""E"",""fit_bound_failed""],[""E"",""fit_bound_failed""],[""F"",""fit_bound_failed""],[""H"",""fit_bound_failed""]],""selected"":false}"
dem-canyon-b50000-transactional-t8,48,56,0,-319,11,11.83794093034593,4,2.879443098002585,flip_exhausted,False,"{""frame"":56,""witness"":0,""root"":-319,""stage"":""flip_exhausted"",""attempts"":[[""E"",""shape_infeasible""],[""E"",""shape_infeasible""],[""F"",""shape_infeasible""],[""F"",""shape_infeasible""],[""H"",""shape_infeasible""],[""R"",""flip_nonconvex_or_existing_diagonal""],[""R"",""quality_infeasible""],[""R"",""flip_not_interior""]],""selected"":false}"
dem-canyon-b50000-transactional-t8,48,56,1,-319,11,11.83794093034593,4,2.879443098002585,flip_exhausted,False,"{""frame"":56,""witness"":1,""root"":-319,""stage"":""flip_exhausted"",""attempts"":[[""E"",""shape_infeasible""],[""E"",""shape_infeasible""],[""F"",""shape_infeasible""],[""F"",""shape_infeasible""],[""H"",""shape_infeasible""],[""R"",""flip_nonconvex_or_existing_diagonal""],[""R"",""quality_infeasible""],[""R"",""flip_not_interior""]],""selected"":false}"
dem-canyon-b50000-transactional-t8,48,56,2,624,29,9.817248880212325,4,9.817248880212325,fit_bound_failed,False,"{""frame"":56,""witness"":2,""root"":624,""stage"":""fit_bound_failed"",""attempts"":[[""E"",""fit_bound_failed""],[""E"",""fit_bound_failed""],[""F"",""fit_bound_failed""],[""H"",""fit_bound_failed""]],""selected"":false}"
dem-canyon-b50000-transactional-t8,48,57,0,-319,9,12.007394499449056,4,2.536239571074366,flip_exhausted,False,"{""frame"":57,""witness"":0,""root"":-319,""stage"":""flip_exhausted"",""attempts"":[[""E"",""shape_infeasible""],[""E"",""shape_infeasible""],[""F"",""shape_infeasible""],[""H"",""shape_infeasible""],[""R"",""flip_nonconvex_or_existing_diagonal""],[""R"",""quality_infeasible""],[""R"",""flip_not_interior""]],""selected"":false}"
dem-canyon-b50000-transactional-t8,48,57,1,-319,9,12.007394499449056,4,2.536239571074366,flip_exhausted,False,"{""frame"":57,""witness"":1,""root"":-319,""stage"":""flip_exhausted"",""attempts"":[[""E"",""shape_infeasible""],[""E"",""shape_infeasible""],[""F"",""shape_infeasible""],[""H"",""shape_infeasible""],[""R"",""flip_nonconvex_or_existing_diagonal""],[""R"",""quality_infeasible""],[""R"",""flip_not_interior""]],""selected"":false}"
dem-canyon-b50000-transactional-t8,48,57,2,624,22,9.980600380918878,4,9.980600380918878,fit_bound_failed,False,"{""frame"":57,""witness"":2,""root"":624,""stage"":""fit_bound_failed"",""attempts"":[[""E"",""fit_bound_failed""],[""E"",""fit_bound_failed""],[""F"",""fit_bound_failed""],[""H"",""fit_bound_failed""]],""selected"":false}"
dem-canyon-b50000-transactional-t8,48,58,0,-319,10,12.215629482896839,4,0,flip_exhausted,False,"{""frame"":58,""witness"":0,""root"":-319,""stage"":""flip_exhausted"",""attempts"":[[""E"",""shape_infeasible""],[""E"",""shape_infeasible""],[""F"",""shape_infeasible""],[""H"",""shape_infeasible""],[""R"",""flip_nonconvex_or_existing_diagonal""],[""R"",""no_screen_samples""],[""R"",""flip_not_interior""]],""selected"":false}"
dem-canyon-b50000-transactional-t8,48,58,1,-319,10,12.215629482896839,4,0,flip_exhausted,False,"{""frame"":58,""witness"":1,""root"":-319,""stage"":""flip_exhausted"",""attempts"":[[""E"",""shape_infeasible""],[""E"",""shape_infeasible""],[""F"",""shape_infeasible""],[""H"",""shape_infeasible""],[""R"",""flip_nonconvex_or_existing_diagonal""],[""R"",""no_screen_samples""],[""R"",""flip_not_interior""]],""selected"":false}"
dem-canyon-b50000-transactional-t8,48,58,2,624,17,10.160058304363107,4,10.160058304363107,fit_bound_failed,False,"{""frame"":58,""witness"":2,""root"":624,""stage"":""fit_bound_failed"",""attempts"":[[""E"",""fit_bound_failed""],[""E"",""fit_bound_failed""],[""F"",""fit_bound_failed""],[""H"",""fit_bound_failed""]],""selected"":false}"
dem-canyon-b50000-transactional-t8,48,59,0,-319,8,12.466752380078804,4,0,flip_exhausted,False,"{""frame"":59,""witness"":0,""root"":-319,""stage"":""flip_exhausted"",""attempts"":[[""E"",""shape_infeasible""],[""E"",""shape_infeasible""],[""F"",""shape_infeasible""],[""H"",""shape_infeasible""],[""R"",""flip_nonconvex_or_existing_diagonal""],[""R"",""no_screen_samples""],[""R"",""flip_not_interior""]],""selected"":false}"
dem-canyon-b50000-transactional-t8,48,59,1,-319,8,12.466752380078804,4,0,flip_exhausted,False,"{""frame"":59,""witness"":1,""root"":-319,""stage"":""flip_exhausted"",""attempts"":[[""E"",""shape_infeasible""],[""E"",""shape_infeasible""],[""F"",""shape_infeasible""],[""H"",""shape_infeasible""],[""R"",""flip_nonconvex_or_existing_diagonal""],[""R"",""no_screen_samples""],[""R"",""flip_not_interior""]],""selected"":false}"
dem-canyon-b50000-transactional-t8,48,59,2,624,13,10.35710101692449,4,10.35710101692449,fit_bound_failed,False,"{""frame"":59,""witness"":2,""root"":624,""stage"":""fit_bound_failed"",""attempts"":[[""E"",""fit_bound_failed""],[""E"",""fit_bound_failed""],[""F"",""fit_bound_failed""],[""H"",""fit_bound_failed""]],""selected"":false}"
dem-canyon-b50000-transactional-t8,48,60,0,-319,7,12.765542613476544,4,0,flip_exhausted,False,"{""frame"":60,""witness"":0,""root"":-319,""stage"":""flip_exhausted"",""attempts"":[[""E"",""shape_infeasible""],[""E"",""shape_infeasible""],[""F"",""shape_infeasible""],[""H"",""shape_infeasible""],[""R"",""flip_nonconvex_or_existing_diagonal""],[""R"",""no_screen_samples""],[""R"",""flip_not_interior""]],""selected"":false}"
dem-canyon-b50000-transactional-t8,48,60,1,-319,7,12.765542613476544,4,0,flip_exhausted,False,"{""frame"":60,""witness"":1,""root"":-319,""stage"":""flip_exhausted"",""attempts"":[[""E"",""shape_infeasible""],[""E"",""shape_infeasible""],[""F"",""shape_infeasible""],[""H"",""shape_infeasible""],[""R"",""flip_nonconvex_or_existing_diagonal""],[""R"",""no_screen_samples""],[""R"",""flip_not_interior""]],""selected"":false}"
dem-canyon-b50000-transactional-t8,48,60,2,624,32,8.049329598925059,4,8.049329598925059,certified,True,"{""frame"":60,""witness"":2,""root"":624,""stage"":""certified"",""attempts"":[[""E"",""fit_bound_failed""],[""E"",""certified""]],""selected"":true}"
dem-canyon-b50000-transactional-t8,48,61,0,-319,7,13.11756651933656,4,0,flip_exhausted,False,"{""frame"":61,""witness"":0,""root"":-319,""stage"":""flip_exhausted"",""attempts"":[[""E"",""shape_infeasible""],[""E"",""shape_infeasible""],[""F"",""shape_infeasible""],[""H"",""shape_infeasible""],[""R"",""flip_nonconvex_or_existing_diagonal""],[""R"",""no_screen_samples""],[""R"",""flip_not_interior""]],""selected"":false}"
dem-canyon-b50000-transactional-t8,48,61,1,-319,7,13.11756651933656,4,0,flip_exhausted,False,"{""frame"":61,""witness"":1,""root"":-319,""stage"":""flip_exhausted"",""attempts"":[[""E"",""shape_infeasible""],[""E"",""shape_infeasible""],[""F"",""shape_infeasible""],[""H"",""shape_infeasible""],[""R"",""flip_nonconvex_or_existing_diagonal""],[""R"",""no_screen_samples""],[""R"",""flip_not_interior""]],""selected"":false}"
dem-canyon-b50000-transactional-t8,48,61,2,-530,74,6.329202829920588,4,0,flip_exhausted,False,"{""frame"":61,""witness"":2,""root"":-530,""stage"":""flip_exhausted"",""attempts"":[[""E"",""shape_infeasible""],[""E"",""shape_infeasible""],[""F"",""shape_infeasible""],[""H"",""shape_infeasible""],[""R"",""flip_nonconvex_or_existing_diagonal""],[""R"",""flip_nonconvex_or_existing_diagonal""],[""R"",""flip_not_interior""]],""selected"":false}"
dem-canyon-b50000-transactional-t8,48,62,0,-319,5,13.529298953621824,4,0,flip_exhausted,False,"{""frame"":62,""witness"":0,""root"":-319,""stage"":""flip_exhausted"",""attempts"":[[""E"",""shape_infeasible""],[""E"",""shape_infeasible""],[""F"",""shape_infeasible""],[""H"",""shape_infeasible""],[""R"",""flip_nonconvex_or_existing_diagonal""],[""R"",""no_screen_samples""],[""R"",""flip_not_interior""]],""selected"":false}"
dem-canyon-b50000-transactional-t8,48,62,1,-319,5,13.529298953621824,4,0,flip_exhausted,False,"{""frame"":62,""witness"":1,""root"":-319,""stage"":""flip_exhausted"",""attempts"":[[""E"",""shape_infeasible""],[""E"",""shape_infeasible""],[""F"",""shape_infeasible""],[""H"",""shape_infeasible""],[""R"",""flip_nonconvex_or_existing_diagonal""],[""R"",""no_screen_samples""],[""R"",""flip_not_interior""]],""selected"":false}"
dem-canyon-b50000-transactional-t8,48,62,2,-530,55,6.659006880999848,4,0,flip_exhausted,False,"{""frame"":62,""witness"":2,""root"":-530,""stage"":""flip_exhausted"",""attempts"":[[""E"",""shape_infeasible""],[""E"",""shape_infeasible""],[""F"",""shape_infeasible""],[""H"",""shape_infeasible""],[""R"",""flip_nonconvex_or_existing_diagonal""],[""R"",""flip_nonconvex_or_existing_diagonal""],[""R"",""flip_not_interior""]],""selected"":false}"
dem-canyon-b50000-transactional-t8,48,63,0,-319,5,14.008275484156071,4,0,flip_exhausted,False,"{""frame"":63,""witness"":0,""root"":-319,""stage"":""flip_exhausted"",""attempts"":[[""E"",""shape_infeasible""],[""E"",""shape_infeasible""],[""F"",""shape_infeasible""],[""H"",""shape_infeasible""],[""R"",""flip_nonconvex_or_existing_diagonal""],[""R"",""no_screen_samples""],[""R"",""flip_not_interior""]],""selected"":false}"
dem-canyon-b50000-transactional-t8,48,63,1,-319,5,14.008275484156071,4,0,flip_exhausted,False,"{""frame"":63,""witness"":1,""root"":-319,""stage"":""flip_exhausted"",""attempts"":[[""E"",""shape_infeasible""],[""E"",""shape_infeasible""],[""F"",""shape_infeasible""],[""H"",""shape_infeasible""],[""R"",""flip_nonconvex_or_existing_diagonal""],[""R"",""no_screen_samples""],[""R"",""flip_not_interior""]],""selected"":false}"
dem-canyon-b50000-transactional-t8,48,63,2,-530,43,7.039512344074487,4,0,flip_exhausted,False,"{""frame"":63,""witness"":2,""root"":-530,""stage"":""flip_exhausted"",""attempts"":[[""E"",""shape_infeasible""],[""E"",""shape_infeasible""],[""F"",""shape_infeasible""],[""H"",""shape_infeasible""],[""R"",""flip_nonconvex_or_existing_diagonal""],[""R"",""flip_nonconvex_or_existing_diagonal""],[""R"",""flip_not_interior""]],""selected"":false}"
dem-canyon-b50000-transactional-t8,48,64,0,-319,3,14.184362480618574,4,0,flip_exhausted,False,"{""frame"":64,""witness"":0,""root"":-319,""stage"":""flip_exhausted"",""attempts"":[[""E"",""shape_infeasible""],[""E"",""shape_infeasible""],[""F"",""shape_infeasible""],[""H"",""shape_infeasible""],[""R"",""flip_nonconvex_or_existing_diagonal""],[""R"",""no_screen_samples""],[""R"",""flip_not_interior""]],""selected"":false}"
dem-canyon-b50000-transactional-t8,48,64,1,-319,3,14.184362480618574,4,0,flip_exhausted,False,"{""frame"":64,""witness"":1,""root"":-319,""stage"":""flip_exhausted"",""attempts"":[[""E"",""shape_infeasible""],[""E"",""shape_infeasible""],[""F"",""shape_infeasible""],[""H"",""shape_infeasible""],[""R"",""flip_nonconvex_or_existing_diagonal""],[""R"",""no_screen_samples""],[""R"",""flip_not_interior""]],""selected"":false}"
dem-canyon-b50000-transactional-t8,48,64,2,-530,42,7.179039564468382,4,0,flip_exhausted,False,"{""frame"":64,""witness"":2,""root"":-530,""stage"":""flip_exhausted"",""attempts"":[[""E"",""shape_infeasible""],[""E"",""shape_infeasible""],[""F"",""shape_infeasible""],[""H"",""shape_infeasible""],[""R"",""flip_nonconvex_or_existing_diagonal""],[""R"",""flip_nonconvex_or_existing_diagonal""],[""R"",""flip_not_interior""]],""selected"":false}"
dem-canyon-b50000-transactional-t8,48,65,0,-319,3,14.184362480618574,4,0,flip_exhausted,False,"{""frame"":65,""witness"":0,""root"":-319,""stage"":""flip_exhausted"",""attempts"":[[""E"",""shape_infeasible""],[""E"",""shape_infeasible""],[""F"",""shape_infeasible""],[""H"",""shape_infeasible""],[""R"",""flip_nonconvex_or_existing_diagonal""],[""R"",""no_screen_samples""],[""R"",""flip_not_interior""]],""selected"":false}"
dem-canyon-b50000-transactional-t8,48,65,1,-319,3,14.184362480618574,4,0,flip_exhausted,False,"{""frame"":65,""witness"":1,""root"":-319,""stage"":""flip_exhausted"",""attempts"":[[""E"",""shape_infeasible""],[""E"",""shape_infeasible""],[""F"",""shape_infeasible""],[""H"",""shape_infeasible""],[""R"",""flip_nonconvex_or_existing_diagonal""],[""R"",""no_screen_samples""],[""R"",""flip_not_interior""]],""selected"":false}"
dem-canyon-b50000-transactional-t8,48,65,2,-530,42,7.179039564468382,4,0,flip_exhausted,False,"{""frame"":65,""witness"":2,""root"":-530,""stage"":""flip_exhausted"",""attempts"":[[""E"",""shape_infeasible""],[""E"",""shape_infeasible""],[""F"",""shape_infeasible""],[""H"",""shape_infeasible""],[""R"",""flip_nonconvex_or_existing_diagonal""],[""R"",""flip_nonconvex_or_existing_diagonal""],[""R"",""flip_not_interior""]],""selected"":false}"
dem-canyon-b50000-transactional-t8,48,66,0,-319,3,14.184362480618574,4,0,flip_exhausted,False,"{""frame"":66,""witness"":0,""root"":-319,""stage"":""flip_exhausted"",""attempts"":[[""E"",""shape_infeasible""],[""E"",""shape_infeasible""],[""F"",""shape_infeasible""],[""H"",""shape_infeasible""],[""R"",""flip_nonconvex_or_existing_diagonal""],[""R"",""no_screen_samples""],[""R"",""flip_not_interior""]],""selected"":false}"
dem-canyon-b50000-transactional-t8,48,66,1,-319,3,14.184362480618574,4,0,flip_exhausted,False,"{""frame"":66,""witness"":1,""root"":-319,""stage"":""flip_exhausted"",""attempts"":[[""E"",""shape_infeasible""],[""E"",""shape_infeasible""],[""F"",""shape_infeasible""],[""H"",""shape_infeasible""],[""R"",""flip_nonconvex_or_existing_diagonal""],[""R"",""no_screen_samples""],[""R"",""flip_not_interior""]],""selected"":false}"
dem-canyon-b50000-transactional-t8,48,66,2,-530,42,7.179039564468382,4,0,flip_exhausted,False,"{""frame"":66,""witness"":2,""root"":-530,""stage"":""flip_exhausted"",""attempts"":[[""E"",""shape_infeasible""],[""E"",""shape_infeasible""],[""F"",""shape_infeasible""],[""H"",""shape_infeasible""],[""R"",""flip_nonconvex_or_existing_diagonal""],[""R"",""flip_nonconvex_or_existing_diagonal""],[""R"",""flip_not_interior""]],""selected"":false}"
dem-canyon-b50000-transactional-t8,48,67,0,-319,3,14.184362480618574,4,0,flip_exhausted,False,"{""frame"":67,""witness"":0,""root"":-319,""stage"":""flip_exhausted"",""attempts"":[[""E"",""shape_infeasible""],[""E"",""shape_infeasible""],[""F"",""shape_infeasible""],[""H"",""shape_infeasible""],[""R"",""flip_nonconvex_or_existing_diagonal""],[""R"",""no_screen_samples""],[""R"",""flip_not_interior""]],""selected"":false}"
dem-canyon-b50000-transactional-t8,48,67,1,-319,3,14.184362480618574,4,0,flip_exhausted,False,"{""frame"":67,""witness"":1,""root"":-319,""stage"":""flip_exhausted"",""attempts"":[[""E"",""shape_infeasible""],[""E"",""shape_infeasible""],[""F"",""shape_infeasible""],[""H"",""shape_infeasible""],[""R"",""flip_nonconvex_or_existing_diagonal""],[""R"",""no_screen_samples""],[""R"",""flip_not_interior""]],""selected"":false}"
dem-canyon-b50000-transactional-t8,48,67,2,-530,42,7.179039564468382,4,0,flip_exhausted,False,"{""frame"":67,""witness"":2,""root"":-530,""stage"":""flip_exhausted"",""attempts"":[[""E"",""shape_infeasible""],[""E"",""shape_infeasible""],[""F"",""shape_infeasible""],[""H"",""shape_infeasible""],[""R"",""flip_nonconvex_or_existing_diagonal""],[""R"",""flip_nonconvex_or_existing_diagonal""],[""R"",""flip_not_interior""]],""selected"":false}"
dem-canyon-b50000-transactional-t8,48,68,0,-319,3,14.184362480618574,4,0,flip_exhausted,False,"{""frame"":68,""witness"":0,""root"":-319,""stage"":""flip_exhausted"",""attempts"":[[""E"",""shape_infeasible""],[""E"",""shape_infeasible""],[""F"",""shape_infeasible""],[""H"",""shape_infeasible""],[""R"",""flip_nonconvex_or_existing_diagonal""],[""R"",""no_screen_samples""],[""R"",""flip_not_interior""]],""selected"":false}"
dem-canyon-b50000-transactional-t8,48,68,1,-319,3,14.184362480618574,4,0,flip_exhausted,False,"{""frame"":68,""witness"":1,""root"":-319,""stage"":""flip_exhausted"",""attempts"":[[""E"",""shape_infeasible""],[""E"",""shape_infeasible""],[""F"",""shape_infeasible""],[""H"",""shape_infeasible""],[""R"",""flip_nonconvex_or_existing_diagonal""],[""R"",""no_screen_samples""],[""R"",""flip_not_interior""]],""selected"":false}"
dem-canyon-b50000-transactional-t8,48,68,2,-530,42,7.179039564468382,4,0,flip_exhausted,False,"{""frame"":68,""witness"":2,""root"":-530,""stage"":""flip_exhausted"",""attempts"":[[""E"",""shape_infeasible""],[""E"",""shape_infeasible""],[""F"",""shape_infeasible""],[""H"",""shape_infeasible""],[""R"",""flip_nonconvex_or_existing_diagonal""],[""R"",""flip_nonconvex_or_existing_diagonal""],[""R"",""flip_not_interior""]],""selected"":false}"
dem-canyon-b50000-transactional-t8,48,69,0,-319,3,14.184362480618574,4,0,flip_exhausted,False,"{""frame"":69,""witness"":0,""root"":-319,""stage"":""flip_exhausted"",""attempts"":[[""E"",""shape_infeasible""],[""E"",""shape_infeasible""],[""F"",""shape_infeasible""],[""H"",""shape_infeasible""],[""R"",""flip_nonconvex_or_existing_diagonal""],[""R"",""no_screen_samples""],[""R"",""flip_not_interior""]],""selected"":false}"
dem-canyon-b50000-transactional-t8,48,69,1,-319,3,14.184362480618574,4,0,flip_exhausted,False,"{""frame"":69,""witness"":1,""root"":-319,""stage"":""flip_exhausted"",""attempts"":[[""E"",""shape_infeasible""],[""E"",""shape_infeasible""],[""F"",""shape_infeasible""],[""H"",""shape_infeasible""],[""R"",""flip_nonconvex_or_existing_diagonal""],[""R"",""no_screen_samples""],[""R"",""flip_not_interior""]],""selected"":false}"
dem-canyon-b50000-transactional-t8,48,69,2,-530,42,7.179039564468382,4,0,flip_exhausted,False,"{""frame"":69,""witness"":2,""root"":-530,""stage"":""flip_exhausted"",""attempts"":[[""E"",""shape_infeasible""],[""E"",""shape_infeasible""],[""F"",""shape_infeasible""],[""H"",""shape_infeasible""],[""R"",""flip_nonconvex_or_existing_diagonal""],[""R"",""flip_nonconvex_or_existing_diagonal""],[""R"",""flip_not_interior""]],""selected"":false}"
dem-canyon-b50000-transactional-t8,48,70,0,-319,3,14.184362480618574,4,0,flip_exhausted,False,"{""frame"":70,""witness"":0,""root"":-319,""stage"":""flip_exhausted"",""attempts"":[[""E"",""shape_infeasible""],[""E"",""shape_infeasible""],[""F"",""shape_infeasible""],[""H"",""shape_infeasible""],[""R"",""flip_nonconvex_or_existing_diagonal""],[""R"",""no_screen_samples""],[""R"",""flip_not_interior""]],""selected"":false}"
dem-canyon-b50000-transactional-t8,48,70,1,-319,3,14.184362480618574,4,0,flip_exhausted,False,"{""frame"":70,""witness"":1,""root"":-319,""stage"":""flip_exhausted"",""attempts"":[[""E"",""shape_infeasible""],[""E"",""shape_infeasible""],[""F"",""shape_infeasible""],[""H"",""shape_infeasible""],[""R"",""flip_nonconvex_or_existing_diagonal""],[""R"",""no_screen_samples""],[""R"",""flip_not_interior""]],""selected"":false}"
dem-canyon-b50000-transactional-t8,48,70,2,-530,42,7.179039564468382,4,0,flip_exhausted,False,"{""frame"":70,""witness"":2,""root"":-530,""stage"":""flip_exhausted"",""attempts"":[[""E"",""shape_infeasible""],[""E"",""shape_infeasible""],[""F"",""shape_infeasible""],[""H"",""shape_infeasible""],[""R"",""flip_nonconvex_or_existing_diagonal""],[""R"",""flip_nonconvex_or_existing_diagonal""],[""R"",""flip_not_interior""]],""selected"":false}"
dem-canyon-b50000-transactional-t8,48,71,0,-319,3,14.184362480618574,4,0,flip_exhausted,False,"{""frame"":71,""witness"":0,""root"":-319,""stage"":""flip_exhausted"",""attempts"":[[""E"",""shape_infeasible""],[""E"",""shape_infeasible""],[""F"",""shape_infeasible""],[""H"",""shape_infeasible""],[""R"",""flip_nonconvex_or_existing_diagonal""],[""R"",""no_screen_samples""],[""R"",""flip_not_interior""]],""selected"":false}"
dem-canyon-b50000-transactional-t8,48,71,1,-319,3,14.184362480618574,4,0,flip_exhausted,False,"{""frame"":71,""witness"":1,""root"":-319,""stage"":""flip_exhausted"",""attempts"":[[""E"",""shape_infeasible""],[""E"",""shape_infeasible""],[""F"",""shape_infeasible""],[""H"",""shape_infeasible""],[""R"",""flip_nonconvex_or_existing_diagonal""],[""R"",""no_screen_samples""],[""R"",""flip_not_interior""]],""selected"":false}"
dem-canyon-b50000-transactional-t8,48,71,2,-530,42,7.179039564468382,4,0,flip_exhausted,False,"{""frame"":71,""witness"":2,""root"":-530,""stage"":""flip_exhausted"",""attempts"":[[""E"",""shape_infeasible""],[""E"",""shape_infeasible""],[""F"",""shape_infeasible""],[""H"",""shape_infeasible""],[""R"",""flip_nonconvex_or_existing_diagonal""],[""R"",""flip_nonconvex_or_existing_diagonal""],[""R"",""flip_not_interior""]],""selected"":false}"
dem-canyon-b50000-transactional-t8,48,72,0,-319,3,14.184362480618574,4,0,flip_exhausted,False,"{""frame"":72,""witness"":0,""root"":-319,""stage"":""flip_exhausted"",""attempts"":[[""E"",""shape_infeasible""],[""E"",""shape_infeasible""],[""F"",""shape_infeasible""],[""H"",""shape_infeasible""],[""R"",""flip_nonconvex_or_existing_diagonal""],[""R"",""no_screen_samples""],[""R"",""flip_not_interior""]],""selected"":false}"
dem-canyon-b50000-transactional-t8,48,72,1,-319,3,14.184362480618574,4,0,flip_exhausted,False,"{""frame"":72,""witness"":1,""root"":-319,""stage"":""flip_exhausted"",""attempts"":[[""E"",""shape_infeasible""],[""E"",""shape_infeasible""],[""F"",""shape_infeasible""],[""H"",""shape_infeasible""],[""R"",""flip_nonconvex_or_existing_diagonal""],[""R"",""no_screen_samples""],[""R"",""flip_not_interior""]],""selected"":false}"
dem-canyon-b50000-transactional-t8,48,72,2,-530,42,7.179039564468382,4,0,flip_exhausted,False,"{""frame"":72,""witness"":2,""root"":-530,""stage"":""flip_exhausted"",""attempts"":[[""E"",""shape_infeasible""],[""E"",""shape_infeasible""],[""F"",""shape_infeasible""],[""H"",""shape_infeasible""],[""R"",""flip_nonconvex_or_existing_diagonal""],[""R"",""flip_nonconvex_or_existing_diagonal""],[""R"",""flip_not_interior""]],""selected"":false}"
dem-canyon-b50000-transactional-t8,48,73,0,-319,3,14.184362480618574,4,0,flip_exhausted,False,"{""frame"":73,""witness"":0,""root"":-319,""stage"":""flip_exhausted"",""attempts"":[[""E"",""shape_infeasible""],[""E"",""shape_infeasible""],[""F"",""shape_infeasible""],[""H"",""shape_infeasible""],[""R"",""flip_nonconvex_or_existing_diagonal""],[""R"",""no_screen_samples""],[""R"",""flip_not_interior""]],""selected"":false}"
dem-canyon-b50000-transactional-t8,48,73,1,-319,3,14.184362480618574,4,0,flip_exhausted,False,"{""frame"":73,""witness"":1,""root"":-319,""stage"":""flip_exhausted"",""attempts"":[[""E"",""shape_infeasible""],[""E"",""shape_infeasible""],[""F"",""shape_infeasible""],[""H"",""shape_infeasible""],[""R"",""flip_nonconvex_or_existing_diagonal""],[""R"",""no_screen_samples""],[""R"",""flip_not_interior""]],""selected"":false}"
dem-canyon-b50000-transactional-t8,48,73,2,-530,42,7.179039564468382,4,0,flip_exhausted,False,"{""frame"":73,""witness"":2,""root"":-530,""stage"":""flip_exhausted"",""attempts"":[[""E"",""shape_infeasible""],[""E"",""shape_infeasible""],[""F"",""shape_infeasible""],[""H"",""shape_infeasible""],[""R"",""flip_nonconvex_or_existing_diagonal""],[""R"",""flip_nonconvex_or_existing_diagonal""],[""R"",""flip_not_interior""]],""selected"":false}"
dem-canyon-b50000-transactional-t8,48,74,0,-319,3,14.184362480618574,4,0,flip_exhausted,False,"{""frame"":74,""witness"":0,""root"":-319,""stage"":""flip_exhausted"",""attempts"":[[""E"",""shape_infeasible""],[""E"",""shape_infeasible""],[""F"",""shape_infeasible""],[""H"",""shape_infeasible""],[""R"",""flip_nonconvex_or_existing_diagonal""],[""R"",""no_screen_samples""],[""R"",""flip_not_interior""]],""selected"":false}"
dem-canyon-b50000-transactional-t8,48,74,1,-319,3,14.184362480618574,4,0,flip_exhausted,False,"{""frame"":74,""witness"":1,""root"":-319,""stage"":""flip_exhausted"",""attempts"":[[""E"",""shape_infeasible""],[""E"",""shape_infeasible""],[""F"",""shape_infeasible""],[""H"",""shape_infeasible""],[""R"",""flip_nonconvex_or_existing_diagonal""],[""R"",""no_screen_samples""],[""R"",""flip_not_interior""]],""selected"":false}"
dem-canyon-b50000-transactional-t8,48,74,2,-530,42,7.179039564468382,4,0,flip_exhausted,False,"{""frame"":74,""witness"":2,""root"":-530,""stage"":""flip_exhausted"",""attempts"":[[""E"",""shape_infeasible""],[""E"",""shape_infeasible""],[""F"",""shape_infeasible""],[""H"",""shape_infeasible""],[""R"",""flip_nonconvex_or_existing_diagonal""],[""R"",""flip_nonconvex_or_existing_diagonal""],[""R"",""flip_not_interior""]],""selected"":false}"
dem-canyon-b50000-transactional-t8,48,75,0,-319,3,14.184362480618574,4,0,flip_exhausted,False,"{""frame"":75,""witness"":0,""root"":-319,""stage"":""flip_exhausted"",""attempts"":[[""E"",""shape_infeasible""],[""E"",""shape_infeasible""],[""F"",""shape_infeasible""],[""H"",""shape_infeasible""],[""R"",""flip_nonconvex_or_existing_diagonal""],[""R"",""no_screen_samples""],[""R"",""flip_not_interior""]],""selected"":false}"
dem-canyon-b50000-transactional-t8,48,75,1,-319,3,14.184362480618574,4,0,flip_exhausted,False,"{""frame"":75,""witness"":1,""root"":-319,""stage"":""flip_exhausted"",""attempts"":[[""E"",""shape_infeasible""],[""E"",""shape_infeasible""],[""F"",""shape_infeasible""],[""H"",""shape_infeasible""],[""R"",""flip_nonconvex_or_existing_diagonal""],[""R"",""no_screen_samples""],[""R"",""flip_not_interior""]],""selected"":false}"
dem-canyon-b50000-transactional-t8,48,75,2,-530,42,7.179039564468382,4,0,flip_exhausted,False,"{""frame"":75,""witness"":2,""root"":-530,""stage"":""flip_exhausted"",""attempts"":[[""E"",""shape_infeasible""],[""E"",""shape_infeasible""],[""F"",""shape_infeasible""],[""H"",""shape_infeasible""],[""R"",""flip_nonconvex_or_existing_diagonal""],[""R"",""flip_nonconvex_or_existing_diagonal""],[""R"",""flip_not_interior""]],""selected"":false}"
dem-canyon-b50000-transactional-t8,48,76,0,-319,3,14.184362480618574,4,0,flip_exhausted,False,"{""frame"":76,""witness"":0,""root"":-319,""stage"":""flip_exhausted"",""attempts"":[[""E"",""shape_infeasible""],[""E"",""shape_infeasible""],[""F"",""shape_infeasible""],[""H"",""shape_infeasible""],[""R"",""flip_nonconvex_or_existing_diagonal""],[""R"",""no_screen_samples""],[""R"",""flip_not_interior""]],""selected"":false}"
dem-canyon-b50000-transactional-t8,48,76,1,-319,3,14.184362480618574,4,0,flip_exhausted,False,"{""frame"":76,""witness"":1,""root"":-319,""stage"":""flip_exhausted"",""attempts"":[[""E"",""shape_infeasible""],[""E"",""shape_infeasible""],[""F"",""shape_infeasible""],[""H"",""shape_infeasible""],[""R"",""flip_nonconvex_or_existing_diagonal""],[""R"",""no_screen_samples""],[""R"",""flip_not_interior""]],""selected"":false}"
dem-canyon-b50000-transactional-t8,48,76,2,-530,42,7.179039564468382,4,0,flip_exhausted,False,"{""frame"":76,""witness"":2,""root"":-530,""stage"":""flip_exhausted"",""attempts"":[[""E"",""shape_infeasible""],[""E"",""shape_infeasible""],[""F"",""shape_infeasible""],[""H"",""shape_infeasible""],[""R"",""flip_nonconvex_or_existing_diagonal""],[""R"",""flip_nonconvex_or_existing_diagonal""],[""R"",""flip_not_interior""]],""selected"":false}"
dem-canyon-b50000-transactional-t8,48,77,0,-319,3,14.184362480618574,4,0,flip_exhausted,False,"{""frame"":77,""witness"":0,""root"":-319,""stage"":""flip_exhausted"",""attempts"":[[""E"",""shape_infeasible""],[""E"",""shape_infeasible""],[""F"",""shape_infeasible""],[""H"",""shape_infeasible""],[""R"",""flip_nonconvex_or_existing_diagonal""],[""R"",""no_screen_samples""],[""R"",""flip_not_interior""]],""selected"":false}"
dem-canyon-b50000-transactional-t8,48,77,1,-319,3,14.184362480618574,4,0,flip_exhausted,False,"{""frame"":77,""witness"":1,""root"":-319,""stage"":""flip_exhausted"",""attempts"":[[""E"",""shape_infeasible""],[""E"",""shape_infeasible""],[""F"",""shape_infeasible""],[""H"",""shape_infeasible""],[""R"",""flip_nonconvex_or_existing_diagonal""],[""R"",""no_screen_samples""],[""R"",""flip_not_interior""]],""selected"":false}"
dem-canyon-b50000-transactional-t8,48,77,2,-530,42,7.179039564468382,4,0,flip_exhausted,False,"{""frame"":77,""witness"":2,""root"":-530,""stage"":""flip_exhausted"",""attempts"":[[""E"",""shape_infeasible""],[""E"",""shape_infeasible""],[""F"",""shape_infeasible""],[""H"",""shape_infeasible""],[""R"",""flip_nonconvex_or_existing_diagonal""],[""R"",""flip_nonconvex_or_existing_diagonal""],[""R"",""flip_not_interior""]],""selected"":false}"
dem-canyon-b50000-transactional-t8,48,78,0,-319,3,14.184362480618574,4,0,flip_exhausted,False,"{""frame"":78,""witness"":0,""root"":-319,""stage"":""flip_exhausted"",""attempts"":[[""E"",""shape_infeasible""],[""E"",""shape_infeasible""],[""F"",""shape_infeasible""],[""H"",""shape_infeasible""],[""R"",""flip_nonconvex_or_existing_diagonal""],[""R"",""no_screen_samples""],[""R"",""flip_not_interior""]],""selected"":false}"
dem-canyon-b50000-transactional-t8,48,78,1,-319,3,14.184362480618574,4,0,flip_exhausted,False,"{""frame"":78,""witness"":1,""root"":-319,""stage"":""flip_exhausted"",""attempts"":[[""E"",""shape_infeasible""],[""E"",""shape_infeasible""],[""F"",""shape_infeasible""],[""H"",""shape_infeasible""],[""R"",""flip_nonconvex_or_existing_diagonal""],[""R"",""no_screen_samples""],[""R"",""flip_not_interior""]],""selected"":false}"
dem-canyon-b50000-transactional-t8,48,78,2,-530,42,7.179039564468382,4,0,flip_exhausted,False,"{""frame"":78,""witness"":2,""root"":-530,""stage"":""flip_exhausted"",""attempts"":[[""E"",""shape_infeasible""],[""E"",""shape_infeasible""],[""F"",""shape_infeasible""],[""H"",""shape_infeasible""],[""R"",""flip_nonconvex_or_existing_diagonal""],[""R"",""flip_nonconvex_or_existing_diagonal""],[""R"",""flip_not_interior""]],""selected"":false}"
dem-canyon-b50000-transactional-t8,48,79,0,-319,3,14.184362480618574,4,0,flip_exhausted,False,"{""frame"":79,""witness"":0,""root"":-319,""stage"":""flip_exhausted"",""attempts"":[[""E"",""shape_infeasible""],[""E"",""shape_infeasible""],[""F"",""shape_infeasible""],[""H"",""shape_infeasible""],[""R"",""flip_nonconvex_or_existing_diagonal""],[""R"",""no_screen_samples""],[""R"",""flip_not_interior""]],""selected"":false}"
dem-canyon-b50000-transactional-t8,48,79,1,-319,3,14.184362480618574,4,0,flip_exhausted,False,"{""frame"":79,""witness"":1,""root"":-319,""stage"":""flip_exhausted"",""attempts"":[[""E"",""shape_infeasible""],[""E"",""shape_infeasible""],[""F"",""shape_infeasible""],[""H"",""shape_infeasible""],[""R"",""flip_nonconvex_or_existing_diagonal""],[""R"",""no_screen_samples""],[""R"",""flip_not_interior""]],""selected"":false}"
dem-canyon-b50000-transactional-t8,48,79,2,-530,42,7.179039564468382,4,0,flip_exhausted,False,"{""frame"":79,""witness"":2,""root"":-530,""stage"":""flip_exhausted"",""attempts"":[[""E"",""shape_infeasible""],[""E"",""shape_infeasible""],[""F"",""shape_infeasible""],[""H"",""shape_infeasible""],[""R"",""flip_nonconvex_or_existing_diagonal""],[""R"",""flip_nonconvex_or_existing_diagonal""],[""R"",""flip_not_interior""]],""selected"":false}"
dem-canyon-b50000-transactional-t8,48,80,0,-319,3,14.184362480618574,4,0,flip_exhausted,False,"{""frame"":80,""witness"":0,""root"":-319,""stage"":""flip_exhausted"",""attempts"":[[""E"",""shape_infeasible""],[""E"",""shape_infeasible""],[""F"",""shape_infeasible""],[""H"",""shape_infeasible""],[""R"",""flip_nonconvex_or_existing_diagonal""],[""R"",""no_screen_samples""],[""R"",""flip_not_interior""]],""selected"":false}"
dem-canyon-b50000-transactional-t8,48,80,1,-319,3,14.184362480618574,4,0,flip_exhausted,False,"{""frame"":80,""witness"":1,""root"":-319,""stage"":""flip_exhausted"",""attempts"":[[""E"",""shape_infeasible""],[""E"",""shape_infeasible""],[""F"",""shape_infeasible""],[""H"",""shape_infeasible""],[""R"",""flip_nonconvex_or_existing_diagonal""],[""R"",""no_screen_samples""],[""R"",""flip_not_interior""]],""selected"":false}"
dem-canyon-b50000-transactional-t8,48,80,2,-530,42,7.179039564468382,4,0,flip_exhausted,False,"{""frame"":80,""witness"":2,""root"":-530,""stage"":""flip_exhausted"",""attempts"":[[""E"",""shape_infeasible""],[""E"",""shape_infeasible""],[""F"",""shape_infeasible""],[""H"",""shape_infeasible""],[""R"",""flip_nonconvex_or_existing_diagonal""],[""R"",""flip_nonconvex_or_existing_diagonal""],[""R"",""flip_not_interior""]],""selected"":false}"
dem-canyon-b50000-transactional-t8,48,81,0,-319,3,14.184362480618574,4,0,flip_exhausted,False,"{""frame"":81,""witness"":0,""root"":-319,""stage"":""flip_exhausted"",""attempts"":[[""E"",""shape_infeasible""],[""E"",""shape_infeasible""],[""F"",""shape_infeasible""],[""H"",""shape_infeasible""],[""R"",""flip_nonconvex_or_existing_diagonal""],[""R"",""no_screen_samples""],[""R"",""flip_not_interior""]],""selected"":false}"
dem-canyon-b50000-transactional-t8,48,81,1,-319,3,14.184362480618574,4,0,flip_exhausted,False,"{""frame"":81,""witness"":1,""root"":-319,""stage"":""flip_exhausted"",""attempts"":[[""E"",""shape_infeasible""],[""E"",""shape_infeasible""],[""F"",""shape_infeasible""],[""H"",""shape_infeasible""],[""R"",""flip_nonconvex_or_existing_diagonal""],[""R"",""no_screen_samples""],[""R"",""flip_not_interior""]],""selected"":false}"
dem-canyon-b50000-transactional-t8,48,81,2,-530,42,7.179039564468382,4,0,flip_exhausted,False,"{""frame"":81,""witness"":2,""root"":-530,""stage"":""flip_exhausted"",""attempts"":[[""E"",""shape_infeasible""],[""E"",""shape_infeasible""],[""F"",""shape_infeasible""],[""H"",""shape_infeasible""],[""R"",""flip_nonconvex_or_existing_diagonal""],[""R"",""flip_nonconvex_or_existing_diagonal""],[""R"",""flip_not_interior""]],""selected"":false}"
dem-canyon-b50000-transactional-t8,48,82,0,-319,3,14.184362480618574,4,0,flip_exhausted,False,"{""frame"":82,""witness"":0,""root"":-319,""stage"":""flip_exhausted"",""attempts"":[[""E"",""shape_infeasible""],[""E"",""shape_infeasible""],[""F"",""shape_infeasible""],[""H"",""shape_infeasible""],[""R"",""flip_nonconvex_or_existing_diagonal""],[""R"",""no_screen_samples""],[""R"",""flip_not_interior""]],""selected"":false}"
dem-canyon-b50000-transactional-t8,48,82,1,-319,3,14.184362480618574,4,0,flip_exhausted,False,"{""frame"":82,""witness"":1,""root"":-319,""stage"":""flip_exhausted"",""attempts"":[[""E"",""shape_infeasible""],[""E"",""shape_infeasible""],[""F"",""shape_infeasible""],[""H"",""shape_infeasible""],[""R"",""flip_nonconvex_or_existing_diagonal""],[""R"",""no_screen_samples""],[""R"",""flip_not_interior""]],""selected"":false}"
dem-canyon-b50000-transactional-t8,48,82,2,-530,42,7.179039564468382,4,0,flip_exhausted,False,"{""frame"":82,""witness"":2,""root"":-530,""stage"":""flip_exhausted"",""attempts"":[[""E"",""shape_infeasible""],[""E"",""shape_infeasible""],[""F"",""shape_infeasible""],[""H"",""shape_infeasible""],[""R"",""flip_nonconvex_or_existing_diagonal""],[""R"",""flip_nonconvex_or_existing_diagonal""],[""R"",""flip_not_interior""]],""selected"":false}"
dem-canyon-b50000-transactional-t8,48,83,0,-319,3,14.184362480618574,4,0,flip_exhausted,False,"{""frame"":83,""witness"":0,""root"":-319,""stage"":""flip_exhausted"",""attempts"":[[""E"",""shape_infeasible""],[""E"",""shape_infeasible""],[""F"",""shape_infeasible""],[""H"",""shape_infeasible""],[""R"",""flip_nonconvex_or_existing_diagonal""],[""R"",""no_screen_samples""],[""R"",""flip_not_interior""]],""selected"":false}"
dem-canyon-b50000-transactional-t8,48,83,1,-319,3,14.184362480618574,4,0,flip_exhausted,False,"{""frame"":83,""witness"":1,""root"":-319,""stage"":""flip_exhausted"",""attempts"":[[""E"",""shape_infeasible""],[""E"",""shape_infeasible""],[""F"",""shape_infeasible""],[""H"",""shape_infeasible""],[""R"",""flip_nonconvex_or_existing_diagonal""],[""R"",""no_screen_samples""],[""R"",""flip_not_interior""]],""selected"":false}"
dem-canyon-b50000-transactional-t8,48,83,2,-530,42,7.179039564468382,4,0,flip_exhausted,False,"{""frame"":83,""witness"":2,""root"":-530,""stage"":""flip_exhausted"",""attempts"":[[""E"",""shape_infeasible""],[""E"",""shape_infeasible""],[""F"",""shape_infeasible""],[""H"",""shape_infeasible""],[""R"",""flip_nonconvex_or_existing_diagonal""],[""R"",""flip_nonconvex_or_existing_diagonal""],[""R"",""flip_not_interior""]],""selected"":false}"
dem-canyon-b50000-transactional-t8,48,84,0,-319,3,14.184362480618574,4,0,flip_exhausted,False,"{""frame"":84,""witness"":0,""root"":-319,""stage"":""flip_exhausted"",""attempts"":[[""E"",""shape_infeasible""],[""E"",""shape_infeasible""],[""F"",""shape_infeasible""],[""H"",""shape_infeasible""],[""R"",""flip_nonconvex_or_existing_diagonal""],[""R"",""no_screen_samples""],[""R"",""flip_not_interior""]],""selected"":false}"
dem-canyon-b50000-transactional-t8,48,84,1,-319,3,14.184362480618574,4,0,flip_exhausted,False,"{""frame"":84,""witness"":1,""root"":-319,""stage"":""flip_exhausted"",""attempts"":[[""E"",""shape_infeasible""],[""E"",""shape_infeasible""],[""F"",""shape_infeasible""],[""H"",""shape_infeasible""],[""R"",""flip_nonconvex_or_existing_diagonal""],[""R"",""no_screen_samples""],[""R"",""flip_not_interior""]],""selected"":false}"
dem-canyon-b50000-transactional-t8,48,84,2,-530,42,7.179039564468382,4,0,flip_exhausted,False,"{""frame"":84,""witness"":2,""root"":-530,""stage"":""flip_exhausted"",""attempts"":[[""E"",""shape_infeasible""],[""E"",""shape_infeasible""],[""F"",""shape_infeasible""],[""H"",""shape_infeasible""],[""R"",""flip_nonconvex_or_existing_diagonal""],[""R"",""flip_nonconvex_or_existing_diagonal""],[""R"",""flip_not_interior""]],""selected"":false}"
dem-canyon-b50000-transactional-t8,48,85,0,-319,3,14.184362480618574,4,0,flip_exhausted,False,"{""frame"":85,""witness"":0,""root"":-319,""stage"":""flip_exhausted"",""attempts"":[[""E"",""shape_infeasible""],[""E"",""shape_infeasible""],[""F"",""shape_infeasible""],[""H"",""shape_infeasible""],[""R"",""flip_nonconvex_or_existing_diagonal""],[""R"",""no_screen_samples""],[""R"",""flip_not_interior""]],""selected"":false}"
dem-canyon-b50000-transactional-t8,48,85,1,-319,3,14.184362480618574,4,0,flip_exhausted,False,"{""frame"":85,""witness"":1,""root"":-319,""stage"":""flip_exhausted"",""attempts"":[[""E"",""shape_infeasible""],[""E"",""shape_infeasible""],[""F"",""shape_infeasible""],[""H"",""shape_infeasible""],[""R"",""flip_nonconvex_or_existing_diagonal""],[""R"",""no_screen_samples""],[""R"",""flip_not_interior""]],""selected"":false}"
dem-canyon-b50000-transactional-t8,48,85,2,-530,42,7.179039564468382,4,0,flip_exhausted,False,"{""frame"":85,""witness"":2,""root"":-530,""stage"":""flip_exhausted"",""attempts"":[[""E"",""shape_infeasible""],[""E"",""shape_infeasible""],[""F"",""shape_infeasible""],[""H"",""shape_infeasible""],[""R"",""flip_nonconvex_or_existing_diagonal""],[""R"",""flip_nonconvex_or_existing_diagonal""],[""R"",""flip_not_interior""]],""selected"":false}"
dem-canyon-b50000-transactional-t8,48,86,0,-319,3,14.184362480618574,4,0,flip_exhausted,False,"{""frame"":86,""witness"":0,""root"":-319,""stage"":""flip_exhausted"",""attempts"":[[""E"",""shape_infeasible""],[""E"",""shape_infeasible""],[""F"",""shape_infeasible""],[""H"",""shape_infeasible""],[""R"",""flip_nonconvex_or_existing_diagonal""],[""R"",""no_screen_samples""],[""R"",""flip_not_interior""]],""selected"":false}"
dem-canyon-b50000-transactional-t8,48,86,1,-319,3,14.184362480618574,4,0,flip_exhausted,False,"{""frame"":86,""witness"":1,""root"":-319,""stage"":""flip_exhausted"",""attempts"":[[""E"",""shape_infeasible""],[""E"",""shape_infeasible""],[""F"",""shape_infeasible""],[""H"",""shape_infeasible""],[""R"",""flip_nonconvex_or_existing_diagonal""],[""R"",""no_screen_samples""],[""R"",""flip_not_interior""]],""selected"":false}"
dem-canyon-b50000-transactional-t8,48,86,2,-530,42,7.179039564468382,4,0,flip_exhausted,False,"{""frame"":86,""witness"":2,""root"":-530,""stage"":""flip_exhausted"",""attempts"":[[""E"",""shape_infeasible""],[""E"",""shape_infeasible""],[""F"",""shape_infeasible""],[""H"",""shape_infeasible""],[""R"",""flip_nonconvex_or_existing_diagonal""],[""R"",""flip_nonconvex_or_existing_diagonal""],[""R"",""flip_not_interior""]],""selected"":false}"
dem-canyon-b50000-transactional-t8,48,87,0,-319,3,14.184362480618574,4,0,flip_exhausted,False,"{""frame"":87,""witness"":0,""root"":-319,""stage"":""flip_exhausted"",""attempts"":[[""E"",""shape_infeasible""],[""E"",""shape_infeasible""],[""F"",""shape_infeasible""],[""H"",""shape_infeasible""],[""R"",""flip_nonconvex_or_existing_diagonal""],[""R"",""no_screen_samples""],[""R"",""flip_not_interior""]],""selected"":false}"
dem-canyon-b50000-transactional-t8,48,87,1,-319,3,14.184362480618574,4,0,flip_exhausted,False,"{""frame"":87,""witness"":1,""root"":-319,""stage"":""flip_exhausted"",""attempts"":[[""E"",""shape_infeasible""],[""E"",""shape_infeasible""],[""F"",""shape_infeasible""],[""H"",""shape_infeasible""],[""R"",""flip_nonconvex_or_existing_diagonal""],[""R"",""no_screen_samples""],[""R"",""flip_not_interior""]],""selected"":false}"
dem-canyon-b50000-transactional-t8,48,87,2,-530,42,7.179039564468382,4,0,flip_exhausted,False,"{""frame"":87,""witness"":2,""root"":-530,""stage"":""flip_exhausted"",""attempts"":[[""E"",""shape_infeasible""],[""E"",""shape_infeasible""],[""F"",""shape_infeasible""],[""H"",""shape_infeasible""],[""R"",""flip_nonconvex_or_existing_diagonal""],[""R"",""flip_nonconvex_or_existing_diagonal""],[""R"",""flip_not_interior""]],""selected"":false}"
dem-canyon-b50000-transactional-t8,48,88,0,-319,3,14.184362480618574,4,0,flip_exhausted,False,"{""frame"":88,""witness"":0,""root"":-319,""stage"":""flip_exhausted"",""attempts"":[[""E"",""shape_infeasible""],[""E"",""shape_infeasible""],[""F"",""shape_infeasible""],[""H"",""shape_infeasible""],[""R"",""flip_nonconvex_or_existing_diagonal""],[""R"",""no_screen_samples""],[""R"",""flip_not_interior""]],""selected"":false}"
dem-canyon-b50000-transactional-t8,48,88,1,-319,3,14.184362480618574,4,0,flip_exhausted,False,"{""frame"":88,""witness"":1,""root"":-319,""stage"":""flip_exhausted"",""attempts"":[[""E"",""shape_infeasible""],[""E"",""shape_infeasible""],[""F"",""shape_infeasible""],[""H"",""shape_infeasible""],[""R"",""flip_nonconvex_or_existing_diagonal""],[""R"",""no_screen_samples""],[""R"",""flip_not_interior""]],""selected"":false}"
dem-canyon-b50000-transactional-t8,48,88,2,-530,42,7.179039564468382,4,0,flip_exhausted,False,"{""frame"":88,""witness"":2,""root"":-530,""stage"":""flip_exhausted"",""attempts"":[[""E"",""shape_infeasible""],[""E"",""shape_infeasible""],[""F"",""shape_infeasible""],[""H"",""shape_infeasible""],[""R"",""flip_nonconvex_or_existing_diagonal""],[""R"",""flip_nonconvex_or_existing_diagonal""],[""R"",""flip_not_interior""]],""selected"":false}"
dem-canyon-b50000-transactional-t8,48,89,0,-319,3,14.184362480618574,4,0,flip_exhausted,False,"{""frame"":89,""witness"":0,""root"":-319,""stage"":""flip_exhausted"",""attempts"":[[""E"",""shape_infeasible""],[""E"",""shape_infeasible""],[""F"",""shape_infeasible""],[""H"",""shape_infeasible""],[""R"",""flip_nonconvex_or_existing_diagonal""],[""R"",""no_screen_samples""],[""R"",""flip_not_interior""]],""selected"":false}"
dem-canyon-b50000-transactional-t8,48,89,1,-319,3,14.184362480618574,4,0,flip_exhausted,False,"{""frame"":89,""witness"":1,""root"":-319,""stage"":""flip_exhausted"",""attempts"":[[""E"",""shape_infeasible""],[""E"",""shape_infeasible""],[""F"",""shape_infeasible""],[""H"",""shape_infeasible""],[""R"",""flip_nonconvex_or_existing_diagonal""],[""R"",""no_screen_samples""],[""R"",""flip_not_interior""]],""selected"":false}"
dem-canyon-b50000-transactional-t8,48,89,2,-530,42,7.179039564468382,4,0,flip_exhausted,False,"{""frame"":89,""witness"":2,""root"":-530,""stage"":""flip_exhausted"",""attempts"":[[""E"",""shape_infeasible""],[""E"",""shape_infeasible""],[""F"",""shape_infeasible""],[""H"",""shape_infeasible""],[""R"",""flip_nonconvex_or_existing_diagonal""],[""R"",""flip_nonconvex_or_existing_diagonal""],[""R"",""flip_not_interior""]],""selected"":false}"
dem-canyon-b50000-transactional-t8,48,90,0,-319,3,14.184362480618574,4,0,flip_exhausted,False,"{""frame"":90,""witness"":0,""root"":-319,""stage"":""flip_exhausted"",""attempts"":[[""E"",""shape_infeasible""],[""E"",""shape_infeasible""],[""F"",""shape_infeasible""],[""H"",""shape_infeasible""],[""R"",""flip_nonconvex_or_existing_diagonal""],[""R"",""no_screen_samples""],[""R"",""flip_not_interior""]],""selected"":false}"
dem-canyon-b50000-transactional-t8,48,90,1,-319,3,14.184362480618574,4,0,flip_exhausted,False,"{""frame"":90,""witness"":1,""root"":-319,""stage"":""flip_exhausted"",""attempts"":[[""E"",""shape_infeasible""],[""E"",""shape_infeasible""],[""F"",""shape_infeasible""],[""H"",""shape_infeasible""],[""R"",""flip_nonconvex_or_existing_diagonal""],[""R"",""no_screen_samples""],[""R"",""flip_not_interior""]],""selected"":false}"
dem-canyon-b50000-transactional-t8,48,90,2,-530,42,7.179039564468382,4,0,flip_exhausted,False,"{""frame"":90,""witness"":2,""root"":-530,""stage"":""flip_exhausted"",""attempts"":[[""E"",""shape_infeasible""],[""E"",""shape_infeasible""],[""F"",""shape_infeasible""],[""H"",""shape_infeasible""],[""R"",""flip_nonconvex_or_existing_diagonal""],[""R"",""flip_nonconvex_or_existing_diagonal""],[""R"",""flip_not_interior""]],""selected"":false}"
dem-canyon-b50000-transactional-t8,48,91,0,-319,3,14.184362480618574,4,0,flip_exhausted,False,"{""frame"":91,""witness"":0,""root"":-319,""stage"":""flip_exhausted"",""attempts"":[[""E"",""shape_infeasible""],[""E"",""shape_infeasible""],[""F"",""shape_infeasible""],[""H"",""shape_infeasible""],[""R"",""flip_nonconvex_or_existing_diagonal""],[""R"",""no_screen_samples""],[""R"",""flip_not_interior""]],""selected"":false}"
dem-canyon-b50000-transactional-t8,48,91,1,-319,3,14.184362480618574,4,0,flip_exhausted,False,"{""frame"":91,""witness"":1,""root"":-319,""stage"":""flip_exhausted"",""attempts"":[[""E"",""shape_infeasible""],[""E"",""shape_infeasible""],[""F"",""shape_infeasible""],[""H"",""shape_infeasible""],[""R"",""flip_nonconvex_or_existing_diagonal""],[""R"",""no_screen_samples""],[""R"",""flip_not_interior""]],""selected"":false}"
dem-canyon-b50000-transactional-t8,48,91,2,-530,42,7.179039564468382,4,0,flip_exhausted,False,"{""frame"":91,""witness"":2,""root"":-530,""stage"":""flip_exhausted"",""attempts"":[[""E"",""shape_infeasible""],[""E"",""shape_infeasible""],[""F"",""shape_infeasible""],[""H"",""shape_infeasible""],[""R"",""flip_nonconvex_or_existing_diagonal""],[""R"",""flip_nonconvex_or_existing_diagonal""],[""R"",""flip_not_interior""]],""selected"":false}"
dem-canyon-b50000-transactional-t8,48,92,0,-319,3,14.184362480618574,4,0,flip_exhausted,False,"{""frame"":92,""witness"":0,""root"":-319,""stage"":""flip_exhausted"",""attempts"":[[""E"",""shape_infeasible""],[""E"",""shape_infeasible""],[""F"",""shape_infeasible""],[""H"",""shape_infeasible""],[""R"",""flip_nonconvex_or_existing_diagonal""],[""R"",""no_screen_samples""],[""R"",""flip_not_interior""]],""selected"":false}"
dem-canyon-b50000-transactional-t8,48,92,1,-319,3,14.184362480618574,4,0,flip_exhausted,False,"{""frame"":92,""witness"":1,""root"":-319,""stage"":""flip_exhausted"",""attempts"":[[""E"",""shape_infeasible""],[""E"",""shape_infeasible""],[""F"",""shape_infeasible""],[""H"",""shape_infeasible""],[""R"",""flip_nonconvex_or_existing_diagonal""],[""R"",""no_screen_samples""],[""R"",""flip_not_interior""]],""selected"":false}"
dem-canyon-b50000-transactional-t8,48,92,2,-530,42,7.179039564468382,4,0,flip_exhausted,False,"{""frame"":92,""witness"":2,""root"":-530,""stage"":""flip_exhausted"",""attempts"":[[""E"",""shape_infeasible""],[""E"",""shape_infeasible""],[""F"",""shape_infeasible""],[""H"",""shape_infeasible""],[""R"",""flip_nonconvex_or_existing_diagonal""],[""R"",""flip_nonconvex_or_existing_diagonal""],[""R"",""flip_not_interior""]],""selected"":false}"
dem-canyon-b50000-transactional-t8,48,93,0,-319,3,14.184362480618574,4,0,flip_exhausted,False,"{""frame"":93,""witness"":0,""root"":-319,""stage"":""flip_exhausted"",""attempts"":[[""E"",""shape_infeasible""],[""E"",""shape_infeasible""],[""F"",""shape_infeasible""],[""H"",""shape_infeasible""],[""R"",""flip_nonconvex_or_existing_diagonal""],[""R"",""no_screen_samples""],[""R"",""flip_not_interior""]],""selected"":false}"
dem-canyon-b50000-transactional-t8,48,93,1,-319,3,14.184362480618574,4,0,flip_exhausted,False,"{""frame"":93,""witness"":1,""root"":-319,""stage"":""flip_exhausted"",""attempts"":[[""E"",""shape_infeasible""],[""E"",""shape_infeasible""],[""F"",""shape_infeasible""],[""H"",""shape_infeasible""],[""R"",""flip_nonconvex_or_existing_diagonal""],[""R"",""no_screen_samples""],[""R"",""flip_not_interior""]],""selected"":false}"
dem-canyon-b50000-transactional-t8,48,93,2,-530,42,7.179039564468382,4,0,flip_exhausted,False,"{""frame"":93,""witness"":2,""root"":-530,""stage"":""flip_exhausted"",""attempts"":[[""E"",""shape_infeasible""],[""E"",""shape_infeasible""],[""F"",""shape_infeasible""],[""H"",""shape_infeasible""],[""R"",""flip_nonconvex_or_existing_diagonal""],[""R"",""flip_nonconvex_or_existing_diagonal""],[""R"",""flip_not_interior""]],""selected"":false}"
dem-canyon-b50000-transactional-t8,48,94,0,-319,3,14.184362480618574,4,0,flip_exhausted,False,"{""frame"":94,""witness"":0,""root"":-319,""stage"":""flip_exhausted"",""attempts"":[[""E"",""shape_infeasible""],[""E"",""shape_infeasible""],[""F"",""shape_infeasible""],[""H"",""shape_infeasible""],[""R"",""flip_nonconvex_or_existing_diagonal""],[""R"",""no_screen_samples""],[""R"",""flip_not_interior""]],""selected"":false}"
dem-canyon-b50000-transactional-t8,48,94,1,-319,3,14.184362480618574,4,0,flip_exhausted,False,"{""frame"":94,""witness"":1,""root"":-319,""stage"":""flip_exhausted"",""attempts"":[[""E"",""shape_infeasible""],[""E"",""shape_infeasible""],[""F"",""shape_infeasible""],[""H"",""shape_infeasible""],[""R"",""flip_nonconvex_or_existing_diagonal""],[""R"",""no_screen_samples""],[""R"",""flip_not_interior""]],""selected"":false}"
dem-canyon-b50000-transactional-t8,48,94,2,-530,42,7.179039564468382,4,0,flip_exhausted,False,"{""frame"":94,""witness"":2,""root"":-530,""stage"":""flip_exhausted"",""attempts"":[[""E"",""shape_infeasible""],[""E"",""shape_infeasible""],[""F"",""shape_infeasible""],[""H"",""shape_infeasible""],[""R"",""flip_nonconvex_or_existing_diagonal""],[""R"",""flip_nonconvex_or_existing_diagonal""],[""R"",""flip_not_interior""]],""selected"":false}"
dem-canyon-b50000-transactional-t8,48,95,0,-319,3,14.184362480618574,4,0,flip_exhausted,False,"{""frame"":95,""witness"":0,""root"":-319,""stage"":""flip_exhausted"",""attempts"":[[""E"",""shape_infeasible""],[""E"",""shape_infeasible""],[""F"",""shape_infeasible""],[""H"",""shape_infeasible""],[""R"",""flip_nonconvex_or_existing_diagonal""],[""R"",""no_screen_samples""],[""R"",""flip_not_interior""]],""selected"":false}"
dem-canyon-b50000-transactional-t8,48,95,1,-319,3,14.184362480618574,4,0,flip_exhausted,False,"{""frame"":95,""witness"":1,""root"":-319,""stage"":""flip_exhausted"",""attempts"":[[""E"",""shape_infeasible""],[""E"",""shape_infeasible""],[""F"",""shape_infeasible""],[""H"",""shape_infeasible""],[""R"",""flip_nonconvex_or_existing_diagonal""],[""R"",""no_screen_samples""],[""R"",""flip_not_interior""]],""selected"":false}"
dem-canyon-b50000-transactional-t8,48,95,2,-530,42,7.179039564468382,4,0,flip_exhausted,False,"{""frame"":95,""witness"":2,""root"":-530,""stage"":""flip_exhausted"",""attempts"":[[""E"",""shape_infeasible""],[""E"",""shape_infeasible""],[""F"",""shape_infeasible""],[""H"",""shape_infeasible""],[""R"",""flip_nonconvex_or_existing_diagonal""],[""R"",""flip_nonconvex_or_existing_diagonal""],[""R"",""flip_not_interior""]],""selected"":false}"
dem-sierra-b50000-transactional-t8,48,0,0,4182,32,6.940723603170704,4,0,no_screen_samples,False,"{""frame"":0,""witness"":0,""root"":4182,""stage"":""no_screen_samples"",""attempts"":[[""E"",""no_screen_samples""],[""E"",""no_screen_samples""],[""F"",""no_screen_samples""],[""H"",""no_screen_samples""]],""selected"":false}"
dem-sierra-b50000-transactional-t8,48,0,1,2160,0,2.191395578208667,4,0.72173964741823,below_threshold_or_nonfinite,False,"{""frame"":0,""witness"":1,""root"":2160,""stage"":""outside_prefix""}"
dem-sierra-b50000-transactional-t8,48,0,1,8007,0,2.1625931804872325,4,0.7052861693861805,below_threshold_or_nonfinite,False,"{""frame"":0,""witness"":1,""root"":8007,""stage"":""outside_prefix""}"
dem-sierra-b50000-transactional-t8,48,0,2,4182,32,6.940723603170704,4,0,no_screen_samples,False,"{""frame"":0,""witness"":2,""root"":4182,""stage"":""no_screen_samples"",""attempts"":[[""E"",""no_screen_samples""],[""E"",""no_screen_samples""],[""F"",""no_screen_samples""],[""H"",""no_screen_samples""]],""selected"":false}"
dem-sierra-b50000-transactional-t8,48,0,2,4183,37,6.884530340831632,4,0,fit_bound_failed,False,"{""frame"":0,""witness"":2,""root"":4183,""stage"":""fit_bound_failed"",""attempts"":[[""E"",""no_screen_samples""],[""E"",""no_screen_samples""],[""E"",""no_screen_samples""],[""F"",""no_screen_samples""],[""H"",""no_screen_samples""],[""H"",""fit_bound_failed""]],""selected"":false}"
dem-sierra-b50000-transactional-t8,48,1,0,4182,40,6.752987946281095,4,0,no_screen_samples,False,"{""frame"":1,""witness"":0,""root"":4182,""stage"":""no_screen_samples"",""attempts"":[[""E"",""no_screen_samples""],[""E"",""no_screen_samples""],[""F"",""no_screen_samples""],[""H"",""no_screen_samples""]],""selected"":false}"
dem-sierra-b50000-transactional-t8,48,1,1,2160,0,2.17989957624868,4,0.7206673463534644,below_threshold_or_nonfinite,False,"{""frame"":1,""witness"":1,""root"":2160,""stage"":""outside_prefix""}"
dem-sierra-b50000-transactional-t8,48,1,1,8007,0,2.153044759223734,4,0.7043276542618042,below_threshold_or_nonfinite,False,"{""frame"":1,""witness"":1,""root"":8007,""stage"":""outside_prefix""}"
dem-sierra-b50000-transactional-t8,48,1,2,4182,40,6.752987946281095,4,0,no_screen_samples,False,"{""frame"":1,""witness"":2,""root"":4182,""stage"":""no_screen_samples"",""attempts"":[[""E"",""no_screen_samples""],[""E"",""no_screen_samples""],[""F"",""no_screen_samples""],[""H"",""no_screen_samples""]],""selected"":false}"
dem-sierra-b50000-transactional-t8,48,1,2,4183,43,6.709321726094365,4,0,fit_bound_failed,False,"{""frame"":1,""witness"":2,""root"":4183,""stage"":""fit_bound_failed"",""attempts"":[[""E"",""no_screen_samples""],[""E"",""no_screen_samples""],[""E"",""no_screen_samples""],[""F"",""no_screen_samples""],[""H"",""no_screen_samples""],[""H"",""fit_bound_failed""]],""selected"":false}"
dem-sierra-b50000-transactional-t8,48,2,0,4182,52,6.592615628909198,4,0,fit_bound_failed,False,"{""frame"":2,""witness"":0,""root"":4182,""stage"":""fit_bound_failed"",""attempts"":[[""E"",""fit_bound_failed""],[""E"",""fit_bound_failed""],[""F"",""no_screen_samples""],[""H"",""fit_bound_failed""]],""selected"":false}"
dem-sierra-b50000-transactional-t8,48,2,1,2160,0,2.173536858454711,4,0.7204729309323082,below_threshold_or_nonfinite,False,"{""frame"":2,""witness"":1,""root"":2160,""stage"":""outside_prefix""}"
dem-sierra-b50000-transactional-t8,48,2,1,8007,0,2.1486295222143275,4,0.704226774400072,below_threshold_or_nonfinite,False,"{""frame"":2,""witness"":1,""root"":8007,""stage"":""outside_prefix""}"
dem-sierra-b50000-transactional-t8,48,2,2,4182,52,6.592615628909198,4,0,fit_bound_failed,False,"{""frame"":2,""witness"":2,""root"":4182,""stage"":""fit_bound_failed"",""attempts"":[[""E"",""fit_bound_failed""],[""E"",""fit_bound_failed""],[""F"",""no_screen_samples""],[""H"",""fit_bound_failed""]],""selected"":false}"
dem-sierra-b50000-transactional-t8,48,2,2,4183,58,6.547312222534424,4,0.3693554680287178,certified,False,"{""frame"":2,""witness"":2,""root"":4183,""stage"":""certified"",""attempts"":[[""E"",""fit_bound_failed""],[""E"",""certified""]],""assignedCredit"":true,""priorConflict"":1}"
dem-sierra-b50000-transactional-t8,48,3,0,4182,59,6.457320076626881,4,0,certified,True,"{""frame"":3,""witness"":0,""root"":4182,""stage"":""certified"",""attempts"":[[""E"",""certified""]],""selected"":true}"
dem-sierra-b50000-transactional-t8,48,3,1,2160,0,2.1723280976520196,4,0.7211553683421911,below_threshold_or_nonfinite,False,"{""frame"":3,""witness"":1,""root"":2160,""stage"":""outside_prefix""}"
dem-sierra-b50000-transactional-t8,48,3,1,8007,0,2.149385917534145,4,0.7049830895483414,below_threshold_or_nonfinite,False,"{""frame"":3,""witness"":1,""root"":8007,""stage"":""outside_prefix""}"
dem-sierra-b50000-transactional-t8,48,3,2,-129,102,5.143283955878643,4,0,certified,False,"{""frame"":3,""witness"":2,""root"":-129,""stage"":""certified"",""attempts"":[[""E"",""no_screen_samples""],[""E"",""certified""]],""assignedCredit"":true,""priorConflict"":1}"
dem-sierra-b50000-transactional-t8,48,3,2,4182,59,6.457320076626881,4,0,certified,True,"{""frame"":3,""witness"":2,""root"":4182,""stage"":""certified"",""attempts"":[[""E"",""certified""]],""selected"":true}"
dem-sierra-b50000-transactional-t8,48,4,0,-180,95,5.326805742036019,4,0.4530273049719865,shape_infeasible,False,"{""frame"":4,""witness"":0,""root"":-180,""stage"":""shape_infeasible"",""attempts"":[[""E"",""shape_infeasible""],[""E"",""shape_infeasible""],[""E"",""fit_bound_failed""],[""F"",""shape_infeasible""],[""H"",""shape_infeasible""],[""H"",""shape_infeasible""]],""selected"":false}"
dem-sierra-b50000-transactional-t8,48,4,1,2160,0,2.176344500651937,4,0.7227190212239609,below_threshold_or_nonfinite,False,"{""frame"":4,""witness"":1,""root"":2160,""stage"":""outside_prefix""}"
dem-sierra-b50000-transactional-t8,48,4,1,8007,0,2.155403157096149,4,0.7066014360281446,below_threshold_or_nonfinite,False,"{""frame"":4,""witness"":1,""root"":8007,""stage"":""outside_prefix""}"
dem-sierra-b50000-transactional-t8,48,4,2,-180,95,5.326805742036019,4,0.4530273049719865,shape_infeasible,False,"{""frame"":4,""witness"":2,""root"":-180,""stage"":""shape_infeasible"",""attempts"":[[""E"",""shape_infeasible""],[""E"",""shape_infeasible""],[""E"",""fit_bound_failed""],[""F"",""shape_infeasible""],[""H"",""shape_infeasible""],[""H"",""shape_infeasible""]],""selected"":false}"
dem-sierra-b50000-transactional-t8,48,4,2,-129,103,4.995876207449447,4,1.9714850383979712,certified,False,"{""frame"":4,""witness"":2,""root"":-129,""stage"":""certified"",""attempts"":[[""E"",""certified""]],""assignedCredit"":true,""priorConflict"":1}"
dem-sierra-b50000-transactional-t8,48,5,0,-180,94,5.2118564314912685,4,2.0696028410070064,certified,True,"{""frame"":5,""witness"":0,""root"":-180,""stage"":""certified"",""attempts"":[[""E"",""shape_infeasible""],[""E"",""shape_infeasible""],[""E"",""certified""]],""selected"":true}"
dem-sierra-b50000-transactional-t8,48,5,1,2160,0,2.185708990175182,4,0.7251737773356286,below_threshold_or_nonfinite,False,"{""frame"":5,""witness"":1,""root"":2160,""stage"":""outside_prefix""}"
dem-sierra-b50000-transactional-t8,48,5,1,8007,0,2.1668227398087594,4,0.70909206292067,below_threshold_or_nonfinite,False,"{""frame"":5,""witness"":1,""root"":8007,""stage"":""outside_prefix""}"
dem-sierra-b50000-transactional-t8,48,5,2,-180,94,5.2118564314912685,4,2.0696028410070064,certified,True,"{""frame"":5,""witness"":2,""root"":-180,""stage"":""certified"",""attempts"":[[""E"",""shape_infeasible""],[""E"",""shape_infeasible""],[""E"",""certified""]],""selected"":true}"
dem-sierra-b50000-transactional-t8,48,5,2,-129,106,4.864004801204934,4,2.033555457265371,certified,False,"{""frame"":5,""witness"":2,""root"":-129,""stage"":""certified"",""attempts"":[[""E"",""certified""]],""assignedCredit"":true,""priorConflict"":1}"
dem-sierra-b50000-transactional-t8,48,6,0,-236,99,5.114725135351127,4,2.056813896173876,flip_exhausted,False,"{""frame"":6,""witness"":0,""root"":-236,""stage"":""flip_exhausted"",""attempts"":[[""E"",""shape_infeasible""],[""E"",""shape_infeasible""],[""E"",""shape_infeasible""],[""F"",""shape_infeasible""],[""H"",""shape_infeasible""],[""H"",""shape_infeasible""],[""R"",""flip_nonconvex_or_existing_diagonal""],[""R"",""flip_nonconvex_or_existing_diagonal""],[""R"",""quality_infeasible""]],""selected"":false}"
dem-sierra-b50000-transactional-t8,48,6,0,-234,0,3.0453825032707993,4,2.056813896173876,below_threshold_or_nonfinite,False,"{""frame"":6,""witness"":0,""root"":-234,""stage"":""outside_prefix""}"
dem-sierra-b50000-transactional-t8,48,6,1,2160,0,2.200601155149828,4,0.7285358089479026,below_threshold_or_nonfinite,False,"{""frame"":6,""witness"":1,""root"":2160,""stage"":""outside_prefix""}"
dem-sierra-b50000-transactional-t8,48,6,1,8007,0,2.1838437414251732,4,0.7124713859931613,below_threshold_or_nonfinite,False,"{""frame"":6,""witness"":1,""root"":8007,""stage"":""outside_prefix""}"
dem-sierra-b50000-transactional-t8,48,6,2,-237,0,2.9771998935779513,4,2.016211815728791,below_threshold_or_nonfinite,False,"{""frame"":6,""witness"":2,""root"":-237,""stage"":""outside_prefix""}"
dem-sierra-b50000-transactional-t8,48,6,2,-234,0,3.0453825032707993,4,2.056813896173876,below_threshold_or_nonfinite,False,"{""frame"":6,""witness"":2,""root"":-234,""stage"":""outside_prefix""}"
dem-sierra-b50000-transactional-t8,48,7,0,-236,125,5.034416465842609,4,2.0453656699726905,flip_exhausted,False,"{""frame"":7,""witness"":0,""root"":-236,""stage"":""flip_exhausted"",""attempts"":[[""E"",""shape_infeasible""],[""E"",""shape_infeasible""],[""E"",""shape_infeasible""],[""F"",""shape_infeasible""],[""H"",""shape_infeasible""],[""H"",""shape_infeasible""],[""R"",""flip_nonconvex_or_existing_diagonal""],[""R"",""flip_nonconvex_or_existing_diagonal""],[""R"",""quality_infeasible""]],""selected"":false}"
dem-sierra-b50000-transactional-t8,48,7,0,-234,0,3.0194988652446413,4,2.0453656699726905,below_threshold_or_nonfinite,False,"{""frame"":7,""witness"":0,""root"":-234,""stage"":""outside_prefix""}"
dem-sierra-b50000-transactional-t8,48,7,1,2160,0,2.2212579120342935,4,0.732826803097439,below_threshold_or_nonfinite,False,"{""frame"":7,""witness"":1,""root"":2160,""stage"":""outside_prefix""}"
dem-sierra-b50000-transactional-t8,48,7,1,8007,0,2.206723897968628,4,0.7167612454356541,below_threshold_or_nonfinite,False,"{""frame"":7,""witness"":1,""root"":8007,""stage"":""outside_prefix""}"
dem-sierra-b50000-transactional-t8,48,7,2,-237,0,2.9489030463941397,4,2.004635976908187,below_threshold_or_nonfinite,False,"{""frame"":7,""witness"":2,""root"":-237,""stage"":""outside_prefix""}"
dem-sierra-b50000-transactional-t8,48,7,2,-234,0,3.0194988652446413,4,2.0453656699726905,below_threshold_or_nonfinite,False,"{""frame"":7,""witness"":2,""root"":-234,""stage"":""outside_prefix""}"
dem-sierra-b50000-transactional-t8,48,8,0,-236,172,4.970089154888594,4,2.035656293698888,outside_prefix,False,"{""frame"":8,""witness"":0,""root"":-236,""stage"":""outside_prefix""}"
dem-sierra-b50000-transactional-t8,48,8,0,-234,0,3.002232034247251,4,2.035656293698888,below_threshold_or_nonfinite,False,"{""frame"":8,""witness"":0,""root"":-234,""stage"":""outside_prefix""}"
dem-sierra-b50000-transactional-t8,48,8,1,2160,0,2.2479822876140036,4,0.7380756707142185,below_threshold_or_nonfinite,False,"{""frame"":8,""witness"":1,""root"":2160,""stage"":""outside_prefix""}"
dem-sierra-b50000-transactional-t8,48,8,1,8007,0,2.2357887896973354,4,0.7219905903589736,below_threshold_or_nonfinite,False,"{""frame"":8,""witness"":1,""root"":8007,""stage"":""outside_prefix""}"
dem-sierra-b50000-transactional-t8,48,8,2,-237,0,2.9291439981251166,4,1.9947953697658507,below_threshold_or_nonfinite,False,"{""frame"":8,""witness"":2,""root"":-237,""stage"":""outside_prefix""}"
dem-sierra-b50000-transactional-t8,48,8,2,-234,0,3.002232034247251,4,2.035656293698888,below_threshold_or_nonfinite,False,"{""frame"":8,""witness"":2,""root"":-234,""stage"":""outside_prefix""}"
dem-sierra-b50000-transactional-t8,48,9,0,-236,303,4.921031045747175,4,2.027647754889862,outside_prefix,False,"{""frame"":9,""witness"":0,""root"":-236,""stage"":""outside_prefix""}"
dem-sierra-b50000-transactional-t8,48,9,0,-234,0,2.9931390632419617,4,2.027647754889862,below_threshold_or_nonfinite,False,"{""frame"":9,""witness"":0,""root"":-234,""stage"":""outside_prefix""}"
dem-sierra-b50000-transactional-t8,48,9,1,2160,0,2.2811470846418094,4,0.7443179571304617,below_threshold_or_nonfinite,False,"{""frame"":9,""witness"":1,""root"":2160,""stage"":""outside_prefix""}"
dem-sierra-b50000-transactional-t8,48,9,1,8007,0,2.2714360205311817,4,0.728194916102037,below_threshold_or_nonfinite,False,"{""frame"":9,""witness"":1,""root"":8007,""stage"":""outside_prefix""}"
dem-sierra-b50000-transactional-t8,48,9,2,-237,0,2.9174783217496456,4,1.986650480367926,below_threshold_or_nonfinite,False,"{""frame"":9,""witness"":2,""root"":-237,""stage"":""outside_prefix""}"
dem-sierra-b50000-transactional-t8,48,9,2,-234,0,2.9931390632419617,4,2.027647754889862,below_threshold_or_nonfinite,False,"{""frame"":9,""witness"":2,""root"":-234,""stage"":""outside_prefix""}"
dem-sierra-b50000-transactional-t8,48,10,0,-236,479,4.88665233492116,4,2.021309403631619,outside_prefix,False,"{""frame"":10,""witness"":0,""root"":-236,""stage"":""outside_prefix""}"
dem-sierra-b50000-transactional-t8,48,10,0,-234,0,2.9918534030304387,4,2.021309403631619,below_threshold_or_nonfinite,False,"{""frame"":10,""witness"":0,""root"":-234,""stage"":""outside_prefix""}"
dem-sierra-b50000-transactional-t8,48,10,1,2160,0,2.321205022068888,4,0.7515970686710476,below_threshold_or_nonfinite,False,"{""frame"":10,""witness"":1,""root"":2160,""stage"":""outside_prefix""}"
dem-sierra-b50000-transactional-t8,48,10,1,8007,0,2.314145953259933,4,0.7354174810062805,below_threshold_or_nonfinite,False,"{""frame"":10,""witness"":1,""root"":8007,""stage"":""outside_prefix""}"
dem-sierra-b50000-transactional-t8,48,10,2,-237,0,2.913537479452278,4,1.980169340997822,below_threshold_or_nonfinite,False,"{""frame"":10,""witness"":2,""root"":-237,""stage"":""outside_prefix""}"
dem-sierra-b50000-transactional-t8,48,10,2,-234,0,2.9918534030304387,4,2.021309403631619,below_threshold_or_nonfinite,False,"{""frame"":10,""witness"":2,""root"":-234,""stage"":""outside_prefix""}"
dem-sierra-b50000-transactional-t8,48,11,0,-236,694,4.866476681268603,4,2.0166176021103968,outside_prefix,False,"{""frame"":11,""witness"":0,""root"":-236,""stage"":""outside_prefix""}"
dem-sierra-b50000-transactional-t8,48,11,0,-234,0,2.998079776426551,4,2.0166176021103968,below_threshold_or_nonfinite,False,"{""frame"":11,""witness"":0,""root"":-234,""stage"":""outside_prefix""}"
dem-sierra-b50000-transactional-t8,48,11,1,2160,0,2.368699232405303,4,0.7599651803122279,below_threshold_or_nonfinite,False,"{""frame"":11,""witness"":1,""root"":2160,""stage"":""outside_prefix""}"
dem-sierra-b50000-transactional-t8,48,11,1,8007,0,2.3644929008238127,4,0.7437102142313788,below_threshold_or_nonfinite,False,"{""frame"":11,""witness"":1,""root"":8007,""stage"":""outside_prefix""}"
dem-sierra-b50000-transactional-t8,48,11,2,-237,0,2.9170235052078133,4,1.9753271571490407,below_threshold_or_nonfinite,False,"{""frame"":11,""witness"":2,""root"":-237,""stage"":""outside_prefix""}"
dem-sierra-b50000-transactional-t8,48,11,2,-234,0,2.998079776426551,4,2.0166176021103968,below_threshold_or_nonfinite,False,"{""frame"":11,""witness"":2,""root"":-234,""stage"":""outside_prefix""}"
dem-sierra-b50000-transactional-t8,48,12,0,-236,927,4.86013180635723,4,2.0135548550303324,outside_prefix,False,"{""frame"":12,""witness"":0,""root"":-236,""stage"":""outside_prefix""}"
dem-sierra-b50000-transactional-t8,48,12,0,-234,0,3.011588402056924,4,2.0135548550303324,below_threshold_or_nonfinite,False,"{""frame"":12,""witness"":0,""root"":-234,""stage"":""outside_prefix""}"
dem-sierra-b50000-transactional-t8,48,12,1,2160,0,2.4242757782663937,4,0.7694841251687243,below_threshold_or_nonfinite,False,"{""frame"":12,""witness"":1,""root"":2160,""stage"":""outside_prefix""}"
dem-sierra-b50000-transactional-t8,48,12,1,8007,0,2.423158474234685,4,0.7531346086320577,below_threshold_or_nonfinite,False,"{""frame"":12,""witness"":1,""root"":8007,""stage"":""outside_prefix""}"
dem-sierra-b50000-transactional-t8,48,12,2,-237,0,2.927703241144199,4,1.9721054260460948,below_threshold_or_nonfinite,False,"{""frame"":12,""witness"":2,""root"":-237,""stage"":""outside_prefix""}"
dem-sierra-b50000-transactional-t8,48,12,2,-234,0,3.011588402056924,4,2.0135548550303324,below_threshold_or_nonfinite,False,"{""frame"":12,""witness"":2,""root"":-234,""stage"":""outside_prefix""}"
dem-sierra-b50000-transactional-t8,48,13,0,-236,1195,4.8673487829049895,4,2.0121100883812932,outside_prefix,False,"{""frame"":13,""witness"":0,""root"":-236,""stage"":""outside_prefix""}"
dem-sierra-b50000-transactional-t8,48,13,0,-234,0,3.0322144117046195,4,2.0121100883812932,below_threshold_or_nonfinite,False,"{""frame"":13,""witness"":0,""root"":-234,""stage"":""outside_prefix""}"
dem-sierra-b50000-transactional-t8,48,13,1,2160,0,2.488700925220037,4,0.7802269154189677,below_threshold_or_nonfinite,False,"{""frame"":13,""witness"":1,""root"":2160,""stage"":""outside_prefix""}"
dem-sierra-b50000-transactional-t8,48,13,1,8007,0,2.490949911532686,4,0.7637632391777198,below_threshold_or_nonfinite,False,"{""frame"":13,""witness"":1,""root"":8007,""stage"":""outside_prefix""}"
dem-sierra-b50000-transactional-t8,48,13,2,-237,0,2.945407512750671,4,1.970492192168565,below_threshold_or_nonfinite,False,"{""frame"":13,""witness"":2,""root"":-237,""stage"":""outside_prefix""}"
dem-sierra-b50000-transactional-t8,48,13,2,-234,0,3.0322144117046195,4,2.0121100883812932,below_threshold_or_nonfinite,False,"{""frame"":13,""witness"":2,""root"":-234,""stage"":""outside_prefix""}"
dem-sierra-b50000-transactional-t8,48,14,0,-236,1471,4.887952977951155,4,2.0122778305347233,outside_prefix,False,"{""frame"":14,""witness"":0,""root"":-236,""stage"":""outside_prefix""}"
dem-sierra-b50000-transactional-t8,48,14,0,-234,0,3.059851670060269,4,2.0122778305347233,below_threshold_or_nonfinite,False,"{""frame"":14,""witness"":0,""root"":-234,""stage"":""outside_prefix""}"
dem-sierra-b50000-transactional-t8,48,14,1,2160,0,2.5628799902699084,4,0.7922792962691748,below_threshold_or_nonfinite,False,"{""frame"":14,""witness"":1,""root"":2160,""stage"":""outside_prefix""}"
dem-sierra-b50000-transactional-t8,48,14,1,8007,0,2.568820204968816,4,0.7756813187724731,below_threshold_or_nonfinite,False,"{""frame"":14,""witness"":1,""root"":8007,""stage"":""outside_prefix""}"
dem-sierra-b50000-transactional-t8,48,14,2,-237,0,2.9700250845536313,4,1.9704812254436133,below_threshold_or_nonfinite,False,"{""frame"":14,""witness"":2,""root"":-237,""stage"":""outside_prefix""}"
dem-sierra-b50000-transactional-t8,48,14,2,-234,0,3.059851670060269,4,2.0122778305347233,below_threshold_or_nonfinite,False,"{""frame"":14,""witness"":2,""root"":-234,""stage"":""outside_prefix""}"
dem-sierra-b50000-transactional-t8,48,15,0,-236,1759,4.921869020422768,4,2.0140586947542496,outside_prefix,False,"{""frame"":15,""witness"":0,""root"":-236,""stage"":""outside_prefix""}"
dem-sierra-b50000-transactional-t8,48,15,0,-234,0,3.0944557379992212,4,2.0140586947542496,below_threshold_or_nonfinite,False,"{""frame"":15,""witness"":0,""root"":-234,""stage"":""outside_prefix""}"
dem-sierra-b50000-transactional-t8,48,15,1,2160,0,2.647883739235059,4,0.8057420095211005,below_threshold_or_nonfinite,False,"{""frame"":15,""witness"":1,""root"":2160,""stage"":""outside_prefix""}"
dem-sierra-b50000-transactional-t8,48,15,1,8007,0,2.6578961360123343,4,0.7889889607703195,below_threshold_or_nonfinite,False,"{""frame"":15,""witness"":1,""root"":8007,""stage"":""outside_prefix""}"
dem-sierra-b50000-transactional-t8,48,15,2,-237,0,3.0015053724342415,4,1.9720724808903052,below_threshold_or_nonfinite,False,"{""frame"":15,""witness"":2,""root"":-237,""stage"":""outside_prefix""}"
dem-sierra-b50000-transactional-t8,48,15,2,-234,0,3.0944557379992212,4,2.0140586947542496,below_threshold_or_nonfinite,False,"{""frame"":15,""witness"":2,""root"":-234,""stage"":""outside_prefix""}"
dem-sierra-b50000-transactional-t8,48,16,0,-236,2031,4.9691138631952745,4,2.0174593410731108,outside_prefix,False,"{""frame"":16,""witness"":0,""root"":-236,""stage"":""outside_prefix""}"
dem-sierra-b50000-transactional-t8,48,16,0,-234,0,3.1360378769267454,4,2.0174593410731108,below_threshold_or_nonfinite,False,"{""frame"":16,""witness"":0,""root"":-234,""stage"":""outside_prefix""}"
dem-sierra-b50000-transactional-t8,48,16,1,2160,0,2.7449767687904876,4,0.8207332990269628,below_threshold_or_nonfinite,False,"{""frame"":16,""witness"":1,""root"":2160,""stage"":""outside_prefix""}"
dem-sierra-b50000-transactional-t8,48,16,1,8007,0,2.7595086146494436,4,0.8038036853445266,below_threshold_or_nonfinite,False,"{""frame"":16,""witness"":1,""root"":8007,""stage"":""outside_prefix""}"
dem-sierra-b50000-transactional-t8,48,16,2,-237,0,3.0398526420234653,4,1.9752720560001,below_threshold_or_nonfinite,False,"{""frame"":16,""witness"":2,""root"":-237,""stage"":""outside_prefix""}"
dem-sierra-b50000-transactional-t8,48,16,2,-234,0,3.1360378769267454,4,2.0174593410731108,below_threshold_or_nonfinite,False,"{""frame"":16,""witness"":2,""root"":-234,""stage"":""outside_prefix""}"
dem-sierra-b50000-transactional-t8,48,17,0,-236,2300,5.029806810963587,4,2.0224916301900704,outside_prefix,False,"{""frame"":17,""witness"":0,""root"":-236,""stage"":""outside_prefix""}"
dem-sierra-b50000-transactional-t8,48,17,0,-234,0,3.184671399186403,4,2.0224916301900704,below_threshold_or_nonfinite,False,"{""frame"":17,""witness"":0,""root"":-234,""stage"":""outside_prefix""}"
dem-sierra-b50000-transactional-t8,48,17,1,2160,0,2.8556587548570875,4,0.8373921537809181,below_threshold_or_nonfinite,False,"{""frame"":17,""witness"":1,""root"":2160,""stage"":""outside_prefix""}"
dem-sierra-b50000-transactional-t8,48,17,1,8007,0,2.8752365956428205,4,0.8202636724200714,below_threshold_or_nonfinite,False,"{""frame"":17,""witness"":1,""root"":8007,""stage"":""outside_prefix""}"
dem-sierra-b50000-transactional-t8,48,17,2,-237,0,3.085132103034968,4,1.9800913657279637,below_threshold_or_nonfinite,False,"{""frame"":17,""witness"":2,""root"":-237,""stage"":""outside_prefix""}"
dem-sierra-b50000-transactional-t8,48,17,2,-234,0,3.184671399186403,4,2.0224916301900704,below_threshold_or_nonfinite,False,"{""frame"":17,""witness"":2,""root"":-234,""stage"":""outside_prefix""}"
dem-sierra-b50000-transactional-t8,48,18,0,-236,2641,5.104167156367876,4,2.0291753665838916,outside_prefix,False,"{""frame"":18,""witness"":0,""root"":-236,""stage"":""outside_prefix""}"
dem-sierra-b50000-transactional-t8,48,18,0,-234,0,3.2404882785328235,4,2.0291753665838916,below_threshold_or_nonfinite,False,"{""frame"":18,""witness"":0,""root"":-234,""stage"":""outside_prefix""}"
dem-sierra-b50000-transactional-t8,48,18,1,2160,0,2.9817120008262683,4,0.8558832819743865,below_threshold_or_nonfinite,False,"{""frame"":18,""witness"":1,""root"":2160,""stage"":""outside_prefix""}"
dem-sierra-b50000-transactional-t8,48,18,1,8007,0,3.0069579898874186,4,0.8385327267551751,below_threshold_or_nonfinite,False,"{""frame"":18,""witness"":1,""root"":8007,""stage"":""outside_prefix""}"
dem-sierra-b50000-transactional-t8,48,18,2,-237,0,3.1374665736370413,4,1.986549802115762,below_threshold_or_nonfinite,False,"{""frame"":18,""witness"":2,""root"":-237,""stage"":""outside_prefix""}"
dem-sierra-b50000-transactional-t8,48,18,2,-234,0,3.2404882785328235,4,2.0291753665838916,below_threshold_or_nonfinite,False,"{""frame"":18,""witness"":2,""root"":-234,""stage"":""outside_prefix""}"
dem-sierra-b50000-transactional-t8,48,19,0,-236,2957,5.192518683218629,4,2.037535052824037,outside_prefix,False,"{""frame"":19,""witness"":0,""root"":-236,""stage"":""outside_prefix""}"
dem-sierra-b50000-transactional-t8,48,19,0,-234,0,3.3036811066409175,4,2.037535052824037,below_threshold_or_nonfinite,False,"{""frame"":19,""witness"":0,""root"":-234,""stage"":""outside_prefix""}"
dem-sierra-b50000-transactional-t8,48,19,1,2160,0,3.125259517881518,4,0.8764012029403717,below_threshold_or_nonfinite,False,"{""frame"":19,""witness"":1,""root"":2160,""stage"":""outside_prefix""}"
dem-sierra-b50000-transactional-t8,48,19,1,8007,0,3.156911920934179,4,0.8588044101507822,below_threshold_or_nonfinite,False,"{""frame"":19,""witness"":1,""root"":8007,""stage"":""outside_prefix""}"
dem-sierra-b50000-transactional-t8,48,19,2,-237,0,3.1970385130125796,4,1.9946715848083347,below_threshold_or_nonfinite,False,"{""frame"":19,""witness"":2,""root"":-237,""stage"":""outside_prefix""}"
dem-sierra-b50000-transactional-t8,48,19,2,-234,0,3.3036811066409175,4,2.037535052824037,below_threshold_or_nonfinite,False,"{""frame"":19,""witness"":2,""root"":-234,""stage"":""outside_prefix""}"
dem-sierra-b50000-transactional-t8,48,20,0,-236,3212,5.29530026376231,4,2.0476028493709655,outside_prefix,False,"{""frame"":20,""witness"":0,""root"":-236,""stage"":""outside_prefix""}"
dem-sierra-b50000-transactional-t8,48,20,0,-234,0,3.3745081501919865,4,2.0476028493709655,below_threshold_or_nonfinite,False,"{""frame"":20,""witness"":0,""root"":-234,""stage"":""outside_prefix""}"
dem-sierra-b50000-transactional-t8,48,20,1,2160,0,3.2888458402665877,4,0.8991782367703435,below_threshold_or_nonfinite,False,"{""frame"":20,""witness"":1,""root"":2160,""stage"":""outside_prefix""}"
dem-sierra-b50000-transactional-t8,48,20,1,8007,0,3.327785359706876,4,0.8813100372116023,below_threshold_or_nonfinite,False,"{""frame"":20,""witness"":1,""root"":8007,""stage"":""outside_prefix""}"
dem-sierra-b50000-transactional-t8,48,20,2,-237,0,3.264094850401592,4,2.0044886509695474,below_threshold_or_nonfinite,False,"{""frame"":20,""witness"":2,""root"":-237,""stage"":""outside_prefix""}"
dem-sierra-b50000-transactional-t8,48,20,2,-234,0,3.3745081501919865,4,2.0476028493709655,below_threshold_or_nonfinite,False,"{""frame"":20,""witness"":2,""root"":-234,""stage"":""outside_prefix""}"
dem-sierra-b50000-transactional-t8,48,21,0,-236,3494,5.413071533142068,4,2.059417714781636,outside_prefix,False,"{""frame"":21,""witness"":0,""root"":-236,""stage"":""outside_prefix""}"
dem-sierra-b50000-transactional-t8,48,21,0,-234,0,3.4532958215386684,4,2.059417714781636,below_threshold_or_nonfinite,False,"{""frame"":21,""witness"":0,""root"":-234,""stage"":""outside_prefix""}"
dem-sierra-b50000-transactional-t8,48,21,1,2160,0,3.475534024958113,4,0.9244930454313636,below_threshold_or_nonfinite,False,"{""frame"":21,""witness"":1,""root"":2160,""stage"":""outside_prefix""}"
dem-sierra-b50000-transactional-t8,48,21,1,8007,0,3.5228175516690228,4,0.9063272677357624,below_threshold_or_nonfinite,False,"{""frame"":21,""witness"":1,""root"":8007,""stage"":""outside_prefix""}"
dem-sierra-b50000-transactional-t8,48,21,2,-237,0,3.3389495018650797,4,2.0160398272247955,below_threshold_or_nonfinite,False,"{""frame"":21,""witness"":2,""root"":-237,""stage"":""outside_prefix""}"
dem-sierra-b50000-transactional-t8,48,21,2,-234,0,3.4532958215386684,4,2.059417714781636,below_threshold_or_nonfinite,False,"{""frame"":21,""witness"":2,""root"":-234,""stage"":""outside_prefix""}"
dem-sierra-b50000-transactional-t8,48,22,0,-236,3774,5.546523034799142,4,1.4983884663160858,outside_prefix,False,"{""frame"":22,""witness"":0,""root"":-236,""stage"":""outside_prefix""}"
dem-sierra-b50000-transactional-t8,48,22,0,-234,0,3.5404426352959453,4,1.9536371362730163,below_threshold_or_nonfinite,False,"{""frame"":22,""witness"":0,""root"":-234,""stage"":""outside_prefix""}"
dem-sierra-b50000-transactional-t8,48,22,1,2160,0,3.6890309853006777,4,0.9526823106460275,below_threshold_or_nonfinite,False,"{""frame"":22,""witness"":1,""root"":2160,""stage"":""outside_prefix""}"
dem-sierra-b50000-transactional-t8,48,22,1,8007,0,3.7459352222173927,4,0.9341918539344716,below_threshold_or_nonfinite,False,"{""frame"":22,""witness"":1,""root"":8007,""stage"":""outside_prefix""}"
dem-sierra-b50000-transactional-t8,48,22,2,-237,0,3.4219872831448903,4,2.029372085469056,below_threshold_or_nonfinite,False,"{""frame"":22,""witness"":2,""root"":-237,""stage"":""outside_prefix""}"
dem-sierra-b50000-transactional-t8,48,22,2,-234,0,3.5404426352959453,4,1.9536371362730163,below_threshold_or_nonfinite,False,"{""frame"":22,""witness"":2,""root"":-234,""stage"":""outside_prefix""}"
dem-sierra-b50000-transactional-t8,48,23,0,-236,4021,5.6964914237884905,4,0,outside_prefix,False,"{""frame"":23,""witness"":0,""root"":-236,""stage"":""outside_prefix""}"
dem-sierra-b50000-transactional-t8,48,23,0,-234,0,3.6364276455666675,4,0,below_threshold_or_nonfinite,False,"{""frame"":23,""witness"":0,""root"":-234,""stage"":""outside_prefix""}"
dem-sierra-b50000-transactional-t8,48,23,1,2160,0,3.9338560669532456,4,0.9841567743621975,below_threshold_or_nonfinite,False,"{""frame"":23,""witness"":1,""root"":2160,""stage"":""outside_prefix""}"
dem-sierra-b50000-transactional-t8,48,23,1,8007,5519,4.001934797539815,4,0.9653137886873127,outside_prefix,False,"{""frame"":23,""witness"":1,""root"":8007,""stage"":""outside_prefix""}"
dem-sierra-b50000-transactional-t8,48,23,2,-237,0,3.5136721854728057,4,2.027961544420419,below_threshold_or_nonfinite,False,"{""frame"":23,""witness"":2,""root"":-237,""stage"":""outside_prefix""}"
dem-sierra-b50000-transactional-t8,48,23,2,-234,0,3.6364276455666675,4,0,below_threshold_or_nonfinite,False,"{""frame"":23,""witness"":2,""root"":-234,""stage"":""outside_prefix""}"
dem-sierra-b50000-transactional-t8,48,24,0,-236,4279,5.863973090226832,4,0,outside_prefix,False,"{""frame"":24,""witness"":0,""root"":-236,""stage"":""outside_prefix""}"
dem-sierra-b50000-transactional-t8,48,24,0,-234,0,3.7418162796007324,4,0,below_threshold_or_nonfinite,False,"{""frame"":24,""witness"":0,""root"":-234,""stage"":""outside_prefix""}"
dem-sierra-b50000-transactional-t8,48,24,1,2160,5557,4.215557262077707,4,1.0194217749655945,outside_prefix,False,"{""frame"":24,""witness"":1,""root"":2160,""stage"":""outside_prefix""}"
dem-sierra-b50000-transactional-t8,48,24,1,8007,5484,4.296716946742034,4,1.0001980231287897,outside_prefix,False,"{""frame"":24,""witness"":1,""root"":8007,""stage"":""outside_prefix""}"
dem-sierra-b50000-transactional-t8,48,24,2,-237,0,3.6145531848764447,4,0,below_threshold_or_nonfinite,False,"{""frame"":24,""witness"":2,""root"":-237,""stage"":""outside_prefix""}"
dem-sierra-b50000-transactional-t8,48,24,2,-234,0,3.7418162796007324,4,0,below_threshold_or_nonfinite,False,"{""frame"":24,""witness"":2,""root"":-234,""stage"":""outside_prefix""}"
dem-sierra-b50000-transactional-t8,48,25,0,-236,4481,6.050144218968471,4,0,outside_prefix,False,"{""frame"":25,""witness"":0,""root"":-236,""stage"":""outside_prefix""}"
dem-sierra-b50000-transactional-t8,48,25,0,-234,0,3.857271039237244,4,0,below_threshold_or_nonfinite,False,"{""frame"":25,""witness"":0,""root"":-234,""stage"":""outside_prefix""}"
dem-sierra-b50000-transactional-t8,48,25,1,2160,5545,4.540998839175217,4,0.5103797864502224,outside_prefix,False,"{""frame"":25,""witness"":1,""root"":2160,""stage"":""outside_prefix""}"
dem-sierra-b50000-transactional-t8,48,25,1,8007,5452,4.6375996645615185,4,0,outside_prefix,False,"{""frame"":25,""witness"":1,""root"":8007,""stage"":""outside_prefix""}"
dem-sierra-b50000-transactional-t8,48,25,2,-237,0,3.725274777020036,4,0,below_threshold_or_nonfinite,False,"{""frame"":25,""witness"":2,""root"":-237,""stage"":""outside_prefix""}"
dem-sierra-b50000-transactional-t8,48,25,2,-234,0,3.857271039237244,4,0,below_threshold_or_nonfinite,False,"{""frame"":25,""witness"":2,""root"":-234,""stage"":""outside_prefix""}"
dem-sierra-b50000-transactional-t8,48,26,0,-236,4689,6.256382300280231,4,0,outside_prefix,False,"{""frame"":26,""witness"":0,""root"":-236,""stage"":""outside_prefix""}"
dem-sierra-b50000-transactional-t8,48,26,0,-234,0,3.9835619912252436,4,0,below_threshold_or_nonfinite,False,"{""frame"":26,""witness"":0,""root"":-234,""stage"":""outside_prefix""}"
dem-sierra-b50000-transactional-t8,48,26,1,2160,5547,4.918751684357932,4,0,outside_prefix,False,"{""frame"":26,""witness"":1,""root"":2160,""stage"":""outside_prefix""}"
dem-sierra-b50000-transactional-t8,48,26,1,8007,5459,5.033744363127611,4,0,outside_prefix,False,"{""frame"":26,""witness"":1,""root"":8007,""stage"":""outside_prefix""}"
dem-sierra-b50000-transactional-t8,48,26,2,-237,0,3.8465874384200625,4,0,below_threshold_or_nonfinite,False,"{""frame"":26,""witness"":2,""root"":-237,""stage"":""outside_prefix""}"
dem-sierra-b50000-transactional-t8,48,26,2,-234,0,3.9835619912252436,4,0,below_threshold_or_nonfinite,False,"{""frame"":26,""witness"":2,""root"":-234,""stage"":""outside_prefix""}"
dem-sierra-b50000-transactional-t8,48,27,0,-236,4907,6.484298091614757,4,0,outside_prefix,False,"{""frame"":27,""witness"":0,""root"":-236,""stage"":""outside_prefix""}"
dem-sierra-b50000-transactional-t8,48,27,0,-234,6545,4.121584038513989,4,0,outside_prefix,False,"{""frame"":27,""witness"":0,""root"":-234,""stage"":""outside_prefix""}"
dem-sierra-b50000-transactional-t8,48,27,1,2160,5537,5.359624314001499,4,0,outside_prefix,False,"{""frame"":27,""witness"":1,""root"":2160,""stage"":""outside_prefix""}"
dem-sierra-b50000-transactional-t8,48,27,1,8007,5447,5.4967379619326,4,0,outside_prefix,False,"{""frame"":27,""witness"":1,""root"":8007,""stage"":""outside_prefix""}"
dem-sierra-b50000-transactional-t8,48,27,2,-237,0,3.979364539897498,4,0,below_threshold_or_nonfinite,False,"{""frame"":27,""witness"":2,""root"":-237,""stage"":""outside_prefix""}"
dem-sierra-b50000-transactional-t8,48,27,2,-234,6545,4.121584038513989,4,0,outside_prefix,False,"{""frame"":27,""witness"":2,""root"":-234,""stage"":""outside_prefix""}"
dem-sierra-b50000-transactional-t8,48,28,0,-236,5083,6.735759047967579,4,0,outside_prefix,False,"{""frame"":28,""witness"":0,""root"":-236,""stage"":""outside_prefix""}"
dem-sierra-b50000-transactional-t8,48,28,0,-234,6657,4.272366984282439,4,0,outside_prefix,False,"{""frame"":28,""witness"":0,""root"":-234,""stage"":""outside_prefix""}"
dem-sierra-b50000-transactional-t8,48,28,1,2160,5490,5.8773882049904325,4,0,outside_prefix,False,"{""frame"":28,""witness"":1,""root"":2160,""stage"":""outside_prefix""}"
dem-sierra-b50000-transactional-t8,48,28,1,8007,5418,6.0413916797263125,4,0,outside_prefix,False,"{""frame"":28,""witness"":1,""root"":8007,""stage"":""outside_prefix""}"
dem-sierra-b50000-transactional-t8,48,28,2,-237,6760,4.124612586924539,4,0,outside_prefix,False,"{""frame"":28,""witness"":2,""root"":-237,""stage"":""outside_prefix""}"
dem-sierra-b50000-transactional-t8,48,28,2,-234,6657,4.272366984282439,4,0,outside_prefix,False,"{""frame"":28,""witness"":2,""root"":-234,""stage"":""outside_prefix""}"
dem-sierra-b50000-transactional-t8,48,29,0,-236,5245,7.012943168928507,4,0,outside_prefix,False,"{""frame"":29,""witness"":0,""root"":-236,""stage"":""outside_prefix""}"
dem-sierra-b50000-transactional-t8,48,29,0,-234,6718,4.437106449259292,4,0,outside_prefix,False,"{""frame"":29,""witness"":0,""root"":-234,""stage"":""outside_prefix""}"
dem-sierra-b50000-transactional-t8,48,29,1,2160,5435,6.489811900772335,4,0,outside_prefix,False,"{""frame"":29,""witness"":1,""root"":2160,""stage"":""outside_prefix""}"
dem-sierra-b50000-transactional-t8,48,29,1,8007,5346,6.686884236052737,4,0,outside_prefix,False,"{""frame"":29,""witness"":1,""root"":8007,""stage"":""outside_prefix""}"
dem-sierra-b50000-transactional-t8,48,29,2,-237,6806,4.283501571330467,4,0,outside_prefix,False,"{""frame"":29,""witness"":2,""root"":-237,""stage"":""outside_prefix""}"
dem-sierra-b50000-transactional-t8,48,29,2,-234,6718,4.437106449259292,4,0,outside_prefix,False,"{""frame"":29,""witness"":2,""root"":-234,""stage"":""outside_prefix""}"
dem-sierra-b50000-transactional-t8,48,30,0,-236,5305,7.31837248732562,4,0,outside_prefix,False,"{""frame"":30,""witness"":0,""root"":-236,""stage"":""outside_prefix""}"
dem-sierra-b50000-transactional-t8,48,30,0,-234,6738,4.617178161041066,4,0,outside_prefix,False,"{""frame"":30,""witness"":0,""root"":-234,""stage"":""outside_prefix""}"
dem-sierra-b50000-transactional-t8,48,30,1,2160,5345,7.2201152714620305,4,0,outside_prefix,False,"{""frame"":30,""witness"":1,""root"":2160,""stage"":""outside_prefix""}"
dem-sierra-b50000-transactional-t8,48,30,1,8007,5269,7.458379439258787,4,0,outside_prefix,False,"{""frame"":30,""witness"":1,""root"":8007,""stage"":""outside_prefix""}"
dem-sierra-b50000-transactional-t8,48,30,2,-237,6847,4.4573793811835465,4,0,outside_prefix,False,"{""frame"":30,""witness"":2,""root"":-237,""stage"":""outside_prefix""}"
dem-sierra-b50000-transactional-t8,48,30,2,-234,6738,4.617178161041066,4,0,outside_prefix,False,"{""frame"":30,""witness"":2,""root"":-234,""stage"":""outside_prefix""}"
dem-sierra-b50000-transactional-t8,48,31,0,-236,5302,7.6549829057452765,4,0,outside_prefix,False,"{""frame"":31,""witness"":0,""root"":-236,""stage"":""outside_prefix""}"
dem-sierra-b50000-transactional-t8,48,31,0,-234,6690,4.814175903299474,4,0,outside_prefix,False,"{""frame"":31,""witness"":0,""root"":-234,""stage"":""outside_prefix""}"
dem-sierra-b50000-transactional-t8,48,31,1,2160,5161,8.09911256285099,4,0,outside_prefix,False,"{""frame"":31,""witness"":1,""root"":2160,""stage"":""outside_prefix""}"
dem-sierra-b50000-transactional-t8,48,31,1,8007,5096,8.389421674485375,4,0,outside_prefix,False,"{""frame"":31,""witness"":1,""root"":8007,""stage"":""outside_prefix""}"
dem-sierra-b50000-transactional-t8,48,31,2,-237,6777,4.647809387920919,4,0,outside_prefix,False,"{""frame"":31,""witness"":2,""root"":-237,""stage"":""outside_prefix""}"
dem-sierra-b50000-transactional-t8,48,31,2,-234,6690,4.814175903299474,4,0,outside_prefix,False,"{""frame"":31,""witness"":2,""root"":-234,""stage"":""outside_prefix""}"
dem-sierra-b50000-transactional-t8,48,32,0,-236,5277,7.77468883411714,4,0,outside_prefix,False,"{""frame"":32,""witness"":0,""root"":-236,""stage"":""outside_prefix""}"
dem-sierra-b50000-transactional-t8,48,32,0,-234,6645,4.883913349316321,4,0,outside_prefix,False,"{""frame"":32,""witness"":0,""root"":-234,""stage"":""outside_prefix""}"
dem-sierra-b50000-transactional-t8,48,32,1,2160,5096,8.431940604306057,4,0,outside_prefix,False,"{""frame"":32,""witness"":1,""root"":2160,""stage"":""outside_prefix""}"
dem-sierra-b50000-transactional-t8,48,32,1,8007,5019,8.742641112317301,4,0,outside_prefix,False,"{""frame"":32,""witness"":1,""root"":8007,""stage"":""outside_prefix""}"
dem-sierra-b50000-transactional-t8,48,32,2,-237,6737,4.7152688795015045,4,0,outside_prefix,False,"{""frame"":32,""witness"":2,""root"":-237,""stage"":""outside_prefix""}"
dem-sierra-b50000-transactional-t8,48,32,2,-234,6645,4.883913349316321,4,0,outside_prefix,False,"{""frame"":32,""witness"":2,""root"":-234,""stage"":""outside_prefix""}"
dem-sierra-b50000-transactional-t8,48,33,0,-236,5326,7.426953674100532,4,0,outside_prefix,False,"{""frame"":33,""witness"":0,""root"":-236,""stage"":""outside_prefix""}"
dem-sierra-b50000-transactional-t8,48,33,0,-234,6742,4.680877905006404,4,0,outside_prefix,False,"{""frame"":33,""witness"":0,""root"":-234,""stage"":""outside_prefix""}"
dem-sierra-b50000-transactional-t8,48,33,1,2160,5297,7.4948005223408325,4,0,outside_prefix,False,"{""frame"":33,""witness"":1,""root"":2160,""stage"":""outside_prefix""}"
dem-sierra-b50000-transactional-t8,48,33,1,8007,5230,7.749043132847741,4,0,outside_prefix,False,"{""frame"":33,""witness"":1,""root"":8007,""stage"":""outside_prefix""}"
dem-sierra-b50000-transactional-t8,48,33,2,-237,6839,4.518933004199169,4,0,outside_prefix,False,"{""frame"":33,""witness"":2,""root"":-237,""stage"":""outside_prefix""}"
dem-sierra-b50000-transactional-t8,48,33,2,-234,6742,4.680877905006404,4,0,outside_prefix,False,"{""frame"":33,""witness"":2,""root"":-234,""stage"":""outside_prefix""}"
dem-sierra-b50000-transactional-t8,48,34,0,-236,5268,7.11147849343368,4,0,outside_prefix,False,"{""frame"":34,""witness"":0,""root"":-236,""stage"":""outside_prefix""}"
dem-sierra-b50000-transactional-t8,48,34,0,-234,6717,4.495352693146023,4,0,outside_prefix,False,"{""frame"":34,""witness"":0,""root"":-234,""stage"":""outside_prefix""}"
dem-sierra-b50000-transactional-t8,48,34,1,2160,5408,6.7188078788128465,4,0,outside_prefix,False,"{""frame"":34,""witness"":1,""root"":2160,""stage"":""outside_prefix""}"
dem-sierra-b50000-transactional-t8,48,34,1,8007,5326,6.928592659689291,4,0,outside_prefix,False,"{""frame"":34,""witness"":1,""root"":8007,""stage"":""outside_prefix""}"
dem-sierra-b50000-transactional-t8,48,34,2,-237,6835,4.339722784683686,4,0,outside_prefix,False,"{""frame"":34,""witness"":2,""root"":-237,""stage"":""outside_prefix""}"
dem-sierra-b50000-transactional-t8,48,34,2,-234,6717,4.495352693146023,4,0,outside_prefix,False,"{""frame"":34,""witness"":2,""root"":-234,""stage"":""outside_prefix""}"
dem-sierra-b50000-transactional-t8,48,35,0,-236,5127,6.825178867597064,4,0,outside_prefix,False,"{""frame"":35,""witness"":0,""root"":-236,""stage"":""outside_prefix""}"
dem-sierra-b50000-transactional-t8,48,35,0,-234,6686,4.325665566126458,4,0,outside_prefix,False,"{""frame"":35,""witness"":0,""root"":-234,""stage"":""outside_prefix""}"
dem-sierra-b50000-transactional-t8,48,35,1,2160,5477,6.069994297203844,4,0,outside_prefix,False,"{""frame"":35,""witness"":1,""root"":2160,""stage"":""outside_prefix""}"
dem-sierra-b50000-transactional-t8,48,35,1,8007,5398,6.244251102875344,4,0,outside_prefix,False,"{""frame"":35,""witness"":1,""root"":8007,""stage"":""outside_prefix""}"
dem-sierra-b50000-transactional-t8,48,35,2,-237,6784,4.175997405329714,4,0,outside_prefix,False,"{""frame"":35,""witness"":2,""root"":-237,""stage"":""outside_prefix""}"
dem-sierra-b50000-transactional-t8,48,35,2,-234,6686,4.325665566126458,4,0,outside_prefix,False,"{""frame"":35,""witness"":2,""root"":-234,""stage"":""outside_prefix""}"
dem-sierra-b50000-transactional-t8,48,36,0,-236,4959,6.5654008272303495,4,0,outside_prefix,False,"{""frame"":36,""witness"":0,""root"":-236,""stage"":""outside_prefix""}"
dem-sierra-b50000-transactional-t8,48,36,0,-234,6580,4.170371300339986,4,0,outside_prefix,False,"{""frame"":36,""witness"":0,""root"":-234,""stage"":""outside_prefix""}"
dem-sierra-b50000-transactional-t8,48,36,1,2160,5522,5.522884294598631,4,0,outside_prefix,False,"{""frame"":36,""witness"":1,""root"":2160,""stage"":""outside_prefix""}"
dem-sierra-b50000-transactional-t8,48,36,1,8007,5445,5.668370571808895,4,0,outside_prefix,False,"{""frame"":36,""witness"":1,""root"":8007,""stage"":""outside_prefix""}"
dem-sierra-b50000-transactional-t8,48,36,2,-237,6712,4.026340285886191,4,0,outside_prefix,False,"{""frame"":36,""witness"":2,""root"":-237,""stage"":""outside_prefix""}"
dem-sierra-b50000-transactional-t8,48,36,2,-234,6580,4.170371300339986,4,0,outside_prefix,False,"{""frame"":36,""witness"":2,""root"":-234,""stage"":""outside_prefix""}"
dem-sierra-b50000-transactional-t8,48,37,0,-236,4749,6.329860280498763,4,0,outside_prefix,False,"{""frame"":37,""witness"":0,""root"":-236,""stage"":""outside_prefix""}"
dem-sierra-b50000-transactional-t8,48,37,0,-234,6448,4.028218890848672,4,0,outside_prefix,False,"{""frame"":37,""witness"":0,""root"":-234,""stage"":""outside_prefix""}"
dem-sierra-b50000-transactional-t8,48,37,1,2160,5542,5.058086623434174,4,0,outside_prefix,False,"{""frame"":37,""witness"":1,""root"":2160,""stage"":""outside_prefix""}"
dem-sierra-b50000-transactional-t8,48,37,1,8007,5462,5.179993587975451,4,0,outside_prefix,False,"{""frame"":37,""witness"":1,""root"":8007,""stage"":""outside_prefix""}"
dem-sierra-b50000-transactional-t8,48,37,2,-237,0,3.8895267237606372,4,0,below_threshold_or_nonfinite,False,"{""frame"":37,""witness"":2,""root"":-237,""stage"":""outside_prefix""}"
dem-sierra-b50000-transactional-t8,48,37,2,-234,6448,4.028218890848672,4,0,outside_prefix,False,"{""frame"":37,""witness"":2,""root"":-234,""stage"":""outside_prefix""}"
dem-sierra-b50000-transactional-t8,48,38,0,-236,4557,6.116585917646291,4,0,outside_prefix,False,"{""frame"":38,""witness"":0,""root"":-236,""stage"":""outside_prefix""}"
dem-sierra-b50000-transactional-t8,48,38,0,-234,0,3.898122457231113,4,0,below_threshold_or_nonfinite,False,"{""frame"":38,""witness"":0,""root"":-234,""stage"":""outside_prefix""}"
dem-sierra-b50000-transactional-t8,48,38,1,2160,5537,4.660621820886106,4,0,outside_prefix,False,"{""frame"":38,""witness"":1,""root"":2160,""stage"":""outside_prefix""}"
dem-sierra-b50000-transactional-t8,48,38,1,8007,5455,4.762991391628039,4,0,outside_prefix,False,"{""frame"":38,""witness"":1,""root"":8007,""stage"":""outside_prefix""}"
dem-sierra-b50000-transactional-t8,48,38,2,-237,0,3.764495021327707,4,0,below_threshold_or_nonfinite,False,"{""frame"":38,""witness"":2,""root"":-237,""stage"":""outside_prefix""}"
dem-sierra-b50000-transactional-t8,48,38,2,-234,0,3.898122457231113,4,0,below_threshold_or_nonfinite,False,"{""frame"":38,""witness"":2,""root"":-234,""stage"":""outside_prefix""}"
dem-sierra-b50000-transactional-t8,48,39,0,-236,4343,5.923890253411488,4,0,outside_prefix,False,"{""frame"":39,""witness"":0,""root"":-236,""stage"":""outside_prefix""}"
dem-sierra-b50000-transactional-t8,48,39,0,-234,0,3.7791473138943608,4,0,below_threshold_or_nonfinite,False,"{""frame"":39,""witness"":0,""root"":-234,""stage"":""outside_prefix""}"
dem-sierra-b50000-transactional-t8,48,39,1,2160,5564,4.318794419920999,4,1.032123667241499,outside_prefix,False,"{""frame"":39,""witness"":1,""root"":2160,""stage"":""outside_prefix""}"
dem-sierra-b50000-transactional-t8,48,39,1,8007,5468,4.404812996851555,4,1.012766733589801,outside_prefix,False,"{""frame"":39,""witness"":1,""root"":8007,""stage"":""outside_prefix""}"
dem-sierra-b50000-transactional-t8,48,39,2,-237,0,3.6503324716186665,4,0,below_threshold_or_nonfinite,False,"{""frame"":39,""witness"":2,""root"":-237,""stage"":""outside_prefix""}"
dem-sierra-b50000-transactional-t8,48,39,2,-234,0,3.7791473138943608,4,0,below_threshold_or_nonfinite,False,"{""frame"":39,""witness"":2,""root"":-234,""stage"":""outside_prefix""}"
dem-sierra-b50000-transactional-t8,48,40,0,-236,4111,5.750318615181561,4,0,outside_prefix,False,"{""frame"":40,""witness"":0,""root"":-236,""stage"":""outside_prefix""}"
dem-sierra-b50000-transactional-t8,48,40,0,-234,0,3.6704817238410556,4,0,below_threshold_or_nonfinite,False,"{""frame"":40,""witness"":0,""root"":-234,""stage"":""outside_prefix""}"
dem-sierra-b50000-transactional-t8,48,40,1,2160,5575,4.023350613086155,4,0.9954624066940418,outside_prefix,False,"{""frame"":40,""witness"":1,""root"":2160,""stage"":""outside_prefix""}"
dem-sierra-b50000-transactional-t8,48,40,1,8007,5498,4.0955577999761115,4,0.976495641042031,outside_prefix,False,"{""frame"":40,""witness"":1,""root"":8007,""stage"":""outside_prefix""}"
dem-sierra-b50000-transactional-t8,48,40,2,-237,0,3.5462476290740494,4,1.976151510293753,below_threshold_or_nonfinite,False,"{""frame"":40,""witness"":2,""root"":-237,""stage"":""outside_prefix""}"
dem-sierra-b50000-transactional-t8,48,40,2,-234,0,3.6704817238410556,4,0,below_threshold_or_nonfinite,False,"{""frame"":40,""witness"":2,""root"":-234,""stage"":""outside_prefix""}"
dem-sierra-b50000-transactional-t8,48,41,0,-236,3864,5.594632007709114,4,0.5915730322662499,outside_prefix,False,"{""frame"":41,""witness"":0,""root"":-236,""stage"":""outside_prefix""}"
dem-sierra-b50000-transactional-t8,48,41,0,-234,0,3.571429949246509,4,0,below_threshold_or_nonfinite,False,"{""frame"":41,""witness"":0,""root"":-234,""stage"":""outside_prefix""}"
dem-sierra-b50000-transactional-t8,48,41,1,2160,0,3.7669082296413445,4,0.9627861733609058,below_threshold_or_nonfinite,False,"{""frame"":41,""witness"":1,""root"":2160,""stage"":""outside_prefix""}"
dem-sierra-b50000-transactional-t8,48,41,1,8007,0,3.82734901296254,4,0.9441813269797928,below_threshold_or_nonfinite,False,"{""frame"":41,""witness"":1,""root"":8007,""stage"":""outside_prefix""}"
dem-sierra-b50000-transactional-t8,48,41,2,-237,0,3.4515632141488677,4,2.034221733812675,below_threshold_or_nonfinite,False,"{""frame"":41,""witness"":2,""root"":-237,""stage"":""outside_prefix""}"
dem-sierra-b50000-transactional-t8,48,41,2,-234,0,3.571429949246509,4,0,below_threshold_or_nonfinite,False,"{""frame"":41,""witness"":2,""root"":-234,""stage"":""outside_prefix""}"
dem-sierra-b50000-transactional-t8,48,42,0,-236,3593,5.4557749694035005,4,2.0637524753064524,outside_prefix,False,"{""frame"":42,""witness"":0,""root"":-236,""stage"":""outside_prefix""}"
dem-sierra-b50000-transactional-t8,48,42,0,-234,0,3.481394127426585,4,2.0637524753064524,below_threshold_or_nonfinite,False,"{""frame"":42,""witness"":0,""root"":-234,""stage"":""outside_prefix""}"
dem-sierra-b50000-transactional-t8,48,42,1,2160,0,3.5435162358461625,4,0.9335516311126758,below_threshold_or_nonfinite,False,"{""frame"":42,""witness"":1,""root"":2160,""stage"":""outside_prefix""}"
dem-sierra-b50000-transactional-t8,48,42,1,8007,0,3.5938524553187152,4,0.9152806775863711,below_threshold_or_nonfinite,False,"{""frame"":42,""witness"":1,""root"":8007,""stage"":""outside_prefix""}"
dem-sierra-b50000-transactional-t8,48,42,2,-237,0,3.365698386459754,4,2.020283791045993,below_threshold_or_nonfinite,False,"{""frame"":42,""witness"":2,""root"":-237,""stage"":""outside_prefix""}"
dem-sierra-b50000-transactional-t8,48,42,2,-234,0,3.481394127426585,4,2.0637524753064524,below_threshold_or_nonfinite,False,"{""frame"":42,""witness"":2,""root"":-234,""stage"":""outside_prefix""}"
dem-sierra-b50000-transactional-t8,48,43,0,-236,3296,5.332860333346725,4,2.051344834856344,outside_prefix,False,"{""frame"":43,""witness"":0,""root"":-236,""stage"":""outside_prefix""}"
dem-sierra-b50000-transactional-t8,48,43,0,-234,0,3.3998679570672716,4,2.051344834856344,below_threshold_or_nonfinite,False,"{""frame"":43,""witness"":0,""root"":-234,""stage"":""outside_prefix""}"
dem-sierra-b50000-transactional-t8,48,43,1,2160,0,3.348339649618986,4,0.9073191791093184,below_threshold_or_nonfinite,False,"{""frame"":43,""witness"":1,""root"":2160,""stage"":""outside_prefix""}"
dem-sierra-b50000-transactional-t8,48,43,1,8007,0,3.3899332173554546,4,0.8893547435012149,below_threshold_or_nonfinite,False,"{""frame"":43,""witness"":1,""root"":8007,""stage"":""outside_prefix""}"
dem-sierra-b50000-transactional-t8,48,43,2,-237,0,3.288162339068615,4,2.008144185740741,below_threshold_or_nonfinite,False,"{""frame"":43,""witness"":2,""root"":-237,""stage"":""outside_prefix""}"
dem-sierra-b50000-transactional-t8,48,43,2,-234,0,3.3998679570672716,4,2.051344834856344,below_threshold_or_nonfinite,False,"{""frame"":43,""witness"":2,""root"":-234,""stage"":""outside_prefix""}"
dem-sierra-b50000-transactional-t8,48,44,0,-236,3052,5.225150837134314,4,2.0406993795243036,outside_prefix,False,"{""frame"":44,""witness"":0,""root"":-236,""stage"":""outside_prefix""}"
dem-sierra-b50000-transactional-t8,48,44,0,-234,0,3.3264272490512297,4,2.0406993795243036,below_threshold_or_nonfinite,False,"{""frame"":44,""witness"":0,""root"":-234,""stage"":""outside_prefix""}"
dem-sierra-b50000-transactional-t8,48,44,1,2160,0,3.17742238784254,4,0.8837298375842284,below_threshold_or_nonfinite,False,"{""frame"":44,""witness"":1,""root"":2160,""stage"":""outside_prefix""}"
dem-sierra-b50000-transactional-t8,48,44,1,8007,0,3.2113980612354096,4,0.8660454224753575,below_threshold_or_nonfinite,False,"{""frame"":44,""witness"":1,""root"":8007,""stage"":""outside_prefix""}"
dem-sierra-b50000-transactional-t8,48,44,2,-237,0,3.218544989986453,4,1.9977537694470804,below_threshold_or_nonfinite,False,"{""frame"":44,""witness"":2,""root"":-237,""stage"":""outside_prefix""}"
dem-sierra-b50000-transactional-t8,48,44,2,-234,0,3.3264272490512297,4,2.0406993795243036,below_threshold_or_nonfinite,False,"{""frame"":44,""witness"":2,""root"":-234,""stage"":""outside_prefix""}"
dem-sierra-b50000-transactional-t8,48,45,0,-236,2757,5.13204314290669,4,2.0317740247939273,outside_prefix,False,"{""frame"":45,""witness"":0,""root"":-236,""stage"":""outside_prefix""}"
dem-sierra-b50000-transactional-t8,48,45,0,-234,0,3.2607211053850484,4,2.0317740247939273,below_threshold_or_nonfinite,False,"{""frame"":45,""witness"":0,""root"":-234,""stage"":""outside_prefix""}"
dem-sierra-b50000-transactional-t8,48,45,1,2160,0,3.0275008018332907,4,0.8624866496095528,below_threshold_or_nonfinite,False,"{""frame"":45,""witness"":1,""root"":2160,""stage"":""outside_prefix""}"
dem-sierra-b50000-transactional-t8,48,45,1,8007,0,3.0547937887429573,4,0.8450567511884912,below_threshold_or_nonfinite,False,"{""frame"":45,""witness"":1,""root"":8007,""stage"":""outside_prefix""}"
dem-sierra-b50000-transactional-t8,48,45,2,-237,0,3.1565083879316345,4,1.9890705778652114,below_threshold_or_nonfinite,False,"{""frame"":45,""witness"":2,""root"":-237,""stage"":""outside_prefix""}"
dem-sierra-b50000-transactional-t8,48,45,2,-234,0,3.2607211053850484,4,2.0317740247939273,below_threshold_or_nonfinite,False,"{""frame"":45,""witness"":2,""root"":-234,""stage"":""outside_prefix""}"
dem-sierra-b50000-transactional-t8,48,46,0,-236,2387,5.053061174347507,4,2.0245349996638398,outside_prefix,False,"{""frame"":46,""witness"":0,""root"":-236,""stage"":""outside_prefix""}"
dem-sierra-b50000-transactional-t8,48,46,0,-234,0,3.202470560487392,4,2.0245349996638398,below_threshold_or_nonfinite,False,"{""frame"":46,""witness"":0,""root"":-234,""stage"":""outside_prefix""}"
dem-sierra-b50000-transactional-t8,48,46,1,2160,0,2.8958713990585094,4,0.843343348809889,below_threshold_or_nonfinite,False,"{""frame"":46,""witness"":1,""root"":2160,""stage"":""outside_prefix""}"
dem-sierra-b50000-transactional-t8,48,46,1,8007,0,2.917264231638081,4,0.8261434673443858,below_threshold_or_nonfinite,False,"{""frame"":46,""witness"":1,""root"":8007,""stage"":""outside_prefix""}"
dem-sierra-b50000-transactional-t8,48,46,2,-237,0,3.1017852005480973,4,1.9820610197238133,below_threshold_or_nonfinite,False,"{""frame"":46,""witness"":2,""root"":-237,""stage"":""outside_prefix""}"
dem-sierra-b50000-transactional-t8,48,46,2,-234,0,3.202470560487392,4,2.0245349996638398,below_threshold_or_nonfinite,False,"{""frame"":46,""witness"":2,""root"":-234,""stage"":""outside_prefix""}"
dem-sierra-b50000-transactional-t8,48,47,0,-236,2117,4.987841487949224,4,2.018954287368403,outside_prefix,False,"{""frame"":47,""witness"":0,""root"":-236,""stage"":""outside_prefix""}"
dem-sierra-b50000-transactional-t8,48,47,0,-234,0,3.151459966591284,4,2.018954287368403,below_threshold_or_nonfinite,False,"{""frame"":47,""witness"":0,""root"":-234,""stage"":""outside_prefix""}"
dem-sierra-b50000-transactional-t8,48,47,1,2160,0,2.780279050677196,4,0.8260932862181029,below_threshold_or_nonfinite,False,"{""frame"":47,""witness"":1,""root"":2160,""stage"":""outside_prefix""}"
dem-sierra-b50000-transactional-t8,48,47,1,8007,0,2.7964300364406203,4,0.8090999065073354,below_threshold_or_nonfinite,False,"{""frame"":47,""witness"":1,""root"":8007,""stage"":""outside_prefix""}"
dem-sierra-b50000-transactional-t8,48,47,2,-237,0,3.05417040451709,4,1.976697364437229,below_threshold_or_nonfinite,False,"{""frame"":47,""witness"":2,""root"":-237,""stage"":""outside_prefix""}"
dem-sierra-b50000-transactional-t8,48,47,2,-234,0,3.151459966591284,4,2.018954287368403,below_threshold_or_nonfinite,False,"{""frame"":47,""witness"":2,""root"":-234,""stage"":""outside_prefix""}"
dem-sierra-b50000-transactional-t8,48,48,0,-236,1849,4.936132091927998,4,2.0150116667015787,outside_prefix,False,"{""frame"":48,""witness"":0,""root"":-236,""stage"":""outside_prefix""}"
dem-sierra-b50000-transactional-t8,48,48,0,-234,0,3.1075383805809236,4,2.0150116667015787,below_threshold_or_nonfinite,False,"{""frame"":48,""witness"":0,""root"":-234,""stage"":""outside_prefix""}"
dem-sierra-b50000-transactional-t8,48,48,1,2160,0,2.6788358347759678,4,0.8105628037612206,below_threshold_or_nonfinite,False,"{""frame"":48,""witness"":1,""root"":2160,""stage"":""outside_prefix""}"
dem-sierra-b50000-transactional-t8,48,48,1,8007,0,2.6903013956878663,4,0.793753327540715,below_threshold_or_nonfinite,False,"{""frame"":48,""witness"":1,""root"":8007,""stage"":""outside_prefix""}"
dem-sierra-b50000-transactional-t8,48,48,2,-237,0,3.0135224581840925,4,1.9729597301381145,below_threshold_or_nonfinite,False,"{""frame"":48,""witness"":2,""root"":-237,""stage"":""outside_prefix""}"
dem-sierra-b50000-transactional-t8,48,48,2,-234,0,3.1075383805809236,4,2.0150116667015787,below_threshold_or_nonfinite,False,"{""frame"":48,""witness"":2,""root"":-234,""stage"":""outside_prefix""}"
dem-sierra-b50000-transactional-t8,48,49,0,-236,1564,4.8977807666330335,4,2.0126920207824184,outside_prefix,False,"{""frame"":49,""witness"":0,""root"":-236,""stage"":""outside_prefix""}"
dem-sierra-b50000-transactional-t8,48,49,0,-234,0,3.0706131531890466,4,2.0126920207824184,below_threshold_or_nonfinite,False,"{""frame"":49,""witness"":0,""root"":-234,""stage"":""outside_prefix""}"
dem-sierra-b50000-transactional-t8,48,49,1,2160,0,2.5899541532526356,4,0.7966047547848858,below_threshold_or_nonfinite,False,"{""frame"":49,""witness"":1,""root"":2160,""stage"":""outside_prefix""}"
dem-sierra-b50000-transactional-t8,48,49,1,8007,0,2.5972064132748405,4,0.7799574282224845,below_threshold_or_nonfinite,False,"{""frame"":49,""witness"":1,""root"":8007,""stage"":""outside_prefix""}"
dem-sierra-b50000-transactional-t8,48,49,2,-237,0,2.9797571811027024,4,1.9708334518109998,below_threshold_or_nonfinite,False,"{""frame"":49,""witness"":2,""root"":-237,""stage"":""outside_prefix""}"
dem-sierra-b50000-transactional-t8,48,49,2,-234,0,3.0706131531890466,4,2.0126920207824184,below_threshold_or_nonfinite,False,"{""frame"":49,""witness"":2,""root"":-234,""stage"":""outside_prefix""}"
dem-sierra-b50000-transactional-t8,48,50,0,-236,1287,4.872735123430684,4,2.0119869050645307,outside_prefix,False,"{""frame"":50,""witness"":0,""root"":-236,""stage"":""outside_prefix""}"
dem-sierra-b50000-transactional-t8,48,50,0,-234,0,3.0406511383329393,4,2.0119869050645307,below_threshold_or_nonfinite,False,"{""frame"":50,""witness"":0,""root"":-234,""stage"":""outside_prefix""}"
dem-sierra-b50000-transactional-t8,48,50,1,2160,0,2.5122941083092396,4,0.7840941643109793,below_threshold_or_nonfinite,False,"{""frame"":50,""witness"":1,""root"":2160,""stage"":""outside_prefix""}"
dem-sierra-b50000-transactional-t8,48,50,1,8007,0,2.5157348164576474,4,0.7675879888118186,below_threshold_or_nonfinite,False,"{""frame"":50,""witness"":1,""root"":8007,""stage"":""outside_prefix""}"
dem-sierra-b50000-transactional-t8,48,50,2,-237,0,2.9528488489765703,4,1.9703106126973238,below_threshold_or_nonfinite,False,"{""frame"":50,""witness"":2,""root"":-237,""stage"":""outside_prefix""}"
dem-sierra-b50000-transactional-t8,48,50,2,-234,0,3.0406511383329393,4,2.0119869050645307,below_threshold_or_nonfinite,False,"{""frame"":50,""witness"":2,""root"":-234,""stage"":""outside_prefix""}"
dem-sierra-b50000-transactional-t8,48,51,0,-236,1026,4.861041675301857,4,2.0128939088157667,outside_prefix,False,"{""frame"":51,""witness"":0,""root"":-236,""stage"":""outside_prefix""}"
dem-sierra-b50000-transactional-t8,48,51,0,-234,0,3.0176796480522476,4,2.0128939088157667,below_threshold_or_nonfinite,False,"{""frame"":51,""witness"":0,""root"":-234,""stage"":""outside_prefix""}"
dem-sierra-b50000-transactional-t8,48,51,1,2160,0,2.444726267553987,4,0.772925136581843,below_threshold_or_nonfinite,False,"{""frame"":51,""witness"":1,""root"":2160,""stage"":""outside_prefix""}"
dem-sierra-b50000-transactional-t8,48,51,1,8007,0,2.444698058273554,4,0.7565397696911421,below_threshold_or_nonfinite,False,"{""frame"":51,""witness"":1,""root"":8007,""stage"":""outside_prefix""}"
dem-sierra-b50000-transactional-t8,48,51,2,-237,0,2.9328311099523416,4,1.9713894176202917,below_threshold_or_nonfinite,False,"{""frame"":51,""witness"":2,""root"":-237,""stage"":""outside_prefix""}"
dem-sierra-b50000-transactional-t8,48,51,2,-234,0,3.0176796480522476,4,2.0128939088157667,below_threshold_or_nonfinite,False,"{""frame"":51,""witness"":2,""root"":-234,""stage"":""outside_prefix""}"
dem-sierra-b50000-transactional-t8,48,52,0,-236,755,4.862840736849642,4,2.0154165339641548,outside_prefix,False,"{""frame"":52,""witness"":0,""root"":-236,""stage"":""outside_prefix""}"
dem-sierra-b50000-transactional-t8,48,52,0,-234,0,3.0017833156563913,4,2.0154165339641548,below_threshold_or_nonfinite,False,"{""frame"":52,""witness"":0,""root"":-234,""stage"":""outside_prefix""}"
dem-sierra-b50000-transactional-t8,48,52,1,2160,0,2.386291670052805,4,0.7630069974993301,below_threshold_or_nonfinite,False,"{""frame"":52,""witness"":1,""root"":2160,""stage"":""outside_prefix""}"
dem-sierra-b50000-transactional-t8,48,52,1,8007,0,2.383086864179636,4,0.7467226632084778,below_threshold_or_nonfinite,False,"{""frame"":52,""witness"":1,""root"":8007,""stage"":""outside_prefix""}"
dem-sierra-b50000-transactional-t8,48,52,2,-237,0,2.9197940906733724,4,1.9740740914285086,below_threshold_or_nonfinite,False,"{""frame"":52,""witness"":2,""root"":-237,""stage"":""outside_prefix""}"
dem-sierra-b50000-transactional-t8,48,52,2,-234,0,3.0017833156563913,4,2.0154165339641548,below_threshold_or_nonfinite,False,"{""frame"":52,""witness"":2,""root"":-234,""stage"":""outside_prefix""}"
dem-sierra-b50000-transactional-t8,48,53,0,-236,555,4.878369093187018,4,2.0195634303435,outside_prefix,False,"{""frame"":53,""witness"":0,""root"":-236,""stage"":""outside_prefix""}"
dem-sierra-b50000-transactional-t8,48,53,0,-234,0,2.993106506663038,4,2.0195634303435,below_threshold_or_nonfinite,False,"{""frame"":53,""witness"":0,""root"":-234,""stage"":""outside_prefix""}"
dem-sierra-b50000-transactional-t8,48,53,1,2160,0,2.3361801880338517,4,0.7542625227507245,below_threshold_or_nonfinite,False,"{""frame"":53,""witness"":1,""root"":2160,""stage"":""outside_prefix""}"
dem-sierra-b50000-transactional-t8,48,53,1,8007,0,2.3300480609842187,4,0.7380599173130968,below_threshold_or_nonfinite,False,"{""frame"":53,""witness"":1,""root"":8007,""stage"":""outside_prefix""}"
dem-sierra-b50000-transactional-t8,48,53,2,-237,0,2.913886771879176,4,1.978374138768486,below_threshold_or_nonfinite,False,"{""frame"":53,""witness"":2,""root"":-237,""stage"":""outside_prefix""}"
dem-sierra-b50000-transactional-t8,48,53,2,-234,0,2.993106506663038,4,2.0195634303435,below_threshold_or_nonfinite,False,"{""frame"":53,""witness"":2,""root"":-234,""stage"":""outside_prefix""}"
dem-sierra-b50000-transactional-t8,48,54,0,-236,361,4.907966234807096,4,2.0253508040339026,outside_prefix,False,"{""frame"":54,""witness"":0,""root"":-236,""stage"":""outside_prefix""}"
dem-sierra-b50000-transactional-t8,48,54,0,-234,0,2.9918590885243415,4,2.0253508040339026,below_threshold_or_nonfinite,False,"{""frame"":54,""witness"":0,""root"":-234,""stage"":""outside_prefix""}"
dem-sierra-b50000-transactional-t8,48,54,1,2160,0,2.293709026271663,4,0.7466267731144115,below_threshold_or_nonfinite,False,"{""frame"":54,""witness"":1,""root"":2160,""stage"":""outside_prefix""}"
dem-sierra-b50000-transactional-t8,48,54,1,8007,0,2.28486166055526,4,0.7304869577321829,below_threshold_or_nonfinite,False,"{""frame"":54,""witness"":1,""root"":8007,""stage"":""outside_prefix""}"
dem-sierra-b50000-transactional-t8,48,54,2,-237,0,2.9153225632591697,4,1.9843067060165374,below_threshold_or_nonfinite,False,"{""frame"":54,""witness"":2,""root"":-237,""stage"":""outside_prefix""}"
dem-sierra-b50000-transactional-t8,48,54,2,-234,0,2.9918590885243415,4,2.0253508040339026,below_threshold_or_nonfinite,False,"{""frame"":54,""witness"":2,""root"":-234,""stage"":""outside_prefix""}"
dem-sierra-b50000-transactional-t8,48,55,0,-236,217,4.95207198179836,4,2.0327996950644263,outside_prefix,False,"{""frame"":55,""witness"":0,""root"":-236,""stage"":""outside_prefix""}"
dem-sierra-b50000-transactional-t8,48,55,0,-234,0,2.998312744552685,4,2.0327996950644263,below_threshold_or_nonfinite,False,"{""frame"":55,""witness"":0,""root"":-234,""stage"":""outside_prefix""}"
dem-sierra-b50000-transactional-t8,48,55,1,2160,0,2.2583010057488093,4,0.7400441208088088,below_threshold_or_nonfinite,False,"{""frame"":55,""witness"":1,""root"":2160,""stage"":""outside_prefix""}"
dem-sierra-b50000-transactional-t8,48,55,1,8007,0,2.2469179073349443,4,0.7239484396403882,below_threshold_or_nonfinite,False,"{""frame"":55,""witness"":1,""root"":8007,""stage"":""outside_prefix""}"
dem-sierra-b50000-transactional-t8,48,55,2,-237,0,2.9243761654222924,4,1.9918939541328007,below_threshold_or_nonfinite,False,"{""frame"":55,""witness"":2,""root"":-237,""stage"":""outside_prefix""}"
dem-sierra-b50000-transactional-t8,48,55,2,-234,0,2.998312744552685,4,2.0327996950644263,below_threshold_or_nonfinite,False,"{""frame"":55,""witness"":2,""root"":-234,""stage"":""outside_prefix""}"
dem-sierra-b50000-transactional-t8,48,56,0,-236,132,5.01123628585837,4,2.041938227344838,flip_exhausted,False,"{""frame"":56,""witness"":0,""root"":-236,""stage"":""flip_exhausted"",""attempts"":[[""E"",""shape_infeasible""],[""E"",""shape_infeasible""],[""E"",""shape_infeasible""],[""F"",""shape_infeasible""],[""H"",""shape_infeasible""],[""H"",""shape_infeasible""],[""R"",""flip_nonconvex_or_existing_diagonal""],[""R"",""flip_nonconvex_or_existing_diagonal""],[""R"",""quality_infeasible""]],""selected"":false}"
dem-sierra-b50000-transactional-t8,48,56,0,-234,0,3.0128094896710955,4,2.041938227344838,below_threshold_or_nonfinite,False,"{""frame"":56,""witness"":0,""root"":-234,""stage"":""outside_prefix""}"
dem-sierra-b50000-transactional-t8,48,56,1,2160,0,2.2294751097029644,4,0.7344684603533206,below_threshold_or_nonfinite,False,"{""frame"":56,""witness"":1,""root"":2160,""stage"":""outside_prefix""}"
dem-sierra-b50000-transactional-t8,48,56,1,8007,0,2.2157070831471097,4,0.7183984374526734,below_threshold_or_nonfinite,False,"{""frame"":56,""witness"":1,""root"":8007,""stage"":""outside_prefix""}"
dem-sierra-b50000-transactional-t8,48,56,2,-237,0,2.9413917600042754,4,2.001165265344706,below_threshold_or_nonfinite,False,"{""frame"":56,""witness"":2,""root"":-237,""stage"":""outside_prefix""}"
dem-sierra-b50000-transactional-t8,48,56,2,-234,0,3.0128094896710955,4,2.041938227344838,below_threshold_or_nonfinite,False,"{""frame"":56,""witness"":2,""root"":-234,""stage"":""outside_prefix""}"
dem-sierra-b50000-transactional-t8,48,57,0,-236,102,5.0861306699175675,4,2.0528020338903863,flip_exhausted,False,"{""frame"":57,""witness"":0,""root"":-236,""stage"":""flip_exhausted"",""attempts"":[[""E"",""shape_infeasible""],[""E"",""shape_infeasible""],[""E"",""shape_infeasible""],[""F"",""shape_infeasible""],[""H"",""shape_infeasible""],[""H"",""shape_infeasible""],[""R"",""flip_nonconvex_or_existing_diagonal""],[""R"",""flip_nonconvex_or_existing_diagonal""],[""R"",""quality_infeasible""]],""selected"":false}"
dem-sierra-b50000-transactional-t8,48,57,0,-234,0,3.0357665746407263,4,2.0528020338903863,below_threshold_or_nonfinite,False,"{""frame"":57,""witness"":0,""root"":-234,""stage"":""outside_prefix""}"
dem-sierra-b50000-transactional-t8,48,57,1,2160,0,2.206832485695029,4,0.7298616078376652,below_threshold_or_nonfinite,False,"{""frame"":57,""witness"":1,""root"":2160,""stage"":""outside_prefix""}"
dem-sierra-b50000-transactional-t8,48,57,1,8007,0,2.190804619350539,4,0.7137988504412491,below_threshold_or_nonfinite,False,"{""frame"":57,""witness"":1,""root"":8007,""stage"":""outside_prefix""}"
dem-sierra-b50000-transactional-t8,48,57,2,-237,0,2.966788269992236,4,2.0121577151187298,below_threshold_or_nonfinite,False,"{""frame"":57,""witness"":2,""root"":-237,""stage"":""outside_prefix""}"
dem-sierra-b50000-transactional-t8,48,57,2,-234,0,3.0357665746407263,4,2.0528020338903863,below_threshold_or_nonfinite,False,"{""frame"":57,""witness"":2,""root"":-234,""stage"":""outside_prefix""}"
dem-sierra-b50000-transactional-t8,48,58,0,-236,92,5.177551885642565,4,2.0654333515814907,flip_exhausted,False,"{""frame"":58,""witness"":0,""root"":-236,""stage"":""flip_exhausted"",""attempts"":[[""E"",""shape_infeasible""],[""E"",""shape_infeasible""],[""E"",""shape_infeasible""],[""F"",""shape_infeasible""],[""H"",""shape_infeasible""],[""H"",""shape_infeasible""],[""R"",""flip_nonconvex_or_existing_diagonal""],[""R"",""flip_nonconvex_or_existing_diagonal""],[""R"",""quality_infeasible""]],""selected"":false}"
dem-sierra-b50000-transactional-t8,48,58,0,-234,0,3.067679874204316,4,2.0654333515814907,below_threshold_or_nonfinite,False,"{""frame"":58,""witness"":0,""root"":-234,""stage"":""outside_prefix""}"
dem-sierra-b50000-transactional-t8,48,58,1,2160,0,2.190048413701199,4,0.7261927025827817,below_threshold_or_nonfinite,False,"{""frame"":58,""witness"":1,""root"":2160,""stage"":""outside_prefix""}"
dem-sierra-b50000-transactional-t8,48,58,1,8007,0,2.1718625810424244,4,0.7101188066709201,below_threshold_or_nonfinite,False,"{""frame"":58,""witness"":1,""root"":8007,""stage"":""outside_prefix""}"
dem-sierra-b50000-transactional-t8,48,58,2,-237,0,3.001062816629174,4,2.024915198398385,below_threshold_or_nonfinite,False,"{""frame"":58,""witness"":2,""root"":-237,""stage"":""outside_prefix""}"
dem-sierra-b50000-transactional-t8,48,58,2,-234,0,3.067679874204316,4,2.0654333515814907,below_threshold_or_nonfinite,False,"{""frame"":58,""witness"":2,""root"":-234,""stage"":""outside_prefix""}"
dem-sierra-b50000-transactional-t8,48,59,0,-236,90,5.286441830697605,4,0,flip_exhausted,False,"{""frame"":59,""witness"":0,""root"":-236,""stage"":""flip_exhausted"",""attempts"":[[""E"",""shape_infeasible""],[""E"",""shape_infeasible""],[""E"",""shape_infeasible""],[""F"",""shape_infeasible""],[""H"",""shape_infeasible""],[""H"",""shape_infeasible""],[""R"",""flip_nonconvex_or_existing_diagonal""],[""R"",""flip_nonconvex_or_existing_diagonal""],[""R"",""no_screen_samples""]],""selected"":false}"
dem-sierra-b50000-transactional-t8,48,59,0,-234,0,3.1091339080436806,4,0.9291869415692786,below_threshold_or_nonfinite,False,"{""frame"":59,""witness"":0,""root"":-234,""stage"":""outside_prefix""}"
dem-sierra-b50000-transactional-t8,48,59,1,2160,0,2.1788640369612806,4,0.7234376128886384,below_threshold_or_nonfinite,False,"{""frame"":59,""witness"":1,""root"":2160,""stage"":""outside_prefix""}"
dem-sierra-b50000-transactional-t8,48,59,1,8007,0,2.1586007571384753,4,0.7073340613234939,below_threshold_or_nonfinite,False,"{""frame"":59,""witness"":1,""root"":8007,""stage"":""outside_prefix""}"
dem-sierra-b50000-transactional-t8,48,59,2,-237,0,3.044801055662788,4,2.039490780575811,below_threshold_or_nonfinite,False,"{""frame"":59,""witness"":2,""root"":-237,""stage"":""outside_prefix""}"
dem-sierra-b50000-transactional-t8,48,59,2,-234,0,3.1091339080436806,4,0.9291869415692786,below_threshold_or_nonfinite,False,"{""frame"":59,""witness"":2,""root"":-234,""stage"":""outside_prefix""}"
dem-sierra-b50000-transactional-t8,48,60,0,-236,87,5.413900369151659,4,0,flip_exhausted,False,"{""frame"":60,""witness"":0,""root"":-236,""stage"":""flip_exhausted"",""attempts"":[[""E"",""shape_infeasible""],[""E"",""shape_infeasible""],[""E"",""shape_infeasible""],[""F"",""shape_infeasible""],[""H"",""shape_infeasible""],[""H"",""shape_infeasible""],[""R"",""flip_nonconvex_or_existing_diagonal""],[""R"",""flip_nonconvex_or_existing_diagonal""],[""R"",""no_screen_samples""]],""selected"":false}"
dem-sierra-b50000-transactional-t8,48,60,0,-234,0,3.160809446546417,4,0,below_threshold_or_nonfinite,False,"{""frame"":60,""witness"":0,""root"":-234,""stage"":""outside_prefix""}"
dem-sierra-b50000-transactional-t8,48,60,1,2160,0,2.173081386849214,4,0.7215783422541208,below_threshold_or_nonfinite,False,"{""frame"":60,""witness"":1,""root"":2160,""stage"":""outside_prefix""}"
dem-sierra-b50000-transactional-t8,48,60,1,8007,0,2.1508012857769616,4,0.7054264053781806,below_threshold_or_nonfinite,False,"{""frame"":60,""witness"":1,""root"":8007,""stage"":""outside_prefix""}"
dem-sierra-b50000-transactional-t8,48,60,2,-237,0,3.0986850881959906,4,0,below_threshold_or_nonfinite,False,"{""frame"":60,""witness"":2,""root"":-237,""stage"":""outside_prefix""}"
dem-sierra-b50000-transactional-t8,48,60,2,-234,0,3.160809446546417,4,0,below_threshold_or_nonfinite,False,"{""frame"":60,""witness"":2,""root"":-234,""stage"":""outside_prefix""}"
dem-sierra-b50000-transactional-t8,48,61,0,-236,84,5.561209569309316,4,0,flip_exhausted,False,"{""frame"":61,""witness"":0,""root"":-236,""stage"":""flip_exhausted"",""attempts"":[[""E"",""shape_infeasible""],[""E"",""shape_infeasible""],[""E"",""shape_infeasible""],[""F"",""shape_infeasible""],[""H"",""shape_infeasible""],[""H"",""shape_infeasible""],[""R"",""flip_nonconvex_or_existing_diagonal""],[""R"",""flip_nonconvex_or_existing_diagonal""],[""R"",""no_screen_samples""]],""selected"":false}"
dem-sierra-b50000-transactional-t8,48,61,0,-234,0,3.223496713385154,4,0,below_threshold_or_nonfinite,False,"{""frame"":61,""witness"":0,""root"":-234,""stage"":""outside_prefix""}"
dem-sierra-b50000-transactional-t8,48,61,1,2160,0,2.1725588593465255,4,0.7206028756524823,below_threshold_or_nonfinite,False,"{""frame"":61,""witness"":1,""root"":2160,""stage"":""outside_prefix""}"
dem-sierra-b50000-transactional-t8,48,61,1,8007,0,2.1483037311425717,4,0.7043835035471259,below_threshold_or_nonfinite,False,"{""frame"":61,""witness"":1,""root"":8007,""stage"":""outside_prefix""}"
dem-sierra-b50000-transactional-t8,48,61,2,-237,0,3.163506976514485,4,0,below_threshold_or_nonfinite,False,"{""frame"":61,""witness"":2,""root"":-237,""stage"":""outside_prefix""}"
dem-sierra-b50000-transactional-t8,48,61,2,-234,0,3.223496713385154,4,0,below_threshold_or_nonfinite,False,"{""frame"":61,""witness"":2,""root"":-234,""stage"":""outside_prefix""}"
dem-sierra-b50000-transactional-t8,48,62,0,-236,80,5.729855373421528,4,0,flip_exhausted,False,"{""frame"":62,""witness"":0,""root"":-236,""stage"":""flip_exhausted"",""attempts"":[[""E"",""shape_infeasible""],[""E"",""shape_infeasible""],[""E"",""shape_infeasible""],[""F"",""shape_infeasible""],[""H"",""shape_infeasible""],[""H"",""shape_infeasible""],[""R"",""flip_nonconvex_or_existing_diagonal""],[""R"",""flip_nonconvex_or_existing_diagonal""],[""R"",""no_screen_samples""]],""selected"":false}"
dem-sierra-b50000-transactional-t8,48,62,0,-234,0,3.2981072318609397,4,0,below_threshold_or_nonfinite,False,"{""frame"":62,""witness"":0,""root"":-234,""stage"":""outside_prefix""}"
dem-sierra-b50000-transactional-t8,48,62,1,2160,0,2.177208254077992,4,0.7205051096532393,below_threshold_or_nonfinite,False,"{""frame"":62,""witness"":1,""root"":2160,""stage"":""outside_prefix""}"
dem-sierra-b50000-transactional-t8,48,62,1,8007,0,2.151001732675052,4,0.704198815261207,below_threshold_or_nonfinite,False,"{""frame"":62,""witness"":1,""root"":8007,""stage"":""outside_prefix""}"
dem-sierra-b50000-transactional-t8,48,62,2,-237,0,3.24018111585007,4,0,below_threshold_or_nonfinite,False,"{""frame"":62,""witness"":2,""root"":-237,""stage"":""outside_prefix""}"
dem-sierra-b50000-transactional-t8,48,62,2,-234,0,3.2981072318609397,4,0,below_threshold_or_nonfinite,False,"{""frame"":62,""witness"":2,""root"":-234,""stage"":""outside_prefix""}"
dem-sierra-b50000-transactional-t8,48,63,0,-236,66,5.921556689375336,4,0,flip_exhausted,False,"{""frame"":63,""witness"":0,""root"":-236,""stage"":""flip_exhausted"",""attempts"":[[""E"",""shape_infeasible""],[""E"",""shape_infeasible""],[""E"",""shape_infeasible""],[""F"",""shape_infeasible""],[""H"",""shape_infeasible""],[""H"",""shape_infeasible""],[""R"",""flip_nonconvex_or_existing_diagonal""],[""R"",""flip_nonconvex_or_existing_diagonal""],[""R"",""no_screen_samples""]],""selected"":false}"
dem-sierra-b50000-transactional-t8,48,63,0,-234,0,3.385689777983041,4,0,below_threshold_or_nonfinite,False,"{""frame"":63,""witness"":0,""root"":-234,""stage"":""outside_prefix""}"
dem-sierra-b50000-transactional-t8,48,63,1,2160,0,2.18699217790219,4,0.7212843389159012,below_threshold_or_nonfinite,False,"{""frame"":63,""witness"":1,""root"":2160,""stage"":""outside_prefix""}"
dem-sierra-b50000-transactional-t8,48,63,1,8007,0,2.158840090251635,4,0.7048710826938445,below_threshold_or_nonfinite,False,"{""frame"":63,""witness"":1,""root"":8007,""stage"":""outside_prefix""}"
dem-sierra-b50000-transactional-t8,48,63,2,-237,0,3.329760791524794,4,0,below_threshold_or_nonfinite,False,"{""frame"":63,""witness"":2,""root"":-237,""stage"":""outside_prefix""}"
dem-sierra-b50000-transactional-t8,48,63,2,-234,0,3.385689777983041,4,0,below_threshold_or_nonfinite,False,"{""frame"":63,""witness"":2,""root"":-234,""stage"":""outside_prefix""}"
dem-sierra-b50000-transactional-t8,48,64,0,-236,59,5.990918275507133,4,0,flip_exhausted,False,"{""frame"":64,""witness"":0,""root"":-236,""stage"":""flip_exhausted"",""attempts"":[[""E"",""shape_infeasible""],[""E"",""shape_infeasible""],[""E"",""shape_infeasible""],[""F"",""shape_infeasible""],[""H"",""shape_infeasible""],[""H"",""shape_infeasible""],[""R"",""flip_nonconvex_or_existing_diagonal""],[""R"",""flip_nonconvex_or_existing_diagonal""],[""R"",""no_screen_samples""]],""selected"":false}"
dem-sierra-b50000-transactional-t8,48,64,0,-234,0,3.4179714656682125,4,0,below_threshold_or_nonfinite,False,"{""frame"":64,""witness"":0,""root"":-234,""stage"":""outside_prefix""}"
dem-sierra-b50000-transactional-t8,48,64,1,2160,0,2.191395578208667,4,0.72173964741823,below_threshold_or_nonfinite,False,"{""frame"":64,""witness"":1,""root"":2160,""stage"":""outside_prefix""}"
dem-sierra-b50000-transactional-t8,48,64,1,8007,0,2.1625931804872325,4,0.7052861693861805,below_threshold_or_nonfinite,False,"{""frame"":64,""witness"":1,""root"":8007,""stage"":""outside_prefix""}"
dem-sierra-b50000-transactional-t8,48,64,2,-237,0,3.362694528973891,4,0,below_threshold_or_nonfinite,False,"{""frame"":64,""witness"":2,""root"":-237,""stage"":""outside_prefix""}"
dem-sierra-b50000-transactional-t8,48,64,2,-234,0,3.4179714656682125,4,0,below_threshold_or_nonfinite,False,"{""frame"":64,""witness"":2,""root"":-234,""stage"":""outside_prefix""}"
dem-sierra-b50000-transactional-t8,48,65,0,-236,59,5.990918275507133,4,0,flip_exhausted,False,"{""frame"":65,""witness"":0,""root"":-236,""stage"":""flip_exhausted"",""attempts"":[[""E"",""shape_infeasible""],[""E"",""shape_infeasible""],[""E"",""shape_infeasible""],[""F"",""shape_infeasible""],[""H"",""shape_infeasible""],[""H"",""shape_infeasible""],[""R"",""flip_nonconvex_or_existing_diagonal""],[""R"",""flip_nonconvex_or_existing_diagonal""],[""R"",""no_screen_samples""]],""selected"":false}"
dem-sierra-b50000-transactional-t8,48,65,0,-234,0,3.4179714656682125,4,0,below_threshold_or_nonfinite,False,"{""frame"":65,""witness"":0,""root"":-234,""stage"":""outside_prefix""}"
dem-sierra-b50000-transactional-t8,48,65,1,2160,0,2.191395578208667,4,0.72173964741823,below_threshold_or_nonfinite,False,"{""frame"":65,""witness"":1,""root"":2160,""stage"":""outside_prefix""}"
dem-sierra-b50000-transactional-t8,48,65,1,8007,0,2.1625931804872325,4,0.7052861693861805,below_threshold_or_nonfinite,False,"{""frame"":65,""witness"":1,""root"":8007,""stage"":""outside_prefix""}"
dem-sierra-b50000-transactional-t8,48,65,2,-237,0,3.362694528973891,4,0,below_threshold_or_nonfinite,False,"{""frame"":65,""witness"":2,""root"":-237,""stage"":""outside_prefix""}"
dem-sierra-b50000-transactional-t8,48,65,2,-234,0,3.4179714656682125,4,0,below_threshold_or_nonfinite,False,"{""frame"":65,""witness"":2,""root"":-234,""stage"":""outside_prefix""}"
dem-sierra-b50000-transactional-t8,48,66,0,-236,59,5.990918275507133,4,0,flip_exhausted,False,"{""frame"":66,""witness"":0,""root"":-236,""stage"":""flip_exhausted"",""attempts"":[[""E"",""shape_infeasible""],[""E"",""shape_infeasible""],[""E"",""shape_infeasible""],[""F"",""shape_infeasible""],[""H"",""shape_infeasible""],[""H"",""shape_infeasible""],[""R"",""flip_nonconvex_or_existing_diagonal""],[""R"",""flip_nonconvex_or_existing_diagonal""],[""R"",""no_screen_samples""]],""selected"":false}"
dem-sierra-b50000-transactional-t8,48,66,0,-234,0,3.4179714656682125,4,0,below_threshold_or_nonfinite,False,"{""frame"":66,""witness"":0,""root"":-234,""stage"":""outside_prefix""}"
dem-sierra-b50000-transactional-t8,48,66,1,2160,0,2.191395578208667,4,0.72173964741823,below_threshold_or_nonfinite,False,"{""frame"":66,""witness"":1,""root"":2160,""stage"":""outside_prefix""}"
dem-sierra-b50000-transactional-t8,48,66,1,8007,0,2.1625931804872325,4,0.7052861693861805,below_threshold_or_nonfinite,False,"{""frame"":66,""witness"":1,""root"":8007,""stage"":""outside_prefix""}"
dem-sierra-b50000-transactional-t8,48,66,2,-237,0,3.362694528973891,4,0,below_threshold_or_nonfinite,False,"{""frame"":66,""witness"":2,""root"":-237,""stage"":""outside_prefix""}"
dem-sierra-b50000-transactional-t8,48,66,2,-234,0,3.4179714656682125,4,0,below_threshold_or_nonfinite,False,"{""frame"":66,""witness"":2,""root"":-234,""stage"":""outside_prefix""}"
dem-sierra-b50000-transactional-t8,48,67,0,-236,59,5.990918275507133,4,0,flip_exhausted,False,"{""frame"":67,""witness"":0,""root"":-236,""stage"":""flip_exhausted"",""attempts"":[[""E"",""shape_infeasible""],[""E"",""shape_infeasible""],[""E"",""shape_infeasible""],[""F"",""shape_infeasible""],[""H"",""shape_infeasible""],[""H"",""shape_infeasible""],[""R"",""flip_nonconvex_or_existing_diagonal""],[""R"",""flip_nonconvex_or_existing_diagonal""],[""R"",""no_screen_samples""]],""selected"":false}"
dem-sierra-b50000-transactional-t8,48,67,0,-234,0,3.4179714656682125,4,0,below_threshold_or_nonfinite,False,"{""frame"":67,""witness"":0,""root"":-234,""stage"":""outside_prefix""}"
dem-sierra-b50000-transactional-t8,48,67,1,2160,0,2.191395578208667,4,0.72173964741823,below_threshold_or_nonfinite,False,"{""frame"":67,""witness"":1,""root"":2160,""stage"":""outside_prefix""}"
dem-sierra-b50000-transactional-t8,48,67,1,8007,0,2.1625931804872325,4,0.7052861693861805,below_threshold_or_nonfinite,False,"{""frame"":67,""witness"":1,""root"":8007,""stage"":""outside_prefix""}"
dem-sierra-b50000-transactional-t8,48,67,2,-237,0,3.362694528973891,4,0,below_threshold_or_nonfinite,False,"{""frame"":67,""witness"":2,""root"":-237,""stage"":""outside_prefix""}"
dem-sierra-b50000-transactional-t8,48,67,2,-234,0,3.4179714656682125,4,0,below_threshold_or_nonfinite,False,"{""frame"":67,""witness"":2,""root"":-234,""stage"":""outside_prefix""}"
dem-sierra-b50000-transactional-t8,48,68,0,-236,59,5.990918275507133,4,0,flip_exhausted,False,"{""frame"":68,""witness"":0,""root"":-236,""stage"":""flip_exhausted"",""attempts"":[[""E"",""shape_infeasible""],[""E"",""shape_infeasible""],[""E"",""shape_infeasible""],[""F"",""shape_infeasible""],[""H"",""shape_infeasible""],[""H"",""shape_infeasible""],[""R"",""flip_nonconvex_or_existing_diagonal""],[""R"",""flip_nonconvex_or_existing_diagonal""],[""R"",""no_screen_samples""]],""selected"":false}"
dem-sierra-b50000-transactional-t8,48,68,0,-234,0,3.4179714656682125,4,0,below_threshold_or_nonfinite,False,"{""frame"":68,""witness"":0,""root"":-234,""stage"":""outside_prefix""}"
dem-sierra-b50000-transactional-t8,48,68,1,2160,0,2.191395578208667,4,0.72173964741823,below_threshold_or_nonfinite,False,"{""frame"":68,""witness"":1,""root"":2160,""stage"":""outside_prefix""}"
dem-sierra-b50000-transactional-t8,48,68,1,8007,0,2.1625931804872325,4,0.7052861693861805,below_threshold_or_nonfinite,False,"{""frame"":68,""witness"":1,""root"":8007,""stage"":""outside_prefix""}"
dem-sierra-b50000-transactional-t8,48,68,2,-237,0,3.362694528973891,4,0,below_threshold_or_nonfinite,False,"{""frame"":68,""witness"":2,""root"":-237,""stage"":""outside_prefix""}"
dem-sierra-b50000-transactional-t8,48,68,2,-234,0,3.4179714656682125,4,0,below_threshold_or_nonfinite,False,"{""frame"":68,""witness"":2,""root"":-234,""stage"":""outside_prefix""}"
dem-sierra-b50000-transactional-t8,48,69,0,-236,59,5.990918275507133,4,0,flip_exhausted,False,"{""frame"":69,""witness"":0,""root"":-236,""stage"":""flip_exhausted"",""attempts"":[[""E"",""shape_infeasible""],[""E"",""shape_infeasible""],[""E"",""shape_infeasible""],[""F"",""shape_infeasible""],[""H"",""shape_infeasible""],[""H"",""shape_infeasible""],[""R"",""flip_nonconvex_or_existing_diagonal""],[""R"",""flip_nonconvex_or_existing_diagonal""],[""R"",""no_screen_samples""]],""selected"":false}"
dem-sierra-b50000-transactional-t8,48,69,0,-234,0,3.4179714656682125,4,0,below_threshold_or_nonfinite,False,"{""frame"":69,""witness"":0,""root"":-234,""stage"":""outside_prefix""}"
dem-sierra-b50000-transactional-t8,48,69,1,2160,0,2.191395578208667,4,0.72173964741823,below_threshold_or_nonfinite,False,"{""frame"":69,""witness"":1,""root"":2160,""stage"":""outside_prefix""}"
dem-sierra-b50000-transactional-t8,48,69,1,8007,0,2.1625931804872325,4,0.7052861693861805,below_threshold_or_nonfinite,False,"{""frame"":69,""witness"":1,""root"":8007,""stage"":""outside_prefix""}"
dem-sierra-b50000-transactional-t8,48,69,2,-237,0,3.362694528973891,4,0,below_threshold_or_nonfinite,False,"{""frame"":69,""witness"":2,""root"":-237,""stage"":""outside_prefix""}"
dem-sierra-b50000-transactional-t8,48,69,2,-234,0,3.4179714656682125,4,0,below_threshold_or_nonfinite,False,"{""frame"":69,""witness"":2,""root"":-234,""stage"":""outside_prefix""}"
dem-sierra-b50000-transactional-t8,48,70,0,-236,59,5.990918275507133,4,0,flip_exhausted,False,"{""frame"":70,""witness"":0,""root"":-236,""stage"":""flip_exhausted"",""attempts"":[[""E"",""shape_infeasible""],[""E"",""shape_infeasible""],[""E"",""shape_infeasible""],[""F"",""shape_infeasible""],[""H"",""shape_infeasible""],[""H"",""shape_infeasible""],[""R"",""flip_nonconvex_or_existing_diagonal""],[""R"",""flip_nonconvex_or_existing_diagonal""],[""R"",""no_screen_samples""]],""selected"":false}"
dem-sierra-b50000-transactional-t8,48,70,0,-234,0,3.4179714656682125,4,0,below_threshold_or_nonfinite,False,"{""frame"":70,""witness"":0,""root"":-234,""stage"":""outside_prefix""}"
dem-sierra-b50000-transactional-t8,48,70,1,2160,0,2.191395578208667,4,0.72173964741823,below_threshold_or_nonfinite,False,"{""frame"":70,""witness"":1,""root"":2160,""stage"":""outside_prefix""}"
dem-sierra-b50000-transactional-t8,48,70,1,8007,0,2.1625931804872325,4,0.7052861693861805,below_threshold_or_nonfinite,False,"{""frame"":70,""witness"":1,""root"":8007,""stage"":""outside_prefix""}"
dem-sierra-b50000-transactional-t8,48,70,2,-237,0,3.362694528973891,4,0,below_threshold_or_nonfinite,False,"{""frame"":70,""witness"":2,""root"":-237,""stage"":""outside_prefix""}"
dem-sierra-b50000-transactional-t8,48,70,2,-234,0,3.4179714656682125,4,0,below_threshold_or_nonfinite,False,"{""frame"":70,""witness"":2,""root"":-234,""stage"":""outside_prefix""}"
dem-sierra-b50000-transactional-t8,48,71,0,-236,59,5.990918275507133,4,0,flip_exhausted,False,"{""frame"":71,""witness"":0,""root"":-236,""stage"":""flip_exhausted"",""attempts"":[[""E"",""shape_infeasible""],[""E"",""shape_infeasible""],[""E"",""shape_infeasible""],[""F"",""shape_infeasible""],[""H"",""shape_infeasible""],[""H"",""shape_infeasible""],[""R"",""flip_nonconvex_or_existing_diagonal""],[""R"",""flip_nonconvex_or_existing_diagonal""],[""R"",""no_screen_samples""]],""selected"":false}"
dem-sierra-b50000-transactional-t8,48,71,0,-234,0,3.4179714656682125,4,0,below_threshold_or_nonfinite,False,"{""frame"":71,""witness"":0,""root"":-234,""stage"":""outside_prefix""}"
dem-sierra-b50000-transactional-t8,48,71,1,2160,0,2.191395578208667,4,0.72173964741823,below_threshold_or_nonfinite,False,"{""frame"":71,""witness"":1,""root"":2160,""stage"":""outside_prefix""}"
dem-sierra-b50000-transactional-t8,48,71,1,8007,0,2.1625931804872325,4,0.7052861693861805,below_threshold_or_nonfinite,False,"{""frame"":71,""witness"":1,""root"":8007,""stage"":""outside_prefix""}"
dem-sierra-b50000-transactional-t8,48,71,2,-237,0,3.362694528973891,4,0,below_threshold_or_nonfinite,False,"{""frame"":71,""witness"":2,""root"":-237,""stage"":""outside_prefix""}"
dem-sierra-b50000-transactional-t8,48,71,2,-234,0,3.4179714656682125,4,0,below_threshold_or_nonfinite,False,"{""frame"":71,""witness"":2,""root"":-234,""stage"":""outside_prefix""}"
dem-sierra-b50000-transactional-t8,48,72,0,-236,59,5.990918275507133,4,0,flip_exhausted,False,"{""frame"":72,""witness"":0,""root"":-236,""stage"":""flip_exhausted"",""attempts"":[[""E"",""shape_infeasible""],[""E"",""shape_infeasible""],[""E"",""shape_infeasible""],[""F"",""shape_infeasible""],[""H"",""shape_infeasible""],[""H"",""shape_infeasible""],[""R"",""flip_nonconvex_or_existing_diagonal""],[""R"",""flip_nonconvex_or_existing_diagonal""],[""R"",""no_screen_samples""]],""selected"":false}"
dem-sierra-b50000-transactional-t8,48,72,0,-234,0,3.4179714656682125,4,0,below_threshold_or_nonfinite,False,"{""frame"":72,""witness"":0,""root"":-234,""stage"":""outside_prefix""}"
dem-sierra-b50000-transactional-t8,48,72,1,2160,0,2.191395578208667,4,0.72173964741823,below_threshold_or_nonfinite,False,"{""frame"":72,""witness"":1,""root"":2160,""stage"":""outside_prefix""}"
dem-sierra-b50000-transactional-t8,48,72,1,8007,0,2.1625931804872325,4,0.7052861693861805,below_threshold_or_nonfinite,False,"{""frame"":72,""witness"":1,""root"":8007,""stage"":""outside_prefix""}"
dem-sierra-b50000-transactional-t8,48,72,2,-237,0,3.362694528973891,4,0,below_threshold_or_nonfinite,False,"{""frame"":72,""witness"":2,""root"":-237,""stage"":""outside_prefix""}"
dem-sierra-b50000-transactional-t8,48,72,2,-234,0,3.4179714656682125,4,0,below_threshold_or_nonfinite,False,"{""frame"":72,""witness"":2,""root"":-234,""stage"":""outside_prefix""}"
dem-sierra-b50000-transactional-t8,48,73,0,-236,59,5.990918275507133,4,0,flip_exhausted,False,"{""frame"":73,""witness"":0,""root"":-236,""stage"":""flip_exhausted"",""attempts"":[[""E"",""shape_infeasible""],[""E"",""shape_infeasible""],[""E"",""shape_infeasible""],[""F"",""shape_infeasible""],[""H"",""shape_infeasible""],[""H"",""shape_infeasible""],[""R"",""flip_nonconvex_or_existing_diagonal""],[""R"",""flip_nonconvex_or_existing_diagonal""],[""R"",""no_screen_samples""]],""selected"":false}"
dem-sierra-b50000-transactional-t8,48,73,0,-234,0,3.4179714656682125,4,0,below_threshold_or_nonfinite,False,"{""frame"":73,""witness"":0,""root"":-234,""stage"":""outside_prefix""}"
dem-sierra-b50000-transactional-t8,48,73,1,2160,0,2.191395578208667,4,0.72173964741823,below_threshold_or_nonfinite,False,"{""frame"":73,""witness"":1,""root"":2160,""stage"":""outside_prefix""}"
dem-sierra-b50000-transactional-t8,48,73,1,8007,0,2.1625931804872325,4,0.7052861693861805,below_threshold_or_nonfinite,False,"{""frame"":73,""witness"":1,""root"":8007,""stage"":""outside_prefix""}"
dem-sierra-b50000-transactional-t8,48,73,2,-237,0,3.362694528973891,4,0,below_threshold_or_nonfinite,False,"{""frame"":73,""witness"":2,""root"":-237,""stage"":""outside_prefix""}"
dem-sierra-b50000-transactional-t8,48,73,2,-234,0,3.4179714656682125,4,0,below_threshold_or_nonfinite,False,"{""frame"":73,""witness"":2,""root"":-234,""stage"":""outside_prefix""}"
dem-sierra-b50000-transactional-t8,48,74,0,-236,59,5.990918275507133,4,0,flip_exhausted,False,"{""frame"":74,""witness"":0,""root"":-236,""stage"":""flip_exhausted"",""attempts"":[[""E"",""shape_infeasible""],[""E"",""shape_infeasible""],[""E"",""shape_infeasible""],[""F"",""shape_infeasible""],[""H"",""shape_infeasible""],[""H"",""shape_infeasible""],[""R"",""flip_nonconvex_or_existing_diagonal""],[""R"",""flip_nonconvex_or_existing_diagonal""],[""R"",""no_screen_samples""]],""selected"":false}"
dem-sierra-b50000-transactional-t8,48,74,0,-234,0,3.4179714656682125,4,0,below_threshold_or_nonfinite,False,"{""frame"":74,""witness"":0,""root"":-234,""stage"":""outside_prefix""}"
dem-sierra-b50000-transactional-t8,48,74,1,2160,0,2.191395578208667,4,0.72173964741823,below_threshold_or_nonfinite,False,"{""frame"":74,""witness"":1,""root"":2160,""stage"":""outside_prefix""}"
dem-sierra-b50000-transactional-t8,48,74,1,8007,0,2.1625931804872325,4,0.7052861693861805,below_threshold_or_nonfinite,False,"{""frame"":74,""witness"":1,""root"":8007,""stage"":""outside_prefix""}"
dem-sierra-b50000-transactional-t8,48,74,2,-237,0,3.362694528973891,4,0,below_threshold_or_nonfinite,False,"{""frame"":74,""witness"":2,""root"":-237,""stage"":""outside_prefix""}"
dem-sierra-b50000-transactional-t8,48,74,2,-234,0,3.4179714656682125,4,0,below_threshold_or_nonfinite,False,"{""frame"":74,""witness"":2,""root"":-234,""stage"":""outside_prefix""}"
dem-sierra-b50000-transactional-t8,48,75,0,-236,59,5.990918275507133,4,0,flip_exhausted,False,"{""frame"":75,""witness"":0,""root"":-236,""stage"":""flip_exhausted"",""attempts"":[[""E"",""shape_infeasible""],[""E"",""shape_infeasible""],[""E"",""shape_infeasible""],[""F"",""shape_infeasible""],[""H"",""shape_infeasible""],[""H"",""shape_infeasible""],[""R"",""flip_nonconvex_or_existing_diagonal""],[""R"",""flip_nonconvex_or_existing_diagonal""],[""R"",""no_screen_samples""]],""selected"":false}"
dem-sierra-b50000-transactional-t8,48,75,0,-234,0,3.4179714656682125,4,0,below_threshold_or_nonfinite,False,"{""frame"":75,""witness"":0,""root"":-234,""stage"":""outside_prefix""}"
dem-sierra-b50000-transactional-t8,48,75,1,2160,0,2.191395578208667,4,0.72173964741823,below_threshold_or_nonfinite,False,"{""frame"":75,""witness"":1,""root"":2160,""stage"":""outside_prefix""}"
dem-sierra-b50000-transactional-t8,48,75,1,8007,0,2.1625931804872325,4,0.7052861693861805,below_threshold_or_nonfinite,False,"{""frame"":75,""witness"":1,""root"":8007,""stage"":""outside_prefix""}"
dem-sierra-b50000-transactional-t8,48,75,2,-237,0,3.362694528973891,4,0,below_threshold_or_nonfinite,False,"{""frame"":75,""witness"":2,""root"":-237,""stage"":""outside_prefix""}"
dem-sierra-b50000-transactional-t8,48,75,2,-234,0,3.4179714656682125,4,0,below_threshold_or_nonfinite,False,"{""frame"":75,""witness"":2,""root"":-234,""stage"":""outside_prefix""}"
dem-sierra-b50000-transactional-t8,48,76,0,-236,59,5.990918275507133,4,0,flip_exhausted,False,"{""frame"":76,""witness"":0,""root"":-236,""stage"":""flip_exhausted"",""attempts"":[[""E"",""shape_infeasible""],[""E"",""shape_infeasible""],[""E"",""shape_infeasible""],[""F"",""shape_infeasible""],[""H"",""shape_infeasible""],[""H"",""shape_infeasible""],[""R"",""flip_nonconvex_or_existing_diagonal""],[""R"",""flip_nonconvex_or_existing_diagonal""],[""R"",""no_screen_samples""]],""selected"":false}"
dem-sierra-b50000-transactional-t8,48,76,0,-234,0,3.4179714656682125,4,0,below_threshold_or_nonfinite,False,"{""frame"":76,""witness"":0,""root"":-234,""stage"":""outside_prefix""}"
dem-sierra-b50000-transactional-t8,48,76,1,2160,0,2.191395578208667,4,0.72173964741823,below_threshold_or_nonfinite,False,"{""frame"":76,""witness"":1,""root"":2160,""stage"":""outside_prefix""}"
dem-sierra-b50000-transactional-t8,48,76,1,8007,0,2.1625931804872325,4,0.7052861693861805,below_threshold_or_nonfinite,False,"{""frame"":76,""witness"":1,""root"":8007,""stage"":""outside_prefix""}"
dem-sierra-b50000-transactional-t8,48,76,2,-237,0,3.362694528973891,4,0,below_threshold_or_nonfinite,False,"{""frame"":76,""witness"":2,""root"":-237,""stage"":""outside_prefix""}"
dem-sierra-b50000-transactional-t8,48,76,2,-234,0,3.4179714656682125,4,0,below_threshold_or_nonfinite,False,"{""frame"":76,""witness"":2,""root"":-234,""stage"":""outside_prefix""}"
dem-sierra-b50000-transactional-t8,48,77,0,-236,59,5.990918275507133,4,0,flip_exhausted,False,"{""frame"":77,""witness"":0,""root"":-236,""stage"":""flip_exhausted"",""attempts"":[[""E"",""shape_infeasible""],[""E"",""shape_infeasible""],[""E"",""shape_infeasible""],[""F"",""shape_infeasible""],[""H"",""shape_infeasible""],[""H"",""shape_infeasible""],[""R"",""flip_nonconvex_or_existing_diagonal""],[""R"",""flip_nonconvex_or_existing_diagonal""],[""R"",""no_screen_samples""]],""selected"":false}"
dem-sierra-b50000-transactional-t8,48,77,0,-234,0,3.4179714656682125,4,0,below_threshold_or_nonfinite,False,"{""frame"":77,""witness"":0,""root"":-234,""stage"":""outside_prefix""}"
dem-sierra-b50000-transactional-t8,48,77,1,2160,0,2.191395578208667,4,0.72173964741823,below_threshold_or_nonfinite,False,"{""frame"":77,""witness"":1,""root"":2160,""stage"":""outside_prefix""}"
dem-sierra-b50000-transactional-t8,48,77,1,8007,0,2.1625931804872325,4,0.7052861693861805,below_threshold_or_nonfinite,False,"{""frame"":77,""witness"":1,""root"":8007,""stage"":""outside_prefix""}"
dem-sierra-b50000-transactional-t8,48,77,2,-237,0,3.362694528973891,4,0,below_threshold_or_nonfinite,False,"{""frame"":77,""witness"":2,""root"":-237,""stage"":""outside_prefix""}"
dem-sierra-b50000-transactional-t8,48,77,2,-234,0,3.4179714656682125,4,0,below_threshold_or_nonfinite,False,"{""frame"":77,""witness"":2,""root"":-234,""stage"":""outside_prefix""}"
dem-sierra-b50000-transactional-t8,48,78,0,-236,59,5.990918275507133,4,0,flip_exhausted,False,"{""frame"":78,""witness"":0,""root"":-236,""stage"":""flip_exhausted"",""attempts"":[[""E"",""shape_infeasible""],[""E"",""shape_infeasible""],[""E"",""shape_infeasible""],[""F"",""shape_infeasible""],[""H"",""shape_infeasible""],[""H"",""shape_infeasible""],[""R"",""flip_nonconvex_or_existing_diagonal""],[""R"",""flip_nonconvex_or_existing_diagonal""],[""R"",""no_screen_samples""]],""selected"":false}"
dem-sierra-b50000-transactional-t8,48,78,0,-234,0,3.4179714656682125,4,0,below_threshold_or_nonfinite,False,"{""frame"":78,""witness"":0,""root"":-234,""stage"":""outside_prefix""}"
dem-sierra-b50000-transactional-t8,48,78,1,2160,0,2.191395578208667,4,0.72173964741823,below_threshold_or_nonfinite,False,"{""frame"":78,""witness"":1,""root"":2160,""stage"":""outside_prefix""}"
dem-sierra-b50000-transactional-t8,48,78,1,8007,0,2.1625931804872325,4,0.7052861693861805,below_threshold_or_nonfinite,False,"{""frame"":78,""witness"":1,""root"":8007,""stage"":""outside_prefix""}"
dem-sierra-b50000-transactional-t8,48,78,2,-237,0,3.362694528973891,4,0,below_threshold_or_nonfinite,False,"{""frame"":78,""witness"":2,""root"":-237,""stage"":""outside_prefix""}"
dem-sierra-b50000-transactional-t8,48,78,2,-234,0,3.4179714656682125,4,0,below_threshold_or_nonfinite,False,"{""frame"":78,""witness"":2,""root"":-234,""stage"":""outside_prefix""}"
dem-sierra-b50000-transactional-t8,48,79,0,-236,59,5.990918275507133,4,0,flip_exhausted,False,"{""frame"":79,""witness"":0,""root"":-236,""stage"":""flip_exhausted"",""attempts"":[[""E"",""shape_infeasible""],[""E"",""shape_infeasible""],[""E"",""shape_infeasible""],[""F"",""shape_infeasible""],[""H"",""shape_infeasible""],[""H"",""shape_infeasible""],[""R"",""flip_nonconvex_or_existing_diagonal""],[""R"",""flip_nonconvex_or_existing_diagonal""],[""R"",""no_screen_samples""]],""selected"":false}"
dem-sierra-b50000-transactional-t8,48,79,0,-234,0,3.4179714656682125,4,0,below_threshold_or_nonfinite,False,"{""frame"":79,""witness"":0,""root"":-234,""stage"":""outside_prefix""}"
dem-sierra-b50000-transactional-t8,48,79,1,2160,0,2.191395578208667,4,0.72173964741823,below_threshold_or_nonfinite,False,"{""frame"":79,""witness"":1,""root"":2160,""stage"":""outside_prefix""}"
dem-sierra-b50000-transactional-t8,48,79,1,8007,0,2.1625931804872325,4,0.7052861693861805,below_threshold_or_nonfinite,False,"{""frame"":79,""witness"":1,""root"":8007,""stage"":""outside_prefix""}"
dem-sierra-b50000-transactional-t8,48,79,2,-237,0,3.362694528973891,4,0,below_threshold_or_nonfinite,False,"{""frame"":79,""witness"":2,""root"":-237,""stage"":""outside_prefix""}"
dem-sierra-b50000-transactional-t8,48,79,2,-234,0,3.4179714656682125,4,0,below_threshold_or_nonfinite,False,"{""frame"":79,""witness"":2,""root"":-234,""stage"":""outside_prefix""}"
dem-sierra-b50000-transactional-t8,48,80,0,-236,59,5.990918275507133,4,0,flip_exhausted,False,"{""frame"":80,""witness"":0,""root"":-236,""stage"":""flip_exhausted"",""attempts"":[[""E"",""shape_infeasible""],[""E"",""shape_infeasible""],[""E"",""shape_infeasible""],[""F"",""shape_infeasible""],[""H"",""shape_infeasible""],[""H"",""shape_infeasible""],[""R"",""flip_nonconvex_or_existing_diagonal""],[""R"",""flip_nonconvex_or_existing_diagonal""],[""R"",""no_screen_samples""]],""selected"":false}"
dem-sierra-b50000-transactional-t8,48,80,0,-234,0,3.4179714656682125,4,0,below_threshold_or_nonfinite,False,"{""frame"":80,""witness"":0,""root"":-234,""stage"":""outside_prefix""}"
dem-sierra-b50000-transactional-t8,48,80,1,2160,0,2.191395578208667,4,0.72173964741823,below_threshold_or_nonfinite,False,"{""frame"":80,""witness"":1,""root"":2160,""stage"":""outside_prefix""}"
dem-sierra-b50000-transactional-t8,48,80,1,8007,0,2.1625931804872325,4,0.7052861693861805,below_threshold_or_nonfinite,False,"{""frame"":80,""witness"":1,""root"":8007,""stage"":""outside_prefix""}"
dem-sierra-b50000-transactional-t8,48,80,2,-237,0,3.362694528973891,4,0,below_threshold_or_nonfinite,False,"{""frame"":80,""witness"":2,""root"":-237,""stage"":""outside_prefix""}"
dem-sierra-b50000-transactional-t8,48,80,2,-234,0,3.4179714656682125,4,0,below_threshold_or_nonfinite,False,"{""frame"":80,""witness"":2,""root"":-234,""stage"":""outside_prefix""}"
dem-sierra-b50000-transactional-t8,48,81,0,-236,59,5.990918275507133,4,0,flip_exhausted,False,"{""frame"":81,""witness"":0,""root"":-236,""stage"":""flip_exhausted"",""attempts"":[[""E"",""shape_infeasible""],[""E"",""shape_infeasible""],[""E"",""shape_infeasible""],[""F"",""shape_infeasible""],[""H"",""shape_infeasible""],[""H"",""shape_infeasible""],[""R"",""flip_nonconvex_or_existing_diagonal""],[""R"",""flip_nonconvex_or_existing_diagonal""],[""R"",""no_screen_samples""]],""selected"":false}"
dem-sierra-b50000-transactional-t8,48,81,0,-234,0,3.4179714656682125,4,0,below_threshold_or_nonfinite,False,"{""frame"":81,""witness"":0,""root"":-234,""stage"":""outside_prefix""}"
dem-sierra-b50000-transactional-t8,48,81,1,2160,0,2.191395578208667,4,0.72173964741823,below_threshold_or_nonfinite,False,"{""frame"":81,""witness"":1,""root"":2160,""stage"":""outside_prefix""}"
dem-sierra-b50000-transactional-t8,48,81,1,8007,0,2.1625931804872325,4,0.7052861693861805,below_threshold_or_nonfinite,False,"{""frame"":81,""witness"":1,""root"":8007,""stage"":""outside_prefix""}"
dem-sierra-b50000-transactional-t8,48,81,2,-237,0,3.362694528973891,4,0,below_threshold_or_nonfinite,False,"{""frame"":81,""witness"":2,""root"":-237,""stage"":""outside_prefix""}"
dem-sierra-b50000-transactional-t8,48,81,2,-234,0,3.4179714656682125,4,0,below_threshold_or_nonfinite,False,"{""frame"":81,""witness"":2,""root"":-234,""stage"":""outside_prefix""}"
dem-sierra-b50000-transactional-t8,48,82,0,-236,59,5.990918275507133,4,0,flip_exhausted,False,"{""frame"":82,""witness"":0,""root"":-236,""stage"":""flip_exhausted"",""attempts"":[[""E"",""shape_infeasible""],[""E"",""shape_infeasible""],[""E"",""shape_infeasible""],[""F"",""shape_infeasible""],[""H"",""shape_infeasible""],[""H"",""shape_infeasible""],[""R"",""flip_nonconvex_or_existing_diagonal""],[""R"",""flip_nonconvex_or_existing_diagonal""],[""R"",""no_screen_samples""]],""selected"":false}"
dem-sierra-b50000-transactional-t8,48,82,0,-234,0,3.4179714656682125,4,0,below_threshold_or_nonfinite,False,"{""frame"":82,""witness"":0,""root"":-234,""stage"":""outside_prefix""}"
dem-sierra-b50000-transactional-t8,48,82,1,2160,0,2.191395578208667,4,0.72173964741823,below_threshold_or_nonfinite,False,"{""frame"":82,""witness"":1,""root"":2160,""stage"":""outside_prefix""}"
dem-sierra-b50000-transactional-t8,48,82,1,8007,0,2.1625931804872325,4,0.7052861693861805,below_threshold_or_nonfinite,False,"{""frame"":82,""witness"":1,""root"":8007,""stage"":""outside_prefix""}"
dem-sierra-b50000-transactional-t8,48,82,2,-237,0,3.362694528973891,4,0,below_threshold_or_nonfinite,False,"{""frame"":82,""witness"":2,""root"":-237,""stage"":""outside_prefix""}"
dem-sierra-b50000-transactional-t8,48,82,2,-234,0,3.4179714656682125,4,0,below_threshold_or_nonfinite,False,"{""frame"":82,""witness"":2,""root"":-234,""stage"":""outside_prefix""}"
dem-sierra-b50000-transactional-t8,48,83,0,-236,59,5.990918275507133,4,0,flip_exhausted,False,"{""frame"":83,""witness"":0,""root"":-236,""stage"":""flip_exhausted"",""attempts"":[[""E"",""shape_infeasible""],[""E"",""shape_infeasible""],[""E"",""shape_infeasible""],[""F"",""shape_infeasible""],[""H"",""shape_infeasible""],[""H"",""shape_infeasible""],[""R"",""flip_nonconvex_or_existing_diagonal""],[""R"",""flip_nonconvex_or_existing_diagonal""],[""R"",""no_screen_samples""]],""selected"":false}"
dem-sierra-b50000-transactional-t8,48,83,0,-234,0,3.4179714656682125,4,0,below_threshold_or_nonfinite,False,"{""frame"":83,""witness"":0,""root"":-234,""stage"":""outside_prefix""}"
dem-sierra-b50000-transactional-t8,48,83,1,2160,0,2.191395578208667,4,0.72173964741823,below_threshold_or_nonfinite,False,"{""frame"":83,""witness"":1,""root"":2160,""stage"":""outside_prefix""}"
dem-sierra-b50000-transactional-t8,48,83,1,8007,0,2.1625931804872325,4,0.7052861693861805,below_threshold_or_nonfinite,False,"{""frame"":83,""witness"":1,""root"":8007,""stage"":""outside_prefix""}"
dem-sierra-b50000-transactional-t8,48,83,2,-237,0,3.362694528973891,4,0,below_threshold_or_nonfinite,False,"{""frame"":83,""witness"":2,""root"":-237,""stage"":""outside_prefix""}"
dem-sierra-b50000-transactional-t8,48,83,2,-234,0,3.4179714656682125,4,0,below_threshold_or_nonfinite,False,"{""frame"":83,""witness"":2,""root"":-234,""stage"":""outside_prefix""}"
dem-sierra-b50000-transactional-t8,48,84,0,-236,59,5.990918275507133,4,0,flip_exhausted,False,"{""frame"":84,""witness"":0,""root"":-236,""stage"":""flip_exhausted"",""attempts"":[[""E"",""shape_infeasible""],[""E"",""shape_infeasible""],[""E"",""shape_infeasible""],[""F"",""shape_infeasible""],[""H"",""shape_infeasible""],[""H"",""shape_infeasible""],[""R"",""flip_nonconvex_or_existing_diagonal""],[""R"",""flip_nonconvex_or_existing_diagonal""],[""R"",""no_screen_samples""]],""selected"":false}"
dem-sierra-b50000-transactional-t8,48,84,0,-234,0,3.4179714656682125,4,0,below_threshold_or_nonfinite,False,"{""frame"":84,""witness"":0,""root"":-234,""stage"":""outside_prefix""}"
dem-sierra-b50000-transactional-t8,48,84,1,2160,0,2.191395578208667,4,0.72173964741823,below_threshold_or_nonfinite,False,"{""frame"":84,""witness"":1,""root"":2160,""stage"":""outside_prefix""}"
dem-sierra-b50000-transactional-t8,48,84,1,8007,0,2.1625931804872325,4,0.7052861693861805,below_threshold_or_nonfinite,False,"{""frame"":84,""witness"":1,""root"":8007,""stage"":""outside_prefix""}"
dem-sierra-b50000-transactional-t8,48,84,2,-237,0,3.362694528973891,4,0,below_threshold_or_nonfinite,False,"{""frame"":84,""witness"":2,""root"":-237,""stage"":""outside_prefix""}"
dem-sierra-b50000-transactional-t8,48,84,2,-234,0,3.4179714656682125,4,0,below_threshold_or_nonfinite,False,"{""frame"":84,""witness"":2,""root"":-234,""stage"":""outside_prefix""}"
dem-sierra-b50000-transactional-t8,48,85,0,-236,59,5.990918275507133,4,0,flip_exhausted,False,"{""frame"":85,""witness"":0,""root"":-236,""stage"":""flip_exhausted"",""attempts"":[[""E"",""shape_infeasible""],[""E"",""shape_infeasible""],[""E"",""shape_infeasible""],[""F"",""shape_infeasible""],[""H"",""shape_infeasible""],[""H"",""shape_infeasible""],[""R"",""flip_nonconvex_or_existing_diagonal""],[""R"",""flip_nonconvex_or_existing_diagonal""],[""R"",""no_screen_samples""]],""selected"":false}"
dem-sierra-b50000-transactional-t8,48,85,0,-234,0,3.4179714656682125,4,0,below_threshold_or_nonfinite,False,"{""frame"":85,""witness"":0,""root"":-234,""stage"":""outside_prefix""}"
dem-sierra-b50000-transactional-t8,48,85,1,2160,0,2.191395578208667,4,0.72173964741823,below_threshold_or_nonfinite,False,"{""frame"":85,""witness"":1,""root"":2160,""stage"":""outside_prefix""}"
dem-sierra-b50000-transactional-t8,48,85,1,8007,0,2.1625931804872325,4,0.7052861693861805,below_threshold_or_nonfinite,False,"{""frame"":85,""witness"":1,""root"":8007,""stage"":""outside_prefix""}"
dem-sierra-b50000-transactional-t8,48,85,2,-237,0,3.362694528973891,4,0,below_threshold_or_nonfinite,False,"{""frame"":85,""witness"":2,""root"":-237,""stage"":""outside_prefix""}"
dem-sierra-b50000-transactional-t8,48,85,2,-234,0,3.4179714656682125,4,0,below_threshold_or_nonfinite,False,"{""frame"":85,""witness"":2,""root"":-234,""stage"":""outside_prefix""}"
dem-sierra-b50000-transactional-t8,48,86,0,-236,59,5.990918275507133,4,0,flip_exhausted,False,"{""frame"":86,""witness"":0,""root"":-236,""stage"":""flip_exhausted"",""attempts"":[[""E"",""shape_infeasible""],[""E"",""shape_infeasible""],[""E"",""shape_infeasible""],[""F"",""shape_infeasible""],[""H"",""shape_infeasible""],[""H"",""shape_infeasible""],[""R"",""flip_nonconvex_or_existing_diagonal""],[""R"",""flip_nonconvex_or_existing_diagonal""],[""R"",""no_screen_samples""]],""selected"":false}"
dem-sierra-b50000-transactional-t8,48,86,0,-234,0,3.4179714656682125,4,0,below_threshold_or_nonfinite,False,"{""frame"":86,""witness"":0,""root"":-234,""stage"":""outside_prefix""}"
dem-sierra-b50000-transactional-t8,48,86,1,2160,0,2.191395578208667,4,0.72173964741823,below_threshold_or_nonfinite,False,"{""frame"":86,""witness"":1,""root"":2160,""stage"":""outside_prefix""}"
dem-sierra-b50000-transactional-t8,48,86,1,8007,0,2.1625931804872325,4,0.7052861693861805,below_threshold_or_nonfinite,False,"{""frame"":86,""witness"":1,""root"":8007,""stage"":""outside_prefix""}"
dem-sierra-b50000-transactional-t8,48,86,2,-237,0,3.362694528973891,4,0,below_threshold_or_nonfinite,False,"{""frame"":86,""witness"":2,""root"":-237,""stage"":""outside_prefix""}"
dem-sierra-b50000-transactional-t8,48,86,2,-234,0,3.4179714656682125,4,0,below_threshold_or_nonfinite,False,"{""frame"":86,""witness"":2,""root"":-234,""stage"":""outside_prefix""}"
dem-sierra-b50000-transactional-t8,48,87,0,-236,59,5.990918275507133,4,0,flip_exhausted,False,"{""frame"":87,""witness"":0,""root"":-236,""stage"":""flip_exhausted"",""attempts"":[[""E"",""shape_infeasible""],[""E"",""shape_infeasible""],[""E"",""shape_infeasible""],[""F"",""shape_infeasible""],[""H"",""shape_infeasible""],[""H"",""shape_infeasible""],[""R"",""flip_nonconvex_or_existing_diagonal""],[""R"",""flip_nonconvex_or_existing_diagonal""],[""R"",""no_screen_samples""]],""selected"":false}"
dem-sierra-b50000-transactional-t8,48,87,0,-234,0,3.4179714656682125,4,0,below_threshold_or_nonfinite,False,"{""frame"":87,""witness"":0,""root"":-234,""stage"":""outside_prefix""}"
dem-sierra-b50000-transactional-t8,48,87,1,2160,0,2.191395578208667,4,0.72173964741823,below_threshold_or_nonfinite,False,"{""frame"":87,""witness"":1,""root"":2160,""stage"":""outside_prefix""}"
dem-sierra-b50000-transactional-t8,48,87,1,8007,0,2.1625931804872325,4,0.7052861693861805,below_threshold_or_nonfinite,False,"{""frame"":87,""witness"":1,""root"":8007,""stage"":""outside_prefix""}"
dem-sierra-b50000-transactional-t8,48,87,2,-237,0,3.362694528973891,4,0,below_threshold_or_nonfinite,False,"{""frame"":87,""witness"":2,""root"":-237,""stage"":""outside_prefix""}"
dem-sierra-b50000-transactional-t8,48,87,2,-234,0,3.4179714656682125,4,0,below_threshold_or_nonfinite,False,"{""frame"":87,""witness"":2,""root"":-234,""stage"":""outside_prefix""}"
dem-sierra-b50000-transactional-t8,48,88,0,-236,59,5.990918275507133,4,0,flip_exhausted,False,"{""frame"":88,""witness"":0,""root"":-236,""stage"":""flip_exhausted"",""attempts"":[[""E"",""shape_infeasible""],[""E"",""shape_infeasible""],[""E"",""shape_infeasible""],[""F"",""shape_infeasible""],[""H"",""shape_infeasible""],[""H"",""shape_infeasible""],[""R"",""flip_nonconvex_or_existing_diagonal""],[""R"",""flip_nonconvex_or_existing_diagonal""],[""R"",""no_screen_samples""]],""selected"":false}"
dem-sierra-b50000-transactional-t8,48,88,0,-234,0,3.4179714656682125,4,0,below_threshold_or_nonfinite,False,"{""frame"":88,""witness"":0,""root"":-234,""stage"":""outside_prefix""}"
dem-sierra-b50000-transactional-t8,48,88,1,2160,0,2.191395578208667,4,0.72173964741823,below_threshold_or_nonfinite,False,"{""frame"":88,""witness"":1,""root"":2160,""stage"":""outside_prefix""}"
dem-sierra-b50000-transactional-t8,48,88,1,8007,0,2.1625931804872325,4,0.7052861693861805,below_threshold_or_nonfinite,False,"{""frame"":88,""witness"":1,""root"":8007,""stage"":""outside_prefix""}"
dem-sierra-b50000-transactional-t8,48,88,2,-237,0,3.362694528973891,4,0,below_threshold_or_nonfinite,False,"{""frame"":88,""witness"":2,""root"":-237,""stage"":""outside_prefix""}"
dem-sierra-b50000-transactional-t8,48,88,2,-234,0,3.4179714656682125,4,0,below_threshold_or_nonfinite,False,"{""frame"":88,""witness"":2,""root"":-234,""stage"":""outside_prefix""}"
dem-sierra-b50000-transactional-t8,48,89,0,-236,59,5.990918275507133,4,0,flip_exhausted,False,"{""frame"":89,""witness"":0,""root"":-236,""stage"":""flip_exhausted"",""attempts"":[[""E"",""shape_infeasible""],[""E"",""shape_infeasible""],[""E"",""shape_infeasible""],[""F"",""shape_infeasible""],[""H"",""shape_infeasible""],[""H"",""shape_infeasible""],[""R"",""flip_nonconvex_or_existing_diagonal""],[""R"",""flip_nonconvex_or_existing_diagonal""],[""R"",""no_screen_samples""]],""selected"":false}"
dem-sierra-b50000-transactional-t8,48,89,0,-234,0,3.4179714656682125,4,0,below_threshold_or_nonfinite,False,"{""frame"":89,""witness"":0,""root"":-234,""stage"":""outside_prefix""}"
dem-sierra-b50000-transactional-t8,48,89,1,2160,0,2.191395578208667,4,0.72173964741823,below_threshold_or_nonfinite,False,"{""frame"":89,""witness"":1,""root"":2160,""stage"":""outside_prefix""}"
dem-sierra-b50000-transactional-t8,48,89,1,8007,0,2.1625931804872325,4,0.7052861693861805,below_threshold_or_nonfinite,False,"{""frame"":89,""witness"":1,""root"":8007,""stage"":""outside_prefix""}"
dem-sierra-b50000-transactional-t8,48,89,2,-237,0,3.362694528973891,4,0,below_threshold_or_nonfinite,False,"{""frame"":89,""witness"":2,""root"":-237,""stage"":""outside_prefix""}"
dem-sierra-b50000-transactional-t8,48,89,2,-234,0,3.4179714656682125,4,0,below_threshold_or_nonfinite,False,"{""frame"":89,""witness"":2,""root"":-234,""stage"":""outside_prefix""}"
dem-sierra-b50000-transactional-t8,48,90,0,-236,59,5.990918275507133,4,0,flip_exhausted,False,"{""frame"":90,""witness"":0,""root"":-236,""stage"":""flip_exhausted"",""attempts"":[[""E"",""shape_infeasible""],[""E"",""shape_infeasible""],[""E"",""shape_infeasible""],[""F"",""shape_infeasible""],[""H"",""shape_infeasible""],[""H"",""shape_infeasible""],[""R"",""flip_nonconvex_or_existing_diagonal""],[""R"",""flip_nonconvex_or_existing_diagonal""],[""R"",""no_screen_samples""]],""selected"":false}"
dem-sierra-b50000-transactional-t8,48,90,0,-234,0,3.4179714656682125,4,0,below_threshold_or_nonfinite,False,"{""frame"":90,""witness"":0,""root"":-234,""stage"":""outside_prefix""}"
dem-sierra-b50000-transactional-t8,48,90,1,2160,0,2.191395578208667,4,0.72173964741823,below_threshold_or_nonfinite,False,"{""frame"":90,""witness"":1,""root"":2160,""stage"":""outside_prefix""}"
dem-sierra-b50000-transactional-t8,48,90,1,8007,0,2.1625931804872325,4,0.7052861693861805,below_threshold_or_nonfinite,False,"{""frame"":90,""witness"":1,""root"":8007,""stage"":""outside_prefix""}"
dem-sierra-b50000-transactional-t8,48,90,2,-237,0,3.362694528973891,4,0,below_threshold_or_nonfinite,False,"{""frame"":90,""witness"":2,""root"":-237,""stage"":""outside_prefix""}"
dem-sierra-b50000-transactional-t8,48,90,2,-234,0,3.4179714656682125,4,0,below_threshold_or_nonfinite,False,"{""frame"":90,""witness"":2,""root"":-234,""stage"":""outside_prefix""}"
dem-sierra-b50000-transactional-t8,48,91,0,-236,59,5.990918275507133,4,0,flip_exhausted,False,"{""frame"":91,""witness"":0,""root"":-236,""stage"":""flip_exhausted"",""attempts"":[[""E"",""shape_infeasible""],[""E"",""shape_infeasible""],[""E"",""shape_infeasible""],[""F"",""shape_infeasible""],[""H"",""shape_infeasible""],[""H"",""shape_infeasible""],[""R"",""flip_nonconvex_or_existing_diagonal""],[""R"",""flip_nonconvex_or_existing_diagonal""],[""R"",""no_screen_samples""]],""selected"":false}"
dem-sierra-b50000-transactional-t8,48,91,0,-234,0,3.4179714656682125,4,0,below_threshold_or_nonfinite,False,"{""frame"":91,""witness"":0,""root"":-234,""stage"":""outside_prefix""}"
dem-sierra-b50000-transactional-t8,48,91,1,2160,0,2.191395578208667,4,0.72173964741823,below_threshold_or_nonfinite,False,"{""frame"":91,""witness"":1,""root"":2160,""stage"":""outside_prefix""}"
dem-sierra-b50000-transactional-t8,48,91,1,8007,0,2.1625931804872325,4,0.7052861693861805,below_threshold_or_nonfinite,False,"{""frame"":91,""witness"":1,""root"":8007,""stage"":""outside_prefix""}"
dem-sierra-b50000-transactional-t8,48,91,2,-237,0,3.362694528973891,4,0,below_threshold_or_nonfinite,False,"{""frame"":91,""witness"":2,""root"":-237,""stage"":""outside_prefix""}"
dem-sierra-b50000-transactional-t8,48,91,2,-234,0,3.4179714656682125,4,0,below_threshold_or_nonfinite,False,"{""frame"":91,""witness"":2,""root"":-234,""stage"":""outside_prefix""}"
dem-sierra-b50000-transactional-t8,48,92,0,-236,59,5.990918275507133,4,0,flip_exhausted,False,"{""frame"":92,""witness"":0,""root"":-236,""stage"":""flip_exhausted"",""attempts"":[[""E"",""shape_infeasible""],[""E"",""shape_infeasible""],[""E"",""shape_infeasible""],[""F"",""shape_infeasible""],[""H"",""shape_infeasible""],[""H"",""shape_infeasible""],[""R"",""flip_nonconvex_or_existing_diagonal""],[""R"",""flip_nonconvex_or_existing_diagonal""],[""R"",""no_screen_samples""]],""selected"":false}"
dem-sierra-b50000-transactional-t8,48,92,0,-234,0,3.4179714656682125,4,0,below_threshold_or_nonfinite,False,"{""frame"":92,""witness"":0,""root"":-234,""stage"":""outside_prefix""}"
dem-sierra-b50000-transactional-t8,48,92,1,2160,0,2.191395578208667,4,0.72173964741823,below_threshold_or_nonfinite,False,"{""frame"":92,""witness"":1,""root"":2160,""stage"":""outside_prefix""}"
dem-sierra-b50000-transactional-t8,48,92,1,8007,0,2.1625931804872325,4,0.7052861693861805,below_threshold_or_nonfinite,False,"{""frame"":92,""witness"":1,""root"":8007,""stage"":""outside_prefix""}"
dem-sierra-b50000-transactional-t8,48,92,2,-237,0,3.362694528973891,4,0,below_threshold_or_nonfinite,False,"{""frame"":92,""witness"":2,""root"":-237,""stage"":""outside_prefix""}"
dem-sierra-b50000-transactional-t8,48,92,2,-234,0,3.4179714656682125,4,0,below_threshold_or_nonfinite,False,"{""frame"":92,""witness"":2,""root"":-234,""stage"":""outside_prefix""}"
dem-sierra-b50000-transactional-t8,48,93,0,-236,59,5.990918275507133,4,0,flip_exhausted,False,"{""frame"":93,""witness"":0,""root"":-236,""stage"":""flip_exhausted"",""attempts"":[[""E"",""shape_infeasible""],[""E"",""shape_infeasible""],[""E"",""shape_infeasible""],[""F"",""shape_infeasible""],[""H"",""shape_infeasible""],[""H"",""shape_infeasible""],[""R"",""flip_nonconvex_or_existing_diagonal""],[""R"",""flip_nonconvex_or_existing_diagonal""],[""R"",""no_screen_samples""]],""selected"":false}"
dem-sierra-b50000-transactional-t8,48,93,0,-234,0,3.4179714656682125,4,0,below_threshold_or_nonfinite,False,"{""frame"":93,""witness"":0,""root"":-234,""stage"":""outside_prefix""}"
dem-sierra-b50000-transactional-t8,48,93,1,2160,0,2.191395578208667,4,0.72173964741823,below_threshold_or_nonfinite,False,"{""frame"":93,""witness"":1,""root"":2160,""stage"":""outside_prefix""}"
dem-sierra-b50000-transactional-t8,48,93,1,8007,0,2.1625931804872325,4,0.7052861693861805,below_threshold_or_nonfinite,False,"{""frame"":93,""witness"":1,""root"":8007,""stage"":""outside_prefix""}"
dem-sierra-b50000-transactional-t8,48,93,2,-237,0,3.362694528973891,4,0,below_threshold_or_nonfinite,False,"{""frame"":93,""witness"":2,""root"":-237,""stage"":""outside_prefix""}"
dem-sierra-b50000-transactional-t8,48,93,2,-234,0,3.4179714656682125,4,0,below_threshold_or_nonfinite,False,"{""frame"":93,""witness"":2,""root"":-234,""stage"":""outside_prefix""}"
dem-sierra-b50000-transactional-t8,48,94,0,-236,59,5.990918275507133,4,0,flip_exhausted,False,"{""frame"":94,""witness"":0,""root"":-236,""stage"":""flip_exhausted"",""attempts"":[[""E"",""shape_infeasible""],[""E"",""shape_infeasible""],[""E"",""shape_infeasible""],[""F"",""shape_infeasible""],[""H"",""shape_infeasible""],[""H"",""shape_infeasible""],[""R"",""flip_nonconvex_or_existing_diagonal""],[""R"",""flip_nonconvex_or_existing_diagonal""],[""R"",""no_screen_samples""]],""selected"":false}"
dem-sierra-b50000-transactional-t8,48,94,0,-234,0,3.4179714656682125,4,0,below_threshold_or_nonfinite,False,"{""frame"":94,""witness"":0,""root"":-234,""stage"":""outside_prefix""}"
dem-sierra-b50000-transactional-t8,48,94,1,2160,0,2.191395578208667,4,0.72173964741823,below_threshold_or_nonfinite,False,"{""frame"":94,""witness"":1,""root"":2160,""stage"":""outside_prefix""}"
dem-sierra-b50000-transactional-t8,48,94,1,8007,0,2.1625931804872325,4,0.7052861693861805,below_threshold_or_nonfinite,False,"{""frame"":94,""witness"":1,""root"":8007,""stage"":""outside_prefix""}"
dem-sierra-b50000-transactional-t8,48,94,2,-237,0,3.362694528973891,4,0,below_threshold_or_nonfinite,False,"{""frame"":94,""witness"":2,""root"":-237,""stage"":""outside_prefix""}"
dem-sierra-b50000-transactional-t8,48,94,2,-234,0,3.4179714656682125,4,0,below_threshold_or_nonfinite,False,"{""frame"":94,""witness"":2,""root"":-234,""stage"":""outside_prefix""}"
dem-sierra-b50000-transactional-t8,48,95,0,-236,59,5.990918275507133,4,0,flip_exhausted,False,"{""frame"":95,""witness"":0,""root"":-236,""stage"":""flip_exhausted"",""attempts"":[[""E"",""shape_infeasible""],[""E"",""shape_infeasible""],[""E"",""shape_infeasible""],[""F"",""shape_infeasible""],[""H"",""shape_infeasible""],[""H"",""shape_infeasible""],[""R"",""flip_nonconvex_or_existing_diagonal""],[""R"",""flip_nonconvex_or_existing_diagonal""],[""R"",""no_screen_samples""]],""selected"":false}"
dem-sierra-b50000-transactional-t8,48,95,0,-234,0,3.4179714656682125,4,0,below_threshold_or_nonfinite,False,"{""frame"":95,""witness"":0,""root"":-234,""stage"":""outside_prefix""}"
dem-sierra-b50000-transactional-t8,48,95,1,2160,0,2.191395578208667,4,0.72173964741823,below_threshold_or_nonfinite,False,"{""frame"":95,""witness"":1,""root"":2160,""stage"":""outside_prefix""}"
dem-sierra-b50000-transactional-t8,48,95,1,8007,0,2.1625931804872325,4,0.7052861693861805,below_threshold_or_nonfinite,False,"{""frame"":95,""witness"":1,""root"":8007,""stage"":""outside_prefix""}"
dem-sierra-b50000-transactional-t8,48,95,2,-237,0,3.362694528973891,4,0,below_threshold_or_nonfinite,False,"{""frame"":95,""witness"":2,""root"":-237,""stage"":""outside_prefix""}"
dem-sierra-b50000-transactional-t8,48,95,2,-234,0,3.4179714656682125,4,0,below_threshold_or_nonfinite,False,"{""frame"":95,""witness"":2,""root"":-234,""stage"":""outside_prefix""}"
dem-sierra-b50000-transactional-t8,95,0,0,428,0,1.4892870546994188,4,1.133568442602344,below_threshold_or_nonfinite,False,"{""frame"":0,""witness"":0,""root"":428,""stage"":""outside_prefix""}"
dem-sierra-b50000-transactional-t8,95,0,0,4812,0,1.4892870546994188,4,1.133568442602344,below_threshold_or_nonfinite,False,"{""frame"":0,""witness"":0,""root"":4812,""stage"":""outside_prefix""}"
dem-sierra-b50000-transactional-t8,95,0,1,2160,0,2.191395578208667,4,0.72173964741823,below_threshold_or_nonfinite,False,"{""frame"":0,""witness"":1,""root"":2160,""stage"":""outside_prefix""}"
dem-sierra-b50000-transactional-t8,95,0,1,8007,0,2.1625931804872325,4,0.7052861693861805,below_threshold_or_nonfinite,False,"{""frame"":0,""witness"":1,""root"":8007,""stage"":""outside_prefix""}"
dem-sierra-b50000-transactional-t8,95,1,0,428,0,1.5422461731202002,4,1.1520845592903906,below_threshold_or_nonfinite,False,"{""frame"":1,""witness"":0,""root"":428,""stage"":""outside_prefix""}"
dem-sierra-b50000-transactional-t8,95,1,0,4812,0,1.5422461731202002,4,1.1520845592903906,below_threshold_or_nonfinite,False,"{""frame"":1,""witness"":0,""root"":4812,""stage"":""outside_prefix""}"
dem-sierra-b50000-transactional-t8,95,1,1,2160,0,2.17989957624868,4,0.7206673463534644,below_threshold_or_nonfinite,False,"{""frame"":1,""witness"":1,""root"":2160,""stage"":""outside_prefix""}"
dem-sierra-b50000-transactional-t8,95,1,1,8007,0,2.153044759223734,4,0.7043276542618042,below_threshold_or_nonfinite,False,"{""frame"":1,""witness"":1,""root"":8007,""stage"":""outside_prefix""}"
dem-sierra-b50000-transactional-t8,95,2,0,428,0,1.6018214485762496,4,1.1726921856954238,below_threshold_or_nonfinite,False,"{""frame"":2,""witness"":0,""root"":428,""stage"":""outside_prefix""}"
dem-sierra-b50000-transactional-t8,95,2,0,4812,0,1.6018214485762496,4,1.1726921856954238,below_threshold_or_nonfinite,False,"{""frame"":2,""witness"":0,""root"":4812,""stage"":""outside_prefix""}"
dem-sierra-b50000-transactional-t8,95,2,1,2160,0,2.173536858454711,4,0.7204729309323082,below_threshold_or_nonfinite,False,"{""frame"":2,""witness"":1,""root"":2160,""stage"":""outside_prefix""}"
dem-sierra-b50000-transactional-t8,95,2,1,8007,0,2.1486295222143275,4,0.704226774400072,below_threshold_or_nonfinite,False,"{""frame"":2,""witness"":1,""root"":8007,""stage"":""outside_prefix""}"
dem-sierra-b50000-transactional-t8,95,3,0,428,0,1.6687704275285336,4,1.1955757173319843,below_threshold_or_nonfinite,False,"{""frame"":3,""witness"":0,""root"":428,""stage"":""outside_prefix""}"
dem-sierra-b50000-transactional-t8,95,3,0,4812,0,1.6687704275285336,4,1.1955757173319843,below_threshold_or_nonfinite,False,"{""frame"":3,""witness"":0,""root"":4812,""stage"":""outside_prefix""}"
dem-sierra-b50000-transactional-t8,95,3,1,2160,0,2.1723280976520196,4,0.7211553683421911,below_threshold_or_nonfinite,False,"{""frame"":3,""witness"":1,""root"":2160,""stage"":""outside_prefix""}"
dem-sierra-b50000-transactional-t8,95,3,1,8007,0,2.149385917534145,4,0.7049830895483414,below_threshold_or_nonfinite,False,"{""frame"":3,""witness"":1,""root"":8007,""stage"":""outside_prefix""}"
dem-sierra-b50000-transactional-t8,95,4,0,428,0,1.7439905813328431,4,1.2209520807639647,below_threshold_or_nonfinite,False,"{""frame"":4,""witness"":0,""root"":428,""stage"":""outside_prefix""}"
dem-sierra-b50000-transactional-t8,95,4,0,4812,0,1.7439905813328431,4,1.2209520807639647,below_threshold_or_nonfinite,False,"{""frame"":4,""witness"":0,""root"":4812,""stage"":""outside_prefix""}"
dem-sierra-b50000-transactional-t8,95,4,1,2160,0,2.176344500651937,4,0.7227190212239609,below_threshold_or_nonfinite,False,"{""frame"":4,""witness"":1,""root"":2160,""stage"":""outside_prefix""}"
dem-sierra-b50000-transactional-t8,95,4,1,8007,0,2.155403157096149,4,0.7066014360281446,below_threshold_or_nonfinite,False,"{""frame"":4,""witness"":1,""root"":8007,""stage"":""outside_prefix""}"
dem-sierra-b50000-transactional-t8,95,5,0,428,0,1.828547252896154,4,1.2490775741155016,below_threshold_or_nonfinite,False,"{""frame"":5,""witness"":0,""root"":428,""stage"":""outside_prefix""}"
dem-sierra-b50000-transactional-t8,95,5,0,4812,0,1.828547252896154,4,1.2490775741155016,below_threshold_or_nonfinite,False,"{""frame"":5,""witness"":0,""root"":4812,""stage"":""outside_prefix""}"
dem-sierra-b50000-transactional-t8,95,5,1,2160,0,2.185708990175182,4,0.7251737773356286,below_threshold_or_nonfinite,False,"{""frame"":5,""witness"":1,""root"":2160,""stage"":""outside_prefix""}"
dem-sierra-b50000-transactional-t8,95,5,1,8007,0,2.1668227398087594,4,0.70909206292067,below_threshold_or_nonfinite,False,"{""frame"":5,""witness"":1,""root"":8007,""stage"":""outside_prefix""}"
dem-sierra-b50000-transactional-t8,95,6,0,428,0,1.923713545460751,4,1.280257989605573,below_threshold_or_nonfinite,False,"{""frame"":6,""witness"":0,""root"":428,""stage"":""outside_prefix""}"
dem-sierra-b50000-transactional-t8,95,6,0,4812,0,1.923713545460751,4,1.280257989605573,below_threshold_or_nonfinite,False,"{""frame"":6,""witness"":0,""root"":4812,""stage"":""outside_prefix""}"
dem-sierra-b50000-transactional-t8,95,6,1,2160,0,2.200601155149828,4,0.7285358089479026,below_threshold_or_nonfinite,False,"{""frame"":6,""witness"":1,""root"":2160,""stage"":""outside_prefix""}"
dem-sierra-b50000-transactional-t8,95,6,1,8007,0,2.1838437414251732,4,0.7124713859931613,below_threshold_or_nonfinite,False,"{""frame"":6,""witness"":1,""root"":8007,""stage"":""outside_prefix""}"
dem-sierra-b50000-transactional-t8,95,7,0,428,0,2.0310127288772555,4,1.3148579981808142,below_threshold_or_nonfinite,False,"{""frame"":7,""witness"":0,""root"":428,""stage"":""outside_prefix""}"
dem-sierra-b50000-transactional-t8,95,7,0,4812,0,2.0310127288772555,4,1.3148579981808142,below_threshold_or_nonfinite,False,"{""frame"":7,""witness"":0,""root"":4812,""stage"":""outside_prefix""}"
dem-sierra-b50000-transactional-t8,95,7,1,2160,0,2.2212579120342935,4,0.732826803097439,below_threshold_or_nonfinite,False,"{""frame"":7,""witness"":1,""root"":2160,""stage"":""outside_prefix""}"
dem-sierra-b50000-transactional-t8,95,7,1,8007,0,2.206723897968628,4,0.7167612454356541,below_threshold_or_nonfinite,False,"{""frame"":7,""witness"":1,""root"":8007,""stage"":""outside_prefix""}"
dem-sierra-b50000-transactional-t8,95,8,0,428,0,2.152282424092773,4,1.3533187072509885,below_threshold_or_nonfinite,False,"{""frame"":8,""witness"":0,""root"":428,""stage"":""outside_prefix""}"
dem-sierra-b50000-transactional-t8,95,8,0,4812,0,2.152282424092773,4,1.3533187072509885,below_threshold_or_nonfinite,False,"{""frame"":8,""witness"":0,""root"":4812,""stage"":""outside_prefix""}"
dem-sierra-b50000-transactional-t8,95,8,1,2160,0,2.2479822876140036,4,0.7380756707142185,below_threshold_or_nonfinite,False,"{""frame"":8,""witness"":1,""root"":2160,""stage"":""outside_prefix""}"
dem-sierra-b50000-transactional-t8,95,8,1,8007,0,2.2357887896973354,4,0.7219905903589736,below_threshold_or_nonfinite,False,"{""frame"":8,""witness"":1,""root"":8007,""stage"":""outside_prefix""}"
dem-sierra-b50000-transactional-t8,95,9,0,428,0,2.2897482812800622,4,1.3961753301411062,below_threshold_or_nonfinite,False,"{""frame"":9,""witness"":0,""root"":428,""stage"":""outside_prefix""}"
dem-sierra-b50000-transactional-t8,95,9,0,4812,0,2.2897482812800622,4,1.3961753301411062,below_threshold_or_nonfinite,False,"{""frame"":9,""witness"":0,""root"":4812,""stage"":""outside_prefix""}"
dem-sierra-b50000-transactional-t8,95,9,1,2160,0,2.2811470846418094,4,0.7443179571304617,below_threshold_or_nonfinite,False,"{""frame"":9,""witness"":1,""root"":2160,""stage"":""outside_prefix""}"
dem-sierra-b50000-transactional-t8,95,9,1,8007,0,2.2714360205311817,4,0.728194916102037,below_threshold_or_nonfinite,False,"{""frame"":9,""witness"":1,""root"":8007,""stage"":""outside_prefix""}"
dem-sierra-b50000-transactional-t8,95,10,0,428,0,2.4461271742895425,4,1.444084955437833,below_threshold_or_nonfinite,False,"{""frame"":10,""witness"":0,""root"":428,""stage"":""outside_prefix""}"
dem-sierra-b50000-transactional-t8,95,10,0,4812,0,2.4461271742895425,4,1.444084955437833,below_threshold_or_nonfinite,False,"{""frame"":10,""witness"":0,""root"":4812,""stage"":""outside_prefix""}"
dem-sierra-b50000-transactional-t8,95,10,1,2160,0,2.321205022068888,4,0.7515970686710476,below_threshold_or_nonfinite,False,"{""frame"":10,""witness"":1,""root"":2160,""stage"":""outside_prefix""}"
dem-sierra-b50000-transactional-t8,95,10,1,8007,0,2.314145953259933,4,0.7354174810062805,below_threshold_or_nonfinite,False,"{""frame"":10,""witness"":1,""root"":8007,""stage"":""outside_prefix""}"
dem-sierra-b50000-transactional-t8,95,11,0,428,0,2.624761293301409,4,1.4978628140998,below_threshold_or_nonfinite,False,"{""frame"":11,""witness"":0,""root"":428,""stage"":""outside_prefix""}"
dem-sierra-b50000-transactional-t8,95,11,0,4812,0,2.624761293301409,4,1.4978628140998,below_threshold_or_nonfinite,False,"{""frame"":11,""witness"":0,""root"":4812,""stage"":""outside_prefix""}"
dem-sierra-b50000-transactional-t8,95,11,1,2160,0,2.368699232405303,4,0.7599651803122279,below_threshold_or_nonfinite,False,"{""frame"":11,""witness"":1,""root"":2160,""stage"":""outside_prefix""}"
dem-sierra-b50000-transactional-t8,95,11,1,8007,0,2.3644929008238127,4,0.7437102142313788,below_threshold_or_nonfinite,False,"{""frame"":11,""witness"":1,""root"":8007,""stage"":""outside_prefix""}"
dem-sierra-b50000-transactional-t8,95,12,0,428,0,2.82979360355322,4,0,below_threshold_or_nonfinite,False,"{""frame"":12,""witness"":0,""root"":428,""stage"":""outside_prefix""}"
dem-sierra-b50000-transactional-t8,95,12,0,4812,0,2.82979360355322,4,0,below_threshold_or_nonfinite,False,"{""frame"":12,""witness"":0,""root"":4812,""stage"":""outside_prefix""}"
dem-sierra-b50000-transactional-t8,95,12,1,2160,0,2.4242757782663937,4,0.7694841251687243,below_threshold_or_nonfinite,False,"{""frame"":12,""witness"":1,""root"":2160,""stage"":""outside_prefix""}"
dem-sierra-b50000-transactional-t8,95,12,1,8007,0,2.423158474234685,4,0.7531346086320577,below_threshold_or_nonfinite,False,"{""frame"":12,""witness"":1,""root"":8007,""stage"":""outside_prefix""}"
dem-sierra-b50000-transactional-t8,95,13,0,428,0,3.066412354547204,4,0,below_threshold_or_nonfinite,False,"{""frame"":13,""witness"":0,""root"":428,""stage"":""outside_prefix""}"
dem-sierra-b50000-transactional-t8,95,13,0,4812,0,3.066412354547204,4,0,below_threshold_or_nonfinite,False,"{""frame"":13,""witness"":0,""root"":4812,""stage"":""outside_prefix""}"
dem-sierra-b50000-transactional-t8,95,13,1,2160,0,2.488700925220037,4,0.7802269154189677,below_threshold_or_nonfinite,False,"{""frame"":13,""witness"":1,""root"":2160,""stage"":""outside_prefix""}"
dem-sierra-b50000-transactional-t8,95,13,1,8007,0,2.490949911532686,4,0.7637632391777198,below_threshold_or_nonfinite,False,"{""frame"":13,""witness"":1,""root"":8007,""stage"":""outside_prefix""}"
dem-sierra-b50000-transactional-t8,95,14,0,428,0,3.34117643098963,4,0,below_threshold_or_nonfinite,False,"{""frame"":14,""witness"":0,""root"":428,""stage"":""outside_prefix""}"
dem-sierra-b50000-transactional-t8,95,14,0,4812,0,3.34117643098963,4,0,below_threshold_or_nonfinite,False,"{""frame"":14,""witness"":0,""root"":4812,""stage"":""outside_prefix""}"
dem-sierra-b50000-transactional-t8,95,14,1,2160,0,2.5628799902699084,4,0.7922792962691748,below_threshold_or_nonfinite,False,"{""frame"":14,""witness"":1,""root"":2160,""stage"":""outside_prefix""}"
dem-sierra-b50000-transactional-t8,95,14,1,8007,0,2.568820204968816,4,0.7756813187724731,below_threshold_or_nonfinite,False,"{""frame"":14,""witness"":1,""root"":8007,""stage"":""outside_prefix""}"
dem-sierra-b50000-transactional-t8,95,15,0,428,0,3.662481640603012,4,0,below_threshold_or_nonfinite,False,"{""frame"":15,""witness"":0,""root"":428,""stage"":""outside_prefix""}"
dem-sierra-b50000-transactional-t8,95,15,0,4812,0,3.662481640603012,4,0,below_threshold_or_nonfinite,False,"{""frame"":15,""witness"":0,""root"":4812,""stage"":""outside_prefix""}"
dem-sierra-b50000-transactional-t8,95,15,1,2160,0,2.647883739235059,4,0.8057420095211005,below_threshold_or_nonfinite,False,"{""frame"":15,""witness"":1,""root"":2160,""stage"":""outside_prefix""}"
dem-sierra-b50000-transactional-t8,95,15,1,8007,0,2.6578961360123343,4,0.7889889607703195,below_threshold_or_nonfinite,False,"{""frame"":15,""witness"":1,""root"":8007,""stage"":""outside_prefix""}"
dem-sierra-b50000-transactional-t8,95,16,0,428,3130,4.041197065642529,4,0,outside_prefix,False,"{""frame"":16,""witness"":0,""root"":428,""stage"":""outside_prefix""}"
dem-sierra-b50000-transactional-t8,95,16,0,4812,3131,4.041197065642529,4,0,outside_prefix,False,"{""frame"":16,""witness"":0,""root"":4812,""stage"":""outside_prefix""}"
dem-sierra-b50000-transactional-t8,95,16,1,2160,0,2.7449767687904876,4,0.8207332990269628,below_threshold_or_nonfinite,False,"{""frame"":16,""witness"":1,""root"":2160,""stage"":""outside_prefix""}"
dem-sierra-b50000-transactional-t8,95,16,1,8007,0,2.7595086146494436,4,0.8038036853445266,below_threshold_or_nonfinite,False,"{""frame"":16,""witness"":1,""root"":8007,""stage"":""outside_prefix""}"
dem-sierra-b50000-transactional-t8,95,17,0,428,2923,4.491612893483017,4,0,outside_prefix,False,"{""frame"":17,""witness"":0,""root"":428,""stage"":""outside_prefix""}"
dem-sierra-b50000-transactional-t8,95,17,0,4812,2924,4.491612893483017,4,0,outside_prefix,False,"{""frame"":17,""witness"":0,""root"":4812,""stage"":""outside_prefix""}"
dem-sierra-b50000-transactional-t8,95,17,1,2160,0,2.8556587548570875,4,0.8373921537809181,below_threshold_or_nonfinite,False,"{""frame"":17,""witness"":1,""root"":2160,""stage"":""outside_prefix""}"
dem-sierra-b50000-transactional-t8,95,17,1,8007,0,2.8752365956428205,4,0.8202636724200714,below_threshold_or_nonfinite,False,"{""frame"":17,""witness"":1,""root"":8007,""stage"":""outside_prefix""}"
dem-sierra-b50000-transactional-t8,95,18,0,428,2706,5.032807988408995,4,0,outside_prefix,False,"{""frame"":18,""witness"":0,""root"":428,""stage"":""outside_prefix""}"
dem-sierra-b50000-transactional-t8,95,18,0,4812,2707,5.032807988408995,4,0,outside_prefix,False,"{""frame"":18,""witness"":0,""root"":4812,""stage"":""outside_prefix""}"
dem-sierra-b50000-transactional-t8,95,18,1,2160,0,2.9817120008262683,4,0.8558832819743865,below_threshold_or_nonfinite,False,"{""frame"":18,""witness"":1,""root"":2160,""stage"":""outside_prefix""}"
dem-sierra-b50000-transactional-t8,95,18,1,8007,0,3.0069579898874186,4,0.8385327267551751,below_threshold_or_nonfinite,False,"{""frame"":18,""witness"":1,""root"":8007,""stage"":""outside_prefix""}"
dem-sierra-b50000-transactional-t8,95,19,0,428,2508,5.690705553223699,4,0,outside_prefix,False,"{""frame"":19,""witness"":0,""root"":428,""stage"":""outside_prefix""}"
dem-sierra-b50000-transactional-t8,95,19,0,4812,2509,5.690705553223699,4,0,outside_prefix,False,"{""frame"":19,""witness"":0,""root"":4812,""stage"":""outside_prefix""}"
dem-sierra-b50000-transactional-t8,95,19,1,2160,0,3.125259517881518,4,0.8764012029403717,below_threshold_or_nonfinite,False,"{""frame"":19,""witness"":1,""root"":2160,""stage"":""outside_prefix""}"
dem-sierra-b50000-transactional-t8,95,19,1,8007,0,3.156911920934179,4,0.8588044101507822,below_threshold_or_nonfinite,False,"{""frame"":19,""witness"":1,""root"":8007,""stage"":""outside_prefix""}"
dem-sierra-b50000-transactional-t8,95,20,0,428,2305,6.501266041393515,4,0,outside_prefix,False,"{""frame"":20,""witness"":0,""root"":428,""stage"":""outside_prefix""}"
dem-sierra-b50000-transactional-t8,95,20,0,4812,2306,6.501266041393515,4,0,outside_prefix,False,"{""frame"":20,""witness"":0,""root"":4812,""stage"":""outside_prefix""}"
dem-sierra-b50000-transactional-t8,95,20,1,2160,0,3.2888458402665877,4,0.8991782367703435,below_threshold_or_nonfinite,False,"{""frame"":20,""witness"":1,""root"":2160,""stage"":""outside_prefix""}"
dem-sierra-b50000-transactional-t8,95,20,1,8007,0,3.327785359706876,4,0.8813100372116023,below_threshold_or_nonfinite,False,"{""frame"":20,""witness"":1,""root"":8007,""stage"":""outside_prefix""}"
dem-sierra-b50000-transactional-t8,95,21,0,428,2110,7.515535154705499,4,0,outside_prefix,False,"{""frame"":21,""witness"":0,""root"":428,""stage"":""outside_prefix""}"
dem-sierra-b50000-transactional-t8,95,21,0,4812,2111,7.515535154705499,4,0,outside_prefix,False,"{""frame"":21,""witness"":0,""root"":4812,""stage"":""outside_prefix""}"
dem-sierra-b50000-transactional-t8,95,21,1,2160,0,3.475534024958113,4,0.9244930454313636,below_threshold_or_nonfinite,False,"{""frame"":21,""witness"":1,""root"":2160,""stage"":""outside_prefix""}"
dem-sierra-b50000-transactional-t8,95,21,1,8007,0,3.5228175516690228,4,0.9063272677357624,below_threshold_or_nonfinite,False,"{""frame"":21,""witness"":1,""root"":8007,""stage"":""outside_prefix""}"
dem-sierra-b50000-transactional-t8,95,22,0,428,1935,8.807918731905293,4,0,outside_prefix,False,"{""frame"":22,""witness"":0,""root"":428,""stage"":""outside_prefix""}"
dem-sierra-b50000-transactional-t8,95,22,0,4812,1936,8.807918731905293,4,0,outside_prefix,False,"{""frame"":22,""witness"":0,""root"":4812,""stage"":""outside_prefix""}"
dem-sierra-b50000-transactional-t8,95,22,1,2160,0,3.6890309853006777,4,0.9526823106460275,below_threshold_or_nonfinite,False,"{""frame"":22,""witness"":1,""root"":2160,""stage"":""outside_prefix""}"
dem-sierra-b50000-transactional-t8,95,22,1,8007,0,3.7459352222173927,4,0.9341918539344716,below_threshold_or_nonfinite,False,"{""frame"":22,""witness"":1,""root"":8007,""stage"":""outside_prefix""}"
dem-sierra-b50000-transactional-t8,95,23,0,428,1819,10.490347635311661,4,0,outside_prefix,False,"{""frame"":23,""witness"":0,""root"":428,""stage"":""outside_prefix""}"
dem-sierra-b50000-transactional-t8,95,23,0,4812,1820,10.490347635311661,4,0,outside_prefix,False,"{""frame"":23,""witness"":0,""root"":4812,""stage"":""outside_prefix""}"
dem-sierra-b50000-transactional-t8,95,23,1,2160,0,3.9338560669532456,4,0.9841567743621975,below_threshold_or_nonfinite,False,"{""frame"":23,""witness"":1,""root"":2160,""stage"":""outside_prefix""}"
dem-sierra-b50000-transactional-t8,95,23,1,8007,5519,4.001934797539815,4,0.9653137886873127,outside_prefix,False,"{""frame"":23,""witness"":1,""root"":8007,""stage"":""outside_prefix""}"
dem-sierra-b50000-transactional-t8,95,24,0,428,1710,12.73750091569234,4,0,outside_prefix,False,"{""frame"":24,""witness"":0,""root"":428,""stage"":""outside_prefix""}"
dem-sierra-b50000-transactional-t8,95,24,0,4812,1711,12.73750091569234,4,0,outside_prefix,False,"{""frame"":24,""witness"":0,""root"":4812,""stage"":""outside_prefix""}"
dem-sierra-b50000-transactional-t8,95,24,1,2160,5557,4.215557262077707,4,1.0194217749655945,outside_prefix,False,"{""frame"":24,""witness"":1,""root"":2160,""stage"":""outside_prefix""}"
dem-sierra-b50000-transactional-t8,95,24,1,8007,5484,4.296716946742034,4,1.0001980231287897,outside_prefix,False,"{""frame"":24,""witness"":1,""root"":8007,""stage"":""outside_prefix""}"
dem-sierra-b50000-transactional-t8,95,25,0,428,1568,15.83435456609684,4,0,outside_prefix,False,"{""frame"":25,""witness"":0,""root"":428,""stage"":""outside_prefix""}"
dem-sierra-b50000-transactional-t8,95,25,0,4812,1569,15.83435456609684,4,0,outside_prefix,False,"{""frame"":25,""witness"":0,""root"":4812,""stage"":""outside_prefix""}"
dem-sierra-b50000-transactional-t8,95,25,1,2160,5545,4.540998839175217,4,0.5103797864502224,outside_prefix,False,"{""frame"":25,""witness"":1,""root"":2160,""stage"":""outside_prefix""}"
dem-sierra-b50000-transactional-t8,95,25,1,8007,5452,4.6375996645615185,4,0,outside_prefix,False,"{""frame"":25,""witness"":1,""root"":8007,""stage"":""outside_prefix""}"
dem-sierra-b50000-transactional-t8,95,26,0,428,1451,20.271794396725518,4,0,outside_prefix,False,"{""frame"":26,""witness"":0,""root"":428,""stage"":""outside_prefix""}"
dem-sierra-b50000-transactional-t8,95,26,0,4812,1452,20.271794396725518,4,0,outside_prefix,False,"{""frame"":26,""witness"":0,""root"":4812,""stage"":""outside_prefix""}"
dem-sierra-b50000-transactional-t8,95,26,1,2160,5547,4.918751684357932,4,0,outside_prefix,False,"{""frame"":26,""witness"":1,""root"":2160,""stage"":""outside_prefix""}"
dem-sierra-b50000-transactional-t8,95,26,1,8007,5459,5.033744363127611,4,0,outside_prefix,False,"{""frame"":26,""witness"":1,""root"":8007,""stage"":""outside_prefix""}"
dem-sierra-b50000-transactional-t8,95,27,0,428,1336,26.955124814875777,4,0,outside_prefix,False,"{""frame"":27,""witness"":0,""root"":428,""stage"":""outside_prefix""}"
dem-sierra-b50000-transactional-t8,95,27,0,4812,1337,26.955124814875777,4,0,outside_prefix,False,"{""frame"":27,""witness"":0,""root"":4812,""stage"":""outside_prefix""}"
dem-sierra-b50000-transactional-t8,95,27,1,2160,5537,5.359624314001499,4,0,outside_prefix,False,"{""frame"":27,""witness"":1,""root"":2160,""stage"":""outside_prefix""}"
dem-sierra-b50000-transactional-t8,95,27,1,8007,5447,5.4967379619326,4,0,outside_prefix,False,"{""frame"":27,""witness"":1,""root"":8007,""stage"":""outside_prefix""}"
dem-sierra-b50000-transactional-t8,95,28,0,428,1222,37.708046295077885,4,0,outside_prefix,False,"{""frame"":28,""witness"":0,""root"":428,""stage"":""outside_prefix""}"
dem-sierra-b50000-transactional-t8,95,28,0,4812,1223,37.708046295077885,4,0,outside_prefix,False,"{""frame"":28,""witness"":0,""root"":4812,""stage"":""outside_prefix""}"
dem-sierra-b50000-transactional-t8,95,28,1,2160,5490,5.8773882049904325,4,0,outside_prefix,False,"{""frame"":28,""witness"":1,""root"":2160,""stage"":""outside_prefix""}"
dem-sierra-b50000-transactional-t8,95,28,1,8007,5418,6.0413916797263125,4,0,outside_prefix,False,"{""frame"":28,""witness"":1,""root"":8007,""stage"":""outside_prefix""}"
dem-sierra-b50000-transactional-t8,95,29,0,428,1085,56.67054993254378,4,0,outside_prefix,False,"{""frame"":29,""witness"":0,""root"":428,""stage"":""outside_prefix""}"
dem-sierra-b50000-transactional-t8,95,29,0,4812,1086,56.67054993254378,4,0,outside_prefix,False,"{""frame"":29,""witness"":0,""root"":4812,""stage"":""outside_prefix""}"
dem-sierra-b50000-transactional-t8,95,29,1,2160,5435,6.489811900772335,4,0,outside_prefix,False,"{""frame"":29,""witness"":1,""root"":2160,""stage"":""outside_prefix""}"
dem-sierra-b50000-transactional-t8,95,29,1,8007,5346,6.686884236052737,4,0,outside_prefix,False,"{""frame"":29,""witness"":1,""root"":8007,""stage"":""outside_prefix""}"
dem-sierra-b50000-transactional-t8,95,30,0,428,919,94.9984316743232,4,0,outside_prefix,False,"{""frame"":30,""witness"":0,""root"":428,""stage"":""outside_prefix""}"
dem-sierra-b50000-transactional-t8,95,30,0,4812,920,94.9984316743232,4,0,outside_prefix,False,"{""frame"":30,""witness"":0,""root"":4812,""stage"":""outside_prefix""}"
dem-sierra-b50000-transactional-t8,95,30,1,2160,5345,7.2201152714620305,4,0,outside_prefix,False,"{""frame"":30,""witness"":1,""root"":2160,""stage"":""outside_prefix""}"
dem-sierra-b50000-transactional-t8,95,30,1,8007,5269,7.458379439258787,4,0,outside_prefix,False,"{""frame"":30,""witness"":1,""root"":8007,""stage"":""outside_prefix""}"
dem-sierra-b50000-transactional-t8,95,31,0,428,678,192.1197094806633,4,0,outside_prefix,False,"{""frame"":31,""witness"":0,""root"":428,""stage"":""outside_prefix""}"
dem-sierra-b50000-transactional-t8,95,31,0,4812,679,192.1197094806633,4,0,outside_prefix,False,"{""frame"":31,""witness"":0,""root"":4812,""stage"":""outside_prefix""}"
dem-sierra-b50000-transactional-t8,95,31,1,2160,5161,8.09911256285099,4,0,outside_prefix,False,"{""frame"":31,""witness"":1,""root"":2160,""stage"":""outside_prefix""}"
dem-sierra-b50000-transactional-t8,95,31,1,8007,5096,8.389421674485375,4,0,outside_prefix,False,"{""frame"":31,""witness"":1,""root"":8007,""stage"":""outside_prefix""}"
dem-sierra-b50000-transactional-t8,95,32,0,428,587,260.57755527487296,4,0,outside_prefix,False,"{""frame"":32,""witness"":0,""root"":428,""stage"":""outside_prefix""}"
dem-sierra-b50000-transactional-t8,95,32,0,4812,588,260.57755527487296,4,0,outside_prefix,False,"{""frame"":32,""witness"":0,""root"":4812,""stage"":""outside_prefix""}"
dem-sierra-b50000-transactional-t8,95,32,1,2160,5096,8.431940604306057,4,0,outside_prefix,False,"{""frame"":32,""witness"":1,""root"":2160,""stage"":""outside_prefix""}"
dem-sierra-b50000-transactional-t8,95,32,1,8007,5019,8.742641112317301,4,0,outside_prefix,False,"{""frame"":32,""witness"":1,""root"":8007,""stage"":""outside_prefix""}"
dem-sierra-b50000-transactional-t8,95,33,0,428,853,116.94668558090339,4,0,outside_prefix,False,"{""frame"":33,""witness"":0,""root"":428,""stage"":""outside_prefix""}"
dem-sierra-b50000-transactional-t8,95,33,0,4812,854,116.94668558090339,4,0,outside_prefix,False,"{""frame"":33,""witness"":0,""root"":4812,""stage"":""outside_prefix""}"
dem-sierra-b50000-transactional-t8,95,33,1,2160,5297,7.4948005223408325,4,0,outside_prefix,False,"{""frame"":33,""witness"":1,""root"":2160,""stage"":""outside_prefix""}"
dem-sierra-b50000-transactional-t8,95,33,1,8007,5230,7.749043132847741,4,0,outside_prefix,False,"{""frame"":33,""witness"":1,""root"":8007,""stage"":""outside_prefix""}"
dem-sierra-b50000-transactional-t8,95,34,0,428,1038,66.33260381498046,4,0,outside_prefix,False,"{""frame"":34,""witness"":0,""root"":428,""stage"":""outside_prefix""}"
dem-sierra-b50000-transactional-t8,95,34,0,4812,1039,66.33260381498046,4,0,outside_prefix,False,"{""frame"":34,""witness"":0,""root"":4812,""stage"":""outside_prefix""}"
dem-sierra-b50000-transactional-t8,95,34,1,2160,5408,6.7188078788128465,4,0,outside_prefix,False,"{""frame"":34,""witness"":1,""root"":2160,""stage"":""outside_prefix""}"
dem-sierra-b50000-transactional-t8,95,34,1,8007,5326,6.928592659689291,4,0,outside_prefix,False,"{""frame"":34,""witness"":1,""root"":8007,""stage"":""outside_prefix""}"
dem-sierra-b50000-transactional-t8,95,35,0,428,1169,42.790580082687626,4,0,outside_prefix,False,"{""frame"":35,""witness"":0,""root"":428,""stage"":""outside_prefix""}"
dem-sierra-b50000-transactional-t8,95,35,0,4812,1170,42.790580082687626,4,0,outside_prefix,False,"{""frame"":35,""witness"":0,""root"":4812,""stage"":""outside_prefix""}"
dem-sierra-b50000-transactional-t8,95,35,1,2160,5477,6.069994297203844,4,0,outside_prefix,False,"{""frame"":35,""witness"":1,""root"":2160,""stage"":""outside_prefix""}"
dem-sierra-b50000-transactional-t8,95,35,1,8007,5398,6.244251102875344,4,0,outside_prefix,False,"{""frame"":35,""witness"":1,""root"":8007,""stage"":""outside_prefix""}"
dem-sierra-b50000-transactional-t8,95,36,0,428,1298,29.952629272403307,4,0,outside_prefix,False,"{""frame"":36,""witness"":0,""root"":428,""stage"":""outside_prefix""}"
dem-sierra-b50000-transactional-t8,95,36,0,4812,1299,29.952629272403307,4,0,outside_prefix,False,"{""frame"":36,""witness"":0,""root"":4812,""stage"":""outside_prefix""}"
dem-sierra-b50000-transactional-t8,95,36,1,2160,5522,5.522884294598631,4,0,outside_prefix,False,"{""frame"":36,""witness"":1,""root"":2160,""stage"":""outside_prefix""}"
dem-sierra-b50000-transactional-t8,95,36,1,8007,5445,5.668370571808895,4,0,outside_prefix,False,"{""frame"":36,""witness"":1,""root"":8007,""stage"":""outside_prefix""}"
dem-sierra-b50000-transactional-t8,95,37,0,428,1410,22.186433300643827,4,0,outside_prefix,False,"{""frame"":37,""witness"":0,""root"":428,""stage"":""outside_prefix""}"
dem-sierra-b50000-transactional-t8,95,37,0,4812,1411,22.186433300643827,4,0,outside_prefix,False,"{""frame"":37,""witness"":0,""root"":4812,""stage"":""outside_prefix""}"
dem-sierra-b50000-transactional-t8,95,37,1,2160,5542,5.058086623434174,4,0,outside_prefix,False,"{""frame"":37,""witness"":1,""root"":2160,""stage"":""outside_prefix""}"
dem-sierra-b50000-transactional-t8,95,37,1,8007,5462,5.179993587975451,4,0,outside_prefix,False,"{""frame"":37,""witness"":1,""root"":8007,""stage"":""outside_prefix""}"
dem-sierra-b50000-transactional-t8,95,38,0,428,1529,17.131341974924332,4,0,outside_prefix,False,"{""frame"":38,""witness"":0,""root"":428,""stage"":""outside_prefix""}"
dem-sierra-b50000-transactional-t8,95,38,0,4812,1530,17.131341974924332,4,0,outside_prefix,False,"{""frame"":38,""witness"":0,""root"":4812,""stage"":""outside_prefix""}"
dem-sierra-b50000-transactional-t8,95,38,1,2160,5537,4.660621820886106,4,0,outside_prefix,False,"{""frame"":38,""witness"":1,""root"":2160,""stage"":""outside_prefix""}"
dem-sierra-b50000-transactional-t8,95,38,1,8007,5455,4.762991391628039,4,0,outside_prefix,False,"{""frame"":38,""witness"":1,""root"":8007,""stage"":""outside_prefix""}"
dem-sierra-b50000-transactional-t8,95,39,0,428,1659,13.65669097494801,4,0,outside_prefix,False,"{""frame"":39,""witness"":0,""root"":428,""stage"":""outside_prefix""}"
dem-sierra-b50000-transactional-t8,95,39,0,4812,1660,13.65669097494801,4,0,outside_prefix,False,"{""frame"":39,""witness"":0,""root"":4812,""stage"":""outside_prefix""}"
dem-sierra-b50000-transactional-t8,95,39,1,2160,5564,4.318794419920999,4,1.032123667241499,outside_prefix,False,"{""frame"":39,""witness"":1,""root"":2160,""stage"":""outside_prefix""}"
dem-sierra-b50000-transactional-t8,95,39,1,8007,5468,4.404812996851555,4,1.012766733589801,outside_prefix,False,"{""frame"":39,""witness"":1,""root"":8007,""stage"":""outside_prefix""}"
dem-sierra-b50000-transactional-t8,95,40,0,428,1785,11.165484074672325,4,0,outside_prefix,False,"{""frame"":40,""witness"":0,""root"":428,""stage"":""outside_prefix""}"
dem-sierra-b50000-transactional-t8,95,40,0,4812,1786,11.165484074672325,4,0,outside_prefix,False,"{""frame"":40,""witness"":0,""root"":4812,""stage"":""outside_prefix""}"
dem-sierra-b50000-transactional-t8,95,40,1,2160,5575,4.023350613086155,4,0.9954624066940418,outside_prefix,False,"{""frame"":40,""witness"":1,""root"":2160,""stage"":""outside_prefix""}"
dem-sierra-b50000-transactional-t8,95,40,1,8007,5498,4.0955577999761115,4,0.976495641042031,outside_prefix,False,"{""frame"":40,""witness"":1,""root"":8007,""stage"":""outside_prefix""}"
dem-sierra-b50000-transactional-t8,95,41,0,428,1904,9.318385797793283,4,0,outside_prefix,False,"{""frame"":41,""witness"":0,""root"":428,""stage"":""outside_prefix""}"
dem-sierra-b50000-transactional-t8,95,41,0,4812,1905,9.318385797793283,4,0,outside_prefix,False,"{""frame"":41,""witness"":0,""root"":4812,""stage"":""outside_prefix""}"
dem-sierra-b50000-transactional-t8,95,41,1,2160,0,3.7669082296413445,4,0.9627861733609058,below_threshold_or_nonfinite,False,"{""frame"":41,""witness"":1,""root"":2160,""stage"":""outside_prefix""}"
dem-sierra-b50000-transactional-t8,95,41,1,8007,0,3.82734901296254,4,0.9441813269797928,below_threshold_or_nonfinite,False,"{""frame"":41,""witness"":1,""root"":8007,""stage"":""outside_prefix""}"
dem-sierra-b50000-transactional-t8,95,42,0,428,2053,7.910853007112666,4,0,outside_prefix,False,"{""frame"":42,""witness"":0,""root"":428,""stage"":""outside_prefix""}"
dem-sierra-b50000-transactional-t8,95,42,0,4812,2054,7.910853007112666,4,0,outside_prefix,False,"{""frame"":42,""witness"":0,""root"":4812,""stage"":""outside_prefix""}"
dem-sierra-b50000-transactional-t8,95,42,1,2160,0,3.5435162358461625,4,0.9335516311126758,below_threshold_or_nonfinite,False,"{""frame"":42,""witness"":1,""root"":2160,""stage"":""outside_prefix""}"
dem-sierra-b50000-transactional-t8,95,42,1,8007,0,3.5938524553187152,4,0.9152806775863711,below_threshold_or_nonfinite,False,"{""frame"":42,""witness"":1,""root"":8007,""stage"":""outside_prefix""}"
dem-sierra-b50000-transactional-t8,95,43,0,428,2243,6.813629430375596,4,0,outside_prefix,False,"{""frame"":43,""witness"":0,""root"":428,""stage"":""outside_prefix""}"
dem-sierra-b50000-transactional-t8,95,43,0,4812,2244,6.813629430375596,4,0,outside_prefix,False,"{""frame"":43,""witness"":0,""root"":4812,""stage"":""outside_prefix""}"
dem-sierra-b50000-transactional-t8,95,43,1,2160,0,3.348339649618986,4,0.9073191791093184,below_threshold_or_nonfinite,False,"{""frame"":43,""witness"":1,""root"":2160,""stage"":""outside_prefix""}"
dem-sierra-b50000-transactional-t8,95,43,1,8007,0,3.3899332173554546,4,0.8893547435012149,below_threshold_or_nonfinite,False,"{""frame"":43,""witness"":1,""root"":8007,""stage"":""outside_prefix""}"
dem-sierra-b50000-transactional-t8,95,44,0,428,2456,5.941782318723537,4,0,outside_prefix,False,"{""frame"":44,""witness"":0,""root"":428,""stage"":""outside_prefix""}"
dem-sierra-b50000-transactional-t8,95,44,0,4812,2457,5.941782318723537,4,0,outside_prefix,False,"{""frame"":44,""witness"":0,""root"":4812,""stage"":""outside_prefix""}"
dem-sierra-b50000-transactional-t8,95,44,1,2160,0,3.17742238784254,4,0.8837298375842284,below_threshold_or_nonfinite,False,"{""frame"":44,""witness"":1,""root"":2160,""stage"":""outside_prefix""}"
dem-sierra-b50000-transactional-t8,95,44,1,8007,0,3.2113980612354096,4,0.8660454224753575,below_threshold_or_nonfinite,False,"{""frame"":44,""witness"":1,""root"":8007,""stage"":""outside_prefix""}"
dem-sierra-b50000-transactional-t8,95,45,0,428,2643,5.237607435995259,4,0,outside_prefix,False,"{""frame"":45,""witness"":0,""root"":428,""stage"":""outside_prefix""}"
dem-sierra-b50000-transactional-t8,95,45,0,4812,2644,5.237607435995259,4,0,outside_prefix,False,"{""frame"":45,""witness"":0,""root"":4812,""stage"":""outside_prefix""}"
dem-sierra-b50000-transactional-t8,95,45,1,2160,0,3.0275008018332907,4,0.8624866496095528,below_threshold_or_nonfinite,False,"{""frame"":45,""witness"":1,""root"":2160,""stage"":""outside_prefix""}"
dem-sierra-b50000-transactional-t8,95,45,1,8007,0,3.0547937887429573,4,0.8450567511884912,below_threshold_or_nonfinite,False,"{""frame"":45,""witness"":1,""root"":8007,""stage"":""outside_prefix""}"
dem-sierra-b50000-transactional-t8,95,46,0,428,2855,4.6608094821786334,4,0,outside_prefix,False,"{""frame"":46,""witness"":0,""root"":428,""stage"":""outside_prefix""}"
dem-sierra-b50000-transactional-t8,95,46,0,4812,2856,4.6608094821786334,4,0,outside_prefix,False,"{""frame"":46,""witness"":0,""root"":4812,""stage"":""outside_prefix""}"
dem-sierra-b50000-transactional-t8,95,46,1,2160,0,2.8958713990585094,4,0.843343348809889,below_threshold_or_nonfinite,False,"{""frame"":46,""witness"":1,""root"":2160,""stage"":""outside_prefix""}"
dem-sierra-b50000-transactional-t8,95,46,1,8007,0,2.917264231638081,4,0.8261434673443858,below_threshold_or_nonfinite,False,"{""frame"":46,""witness"":1,""root"":8007,""stage"":""outside_prefix""}"
dem-sierra-b50000-transactional-t8,95,47,0,428,3077,4.182540658296965,4,0,outside_prefix,False,"{""frame"":47,""witness"":0,""root"":428,""stage"":""outside_prefix""}"
dem-sierra-b50000-transactional-t8,95,47,0,4812,3078,4.182540658296965,4,0,outside_prefix,False,"{""frame"":47,""witness"":0,""root"":4812,""stage"":""outside_prefix""}"
dem-sierra-b50000-transactional-t8,95,47,1,2160,0,2.780279050677196,4,0.8260932862181029,below_threshold_or_nonfinite,False,"{""frame"":47,""witness"":1,""root"":2160,""stage"":""outside_prefix""}"
dem-sierra-b50000-transactional-t8,95,47,1,8007,0,2.7964300364406203,4,0.8090999065073354,below_threshold_or_nonfinite,False,"{""frame"":47,""witness"":1,""root"":8007,""stage"":""outside_prefix""}"
dem-sierra-b50000-transactional-t8,95,48,0,428,0,3.7817159801971267,4,0,below_threshold_or_nonfinite,False,"{""frame"":48,""witness"":0,""root"":428,""stage"":""outside_prefix""}"
dem-sierra-b50000-transactional-t8,95,48,0,4812,0,3.7817159801971267,4,0,below_threshold_or_nonfinite,False,"{""frame"":48,""witness"":0,""root"":4812,""stage"":""outside_prefix""}"
dem-sierra-b50000-transactional-t8,95,48,1,2160,0,2.6788358347759678,4,0.8105628037612206,below_threshold_or_nonfinite,False,"{""frame"":48,""witness"":1,""root"":2160,""stage"":""outside_prefix""}"
dem-sierra-b50000-transactional-t8,95,48,1,8007,0,2.6903013956878663,4,0.793753327540715,below_threshold_or_nonfinite,False,"{""frame"":48,""witness"":1,""root"":8007,""stage"":""outside_prefix""}"
dem-sierra-b50000-transactional-t8,95,49,0,428,0,3.442630152627907,4,0,below_threshold_or_nonfinite,False,"{""frame"":49,""witness"":0,""root"":428,""stage"":""outside_prefix""}"
dem-sierra-b50000-transactional-t8,95,49,0,4812,0,3.442630152627907,4,0,below_threshold_or_nonfinite,False,"{""frame"":49,""witness"":0,""root"":4812,""stage"":""outside_prefix""}"
dem-sierra-b50000-transactional-t8,95,49,1,2160,0,2.5899541532526356,4,0.7966047547848858,below_threshold_or_nonfinite,False,"{""frame"":49,""witness"":1,""root"":2160,""stage"":""outside_prefix""}"
dem-sierra-b50000-transactional-t8,95,49,1,8007,0,2.5972064132748405,4,0.7799574282224845,below_threshold_or_nonfinite,False,"{""frame"":49,""witness"":1,""root"":8007,""stage"":""outside_prefix""}"
dem-sierra-b50000-transactional-t8,95,50,0,428,0,3.1533895713156643,4,0,below_threshold_or_nonfinite,False,"{""frame"":50,""witness"":0,""root"":428,""stage"":""outside_prefix""}"
dem-sierra-b50000-transactional-t8,95,50,0,4812,0,3.1533895713156643,4,0,below_threshold_or_nonfinite,False,"{""frame"":50,""witness"":0,""root"":4812,""stage"":""outside_prefix""}"
dem-sierra-b50000-transactional-t8,95,50,1,2160,0,2.5122941083092396,4,0.7840941643109793,below_threshold_or_nonfinite,False,"{""frame"":50,""witness"":1,""root"":2160,""stage"":""outside_prefix""}"
dem-sierra-b50000-transactional-t8,95,50,1,8007,0,2.5157348164576474,4,0.7675879888118186,below_threshold_or_nonfinite,False,"{""frame"":50,""witness"":1,""root"":8007,""stage"":""outside_prefix""}"
dem-sierra-b50000-transactional-t8,95,51,0,428,0,2.9048654704504164,4,0,below_threshold_or_nonfinite,False,"{""frame"":51,""witness"":0,""root"":428,""stage"":""outside_prefix""}"
dem-sierra-b50000-transactional-t8,95,51,0,4812,0,2.9048654704504164,4,0,below_threshold_or_nonfinite,False,"{""frame"":51,""witness"":0,""root"":4812,""stage"":""outside_prefix""}"
dem-sierra-b50000-transactional-t8,95,51,1,2160,0,2.444726267553987,4,0.772925136581843,below_threshold_or_nonfinite,False,"{""frame"":51,""witness"":1,""root"":2160,""stage"":""outside_prefix""}"
dem-sierra-b50000-transactional-t8,95,51,1,8007,0,2.444698058273554,4,0.7565397696911421,below_threshold_or_nonfinite,False,"{""frame"":51,""witness"":1,""root"":8007,""stage"":""outside_prefix""}"
dem-sierra-b50000-transactional-t8,95,52,0,428,0,2.689941027670421,4,0,below_threshold_or_nonfinite,False,"{""frame"":52,""witness"":0,""root"":428,""stage"":""outside_prefix""}"
dem-sierra-b50000-transactional-t8,95,52,0,4812,0,2.689941027670421,4,0,below_threshold_or_nonfinite,False,"{""frame"":52,""witness"":0,""root"":4812,""stage"":""outside_prefix""}"
dem-sierra-b50000-transactional-t8,95,52,1,2160,0,2.386291670052805,4,0.7630069974993301,below_threshold_or_nonfinite,False,"{""frame"":52,""witness"":1,""root"":2160,""stage"":""outside_prefix""}"
dem-sierra-b50000-transactional-t8,95,52,1,8007,0,2.383086864179636,4,0.7467226632084778,below_threshold_or_nonfinite,False,"{""frame"":52,""witness"":1,""root"":8007,""stage"":""outside_prefix""}"
dem-sierra-b50000-transactional-t8,95,53,0,428,0,2.5030118966396855,4,1.4613129036261456,below_threshold_or_nonfinite,False,"{""frame"":53,""witness"":0,""root"":428,""stage"":""outside_prefix""}"
dem-sierra-b50000-transactional-t8,95,53,0,4812,0,2.5030118966396855,4,1.4613129036261456,below_threshold_or_nonfinite,False,"{""frame"":53,""witness"":0,""root"":4812,""stage"":""outside_prefix""}"
dem-sierra-b50000-transactional-t8,95,53,1,2160,0,2.3361801880338517,4,0.7542625227507245,below_threshold_or_nonfinite,False,"{""frame"":53,""witness"":1,""root"":2160,""stage"":""outside_prefix""}"
dem-sierra-b50000-transactional-t8,95,53,1,8007,0,2.3300480609842187,4,0.7380599173130968,below_threshold_or_nonfinite,False,"{""frame"":53,""witness"":1,""root"":8007,""stage"":""outside_prefix""}"
dem-sierra-b50000-transactional-t8,95,54,0,428,0,2.3396225915943734,4,1.4115472416940176,below_threshold_or_nonfinite,False,"{""frame"":54,""witness"":0,""root"":428,""stage"":""outside_prefix""}"
dem-sierra-b50000-transactional-t8,95,54,0,4812,0,2.3396225915943734,4,1.4115472416940176,below_threshold_or_nonfinite,False,"{""frame"":54,""witness"":0,""root"":4812,""stage"":""outside_prefix""}"
dem-sierra-b50000-transactional-t8,95,54,1,2160,0,2.293709026271663,4,0.7466267731144115,below_threshold_or_nonfinite,False,"{""frame"":54,""witness"":1,""root"":2160,""stage"":""outside_prefix""}"
dem-sierra-b50000-transactional-t8,95,54,1,8007,0,2.28486166055526,4,0.7304869577321829,below_threshold_or_nonfinite,False,"{""frame"":54,""witness"":1,""root"":8007,""stage"":""outside_prefix""}"
dem-sierra-b50000-transactional-t8,95,55,0,428,0,2.1961816490141275,4,1.3670861553249452,below_threshold_or_nonfinite,False,"{""frame"":55,""witness"":0,""root"":428,""stage"":""outside_prefix""}"
dem-sierra-b50000-transactional-t8,95,55,0,4812,0,2.1961816490141275,4,1.3670861553249452,below_threshold_or_nonfinite,False,"{""frame"":55,""witness"":0,""root"":4812,""stage"":""outside_prefix""}"
dem-sierra-b50000-transactional-t8,95,55,1,2160,0,2.2583010057488093,4,0.7400441208088088,below_threshold_or_nonfinite,False,"{""frame"":55,""witness"":1,""root"":2160,""stage"":""outside_prefix""}"
dem-sierra-b50000-transactional-t8,95,55,1,8007,0,2.2469179073349443,4,0.7239484396403882,below_threshold_or_nonfinite,False,"{""frame"":55,""witness"":1,""root"":8007,""stage"":""outside_prefix""}"
dem-sierra-b50000-transactional-t8,95,56,0,428,0,2.0697830598173566,4,1.3272252162770282,below_threshold_or_nonfinite,False,"{""frame"":56,""witness"":0,""root"":428,""stage"":""outside_prefix""}"
dem-sierra-b50000-transactional-t8,95,56,0,4812,0,2.0697830598173566,4,1.3272252162770282,below_threshold_or_nonfinite,False,"{""frame"":56,""witness"":0,""root"":4812,""stage"":""outside_prefix""}"
dem-sierra-b50000-transactional-t8,95,56,1,2160,0,2.2294751097029644,4,0.7344684603533206,below_threshold_or_nonfinite,False,"{""frame"":56,""witness"":1,""root"":2160,""stage"":""outside_prefix""}"
dem-sierra-b50000-transactional-t8,95,56,1,8007,0,2.2157070831471097,4,0.7183984374526734,below_threshold_or_nonfinite,False,"{""frame"":56,""witness"":1,""root"":8007,""stage"":""outside_prefix""}"
dem-sierra-b50000-transactional-t8,95,57,0,428,0,1.9580478491520221,4,1.291391192017911,below_threshold_or_nonfinite,False,"{""frame"":57,""witness"":0,""root"":428,""stage"":""outside_prefix""}"
dem-sierra-b50000-transactional-t8,95,57,0,4812,0,1.9580478491520221,4,1.291391192017911,below_threshold_or_nonfinite,False,"{""frame"":57,""witness"":0,""root"":4812,""stage"":""outside_prefix""}"
dem-sierra-b50000-transactional-t8,95,57,1,2160,0,2.206832485695029,4,0.7298616078376652,below_threshold_or_nonfinite,False,"{""frame"":57,""witness"":1,""root"":2160,""stage"":""outside_prefix""}"
dem-sierra-b50000-transactional-t8,95,57,1,8007,0,2.190804619350539,4,0.7137988504412491,below_threshold_or_nonfinite,False,"{""frame"":57,""witness"":1,""root"":8007,""stage"":""outside_prefix""}"
dem-sierra-b50000-transactional-t8,95,58,0,428,0,1.859020930399261,4,1.2591149357200238,below_threshold_or_nonfinite,False,"{""frame"":58,""witness"":0,""root"":428,""stage"":""outside_prefix""}"
dem-sierra-b50000-transactional-t8,95,58,0,4812,0,1.859020930399261,4,1.2591149357200238,below_threshold_or_nonfinite,False,"{""frame"":58,""witness"":0,""root"":4812,""stage"":""outside_prefix""}"
dem-sierra-b50000-transactional-t8,95,58,1,2160,0,2.190048413701199,4,0.7261927025827817,below_threshold_or_nonfinite,False,"{""frame"":58,""witness"":1,""root"":2160,""stage"":""outside_prefix""}"
dem-sierra-b50000-transactional-t8,95,58,1,8007,0,2.1718625810424244,4,0.7101188066709201,below_threshold_or_nonfinite,False,"{""frame"":58,""witness"":1,""root"":8007,""stage"":""outside_prefix""}"
dem-sierra-b50000-transactional-t8,95,59,0,428,0,1.7710805994151928,4,1.2300078573750197,below_threshold_or_nonfinite,False,"{""frame"":59,""witness"":0,""root"":428,""stage"":""outside_prefix""}"
dem-sierra-b50000-transactional-t8,95,59,0,4812,0,1.7710805994151928,4,1.2300078573750197,below_threshold_or_nonfinite,False,"{""frame"":59,""witness"":0,""root"":4812,""stage"":""outside_prefix""}"
dem-sierra-b50000-transactional-t8,95,59,1,2160,0,2.1788640369612806,4,0.7234376128886384,below_threshold_or_nonfinite,False,"{""frame"":59,""witness"":1,""root"":2160,""stage"":""outside_prefix""}"
dem-sierra-b50000-transactional-t8,95,59,1,8007,0,2.1586007571384753,4,0.7073340613234939,below_threshold_or_nonfinite,False,"{""frame"":59,""witness"":1,""root"":8007,""stage"":""outside_prefix""}"
dem-sierra-b50000-transactional-t8,95,60,0,428,0,1.6928761346390397,4,1.203745867334663,below_threshold_or_nonfinite,False,"{""frame"":60,""witness"":0,""root"":428,""stage"":""outside_prefix""}"
dem-sierra-b50000-transactional-t8,95,60,0,4812,0,1.6928761346390397,4,1.203745867334663,below_threshold_or_nonfinite,False,"{""frame"":60,""witness"":0,""root"":4812,""stage"":""outside_prefix""}"
dem-sierra-b50000-transactional-t8,95,60,1,2160,0,2.173081386849214,4,0.7215783422541208,below_threshold_or_nonfinite,False,"{""frame"":60,""witness"":1,""root"":2160,""stage"":""outside_prefix""}"
dem-sierra-b50000-transactional-t8,95,60,1,8007,0,2.1508012857769616,4,0.7054264053781806,below_threshold_or_nonfinite,False,"{""frame"":60,""witness"":1,""root"":8007,""stage"":""outside_prefix""}"
dem-sierra-b50000-transactional-t8,95,61,0,428,0,1.623277334378223,4,1.1800571680694305,below_threshold_or_nonfinite,False,"{""frame"":61,""witness"":0,""root"":428,""stage"":""outside_prefix""}"
dem-sierra-b50000-transactional-t8,95,61,0,4812,0,1.623277334378223,4,1.1800571680694305,below_threshold_or_nonfinite,False,"{""frame"":61,""witness"":0,""root"":4812,""stage"":""outside_prefix""}"
dem-sierra-b50000-transactional-t8,95,61,1,2160,0,2.1725588593465255,4,0.7206028756524823,below_threshold_or_nonfinite,False,"{""frame"":61,""witness"":1,""root"":2160,""stage"":""outside_prefix""}"
dem-sierra-b50000-transactional-t8,95,61,1,8007,0,2.1483037311425717,4,0.7043835035471259,below_threshold_or_nonfinite,False,"{""frame"":61,""witness"":1,""root"":8007,""stage"":""outside_prefix""}"
dem-sierra-b50000-transactional-t8,95,62,0,428,0,1.5613344899677386,4,1.158712752864919,below_threshold_or_nonfinite,False,"{""frame"":62,""witness"":0,""root"":428,""stage"":""outside_prefix""}"
dem-sierra-b50000-transactional-t8,95,62,0,4812,0,1.5613344899677386,4,1.158712752864919,below_threshold_or_nonfinite,False,"{""frame"":62,""witness"":0,""root"":4812,""stage"":""outside_prefix""}"
dem-sierra-b50000-transactional-t8,95,62,1,2160,0,2.177208254077992,4,0.7205051096532393,below_threshold_or_nonfinite,False,"{""frame"":62,""witness"":1,""root"":2160,""stage"":""outside_prefix""}"
dem-sierra-b50000-transactional-t8,95,62,1,8007,0,2.151001732675052,4,0.704198815261207,below_threshold_or_nonfinite,False,"{""frame"":62,""witness"":1,""root"":8007,""stage"":""outside_prefix""}"
dem-sierra-b50000-transactional-t8,95,63,0,428,0,1.5062467148380716,4,1.139518298364275,below_threshold_or_nonfinite,False,"{""frame"":63,""witness"":0,""root"":428,""stage"":""outside_prefix""}"
dem-sierra-b50000-transactional-t8,95,63,0,4812,0,1.5062467148380716,4,1.139518298364275,below_threshold_or_nonfinite,False,"{""frame"":63,""witness"":0,""root"":4812,""stage"":""outside_prefix""}"
dem-sierra-b50000-transactional-t8,95,63,1,2160,0,2.18699217790219,4,0.7212843389159012,below_threshold_or_nonfinite,False,"{""frame"":63,""witness"":1,""root"":2160,""stage"":""outside_prefix""}"
dem-sierra-b50000-transactional-t8,95,63,1,8007,0,2.158840090251635,4,0.7048710826938445,below_threshold_or_nonfinite,False,"{""frame"":63,""witness"":1,""root"":8007,""stage"":""outside_prefix""}"
dem-sierra-b50000-transactional-t8,95,64,0,428,0,1.4892870546994188,4,1.133568442602344,below_threshold_or_nonfinite,False,"{""frame"":64,""witness"":0,""root"":428,""stage"":""outside_prefix""}"
dem-sierra-b50000-transactional-t8,95,64,0,4812,0,1.4892870546994188,4,1.133568442602344,below_threshold_or_nonfinite,False,"{""frame"":64,""witness"":0,""root"":4812,""stage"":""outside_prefix""}"
dem-sierra-b50000-transactional-t8,95,64,1,2160,0,2.191395578208667,4,0.72173964741823,below_threshold_or_nonfinite,False,"{""frame"":64,""witness"":1,""root"":2160,""stage"":""outside_prefix""}"
dem-sierra-b50000-transactional-t8,95,64,1,8007,0,2.1625931804872325,4,0.7052861693861805,below_threshold_or_nonfinite,False,"{""frame"":64,""witness"":1,""root"":8007,""stage"":""outside_prefix""}"
dem-sierra-b50000-transactional-t8,95,65,0,428,0,1.4892870546994188,4,1.133568442602344,below_threshold_or_nonfinite,False,"{""frame"":65,""witness"":0,""root"":428,""stage"":""outside_prefix""}"
dem-sierra-b50000-transactional-t8,95,65,0,4812,0,1.4892870546994188,4,1.133568442602344,below_threshold_or_nonfinite,False,"{""frame"":65,""witness"":0,""root"":4812,""stage"":""outside_prefix""}"
dem-sierra-b50000-transactional-t8,95,65,1,2160,0,2.191395578208667,4,0.72173964741823,below_threshold_or_nonfinite,False,"{""frame"":65,""witness"":1,""root"":2160,""stage"":""outside_prefix""}"
dem-sierra-b50000-transactional-t8,95,65,1,8007,0,2.1625931804872325,4,0.7052861693861805,below_threshold_or_nonfinite,False,"{""frame"":65,""witness"":1,""root"":8007,""stage"":""outside_prefix""}"
dem-sierra-b50000-transactional-t8,95,66,0,428,0,1.4892870546994188,4,1.133568442602344,below_threshold_or_nonfinite,False,"{""frame"":66,""witness"":0,""root"":428,""stage"":""outside_prefix""}"
dem-sierra-b50000-transactional-t8,95,66,0,4812,0,1.4892870546994188,4,1.133568442602344,below_threshold_or_nonfinite,False,"{""frame"":66,""witness"":0,""root"":4812,""stage"":""outside_prefix""}"
dem-sierra-b50000-transactional-t8,95,66,1,2160,0,2.191395578208667,4,0.72173964741823,below_threshold_or_nonfinite,False,"{""frame"":66,""witness"":1,""root"":2160,""stage"":""outside_prefix""}"
dem-sierra-b50000-transactional-t8,95,66,1,8007,0,2.1625931804872325,4,0.7052861693861805,below_threshold_or_nonfinite,False,"{""frame"":66,""witness"":1,""root"":8007,""stage"":""outside_prefix""}"
dem-sierra-b50000-transactional-t8,95,67,0,428,0,1.4892870546994188,4,1.133568442602344,below_threshold_or_nonfinite,False,"{""frame"":67,""witness"":0,""root"":428,""stage"":""outside_prefix""}"
dem-sierra-b50000-transactional-t8,95,67,0,4812,0,1.4892870546994188,4,1.133568442602344,below_threshold_or_nonfinite,False,"{""frame"":67,""witness"":0,""root"":4812,""stage"":""outside_prefix""}"
dem-sierra-b50000-transactional-t8,95,67,1,2160,0,2.191395578208667,4,0.72173964741823,below_threshold_or_nonfinite,False,"{""frame"":67,""witness"":1,""root"":2160,""stage"":""outside_prefix""}"
dem-sierra-b50000-transactional-t8,95,67,1,8007,0,2.1625931804872325,4,0.7052861693861805,below_threshold_or_nonfinite,False,"{""frame"":67,""witness"":1,""root"":8007,""stage"":""outside_prefix""}"
dem-sierra-b50000-transactional-t8,95,68,0,428,0,1.4892870546994188,4,1.133568442602344,below_threshold_or_nonfinite,False,"{""frame"":68,""witness"":0,""root"":428,""stage"":""outside_prefix""}"
dem-sierra-b50000-transactional-t8,95,68,0,4812,0,1.4892870546994188,4,1.133568442602344,below_threshold_or_nonfinite,False,"{""frame"":68,""witness"":0,""root"":4812,""stage"":""outside_prefix""}"
dem-sierra-b50000-transactional-t8,95,68,1,2160,0,2.191395578208667,4,0.72173964741823,below_threshold_or_nonfinite,False,"{""frame"":68,""witness"":1,""root"":2160,""stage"":""outside_prefix""}"
dem-sierra-b50000-transactional-t8,95,68,1,8007,0,2.1625931804872325,4,0.7052861693861805,below_threshold_or_nonfinite,False,"{""frame"":68,""witness"":1,""root"":8007,""stage"":""outside_prefix""}"
dem-sierra-b50000-transactional-t8,95,69,0,428,0,1.4892870546994188,4,1.133568442602344,below_threshold_or_nonfinite,False,"{""frame"":69,""witness"":0,""root"":428,""stage"":""outside_prefix""}"
dem-sierra-b50000-transactional-t8,95,69,0,4812,0,1.4892870546994188,4,1.133568442602344,below_threshold_or_nonfinite,False,"{""frame"":69,""witness"":0,""root"":4812,""stage"":""outside_prefix""}"
dem-sierra-b50000-transactional-t8,95,69,1,2160,0,2.191395578208667,4,0.72173964741823,below_threshold_or_nonfinite,False,"{""frame"":69,""witness"":1,""root"":2160,""stage"":""outside_prefix""}"
dem-sierra-b50000-transactional-t8,95,69,1,8007,0,2.1625931804872325,4,0.7052861693861805,below_threshold_or_nonfinite,False,"{""frame"":69,""witness"":1,""root"":8007,""stage"":""outside_prefix""}"
dem-sierra-b50000-transactional-t8,95,70,0,428,0,1.4892870546994188,4,1.133568442602344,below_threshold_or_nonfinite,False,"{""frame"":70,""witness"":0,""root"":428,""stage"":""outside_prefix""}"
dem-sierra-b50000-transactional-t8,95,70,0,4812,0,1.4892870546994188,4,1.133568442602344,below_threshold_or_nonfinite,False,"{""frame"":70,""witness"":0,""root"":4812,""stage"":""outside_prefix""}"
dem-sierra-b50000-transactional-t8,95,70,1,2160,0,2.191395578208667,4,0.72173964741823,below_threshold_or_nonfinite,False,"{""frame"":70,""witness"":1,""root"":2160,""stage"":""outside_prefix""}"
dem-sierra-b50000-transactional-t8,95,70,1,8007,0,2.1625931804872325,4,0.7052861693861805,below_threshold_or_nonfinite,False,"{""frame"":70,""witness"":1,""root"":8007,""stage"":""outside_prefix""}"
dem-sierra-b50000-transactional-t8,95,71,0,428,0,1.4892870546994188,4,1.133568442602344,below_threshold_or_nonfinite,False,"{""frame"":71,""witness"":0,""root"":428,""stage"":""outside_prefix""}"
dem-sierra-b50000-transactional-t8,95,71,0,4812,0,1.4892870546994188,4,1.133568442602344,below_threshold_or_nonfinite,False,"{""frame"":71,""witness"":0,""root"":4812,""stage"":""outside_prefix""}"
dem-sierra-b50000-transactional-t8,95,71,1,2160,0,2.191395578208667,4,0.72173964741823,below_threshold_or_nonfinite,False,"{""frame"":71,""witness"":1,""root"":2160,""stage"":""outside_prefix""}"
dem-sierra-b50000-transactional-t8,95,71,1,8007,0,2.1625931804872325,4,0.7052861693861805,below_threshold_or_nonfinite,False,"{""frame"":71,""witness"":1,""root"":8007,""stage"":""outside_prefix""}"
dem-sierra-b50000-transactional-t8,95,72,0,428,0,1.4892870546994188,4,1.133568442602344,below_threshold_or_nonfinite,False,"{""frame"":72,""witness"":0,""root"":428,""stage"":""outside_prefix""}"
dem-sierra-b50000-transactional-t8,95,72,0,4812,0,1.4892870546994188,4,1.133568442602344,below_threshold_or_nonfinite,False,"{""frame"":72,""witness"":0,""root"":4812,""stage"":""outside_prefix""}"
dem-sierra-b50000-transactional-t8,95,72,1,2160,0,2.191395578208667,4,0.72173964741823,below_threshold_or_nonfinite,False,"{""frame"":72,""witness"":1,""root"":2160,""stage"":""outside_prefix""}"
dem-sierra-b50000-transactional-t8,95,72,1,8007,0,2.1625931804872325,4,0.7052861693861805,below_threshold_or_nonfinite,False,"{""frame"":72,""witness"":1,""root"":8007,""stage"":""outside_prefix""}"
dem-sierra-b50000-transactional-t8,95,73,0,428,0,1.4892870546994188,4,1.133568442602344,below_threshold_or_nonfinite,False,"{""frame"":73,""witness"":0,""root"":428,""stage"":""outside_prefix""}"
dem-sierra-b50000-transactional-t8,95,73,0,4812,0,1.4892870546994188,4,1.133568442602344,below_threshold_or_nonfinite,False,"{""frame"":73,""witness"":0,""root"":4812,""stage"":""outside_prefix""}"
dem-sierra-b50000-transactional-t8,95,73,1,2160,0,2.191395578208667,4,0.72173964741823,below_threshold_or_nonfinite,False,"{""frame"":73,""witness"":1,""root"":2160,""stage"":""outside_prefix""}"
dem-sierra-b50000-transactional-t8,95,73,1,8007,0,2.1625931804872325,4,0.7052861693861805,below_threshold_or_nonfinite,False,"{""frame"":73,""witness"":1,""root"":8007,""stage"":""outside_prefix""}"
dem-sierra-b50000-transactional-t8,95,74,0,428,0,1.4892870546994188,4,1.133568442602344,below_threshold_or_nonfinite,False,"{""frame"":74,""witness"":0,""root"":428,""stage"":""outside_prefix""}"
dem-sierra-b50000-transactional-t8,95,74,0,4812,0,1.4892870546994188,4,1.133568442602344,below_threshold_or_nonfinite,False,"{""frame"":74,""witness"":0,""root"":4812,""stage"":""outside_prefix""}"
dem-sierra-b50000-transactional-t8,95,74,1,2160,0,2.191395578208667,4,0.72173964741823,below_threshold_or_nonfinite,False,"{""frame"":74,""witness"":1,""root"":2160,""stage"":""outside_prefix""}"
dem-sierra-b50000-transactional-t8,95,74,1,8007,0,2.1625931804872325,4,0.7052861693861805,below_threshold_or_nonfinite,False,"{""frame"":74,""witness"":1,""root"":8007,""stage"":""outside_prefix""}"
dem-sierra-b50000-transactional-t8,95,75,0,428,0,1.4892870546994188,4,1.133568442602344,below_threshold_or_nonfinite,False,"{""frame"":75,""witness"":0,""root"":428,""stage"":""outside_prefix""}"
dem-sierra-b50000-transactional-t8,95,75,0,4812,0,1.4892870546994188,4,1.133568442602344,below_threshold_or_nonfinite,False,"{""frame"":75,""witness"":0,""root"":4812,""stage"":""outside_prefix""}"
dem-sierra-b50000-transactional-t8,95,75,1,2160,0,2.191395578208667,4,0.72173964741823,below_threshold_or_nonfinite,False,"{""frame"":75,""witness"":1,""root"":2160,""stage"":""outside_prefix""}"
dem-sierra-b50000-transactional-t8,95,75,1,8007,0,2.1625931804872325,4,0.7052861693861805,below_threshold_or_nonfinite,False,"{""frame"":75,""witness"":1,""root"":8007,""stage"":""outside_prefix""}"
dem-sierra-b50000-transactional-t8,95,76,0,428,0,1.4892870546994188,4,1.133568442602344,below_threshold_or_nonfinite,False,"{""frame"":76,""witness"":0,""root"":428,""stage"":""outside_prefix""}"
dem-sierra-b50000-transactional-t8,95,76,0,4812,0,1.4892870546994188,4,1.133568442602344,below_threshold_or_nonfinite,False,"{""frame"":76,""witness"":0,""root"":4812,""stage"":""outside_prefix""}"
dem-sierra-b50000-transactional-t8,95,76,1,2160,0,2.191395578208667,4,0.72173964741823,below_threshold_or_nonfinite,False,"{""frame"":76,""witness"":1,""root"":2160,""stage"":""outside_prefix""}"
dem-sierra-b50000-transactional-t8,95,76,1,8007,0,2.1625931804872325,4,0.7052861693861805,below_threshold_or_nonfinite,False,"{""frame"":76,""witness"":1,""root"":8007,""stage"":""outside_prefix""}"
dem-sierra-b50000-transactional-t8,95,77,0,428,0,1.4892870546994188,4,1.133568442602344,below_threshold_or_nonfinite,False,"{""frame"":77,""witness"":0,""root"":428,""stage"":""outside_prefix""}"
dem-sierra-b50000-transactional-t8,95,77,0,4812,0,1.4892870546994188,4,1.133568442602344,below_threshold_or_nonfinite,False,"{""frame"":77,""witness"":0,""root"":4812,""stage"":""outside_prefix""}"
dem-sierra-b50000-transactional-t8,95,77,1,2160,0,2.191395578208667,4,0.72173964741823,below_threshold_or_nonfinite,False,"{""frame"":77,""witness"":1,""root"":2160,""stage"":""outside_prefix""}"
dem-sierra-b50000-transactional-t8,95,77,1,8007,0,2.1625931804872325,4,0.7052861693861805,below_threshold_or_nonfinite,False,"{""frame"":77,""witness"":1,""root"":8007,""stage"":""outside_prefix""}"
dem-sierra-b50000-transactional-t8,95,78,0,428,0,1.4892870546994188,4,1.133568442602344,below_threshold_or_nonfinite,False,"{""frame"":78,""witness"":0,""root"":428,""stage"":""outside_prefix""}"
dem-sierra-b50000-transactional-t8,95,78,0,4812,0,1.4892870546994188,4,1.133568442602344,below_threshold_or_nonfinite,False,"{""frame"":78,""witness"":0,""root"":4812,""stage"":""outside_prefix""}"
dem-sierra-b50000-transactional-t8,95,78,1,2160,0,2.191395578208667,4,0.72173964741823,below_threshold_or_nonfinite,False,"{""frame"":78,""witness"":1,""root"":2160,""stage"":""outside_prefix""}"
dem-sierra-b50000-transactional-t8,95,78,1,8007,0,2.1625931804872325,4,0.7052861693861805,below_threshold_or_nonfinite,False,"{""frame"":78,""witness"":1,""root"":8007,""stage"":""outside_prefix""}"
dem-sierra-b50000-transactional-t8,95,79,0,428,0,1.4892870546994188,4,1.133568442602344,below_threshold_or_nonfinite,False,"{""frame"":79,""witness"":0,""root"":428,""stage"":""outside_prefix""}"
dem-sierra-b50000-transactional-t8,95,79,0,4812,0,1.4892870546994188,4,1.133568442602344,below_threshold_or_nonfinite,False,"{""frame"":79,""witness"":0,""root"":4812,""stage"":""outside_prefix""}"
dem-sierra-b50000-transactional-t8,95,79,1,2160,0,2.191395578208667,4,0.72173964741823,below_threshold_or_nonfinite,False,"{""frame"":79,""witness"":1,""root"":2160,""stage"":""outside_prefix""}"
dem-sierra-b50000-transactional-t8,95,79,1,8007,0,2.1625931804872325,4,0.7052861693861805,below_threshold_or_nonfinite,False,"{""frame"":79,""witness"":1,""root"":8007,""stage"":""outside_prefix""}"
dem-sierra-b50000-transactional-t8,95,80,0,428,0,1.4892870546994188,4,1.133568442602344,below_threshold_or_nonfinite,False,"{""frame"":80,""witness"":0,""root"":428,""stage"":""outside_prefix""}"
dem-sierra-b50000-transactional-t8,95,80,0,4812,0,1.4892870546994188,4,1.133568442602344,below_threshold_or_nonfinite,False,"{""frame"":80,""witness"":0,""root"":4812,""stage"":""outside_prefix""}"
dem-sierra-b50000-transactional-t8,95,80,1,2160,0,2.191395578208667,4,0.72173964741823,below_threshold_or_nonfinite,False,"{""frame"":80,""witness"":1,""root"":2160,""stage"":""outside_prefix""}"
dem-sierra-b50000-transactional-t8,95,80,1,8007,0,2.1625931804872325,4,0.7052861693861805,below_threshold_or_nonfinite,False,"{""frame"":80,""witness"":1,""root"":8007,""stage"":""outside_prefix""}"
dem-sierra-b50000-transactional-t8,95,81,0,428,0,1.4892870546994188,4,1.133568442602344,below_threshold_or_nonfinite,False,"{""frame"":81,""witness"":0,""root"":428,""stage"":""outside_prefix""}"
dem-sierra-b50000-transactional-t8,95,81,0,4812,0,1.4892870546994188,4,1.133568442602344,below_threshold_or_nonfinite,False,"{""frame"":81,""witness"":0,""root"":4812,""stage"":""outside_prefix""}"
dem-sierra-b50000-transactional-t8,95,81,1,2160,0,2.191395578208667,4,0.72173964741823,below_threshold_or_nonfinite,False,"{""frame"":81,""witness"":1,""root"":2160,""stage"":""outside_prefix""}"
dem-sierra-b50000-transactional-t8,95,81,1,8007,0,2.1625931804872325,4,0.7052861693861805,below_threshold_or_nonfinite,False,"{""frame"":81,""witness"":1,""root"":8007,""stage"":""outside_prefix""}"
dem-sierra-b50000-transactional-t8,95,82,0,428,0,1.4892870546994188,4,1.133568442602344,below_threshold_or_nonfinite,False,"{""frame"":82,""witness"":0,""root"":428,""stage"":""outside_prefix""}"
dem-sierra-b50000-transactional-t8,95,82,0,4812,0,1.4892870546994188,4,1.133568442602344,below_threshold_or_nonfinite,False,"{""frame"":82,""witness"":0,""root"":4812,""stage"":""outside_prefix""}"
dem-sierra-b50000-transactional-t8,95,82,1,2160,0,2.191395578208667,4,0.72173964741823,below_threshold_or_nonfinite,False,"{""frame"":82,""witness"":1,""root"":2160,""stage"":""outside_prefix""}"
dem-sierra-b50000-transactional-t8,95,82,1,8007,0,2.1625931804872325,4,0.7052861693861805,below_threshold_or_nonfinite,False,"{""frame"":82,""witness"":1,""root"":8007,""stage"":""outside_prefix""}"
dem-sierra-b50000-transactional-t8,95,83,0,428,0,1.4892870546994188,4,1.133568442602344,below_threshold_or_nonfinite,False,"{""frame"":83,""witness"":0,""root"":428,""stage"":""outside_prefix""}"
dem-sierra-b50000-transactional-t8,95,83,0,4812,0,1.4892870546994188,4,1.133568442602344,below_threshold_or_nonfinite,False,"{""frame"":83,""witness"":0,""root"":4812,""stage"":""outside_prefix""}"
dem-sierra-b50000-transactional-t8,95,83,1,2160,0,2.191395578208667,4,0.72173964741823,below_threshold_or_nonfinite,False,"{""frame"":83,""witness"":1,""root"":2160,""stage"":""outside_prefix""}"
dem-sierra-b50000-transactional-t8,95,83,1,8007,0,2.1625931804872325,4,0.7052861693861805,below_threshold_or_nonfinite,False,"{""frame"":83,""witness"":1,""root"":8007,""stage"":""outside_prefix""}"
dem-sierra-b50000-transactional-t8,95,84,0,428,0,1.4892870546994188,4,1.133568442602344,below_threshold_or_nonfinite,False,"{""frame"":84,""witness"":0,""root"":428,""stage"":""outside_prefix""}"
dem-sierra-b50000-transactional-t8,95,84,0,4812,0,1.4892870546994188,4,1.133568442602344,below_threshold_or_nonfinite,False,"{""frame"":84,""witness"":0,""root"":4812,""stage"":""outside_prefix""}"
dem-sierra-b50000-transactional-t8,95,84,1,2160,0,2.191395578208667,4,0.72173964741823,below_threshold_or_nonfinite,False,"{""frame"":84,""witness"":1,""root"":2160,""stage"":""outside_prefix""}"
dem-sierra-b50000-transactional-t8,95,84,1,8007,0,2.1625931804872325,4,0.7052861693861805,below_threshold_or_nonfinite,False,"{""frame"":84,""witness"":1,""root"":8007,""stage"":""outside_prefix""}"
dem-sierra-b50000-transactional-t8,95,85,0,428,0,1.4892870546994188,4,1.133568442602344,below_threshold_or_nonfinite,False,"{""frame"":85,""witness"":0,""root"":428,""stage"":""outside_prefix""}"
dem-sierra-b50000-transactional-t8,95,85,0,4812,0,1.4892870546994188,4,1.133568442602344,below_threshold_or_nonfinite,False,"{""frame"":85,""witness"":0,""root"":4812,""stage"":""outside_prefix""}"
dem-sierra-b50000-transactional-t8,95,85,1,2160,0,2.191395578208667,4,0.72173964741823,below_threshold_or_nonfinite,False,"{""frame"":85,""witness"":1,""root"":2160,""stage"":""outside_prefix""}"
dem-sierra-b50000-transactional-t8,95,85,1,8007,0,2.1625931804872325,4,0.7052861693861805,below_threshold_or_nonfinite,False,"{""frame"":85,""witness"":1,""root"":8007,""stage"":""outside_prefix""}"
dem-sierra-b50000-transactional-t8,95,86,0,428,0,1.4892870546994188,4,1.133568442602344,below_threshold_or_nonfinite,False,"{""frame"":86,""witness"":0,""root"":428,""stage"":""outside_prefix""}"
dem-sierra-b50000-transactional-t8,95,86,0,4812,0,1.4892870546994188,4,1.133568442602344,below_threshold_or_nonfinite,False,"{""frame"":86,""witness"":0,""root"":4812,""stage"":""outside_prefix""}"
dem-sierra-b50000-transactional-t8,95,86,1,2160,0,2.191395578208667,4,0.72173964741823,below_threshold_or_nonfinite,False,"{""frame"":86,""witness"":1,""root"":2160,""stage"":""outside_prefix""}"
dem-sierra-b50000-transactional-t8,95,86,1,8007,0,2.1625931804872325,4,0.7052861693861805,below_threshold_or_nonfinite,False,"{""frame"":86,""witness"":1,""root"":8007,""stage"":""outside_prefix""}"
dem-sierra-b50000-transactional-t8,95,87,0,428,0,1.4892870546994188,4,1.133568442602344,below_threshold_or_nonfinite,False,"{""frame"":87,""witness"":0,""root"":428,""stage"":""outside_prefix""}"
dem-sierra-b50000-transactional-t8,95,87,0,4812,0,1.4892870546994188,4,1.133568442602344,below_threshold_or_nonfinite,False,"{""frame"":87,""witness"":0,""root"":4812,""stage"":""outside_prefix""}"
dem-sierra-b50000-transactional-t8,95,87,1,2160,0,2.191395578208667,4,0.72173964741823,below_threshold_or_nonfinite,False,"{""frame"":87,""witness"":1,""root"":2160,""stage"":""outside_prefix""}"
dem-sierra-b50000-transactional-t8,95,87,1,8007,0,2.1625931804872325,4,0.7052861693861805,below_threshold_or_nonfinite,False,"{""frame"":87,""witness"":1,""root"":8007,""stage"":""outside_prefix""}"
dem-sierra-b50000-transactional-t8,95,88,0,428,0,1.4892870546994188,4,1.133568442602344,below_threshold_or_nonfinite,False,"{""frame"":88,""witness"":0,""root"":428,""stage"":""outside_prefix""}"
dem-sierra-b50000-transactional-t8,95,88,0,4812,0,1.4892870546994188,4,1.133568442602344,below_threshold_or_nonfinite,False,"{""frame"":88,""witness"":0,""root"":4812,""stage"":""outside_prefix""}"
dem-sierra-b50000-transactional-t8,95,88,1,2160,0,2.191395578208667,4,0.72173964741823,below_threshold_or_nonfinite,False,"{""frame"":88,""witness"":1,""root"":2160,""stage"":""outside_prefix""}"
dem-sierra-b50000-transactional-t8,95,88,1,8007,0,2.1625931804872325,4,0.7052861693861805,below_threshold_or_nonfinite,False,"{""frame"":88,""witness"":1,""root"":8007,""stage"":""outside_prefix""}"
dem-sierra-b50000-transactional-t8,95,89,0,428,0,1.4892870546994188,4,1.133568442602344,below_threshold_or_nonfinite,False,"{""frame"":89,""witness"":0,""root"":428,""stage"":""outside_prefix""}"
dem-sierra-b50000-transactional-t8,95,89,0,4812,0,1.4892870546994188,4,1.133568442602344,below_threshold_or_nonfinite,False,"{""frame"":89,""witness"":0,""root"":4812,""stage"":""outside_prefix""}"
dem-sierra-b50000-transactional-t8,95,89,1,2160,0,2.191395578208667,4,0.72173964741823,below_threshold_or_nonfinite,False,"{""frame"":89,""witness"":1,""root"":2160,""stage"":""outside_prefix""}"
dem-sierra-b50000-transactional-t8,95,89,1,8007,0,2.1625931804872325,4,0.7052861693861805,below_threshold_or_nonfinite,False,"{""frame"":89,""witness"":1,""root"":8007,""stage"":""outside_prefix""}"
dem-sierra-b50000-transactional-t8,95,90,0,428,0,1.4892870546994188,4,1.133568442602344,below_threshold_or_nonfinite,False,"{""frame"":90,""witness"":0,""root"":428,""stage"":""outside_prefix""}"
dem-sierra-b50000-transactional-t8,95,90,0,4812,0,1.4892870546994188,4,1.133568442602344,below_threshold_or_nonfinite,False,"{""frame"":90,""witness"":0,""root"":4812,""stage"":""outside_prefix""}"
dem-sierra-b50000-transactional-t8,95,90,1,2160,0,2.191395578208667,4,0.72173964741823,below_threshold_or_nonfinite,False,"{""frame"":90,""witness"":1,""root"":2160,""stage"":""outside_prefix""}"
dem-sierra-b50000-transactional-t8,95,90,1,8007,0,2.1625931804872325,4,0.7052861693861805,below_threshold_or_nonfinite,False,"{""frame"":90,""witness"":1,""root"":8007,""stage"":""outside_prefix""}"
dem-sierra-b50000-transactional-t8,95,91,0,428,0,1.4892870546994188,4,1.133568442602344,below_threshold_or_nonfinite,False,"{""frame"":91,""witness"":0,""root"":428,""stage"":""outside_prefix""}"
dem-sierra-b50000-transactional-t8,95,91,0,4812,0,1.4892870546994188,4,1.133568442602344,below_threshold_or_nonfinite,False,"{""frame"":91,""witness"":0,""root"":4812,""stage"":""outside_prefix""}"
dem-sierra-b50000-transactional-t8,95,91,1,2160,0,2.191395578208667,4,0.72173964741823,below_threshold_or_nonfinite,False,"{""frame"":91,""witness"":1,""root"":2160,""stage"":""outside_prefix""}"
dem-sierra-b50000-transactional-t8,95,91,1,8007,0,2.1625931804872325,4,0.7052861693861805,below_threshold_or_nonfinite,False,"{""frame"":91,""witness"":1,""root"":8007,""stage"":""outside_prefix""}"
dem-sierra-b50000-transactional-t8,95,92,0,428,0,1.4892870546994188,4,1.133568442602344,below_threshold_or_nonfinite,False,"{""frame"":92,""witness"":0,""root"":428,""stage"":""outside_prefix""}"
dem-sierra-b50000-transactional-t8,95,92,0,4812,0,1.4892870546994188,4,1.133568442602344,below_threshold_or_nonfinite,False,"{""frame"":92,""witness"":0,""root"":4812,""stage"":""outside_prefix""}"
dem-sierra-b50000-transactional-t8,95,92,1,2160,0,2.191395578208667,4,0.72173964741823,below_threshold_or_nonfinite,False,"{""frame"":92,""witness"":1,""root"":2160,""stage"":""outside_prefix""}"
dem-sierra-b50000-transactional-t8,95,92,1,8007,0,2.1625931804872325,4,0.7052861693861805,below_threshold_or_nonfinite,False,"{""frame"":92,""witness"":1,""root"":8007,""stage"":""outside_prefix""}"
dem-sierra-b50000-transactional-t8,95,93,0,428,0,1.4892870546994188,4,1.133568442602344,below_threshold_or_nonfinite,False,"{""frame"":93,""witness"":0,""root"":428,""stage"":""outside_prefix""}"
dem-sierra-b50000-transactional-t8,95,93,0,4812,0,1.4892870546994188,4,1.133568442602344,below_threshold_or_nonfinite,False,"{""frame"":93,""witness"":0,""root"":4812,""stage"":""outside_prefix""}"
dem-sierra-b50000-transactional-t8,95,93,1,2160,0,2.191395578208667,4,0.72173964741823,below_threshold_or_nonfinite,False,"{""frame"":93,""witness"":1,""root"":2160,""stage"":""outside_prefix""}"
dem-sierra-b50000-transactional-t8,95,93,1,8007,0,2.1625931804872325,4,0.7052861693861805,below_threshold_or_nonfinite,False,"{""frame"":93,""witness"":1,""root"":8007,""stage"":""outside_prefix""}"
dem-sierra-b50000-transactional-t8,95,94,0,428,0,1.4892870546994188,4,1.133568442602344,below_threshold_or_nonfinite,False,"{""frame"":94,""witness"":0,""root"":428,""stage"":""outside_prefix""}"
dem-sierra-b50000-transactional-t8,95,94,0,4812,0,1.4892870546994188,4,1.133568442602344,below_threshold_or_nonfinite,False,"{""frame"":94,""witness"":0,""root"":4812,""stage"":""outside_prefix""}"
dem-sierra-b50000-transactional-t8,95,94,1,2160,0,2.191395578208667,4,0.72173964741823,below_threshold_or_nonfinite,False,"{""frame"":94,""witness"":1,""root"":2160,""stage"":""outside_prefix""}"
dem-sierra-b50000-transactional-t8,95,94,1,8007,0,2.1625931804872325,4,0.7052861693861805,below_threshold_or_nonfinite,False,"{""frame"":94,""witness"":1,""root"":8007,""stage"":""outside_prefix""}"
dem-sierra-b50000-transactional-t8,95,95,0,428,0,1.4892870546994188,4,1.133568442602344,below_threshold_or_nonfinite,False,"{""frame"":95,""witness"":0,""root"":428,""stage"":""outside_prefix""}"
dem-sierra-b50000-transactional-t8,95,95,0,4812,0,1.4892870546994188,4,1.133568442602344,below_threshold_or_nonfinite,False,"{""frame"":95,""witness"":0,""root"":4812,""stage"":""outside_prefix""}"
dem-sierra-b50000-transactional-t8,95,95,1,2160,0,2.191395578208667,4,0.72173964741823,below_threshold_or_nonfinite,False,"{""frame"":95,""witness"":1,""root"":2160,""stage"":""outside_prefix""}"
dem-sierra-b50000-transactional-t8,95,95,1,8007,0,2.1625931804872325,4,0.7052861693861805,below_threshold_or_nonfinite,False,"{""frame"":95,""witness"":1,""root"":8007,""stage"":""outside_prefix""}"
