frame,rootIndex,task,thread,startMs,endMs,durationMs,fitCalls,fitMs,pointwiseCalls,pointwiseMs
3,6,receiver_stage/6,2,13.086139,14.048997,0.962858,7,0.565886,1,0.244037
3,10,receiver_stage/6,2,14.049147,14.303664,0.254517,7,0.189925,0,0.0
3,12,receiver_stage/6,2,14.303775,21.141982,6.838207,8,1.864925,7,4.90058
3,82,receiver_stage/6,2,21.142032,21.279536,0.137504,7,0.107442,0,0.0
3,86,receiver_stage/6,2,21.279637,21.493343,0.213706,7,0.185535,0,0.0
3,91,receiver_stage/6,2,21.493443,21.634047,0.140604,7,0.118332,0,0.0
3,95,receiver_stage/6,2,21.634187,21.858233,0.224046,7,0.199785,0,0.0
3,98,receiver_stage/6,2,21.858483,22.10415,0.245667,7,0.219516,0,0.0
3,105,receiver_stage/6,2,22.10425,22.319667,0.215417,7,0.190855,0,0.0
3,110,receiver_stage/6,2,22.319797,22.44466,0.124863,7,0.101321,0,0.0
3,112,receiver_stage/6,2,22.44477,22.543373,0.098603,7,0.080492,0,0.0
3,118,receiver_stage/6,2,22.543403,22.711048,0.167645,7,0.140815,0,0.0
3,120,receiver_stage/6,2,22.711098,22.829751,0.118653,7,0.099673,0,0.0
3,124,receiver_stage/6,2,22.829791,23.098329,0.268538,7,0.238006,0,0.0
3,129,receiver_stage/6,2,23.098379,23.353267,0.254888,7,0.232387,0,0.0
3,136,receiver_stage/6,2,23.353297,23.695957,0.34266,7,0.310737,0,0.0
3,144,receiver_stage/6,2,23.696037,23.925193,0.229156,7,0.204364,0,0.0
3,149,receiver_stage/6,2,23.925223,24.039366,0.114143,7,0.091913,0,0.0
3,154,receiver_stage/6,2,24.039397,24.17465,0.135253,7,0.104139,0,0.0
3,1,receiver_stage/1,3,13.017017,15.100267,2.08325,7,1.660607,1,0.258668
3,16,receiver_stage/1,3,15.100337,16.133523,1.033186,7,0.41413,1,0.53503
3,20,receiver_stage/1,3,16.133603,16.626947,0.493344,4,0.185896,1,0.249048
3,23,receiver_stage/1,3,16.627287,16.879734,0.252447,7,0.206097,0,0.0
3,25,receiver_stage/1,3,16.879884,17.09305,0.213166,7,0.194336,0,0.0
3,27,receiver_stage/1,3,17.093071,17.370748,0.277677,7,0.240175,0,0.0
3,30,receiver_stage/1,3,17.370769,17.605585,0.234816,7,0.217726,0,0.0
3,34,receiver_stage/1,3,17.605625,17.801211,0.195586,7,0.166764,0,0.0
3,37,receiver_stage/1,3,17.801521,17.930855,0.129334,7,0.102683,0,0.0
3,39,receiver_stage/1,3,17.930975,18.048038,0.117063,7,0.099862,0,0.0
3,41,receiver_stage/1,3,18.048128,18.274855,0.226727,7,0.202867,0,0.0
3,43,receiver_stage/1,3,18.274935,18.503251,0.228316,7,0.210355,0,0.0
3,45,receiver_stage/1,3,18.503352,18.722268,0.218916,7,0.196915,0,0.0
3,47,receiver_stage/1,3,18.722358,18.950684,0.228326,7,0.212864,0,0.0
3,48,receiver_stage/1,3,18.950794,19.925843,0.975049,7,0.557396,1,0.35895
3,57,receiver_stage/1,3,19.926153,20.201251,0.275098,7,0.247207,0,0.0
3,62,receiver_stage/1,3,20.201301,20.339305,0.138004,7,0.101753,0,0.0
3,66,receiver_stage/1,3,20.339445,20.564831,0.225386,7,0.193355,0,0.0
3,71,receiver_stage/1,3,20.564991,20.810978,0.245987,7,0.214727,0,0.0
3,75,receiver_stage/1,3,20.811028,21.027955,0.216927,7,0.188093,0,0.0
3,79,receiver_stage/1,3,21.028105,21.999213,0.971108,1,0.057691,1,0.907877
3,102,receiver_stage/1,3,21.999273,22.26919,0.269917,7,0.241407,0,0.0
3,107,receiver_stage/1,3,22.26926,22.536078,0.266818,7,0.239375,0,0.0
3,117,receiver_stage/1,3,22.536158,22.806646,0.270488,7,0.245497,0,0.0
3,123,receiver_stage/1,3,22.806766,23.108515,0.301749,7,0.272319,0,0.0
3,130,receiver_stage/1,3,23.108575,23.325191,0.216616,7,0.187405,0,0.0
3,135,receiver_stage/1,3,23.325221,23.585809,0.260588,7,0.225868,0,0.0
3,140,receiver_stage/1,3,23.586079,23.863617,0.277538,7,0.251357,0,0.0
3,146,receiver_stage/1,3,23.863727,24.005881,0.142154,7,0.109873,0,0.0
3,153,receiver_stage/1,3,24.006121,24.131294,0.125173,7,0.102513,0,0.0
3,157,receiver_stage/1,3,24.131394,24.262408,0.131014,7,0.10719,0,0.0
3,2,receiver_stage/2,4,13.029167,14.952713,1.923546,7,1.475341,1,0.275108
3,15,receiver_stage/2,4,14.952913,19.32413,4.371217,1,0.123194,1,4.234683
3,51,receiver_stage/2,4,19.32421,19.657569,0.333359,7,0.293448,0,0.0
3,54,receiver_stage/2,4,19.657649,19.952768,0.295119,7,0.258407,0,0.0
3,58,receiver_stage/2,4,19.952818,20.103582,0.150764,7,0.112743,0,0.0
3,61,receiver_stage/2,4,20.103703,20.218636,0.114933,7,0.095822,0,0.0
3,63,receiver_stage/2,4,20.218986,20.343259,0.124273,7,0.095491,0,0.0
3,67,receiver_stage/2,4,20.343539,20.648688,0.305149,7,0.280099,0,0.0
3,73,receiver_stage/2,4,20.648748,20.872305,0.223557,7,0.199876,0,0.0
3,77,receiver_stage/2,4,20.872485,21.116642,0.244157,7,0.220895,0,0.0
3,81,receiver_stage/2,4,21.116722,21.315007,0.198285,7,0.111663,0,0.0
3,88,receiver_stage/2,4,21.315057,24.602343,3.287286,8,0.655859,3,2.501303
3,5,receiver_stage/5,5,13.073949,15.289813,2.215864,7,1.324458,1,0.746872
3,17,receiver_stage/5,5,15.289873,20.521089,5.231216,2,0.233777,1,4.974389
3,70,receiver_stage/5,5,20.521359,20.831558,0.310199,7,0.264877,0,0.0
3,76,receiver_stage/5,5,20.831618,21.055155,0.223537,7,0.200916,0,0.0
3,80,receiver_stage/5,5,21.055495,21.185779,0.130284,7,0.091094,0,0.0
3,85,receiver_stage/5,5,21.186029,21.407835,0.221806,7,0.201365,0,0.0
3,90,receiver_stage/5,5,21.407885,21.538669,0.130784,7,0.099264,0,0.0
3,93,receiver_stage/5,5,21.539049,21.800616,0.261567,7,0.229296,0,0.0
3,97,receiver_stage/5,5,21.800656,22.041143,0.240487,7,0.213945,0,0.0
3,103,receiver_stage/5,5,22.041184,22.2834,0.242216,7,0.219345,0,0.0
3,108,receiver_stage/5,5,22.283441,22.500737,0.217296,7,0.198056,0,0.0
3,116,receiver_stage/5,5,22.500837,22.767074,0.266237,7,0.239865,0,0.0
3,122,receiver_stage/5,5,22.767134,23.033572,0.266438,7,0.227956,0,0.0
3,128,receiver_stage/5,5,23.033622,23.259539,0.225917,7,0.203595,0,0.0
3,133,receiver_stage/5,5,23.259629,23.500046,0.240417,7,0.220945,0,0.0
3,139,receiver_stage/5,5,23.500246,23.765503,0.265257,7,0.235126,0,0.0
3,145,receiver_stage/5,5,23.765543,24.00579,0.240247,7,0.215794,0,0.0
3,152,receiver_stage/5,5,24.00581,24.144284,0.138474,7,0.101412,0,0.0
3,159,receiver_stage/5,5,24.144344,24.768623,0.624279,1,0.076652,1,0.539835
3,7,receiver_stage/7,6,13.104745,13.336552,0.231807,7,0.116433,0,0.0
3,8,receiver_stage/7,6,13.336582,13.873528,0.536946,4,0.096444,1,0.34533
3,9,receiver_stage/7,6,13.873578,14.255849,0.382271,7,0.296498,0,0.0
3,11,receiver_stage/7,6,14.255969,19.699181,5.443212,1,0.212536,1,5.218916
3,55,receiver_stage/7,6,19.699271,20.094903,0.395632,7,0.350661,0,0.0
3,60,receiver_stage/7,6,20.094943,20.251267,0.156324,7,0.127344,0,0.0
3,65,receiver_stage/7,6,20.251307,20.424882,0.173575,7,0.145185,0,0.0
3,69,receiver_stage/7,6,20.425162,20.796783,0.371621,7,0.33989,0,0.0
3,74,receiver_stage/7,6,20.796843,21.147753,0.35091,7,0.3161,0,0.0
3,83,receiver_stage/7,6,21.147783,21.304018,0.156235,7,0.128924,0,0.0
3,87,receiver_stage/7,6,21.304138,21.606867,0.302729,7,0.276858,0,0.0
3,94,receiver_stage/7,6,21.606997,21.953447,0.34645,7,0.313789,0,0.0
3,100,receiver_stage/7,6,21.953487,22.324417,0.37093,7,0.342079,0,0.0
3,111,receiver_stage/7,6,22.324447,22.491092,0.166645,7,0.137884,0,0.0
3,115,receiver_stage/7,6,22.491132,22.995197,0.504065,7,0.460215,0,0.0
3,127,receiver_stage/7,6,22.995267,23.295176,0.299909,7,0.268299,0,0.0
3,134,receiver_stage/7,6,23.295236,23.599764,0.304528,7,0.267237,0,0.0
3,141,receiver_stage/7,6,23.599804,23.947935,0.348131,7,0.31828,0,0.0
3,150,receiver_stage/7,6,23.948005,24.13481,0.186805,7,0.144523,0,0.0
3,158,receiver_stage/7,6,24.13485,24.910942,0.776092,1,0.088923,1,0.673099
3,3,receiver_stage/3,7,13.043867,14.649044,1.605177,7,0.776103,1,0.719481
3,14,receiver_stage/3,7,14.649114,15.592871,0.943757,7,0.386751,1,0.484574
3,19,receiver_stage/3,7,15.592941,16.521948,0.929007,1,0.063961,1,0.857735
3,22,receiver_stage/3,7,16.522078,16.709264,0.187186,7,0.080384,0,0.0
3,24,receiver_stage/3,7,16.709634,17.029903,0.320269,7,0.282668,0,0.0
3,26,receiver_stage/3,7,17.029993,17.2624,0.232407,7,0.212267,0,0.0
3,29,receiver_stage/3,7,17.26251,17.489296,0.226786,7,0.204815,0,0.0
3,32,receiver_stage/3,7,17.489406,17.61324,0.123834,7,0.099522,0,0.0
3,35,receiver_stage/3,7,17.61333,21.169463,3.556133,1,0.262028,1,3.285015
3,84,receiver_stage/3,7,21.175163,21.40357,0.228407,7,0.192133,0,0.0
3,89,receiver_stage/3,7,21.4036,21.537424,0.133824,7,0.099362,0,0.0
3,92,receiver_stage/3,7,21.537704,21.654957,0.117253,7,0.097902,0,0.0
3,96,receiver_stage/3,7,21.654987,21.960346,0.305359,7,0.282509,0,0.0
3,101,receiver_stage/3,7,21.960406,22.217063,0.256657,7,0.225345,0,0.0
3,106,receiver_stage/3,7,22.217213,22.473311,0.256098,7,0.230666,0,0.0
3,114,receiver_stage/3,7,22.473421,22.727638,0.254217,7,0.224197,0,0.0
3,121,receiver_stage/3,7,22.728118,22.851082,0.122964,7,0.098004,0,0.0
3,126,receiver_stage/3,7,22.851162,23.162931,0.311769,7,0.270629,0,0.0
3,132,receiver_stage/3,7,23.162981,23.397008,0.234027,7,0.211256,0,0.0
3,138,receiver_stage/3,7,23.397138,23.650175,0.253037,7,0.218856,0,0.0
3,142,receiver_stage/3,7,23.650205,23.878122,0.227917,7,0.195254,0,0.0
3,147,receiver_stage/3,7,23.878152,24.003095,0.124943,7,0.091342,0,0.0
3,151,receiver_stage/3,7,24.003325,24.119429,0.116104,7,0.093804,0,0.0
3,156,receiver_stage/3,7,24.119699,24.239692,0.119993,7,0.09822,0,0.0
3,0,receiver_stage/0,8,13.003552,19.523761,6.520209,1,0.208857,1,6.279482
3,52,receiver_stage/0,8,19.524021,19.803519,0.279498,7,0.247595,0,0.0
3,56,receiver_stage/0,8,19.803899,20.085287,0.281388,7,0.250695,0,0.0
3,59,receiver_stage/0,8,20.086097,20.219951,0.133854,7,0.106804,0,0.0
3,64,receiver_stage/0,8,20.220211,20.348555,0.128344,7,0.096054,0,0.0
3,68,receiver_stage/0,8,20.348825,20.591312,0.242487,7,0.221116,0,0.0
3,72,receiver_stage/0,8,20.591702,20.89194,0.300238,7,0.275536,0,0.0
3,78,receiver_stage/0,8,20.89208,21.868449,0.976369,2,0.085761,1,0.871456
3,99,receiver_stage/0,8,21.868599,22.092975,0.224376,7,0.196656,0,0.0
3,104,receiver_stage/0,8,22.093075,22.316912,0.223837,7,0.200956,0,0.0
3,109,receiver_stage/0,8,22.316942,22.446205,0.129263,7,0.105972,0,0.0
3,113,receiver_stage/0,8,22.446296,25.069931,2.623635,2,0.149614,1,2.462331
3,4,receiver_stage/4,9,13.052333,14.569097,1.516764,7,0.669008,1,0.720281
3,13,receiver_stage/4,9,14.569157,15.529515,0.960358,7,0.38945,1,0.491964
3,18,receiver_stage/4,9,15.529675,16.464882,0.935207,1,0.066172,1,0.856665
3,21,receiver_stage/4,9,16.465172,17.227844,0.762672,7,0.372562,1,0.320939
3,28,receiver_stage/4,9,17.227994,17.452471,0.224477,7,0.195466,0,0.0
3,31,receiver_stage/4,9,17.452641,17.580764,0.128123,7,0.10069,0,0.0
3,33,receiver_stage/4,9,17.580904,17.739829,0.158925,7,0.134385,0,0.0
3,36,receiver_stage/4,9,17.739889,17.870813,0.130924,7,0.100312,0,0.0
3,38,receiver_stage/4,9,17.870893,17.981126,0.110233,7,0.090682,0,0.0
3,40,receiver_stage/4,9,17.981276,18.205872,0.224596,7,0.200604,0,0.0
3,42,receiver_stage/4,9,18.205962,18.436379,0.230417,7,0.210085,0,0.0
3,44,receiver_stage/4,9,18.436449,18.656776,0.220327,7,0.195056,0,0.0
3,46,receiver_stage/4,9,18.656876,19.006321,0.349445,7,0.317984,0,0.0
3,49,receiver_stage/4,9,19.006401,19.283839,0.277438,7,0.226236,0,0.0
3,50,receiver_stage/4,9,19.283899,19.547846,0.263947,7,0.231375,0,0.0
3,53,receiver_stage/4,9,19.547896,22.682277,3.134381,2,0.36327,2,2.745919
3,119,receiver_stage/4,9,22.682327,22.837682,0.155355,7,0.123274,0,0.0
3,125,receiver_stage/4,9,22.837712,23.13022,0.292508,7,0.262378,0,0.0
3,131,receiver_stage/4,9,23.13027,23.357497,0.227227,7,0.200466,0,0.0
3,137,receiver_stage/4,9,23.412099,23.669856,0.257757,7,0.226437,0,0.0
3,143,receiver_stage/4,9,23.669926,23.925163,0.255237,7,0.227777,0,0.0
3,148,receiver_stage/4,9,23.925193,24.043317,0.118124,7,0.096551,0,0.0
3,155,receiver_stage/4,9,24.043347,24.171641,0.128294,7,0.105584,0,0.0
4,2,receiver_stage/1,2,11.884739,13.143885,1.259146,8,0.543015,1,0.553456
4,11,receiver_stage/1,2,13.144015,17.508582,4.364567,1,0.36314,1,3.986526
4,38,receiver_stage/1,2,17.508822,17.79268,0.283858,7,0.250095,0,0.0
4,41,receiver_stage/1,2,17.79272,19.712146,1.919426,7,1.664708,1,0.138394
4,73,receiver_stage/1,2,19.712376,19.966833,0.254457,7,0.229637,0,0.0
4,79,receiver_stage/1,2,19.966943,20.232681,0.265738,7,0.231698,0,0.0
4,83,receiver_stage/1,2,20.232731,20.370305,0.137574,7,0.106373,0,0.0
4,88,receiver_stage/1,2,20.370385,20.631782,0.261397,7,0.236316,0,0.0
4,93,receiver_stage/1,2,20.631813,20.857249,0.225436,7,0.203876,0,0.0
4,102,receiver_stage/1,2,20.857359,20.991253,0.133894,7,0.105694,0,0.0
4,108,receiver_stage/1,2,20.991463,21.115626,0.124163,7,0.103232,0,0.0
4,114,receiver_stage/1,2,21.115757,21.464637,0.34888,7,0.310439,0,0.0
4,121,receiver_stage/1,2,21.464697,21.691143,0.226446,7,0.200385,0,0.0
4,127,receiver_stage/1,2,21.691233,21.94249,0.251257,7,0.226897,0,0.0
4,133,receiver_stage/1,2,21.942601,22.189288,0.246687,7,0.223566,0,0.0
4,139,receiver_stage/1,2,22.189388,22.454615,0.265227,7,0.235904,0,0.0
4,144,receiver_stage/1,2,22.454735,22.569589,0.114854,7,0.089073,0,0.0
4,149,receiver_stage/1,2,22.569699,22.828206,0.258507,7,0.234426,0,0.0
4,156,receiver_stage/1,2,22.828306,22.95825,0.129944,7,0.103234,0,0.0
4,4,receiver_stage/4,3,11.919551,14.281194,2.361643,4,1.431359,1,0.465348
4,14,receiver_stage/4,3,14.281354,14.888802,0.607448,7,0.503234,0,0.0
4,18,receiver_stage/4,3,14.889002,15.073117,0.184115,7,0.119893,0,0.0
4,20,receiver_stage/4,3,15.073347,15.269913,0.196566,7,0.154515,0,0.0
4,22,receiver_stage/4,3,15.270123,15.456558,0.186435,7,0.08086,0,0.0
4,24,receiver_stage/4,3,15.456658,19.106264,3.649606,2,0.283549,1,3.351217
4,61,receiver_stage/4,3,19.106314,19.479465,0.373151,7,0.337481,0,0.0
4,69,receiver_stage/4,3,19.479545,20.35554,0.875995,7,0.454302,1,0.36361
4,86,receiver_stage/4,3,20.35597,20.607287,0.251317,7,0.218727,0,0.0
4,92,receiver_stage/4,3,20.607407,20.851264,0.243857,7,0.219166,0,0.0
4,100,receiver_stage/4,3,20.851594,20.985308,0.133714,7,0.107602,0,0.0
4,107,receiver_stage/4,3,20.985408,21.115252,0.129844,7,0.103202,0,0.0
4,113,receiver_stage/4,3,21.115412,21.358319,0.242907,7,0.223737,0,0.0
4,119,receiver_stage/4,3,21.358849,21.661378,0.302529,7,0.268289,0,0.0
4,125,receiver_stage/4,3,21.661438,21.935316,0.273878,7,0.246267,0,0.0
4,132,receiver_stage/4,3,21.935396,22.159382,0.223986,7,0.201646,0,0.0
4,137,receiver_stage/4,3,22.159473,22.42325,0.263777,7,0.240988,0,0.0
4,143,receiver_stage/4,3,22.42339,22.554754,0.131364,7,0.105434,0,0.0
4,148,receiver_stage/4,3,22.554854,22.801001,0.246147,7,0.216897,0,0.0
4,153,receiver_stage/4,3,22.801101,22.914494,0.113393,7,0.092103,0,0.0
4,5,receiver_stage/5,4,11.934235,13.449609,1.515374,6,0.986559,1,0.407081
4,13,receiver_stage/5,4,13.449859,15.457557,2.007698,7,1.513262,1,0.298969
4,25,receiver_stage/5,4,15.458637,19.182721,3.724084,2,0.326496,1,3.380388
4,63,receiver_stage/5,4,19.182771,19.476179,0.293408,7,0.261417,0,0.0
4,68,receiver_stage/5,4,19.476239,19.611043,0.134804,7,0.106792,0,0.0
4,72,receiver_stage/5,4,19.611243,19.858,0.246757,7,0.222767,0,0.0
4,76,receiver_stage/5,4,19.85803,19.980414,0.122384,7,0.095212,0,0.0
4,80,receiver_stage/5,4,19.980564,20.246052,0.265488,7,0.239747,0,0.0
4,84,receiver_stage/5,4,20.246472,20.363745,0.117273,7,0.093091,0,0.0
4,87,receiver_stage/5,4,20.363775,20.604462,0.240687,7,0.216517,0,0.0
4,91,receiver_stage/5,4,20.604662,20.855829,0.251167,7,0.226407,0,0.0
4,101,receiver_stage/5,4,20.855959,20.973203,0.117244,7,0.094114,0,0.0
4,105,receiver_stage/5,4,20.973313,21.115007,0.141694,7,0.116043,0,0.0
4,112,receiver_stage/5,4,21.115117,21.367374,0.252257,7,0.224296,0,0.0
4,120,receiver_stage/5,4,21.367404,21.674093,0.306689,7,0.277478,0,0.0
4,126,receiver_stage/5,4,21.674273,21.91053,0.236257,7,0.207775,0,0.0
4,131,receiver_stage/5,4,21.91061,22.170397,0.259787,7,0.234895,0,0.0
4,138,receiver_stage/5,4,22.170498,22.532738,0.36224,7,0.323167,0,0.0
4,146,receiver_stage/5,4,22.532868,22.645621,0.112753,7,0.091152,0,0.0
4,150,receiver_stage/5,4,22.645731,22.879878,0.234147,7,0.213565,0,0.0
4,157,receiver_stage/5,4,22.879978,22.997701,0.117723,7,0.097773,0,0.0
4,0,receiver_stage/0,5,11.826272,13.399947,1.573675,4,0.535185,1,0.524165
4,12,receiver_stage/0,5,13.399987,15.428206,2.028219,7,1.612956,1,0.243157
4,23,receiver_stage/0,5,15.428366,15.644302,0.215936,7,0.096142,0,0.0
4,26,receiver_stage/0,5,15.644502,20.816682,5.17218,8,3.44775,4,1.598305
4,98,receiver_stage/0,5,20.816742,20.960796,0.144054,7,0.108722,0,0.0
4,104,receiver_stage/0,5,20.960936,21.08495,0.124014,7,0.099773,0,0.0
4,110,receiver_stage/0,5,21.08528,21.305306,0.220026,7,0.188905,0,0.0
4,116,receiver_stage/0,5,21.306037,21.527633,0.221596,7,0.201356,0,0.0
4,122,receiver_stage/0,5,21.527793,21.866843,0.33905,7,0.30176,0,0.0
4,129,receiver_stage/0,5,21.866903,22.091949,0.225046,7,0.201675,0,0.0
4,134,receiver_stage/0,5,22.092029,22.303405,0.211376,7,0.187036,0,0.0
4,140,receiver_stage/0,5,22.303435,22.512131,0.208696,7,0.185635,0,0.0
4,145,receiver_stage/0,5,22.512231,22.681546,0.169315,7,0.140524,0,0.0
4,152,receiver_stage/0,5,22.681596,22.82414,0.142544,7,0.116572,0,0.0
4,155,receiver_stage/0,5,22.82424,22.940494,0.116254,7,0.095432,0,0.0
4,1,receiver_stage/2,6,11.877444,12.545413,0.667969,4,0.323798,0,0.0
4,9,receiver_stage/2,6,12.545443,14.662905,2.117462,7,1.467573,1,0.517685
4,16,receiver_stage/2,6,14.663055,16.825807,2.162752,7,1.279724,1,0.726431
4,31,receiver_stage/2,6,16.826527,17.837392,1.010865,7,0.386051,1,0.541311
4,43,receiver_stage/2,6,17.837472,18.025007,0.187535,7,0.150404,0,0.0
4,45,receiver_stage/2,6,18.025327,18.137571,0.112244,7,0.091303,0,0.0
4,47,receiver_stage/2,6,18.137661,18.412419,0.274758,7,0.243308,0,0.0
4,50,receiver_stage/2,6,18.412529,18.701297,0.288768,7,0.263345,0,0.0
4,53,receiver_stage/2,6,18.701357,18.941874,0.240517,7,0.217927,0,0.0
4,57,receiver_stage/2,6,18.941954,19.063157,0.121203,7,0.099093,0,0.0
4,60,receiver_stage/2,6,19.063187,19.325195,0.262008,7,0.231216,0,0.0
4,65,receiver_stage/2,6,19.325225,19.468869,0.143644,7,0.112253,0,0.0
4,67,receiver_stage/2,6,19.468909,19.573632,0.104723,7,0.086892,0,0.0
4,71,receiver_stage/2,6,19.573772,19.796559,0.222787,7,0.197236,0,0.0
4,75,receiver_stage/2,6,19.796949,19.917842,0.120893,7,0.094902,0,0.0
4,77,receiver_stage/2,6,19.917982,20.147769,0.229787,7,0.204516,0,0.0
4,81,receiver_stage/2,6,20.148069,20.393356,0.245287,7,0.223286,0,0.0
4,89,receiver_stage/2,6,20.393466,20.692255,0.298789,7,0.267769,0,0.0
4,95,receiver_stage/2,6,20.692365,20.772527,0.080162,7,0.044982,0,0.0
4,96,receiver_stage/2,6,20.772757,20.848129,0.075372,7,0.047761,0,0.0
4,99,receiver_stage/2,6,20.848269,20.974563,0.126294,7,0.101333,0,0.0
4,106,receiver_stage/2,6,20.974753,21.100877,0.126124,7,0.103162,0,0.0
4,111,receiver_stage/2,6,21.101107,21.326963,0.225856,7,0.200355,0,0.0
4,117,receiver_stage/2,6,21.327233,21.624402,0.297169,7,0.273698,0,0.0
4,123,receiver_stage/2,6,21.624522,21.872529,0.248007,7,0.217375,0,0.0
4,130,receiver_stage/2,6,21.872569,22.093845,0.221276,7,0.189735,0,0.0
4,135,receiver_stage/2,6,22.094125,22.371933,0.277808,7,0.252458,0,0.0
4,142,receiver_stage/2,6,22.372083,22.659112,0.287029,7,0.261727,0,0.0
4,151,receiver_stage/2,6,22.659172,22.880218,0.221046,7,0.198195,0,0.0
4,158,receiver_stage/2,6,22.880248,23.005942,0.125694,7,0.099974,0,0.0
4,6,receiver_stage/6,7,11.937251,12.634021,0.69677,6,0.579997,0,0.0
4,10,receiver_stage/6,7,12.634251,17.011728,4.377477,3,0.369851,1,3.974885
4,32,receiver_stage/6,7,17.011918,17.277856,0.265938,7,0.187145,0,0.0
4,35,receiver_stage/6,7,17.278536,17.398229,0.119693,7,0.089493,0,0.0
4,36,receiver_stage/6,7,17.398979,17.521343,0.122364,7,0.099901,0,0.0
4,39,receiver_stage/6,7,17.521463,17.817286,0.295823,7,0.266172,0,0.0
4,42,receiver_stage/6,7,17.817396,18.549177,0.731781,7,0.375731,1,0.302789
4,51,receiver_stage/6,7,18.549267,18.780714,0.231447,7,0.198485,0,0.0
4,54,receiver_stage/6,7,18.780794,19.015741,0.234947,7,0.215346,0,0.0
4,58,receiver_stage/6,7,19.015841,19.142595,0.126754,7,0.107294,0,0.0
4,62,receiver_stage/6,7,19.142755,19.383842,0.241087,7,0.214586,0,0.0
4,66,receiver_stage/6,7,19.383942,19.563967,0.180025,7,0.144393,0,0.0
4,70,receiver_stage/6,7,19.564017,19.793153,0.229136,7,0.200605,0,0.0
4,74,receiver_stage/6,7,19.793243,19.920327,0.127084,7,0.098311,0,0.0
4,78,receiver_stage/6,7,19.920367,20.218406,0.298039,7,0.268458,0,0.0
4,82,receiver_stage/6,7,20.218466,20.34978,0.131314,7,0.093021,0,0.0
4,85,receiver_stage/6,7,20.34986,20.456303,0.106443,7,0.08822,0,0.0
4,90,receiver_stage/6,7,20.456333,20.681929,0.225596,7,0.191325,0,0.0
4,94,receiver_stage/6,7,20.68244,20.789602,0.107162,7,0.076802,0,0.0
4,97,receiver_stage/6,7,20.789672,20.891275,0.101603,7,0.076782,0,0.0
4,103,receiver_stage/6,7,20.891345,21.017509,0.126164,7,0.101103,0,0.0
4,109,receiver_stage/6,7,21.017749,21.131352,0.113603,7,0.092282,0,0.0
4,115,receiver_stage/6,7,21.131452,21.342168,0.210716,7,0.186374,0,0.0
4,118,receiver_stage/6,7,21.342308,21.632907,0.290599,7,0.244747,0,0.0
4,124,receiver_stage/6,7,21.633577,21.849923,0.216346,7,0.191416,0,0.0
4,128,receiver_stage/6,7,21.850033,22.09505,0.245017,7,0.221047,0,0.0
4,136,receiver_stage/6,7,22.09513,22.316957,0.221827,7,0.200225,0,0.0
4,141,receiver_stage/6,7,22.317097,22.539443,0.222346,7,0.197866,0,0.0
4,147,receiver_stage/6,7,22.539533,22.902074,0.362541,1,0.026481,1,0.286099
4,159,receiver_stage/6,7,22.902104,23.032337,0.130233,7,0.110642,0,0.0
4,3,receiver_stage/3,8,11.891715,12.352488,0.460773,7,0.279288,0,0.0
4,8,receiver_stage/3,8,12.352708,14.733892,2.381184,7,0.632878,1,1.633802
4,17,receiver_stage/3,8,14.733982,14.989509,0.255527,7,0.163396,0,0.0
4,19,receiver_stage/3,8,14.98983,15.229216,0.239386,7,0.182686,0,0.0
4,21,receiver_stage/3,8,15.234536,15.668909,0.434373,7,0.343917,0,0.0
4,27,receiver_stage/3,8,15.668979,15.946307,0.277328,7,0.208436,0,0.0
4,28,receiver_stage/3,8,15.946627,16.171134,0.224507,7,0.176065,0,0.0
4,30,receiver_stage/3,8,16.171414,17.124191,0.952777,7,0.385421,1,0.489094
4,33,receiver_stage/3,8,17.124321,17.270885,0.146564,7,0.106561,0,0.0
4,34,receiver_stage/3,8,17.271065,17.41969,0.148625,7,0.09499,0,0.0
4,37,receiver_stage/3,8,17.42016,17.668297,0.248137,7,0.213467,0,0.0
4,40,receiver_stage/3,8,17.668397,17.904194,0.235797,7,0.213206,0,0.0
4,44,receiver_stage/3,8,17.904244,18.028337,0.124093,7,0.099853,0,0.0
4,46,receiver_stage/3,8,18.028467,18.141021,0.112554,7,0.094793,0,0.0
4,48,receiver_stage/3,8,18.141121,18.357197,0.216076,7,0.192745,0,0.0
4,49,receiver_stage/3,8,18.357297,18.573233,0.215936,7,0.198456,0,0.0
4,52,receiver_stage/3,8,18.573313,18.7934,0.220087,7,0.198005,0,0.0
4,55,receiver_stage/3,8,18.79351,18.918493,0.124983,7,0.099071,0,0.0
4,56,receiver_stage/3,8,18.918643,19.036207,0.117564,7,0.095873,0,0.0
4,59,receiver_stage/3,8,19.036327,19.228392,0.192065,7,0.080512,0,0.0
4,64,receiver_stage/3,8,19.228422,22.809906,3.581484,1,0.31606,1,3.257424
4,154,receiver_stage/3,8,22.809956,22.94875,0.138794,7,0.108282,0,0.0
4,7,receiver_stage/7,9,11.973167,14.449949,2.476782,7,0.739411,1,1.556495
4,15,receiver_stage/7,9,14.450089,16.053336,1.603247,7,0.635899,1,0.838484
4,29,receiver_stage/7,9,16.053536,23.693796,7.64026,8,1.978107,7,5.572561
5,0,receiver_stage/0,2,11.57251,13.157786,1.585276,4,0.540567,1,0.546616
5,19,receiver_stage/0,2,13.158066,14.739241,1.581175,7,0.692429,1,0.740182
5,30,receiver_stage/0,2,14.739281,14.914507,0.175226,7,0.089691,0,0.0
5,33,receiver_stage/0,2,14.914587,17.977065,3.062478,8,1.127033,7,1.833892
5,44,receiver_stage/0,2,17.977125,18.303185,0.32606,7,0.290909,0,0.0
5,48,receiver_stage/0,2,18.303245,18.436059,0.132814,7,0.103613,0,0.0
5,51,receiver_stage/0,2,18.436149,18.576543,0.140394,7,0.105084,0,0.0
5,54,receiver_stage/0,2,18.576633,18.690056,0.113423,7,0.094142,0,0.0
5,57,receiver_stage/0,2,18.690186,18.918453,0.228267,7,0.206785,0,0.0
5,60,receiver_stage/0,2,18.918563,19.136009,0.217446,7,0.196184,0,0.0
5,63,receiver_stage/0,2,19.136119,19.262083,0.125964,7,0.099343,0,0.0
5,66,receiver_stage/0,2,19.262183,19.423287,0.161104,7,0.137892,0,0.0
5,70,receiver_stage/0,2,19.423337,19.539831,0.116494,7,0.093494,0,0.0
5,73,receiver_stage/0,2,19.539861,19.809499,0.269638,7,0.234976,0,0.0
5,76,receiver_stage/0,2,19.809549,20.050085,0.240536,7,0.215543,0,0.0
5,80,receiver_stage/0,2,20.050245,20.166319,0.116074,7,0.094332,0,0.0
5,84,receiver_stage/0,2,20.166429,20.407556,0.241127,7,0.220487,0,0.0
5,88,receiver_stage/0,2,20.407926,20.53479,0.126864,7,0.105803,0,0.0
5,92,receiver_stage/0,2,20.578861,20.851869,0.273008,7,0.233096,0,0.0
5,94,receiver_stage/0,2,20.851949,21.095696,0.243747,7,0.225626,0,0.0
5,97,receiver_stage/0,2,21.095856,21.338853,0.242997,7,0.206936,0,0.0
5,100,receiver_stage/0,2,21.338913,21.605751,0.266838,7,0.237818,0,0.0
5,104,receiver_stage/0,2,21.605891,21.711824,0.105933,7,0.084911,0,0.0
5,108,receiver_stage/0,2,21.712104,21.824957,0.112853,7,0.092091,0,0.0
5,112,receiver_stage/0,2,21.825127,21.93774,0.112613,7,0.091633,0,0.0
5,117,receiver_stage/0,2,21.93785,23.775764,1.837914,1,0.037101,1,1.793682
5,149,receiver_stage/0,2,23.775824,23.921718,0.145894,7,0.106694,0,0.0
5,152,receiver_stage/0,2,23.921768,24.051562,0.129794,7,0.104573,0,0.0
5,155,receiver_stage/0,2,24.051612,24.166765,0.115153,7,0.095792,0,0.0
5,158,receiver_stage/0,2,24.166905,24.287678,0.120773,7,0.099073,0,0.0
5,1,receiver_stage/1,3,11.597296,12.137761,0.540465,4,0.228765,0,0.0
5,11,receiver_stage/1,3,12.137981,12.290876,0.152895,7,0.093272,0,0.0
5,13,receiver_stage/1,3,12.291376,12.760079,0.468703,7,0.028141,0,0.0
5,15,receiver_stage/1,3,12.760199,12.951275,0.191076,7,0.139442,0,0.0
5,18,receiver_stage/1,3,12.951795,13.933913,0.982118,7,0.792414,0,0.0
5,21,receiver_stage/1,3,13.934253,14.201111,0.266858,7,0.166146,0,0.0
5,24,receiver_stage/1,3,14.201281,14.430788,0.229507,7,0.157055,0,0.0
5,27,receiver_stage/1,3,14.430928,21.652937,7.222009,8,4.50106,5,2.569315
5,106,receiver_stage/1,3,21.652987,21.806592,0.153605,7,0.113042,0,0.0
5,111,receiver_stage/1,3,21.806682,21.933405,0.126723,7,0.104873,0,0.0
5,116,receiver_stage/1,3,21.933496,22.191873,0.258377,7,0.235036,0,0.0
5,121,receiver_stage/1,3,22.192223,22.312536,0.120313,7,0.082811,0,0.0
5,125,receiver_stage/1,3,22.312597,22.539303,0.226706,7,0.202744,0,0.0
5,129,receiver_stage/1,3,22.539413,22.78695,0.247537,7,0.225547,0,0.0
5,133,receiver_stage/1,3,22.78705,23.007007,0.219957,7,0.200306,0,0.0
5,136,receiver_stage/1,3,23.007117,23.227633,0.220516,7,0.198515,0,0.0
5,139,receiver_stage/1,3,23.227743,23.514201,0.286458,7,0.253297,0,0.0
5,144,receiver_stage/1,3,23.514251,23.765029,0.250778,7,0.222867,0,0.0
5,148,receiver_stage/1,3,23.765229,23.899502,0.134273,7,0.106333,0,0.0
5,151,receiver_stage/1,3,23.899622,24.004136,0.104514,7,0.085552,0,0.0
5,154,receiver_stage/1,3,24.004246,24.126789,0.122543,7,0.095261,0,0.0
5,157,receiver_stage/1,3,24.126889,24.243982,0.117093,7,0.097322,0,0.0
5,4,receiver_stage/4,4,11.640852,12.030253,0.389401,7,0.252706,0,0.0
5,10,receiver_stage/4,4,12.030313,12.880728,0.850415,7,0.736969,0,0.0
5,16,receiver_stage/4,4,12.880848,14.853975,1.973127,7,1.537754,1,0.274188
5,32,receiver_stage/4,4,14.854045,17.757334,2.903289,1,0.180295,1,2.714313
5,41,receiver_stage/4,4,17.757374,18.741773,0.984399,7,0.3855,1,0.513555
5,58,receiver_stage/4,4,18.741843,19.064757,0.322914,7,0.294183,0,0.0
5,62,receiver_stage/4,4,19.064847,19.308774,0.243927,7,0.220237,0,0.0
5,68,receiver_stage/4,4,19.308864,19.447648,0.138784,7,0.110983,0,0.0
5,71,receiver_stage/4,4,19.447748,19.613133,0.165385,7,0.101604,0,0.0
5,74,receiver_stage/4,4,19.613193,19.85638,0.243187,7,0.214337,0,0.0
5,77,receiver_stage/4,4,19.85664,19.979593,0.122953,7,0.092602,0,0.0
5,78,receiver_stage/4,4,19.979693,20.103577,0.123884,7,0.097113,0,0.0
5,82,receiver_stage/4,4,20.103917,20.322633,0.218716,7,0.189226,0,0.0
5,85,receiver_stage/4,4,20.322753,20.454147,0.131394,7,0.098911,0,0.0
5,89,receiver_stage/4,4,20.454357,21.288071,0.833714,7,0.45719,1,0.32496
5,99,receiver_stage/4,4,21.288131,21.529828,0.241697,7,0.217455,0,0.0
5,103,receiver_stage/4,4,21.530268,21.658412,0.128144,7,0.103602,0,0.0
5,107,receiver_stage/4,4,21.658532,21.786036,0.127504,7,0.106543,0,0.0
5,110,receiver_stage/4,4,21.786226,21.91436,0.128134,7,0.102404,0,0.0
5,115,receiver_stage/4,4,21.91458,22.137826,0.223246,7,0.203645,0,0.0
5,120,receiver_stage/4,4,22.138006,22.233599,0.095593,7,0.051622,0,0.0
5,123,receiver_stage/4,4,22.233679,22.481156,0.247477,7,0.226196,0,0.0
5,128,receiver_stage/4,4,22.481246,22.745044,0.263798,7,0.236568,0,0.0
5,132,receiver_stage/4,4,22.745104,23.013161,0.268057,7,0.240356,0,0.0
5,137,receiver_stage/4,4,23.013262,23.261649,0.248387,7,0.223866,0,0.0
5,140,receiver_stage/4,4,23.261719,23.472625,0.210906,7,0.190385,0,0.0
5,143,receiver_stage/4,4,23.472745,23.720332,0.247587,7,0.226236,0,0.0
5,147,receiver_stage/4,4,23.720452,24.587797,0.867345,1,0.061012,1,0.801393
5,2,receiver_stage/2,5,11.603466,11.893624,0.290158,7,0.148455,0,0.0
5,9,receiver_stage/2,5,11.893784,14.322089,2.428305,7,0.632377,1,1.637392
5,26,receiver_stage/2,5,14.322249,14.740712,0.418463,7,0.32174,0,0.0
5,31,receiver_stage/2,5,14.740742,17.761059,3.020317,1,0.187145,1,2.826042
5,42,receiver_stage/2,5,17.761299,18.027047,0.265748,7,0.187624,0,0.0
5,45,receiver_stage/2,5,18.027157,18.275254,0.248097,7,0.217107,0,0.0
5,47,receiver_stage/2,5,18.275364,18.405098,0.129734,7,0.100033,0,0.0
5,50,receiver_stage/2,5,18.405218,18.515641,0.110423,7,0.093823,0,0.0
5,53,receiver_stage/2,5,18.515751,18.628655,0.112904,7,0.087823,0,0.0
5,55,receiver_stage/2,5,18.628765,18.931693,0.302928,7,0.272715,0,0.0
5,61,receiver_stage/2,5,18.931753,19.17977,0.248017,7,0.220076,0,0.0
5,64,receiver_stage/2,5,19.17983,19.307374,0.127544,7,0.102781,0,0.0
5,67,receiver_stage/2,5,19.307474,20.069596,0.762122,7,0.37724,1,0.32833
5,81,receiver_stage/2,5,20.069966,20.332434,0.262468,7,0.231324,0,0.0
5,86,receiver_stage/2,5,20.332784,20.455437,0.122653,7,0.096711,0,0.0
5,90,receiver_stage/2,5,20.455568,20.89712,0.441552,8,0.391551,0,0.0
5,95,receiver_stage/2,5,20.89718,21.140417,0.243237,7,0.213836,0,0.0
5,98,receiver_stage/2,5,21.140617,21.368084,0.227467,7,0.200076,0,0.0
5,101,receiver_stage/2,5,21.368324,21.504448,0.136124,7,0.105144,0,0.0
5,102,receiver_stage/2,5,21.504668,21.621781,0.117113,7,0.095083,0,0.0
5,105,receiver_stage/2,5,21.622021,21.746705,0.124684,7,0.095543,0,0.0
5,109,receiver_stage/2,5,21.746835,21.869358,0.122523,7,0.100903,0,0.0
5,113,receiver_stage/2,5,21.869389,22.136336,0.266947,7,0.243264,0,0.0
5,119,receiver_stage/2,5,22.136446,22.216739,0.080293,7,0.044391,0,0.0
5,122,receiver_stage/2,5,22.216809,22.436765,0.219956,7,0.191116,0,0.0
5,126,receiver_stage/2,5,22.436855,22.700093,0.263238,7,0.236406,0,0.0
5,130,receiver_stage/2,5,22.700193,22.94834,0.248147,7,0.222075,0,0.0
5,134,receiver_stage/2,5,22.9484,23.167356,0.218956,7,0.189875,0,0.0
5,138,receiver_stage/2,5,23.167446,23.450804,0.283358,7,0.241217,0,0.0
5,142,receiver_stage/2,5,23.450864,23.684191,0.233327,7,0.207145,0,0.0
5,146,receiver_stage/2,5,23.684261,24.550916,0.866655,1,0.063551,1,0.796293
5,5,receiver_stage/5,6,11.654408,13.985106,2.330698,4,1.447893,1,0.403781
5,22,receiver_stage/5,6,13.985236,14.194482,0.209246,7,0.122823,0,0.0
5,23,receiver_stage/5,6,14.194582,14.46192,0.267338,7,0.198727,0,0.0
5,28,receiver_stage/5,6,14.46197,16.402491,1.940521,7,1.590607,1,0.193
5,37,receiver_stage/5,6,16.402871,28.268359,11.865488,1,1.338394,1,10.499704
5,7,receiver_stage/7,7,11.689429,12.251105,0.561676,6,0.455603,0,0.0
5,12,receiver_stage/7,7,12.251255,12.622646,0.371391,7,0.277058,0,0.0
5,14,receiver_stage/7,7,12.622846,12.919284,0.296438,7,0.243626,0,0.0
5,17,receiver_stage/7,7,12.919394,14.930833,2.011439,7,1.585106,1,0.257738
5,34,receiver_stage/7,7,14.930973,15.18353,0.252557,7,0.192375,0,0.0
5,35,receiver_stage/7,7,15.18508,28.637329,13.452249,1,1.298338,2,11.296576
5,3,receiver_stage/3,8,11.616997,11.836813,0.219816,7,0.084864,0,0.0
5,8,receiver_stage/3,8,11.837143,14.307175,2.470032,7,0.64996,1,1.620277
5,25,receiver_stage/3,8,14.307245,14.47943,0.172185,7,0.073713,0,0.0
5,29,receiver_stage/3,8,14.47977,16.154928,1.675158,7,1.337027,1,0.216776
5,36,receiver_stage/3,8,16.155428,16.456047,0.300619,7,0.210867,0,0.0
5,38,receiver_stage/3,8,16.456187,16.725454,0.269267,7,0.204947,0,0.0
5,40,receiver_stage/3,8,16.726024,17.793781,1.067757,7,0.434608,1,0.509084
5,43,receiver_stage/3,8,17.794071,18.086299,0.292228,7,0.246276,0,0.0
5,46,receiver_stage/3,8,18.087279,18.387778,0.300499,7,0.268849,0,0.0
5,49,receiver_stage/3,8,18.387828,18.503181,0.115353,7,0.091222,0,0.0
5,52,receiver_stage/3,8,18.503261,18.668366,0.165105,7,0.132724,0,0.0
5,56,receiver_stage/3,8,18.668426,18.886882,0.218456,7,0.192906,0,0.0
5,59,receiver_stage/3,8,18.886992,19.222952,0.33596,7,0.234237,0,0.0
5,65,receiver_stage/3,8,19.223012,19.346776,0.123764,7,0.099563,0,0.0
5,69,receiver_stage/3,8,19.346816,19.475269,0.128453,7,0.104492,0,0.0
5,72,receiver_stage/3,8,19.47537,19.746987,0.271617,7,0.154565,0,0.0
5,75,receiver_stage/3,8,19.747047,20.009915,0.262868,7,0.233805,0,0.0
5,79,receiver_stage/3,8,20.010095,20.123438,0.113343,7,0.092303,0,0.0
5,83,receiver_stage/3,8,20.123568,20.343984,0.220416,7,0.199595,0,0.0
5,87,receiver_stage/3,8,20.344194,20.464848,0.120654,7,0.095342,0,0.0
5,91,receiver_stage/3,8,20.464948,20.788867,0.323919,7,0.268907,0,0.0
5,93,receiver_stage/3,8,20.789037,21.029104,0.240067,7,0.216235,0,0.0
5,96,receiver_stage/3,8,21.029214,21.872039,0.842825,7,0.72597,0,0.0
5,114,receiver_stage/3,8,21.872099,22.114536,0.242437,7,0.208537,0,0.0
5,118,receiver_stage/3,8,22.114716,22.234499,0.119783,7,0.088312,0,0.0
5,124,receiver_stage/3,8,22.23459,22.477996,0.243406,7,0.220026,0,0.0
5,127,receiver_stage/3,8,22.479146,22.739744,0.260598,7,0.234017,0,0.0
5,131,receiver_stage/3,8,22.739844,23.003162,0.263318,7,0.232336,0,0.0
5,135,receiver_stage/3,8,23.003222,23.319961,0.316739,7,0.287739,0,0.0
5,141,receiver_stage/3,8,23.320021,23.588309,0.268288,7,0.244317,0,0.0
5,145,receiver_stage/3,8,23.588399,23.810315,0.221916,7,0.200065,0,0.0
5,150,receiver_stage/3,8,23.810435,23.935929,0.125494,7,0.095791,0,0.0
5,153,receiver_stage/3,8,23.936059,24.051902,0.115843,7,0.092881,0,0.0
5,156,receiver_stage/3,8,24.051932,24.231497,0.179565,7,0.124163,0,0.0
5,159,receiver_stage/3,8,24.231547,24.353011,0.121464,7,0.103502,0,0.0
5,6,receiver_stage/6,9,11.672579,13.548793,1.876214,6,1.170953,1,0.556426
5,20,receiver_stage/6,9,13.548983,16.456978,2.907995,7,1.808884,1,0.920477
5,39,receiver_stage/6,9,16.457148,24.626549,8.169401,8,2.119443,7,5.956816
6,3,receiver_stage/3,2,13.078633,13.437924,0.359291,7,0.156436,0,0.0
6,8,receiver_stage/3,2,13.438034,15.778542,2.340508,7,0.620466,1,1.586256
6,25,receiver_stage/3,2,15.778682,16.013499,0.234817,7,0.167556,0,0.0
6,28,receiver_stage/3,2,16.013799,21.23342,5.219621,7,3.43461,4,1.632109
6,48,receiver_stage/3,2,21.23349,22.555428,1.321938,7,0.304127,1,0.951228
6,50,receiver_stage/3,2,22.555508,23.520986,0.965478,7,0.390241,1,0.482944
6,54,receiver_stage/3,2,23.521066,23.778634,0.257568,7,0.230257,0,0.0
6,58,receiver_stage/3,2,23.778784,23.943448,0.164664,7,0.120744,0,0.0
6,62,receiver_stage/3,2,23.943498,24.197316,0.253818,7,0.230156,0,0.0
6,66,receiver_stage/3,2,24.197446,24.436803,0.239357,7,0.216685,0,0.0
6,71,receiver_stage/3,2,24.436933,24.569277,0.132344,7,0.109254,0,0.0
6,75,receiver_stage/3,2,24.569397,24.729941,0.160544,7,0.119124,0,0.0
6,79,receiver_stage/3,2,24.730001,24.847445,0.117444,7,0.094593,0,0.0
6,82,receiver_stage/3,2,24.847525,25.03208,0.184555,7,0.148345,0,0.0
6,85,receiver_stage/3,2,25.03596,25.337389,0.301429,7,0.255236,0,0.0
6,89,receiver_stage/3,2,25.337459,33.436858,8.099399,8,4.255625,4,3.679198
6,2,receiver_stage/2,3,13.065604,13.504836,0.439232,7,0.239877,0,0.0
6,9,receiver_stage/2,3,13.504876,15.941767,2.436891,7,0.625968,1,1.681509
6,27,receiver_stage/2,3,15.947997,16.362979,0.414982,7,0.320298,0,0.0
6,33,receiver_stage/2,3,16.363069,16.590016,0.226947,7,0.134705,0,0.0
6,35,receiver_stage/2,3,16.590796,16.698399,0.107603,7,0.031442,0,0.0
6,36,receiver_stage/2,3,16.698469,16.821572,0.123103,7,0.080302,0,0.0
6,37,receiver_stage/2,3,16.821652,17.112041,0.290389,7,0.234727,0,0.0
6,39,receiver_stage/2,3,17.112091,23.702442,6.590351,3,0.955399,3,5.601082
6,57,receiver_stage/2,3,23.703142,23.833656,0.130514,7,0.101122,0,0.0
6,61,receiver_stage/2,3,23.833726,24.111084,0.277358,7,0.243955,0,0.0
6,65,receiver_stage/2,3,24.111994,24.33286,0.220866,7,0.197196,0,0.0
6,69,receiver_stage/2,3,24.33298,24.465084,0.132104,7,0.104151,0,0.0
6,72,receiver_stage/2,3,24.465124,24.602578,0.137454,7,0.103742,0,0.0
6,76,receiver_stage/2,3,24.603268,25.500524,0.897256,7,0.380551,1,0.464923
6,91,receiver_stage/2,3,25.500584,25.633688,0.133104,7,0.103062,0,0.0
6,93,receiver_stage/2,3,25.633778,25.744631,0.110853,7,0.091062,0,0.0
6,95,receiver_stage/2,3,25.744721,26.011689,0.266968,7,0.238646,0,0.0
6,97,receiver_stage/2,3,26.011739,26.323368,0.311629,7,0.282037,0,0.0
6,101,receiver_stage/2,3,26.323428,26.560995,0.237567,7,0.210826,0,0.0
6,104,receiver_stage/2,3,26.561575,26.698289,0.136714,7,0.107103,0,0.0
6,105,receiver_stage/2,3,26.698349,26.816542,0.118193,7,0.096561,0,0.0
6,108,receiver_stage/2,3,26.816582,27.660447,0.843865,7,0.479134,1,0.31716
6,126,receiver_stage/2,3,27.660497,28.093929,0.433432,7,0.365902,0,0.0
6,139,receiver_stage/2,3,28.093989,28.316526,0.222537,7,0.193775,0,0.0
6,145,receiver_stage/2,3,28.316736,28.560283,0.243547,7,0.218805,0,0.0
6,151,receiver_stage/2,3,28.560383,28.689927,0.129544,7,0.103554,0,0.0
6,156,receiver_stage/2,3,28.690027,28.82434,0.134313,7,0.105703,0,0.0
6,1,receiver_stage/1,4,13.028712,13.551207,0.522495,4,0.202575,0,0.0
6,10,receiver_stage/1,4,13.551257,14.427833,0.876576,7,0.735651,0,0.0
6,17,receiver_stage/1,4,14.428203,16.336528,1.908325,7,1.471763,1,0.260857
6,32,receiver_stage/1,4,16.336618,19.177881,2.841263,7,2.41356,2,0.260707
6,46,receiver_stage/1,4,19.178011,19.425278,0.247267,7,0.179514,0,0.0
6,47,receiver_stage/1,4,19.425308,26.245885,6.820577,8,1.912886,7,4.834108
6,99,receiver_stage/1,4,26.245975,26.453402,0.207427,7,0.089101,0,0.0
6,102,receiver_stage/1,4,26.453432,26.779061,0.325629,7,0.294037,0,0.0
6,107,receiver_stage/1,4,26.779121,26.890574,0.111453,7,0.088322,0,0.0
6,109,receiver_stage/1,4,26.890604,27.205743,0.315139,7,0.281548,0,0.0
6,115,receiver_stage/1,4,27.205983,27.336767,0.130784,7,0.108433,0,0.0
6,120,receiver_stage/1,4,27.336837,27.557454,0.220617,7,0.199407,0,0.0
6,122,receiver_stage/1,4,27.557554,27.681487,0.123933,7,0.096982,0,0.0
6,127,receiver_stage/1,4,27.681517,27.987796,0.306279,7,0.275849,0,0.0
6,135,receiver_stage/1,4,27.987856,28.1227,0.134844,7,0.103773,0,0.0
6,141,receiver_stage/1,4,28.1229,28.388648,0.265748,7,0.242498,0,0.0
6,149,receiver_stage/1,4,28.388748,28.652885,0.264137,7,0.240056,0,0.0
6,154,receiver_stage/1,4,28.652935,28.786199,0.133264,7,0.109284,0,0.0
6,7,receiver_stage/7,5,13.138006,13.836276,0.69827,6,0.585367,0,0.0
6,13,receiver_stage/7,5,13.836306,14.30213,0.465824,7,0.032771,0,0.0
6,15,receiver_stage/7,5,14.30253,14.499075,0.196545,7,0.145274,0,0.0
6,18,receiver_stage/7,5,14.499405,16.430051,1.930646,7,1.486834,1,0.260707
6,34,receiver_stage/7,5,16.430091,17.297156,0.867065,7,0.640208,1,0.157965
6,40,receiver_stage/7,5,17.297216,17.978056,0.68084,5,0.016881,0,0.0
6,42,receiver_stage/7,5,17.978096,18.087569,0.109473,7,0.073972,0,0.0
6,43,receiver_stage/7,5,18.087599,18.179952,0.092353,7,0.04453,0,0.0
6,44,receiver_stage/7,5,18.180112,27.332497,9.152385,2,0.764461,1,8.358602
6,119,receiver_stage/7,5,27.332697,27.619476,0.286779,7,0.251759,0,0.0
6,125,receiver_stage/7,5,27.619526,27.737239,0.117713,7,0.094551,0,0.0
6,130,receiver_stage/7,5,27.737279,28.070159,0.33288,7,0.305369,0,0.0
6,138,receiver_stage/7,5,28.070209,28.193042,0.122833,7,0.099593,0,0.0
6,144,receiver_stage/7,5,28.193082,28.45224,0.259158,7,0.229837,0,0.0
6,150,receiver_stage/7,5,28.45231,28.737058,0.284748,7,0.258956,0,0.0
6,158,receiver_stage/7,5,28.737108,28.863132,0.126024,7,0.098882,0,0.0
6,6,receiver_stage/6,6,13.124936,14.825705,1.700769,6,1.164552,1,0.424463
6,20,receiver_stage/6,6,14.825775,16.321123,1.495348,7,0.651248,1,0.673009
6,31,receiver_stage/6,6,16.321183,22.216404,5.895221,8,3.250236,7,2.537052
6,49,receiver_stage/6,6,22.216494,23.213273,0.996779,7,0.401102,1,0.514084
6,51,receiver_stage/6,6,23.213403,23.46012,0.246717,7,0.202696,0,0.0
6,53,receiver_stage/6,6,23.46017,23.674806,0.214636,7,0.196325,0,0.0
6,56,receiver_stage/6,6,23.674916,23.8015,0.126584,7,0.099931,0,0.0
6,60,receiver_stage/6,6,23.80153,24.020316,0.218786,7,0.191205,0,0.0
6,63,receiver_stage/6,6,24.020376,24.254113,0.233737,7,0.175855,0,0.0
6,67,receiver_stage/6,6,24.254283,24.49674,0.242457,7,0.222947,0,0.0
6,73,receiver_stage/6,6,24.49677,24.644714,0.147944,7,0.102062,0,0.0
6,77,receiver_stage/6,6,24.644764,24.808559,0.163795,7,0.129313,0,0.0
6,80,receiver_stage/6,6,24.808589,24.923392,0.114803,7,0.096823,0,0.0
6,83,receiver_stage/6,6,24.923493,25.051696,0.128203,7,0.106323,0,0.0
6,86,receiver_stage/6,6,25.051726,25.312034,0.260308,7,0.233585,0,0.0
6,88,receiver_stage/6,6,25.312084,25.555171,0.243087,7,0.215866,0,0.0
6,92,receiver_stage/6,6,25.555481,25.677054,0.121573,7,0.098332,0,0.0
6,94,receiver_stage/6,6,25.677085,25.797038,0.119953,7,0.100532,0,0.0
6,96,receiver_stage/6,6,25.797148,26.019114,0.221966,7,0.199656,0,0.0
6,98,receiver_stage/6,6,26.019154,26.252801,0.233647,7,0.215457,0,0.0
6,100,receiver_stage/6,6,26.252941,26.474677,0.221736,7,0.190134,0,0.0
6,103,receiver_stage/6,6,26.474838,26.757716,0.282878,7,0.262606,0,0.0
6,106,receiver_stage/6,6,26.757776,26.90301,0.145234,7,0.108414,0,0.0
6,110,receiver_stage/6,6,26.90307,27.139717,0.236647,7,0.206576,0,0.0
6,113,receiver_stage/6,6,27.139797,27.26524,0.125443,7,0.102872,0,0.0
6,116,receiver_stage/6,6,27.265271,27.370793,0.105522,7,0.086892,0,0.0
6,121,receiver_stage/6,6,27.370824,27.793646,0.422822,8,0.374491,0,0.0
6,131,receiver_stage/6,6,27.793786,27.914649,0.120863,7,0.077792,0,0.0
6,133,receiver_stage/6,6,27.915409,28.036223,0.120814,7,0.083203,0,0.0
6,137,receiver_stage/6,6,28.036273,28.152546,0.116273,7,0.091823,0,0.0
6,142,receiver_stage/6,6,28.152676,28.378883,0.226207,7,0.203737,0,0.0
6,147,receiver_stage/6,6,28.378913,28.598969,0.220056,7,0.191005,0,0.0
6,153,receiver_stage/6,6,28.599069,28.762794,0.163725,7,0.134195,0,0.0
6,159,receiver_stage/6,6,28.762914,28.878817,0.115903,7,0.093782,0,0.0
6,0,receiver_stage/0,7,12.983715,14.705665,1.72195,4,0.651618,1,0.565547
6,19,receiver_stage/0,7,14.705985,15.434426,0.728441,7,0.548856,0,0.0
6,22,receiver_stage/0,7,15.434766,15.718494,0.283728,7,0.165555,0,0.0
6,24,receiver_stage/0,7,15.718685,16.118886,0.400201,7,0.203934,0,0.0
6,30,receiver_stage/0,7,16.118936,17.96873,1.849794,7,1.545895,1,0.152224
6,41,receiver_stage/0,7,17.96906,18.260628,0.291568,7,0.209776,0,0.0
6,45,receiver_stage/0,7,18.260718,27.035743,8.775025,2,0.754732,1,7.994222
6,112,receiver_stage/0,7,27.035813,27.317281,0.281468,7,0.247118,0,0.0
6,117,receiver_stage/0,7,27.317421,27.563058,0.245637,7,0.214876,0,0.0
6,123,receiver_stage/0,7,27.563158,27.692192,0.129034,7,0.100834,0,0.0
6,128,receiver_stage/0,7,27.692292,27.910488,0.218196,7,0.189245,0,0.0
6,132,receiver_stage/0,7,27.910518,28.023441,0.112923,7,0.061412,0,0.0
6,136,receiver_stage/0,7,28.023601,28.154815,0.131214,7,0.102353,0,0.0
6,143,receiver_stage/0,7,28.154845,28.378412,0.223567,7,0.193856,0,0.0
6,146,receiver_stage/0,7,28.378542,28.591618,0.213076,7,0.195605,0,0.0
6,152,receiver_stage/0,7,28.591648,28.712701,0.121053,7,0.097872,0,0.0
6,157,receiver_stage/0,7,28.712731,28.869976,0.157245,7,0.122815,0,0.0
6,4,receiver_stage/4,8,13.092249,13.563763,0.471514,7,0.31158,0,0.0
6,11,receiver_stage/4,8,13.563813,13.738118,0.174305,7,0.105251,0,0.0
6,12,receiver_stage/4,8,13.738168,14.104469,0.366301,7,0.273649,0,0.0
6,14,receiver_stage/4,8,14.104829,14.403637,0.298808,7,0.244766,0,0.0
6,16,receiver_stage/4,8,14.403737,14.855795,0.452058,6,0.377964,0,0.0
6,21,receiver_stage/4,8,14.856245,17.054899,2.198654,7,1.361898,1,0.67776
6,38,receiver_stage/4,8,17.055019,29.13648,12.081461,3,1.457992,1,10.553056
6,5,receiver_stage/5,9,13.11015,15.616872,2.506722,4,1.558144,1,0.455603
6,23,receiver_stage/5,9,15.617382,15.861229,0.243847,7,0.130842,0,0.0
6,26,receiver_stage/5,9,15.861689,16.043235,0.181546,7,0.074213,0,0.0
6,29,receiver_stage/5,9,16.043275,23.391038,7.347763,8,4.668827,5,2.514492
6,52,receiver_stage/5,9,23.395148,23.664856,0.269708,7,0.238588,0,0.0
6,55,receiver_stage/5,9,23.665056,23.79938,0.134324,7,0.100803,0,0.0
6,59,receiver_stage/5,9,23.79941,24.071188,0.271778,7,0.240667,0,0.0
6,64,receiver_stage/5,9,24.071228,24.296564,0.225336,7,0.195865,0,0.0
6,68,receiver_stage/5,9,24.296594,24.425708,0.129114,7,0.099783,0,0.0
6,70,receiver_stage/5,9,24.425888,24.535591,0.109703,7,0.091821,0,0.0
6,74,receiver_stage/5,9,24.535621,24.688625,0.153004,7,0.105933,0,0.0
6,78,receiver_stage/5,9,24.688685,24.827639,0.138954,7,0.112582,0,0.0
6,81,receiver_stage/5,9,24.827729,24.957083,0.129354,7,0.102361,0,0.0
6,84,receiver_stage/5,9,24.957143,25.124038,0.166895,7,0.123064,0,0.0
6,87,receiver_stage/5,9,25.124098,25.368655,0.244557,7,0.219615,0,0.0
6,90,receiver_stage/5,9,25.368715,26.945931,1.577216,2,0.055551,1,1.510474
6,111,receiver_stage/5,9,26.946021,27.198608,0.252587,7,0.219727,0,0.0
6,114,receiver_stage/5,9,27.198638,27.331702,0.133064,7,0.104093,0,0.0
6,118,receiver_stage/5,9,27.331732,27.572889,0.241157,7,0.219327,0,0.0
6,124,receiver_stage/5,9,27.572999,27.700973,0.127974,7,0.105994,0,0.0
6,129,receiver_stage/5,9,27.702663,27.94939,0.246727,7,0.222927,0,0.0
6,134,receiver_stage/5,9,27.94946,28.113895,0.164435,7,0.125663,0,0.0
6,140,receiver_stage/5,9,28.113955,28.380172,0.266217,7,0.237735,0,0.0
6,148,receiver_stage/5,9,28.380262,28.677811,0.297549,7,0.271337,0,0.0
6,155,receiver_stage/5,9,28.677871,30.794458,2.116587,7,1.457907,1,0.533095
7,6,receiver_stage/6,2,10.590953,12.670422,2.079469,6,1.504015,1,0.454973
7,21,receiver_stage/6,2,12.670502,15.265338,2.594836,7,1.295556,1,1.143354
7,35,receiver_stage/6,2,15.265398,15.442303,0.176905,7,0.089331,0,0.0
7,37,receiver_stage/6,2,15.442543,15.561206,0.118663,7,0.030641,0,0.0
7,38,receiver_stage/6,2,15.561266,15.68698,0.125714,7,0.075922,0,0.0
7,39,receiver_stage/6,2,15.68713,15.941757,0.254627,7,0.209176,0,0.0
7,40,receiver_stage/6,2,15.941887,17.386749,1.444862,7,0.349609,1,1.010929
7,42,receiver_stage/6,2,17.386839,18.514912,1.128073,6,0.03076,0,0.0
7,46,receiver_stage/6,2,18.514972,18.919534,0.404562,7,0.252169,0,0.0
7,47,receiver_stage/6,2,18.919584,19.168071,0.248487,7,0.204555,0,0.0
7,48,receiver_stage/6,2,19.168401,19.423038,0.254637,7,0.226426,0,0.0
7,49,receiver_stage/6,2,19.423378,19.631424,0.208046,7,0.191304,0,0.0
7,50,receiver_stage/6,2,19.631584,19.871191,0.239607,7,0.220707,0,0.0
7,52,receiver_stage/6,2,19.871291,19.977114,0.105823,7,0.048211,0,0.0
7,54,receiver_stage/6,2,19.977184,29.321079,9.343895,2,0.848155,1,8.463489
7,7,receiver_stage/7,3,10.593708,11.676179,1.082471,6,0.907136,0,0.0
7,13,receiver_stage/7,3,11.676329,12.164024,0.487695,7,0.047,0,0.0
7,17,receiver_stage/7,3,12.164054,14.12583,1.961776,7,1.516015,1,0.286308
7,29,receiver_stage/7,3,14.12623,20.473304,6.347074,7,4.467049,4,1.700851
7,58,receiver_stage/7,3,20.473434,20.606478,0.133044,7,0.106013,0,0.0
7,60,receiver_stage/7,3,20.606548,20.833504,0.226956,7,0.198795,0,0.0
7,62,receiver_stage/7,3,20.833594,21.063501,0.229907,7,0.211866,0,0.0
7,65,receiver_stage/7,3,21.063611,21.36128,0.297669,7,0.268338,0,0.0
7,68,receiver_stage/7,3,21.36134,21.609837,0.248497,7,0.225004,0,0.0
7,73,receiver_stage/7,3,21.610037,21.733001,0.122964,7,0.100023,0,0.0
7,75,receiver_stage/7,3,21.733161,21.972097,0.238936,7,0.177163,0,0.0
7,78,receiver_stage/7,3,21.972237,22.100681,0.128444,7,0.091672,0,0.0
7,80,receiver_stage/7,3,22.100741,22.272196,0.171455,7,0.133943,0,0.0
7,82,receiver_stage/7,3,22.272356,22.379319,0.106963,7,0.087352,0,0.0
7,85,receiver_stage/7,3,22.37945,22.502613,0.123163,7,0.091772,0,0.0
7,88,receiver_stage/7,3,22.502633,22.608546,0.105913,7,0.088091,0,0.0
7,91,receiver_stage/7,3,22.608646,22.832192,0.223546,7,0.202895,0,0.0
7,94,receiver_stage/7,3,22.832462,23.059439,0.226977,7,0.189774,0,0.0
7,96,receiver_stage/7,3,23.059589,23.284026,0.224437,7,0.204946,0,0.0
7,98,receiver_stage/7,3,23.284236,23.417329,0.133093,7,0.099372,0,0.0
7,99,receiver_stage/7,3,23.417509,23.533193,0.115684,7,0.090532,0,0.0
7,102,receiver_stage/7,3,23.533313,23.77459,0.241277,7,0.208666,0,0.0
7,106,receiver_stage/7,3,23.77462,24.046398,0.271778,7,0.243216,0,0.0
7,110,receiver_stage/7,3,24.046428,24.220013,0.173585,7,0.140773,0,0.0
7,114,receiver_stage/7,3,24.220063,24.346486,0.126423,7,0.103101,0,0.0
7,118,receiver_stage/7,3,24.346577,30.514935,6.168358,8,3.878453,3,2.0958
7,3,receiver_stage/3,4,10.528565,10.862865,0.3343,7,0.119592,0,0.0
7,8,receiver_stage/3,4,10.863025,13.711417,2.848392,7,1.015838,1,1.645277
7,24,receiver_stage/3,4,13.712177,13.927174,0.214997,7,0.120832,0,0.0
7,26,receiver_stage/3,4,13.927214,14.223512,0.296298,7,0.177085,0,0.0
7,33,receiver_stage/3,4,14.223572,19.837085,5.613513,3,0.692149,3,4.885222
7,51,receiver_stage/3,4,19.837145,19.968849,0.131704,7,0.087642,0,0.0
7,53,receiver_stage/3,4,19.968909,29.360176,9.391267,2,0.941587,1,8.422059
7,5,receiver_stage/5,5,10.585742,13.63142,3.045678,4,1.807132,1,0.415322
7,23,receiver_stage/5,5,13.63146,13.935189,0.303729,7,0.179414,0,0.0
7,27,receiver_stage/5,5,13.935419,14.132035,0.196616,7,0.064293,0,0.0
7,30,receiver_stage/5,5,14.132285,21.413206,7.280921,8,4.640142,5,2.467592
7,71,receiver_stage/5,5,21.413436,21.55095,0.137514,7,0.106124,0,0.0
7,72,receiver_stage/5,5,21.55107,21.672204,0.121134,7,0.096693,0,0.0
7,74,receiver_stage/5,5,21.672344,21.791787,0.119443,7,0.101221,0,0.0
7,76,receiver_stage/5,5,21.791817,21.933061,0.141244,7,0.103312,0,0.0
7,77,receiver_stage/5,5,21.933311,22.051955,0.118644,7,0.090102,0,0.0
7,79,receiver_stage/5,5,22.052095,22.204969,0.152874,7,0.127902,0,0.0
7,81,receiver_stage/5,5,22.205049,22.341403,0.136354,7,0.109233,0,0.0
7,83,receiver_stage/5,5,22.341443,22.461057,0.119614,7,0.097184,0,0.0
7,87,receiver_stage/5,5,22.461157,22.57492,0.113763,7,0.09279,0,0.0
7,90,receiver_stage/5,5,22.57504,22.790486,0.215446,7,0.189876,0,0.0
7,93,receiver_stage/5,5,22.790706,23.517457,0.726751,7,0.372902,1,0.301979
7,101,receiver_stage/5,5,23.517717,23.647801,0.130084,7,0.108283,0,0.0
7,105,receiver_stage/5,5,23.647921,23.899808,0.251887,7,0.230497,0,0.0
7,108,receiver_stage/5,5,23.900008,24.158176,0.258168,7,0.224176,0,0.0
7,112,receiver_stage/5,5,24.158226,24.29146,0.133234,7,0.103113,0,0.0
7,116,receiver_stage/5,5,24.29155,24.416903,0.125353,7,0.105311,0,0.0
7,120,receiver_stage/5,5,24.416993,24.629529,0.212536,7,0.189056,0,0.0
7,122,receiver_stage/5,5,24.629639,24.868466,0.238827,7,0.219877,0,0.0
7,127,receiver_stage/5,5,24.868577,25.023691,0.155114,7,0.124195,0,0.0
7,130,receiver_stage/5,5,25.023741,25.281218,0.257477,7,0.235815,0,0.0
7,134,receiver_stage/5,5,25.281298,26.062911,0.781613,7,0.431424,1,0.311379
7,144,receiver_stage/5,5,26.062941,26.212005,0.149064,7,0.114464,0,0.0
7,147,receiver_stage/5,5,26.212055,26.481643,0.269588,7,0.245247,0,0.0
7,150,receiver_stage/5,5,26.481763,26.547955,0.066192,7,0.028431,0,0.0
7,151,receiver_stage/5,5,26.547985,26.766541,0.218556,7,0.189695,0,0.0
7,154,receiver_stage/5,5,26.766721,27.002728,0.236007,7,0.216656,0,0.0
7,159,receiver_stage/5,5,27.002908,27.603976,0.601068,1,0.069282,1,0.519555
7,1,receiver_stage/1,6,10.50616,11.004574,0.498414,4,0.202345,0,0.0
7,10,receiver_stage/1,6,11.004615,11.926811,0.922196,7,0.744611,0,0.0
7,14,receiver_stage/1,6,11.926951,12.262951,0.336,7,0.257697,0,0.0
7,19,receiver_stage/1,6,12.263241,12.970741,0.7075,7,0.549946,0,0.0
7,22,receiver_stage/1,6,12.970832,15.35601,2.385178,5,1.150163,2,0.704231
7,36,receiver_stage/1,6,15.35607,20.914182,5.558112,3,0.869806,2,4.657555
7,63,receiver_stage/1,6,20.914222,21.179199,0.264977,7,0.237607,0,0.0
7,67,receiver_stage/1,6,21.179279,21.409176,0.229897,7,0.206107,0,0.0
7,70,receiver_stage/1,6,21.409276,22.371484,0.962208,7,0.386502,1,0.500585
7,84,receiver_stage/1,6,22.371664,23.643031,1.271367,8,0.555815,2,0.633298
7,104,receiver_stage/1,6,23.643211,23.910099,0.266888,7,0.239768,0,0.0
7,109,receiver_stage/1,6,23.910129,24.167806,0.257677,7,0.232827,0,0.0
7,113,receiver_stage/1,6,24.167866,24.29765,0.129784,7,0.105473,0,0.0
7,117,receiver_stage/1,6,24.29771,24.434304,0.136594,7,0.110422,0,0.0
7,121,receiver_stage/1,6,24.434394,24.66123,0.226836,7,0.203615,0,0.0
7,124,receiver_stage/1,6,24.661311,24.789614,0.128303,7,0.099023,0,0.0
7,125,receiver_stage/1,6,24.789644,24.906217,0.116573,7,0.095482,0,0.0
7,128,receiver_stage/1,6,24.906317,25.143784,0.237467,7,0.213205,0,0.0
7,131,receiver_stage/1,6,25.143824,25.35166,0.207836,7,0.190886,0,0.0
7,135,receiver_stage/1,6,25.3517,25.474004,0.122304,7,0.098091,0,0.0
7,137,receiver_stage/1,6,25.474034,25.572207,0.098173,7,0.080151,0,0.0
7,139,receiver_stage/1,6,25.572237,26.03562,0.463383,8,0.41319,0,0.0
7,142,receiver_stage/1,6,26.03567,26.113612,0.077942,7,0.046221,0,0.0
7,145,receiver_stage/1,6,26.113703,26.37413,0.260427,7,0.215756,0,0.0
7,148,receiver_stage/1,6,26.37418,26.592056,0.217876,7,0.195865,0,0.0
7,153,receiver_stage/1,6,26.592156,26.817383,0.225227,7,0.202197,0,0.0
7,155,receiver_stage/1,6,26.817523,26.951727,0.134204,7,0.105203,0,0.0
7,158,receiver_stage/1,6,26.951837,27.07571,0.123873,7,0.102852,0,0.0
7,2,receiver_stage/2,7,10.51342,10.958182,0.444762,7,0.211145,0,0.0
7,9,receiver_stage/2,7,10.958312,13.867897,2.909585,7,1.022837,1,1.735691
7,25,receiver_stage/2,7,13.867997,14.141935,0.273938,7,0.204977,0,0.0
7,31,receiver_stage/2,7,14.142095,16.05286,1.910765,7,1.602077,1,0.150834
7,41,receiver_stage/2,7,16.05293,17.917874,1.864944,7,0.641558,2,1.139303
7,44,receiver_stage/2,7,17.917954,25.175055,7.257101,8,4.582241,5,2.505963
7,133,receiver_stage/2,7,25.175125,27.481712,2.306587,7,1.591047,1,0.563146
7,4,receiver_stage/4,8,10.544856,11.066661,0.521805,7,0.340949,0,0.0
7,11,receiver_stage/4,8,11.066731,11.437892,0.371161,7,0.216237,0,0.0
7,12,receiver_stage/4,8,11.437942,11.975498,0.537556,7,0.429823,0,0.0
7,15,receiver_stage/4,8,11.975558,12.186994,0.211436,7,0.155025,0,0.0
7,18,receiver_stage/4,8,12.187104,14.200342,2.013238,7,1.507373,1,0.310899
7,32,receiver_stage/4,8,14.200422,21.177314,6.976892,8,4.938153,7,1.878385
7,66,receiver_stage/4,8,21.177394,21.405381,0.227987,7,0.200115,0,0.0
7,69,receiver_stage/4,8,21.405481,22.384519,0.979038,7,0.378442,1,0.521765
7,86,receiver_stage/4,8,22.384579,22.527514,0.142935,7,0.112113,0,0.0
7,89,receiver_stage/4,8,22.527664,22.785961,0.258297,7,0.230366,0,0.0
7,92,receiver_stage/4,8,22.786311,23.018448,0.232137,7,0.214237,0,0.0
7,95,receiver_stage/4,8,23.018918,23.245784,0.226866,7,0.202644,0,0.0
7,97,receiver_stage/4,8,23.246314,23.494372,0.248058,7,0.230488,0,0.0
7,100,receiver_stage/4,8,23.494562,23.637726,0.143164,7,0.114494,0,0.0
7,103,receiver_stage/4,8,23.637756,23.874613,0.236857,7,0.212226,0,0.0
7,107,receiver_stage/4,8,23.875733,24.13182,0.256087,7,0.226246,0,0.0
7,111,receiver_stage/4,8,24.13187,24.263934,0.132064,7,0.104383,0,0.0
7,115,receiver_stage/4,8,24.264024,24.392608,0.128584,7,0.104184,0,0.0
7,119,receiver_stage/4,8,24.392678,24.660765,0.268087,7,0.238857,0,0.0
7,123,receiver_stage/4,8,24.660845,24.80775,0.146905,7,0.083543,0,0.0
7,126,receiver_stage/4,8,24.80782,24.935813,0.127993,7,0.107802,0,0.0
7,129,receiver_stage/4,8,24.935903,25.17462,0.238717,7,0.217005,0,0.0
7,132,receiver_stage/4,8,25.17472,25.364186,0.189466,7,0.079722,0,0.0
7,136,receiver_stage/4,8,25.364216,25.488709,0.124493,7,0.099343,0,0.0
7,138,receiver_stage/4,8,25.488739,25.594653,0.105914,7,0.09027,0,0.0
7,140,receiver_stage/4,8,25.594683,25.930562,0.335879,7,0.270956,0,0.0
7,141,receiver_stage/4,8,25.930592,26.041165,0.110573,7,0.078001,0,0.0
7,143,receiver_stage/4,8,26.041246,26.163319,0.122073,7,0.084761,0,0.0
7,146,receiver_stage/4,8,26.163369,26.430247,0.266878,7,0.237208,0,0.0
7,149,receiver_stage/4,8,26.430277,26.560451,0.130174,7,0.087722,0,0.0
7,152,receiver_stage/4,8,26.560481,26.827468,0.266987,7,0.234685,0,0.0
7,156,receiver_stage/4,8,26.827738,26.949052,0.121314,7,0.099183,0,0.0
7,157,receiver_stage/4,8,26.949222,27.062015,0.112793,7,0.093981,0,0.0
7,0,receiver_stage/0,9,10.489723,11.976776,1.487053,4,0.511285,1,0.513925
7,16,receiver_stage/0,9,11.977316,12.43037,0.453054,6,0.351711,0,0.0
7,20,receiver_stage/0,9,12.43048,13.978254,1.547774,7,0.635668,1,0.766712
7,28,receiver_stage/0,9,13.978334,14.468209,0.489875,7,0.37706,0,0.0
7,34,receiver_stage/0,9,14.468269,17.472396,3.004127,7,2.557575,2,0.271198
7,43,receiver_stage/0,9,17.472666,18.183796,0.71113,7,0.576278,0,0.0
7,45,receiver_stage/0,9,18.183866,20.137453,1.953587,5,0.04097,0,0.0
7,55,receiver_stage/0,9,20.137523,20.309958,0.172435,7,0.136852,0,0.0
7,56,receiver_stage/0,9,20.310008,20.435782,0.125774,7,0.102103,0,0.0
7,57,receiver_stage/0,9,20.435812,20.539605,0.103793,7,0.083432,0,0.0
7,59,receiver_stage/0,9,20.539695,20.786222,0.246527,7,0.183875,0,0.0
7,61,receiver_stage/0,9,20.786322,21.010518,0.224196,7,0.201816,0,0.0
7,64,receiver_stage/0,9,21.010619,27.831376,6.820757,8,1.882082,7,4.868772
8,6,receiver_stage/6,2,11.808677,14.275828,2.467151,4,1.546994,1,0.440213
8,21,receiver_stage/6,2,14.276088,15.898077,1.621989,7,0.704671,1,0.765724
8,34,receiver_stage/6,2,15.898407,18.826392,2.927985,7,2.48875,2,0.267097
8,44,receiver_stage/6,2,18.826842,20.503331,1.676489,7,0.389593,1,1.183045
8,47,receiver_stage/6,2,20.503371,21.17432,0.670949,7,0.529915,0,0.0
8,52,receiver_stage/6,2,21.17443,21.379886,0.205456,7,0.171333,0,0.0
8,54,receiver_stage/6,2,21.380046,21.50668,0.126634,7,0.101151,0,0.0
8,58,receiver_stage/6,2,21.50684,21.752087,0.245247,7,0.218946,0,0.0
8,62,receiver_stage/6,2,21.752207,21.86987,0.117663,7,0.072531,0,0.0
8,64,receiver_stage/6,2,21.87,21.994414,0.124414,7,0.099901,0,0.0
8,67,receiver_stage/6,2,21.994514,22.113127,0.118613,7,0.101333,0,0.0
8,70,receiver_stage/6,2,22.113417,23.842188,1.728771,6,1.066632,1,0.556666
8,89,receiver_stage/6,2,23.842468,23.994222,0.151754,7,0.112383,0,0.0
8,97,receiver_stage/6,2,23.994712,24.27931,0.284598,7,0.248378,0,0.0
8,104,receiver_stage/6,2,24.27957,24.419394,0.139824,7,0.108501,0,0.0
8,110,receiver_stage/6,2,24.420074,24.698562,0.278488,7,0.241214,0,0.0
8,116,receiver_stage/6,2,24.698712,24.837696,0.138984,7,0.103822,0,0.0
8,122,receiver_stage/6,2,24.838027,24.96825,0.130223,7,0.097579,0,0.0
8,123,receiver_stage/6,2,24.96836,25.089804,0.121444,7,0.093974,0,0.0
8,128,receiver_stage/6,2,25.090044,25.202557,0.112513,7,0.086721,0,0.0
8,134,receiver_stage/6,2,25.204097,31.922326,6.718229,8,4.396369,3,2.095971
8,7,receiver_stage/7,3,11.824949,13.321312,1.496363,6,0.994639,1,0.397341
8,17,receiver_stage/7,3,13.321462,15.201937,1.880475,6,1.224605,1,0.517695
8,30,receiver_stage/7,3,15.202307,23.213844,8.011537,8,5.12447,5,2.662765
8,76,receiver_stage/7,3,23.214304,23.390949,0.176645,7,0.128935,0,0.0
8,78,receiver_stage/7,3,23.391199,23.500002,0.108803,7,0.088441,0,0.0
8,80,receiver_stage/7,3,23.500202,23.618805,0.118603,7,0.091883,0,0.0
8,85,receiver_stage/7,3,23.618886,23.842482,0.223596,7,0.191007,0,0.0
8,90,receiver_stage/7,3,23.842602,23.983566,0.140964,7,0.099964,0,0.0
8,95,receiver_stage/7,3,23.983606,24.194272,0.210666,7,0.190496,0,0.0
8,102,receiver_stage/7,3,24.194382,24.325426,0.131044,7,0.098654,0,0.0
8,106,receiver_stage/7,3,24.325626,24.46622,0.140594,7,0.106664,0,0.0
8,111,receiver_stage/7,3,24.46659,24.775659,0.309069,7,0.217336,0,0.0
8,119,receiver_stage/7,3,24.775719,25.004025,0.228306,7,0.199825,0,0.0
8,125,receiver_stage/7,3,25.004205,25.1632,0.158995,7,0.128332,0,0.0
8,131,receiver_stage/7,3,25.16326,25.405287,0.242027,7,0.218407,0,0.0
8,137,receiver_stage/7,3,25.405367,26.244341,0.838974,7,0.44414,1,0.34431
8,149,receiver_stage/7,3,26.244391,26.378535,0.134144,7,0.111802,0,0.0
8,153,receiver_stage/7,3,26.378626,26.610272,0.231646,7,0.211746,0,0.0
8,157,receiver_stage/7,3,26.610362,26.834579,0.224217,7,0.202417,0,0.0
8,1,receiver_stage/1,4,11.72175,12.309397,0.587647,4,0.241086,0,0.0
8,11,receiver_stage/1,4,12.309697,13.211273,0.901576,7,0.751981,0,0.0
8,15,receiver_stage/1,4,13.211573,13.568124,0.356551,7,0.28856,0,0.0
8,19,receiver_stage/1,4,13.568184,15.51773,1.949546,7,1.471003,1,0.298569
8,33,receiver_stage/1,4,15.5178,19.390947,3.873147,1,0.245337,1,3.608609
8,46,receiver_stage/1,4,19.391327,20.523599,1.132272,6,0.035191,0,0.0
8,48,receiver_stage/1,4,20.524129,20.771947,0.247818,7,0.203365,0,0.0
8,49,receiver_stage/1,4,20.771977,21.059165,0.287188,7,0.259265,0,0.0
8,50,receiver_stage/1,4,21.059285,21.345913,0.286628,7,0.255957,0,0.0
8,53,receiver_stage/1,4,21.346343,21.488537,0.142194,7,0.108191,0,0.0
8,56,receiver_stage/1,4,21.488567,21.710454,0.221887,7,0.195625,0,0.0
8,60,receiver_stage/1,4,21.710574,23.525317,1.814743,5,0.02424,0,0.0
8,82,receiver_stage/1,4,23.525377,23.668841,0.143464,7,0.111554,0,0.0
8,88,receiver_stage/1,4,23.668921,23.913798,0.244877,7,0.224476,0,0.0
8,94,receiver_stage/1,4,23.913828,24.126624,0.212796,7,0.180396,0,0.0
8,99,receiver_stage/1,4,24.126734,24.35145,0.224716,7,0.203885,0,0.0
8,107,receiver_stage/1,4,24.351731,24.487314,0.135583,7,0.102261,0,0.0
8,112,receiver_stage/1,4,24.487344,24.717051,0.229707,7,0.200065,0,0.0
8,117,receiver_stage/1,4,24.717261,24.833544,0.116283,7,0.092373,0,0.0
8,121,receiver_stage/1,4,24.833754,25.113673,0.279919,7,0.255707,0,0.0
8,129,receiver_stage/1,4,25.113893,25.238466,0.124573,7,0.097563,0,0.0
8,135,receiver_stage/1,4,25.238576,25.388561,0.149985,7,0.083053,0,0.0
8,136,receiver_stage/1,4,25.388581,28.086019,2.697438,7,1.931616,1,0.583817
8,5,receiver_stage/5,5,11.791443,12.136553,0.34511,7,0.197034,0,0.0
8,10,receiver_stage/5,5,12.136593,14.46319,2.326597,7,0.625897,1,1.571346
8,23,receiver_stage/5,5,14.46333,14.755508,0.292178,7,0.179415,0,0.0
8,26,receiver_stage/5,5,14.755898,14.978295,0.222397,7,0.160964,0,0.0
8,27,receiver_stage/5,5,14.978315,15.15815,0.179835,7,0.058892,0,0.0
8,29,receiver_stage/5,5,15.15819,21.491474,6.333284,7,4.533453,4,1.616967
8,57,receiver_stage/5,5,21.491574,21.7284,0.236826,7,0.204635,0,0.0
8,61,receiver_stage/5,5,21.728481,22.021069,0.292588,7,0.210755,0,0.0
8,68,receiver_stage/5,5,22.021179,22.212705,0.191526,7,0.075611,0,0.0
8,72,receiver_stage/5,5,22.212765,22.446341,0.233576,7,0.177404,0,0.0
8,75,receiver_stage/5,5,22.446371,23.535743,1.089372,7,0.467714,1,0.546866
8,83,receiver_stage/5,5,23.535843,23.663387,0.127544,7,0.102974,0,0.0
8,87,receiver_stage/5,5,23.663407,23.898803,0.235396,7,0.213504,0,0.0
8,93,receiver_stage/5,5,23.899013,24.12693,0.227917,7,0.196155,0,0.0
8,100,receiver_stage/5,5,24.12696,24.386698,0.259738,7,0.232568,0,0.0
8,108,receiver_stage/5,5,24.386898,24.511631,0.124733,7,0.10077,0,0.0
8,113,receiver_stage/5,5,24.511791,24.770729,0.258938,7,0.228688,0,0.0
8,118,receiver_stage/5,5,24.770759,25.003855,0.233096,7,0.197825,0,0.0
8,124,receiver_stage/5,5,25.005265,25.136879,0.131614,7,0.106841,0,0.0
8,130,receiver_stage/5,5,25.13691,25.435088,0.298178,7,0.242089,0,0.0
8,138,receiver_stage/5,5,25.435188,25.628223,0.193035,7,0.080281,0,0.0
8,141,receiver_stage/5,5,25.628293,25.881311,0.253018,7,0.224978,0,0.0
8,144,receiver_stage/5,5,25.881381,26.18957,0.308189,7,0.143984,1,0.126473
8,147,receiver_stage/5,5,26.1896,26.310853,0.121253,7,0.099912,0,0.0
8,151,receiver_stage/5,5,26.310903,26.569921,0.259018,7,0.234188,0,0.0
8,155,receiver_stage/5,5,26.570041,26.805147,0.235106,7,0.206605,0,0.0
8,159,receiver_stage/5,5,26.805247,27.487867,0.68262,1,0.064342,1,0.610157
8,4,receiver_stage/4,6,11.777852,16.02499,4.247138,5,2.26057,3,1.170574
8,35,receiver_stage/4,6,16.02535,16.216215,0.190865,7,0.095342,0,0.0
8,36,receiver_stage/4,6,16.216966,17.114752,0.897786,7,0.663689,1,0.129564
8,39,receiver_stage/4,6,17.114772,17.237045,0.122273,7,0.077873,0,0.0
8,41,receiver_stage/4,6,17.237085,21.089597,3.852512,1,0.259117,1,3.586444
8,51,receiver_stage/4,6,21.089667,21.413636,0.323969,7,0.279628,0,0.0
8,55,receiver_stage/4,6,21.413776,21.5495,0.135724,7,0.103173,0,0.0
8,59,receiver_stage/4,6,21.54956,21.796027,0.246467,7,0.224107,0,0.0
8,63,receiver_stage/4,6,21.796137,21.907961,0.111824,7,0.047023,0,0.0
8,65,receiver_stage/4,6,21.908081,22.041884,0.133803,7,0.105131,0,0.0
8,69,receiver_stage/4,6,22.041974,22.265801,0.223827,7,0.116044,0,0.0
8,73,receiver_stage/4,6,22.265871,29.072808,6.806937,8,1.908826,7,4.826408
8,0,receiver_stage/0,7,11.70334,13.248194,1.544854,4,0.485894,1,0.543945
8,16,receiver_stage/0,7,13.248264,13.474681,0.226417,7,0.150713,0,0.0
8,18,receiver_stage/0,7,13.474821,15.358576,1.883755,7,1.414221,1,0.317219
8,31,receiver_stage/0,7,15.358856,17.266911,1.908055,7,1.597537,1,0.151974
8,42,receiver_stage/0,7,17.267051,17.554149,0.287098,7,0.220677,0,0.0
8,43,receiver_stage/0,7,17.554199,26.659123,9.104924,8,6.378833,5,2.521543
8,158,receiver_stage/0,7,26.659243,26.916991,0.257748,7,0.229378,0,0.0
8,3,receiver_stage/3,8,11.753046,12.053055,0.300009,7,0.096784,0,0.0
8,8,receiver_stage/3,8,12.053545,12.608291,0.554746,6,0.466933,0,0.0
8,12,receiver_stage/3,8,12.608341,12.806647,0.198306,7,0.108612,0,0.0
8,13,receiver_stage/3,8,12.806677,13.189818,0.383141,7,0.276927,0,0.0
8,14,receiver_stage/3,8,13.190078,13.634966,0.444888,7,0.029889,0,0.0
8,20,receiver_stage/3,8,13.640036,14.333766,0.69373,7,0.533517,0,0.0
8,22,receiver_stage/3,8,14.333996,16.482248,2.148252,7,1.232795,1,0.747071
8,37,receiver_stage/3,8,16.482408,17.029494,0.547086,7,0.265956,1,0.173795
8,38,receiver_stage/3,8,17.029614,17.149758,0.120144,7,0.036059,0,0.0
8,40,receiver_stage/3,8,17.149798,18.918759,1.768961,8,0.923226,2,0.752821
8,45,receiver_stage/3,8,18.919199,21.993178,3.073979,7,1.192404,3,1.788373
8,66,receiver_stage/3,8,21.993228,22.209994,0.216766,7,0.124073,0,0.0
8,71,receiver_stage/3,8,22.210124,22.319068,0.108944,6,0.019341,0,0.0
8,74,receiver_stage/3,8,22.319108,23.355208,1.0361,7,0.407982,1,0.551856
8,77,receiver_stage/3,8,23.355278,23.505382,0.150104,7,0.122404,0,0.0
8,81,receiver_stage/3,8,23.505622,23.642506,0.136884,7,0.104983,0,0.0
8,86,receiver_stage/3,8,23.642876,23.866882,0.224006,7,0.199275,0,0.0
8,91,receiver_stage/3,8,23.867083,23.985356,0.118273,7,0.08944,0,0.0
8,96,receiver_stage/3,8,23.985496,24.193762,0.208266,7,0.184266,0,0.0
8,101,receiver_stage/3,8,24.193872,24.325386,0.131514,7,0.100194,0,0.0
8,105,receiver_stage/3,8,24.325406,25.049637,0.724231,7,0.37313,1,0.301018
8,127,receiver_stage/3,8,25.049857,25.178721,0.128864,7,0.099403,0,0.0
8,133,receiver_stage/3,8,25.178831,25.448728,0.269897,7,0.244985,0,0.0
8,139,receiver_stage/3,8,25.448778,25.877821,0.429043,8,0.379571,0,0.0
8,143,receiver_stage/3,8,25.877851,26.092167,0.214316,7,0.193176,0,0.0
8,146,receiver_stage/3,8,26.092257,26.221641,0.129384,7,0.102743,0,0.0
8,148,receiver_stage/3,8,26.221751,26.337934,0.116183,7,0.099141,0,0.0
8,152,receiver_stage/3,8,26.338034,26.608602,0.270568,7,0.248808,0,0.0
8,156,receiver_stage/3,8,26.608702,26.86947,0.260768,7,0.235528,0,0.0
8,2,receiver_stage/2,9,11.731061,12.108702,0.377641,7,0.152504,0,0.0
8,9,receiver_stage/2,9,12.108932,14.47055,2.361618,7,0.63687,1,1.589006
8,24,receiver_stage/2,9,14.47083,14.720007,0.249177,7,0.121002,0,0.0
8,25,receiver_stage/2,9,14.720107,14.988145,0.268038,7,0.188726,0,0.0
8,28,receiver_stage/2,9,14.988205,15.463499,0.475294,7,0.36794,0,0.0
8,32,receiver_stage/2,9,15.463559,23.472401,8.008842,8,5.839341,7,2.005695
8,79,receiver_stage/2,9,23.472541,23.612365,0.139824,7,0.110433,0,0.0
8,84,receiver_stage/2,9,23.612465,23.886913,0.274448,7,0.209477,0,0.0
8,92,receiver_stage/2,9,23.887003,24.031707,0.144704,7,0.107192,0,0.0
8,98,receiver_stage/2,9,24.032097,24.252294,0.220197,7,0.191576,0,0.0
8,103,receiver_stage/2,9,24.252324,24.416058,0.163734,7,0.133484,0,0.0
8,109,receiver_stage/2,9,24.416118,24.527322,0.111204,7,0.087132,0,0.0
8,114,receiver_stage/2,9,24.527362,24.667106,0.139744,7,0.104553,0,0.0
8,115,receiver_stage/2,9,24.667306,24.795289,0.127983,7,0.09706,0,0.0
8,120,receiver_stage/2,9,24.795319,25.041637,0.246318,7,0.221767,0,0.0
8,126,receiver_stage/2,9,25.041737,25.16684,0.125103,7,0.099051,0,0.0
8,132,receiver_stage/2,9,25.16694,25.464789,0.297849,7,0.272278,0,0.0
8,140,receiver_stage/2,9,25.464849,25.707826,0.242977,7,0.214856,0,0.0
8,142,receiver_stage/2,9,25.707856,25.963673,0.255817,7,0.235354,0,0.0
8,145,receiver_stage/2,9,25.963694,26.263082,0.299388,7,0.143243,1,0.125883
8,150,receiver_stage/2,9,26.263122,26.52428,0.261158,7,0.214454,0,0.0
8,154,receiver_stage/2,9,26.52433,26.88004,0.35571,7,0.282728,0,0.0
9,0,receiver_stage/0,2,11.232085,12.740659,1.508574,4,0.497855,1,0.536376
9,13,receiver_stage/0,2,12.740789,13.035757,0.294968,7,0.157223,0,0.0
9,14,receiver_stage/0,2,13.035837,13.440069,0.404232,7,0.292829,0,0.0
9,16,receiver_stage/0,2,13.440189,13.748608,0.308419,7,0.250927,0,0.0
9,18,receiver_stage/0,2,13.748748,15.647293,1.898545,7,1.428561,1,0.316439
9,32,receiver_stage/0,2,15.647993,17.590109,1.942116,7,1.631477,1,0.135544
9,40,receiver_stage/0,2,17.590219,17.722663,0.132444,7,0.081442,0,0.0
9,42,receiver_stage/0,2,17.722743,17.96611,0.243367,7,0.196136,0,0.0
9,43,receiver_stage/0,2,17.96621,28.540057,10.573847,8,7.773655,5,2.569544
9,5,receiver_stage/5,3,11.320139,11.715911,0.395772,7,0.242795,0,0.0
9,8,receiver_stage/5,3,11.716301,12.354519,0.638218,6,0.549728,0,0.0
9,12,receiver_stage/5,3,12.355119,13.749054,1.393935,7,1.171937,0,0.0
9,19,receiver_stage/5,3,13.749184,15.67226,1.923076,7,1.452091,1,0.291489
9,33,receiver_stage/5,3,15.67257,25.023231,9.350661,8,7.123116,7,2.026138
9,122,receiver_stage/5,3,25.023381,25.306469,0.283088,7,0.242515,0,0.0
9,127,receiver_stage/5,3,25.306559,25.611508,0.304949,7,0.140235,1,0.124004
9,134,receiver_stage/5,3,25.611588,26.215105,0.603517,1,0.062262,1,0.533805
9,140,receiver_stage/5,3,26.215175,26.455602,0.240427,7,0.206703,0,0.0
9,144,receiver_stage/5,3,26.455642,26.587016,0.131374,7,0.103623,0,0.0
9,145,receiver_stage/5,3,26.587106,26.702729,0.115623,7,0.092603,0,0.0
9,149,receiver_stage/5,3,26.7028,27.003728,0.300928,7,0.273637,0,0.0
9,153,receiver_stage/5,3,27.004218,27.645897,0.641679,1,0.061112,1,0.573317
9,4,receiver_stage/4,4,11.312783,11.769816,0.457033,7,0.161155,0,0.0
9,9,receiver_stage/4,4,11.770137,14.319345,2.549208,6,1.930661,1,0.468943
9,26,receiver_stage/4,4,14.319516,14.593243,0.273727,7,0.180625,0,0.0
9,29,receiver_stage/4,4,14.593483,21.466963,6.87348,7,5.012605,4,1.668468
9,70,receiver_stage/4,4,21.467033,25.389847,3.922814,7,2.013688,5,1.770571
9,131,receiver_stage/4,4,25.389907,25.52061,0.130703,7,0.104493,0,0.0
9,133,receiver_stage/4,4,25.52084,25.692115,0.171275,7,0.109882,0,0.0
9,138,receiver_stage/4,4,25.692175,26.442857,0.750682,1,0.071523,1,0.671769
9,143,receiver_stage/4,4,26.442897,26.682934,0.240037,7,0.213707,0,0.0
9,148,receiver_stage/4,4,26.683004,26.938101,0.255097,7,0.228166,0,0.0
9,152,receiver_stage/4,4,26.938211,27.612461,0.67425,1,0.063682,1,0.600567
9,1,receiver_stage/1,5,11.246581,11.804637,0.558056,4,0.244736,0,0.0
9,10,receiver_stage/1,5,11.804807,14.171396,2.366589,7,0.626517,1,1.603787
9,23,receiver_stage/1,5,14.171536,15.70818,1.536644,7,0.670689,1,0.730471
9,34,receiver_stage/1,5,15.70823,16.236536,0.528306,8,0.234327,1,0.202056
9,35,receiver_stage/1,5,16.237296,19.372056,3.13476,7,2.694218,2,0.261047
9,50,receiver_stage/1,5,19.372446,19.661475,0.289029,7,0.250495,0,0.0
9,52,receiver_stage/1,5,19.661565,20.823879,1.162314,6,0.03216,0,0.0
9,60,receiver_stage/1,5,20.824339,20.975143,0.150804,7,0.117774,0,0.0
9,63,receiver_stage/1,5,20.975213,22.715033,1.73982,5,0.024281,0,0.0
9,83,receiver_stage/1,5,22.715093,23.047443,0.33235,7,0.293368,0,0.0
9,84,receiver_stage/1,5,23.047533,23.257529,0.209996,7,0.185446,0,0.0
9,85,receiver_stage/1,5,23.257719,23.468305,0.210586,7,0.194785,0,0.0
9,88,receiver_stage/1,5,23.468795,23.605189,0.136394,7,0.103062,0,0.0
9,91,receiver_stage/1,5,23.605389,23.719262,0.113873,7,0.092953,0,0.0
9,95,receiver_stage/1,5,23.719513,23.828096,0.108583,7,0.087721,0,0.0
9,98,receiver_stage/1,5,23.828516,23.956429,0.127913,7,0.104552,0,0.0
9,103,receiver_stage/1,5,23.956689,24.082733,0.126044,7,0.105012,0,0.0
9,107,receiver_stage/1,5,24.082863,24.200486,0.117623,7,0.095833,0,0.0
9,110,receiver_stage/1,5,24.200517,24.443724,0.243207,7,0.219386,0,0.0
9,113,receiver_stage/1,5,24.444054,24.570577,0.126523,7,0.096952,0,0.0
9,116,receiver_stage/1,5,24.570917,24.67627,0.105353,7,0.087162,0,0.0
9,119,receiver_stage/1,5,24.67662,25.058481,0.381861,7,0.255915,0,0.0
9,123,receiver_stage/1,5,25.058571,25.330229,0.271658,7,0.245037,0,0.0
9,129,receiver_stage/1,5,25.330309,25.613407,0.283098,0,0.0,1,0.232976
9,135,receiver_stage/1,5,25.613437,26.193444,0.580007,1,0.061971,1,0.512615
9,139,receiver_stage/1,5,26.193514,29.065718,2.872204,7,2.119221,1,0.545366
9,7,receiver_stage/7,6,11.37057,13.08114,1.71057,6,1.170163,1,0.418412
9,15,receiver_stage/7,6,13.08129,13.559044,0.477754,7,0.039381,0,0.0
9,17,receiver_stage/7,6,13.559224,13.75849,0.199266,7,0.147093,0,0.0
9,20,receiver_stage/7,6,13.75887,14.436969,0.678099,7,0.530065,0,0.0
9,27,receiver_stage/7,6,14.436999,14.617915,0.180916,7,0.058603,0,0.0
9,30,receiver_stage/7,6,14.618145,17.970622,3.352477,8,1.558004,3,1.603697
9,44,receiver_stage/7,6,17.970782,18.075685,0.104903,8,0.037851,0,0.0
9,45,receiver_stage/7,6,18.075715,20.138015,2.0623,7,0.535183,1,1.437402
9,54,receiver_stage/7,6,20.138365,20.351551,0.213186,7,0.171594,0,0.0
9,55,receiver_stage/7,6,20.351631,20.474345,0.122714,7,0.095823,0,0.0
9,57,receiver_stage/7,6,20.474465,20.67011,0.195645,7,0.166443,0,0.0
9,59,receiver_stage/7,6,20.67122,20.831615,0.160395,7,0.114532,0,0.0
9,61,receiver_stage/7,6,20.832615,21.058642,0.226027,7,0.177994,0,0.0
9,64,receiver_stage/7,6,21.058782,21.175995,0.117213,7,0.07417,0,0.0
9,65,receiver_stage/7,6,21.176095,21.3361,0.160005,7,0.050831,0,0.0
9,68,receiver_stage/7,6,21.33624,21.604607,0.268367,7,0.225155,0,0.0
9,73,receiver_stage/7,6,21.604907,23.477856,1.872949,6,1.206294,1,0.555011
9,89,receiver_stage/7,6,23.477906,23.621481,0.143575,7,0.106644,0,0.0
9,92,receiver_stage/7,6,23.621621,23.787965,0.166344,7,0.129124,0,0.0
9,96,receiver_stage/7,6,23.788245,23.9499,0.161655,7,0.125493,0,0.0
9,101,receiver_stage/7,6,23.95017,24.073424,0.123254,7,0.096603,0,0.0
9,105,receiver_stage/7,6,24.073914,24.201547,0.127633,7,0.099433,0,0.0
9,111,receiver_stage/7,6,24.201667,24.450445,0.248778,7,0.224306,0,0.0
9,114,receiver_stage/7,6,24.450595,24.584159,0.133564,7,0.102212,0,0.0
9,117,receiver_stage/7,6,24.584279,24.885857,0.301578,7,0.263637,0,0.0
9,120,receiver_stage/7,6,24.885907,25.094723,0.208816,7,0.189866,0,0.0
9,124,receiver_stage/7,6,25.094893,25.308009,0.213116,7,0.192823,0,0.0
9,128,receiver_stage/7,6,25.3081,25.616708,0.308608,7,0.145323,1,0.126144
9,136,receiver_stage/7,6,25.616748,26.384291,0.767543,7,0.430503,1,0.297529
9,141,receiver_stage/7,6,26.384411,26.678299,0.293888,7,0.268826,0,0.0
9,147,receiver_stage/7,6,26.678359,26.821133,0.142774,7,0.108583,0,0.0
9,151,receiver_stage/7,6,26.821164,27.101822,0.280658,7,0.252544,0,0.0
9,154,receiver_stage/7,6,27.101902,27.296627,0.194725,7,0.080892,0,0.0
9,157,receiver_stage/7,6,27.296957,27.415431,0.118474,7,0.096513,0,0.0
9,159,receiver_stage/7,6,27.415571,27.642647,0.227076,7,0.190815,0,0.0
9,6,receiver_stage/6,7,11.345374,13.838497,2.493123,4,1.566386,1,0.435553
9,21,receiver_stage/6,7,13.838617,14.109205,0.270588,7,0.164564,0,0.0
9,22,receiver_stage/6,7,14.109275,14.29735,0.188075,7,0.110743,0,0.0
9,25,receiver_stage/6,7,14.29757,14.540507,0.242937,7,0.182346,0,0.0
9,28,receiver_stage/6,7,14.540797,14.960029,0.419232,7,0.321729,0,0.0
9,31,receiver_stage/6,7,14.960269,22.287986,7.327717,8,4.654073,5,2.510158
9,80,receiver_stage/6,7,22.288076,22.41318,0.125104,7,0.098811,0,0.0
9,82,receiver_stage/6,7,22.41328,23.402709,0.989429,7,0.394232,1,0.521115
9,87,receiver_stage/6,7,23.402819,23.643156,0.240337,7,0.179174,0,0.0
9,93,receiver_stage/6,7,23.643376,23.78827,0.144894,7,0.106183,0,0.0
9,97,receiver_stage/6,7,23.7883,23.927444,0.139144,7,0.104754,0,0.0
9,100,receiver_stage/6,7,23.927774,24.063428,0.135654,7,0.099683,0,0.0
9,104,receiver_stage/6,7,24.063848,24.192822,0.128974,7,0.098424,0,0.0
9,109,receiver_stage/6,7,24.192932,24.508251,0.315319,7,0.228235,0,0.0
9,115,receiver_stage/6,7,24.508381,24.641845,0.133464,7,0.108614,0,0.0
9,118,receiver_stage/6,7,24.642155,24.936713,0.294558,7,0.265996,0,0.0
9,121,receiver_stage/6,7,24.936943,25.190231,0.253288,7,0.221816,0,0.0
9,125,receiver_stage/6,7,25.190321,32.23346,7.043139,8,4.826294,3,1.985367
9,3,receiver_stage/3,8,11.290948,11.805533,0.514585,7,0.255088,0,0.0
9,11,receiver_stage/3,8,11.806233,14.203537,2.397304,7,0.633669,1,1.630212
9,24,receiver_stage/3,8,14.203607,16.314108,2.110501,7,1.267588,1,0.69371
9,36,receiver_stage/3,8,16.314178,16.494493,0.180315,7,0.089961,0,0.0
9,37,receiver_stage/3,8,16.494703,17.489792,0.995089,7,0.713949,1,0.151805
9,39,receiver_stage/3,8,17.489912,17.614056,0.124144,7,0.031172,0,0.0
9,41,receiver_stage/3,8,17.614156,18.159192,0.545036,8,0.34218,1,0.147354
9,46,receiver_stage/3,8,18.159352,21.329804,3.170452,7,1.224644,3,1.844124
9,67,receiver_stage/3,8,21.329874,21.473158,0.143284,7,0.113014,0,0.0
9,71,receiver_stage/3,8,21.473268,21.670184,0.196916,7,0.078272,0,0.0
9,74,receiver_stage/3,8,21.670344,21.771166,0.100822,6,0.01849,0,0.0
9,75,receiver_stage/3,8,21.771196,22.014204,0.243008,7,0.183745,0,0.0
9,77,receiver_stage/3,8,22.014274,22.133417,0.119143,7,0.093141,0,0.0
9,78,receiver_stage/3,8,22.133527,22.25423,0.120703,7,0.098222,0,0.0
9,79,receiver_stage/3,8,22.25426,22.354763,0.100503,7,0.085621,0,0.0
9,81,receiver_stage/3,8,22.354874,23.330642,0.975768,7,0.383101,1,0.518555
9,86,receiver_stage/3,8,23.331072,23.592799,0.261727,7,0.238005,0,0.0
9,90,receiver_stage/3,8,23.59291,23.706753,0.113843,7,0.089039,0,0.0
9,94,receiver_stage/3,8,23.706893,23.840996,0.134103,7,0.101781,0,0.0
9,99,receiver_stage/3,8,23.841086,23.9564,0.115314,7,0.092242,0,0.0
9,102,receiver_stage/3,8,23.95643,24.074483,0.118053,7,0.094423,0,0.0
9,106,receiver_stage/3,8,24.074933,24.189467,0.114534,7,0.086782,0,0.0
9,108,receiver_stage/3,8,24.189817,24.422543,0.232726,7,0.198055,0,0.0
9,112,receiver_stage/3,8,24.422763,25.212106,0.789343,7,0.37943,1,0.35637
9,126,receiver_stage/3,8,25.212176,25.366351,0.154175,7,0.086062,0,0.0
9,130,receiver_stage/3,8,25.366421,25.498095,0.131674,7,0.105773,0,0.0
9,132,receiver_stage/3,8,25.498185,25.663549,0.165364,7,0.099193,0,0.0
9,137,receiver_stage/3,8,25.663609,26.420511,0.756902,1,0.074422,1,0.674869
9,142,receiver_stage/3,8,26.420581,26.671149,0.250568,7,0.227826,0,0.0
9,146,receiver_stage/3,8,26.671229,26.798902,0.127673,7,0.107042,0,0.0
9,150,receiver_stage/3,8,26.798992,27.105861,0.306869,7,0.260847,0,0.0
9,155,receiver_stage/3,8,27.105911,27.244865,0.138954,7,0.107552,0,0.0
9,156,receiver_stage/3,8,27.244975,27.357318,0.112343,7,0.083551,0,0.0
9,158,receiver_stage/3,8,27.357688,27.457471,0.099783,7,0.084531,0,0.0
9,2,receiver_stage/2,9,11.260397,17.481927,6.22153,5,3.7928,4,1.40484
9,38,receiver_stage/2,9,17.481967,18.796785,1.314818,7,0.618518,2,0.609958
9,47,receiver_stage/2,9,18.796915,18.871477,0.074562,7,0.0266,0,0.0
9,48,receiver_stage/2,9,18.871497,19.157296,0.285799,7,0.229935,0,0.0
9,49,receiver_stage/2,9,19.157426,19.459694,0.302268,7,0.258706,0,0.0
9,51,receiver_stage/2,9,19.459764,19.734352,0.274588,7,0.246397,0,0.0
9,53,receiver_stage/2,9,19.734493,20.411072,0.676579,7,0.541064,0,0.0
9,56,receiver_stage/2,9,20.411312,20.537276,0.125964,7,0.093792,0,0.0
9,58,receiver_stage/2,9,20.538016,20.919207,0.381191,7,0.125584,0,0.0
9,62,receiver_stage/2,9,20.919877,21.291638,0.371761,7,0.243107,0,0.0
9,66,receiver_stage/2,9,21.291818,21.449162,0.157344,7,0.123193,0,0.0
9,69,receiver_stage/2,9,21.449272,21.566936,0.117664,7,0.097552,0,0.0
9,72,receiver_stage/2,9,21.567056,21.799832,0.232776,7,0.117333,0,0.0
9,76,receiver_stage/2,9,21.800172,28.579639,6.779467,8,1.877204,7,4.83315
10,5,receiver_stage/5,2,11.132158,11.620713,0.488555,7,0.240536,0,0.0
10,11,receiver_stage/5,2,11.621013,12.163538,0.542525,6,0.468723,0,0.0
10,12,receiver_stage/5,2,12.163778,14.712542,2.548764,7,0.813023,1,1.601236
10,31,receiver_stage/5,2,14.712592,15.187201,0.474609,7,0.367445,0,0.0
10,34,receiver_stage/5,2,15.187281,17.085466,1.898185,7,1.581628,1,0.140404
10,41,receiver_stage/5,2,17.085536,17.215389,0.129853,7,0.031679,0,0.0
10,42,receiver_stage/5,2,17.21557,17.339183,0.123613,7,0.079042,0,0.0
10,44,receiver_stage/5,2,17.339213,17.57615,0.236937,7,0.193554,0,0.0
10,46,receiver_stage/5,2,17.57688,17.675153,0.098273,8,0.036881,0,0.0
10,47,receiver_stage/5,2,17.675173,19.337581,1.662408,7,0.40105,1,1.175424
10,53,receiver_stage/5,2,19.337631,19.419883,0.082252,7,0.026511,0,0.0
10,55,receiver_stage/5,2,19.419923,19.562237,0.142314,7,0.114522,0,0.0
10,59,receiver_stage/5,2,19.562277,19.695621,0.133344,7,0.102281,0,0.0
10,62,receiver_stage/5,2,19.695751,20.803353,1.107602,6,0.03263,0,0.0
10,77,receiver_stage/5,2,20.803443,21.103692,0.300249,7,0.264318,0,0.0
10,80,receiver_stage/5,2,21.103752,21.350219,0.246467,7,0.225354,0,0.0
10,83,receiver_stage/5,2,21.350349,21.549305,0.198956,7,0.077901,0,0.0
10,86,receiver_stage/5,2,21.549335,21.655258,0.105923,6,0.018469,0,0.0
10,87,receiver_stage/5,2,21.655288,22.580035,0.924747,7,0.373711,1,0.483194
10,95,receiver_stage/5,2,22.580125,22.7451,0.164975,7,0.136145,0,0.0
10,101,receiver_stage/5,2,22.74516,22.868893,0.123733,7,0.097662,0,0.0
10,107,receiver_stage/5,2,22.868983,22.985477,0.116494,7,0.08749,0,0.0
10,112,receiver_stage/5,2,22.985557,23.227314,0.241757,7,0.220436,0,0.0
10,120,receiver_stage/5,2,23.227414,23.462241,0.234827,7,0.213707,0,0.0
10,126,receiver_stage/5,2,23.462411,24.206562,0.744151,1,0.069042,1,0.670009
10,143,receiver_stage/5,2,24.206592,24.339266,0.132674,7,0.108193,0,0.0
10,147,receiver_stage/5,2,24.339496,26.632222,2.292726,6,1.693897,1,0.433213
10,3,receiver_stage/3,3,11.085137,13.517848,2.432711,5,1.117792,3,1.027229
10,18,receiver_stage/3,3,13.518058,13.855387,0.337329,7,0.260458,0,0.0
10,21,receiver_stage/3,3,13.855417,15.799874,1.944457,7,1.488222,1,0.289708
10,36,receiver_stage/3,3,15.799924,16.386201,0.586277,8,0.295248,1,0.218296
10,38,receiver_stage/3,3,16.386651,17.366249,0.979598,7,0.724079,1,0.150795
10,45,receiver_stage/3,3,17.366549,22.789336,5.422787,8,4.442168,3,0.739231
10,102,receiver_stage/3,3,22.789456,22.92038,0.130924,7,0.102531,0,0.0
10,110,receiver_stage/3,3,22.92046,23.151297,0.230837,7,0.200173,0,0.0
10,116,receiver_stage/3,3,23.151367,23.278861,0.127494,7,0.106213,0,0.0
10,124,receiver_stage/3,3,23.278951,23.59148,0.312529,7,0.143764,1,0.135544
10,130,receiver_stage/3,3,23.59158,23.856077,0.264497,7,0.237836,0,0.0
10,132,receiver_stage/3,3,23.856107,24.076694,0.220587,7,0.200135,0,0.0
10,137,receiver_stage/3,3,24.076894,24.744903,0.668009,1,0.063912,1,0.594347
10,150,receiver_stage/3,3,24.744973,25.038282,0.293309,7,0.263388,0,0.0
10,154,receiver_stage/3,3,25.038442,25.157525,0.119083,7,0.097231,0,0.0
10,159,receiver_stage/3,3,25.157565,25.33105,0.173485,7,0.124133,0,0.0
10,2,receiver_stage/2,4,11.077756,11.599041,0.521285,4,0.196105,0,0.0
10,10,receiver_stage/2,4,11.599331,13.148686,1.549355,6,0.97415,1,0.477904
10,15,receiver_stage/2,4,13.148926,13.382683,0.233757,7,0.109142,0,0.0
10,16,receiver_stage/2,4,13.383033,13.773475,0.390442,7,0.285239,0,0.0
10,20,receiver_stage/2,4,13.773555,15.68133,1.907775,7,1.468533,1,0.286098
10,35,receiver_stage/2,4,15.68138,22.279951,6.598571,8,4.807427,6,1.612257
10,90,receiver_stage/2,4,22.280031,22.421726,0.141695,7,0.109662,0,0.0
10,92,receiver_stage/2,4,22.421836,22.528559,0.106723,7,0.087323,0,0.0
10,94,receiver_stage/2,4,22.528649,22.707334,0.178685,7,0.144454,0,0.0
10,99,receiver_stage/2,4,22.707384,22.826747,0.119363,7,0.096633,0,0.0
10,105,receiver_stage/2,4,22.826897,22.954851,0.127954,7,0.102301,0,0.0
10,111,receiver_stage/2,4,22.954981,23.175717,0.220736,7,0.199465,0,0.0
10,119,receiver_stage/2,4,23.175827,23.410654,0.234827,7,0.209206,0,0.0
10,125,receiver_stage/2,4,23.410754,24.173166,0.762412,1,0.064021,1,0.69149
10,141,receiver_stage/2,4,24.173196,24.30543,0.132234,7,0.102464,0,0.0
10,145,receiver_stage/2,4,24.30553,25.106483,0.800953,1,0.085242,1,0.70898
10,156,receiver_stage/2,4,25.107303,25.262878,0.155575,7,0.121284,0,0.0
10,1,receiver_stage/1,5,11.055146,12.869929,1.814783,4,0.440424,1,0.153654
10,14,receiver_stage/1,5,12.870289,14.105364,1.235075,7,1.08823,0,0.0
10,25,receiver_stage/1,5,14.105475,14.363132,0.257657,7,0.187765,0,0.0
10,28,receiver_stage/1,5,14.363242,16.444812,2.08157,7,1.234106,1,0.6943
10,39,receiver_stage/1,5,16.444892,16.619507,0.174615,7,0.087754,0,0.0
10,40,receiver_stage/1,5,16.619617,18.633346,2.013729,8,1.017169,3,0.908896
10,49,receiver_stage/1,5,18.633406,18.900293,0.266887,7,0.236117,0,0.0
10,50,receiver_stage/1,5,18.900343,19.154201,0.253858,7,0.223166,0,0.0
10,51,receiver_stage/1,5,19.154261,19.366097,0.211836,7,0.192695,0,0.0
10,54,receiver_stage/1,5,19.366207,19.494021,0.127814,7,0.099234,0,0.0
10,57,receiver_stage/1,5,19.494121,19.667456,0.173335,7,0.117343,0,0.0
10,60,receiver_stage/1,5,19.667596,19.791079,0.123483,7,0.097443,0,0.0
10,63,receiver_stage/1,5,19.791299,20.452398,0.661099,7,0.529397,0,0.0
10,71,receiver_stage/1,5,20.452548,20.567152,0.114604,7,0.092252,0,0.0
10,74,receiver_stage/1,5,20.567312,20.677745,0.110433,7,0.071271,0,0.0
10,75,receiver_stage/1,5,20.677795,20.786158,0.108363,7,0.04446,0,0.0
10,76,receiver_stage/1,5,20.786488,22.597771,1.811283,5,0.031961,0,0.0
10,96,receiver_stage/1,5,22.597831,22.710794,0.112963,7,0.090003,0,0.0
10,100,receiver_stage/1,5,22.710864,22.863778,0.152914,7,0.111484,0,0.0
10,106,receiver_stage/1,5,22.863828,23.004272,0.140444,7,0.112383,0,0.0
10,113,receiver_stage/1,5,23.004353,23.248279,0.243926,7,0.223336,0,0.0
10,122,receiver_stage/1,5,23.248369,23.462816,0.214447,7,0.194694,0,0.0
10,127,receiver_stage/1,5,23.462986,24.066593,0.603607,1,0.072022,1,0.523205
10,136,receiver_stage/1,5,24.066813,24.197447,0.130634,7,0.109182,0,0.0
10,142,receiver_stage/1,5,24.197827,24.318551,0.120724,7,0.096944,0,0.0
10,146,receiver_stage/1,5,24.318671,25.116094,0.797423,2,0.106323,1,0.68063
10,157,receiver_stage/1,5,25.116154,25.259268,0.143114,7,0.112363,0,0.0
10,0,receiver_stage/0,6,11.03639,12.554475,1.518085,4,0.495983,1,0.534246
10,13,receiver_stage/0,6,12.554865,14.889502,2.334637,7,0.654989,1,1.524064
10,33,receiver_stage/0,6,14.889652,22.246406,7.356754,8,4.650555,5,2.539773
10,89,receiver_stage/0,6,22.246486,22.38299,0.136504,7,0.108943,0,0.0
10,91,receiver_stage/0,6,22.3831,22.500443,0.117343,7,0.099461,0,0.0
10,93,receiver_stage/0,6,22.500553,22.675318,0.174765,7,0.129384,0,0.0
10,98,receiver_stage/0,6,22.675378,22.795641,0.120263,7,0.097083,0,0.0
10,103,receiver_stage/0,6,22.795742,22.908035,0.112293,7,0.08728,0,0.0
10,108,receiver_stage/0,6,22.908145,23.029958,0.121813,7,0.098713,0,0.0
10,114,receiver_stage/0,6,23.030068,23.153432,0.123364,7,0.097832,0,0.0
10,118,receiver_stage/0,6,23.153532,23.878593,0.725061,7,0.37065,1,0.307099
10,133,receiver_stage/0,6,23.879073,24.013007,0.133934,7,0.105573,0,0.0
10,134,receiver_stage/0,6,24.013137,24.12517,0.112033,7,0.093461,0,0.0
10,139,receiver_stage/0,6,24.12557,24.275664,0.150094,7,0.083912,0,0.0
10,144,receiver_stage/0,6,24.275725,24.387318,0.111593,7,0.091552,0,0.0
10,148,receiver_stage/0,6,24.387428,24.646605,0.259177,7,0.230506,0,0.0
10,149,receiver_stage/0,6,24.646665,24.904383,0.257718,7,0.228737,0,0.0
10,152,receiver_stage/0,6,24.904533,25.056237,0.151704,7,0.109692,0,0.0
10,155,receiver_stage/0,6,25.056447,25.1615,0.105053,7,0.085443,0,0.0
10,6,receiver_stage/6,7,11.149079,11.566831,0.417752,7,0.146713,0,0.0
10,9,receiver_stage/6,7,11.567101,14.052713,2.485612,4,1.593426,1,0.404832
10,23,receiver_stage/6,7,14.052853,14.325861,0.273008,7,0.167175,0,0.0
10,27,receiver_stage/6,7,14.326001,15.859685,1.533684,7,0.68484,1,0.711461
10,37,receiver_stage/6,7,15.859725,19.181042,3.321317,7,2.883444,2,0.259837
10,52,receiver_stage/6,7,19.181162,19.440079,0.258917,7,0.232885,0,0.0
10,56,receiver_stage/6,7,19.440169,19.561423,0.121254,7,0.098643,0,0.0
10,58,receiver_stage/6,7,19.561563,19.689876,0.128313,7,0.098082,0,0.0
10,61,receiver_stage/6,7,19.689977,19.80667,0.116693,7,0.100393,0,0.0
10,64,receiver_stage/6,7,19.8067,19.994785,0.188085,7,0.134504,0,0.0
10,66,receiver_stage/6,7,19.994845,20.102528,0.107683,7,0.087512,0,0.0
10,67,receiver_stage/6,7,20.102688,20.215782,0.113094,7,0.094962,0,0.0
10,69,receiver_stage/6,7,20.215892,20.335375,0.119483,7,0.090382,0,0.0
10,70,receiver_stage/6,7,20.335395,20.459799,0.124404,7,0.098782,0,0.0
10,72,receiver_stage/6,7,20.459889,20.562872,0.102983,7,0.087729,0,0.0
10,73,receiver_stage/6,7,20.563042,20.895161,0.332119,7,0.241937,0,0.0
10,78,receiver_stage/6,7,20.895251,21.116948,0.221697,7,0.195727,0,0.0
10,81,receiver_stage/6,7,21.117038,27.965236,6.848198,8,1.912435,7,4.870291
10,7,receiver_stage/7,8,11.149785,11.535586,0.385801,7,0.194516,0,0.0
10,8,receiver_stage/7,8,11.535646,13.436071,1.900425,6,1.724192,0,0.0
10,17,receiver_stage/7,8,13.436281,14.060959,0.624678,7,0.03314,0,0.0
10,24,receiver_stage/7,8,14.061009,14.292666,0.231657,7,0.132703,0,0.0
10,26,receiver_stage/7,8,14.293356,14.501692,0.208336,7,0.155035,0,0.0
10,29,receiver_stage/7,8,14.501922,17.304058,2.802136,8,1.447137,3,1.223195
10,43,receiver_stage/7,8,17.304208,17.836203,0.531995,8,0.339049,1,0.134343
10,48,receiver_stage/7,8,17.836293,20.941153,3.10486,7,1.241565,3,1.766812
10,79,receiver_stage/7,8,20.941663,21.213761,0.272098,7,0.241597,0,0.0
10,82,receiver_stage/7,8,21.213951,21.465198,0.251247,7,0.182956,0,0.0
10,85,receiver_stage/7,8,21.465618,23.095986,1.630368,6,0.990438,1,0.540086
10,115,receiver_stage/7,8,23.096076,23.23166,0.135584,7,0.109153,0,0.0
10,121,receiver_stage/7,8,23.23191,23.491627,0.259717,7,0.237827,0,0.0
10,128,receiver_stage/7,8,23.491747,24.092705,0.600958,1,0.060431,1,0.526626
10,138,receiver_stage/7,8,24.093165,24.745044,0.651879,1,0.059832,1,0.586587
10,151,receiver_stage/7,8,24.745104,25.000651,0.255547,7,0.227747,0,0.0
10,153,receiver_stage/7,8,25.000691,25.128805,0.128114,7,0.093243,0,0.0
10,158,receiver_stage/7,8,25.129215,25.258198,0.128983,7,0.097993,0,0.0
10,4,receiver_stage/4,9,11.111433,13.716868,2.605435,6,1.819165,1,0.515135
10,19,receiver_stage/4,9,13.716908,13.947685,0.230777,7,0.152715,0,0.0
10,22,receiver_stage/4,9,13.947775,14.635715,0.68794,7,0.534176,0,0.0
10,30,receiver_stage/4,9,14.635845,14.81447,0.178625,7,0.05994,0,0.0
10,32,receiver_stage/4,9,14.81455,19.962804,5.148254,7,3.828242,3,1.087841
10,65,receiver_stage/4,9,19.962974,20.121639,0.158665,7,0.124583,0,0.0
10,68,receiver_stage/4,9,20.122099,21.461748,1.339649,7,0.896705,1,0.33634
10,84,receiver_stage/4,9,21.461888,21.695015,0.233127,7,0.116863,0,0.0
10,88,receiver_stage/4,9,21.695185,22.646032,0.950847,7,0.38676,1,0.481834
10,97,receiver_stage/4,9,22.646102,22.795857,0.149755,7,0.118755,0,0.0
10,104,receiver_stage/4,9,22.795947,22.91556,0.119613,7,0.097982,0,0.0
10,109,receiver_stage/4,9,22.91568,23.153307,0.237627,7,0.180585,0,0.0
10,117,receiver_stage/4,9,23.153397,23.27057,0.117173,7,0.095482,0,0.0
10,123,receiver_stage/4,9,23.27066,23.578089,0.307429,7,0.139484,1,0.133874
10,129,receiver_stage/4,9,23.578189,23.799176,0.220987,7,0.192406,0,0.0
10,131,receiver_stage/4,9,23.799526,24.035993,0.236467,7,0.217877,0,0.0
10,135,receiver_stage/4,9,24.036333,24.158026,0.121693,7,0.099662,0,0.0
10,140,receiver_stage/4,9,24.158276,31.219475,7.061199,8,4.837335,3,1.985337
11,6,receiver_stage/6,2,11.352393,11.644431,0.292038,7,0.087102,0,0.0
11,8,receiver_stage/6,2,11.644701,12.741513,1.096812,6,0.911096,0,0.0
11,14,receiver_stage/6,2,12.741683,14.220562,1.478879,7,1.274463,0,0.0
11,25,receiver_stage/6,2,14.220682,14.48405,0.263368,7,0.192167,0,0.0
11,28,receiver_stage/6,2,14.48417,16.559189,2.075019,7,1.239775,1,0.68509
11,40,receiver_stage/6,2,16.559469,16.788166,0.228697,7,0.104483,0,0.0
11,41,receiver_stage/6,2,16.788236,16.90779,0.119554,7,0.031461,0,0.0
11,42,receiver_stage/6,2,16.90782,17.029203,0.121383,7,0.077282,0,0.0
11,43,receiver_stage/6,2,17.029223,17.577319,0.548096,8,0.333519,1,0.145224
11,49,receiver_stage/6,2,17.577519,17.672932,0.095413,8,0.036771,0,0.0
11,52,receiver_stage/6,2,17.672962,23.173601,5.500639,8,4.466631,3,0.775342
11,125,receiver_stage/6,2,23.173671,23.425269,0.251598,7,0.223788,0,0.0
11,131,receiver_stage/6,2,23.425379,23.648255,0.222876,7,0.193245,0,0.0
11,135,receiver_stage/6,2,23.648375,24.296084,0.647709,1,0.065922,1,0.572857
11,150,receiver_stage/6,2,24.296654,24.954383,0.657729,1,0.058262,1,0.593907
11,2,receiver_stage/2,3,11.280452,12.393094,1.112642,4,0.260857,1,0.102273
11,13,receiver_stage/2,3,12.393894,15.013695,2.619801,7,0.651328,1,1.838208
11,32,receiver_stage/2,3,15.013795,15.472658,0.458863,7,0.352401,0,0.0
11,34,receiver_stage/2,3,15.472708,22.963065,7.490357,8,4.734847,5,2.583875
11,120,receiver_stage/2,3,22.963175,23.206712,0.243537,7,0.213156,0,0.0
11,127,receiver_stage/2,3,23.206832,23.428819,0.221987,7,0.200935,0,0.0
11,132,receiver_stage/2,3,23.428919,23.79755,0.368631,7,0.29473,0,0.0
11,138,receiver_stage/2,3,23.79784,23.933654,0.135814,7,0.107164,0,0.0
11,141,receiver_stage/2,3,23.933844,24.063477,0.129633,7,0.099722,0,0.0
11,145,receiver_stage/2,3,24.063607,24.761618,0.698011,1,0.066882,1,0.620078
11,156,receiver_stage/2,3,24.761858,24.912502,0.150644,7,0.114903,0,0.0
11,1,receiver_stage/1,4,11.263576,12.78748,1.523904,4,0.499805,1,0.547496
11,15,receiver_stage/1,4,12.7877,13.063428,0.275728,7,0.149693,0,0.0
11,18,receiver_stage/1,4,13.063558,13.521891,0.458333,7,0.372211,0,0.0
11,20,receiver_stage/1,4,13.522371,15.522739,2.000368,7,1.508044,1,0.307799
11,35,receiver_stage/1,4,15.522889,17.392224,1.869335,7,1.563007,1,0.134173
11,47,receiver_stage/1,4,17.392294,17.637121,0.244827,7,0.217485,0,0.0
11,50,receiver_stage/1,4,17.637751,19.260858,1.623107,7,0.39688,1,1.140793
11,64,receiver_stage/1,4,19.260918,19.405732,0.144814,7,0.111204,0,0.0
11,66,receiver_stage/1,4,19.405882,19.522185,0.116303,7,0.097693,0,0.0
11,68,receiver_stage/1,4,19.522585,20.220896,0.698311,7,0.560607,0,0.0
11,75,receiver_stage/1,4,20.221436,20.452802,0.231366,7,0.207365,0,0.0
11,79,receiver_stage/1,4,20.452902,20.620657,0.167755,7,0.136602,0,0.0
11,83,receiver_stage/1,4,20.620717,20.752411,0.131694,7,0.101943,0,0.0
11,87,receiver_stage/1,4,20.752571,20.867604,0.115033,7,0.048061,0,0.0
11,91,receiver_stage/1,4,20.867834,20.985468,0.117634,7,0.096952,0,0.0
11,96,receiver_stage/1,4,20.985578,21.109711,0.124133,7,0.096313,0,0.0
11,99,receiver_stage/1,4,21.109932,22.10592,0.995988,7,0.38289,1,0.534306
11,104,receiver_stage/1,4,22.10597,22.221754,0.115784,6,0.02294,0,0.0
11,107,receiver_stage/1,4,22.221874,22.339157,0.117283,7,0.092503,0,0.0
11,110,receiver_stage/1,4,22.339197,22.470121,0.130924,7,0.102523,0,0.0
11,113,receiver_stage/1,4,22.470151,22.733589,0.263438,7,0.231847,0,0.0
11,117,receiver_stage/1,4,22.733639,22.968355,0.234716,7,0.176625,0,0.0
11,121,receiver_stage/1,4,22.968485,23.206452,0.237967,7,0.212935,0,0.0
11,126,receiver_stage/1,4,23.206492,23.46568,0.259188,7,0.233707,0,0.0
11,134,receiver_stage/1,4,23.46581,23.694746,0.228936,7,0.205256,0,0.0
11,136,receiver_stage/1,4,23.694966,24.336245,0.641279,1,0.060931,1,0.574787
11,151,receiver_stage/1,4,24.336655,25.245821,0.909166,1,0.065402,1,0.833774
11,4,receiver_stage/4,5,11.323328,12.967356,1.644028,6,1.364331,0,0.0
11,16,receiver_stage/4,5,12.967396,13.489485,0.522089,7,0.394174,0,0.0
11,19,receiver_stage/4,5,13.489585,13.718752,0.229167,7,0.173304,0,0.0
11,22,receiver_stage/4,5,13.719172,14.448943,0.729771,7,0.565596,0,0.0
11,27,receiver_stage/4,5,14.449073,15.949142,1.500069,7,0.677753,1,0.68192
11,37,receiver_stage/4,5,15.949232,16.116506,0.167274,8,0.104111,0,0.0
11,39,receiver_stage/4,5,16.116587,17.043373,0.926786,7,0.668328,1,0.149384
11,44,receiver_stage/4,5,17.043533,17.309751,0.266218,7,0.200885,0,0.0
11,45,receiver_stage/4,5,17.309781,17.554018,0.244237,7,0.209796,0,0.0
11,48,receiver_stage/4,5,17.554118,17.785715,0.231597,7,0.212566,0,0.0
11,53,receiver_stage/4,5,17.786135,17.915519,0.129384,7,0.099284,0,0.0
11,54,receiver_stage/4,5,17.915619,18.031942,0.116323,7,0.093343,0,0.0
11,55,receiver_stage/4,5,18.031962,18.127975,0.096013,7,0.081632,0,0.0
11,56,receiver_stage/4,5,18.128065,18.234708,0.106643,7,0.092391,0,0.0
11,57,receiver_stage/4,5,18.234818,18.31621,0.081392,7,0.025931,0,0.0
11,58,receiver_stage/4,5,18.31624,18.440994,0.124754,7,0.099614,0,0.0
11,59,receiver_stage/4,5,18.441014,18.557097,0.116083,7,0.094151,0,0.0
11,60,receiver_stage/4,5,18.557187,18.707962,0.150775,7,0.127835,0,0.0
11,61,receiver_stage/4,5,18.708012,18.826005,0.117993,7,0.10105,0,0.0
11,62,receiver_stage/4,5,18.826095,19.609928,0.783833,7,0.700321,0,0.0
11,69,receiver_stage/4,5,19.610038,19.736031,0.125993,7,0.093002,0,0.0
11,70,receiver_stage/4,5,19.736152,19.859915,0.123763,7,0.097051,0,0.0
11,71,receiver_stage/4,5,19.860145,19.961978,0.101833,7,0.084273,0,0.0
11,73,receiver_stage/4,5,19.962298,20.226336,0.264038,7,0.239447,0,0.0
11,76,receiver_stage/4,5,20.226566,20.465503,0.238937,7,0.222606,0,0.0
11,80,receiver_stage/4,5,20.465733,20.600996,0.135263,7,0.11055,0,0.0
11,82,receiver_stage/4,5,20.601046,20.778382,0.177336,7,0.141034,0,0.0
11,88,receiver_stage/4,5,20.778532,20.913236,0.134704,7,0.104363,0,0.0
11,92,receiver_stage/4,5,20.913416,22.706728,1.793312,5,0.02448,0,0.0
11,116,receiver_stage/4,5,22.706848,22.976815,0.269967,7,0.242757,0,0.0
11,122,receiver_stage/4,5,22.976846,23.246653,0.269807,7,0.242068,0,0.0
11,128,receiver_stage/4,5,23.246743,23.8406,0.593857,1,0.063232,1,0.523165
11,139,receiver_stage/4,5,23.84063,23.967074,0.126444,7,0.102742,0,0.0
11,143,receiver_stage/4,5,23.967204,24.094708,0.127504,7,0.105173,0,0.0
11,148,receiver_stage/4,5,24.095238,24.736156,0.640918,2,0.088763,1,0.542215
11,154,receiver_stage/4,5,24.736216,24.889021,0.152805,7,0.114413,0,0.0
11,158,receiver_stage/4,5,24.889111,25.015184,0.126073,7,0.090702,0,0.0
11,3,receiver_stage/3,6,11.301017,11.833182,0.532165,4,0.217385,0,0.0
11,11,receiver_stage/3,6,11.833353,12.379228,0.545875,6,0.467173,0,0.0
11,12,receiver_stage/3,6,12.379418,15.021635,2.642217,7,0.672102,1,1.802952
11,33,receiver_stage/3,6,15.021745,19.942848,4.921103,7,3.599684,3,1.116802
11,72,receiver_stage/3,6,19.943008,20.069962,0.126954,7,0.100604,0,0.0
11,74,receiver_stage/3,6,20.070072,20.286028,0.215956,7,0.192305,0,0.0
11,77,receiver_stage/3,6,20.286118,20.416042,0.129924,7,0.102013,0,0.0
11,78,receiver_stage/3,6,20.416382,20.537545,0.121163,7,0.096332,0,0.0
11,81,receiver_stage/3,6,20.537685,20.71772,0.180035,7,0.146284,0,0.0
11,86,receiver_stage/3,6,20.71778,20.833564,0.115784,7,0.078372,0,0.0
11,90,receiver_stage/3,6,20.833614,20.949217,0.115603,7,0.089632,0,0.0
11,94,receiver_stage/3,6,20.950237,21.084981,0.134744,7,0.100523,0,0.0
11,97,receiver_stage/3,6,21.085171,21.203304,0.118133,7,0.100603,0,0.0
11,100,receiver_stage/3,6,21.204225,22.192863,0.988638,7,0.39162,1,0.522315
11,106,receiver_stage/3,6,22.192913,22.328357,0.135444,7,0.104483,0,0.0
11,109,receiver_stage/3,6,22.328477,22.452871,0.124394,7,0.099073,0,0.0
11,112,receiver_stage/3,6,22.452971,22.564024,0.111053,7,0.089212,0,0.0
11,114,receiver_stage/3,6,22.564054,22.826651,0.262597,7,0.221266,0,0.0
11,119,receiver_stage/3,6,22.826701,23.13323,0.306529,7,0.145264,1,0.126664
11,123,receiver_stage/3,6,23.13331,23.355927,0.222617,7,0.202174,0,0.0
11,129,receiver_stage/3,6,23.356057,23.937294,0.581237,1,0.060022,1,0.515845
11,142,receiver_stage/3,6,23.937324,24.068297,0.130973,7,0.101123,0,0.0
11,146,receiver_stage/3,6,24.068447,24.727437,0.65899,1,0.064521,1,0.588407
11,153,receiver_stage/3,6,24.727997,24.912422,0.184425,7,0.150104,0,0.0
11,159,receiver_stage/3,6,24.912482,25.033375,0.120893,7,0.095183,0,0.0
11,0,receiver_stage/0,7,11.25716,13.048692,1.791532,4,0.292298,1,0.145205
11,17,receiver_stage/0,7,13.048832,13.67584,0.627008,7,0.042181,0,0.0
11,21,receiver_stage/0,7,13.67588,15.597466,1.921586,7,1.496453,1,0.254897
11,36,receiver_stage/0,7,15.597586,22.175477,6.577891,8,4.827509,6,1.558006
11,105,receiver_stage/0,7,22.175547,22.318231,0.142684,7,0.108542,0,0.0
11,108,receiver_stage/0,7,22.318371,22.439724,0.121353,7,0.100993,0,0.0
11,111,receiver_stage/0,7,22.439804,22.568788,0.128984,7,0.108003,0,0.0
11,115,receiver_stage/0,7,22.568848,22.816845,0.247997,7,0.220567,0,0.0
11,118,receiver_stage/0,7,22.816915,23.150055,0.33314,7,0.141845,1,0.152464
11,124,receiver_stage/0,7,23.150105,23.400312,0.250207,7,0.221376,0,0.0
11,130,receiver_stage/0,7,23.400622,24.114303,0.713681,7,0.370203,1,0.292738
11,149,receiver_stage/0,7,24.114473,24.755071,0.640598,1,0.062512,1,0.566776
11,155,receiver_stage/0,7,24.755451,24.888595,0.133144,7,0.100421,0,0.0
11,157,receiver_stage/0,7,24.888785,25.04904,0.160255,7,0.126843,0,0.0
11,5,receiver_stage/5,8,11.338594,11.731186,0.392592,7,0.160573,0,0.0
11,9,receiver_stage/5,8,11.731406,14.563867,2.832461,4,1.756109,1,0.442233
11,30,receiver_stage/5,8,14.564007,14.787633,0.223626,7,0.077932,0,0.0
11,31,receiver_stage/5,8,14.787683,15.995998,1.208315,7,0.675167,1,0.423393
11,38,receiver_stage/5,8,15.996208,19.242242,3.246034,7,2.78155,2,0.260907
11,63,receiver_stage/5,8,19.242312,19.397177,0.154865,7,0.120182,0,0.0
11,65,receiver_stage/5,8,19.397287,19.50505,0.107763,7,0.088193,0,0.0
11,67,receiver_stage/5,8,19.50515,20.644813,1.139663,6,0.031081,0,0.0
11,84,receiver_stage/5,8,20.644873,20.803118,0.158245,7,0.123663,0,0.0
11,89,receiver_stage/5,8,20.803238,20.945582,0.142344,7,0.108823,0,0.0
11,93,receiver_stage/5,8,20.945612,27.809981,6.864369,8,1.894895,7,4.902441
11,7,receiver_stage/7,9,11.371315,11.815118,0.443803,7,0.237537,0,0.0
11,10,receiver_stage/7,9,11.815388,13.802356,1.986968,6,1.34987,1,0.520495
11,23,receiver_stage/7,9,13.802666,14.095724,0.293058,7,0.179044,0,0.0
11,24,receiver_stage/7,9,14.095804,14.281529,0.185725,7,0.110552,0,0.0
11,26,receiver_stage/7,9,14.28628,14.487175,0.200895,7,0.152984,0,0.0
11,29,receiver_stage/7,9,14.487275,17.365514,2.878239,8,1.500499,3,1.260497
11,46,receiver_stage/7,9,17.365864,17.654362,0.288498,7,0.256097,0,0.0
11,51,receiver_stage/7,9,17.654502,20.646349,2.991847,7,1.188435,3,1.698919
11,85,receiver_stage/7,9,20.646409,20.962918,0.316509,7,0.225945,0,0.0
11,95,receiver_stage/7,9,20.963268,21.090442,0.127174,7,0.101633,0,0.0
11,98,receiver_stage/7,9,21.090892,21.328808,0.237916,7,0.177763,0,0.0
11,101,receiver_stage/7,9,21.328948,21.524434,0.195486,7,0.077572,0,0.0
11,102,receiver_stage/7,9,21.524634,21.749001,0.224367,7,0.115714,0,0.0
11,103,receiver_stage/7,9,21.749111,23.43976,1.690649,6,1.079111,1,0.516815
11,133,receiver_stage/7,9,23.43982,23.711158,0.271338,7,0.233738,0,0.0
11,137,receiver_stage/7,9,23.711348,23.849362,0.138014,7,0.106063,0,0.0
11,140,receiver_stage/7,9,23.849492,23.970505,0.121013,7,0.103041,0,0.0
11,144,receiver_stage/7,9,23.970685,24.084518,0.113833,7,0.091603,0,0.0
11,147,receiver_stage/7,9,24.084618,24.713387,0.628769,1,0.068252,1,0.551046
11,152,receiver_stage/7,9,24.713547,25.618203,0.904656,1,0.070662,1,0.824884
12,5,receiver_stage/5,2,11.822178,12.154438,0.33226,7,0.136323,0,0.0
12,8,receiver_stage/5,2,12.154768,13.193958,1.03919,6,0.861524,0,0.0
12,13,receiver_stage/5,2,13.194208,15.617712,2.423504,7,0.661004,1,1.632947
12,33,receiver_stage/5,2,15.618012,22.909429,7.291417,8,4.657331,5,2.471851
12,111,receiver_stage/5,2,22.909529,23.185697,0.276168,7,0.240807,0,0.0
12,117,receiver_stage/5,2,23.185937,23.319541,0.133604,7,0.096264,0,0.0
12,121,receiver_stage/5,2,23.319711,23.556977,0.237266,7,0.176445,0,0.0
12,124,receiver_stage/5,2,23.556997,23.816245,0.259248,7,0.237085,0,0.0
12,128,receiver_stage/5,2,23.816705,24.067722,0.251017,7,0.224475,0,0.0
12,134,receiver_stage/5,2,24.067822,24.701311,0.633489,1,0.094563,1,0.531656
12,145,receiver_stage/5,2,24.701371,25.307228,0.605857,1,0.060172,1,0.534705
12,152,receiver_stage/5,2,25.307298,25.931776,0.624478,2,0.094673,1,0.516555
12,159,receiver_stage/5,2,25.931876,26.0673,0.135424,7,0.108231,0,0.0
12,3,receiver_stage/3,3,11.779616,12.344093,0.564477,4,0.236917,0,0.0
12,11,receiver_stage/3,3,12.344313,12.878188,0.533875,6,0.459764,0,0.0
12,12,receiver_stage/3,3,12.879309,15.214771,2.335462,7,0.623097,1,1.580941
12,30,receiver_stage/3,3,15.214871,15.467848,0.252977,7,0.079893,0,0.0
12,32,receiver_stage/3,3,15.467918,20.451943,4.984025,7,3.697406,3,1.096312
12,77,receiver_stage/3,3,20.452613,20.592547,0.139934,7,0.109244,0,0.0
12,79,receiver_stage/3,3,20.592657,20.71105,0.118393,7,0.099412,0,0.0
12,82,receiver_stage/3,3,20.71112,20.840814,0.129694,7,0.102473,0,0.0
12,84,receiver_stage/3,3,20.840924,20.941437,0.100513,7,0.080722,0,0.0
12,87,receiver_stage/3,3,20.941507,21.103092,0.161585,7,0.134305,0,0.0
12,91,receiver_stage/3,3,21.103322,21.241906,0.138584,7,0.064052,0,0.0
12,94,receiver_stage/3,3,21.241966,21.499143,0.257177,7,0.195456,0,0.0
12,97,receiver_stage/3,3,21.499403,21.632447,0.133044,7,0.111892,0,0.0
12,100,receiver_stage/3,3,21.632547,21.930686,0.298139,7,0.141344,1,0.126364
12,103,receiver_stage/3,3,21.930776,22.128821,0.198045,7,0.077362,0,0.0
12,104,receiver_stage/3,3,22.128862,22.343508,0.214646,7,0.114983,0,0.0
12,105,receiver_stage/3,3,22.343528,23.949314,1.605786,6,0.994088,1,0.516085
12,132,receiver_stage/3,3,23.949364,24.635804,0.68644,1,0.068142,1,0.604767
12,143,receiver_stage/3,3,24.635854,24.785838,0.149984,7,0.119212,0,0.0
12,150,receiver_stage/3,3,24.785898,25.495539,0.709641,2,0.089222,1,0.609148
12,156,receiver_stage/3,3,25.495599,26.165988,0.670389,2,0.094002,1,0.564046
12,1,receiver_stage/1,4,11.73759,13.279654,1.542064,4,0.504874,1,0.536736
12,14,receiver_stage/1,4,13.279884,14.611123,1.331239,7,1.085281,0,0.0
12,28,receiver_stage/1,4,14.611973,16.724844,2.112871,7,1.259085,1,0.69555
12,39,receiver_stage/1,4,16.725134,17.720668,0.995534,7,0.705464,1,0.176705
12,47,receiver_stage/1,4,17.720758,18.260083,0.539325,8,0.337179,1,0.136754
12,57,receiver_stage/1,4,18.260193,18.352036,0.091843,8,0.036711,0,0.0
12,60,receiver_stage/1,4,18.352076,23.967099,5.615023,8,4.587602,3,0.748062
12,133,receiver_stage/1,4,23.967349,24.671679,0.70433,1,0.084652,1,0.611938
12,144,receiver_stage/1,4,24.671779,25.276757,0.604978,1,0.065062,1,0.530986
12,151,receiver_stage/1,4,25.276817,25.872574,0.595757,1,0.069602,1,0.515915
12,158,receiver_stage/1,4,25.872684,26.531383,0.658699,2,0.090423,1,0.558546
12,7,receiver_stage/7,5,11.847393,12.165663,0.31827,7,0.194617,0,0.0
12,10,receiver_stage/7,5,12.165713,13.631835,1.466122,6,0.963746,1,0.388961
12,17,receiver_stage/7,5,13.631985,14.080348,0.448363,7,0.03128,0,0.0
12,23,receiver_stage/7,5,14.080378,14.334796,0.254418,7,0.154946,0,0.0
12,25,receiver_stage/7,5,14.334966,14.542472,0.207506,7,0.156934,0,0.0
12,27,receiver_stage/7,5,14.542862,16.079486,1.536624,7,0.667068,1,0.702431
12,37,receiver_stage/7,5,16.079736,16.233701,0.153965,8,0.064244,0,0.0
12,38,receiver_stage/7,5,16.234111,19.461814,3.227703,7,2.76934,2,0.259589
12,71,receiver_stage/7,5,19.461954,19.720422,0.258468,7,0.221748,0,0.0
12,72,receiver_stage/7,5,19.720632,19.938578,0.217946,7,0.198726,0,0.0
12,74,receiver_stage/7,5,19.938928,20.564516,0.625588,7,0.537204,0,0.0
12,78,receiver_stage/7,5,20.564986,20.70037,0.135384,7,0.107014,0,0.0
12,81,receiver_stage/7,5,20.70051,20.893496,0.192986,7,0.162895,0,0.0
12,86,receiver_stage/7,5,20.893556,21.03282,0.139264,7,0.111534,0,0.0
12,89,receiver_stage/7,5,21.0329,21.37798,0.34508,7,0.247617,0,0.0
12,95,receiver_stage/7,5,21.37803,21.521584,0.143554,7,0.114343,0,0.0
12,98,receiver_stage/7,5,21.521684,21.632877,0.111193,7,0.092433,0,0.0
12,101,receiver_stage/7,5,21.632987,22.552944,0.919957,7,0.369142,1,0.484294
12,107,receiver_stage/7,5,22.553214,22.78637,0.233156,7,0.205066,0,0.0
12,110,receiver_stage/7,5,22.78675,23.009957,0.223207,7,0.205736,0,0.0
12,114,receiver_stage/7,5,23.010307,23.296135,0.285828,7,0.258138,0,0.0
12,120,receiver_stage/7,5,23.296185,23.867252,0.571067,1,0.049532,1,0.514385
12,130,receiver_stage/7,5,23.867372,24.598333,0.730961,1,0.069022,1,0.650849
12,142,receiver_stage/7,5,24.598633,24.736777,0.138144,7,0.109273,0,0.0
12,149,receiver_stage/7,5,24.736827,25.410117,0.67329,1,0.063462,1,0.602248
12,155,receiver_stage/7,5,25.410177,26.046445,0.636268,1,0.064122,1,0.563906
12,0,receiver_stage/0,6,11.71999,13.779924,2.059934,4,0.374317,1,0.155045
12,19,receiver_stage/0,6,13.780004,13.98559,0.205586,7,0.150484,0,0.0
12,21,receiver_stage/0,6,13.98567,15.909696,1.924026,7,1.454221,1,0.300148
12,36,receiver_stage/0,6,15.909776,22.512598,6.602822,8,4.866981,6,1.555315
12,106,receiver_stage/0,6,22.512678,22.636701,0.124023,6,0.02214,0,0.0
12,108,receiver_stage/0,6,22.636741,22.92368,0.286939,7,0.258987,0,0.0
12,112,receiver_stage/0,6,22.92383,23.173107,0.249277,7,0.216157,0,0.0
12,116,receiver_stage/0,6,23.173147,23.344062,0.170915,7,0.118444,0,0.0
12,122,receiver_stage/0,6,23.344842,23.600579,0.255737,7,0.217356,0,0.0
12,125,receiver_stage/0,6,23.600719,23.810675,0.209956,7,0.191294,0,0.0
12,127,receiver_stage/0,6,23.810965,24.074783,0.263818,7,0.234177,0,0.0
12,135,receiver_stage/0,6,24.074883,24.736612,0.661729,2,0.107284,1,0.529885
12,148,receiver_stage/0,6,24.736672,25.496924,0.760252,7,0.377321,1,0.329609
12,157,receiver_stage/0,6,25.496974,26.140703,0.643729,1,0.063771,1,0.571277
12,2,receiver_stage/2,7,11.750595,13.412704,1.662109,4,0.34845,1,0.085272
12,15,receiver_stage/2,7,13.412784,13.684546,0.271762,7,0.150038,0,0.0
12,18,receiver_stage/2,7,13.684746,14.005775,0.321029,7,0.258058,0,0.0
12,22,receiver_stage/2,7,14.005815,14.261833,0.256018,7,0.157073,0,0.0
12,24,receiver_stage/2,7,14.262043,14.50069,0.238647,7,0.180705,0,0.0
12,26,receiver_stage/2,7,14.50087,15.253212,0.752342,7,0.564417,0,0.0
12,31,receiver_stage/2,7,15.253282,15.694264,0.440982,7,0.33555,0,0.0
12,34,receiver_stage/2,7,15.694305,17.684032,1.989727,7,1.6901,1,0.144985
12,46,receiver_stage/2,7,17.684092,17.96207,0.277978,7,0.244737,0,0.0
12,50,receiver_stage/2,7,17.96215,18.087424,0.125274,7,0.100453,0,0.0
12,52,receiver_stage/2,7,18.087514,18.200977,0.113463,7,0.094453,0,0.0
12,55,receiver_stage/2,7,18.201007,18.320141,0.119134,7,0.097422,0,0.0
12,59,receiver_stage/2,7,18.320311,21.40731,3.086999,7,1.184174,3,1.799911
12,96,receiver_stage/2,7,21.40742,21.549624,0.142204,7,0.111602,0,0.0
12,99,receiver_stage/2,7,21.550014,21.845463,0.295449,7,0.140863,1,0.116114
12,102,receiver_stage/2,7,21.845543,22.77652,0.930977,7,0.381881,1,0.482244
12,109,receiver_stage/2,7,22.77666,23.14091,0.36425,7,0.321209,0,0.0
12,115,receiver_stage/2,7,23.14117,23.286285,0.145115,7,0.107183,0,0.0
12,119,receiver_stage/2,7,23.286375,23.874752,0.588377,1,0.056352,1,0.522285
12,131,receiver_stage/2,7,23.875372,24.578422,0.70305,1,0.065722,1,0.630598
12,140,receiver_stage/2,7,24.578462,24.730177,0.151715,7,0.114062,0,0.0
12,147,receiver_stage/2,7,24.730237,25.338534,0.608297,1,0.060562,1,0.540965
12,153,receiver_stage/2,7,25.338784,25.995243,0.656459,1,0.071832,1,0.574566
12,4,receiver_stage/4,8,11.816713,13.471741,1.655028,6,1.36469,0,0.0
12,16,receiver_stage/4,8,13.471821,13.896378,0.424557,7,0.319054,0,0.0
12,20,receiver_stage/4,8,13.896478,15.802353,1.905875,7,1.476813,1,0.262068
12,35,receiver_stage/4,8,15.802423,16.895354,1.092931,7,0.563037,1,0.427372
12,40,receiver_stage/4,8,16.895605,17.07487,0.179265,7,0.090282,0,0.0
12,41,receiver_stage/4,8,17.07494,17.188393,0.113453,7,0.03118,0,0.0
12,42,receiver_stage/4,8,17.188453,17.344683,0.15623,7,0.084421,0,0.0
12,43,receiver_stage/4,8,17.349943,17.657252,0.307309,7,0.265968,0,0.0
12,45,receiver_stage/4,8,17.657472,17.876508,0.219036,7,0.196465,0,0.0
12,48,receiver_stage/4,8,17.876628,18.131895,0.255267,7,0.199496,0,0.0
12,54,receiver_stage/4,8,18.132055,18.267099,0.135044,7,0.10766,0,0.0
12,58,receiver_stage/4,8,18.2672,19.942528,1.675328,7,0.405352,1,1.184144
12,75,receiver_stage/4,8,19.942608,21.099022,1.156414,6,0.032351,0,0.0
12,90,receiver_stage/4,8,21.099082,21.231725,0.132643,7,0.089672,0,0.0
12,93,receiver_stage/4,8,21.231835,28.11333,6.881495,8,1.882926,7,4.917108
12,6,receiver_stage/6,9,11.823838,12.159698,0.33586,7,0.089101,0,0.0
12,9,receiver_stage/6,9,12.159798,14.725657,2.565859,4,1.504788,1,0.407792
12,29,receiver_stage/6,9,14.725757,17.603605,2.877848,8,1.439252,3,1.291643
12,44,receiver_stage/6,9,17.603825,17.879973,0.276148,7,0.247157,0,0.0
12,49,receiver_stage/6,9,17.880054,18.015277,0.135223,7,0.100612,0,0.0
12,51,receiver_stage/6,9,18.015367,18.11655,0.101183,7,0.083182,0,0.0
12,53,receiver_stage/6,9,18.11665,18.244534,0.127884,7,0.098404,0,0.0
12,56,receiver_stage/6,9,18.244624,18.362537,0.117913,7,0.101391,0,0.0
12,61,receiver_stage/6,9,18.362878,18.44981,0.086932,7,0.026612,0,0.0
12,62,receiver_stage/6,9,18.44983,18.593664,0.143834,7,0.114874,0,0.0
12,63,receiver_stage/6,9,18.593784,18.720328,0.126544,7,0.100143,0,0.0
12,64,receiver_stage/6,9,18.720358,18.824071,0.103713,7,0.087061,0,0.0
12,65,receiver_stage/6,9,18.824321,18.951184,0.126863,7,0.111162,0,0.0
12,66,receiver_stage/6,9,18.951284,19.096099,0.144815,7,0.112993,0,0.0
12,67,receiver_stage/6,9,19.096339,19.248393,0.152054,7,0.117253,0,0.0
12,68,receiver_stage/6,9,19.248473,19.352146,0.103673,7,0.086622,0,0.0
12,69,receiver_stage/6,9,19.352346,19.456209,0.103863,7,0.087423,0,0.0
12,70,receiver_stage/6,9,19.456239,19.727327,0.271088,7,0.243488,0,0.0
12,73,receiver_stage/6,9,19.728727,19.969974,0.241247,7,0.224486,0,0.0
12,76,receiver_stage/6,9,19.970224,20.631573,0.661349,7,0.531886,0,0.0
12,80,receiver_stage/6,9,20.631743,20.747236,0.115493,7,0.093543,0,0.0
12,83,receiver_stage/6,9,20.747326,20.87399,0.126664,7,0.102503,0,0.0
12,85,receiver_stage/6,9,20.8741,21.011574,0.137474,7,0.108972,0,0.0
12,88,receiver_stage/6,9,21.011654,21.169779,0.158125,7,0.134884,0,0.0
12,92,receiver_stage/6,9,21.169839,22.94423,1.774391,5,0.024501,0,0.0
12,113,receiver_stage/6,9,22.94429,23.255649,0.311359,7,0.280218,0,0.0
12,118,receiver_stage/6,9,23.255799,23.384543,0.128744,7,0.101461,0,0.0
12,123,receiver_stage/6,9,23.384793,23.62838,0.243587,7,0.216525,0,0.0
12,126,receiver_stage/6,9,23.62858,23.857807,0.229227,7,0.189405,0,0.0
12,129,receiver_stage/6,9,23.857927,24.076983,0.219056,7,0.201286,0,0.0
12,136,receiver_stage/6,9,24.077073,24.254778,0.177705,7,0.135335,0,0.0
12,137,receiver_stage/6,9,24.255158,24.367861,0.112703,7,0.092683,0,0.0
12,138,receiver_stage/6,9,24.368032,24.486455,0.118423,7,0.098792,0,0.0
12,139,receiver_stage/6,9,24.486765,24.590688,0.103923,7,0.088692,0,0.0
12,141,receiver_stage/6,9,24.590898,24.709781,0.118883,7,0.097272,0,0.0
12,146,receiver_stage/6,9,24.709891,25.401481,0.69159,3,0.118931,1,0.555866
12,154,receiver_stage/6,9,25.401541,26.053,0.651459,1,0.070912,1,0.572116
13,5,receiver_stage/5,2,11.247732,11.559081,0.311349,7,0.133324,0,0.0
13,9,receiver_stage/5,2,11.559261,13.948596,2.389335,4,1.419212,1,0.439968
13,27,receiver_stage/5,2,13.948736,15.504835,1.556099,7,0.671299,1,0.717875
13,37,receiver_stage/5,2,15.504895,16.412821,0.907926,7,0.6658,1,0.131244
13,40,receiver_stage/5,2,16.412931,16.632007,0.219076,7,0.125583,0,0.0
13,41,receiver_stage/5,2,16.632057,16.762491,0.130434,7,0.037931,0,0.0
13,42,receiver_stage/5,2,16.762511,16.898635,0.136124,7,0.089952,0,0.0
13,43,receiver_stage/5,2,16.898685,17.030289,0.131604,7,0.103621,0,0.0
13,45,receiver_stage/5,2,17.030539,17.133762,0.103223,7,0.083892,0,0.0
13,48,receiver_stage/5,2,17.133852,17.262426,0.128574,7,0.102563,0,0.0
13,51,receiver_stage/5,2,17.262566,17.796111,0.533545,8,0.330899,1,0.144664
13,57,receiver_stage/5,2,17.796201,17.928485,0.132284,7,0.107683,0,0.0
13,58,receiver_stage/5,2,17.928565,18.055499,0.126934,7,0.106634,0,0.0
13,60,receiver_stage/5,2,18.055589,23.573159,5.51757,8,4.48148,3,0.767873
13,134,receiver_stage/5,2,23.573279,24.216837,0.643558,1,0.061162,1,0.574666
13,141,receiver_stage/5,2,24.216867,24.436514,0.219647,7,0.184555,0,0.0
13,144,receiver_stage/5,2,24.437534,24.605379,0.167845,7,0.136733,0,0.0
13,147,receiver_stage/5,2,24.605429,25.207516,0.602087,1,0.066802,1,0.527305
13,6,receiver_stage/6,3,11.261348,11.543356,0.282008,7,0.084562,0,0.0
13,8,receiver_stage/6,3,11.543376,12.914026,1.37065,6,1.179254,0,0.0
13,15,receiver_stage/6,3,12.914216,13.23884,0.324624,7,0.183969,0,0.0
13,18,receiver_stage/6,3,13.2389,13.555989,0.317089,7,0.254058,0,0.0
13,22,receiver_stage/6,3,13.556069,13.811636,0.255567,7,0.156844,0,0.0
13,24,receiver_stage/6,3,13.811736,14.054883,0.243147,7,0.193836,0,0.0
13,28,receiver_stage/6,3,14.054994,16.19356,2.138566,7,1.281223,1,0.70431
13,39,receiver_stage/6,3,16.19363,17.679773,1.486143,7,0.758203,2,0.640088
13,55,receiver_stage/6,3,17.679843,17.781906,0.102063,8,0.037231,0,0.0
13,56,receiver_stage/6,3,17.781926,17.93003,0.148104,7,0.116033,0,0.0
13,59,receiver_stage/6,3,17.93009,18.110265,0.180175,7,0.154245,0,0.0
13,61,receiver_stage/6,3,18.110315,18.232599,0.122284,7,0.094011,0,0.0
13,62,receiver_stage/6,3,18.232739,18.352682,0.119943,7,0.097893,0,0.0
13,63,receiver_stage/6,3,18.352862,18.456395,0.103533,7,0.084942,0,0.0
13,64,receiver_stage/6,3,18.456495,18.679012,0.222517,7,0.191505,0,0.0
13,65,receiver_stage/6,3,18.679072,18.764234,0.085162,7,0.0272,0,0.0
13,66,receiver_stage/6,3,18.764264,18.892168,0.127904,7,0.104651,0,0.0
13,67,receiver_stage/6,3,18.892238,19.016282,0.124044,7,0.097043,0,0.0
13,68,receiver_stage/6,3,19.016372,19.127875,0.111503,7,0.096781,0,0.0
13,70,receiver_stage/6,3,19.127965,19.264099,0.136134,7,0.109124,0,0.0
13,73,receiver_stage/6,3,19.264209,19.360072,0.095863,7,0.080361,0,0.0
13,75,receiver_stage/6,3,19.413233,20.100663,0.68743,7,0.548336,0,0.0
13,82,receiver_stage/6,3,20.100723,20.226727,0.126004,7,0.099174,0,0.0
13,85,receiver_stage/6,3,20.226847,20.33312,0.106273,7,0.088252,0,0.0
13,88,receiver_stage/6,3,20.33322,20.66867,0.33545,7,0.248358,0,0.0
13,93,receiver_stage/6,3,20.66873,20.957478,0.288748,7,0.262708,0,0.0
13,97,receiver_stage/6,3,20.957528,21.198895,0.241367,7,0.182705,0,0.0
13,98,receiver_stage/6,3,21.199005,21.414331,0.215326,7,0.185044,0,0.0
13,99,receiver_stage/6,3,21.414411,21.639128,0.224717,7,0.201296,0,0.0
13,100,receiver_stage/6,3,21.639208,21.846864,0.207656,7,0.190926,0,0.0
13,102,receiver_stage/6,3,21.846964,22.460162,0.613198,1,0.064292,1,0.542626
13,110,receiver_stage/6,3,22.460192,24.061608,1.601416,6,0.981058,1,0.505415
13,140,receiver_stage/6,3,24.061708,24.80346,0.741752,2,0.088543,1,0.642618
13,150,receiver_stage/6,3,24.80353,24.944284,0.140754,7,0.107163,0,0.0
13,153,receiver_stage/6,3,24.944344,25.579212,0.634868,1,0.062972,1,0.564116
13,1,receiver_stage/1,4,11.149038,12.679183,1.530145,4,0.482235,1,0.551016
13,13,receiver_stage/1,4,12.679393,15.118118,2.438725,7,0.697921,1,1.605891
13,33,receiver_stage/1,4,15.118188,22.364568,7.24638,8,4.591054,5,2.476093
13,107,receiver_stage/1,4,22.364628,22.660616,0.295988,7,0.265237,0,0.0
13,116,receiver_stage/1,4,22.660666,22.907764,0.247098,7,0.214835,0,0.0
13,121,receiver_stage/1,4,22.907844,23.032057,0.124213,7,0.099801,0,0.0
13,126,receiver_stage/1,4,23.032157,23.162891,0.130734,7,0.103503,0,0.0
13,129,receiver_stage/1,4,23.163001,23.282454,0.119453,7,0.102053,0,0.0
13,132,receiver_stage/1,4,23.282565,23.980355,0.69779,2,0.091362,1,0.597188
13,138,receiver_stage/1,4,23.980415,24.803789,0.823374,1,0.069802,1,0.741472
13,151,receiver_stage/1,4,24.803849,24.943413,0.139564,7,0.107473,0,0.0
13,152,receiver_stage/1,4,24.943473,25.059716,0.116243,7,0.097222,0,0.0
13,157,receiver_stage/1,4,25.059806,25.175449,0.115643,7,0.095003,0,0.0
13,7,receiver_stage/7,5,11.275248,11.885825,0.610577,7,0.38516,0,0.0
13,11,receiver_stage/7,5,11.885966,12.40493,0.518964,6,0.441472,0,0.0
13,12,receiver_stage/7,5,12.405021,14.835266,2.430245,7,0.620577,1,1.642876
13,32,receiver_stage/7,5,14.835376,19.80102,4.965644,7,3.655377,3,1.105692
13,80,receiver_stage/7,5,19.80131,20.101958,0.300648,7,0.142505,1,0.116973
13,83,receiver_stage/7,5,20.102058,20.233802,0.131744,7,0.104344,0,0.0
13,86,receiver_stage/7,5,20.233912,20.343285,0.109373,7,0.073161,0,0.0
13,89,receiver_stage/7,5,20.343315,27.250225,6.90691,8,1.845974,7,4.987673
13,4,receiver_stage/4,6,11.208156,12.72672,1.518564,6,1.260095,0,0.0
13,14,receiver_stage/4,6,12.72697,13.94117,1.2142,7,1.024283,0,0.0
13,26,receiver_stage/4,6,13.94121,14.675131,0.733921,7,0.575025,0,0.0
13,31,receiver_stage/4,6,14.675351,15.157295,0.481944,7,0.346118,0,0.0
13,34,receiver_stage/4,6,15.157415,17.07202,1.914605,7,1.615827,1,0.145264
13,46,receiver_stage/4,6,17.07208,17.207084,0.135004,7,0.108743,0,0.0
13,49,receiver_stage/4,6,17.207174,17.329738,0.122564,7,0.099163,0,0.0
13,52,receiver_stage/4,6,17.330178,17.582465,0.252287,7,0.196315,0,0.0
13,54,receiver_stage/4,6,17.582565,20.751077,3.168512,7,1.233644,3,1.818793
13,95,receiver_stage/4,6,20.751147,21.696025,0.944878,7,0.387882,1,0.487134
13,101,receiver_stage/4,6,21.696105,21.919101,0.222996,7,0.198865,0,0.0
13,104,receiver_stage/4,6,21.919191,22.193089,0.273898,7,0.241347,0,0.0
13,106,receiver_stage/4,6,22.193149,22.403325,0.210176,7,0.191895,0,0.0
13,108,receiver_stage/4,6,22.403445,22.598961,0.195516,7,0.077941,0,0.0
13,113,receiver_stage/4,6,22.598991,22.744335,0.145344,7,0.102013,0,0.0
13,118,receiver_stage/4,6,22.744395,23.027843,0.283448,7,0.254007,0,0.0
13,125,receiver_stage/4,6,23.027933,23.661011,0.633078,2,0.085193,1,0.537535
13,136,receiver_stage/4,6,23.661041,24.30369,0.642649,2,0.089242,1,0.543926
13,142,receiver_stage/4,6,24.30376,24.457495,0.153735,7,0.119804,0,0.0
13,145,receiver_stage/4,6,24.457585,25.032041,0.574456,1,0.042561,1,0.523465
13,156,receiver_stage/4,6,25.032111,25.175045,0.142934,7,0.109024,0,0.0
13,159,receiver_stage/4,6,25.175105,25.764432,0.589327,1,0.063191,1,0.514784
13,0,receiver_stage/0,7,11.140268,13.191298,2.05103,4,0.366661,1,0.144414
13,17,receiver_stage/0,7,13.191338,13.656401,0.465063,7,0.032931,0,0.0
13,23,receiver_stage/0,7,13.656491,13.862457,0.205966,7,0.117535,0,0.0
13,25,receiver_stage/0,7,13.862527,14.085294,0.222767,7,0.173834,0,0.0
13,29,receiver_stage/0,7,14.085454,14.265449,0.179995,7,0.057771,0,0.0
13,30,receiver_stage/0,7,14.265599,16.979568,2.713969,8,1.350388,3,1.253587
13,44,receiver_stage/0,7,16.979718,17.116361,0.136643,7,0.109913,0,0.0
13,47,receiver_stage/0,7,17.116461,17.243145,0.126684,7,0.100131,0,0.0
13,50,receiver_stage/0,7,17.243245,17.362279,0.119034,7,0.102124,0,0.0
13,53,receiver_stage/0,7,17.366469,19.101969,1.7355,7,0.394571,1,1.254996
13,69,receiver_stage/0,7,19.102029,19.224233,0.122204,7,0.097314,0,0.0
13,71,receiver_stage/0,7,19.224343,19.352746,0.128403,7,0.104042,0,0.0
13,74,receiver_stage/0,7,19.352856,20.449648,1.096792,6,0.03145,0,0.0
13,91,receiver_stage/0,7,20.449678,20.712036,0.262358,7,0.236227,0,0.0
13,94,receiver_stage/0,7,20.712096,22.504478,1.792382,5,0.025011,0,0.0
13,111,receiver_stage/0,7,22.504518,22.607181,0.102663,6,0.018709,0,0.0
13,114,receiver_stage/0,7,22.607221,22.815687,0.208466,7,0.127724,0,0.0
13,120,receiver_stage/0,7,22.815747,22.965511,0.149764,7,0.118513,0,0.0
13,123,receiver_stage/0,7,22.965601,23.071694,0.106093,7,0.088103,0,0.0
13,128,receiver_stage/0,7,23.071724,23.215038,0.143314,7,0.118123,0,0.0
13,131,receiver_stage/0,7,23.215088,23.883158,0.66807,1,0.073852,1,0.586897
13,137,receiver_stage/0,7,23.883268,24.65998,0.776712,1,0.064702,1,0.70341
13,148,receiver_stage/0,7,24.66003,25.292169,0.632139,2,0.098953,1,0.519786
13,3,receiver_stage/3,8,11.19611,11.730856,0.534746,4,0.220598,0,0.0
13,10,receiver_stage/3,8,11.731226,13.272915,1.541689,6,0.9934,1,0.453738
13,19,receiver_stage/3,8,13.272955,13.476661,0.203706,7,0.147074,0,0.0
13,21,receiver_stage/3,8,13.476751,15.427053,1.950302,7,1.522618,1,0.258408
13,36,receiver_stage/3,8,15.427123,16.02517,0.598047,8,0.295647,1,0.227777
13,38,receiver_stage/3,8,16.02526,19.243453,3.218193,7,2.76933,2,0.260187
13,72,receiver_stage/3,8,19.243523,19.380077,0.136554,7,0.107341,0,0.0
13,76,receiver_stage/3,8,19.380177,19.507421,0.127244,7,0.100231,0,0.0
13,77,receiver_stage/3,8,19.507491,19.620124,0.112633,7,0.090293,0,0.0
13,78,receiver_stage/3,8,19.620204,19.727367,0.107163,7,0.089963,0,0.0
13,79,receiver_stage/3,8,19.727507,19.842781,0.115274,7,0.099773,0,0.0
13,81,receiver_stage/3,8,19.842891,20.143659,0.300768,7,0.141324,1,0.126944
13,84,receiver_stage/3,8,20.14387,20.275223,0.131353,7,0.108262,0,0.0
13,87,receiver_stage/3,8,20.275303,20.385747,0.110444,7,0.047583,0,0.0
13,90,receiver_stage/3,8,20.385807,20.652804,0.266997,7,0.234006,0,0.0
13,92,receiver_stage/3,8,20.652864,20.886831,0.233967,7,0.213626,0,0.0
13,96,receiver_stage/3,8,20.886911,21.858669,0.971758,7,0.378521,1,0.518645
13,103,receiver_stage/3,8,21.858749,22.527689,0.66894,2,0.095031,1,0.562787
13,112,receiver_stage/3,8,22.527749,22.682293,0.154544,7,0.120864,0,0.0
13,117,receiver_stage/3,8,22.682353,22.92762,0.245267,7,0.222567,0,0.0
13,122,receiver_stage/3,8,22.92771,23.061524,0.133814,7,0.107443,0,0.0
13,127,receiver_stage/3,8,23.061624,23.181278,0.119654,7,0.098814,0,0.0
13,130,receiver_stage/3,8,23.181398,23.414764,0.233366,7,0.176923,0,0.0
13,133,receiver_stage/3,8,23.414874,24.054943,0.640069,1,0.062631,1,0.569547
13,139,receiver_stage/3,8,24.055053,24.764163,0.70911,1,0.064462,1,0.634708
13,149,receiver_stage/3,8,24.764223,24.957869,0.193646,7,0.163074,0,0.0
13,154,receiver_stage/3,8,24.957919,25.612628,0.654709,1,0.071572,1,0.576437
13,2,receiver_stage/2,9,11.164814,13.006363,1.841549,4,0.337989,1,0.121364
13,16,receiver_stage/2,9,13.006583,13.457626,0.451043,7,0.307569,0,0.0
13,20,receiver_stage/2,9,13.457706,15.388112,1.930406,7,1.472332,1,0.303089
13,35,receiver_stage/2,9,15.388162,22.177828,6.789666,8,4.957354,6,1.626377
13,105,receiver_stage/2,9,22.177908,22.407125,0.229217,7,0.199975,0,0.0
13,109,receiver_stage/2,9,22.407215,22.659092,0.251877,7,0.135804,0,0.0
13,115,receiver_stage/2,9,22.659162,22.799937,0.140775,7,0.115054,0,0.0
13,119,receiver_stage/2,9,22.799987,23.025673,0.225686,7,0.201215,0,0.0
13,124,receiver_stage/2,9,23.025713,23.654731,0.629018,1,0.062932,1,0.559096
13,135,receiver_stage/2,9,23.654791,24.323691,0.6689,1,0.071432,1,0.586977
13,143,receiver_stage/2,9,24.324101,24.475705,0.151604,7,0.119193,0,0.0
13,146,receiver_stage/2,9,24.475765,25.022861,0.547096,1,0.038761,1,0.503385
13,155,receiver_stage/2,9,25.022981,25.158475,0.135494,7,0.109443,0,0.0
13,158,receiver_stage/2,9,25.158565,25.324164,0.165599,7,0.108964,0,0.0
14,4,receiver_stage/4,2,11.910126,13.908254,1.998128,6,1.620248,0,0.0
14,16,receiver_stage/4,2,13.908304,14.278305,0.370001,7,0.274399,0,0.0
14,20,receiver_stage/4,2,14.278325,16.19485,1.916525,7,1.471985,1,0.258907
14,35,receiver_stage/4,2,16.19515,22.698538,6.503388,8,4.762328,6,1.548873
14,109,receiver_stage/4,2,22.698668,22.959956,0.261288,7,0.230806,0,0.0
14,113,receiver_stage/4,2,22.959986,24.214382,1.254396,7,0.598318,1,0.563886
14,127,receiver_stage/4,2,24.214782,24.448809,0.234027,7,0.121592,0,0.0
14,130,receiver_stage/4,2,24.448839,25.098958,0.650119,1,0.073302,1,0.565196
14,136,receiver_stage/4,2,25.098978,25.741717,0.642739,1,0.075442,1,0.551276
14,146,receiver_stage/4,2,25.741777,25.897571,0.155794,7,0.123124,0,0.0
14,148,receiver_stage/4,2,25.897681,26.094177,0.196496,7,0.114994,0,0.0
14,153,receiver_stage/4,2,26.094237,26.229961,0.135724,7,0.108023,0,0.0
14,156,receiver_stage/4,2,26.230081,26.337904,0.107823,7,0.08574,0,0.0
14,0,receiver_stage/0,3,11.855764,13.930164,2.0744,4,0.371381,1,0.170675
14,17,receiver_stage/0,3,13.930284,14.370317,0.440033,7,0.032191,0,0.0
14,23,receiver_stage/0,3,14.370437,14.637605,0.267168,7,0.156043,0,0.0
14,26,receiver_stage/0,3,14.638015,15.322775,0.68476,7,0.532144,0,0.0
14,31,receiver_stage/0,3,15.322925,20.394507,5.071582,7,3.737864,3,1.103002
14,77,receiver_stage/0,3,20.394987,21.072287,0.6773,7,0.542015,0,0.0
14,84,receiver_stage/0,3,21.072507,21.351735,0.279228,7,0.237908,0,0.0
14,85,receiver_stage/0,3,21.351765,21.556411,0.204646,7,0.182116,0,0.0
14,89,receiver_stage/0,3,21.556511,21.777337,0.220826,7,0.197864,0,0.0
14,94,receiver_stage/0,3,21.777447,22.425806,0.648359,1,0.064292,1,0.576657
14,104,receiver_stage/0,3,22.425866,22.58404,0.158174,7,0.121093,0,0.0
14,106,receiver_stage/0,3,22.58408,22.697904,0.113824,7,0.094733,0,0.0
14,108,receiver_stage/0,3,22.697934,22.936871,0.238937,7,0.212876,0,0.0
14,112,receiver_stage/0,3,22.936971,24.118165,1.181194,7,0.518034,1,0.582916
14,124,receiver_stage/0,3,24.118415,24.902318,0.783903,1,0.085223,1,0.68852
14,135,receiver_stage/0,3,24.902388,25.572437,0.670049,2,0.093483,1,0.563416
14,144,receiver_stage/0,3,25.572597,26.284038,0.711441,3,0.108244,1,0.586577
14,158,receiver_stage/0,3,26.284168,26.995228,0.71106,1,0.081832,1,0.620888
14,6,receiver_stage/6,4,11.941411,12.266891,0.32548,7,0.090942,0,0.0
14,8,receiver_stage/6,4,12.266921,13.373543,1.106622,6,0.904146,0,0.0
14,13,receiver_stage/6,4,13.374633,13.579759,0.205126,7,0.103572,0,0.0
14,14,receiver_stage/6,4,13.579899,15.906106,2.326207,7,0.651919,1,1.515074
14,33,receiver_stage/6,4,15.906226,17.799101,1.892875,7,1.573765,1,0.155205
14,45,receiver_stage/6,4,17.799171,17.952296,0.153125,7,0.120664,0,0.0
14,47,receiver_stage/6,4,17.952326,18.073939,0.121613,7,0.102321,0,0.0
14,49,receiver_stage/6,4,18.073969,18.190633,0.116664,7,0.03119,0,0.0
14,51,receiver_stage/6,4,18.190673,18.726678,0.536005,8,0.330319,1,0.144544
14,59,receiver_stage/6,4,18.726818,18.815691,0.088873,8,0.036591,0,0.0
14,61,receiver_stage/6,4,18.815721,18.944404,0.128683,7,0.104033,0,0.0
14,62,receiver_stage/6,4,18.944425,19.068668,0.124243,7,0.098182,0,0.0
14,63,receiver_stage/6,4,19.068698,19.180501,0.111803,7,0.096493,0,0.0
14,64,receiver_stage/6,4,19.180531,19.280684,0.100153,7,0.084983,0,0.0
14,65,receiver_stage/6,4,19.280704,19.418198,0.137494,7,0.106851,0,0.0
14,66,receiver_stage/6,4,19.418638,19.538822,0.120184,7,0.096854,0,0.0
14,67,receiver_stage/6,4,19.538842,19.652005,0.113163,7,0.092691,0,0.0
14,68,receiver_stage/6,4,19.652025,19.793249,0.141224,7,0.101123,0,0.0
14,69,receiver_stage/6,4,19.793359,19.885622,0.092263,7,0.026691,0,0.0
14,70,receiver_stage/6,4,19.885652,20.024026,0.138374,7,0.101014,0,0.0
14,72,receiver_stage/6,4,20.024336,20.135829,0.111493,7,0.090301,0,0.0
14,74,receiver_stage/6,4,20.135939,20.404837,0.268898,7,0.122243,1,0.104453
14,78,receiver_stage/6,4,20.404867,20.608143,0.203276,7,0.098413,0,0.0
14,80,receiver_stage/6,4,20.608203,20.759887,0.151684,7,0.124434,0,0.0
14,82,receiver_stage/6,4,20.759927,21.371745,0.611818,1,0.072192,1,0.529526
14,86,receiver_stage/6,4,21.372045,21.596501,0.224456,7,0.202195,0,0.0
14,90,receiver_stage/6,4,21.597671,21.88268,0.285009,7,0.258526,0,0.0
14,95,receiver_stage/6,4,21.88273,22.512598,0.629868,2,0.089033,1,0.529555
14,105,receiver_stage/6,4,22.512618,22.635852,0.123234,7,0.102053,0,0.0
14,107,receiver_stage/6,4,22.635942,22.753755,0.117813,7,0.101432,0,0.0
14,110,receiver_stage/6,4,22.753845,23.011642,0.257797,7,0.236526,0,0.0
14,114,receiver_stage/6,4,23.011673,24.852826,1.841153,5,0.03584,0,0.0
14,133,receiver_stage/6,4,24.853026,25.488964,0.635938,2,0.090473,1,0.527715
14,141,receiver_stage/6,4,25.489104,25.625058,0.135954,7,0.112073,0,0.0
14,145,receiver_stage/6,4,25.625138,26.334029,0.708891,2,0.105143,1,0.592697
14,7,receiver_stage/7,5,11.975533,12.652982,0.677449,7,0.412022,0,0.0
14,11,receiver_stage/7,5,12.653162,13.27079,0.617628,6,0.518554,0,0.0
14,12,receiver_stage/7,5,13.270981,14.394313,1.123332,7,0.956957,0,0.0
14,24,receiver_stage/7,5,14.394433,14.64639,0.251957,7,0.185866,0,0.0
14,27,receiver_stage/7,5,14.64652,16.159884,1.513364,7,0.643597,1,0.723751
14,34,receiver_stage/7,5,16.160664,18.715687,2.555023,8,1.253276,3,1.183934
14,58,receiver_stage/7,5,18.715807,21.944071,3.228264,7,1.231957,3,1.894384
14,98,receiver_stage/7,5,21.944211,22.085525,0.141314,7,0.106903,0,0.0
14,99,receiver_stage/7,5,22.085585,22.198568,0.112983,7,0.092172,0,0.0
14,100,receiver_stage/7,5,22.198648,22.314131,0.115483,7,0.098353,0,0.0
14,102,receiver_stage/7,5,22.314241,23.012822,0.698581,1,0.062691,1,0.628799
14,115,receiver_stage/7,5,23.012982,23.378112,0.36513,7,0.268959,0,0.0
14,118,receiver_stage/7,5,23.378562,24.050522,0.67196,1,0.082682,1,0.575827
14,122,receiver_stage/7,5,24.050792,24.213307,0.162515,7,0.119835,0,0.0
14,126,receiver_stage/7,5,24.213427,24.428113,0.214686,7,0.078472,0,0.0
14,129,receiver_stage/7,5,24.428983,24.538366,0.109383,6,0.01836,0,0.0
14,132,receiver_stage/7,5,24.538606,25.153314,0.614708,1,0.070852,1,0.532976
14,137,receiver_stage/7,5,25.154644,25.831873,0.677229,1,0.074972,1,0.592007
14,147,receiver_stage/7,5,25.832003,25.980198,0.148195,7,0.112833,0,0.0
14,149,receiver_stage/7,5,25.980318,26.098981,0.118663,7,0.095652,0,0.0
14,154,receiver_stage/7,5,26.099091,26.219245,0.120154,7,0.092344,0,0.0
14,155,receiver_stage/7,5,26.219345,26.326668,0.107323,7,0.088872,0,0.0
14,159,receiver_stage/7,5,26.326768,26.542334,0.215566,7,0.190726,0,0.0
14,2,receiver_stage/2,6,11.874971,14.141896,2.266925,4,0.34344,1,0.088803
14,19,receiver_stage/2,6,14.142066,14.352842,0.210776,7,0.149745,0,0.0
14,22,receiver_stage/2,6,14.353182,14.60545,0.252268,7,0.157494,0,0.0
14,25,receiver_stage/2,6,14.60594,14.821916,0.215976,7,0.153374,0,0.0
14,29,receiver_stage/2,6,14.822026,15.049833,0.227807,7,0.076262,0,0.0
14,30,receiver_stage/2,6,15.049883,15.547151,0.497268,7,0.381876,0,0.0
14,32,receiver_stage/2,6,15.547331,22.807282,7.259951,8,4.646714,5,2.44949
14,111,receiver_stage/2,6,22.807322,23.07319,0.265868,7,0.238987,0,0.0
14,117,receiver_stage/2,6,23.07325,23.758339,0.685089,1,0.086642,1,0.589967
14,120,receiver_stage/2,6,23.758409,23.922194,0.163785,7,0.122753,0,0.0
14,121,receiver_stage/2,6,23.922264,24.051318,0.129054,7,0.096323,0,0.0
14,123,receiver_stage/2,6,24.051528,24.162651,0.111123,7,0.092283,0,0.0
14,125,receiver_stage/2,6,24.162791,24.882092,0.719301,1,0.059581,1,0.654689
14,134,receiver_stage/2,6,24.882202,25.567862,0.68566,1,0.069262,1,0.605528
14,143,receiver_stage/2,6,25.568072,26.032115,0.464043,7,0.179563,1,0.239107
14,151,receiver_stage/2,6,26.032195,26.609522,0.577327,1,0.059531,1,0.510695
14,1,receiver_stage/1,7,11.870335,13.837841,1.967506,4,0.642427,1,0.524595
14,15,receiver_stage/1,7,13.837881,16.272196,2.434315,7,0.622738,1,1.675823
14,37,receiver_stage/1,7,16.272666,17.253675,0.981009,7,0.67804,1,0.171695
14,40,receiver_stage/1,7,17.253735,17.410759,0.157024,7,0.113252,0,0.0
14,41,receiver_stage/1,7,17.410789,17.565354,0.154565,7,0.125945,0,0.0
14,42,receiver_stage/1,7,17.565404,17.665537,0.100133,7,0.082532,0,0.0
14,43,receiver_stage/1,7,17.665567,17.77881,0.113243,7,0.092912,0,0.0
14,44,receiver_stage/1,7,17.77884,17.903094,0.124254,7,0.098704,0,0.0
14,46,receiver_stage/1,7,17.903114,18.011367,0.108253,7,0.090663,0,0.0
14,48,receiver_stage/1,7,18.011417,18.188142,0.176725,7,0.088182,0,0.0
14,50,receiver_stage/1,7,18.188172,18.308375,0.120203,7,0.075712,0,0.0
14,53,receiver_stage/1,7,18.308405,18.436649,0.128244,7,0.105632,0,0.0
14,55,receiver_stage/1,7,18.436679,18.549352,0.112673,7,0.095833,0,0.0
14,57,receiver_stage/1,7,18.549383,20.254662,1.705279,7,0.396811,1,1.220226
14,75,receiver_stage/1,7,20.265342,20.515359,0.250017,7,0.117954,1,0.097603
14,79,receiver_stage/1,7,20.51539,20.654663,0.139273,7,0.103493,0,0.0
14,81,receiver_stage/1,7,20.654693,20.762276,0.107583,7,0.089061,0,0.0
14,83,receiver_stage/1,7,20.762316,21.404805,0.642489,2,0.089712,1,0.541396
14,88,receiver_stage/1,7,21.404865,21.662903,0.258038,7,0.217027,0,0.0
14,92,receiver_stage/1,7,21.662933,21.771276,0.108343,7,0.072453,0,0.0
14,93,receiver_stage/1,7,21.771296,21.91705,0.145754,7,0.06179,0,0.0
14,96,receiver_stage/1,7,21.91711,22.210458,0.293348,7,0.213963,0,0.0
14,101,receiver_stage/1,7,22.210558,22.334762,0.124204,7,0.094861,0,0.0
14,103,receiver_stage/1,7,22.334872,23.022242,0.68737,2,0.091693,1,0.585627
14,116,receiver_stage/1,7,23.022412,23.732923,0.710511,1,0.110763,1,0.581467
14,119,receiver_stage/1,7,23.733203,24.376751,0.643548,2,0.103533,1,0.523765
14,128,receiver_stage/1,7,24.376911,26.024209,1.647298,6,0.978007,1,0.565207
14,150,receiver_stage/1,7,26.024359,26.268776,0.244417,7,0.181245,0,0.0
14,157,receiver_stage/1,7,26.268866,26.997157,0.728291,1,0.074983,1,0.645518
14,3,receiver_stage/3,8,11.888335,12.463272,0.574937,4,0.241417,0,0.0
14,10,receiver_stage/3,8,12.463852,14.033877,1.570025,6,1.012708,1,0.463603
14,18,receiver_stage/3,8,14.033927,14.352477,0.31855,7,0.255008,0,0.0
14,21,receiver_stage/3,8,14.352597,16.234341,1.881744,7,1.479554,1,0.234297
14,36,receiver_stage/3,8,16.234461,16.773087,0.538626,8,0.243737,1,0.197256
14,38,receiver_stage/3,8,16.773297,19.99646,3.223163,7,2.759529,2,0.276027
14,71,receiver_stage/3,8,19.99653,20.134264,0.137734,7,0.110591,0,0.0
14,73,receiver_stage/3,8,20.134294,20.257878,0.123584,7,0.101813,0,0.0
14,76,receiver_stage/3,8,20.257908,21.38139,1.123482,6,0.03125,0,0.0
14,87,receiver_stage/3,8,21.38143,21.630848,0.249418,7,0.227126,0,0.0
14,91,receiver_stage/3,8,21.630878,21.921666,0.290788,7,0.262628,0,0.0
14,97,receiver_stage/3,8,21.921936,28.933354,7.011418,8,1.867383,7,5.068951
14,5,receiver_stage/5,9,11.925741,12.291992,0.366251,7,0.148152,0,0.0
14,9,receiver_stage/5,9,12.292222,14.654941,2.362719,4,1.457973,1,0.402722
14,28,receiver_stage/5,9,14.655131,16.943667,2.288536,7,1.352248,1,0.771083
14,39,receiver_stage/5,9,16.943937,18.258065,1.314128,7,0.605678,2,0.626558
14,52,receiver_stage/5,9,18.258125,18.405179,0.147054,7,0.116534,0,0.0
14,54,receiver_stage/5,9,18.405209,18.516373,0.111164,7,0.088403,0,0.0
14,56,receiver_stage/5,9,18.516403,18.77024,0.253837,7,0.196626,0,0.0
14,60,receiver_stage/5,9,18.77041,24.474115,5.703705,8,4.642897,3,0.765832
14,131,receiver_stage/5,9,24.474185,25.161365,0.68718,1,0.063392,1,0.616148
14,138,receiver_stage/5,9,25.161775,25.32759,0.165815,7,0.117053,0,0.0
14,139,receiver_stage/5,9,25.32784,25.450564,0.122724,7,0.096293,0,0.0
14,140,receiver_stage/5,9,25.450644,25.565517,0.114873,7,0.091901,0,0.0
14,142,receiver_stage/5,9,25.565737,26.03314,0.467403,7,0.159025,1,0.271708
14,152,receiver_stage/5,9,26.03319,26.615477,0.582287,1,0.059161,1,0.513945
15,3,receiver_stage/3,2,11.250056,11.823443,0.573387,4,0.229355,0,0.0
15,11,receiver_stage/3,2,11.823863,12.43681,0.612947,6,0.509104,0,0.0
15,12,receiver_stage/3,2,12.43711,13.600934,1.163824,7,0.976357,0,0.0
15,24,receiver_stage/3,2,13.600984,13.939084,0.3381,7,0.248607,0,0.0
15,27,receiver_stage/3,2,13.939164,15.407777,1.468613,7,0.64802,1,0.67522
15,37,receiver_stage/3,2,15.407797,15.841699,0.433902,7,0.206484,1,0.128204
15,39,receiver_stage/3,2,15.841749,15.963733,0.121984,7,0.032169,0,0.0
15,40,receiver_stage/3,2,15.963763,16.092416,0.128653,7,0.086541,0,0.0
15,41,receiver_stage/3,2,16.092516,16.272212,0.179696,7,0.089572,0,0.0
15,43,receiver_stage/3,2,16.272452,16.518199,0.245747,7,0.193294,0,0.0
15,45,receiver_stage/3,2,16.518619,18.656001,2.137382,7,0.713883,2,1.337908
15,60,receiver_stage/3,2,18.656241,18.883827,0.227586,7,0.203444,0,0.0
15,63,receiver_stage/3,2,18.887717,19.548417,0.6607,7,0.529655,0,0.0
15,73,receiver_stage/3,2,19.548447,19.67488,0.126433,7,0.099702,0,0.0
15,75,receiver_stage/3,2,19.674991,19.827685,0.152694,7,0.128453,0,0.0
15,78,receiver_stage/3,2,19.827875,20.463243,0.635368,1,0.090393,1,0.534525
15,84,receiver_stage/3,2,20.463353,20.590827,0.127474,7,0.081472,0,0.0
15,87,receiver_stage/3,2,20.590957,21.363399,0.772442,1,0.059542,1,0.70752
15,95,receiver_stage/3,2,21.363449,22.005638,0.642189,2,0.085213,1,0.545996
15,101,receiver_stage/3,2,22.005698,22.160912,0.155214,7,0.126713,0,0.0
15,105,receiver_stage/3,2,22.160983,23.090929,0.929946,7,0.378042,1,0.483694
15,123,receiver_stage/3,2,23.090969,23.673846,0.582877,1,0.063461,1,0.514095
15,129,receiver_stage/3,2,23.674146,23.928514,0.254368,7,0.139324,0,0.0
15,135,receiver_stage/3,2,23.928744,24.169341,0.240597,7,0.208716,0,0.0
15,138,receiver_stage/3,2,24.169541,24.381107,0.211566,7,0.194535,0,0.0
15,140,receiver_stage/3,2,24.381217,24.655825,0.274608,7,0.241407,0,0.0
15,145,receiver_stage/3,2,24.655945,25.251352,0.595407,1,0.060402,1,0.525945
15,149,receiver_stage/3,2,25.251382,25.472448,0.221066,7,0.193206,0,0.0
15,153,receiver_stage/3,2,25.472549,26.163828,0.691279,1,0.063821,1,0.619268
15,4,receiver_stage/4,3,11.260117,12.964746,1.704629,6,1.429871,0,0.0
15,16,receiver_stage/4,3,12.964926,13.43734,0.472414,7,0.309161,0,0.0
15,21,receiver_stage/4,3,13.43751,15.384316,1.946806,7,1.509544,1,0.255007
15,36,receiver_stage/4,3,15.384396,16.309873,0.925477,7,0.676099,1,0.141514
15,44,receiver_stage/4,3,16.310243,17.954751,1.644508,7,0.414224,1,1.133213
15,54,receiver_stage/4,3,17.954801,18.091675,0.136874,7,0.108164,0,0.0
15,55,receiver_stage/4,3,18.091765,18.209478,0.117713,7,0.095181,0,0.0
15,56,receiver_stage/4,3,18.209668,18.325691,0.116023,7,0.100383,0,0.0
15,57,receiver_stage/4,3,18.325791,18.428874,0.103083,7,0.087863,0,0.0
15,58,receiver_stage/4,3,18.428984,18.765974,0.33699,7,0.303167,0,0.0
15,61,receiver_stage/4,3,18.766094,19.006721,0.240627,7,0.218535,0,0.0
15,65,receiver_stage/4,3,19.006831,19.132565,0.125734,7,0.098963,0,0.0
15,67,receiver_stage/4,3,19.132745,19.237438,0.104693,7,0.08668,0,0.0
15,69,receiver_stage/4,3,19.237598,19.463284,0.225686,7,0.199215,0,0.0
15,71,receiver_stage/4,3,19.463424,19.693671,0.230247,7,0.213936,0,0.0
15,76,receiver_stage/4,3,19.693791,20.36376,0.669969,1,0.071442,1,0.583146
15,82,receiver_stage/4,3,20.363791,20.670529,0.306738,7,0.281947,0,0.0
15,89,receiver_stage/4,3,20.670619,21.315958,0.645339,1,0.061821,1,0.577097
15,91,receiver_stage/4,3,21.316188,21.901925,0.585737,1,0.058932,1,0.521725
15,98,receiver_stage/4,3,21.902015,22.035599,0.133584,7,0.104211,0,0.0
15,102,receiver_stage/4,3,22.035659,22.75728,0.721621,3,0.105933,1,0.600178
15,110,receiver_stage/4,3,22.75734,22.892624,0.135284,7,0.106303,0,0.0
15,115,receiver_stage/4,3,22.892684,23.008337,0.115653,7,0.089863,0,0.0
15,118,receiver_stage/4,3,23.008597,23.235324,0.226727,7,0.131655,0,0.0
15,127,receiver_stage/4,3,23.235574,23.877782,0.642208,1,0.062002,1,0.573056
15,131,receiver_stage/4,3,23.878112,23.991346,0.113234,6,0.019201,0,0.0
15,136,receiver_stage/4,3,23.991376,24.261134,0.269758,7,0.238016,0,0.0
15,139,receiver_stage/4,3,24.261234,24.522871,0.261637,7,0.228733,0,0.0
15,142,receiver_stage/4,3,24.523431,24.81883,0.295399,7,0.248946,0,0.0
15,148,receiver_stage/4,3,24.81891,25.53352,0.71461,2,0.068242,1,0.633008
15,155,receiver_stage/4,3,25.533551,26.339814,0.806263,7,0.438442,1,0.311809
15,6,receiver_stage/6,4,11.298612,11.612581,0.313969,7,0.096574,0,0.0
15,9,receiver_stage/6,4,11.612611,14.018797,2.406186,4,1.454751,1,0.451429
15,28,receiver_stage/6,4,14.018987,16.129388,2.110401,7,1.217547,1,0.734021
15,42,receiver_stage/6,4,16.129598,16.706364,0.576766,8,0.335179,1,0.178335
15,46,receiver_stage/6,4,16.706464,16.809637,0.103173,8,0.046061,0,0.0
15,47,receiver_stage/6,4,16.809658,22.258975,5.449317,8,4.4428,3,0.748841
15,106,receiver_stage/6,4,22.259045,22.873763,0.614718,1,0.061921,1,0.543845
15,114,receiver_stage/6,4,22.873883,23.026058,0.152175,7,0.116014,0,0.0
15,120,receiver_stage/6,4,23.026098,23.152411,0.126313,7,0.099383,0,0.0
15,124,receiver_stage/6,4,23.152781,23.902203,0.749422,1,0.077872,1,0.661949
15,134,receiver_stage/6,4,23.902433,24.15674,0.254307,7,0.184515,0,0.0
15,137,receiver_stage/6,4,24.15703,24.429418,0.272388,7,0.248953,0,0.0
15,141,receiver_stage/6,4,24.429528,24.715817,0.286289,7,0.260737,0,0.0
15,146,receiver_stage/6,4,24.715887,25.342185,0.626298,2,0.088003,1,0.526335
15,150,receiver_stage/6,4,25.342205,25.659084,0.316879,7,0.285859,0,0.0
15,157,receiver_stage/6,4,25.659144,26.291912,0.632768,1,0.083733,1,0.538335
15,7,receiver_stage/7,5,11.317938,11.636438,0.3185,7,0.191737,0,0.0
15,10,receiver_stage/7,5,11.636578,13.188678,1.5521,6,1.051784,1,0.405571
15,18,receiver_stage/7,5,13.188798,13.521547,0.332749,7,0.257947,0,0.0
15,23,receiver_stage/7,5,13.521587,13.814321,0.292734,7,0.182312,0,0.0
15,26,receiver_stage/7,5,13.814361,14.556602,0.742241,7,0.568446,0,0.0
15,31,receiver_stage/7,5,14.556842,19.530266,4.973424,7,3.646365,3,1.135743
15,72,receiver_stage/7,5,19.530346,19.850816,0.32047,7,0.165265,0,0.0
15,79,receiver_stage/7,5,19.851116,20.518505,0.667389,2,0.096003,1,0.559126
15,86,receiver_stage/7,5,20.519805,21.337139,0.817334,1,0.075003,1,0.729191
15,93,receiver_stage/7,5,21.337199,28.389437,7.052238,8,2.014584,7,4.964003
15,2,receiver_stage/2,6,11.232311,13.070904,1.838593,4,0.344099,1,0.091753
15,17,receiver_stage/2,6,13.071204,13.520597,0.449393,7,0.033882,0,0.0
15,22,receiver_stage/2,6,13.520657,13.808075,0.287418,7,0.171275,0,0.0
15,25,receiver_stage/2,6,13.808135,14.058073,0.249938,7,0.185306,0,0.0
15,29,receiver_stage/2,6,14.058283,14.238358,0.180075,7,0.058911,0,0.0
15,30,receiver_stage/2,6,14.238418,14.65283,0.414412,7,0.319508,0,0.0
15,32,receiver_stage/2,6,14.65299,22.002333,7.349343,8,4.685856,5,2.503172
15,100,receiver_stage/2,6,22.002443,22.136677,0.134234,7,0.106094,0,0.0
15,104,receiver_stage/2,6,22.136767,23.063004,0.926237,7,0.373431,1,0.483454
15,122,receiver_stage/2,6,23.063104,23.655651,0.592547,1,0.063882,1,0.520615
15,128,receiver_stage/2,6,23.655691,23.880567,0.224876,7,0.102293,0,0.0
15,132,receiver_stage/2,6,23.880627,24.64431,0.763683,2,0.115903,1,0.632379
15,144,receiver_stage/2,6,24.64463,25.543016,0.898386,2,0.086472,1,0.799994
15,156,receiver_stage/2,6,25.543206,26.298257,0.755051,3,0.176993,1,0.553596
15,1,receiver_stage/1,7,11.220565,12.872663,1.652098,4,0.490734,1,0.68104
15,14,receiver_stage/1,7,12.872753,15.368485,2.495732,7,0.683741,1,1.670838
15,34,receiver_stage/1,7,15.368725,21.73131,6.362585,8,4.684196,6,1.496722
15,97,receiver_stage/1,7,21.73138,22.41043,0.67905,2,0.092062,1,0.574807
15,108,receiver_stage/1,7,22.41047,22.689908,0.279438,7,0.210056,0,0.0
15,109,receiver_stage/1,7,22.689958,22.833532,0.143574,7,0.112374,0,0.0
15,112,receiver_stage/1,7,22.833722,22.950335,0.116613,7,0.097032,0,0.0
15,117,receiver_stage/1,7,22.950445,24.740297,1.789852,5,0.024541,0,0.0
15,147,receiver_stage/1,7,24.740347,25.449608,0.709261,1,0.058211,1,0.635919
15,152,receiver_stage/1,7,25.449648,25.757207,0.307559,7,0.272218,0,0.0
15,159,receiver_stage/1,7,25.757267,26.029665,0.272398,7,0.244106,0,0.0
15,0,receiver_stage/0,8,11.206,13.224518,2.018518,4,0.35856,1,0.153565
15,19,receiver_stage/0,8,13.224578,13.432524,0.207946,7,0.149684,0,0.0
15,20,receiver_stage/0,8,13.432774,15.35336,1.920586,7,1.508614,1,0.259408
15,33,receiver_stage/0,8,15.35342,17.276946,1.923526,7,1.618776,1,0.141044
15,48,receiver_stage/0,8,17.277006,17.360018,0.083012,7,0.02707,0,0.0
15,49,receiver_stage/0,8,17.360039,17.496772,0.136733,7,0.106412,0,0.0
15,50,receiver_stage/0,8,17.496842,17.606375,0.109533,7,0.090282,0,0.0
15,51,receiver_stage/0,8,17.606465,17.717339,0.110874,7,0.088962,0,0.0
15,52,receiver_stage/0,8,17.717439,17.832342,0.114903,7,0.099121,0,0.0
15,53,receiver_stage/0,8,17.832432,18.641665,0.809233,8,0.468763,1,0.270828
15,59,receiver_stage/0,8,18.641686,18.860672,0.218986,7,0.195554,0,0.0
15,62,receiver_stage/0,8,18.860952,20.011085,1.150133,6,0.036851,0,0.0
15,80,receiver_stage/0,8,20.011145,20.271983,0.260838,7,0.224236,0,0.0
15,81,receiver_stage/0,8,20.272113,20.51023,0.238117,7,0.212856,0,0.0
15,85,receiver_stage/0,8,20.51043,20.626753,0.116323,7,0.047412,0,0.0
15,88,receiver_stage/0,8,20.626823,21.329923,0.7031,1,0.069251,1,0.622038
15,92,receiver_stage/0,8,21.329983,21.635502,0.305519,7,0.219696,0,0.0
15,96,receiver_stage/0,8,21.635532,22.281741,0.646209,1,0.062862,1,0.575967
15,107,receiver_stage/0,8,22.281831,22.855958,0.574127,1,0.058942,1,0.509815
15,113,receiver_stage/0,8,22.856148,23.024453,0.168305,7,0.136974,0,0.0
15,119,receiver_stage/0,8,23.024613,23.164787,0.140174,7,0.105583,0,0.0
15,125,receiver_stage/0,8,23.165067,23.898778,0.733711,1,0.090752,1,0.637289
15,133,receiver_stage/0,8,23.899128,24.600258,0.70113,1,0.079122,1,0.613418
15,143,receiver_stage/0,8,24.600478,25.521555,0.921077,1,0.067151,1,0.843485
15,154,receiver_stage/0,8,25.521595,26.206005,0.68441,1,0.085273,1,0.590497
15,5,receiver_stage/5,9,11.280153,11.603832,0.323679,7,0.138973,0,0.0
15,8,receiver_stage/5,9,11.604243,12.707394,1.103151,6,0.917466,0,0.0
15,13,receiver_stage/5,9,12.707684,12.92,0.212316,7,0.106914,0,0.0
15,15,receiver_stage/5,9,12.92016,15.380916,2.460756,7,0.648529,1,1.648287
15,35,receiver_stage/5,9,15.381006,15.728556,0.34755,8,0.146273,1,0.133164
15,38,receiver_stage/5,9,15.728986,18.925569,3.196583,7,2.740941,2,0.272769
15,64,receiver_stage/5,9,18.925639,19.080493,0.154854,7,0.108973,0,0.0
15,66,receiver_stage/5,9,19.080663,19.202377,0.121714,7,0.101143,0,0.0
15,68,receiver_stage/5,9,19.202597,19.434224,0.231627,7,0.200827,0,0.0
15,70,receiver_stage/5,9,19.434364,19.66813,0.233766,7,0.213846,0,0.0
15,74,receiver_stage/5,9,19.6682,19.791994,0.123794,7,0.098354,0,0.0
15,77,receiver_stage/5,9,19.792104,20.444353,0.652249,1,0.062022,1,0.585087
15,83,receiver_stage/5,9,20.444493,20.743772,0.299279,7,0.269646,0,0.0
15,90,receiver_stage/5,9,20.743972,21.362029,0.618057,1,0.074902,1,0.532015
15,94,receiver_stage/5,9,21.362139,21.952427,0.590288,1,0.062341,1,0.520786
15,99,receiver_stage/5,9,21.952527,22.08324,0.130713,7,0.103162,0,0.0
15,103,receiver_stage/5,9,22.083341,22.781621,0.69828,2,0.087761,1,0.599748
15,111,receiver_stage/5,9,22.781681,22.922395,0.140714,7,0.108673,0,0.0
15,116,receiver_stage/5,9,22.922445,23.048998,0.126553,7,0.101123,0,0.0
15,121,receiver_stage/5,9,23.049168,23.167702,0.118534,7,0.094141,0,0.0
15,126,receiver_stage/5,9,23.167862,23.813421,0.645559,1,0.063222,1,0.567117
15,130,receiver_stage/5,9,23.813651,25.430787,1.617136,6,0.993138,1,0.522095
15,151,receiver_stage/5,9,25.430847,25.746357,0.31551,7,0.285529,0,0.0
15,158,receiver_stage/5,9,25.746407,25.996904,0.250497,7,0.223344,0,0.0
16,7,receiver_stage/7,2,11.393995,12.028828,0.634833,7,0.364202,0,0.0
16,11,receiver_stage/7,2,12.029188,12.526973,0.497785,6,0.380611,0,0.0
16,12,receiver_stage/7,2,12.527313,13.696077,1.168764,7,0.982539,0,0.0
16,23,receiver_stage/7,2,13.696177,13.927463,0.231286,7,0.131013,0,0.0
16,27,receiver_stage/7,2,13.927973,15.371685,1.443712,7,0.637128,1,0.66687
16,35,receiver_stage/7,2,15.371845,15.703885,0.33204,8,0.119444,1,0.128564
16,37,receiver_stage/7,2,15.704195,16.142988,0.438793,7,0.191146,1,0.185995
16,40,receiver_stage/7,2,16.143158,16.284242,0.141084,7,0.088613,0,0.0
16,42,receiver_stage/7,2,16.284402,16.763126,0.478724,8,0.2901,1,0.138874
16,46,receiver_stage/7,2,16.763186,16.854068,0.090882,8,0.03689,0,0.0
16,47,receiver_stage/7,2,16.854098,22.264435,5.410337,8,4.400777,3,0.749101
16,112,receiver_stage/7,2,22.264505,22.390229,0.125724,7,0.095494,0,0.0
16,116,receiver_stage/7,2,22.390339,23.312075,0.921736,7,0.372539,1,0.482504
16,126,receiver_stage/7,2,23.312105,23.537802,0.225697,7,0.203205,0,0.0
16,129,receiver_stage/7,2,23.537922,23.873002,0.33508,7,0.30615,0,0.0
16,135,receiver_stage/7,2,23.873602,24.891211,1.017609,1,0.068582,1,0.868495
16,147,receiver_stage/7,2,24.891371,25.175099,0.283728,7,0.249256,0,0.0
16,152,receiver_stage/7,2,25.17531,26.191799,1.016489,1,0.064232,1,0.943057
16,4,receiver_stage/4,3,11.308293,12.831637,1.523344,6,1.249685,0,0.0
16,15,receiver_stage/4,3,12.831797,15.705365,2.873568,7,0.71531,1,2.019223
16,38,receiver_stage/4,3,15.705775,18.999091,3.293316,7,2.764371,2,0.314839
16,67,receiver_stage/4,3,18.999201,19.146505,0.147304,7,0.111144,0,0.0
16,69,receiver_stage/4,3,19.146685,19.268168,0.121483,7,0.102832,0,0.0
16,72,receiver_stage/4,3,19.268249,19.951948,0.683699,1,0.061531,1,0.616758
16,81,receiver_stage/4,3,19.952018,20.590127,0.638109,1,0.070192,1,0.552726
16,86,receiver_stage/4,3,20.590177,20.837674,0.247497,7,0.219707,0,0.0
16,89,receiver_stage/4,3,20.837794,21.519294,0.6815,1,0.086553,1,0.583617
16,98,receiver_stage/4,3,21.519364,22.177943,0.658579,1,0.062662,1,0.588037
16,110,receiver_stage/4,3,22.177983,22.317897,0.139914,7,0.101824,0,0.0
16,115,receiver_stage/4,3,22.318077,23.308006,0.989929,7,0.380592,1,0.525155
16,125,receiver_stage/4,3,23.308166,23.629465,0.321299,7,0.278177,0,0.0
16,131,receiver_stage/4,3,23.629615,24.291384,0.661769,1,0.064452,1,0.584927
16,137,receiver_stage/4,3,24.291644,24.518351,0.226707,7,0.099114,0,0.0
16,142,receiver_stage/4,3,24.522411,25.159949,0.637538,2,0.096393,1,0.528125
16,151,receiver_stage/4,3,25.159979,25.423907,0.263928,7,0.238617,0,0.0
16,156,receiver_stage/4,3,25.424037,25.772087,0.34805,7,0.30615,0,0.0
16,159,receiver_stage/4,3,25.772137,26.036915,0.264778,7,0.238258,0,0.0
16,0,receiver_stage/0,4,11.24496,13.265138,2.020178,4,0.368121,1,0.147444
16,18,receiver_stage/0,4,13.275949,13.627219,0.35127,7,0.279488,0,0.0
16,22,receiver_stage/0,4,13.627319,13.891546,0.264227,7,0.158194,0,0.0
16,25,receiver_stage/0,4,13.891637,14.095852,0.204215,7,0.153502,0,0.0
16,29,receiver_stage/0,4,14.095942,14.272118,0.176176,7,0.058192,0,0.0
16,30,receiver_stage/0,4,14.272138,14.679099,0.406961,7,0.31459,0,0.0
16,32,receiver_stage/0,4,14.679299,21.910059,7.23076,8,4.579273,5,2.493333
16,103,receiver_stage/0,4,21.910119,22.054373,0.144254,7,0.109373,0,0.0
16,106,receiver_stage/0,4,22.054453,22.173967,0.119514,7,0.097222,0,0.0
16,109,receiver_stage/0,4,22.174057,22.30396,0.129903,7,0.105803,0,0.0
16,114,receiver_stage/0,4,22.30407,23.024741,0.720671,1,0.075402,1,0.638688
16,121,receiver_stage/0,4,23.024781,23.289739,0.264958,7,0.193825,0,0.0
16,124,receiver_stage/0,4,23.289779,23.573847,0.284068,7,0.249397,0,0.0
16,130,receiver_stage/0,4,23.574077,23.795284,0.221207,7,0.200607,0,0.0
16,134,receiver_stage/0,4,23.795364,24.402441,0.607077,1,0.066072,1,0.532635
16,140,receiver_stage/0,4,24.402542,24.512774,0.110232,6,0.01954,0,0.0
16,141,receiver_stage/0,4,24.512795,25.129352,0.616557,1,0.064882,1,0.541965
16,149,receiver_stage/0,4,25.129452,25.436881,0.307429,7,0.232147,0,0.0
16,157,receiver_stage/0,4,25.436941,25.709459,0.272518,7,0.229346,0,0.0
16,158,receiver_stage/0,4,25.709519,25.965847,0.256328,7,0.227598,0,0.0
16,5,receiver_stage/5,5,11.325508,11.640937,0.315429,7,0.137313,0,0.0
16,9,receiver_stage/5,5,11.641037,13.920784,2.279747,4,1.3826,1,0.435743
16,26,receiver_stage/5,5,13.920904,14.614294,0.69339,7,0.540396,0,0.0
16,31,receiver_stage/5,5,14.614374,19.543386,4.929012,7,3.642855,3,1.078052
16,78,receiver_stage/5,5,19.543436,20.316109,0.772673,1,0.066532,1,0.69559
16,83,receiver_stage/5,5,20.316139,20.587947,0.271808,7,0.222368,0,0.0
16,85,receiver_stage/5,5,20.588507,20.863295,0.274788,7,0.248736,0,0.0
16,90,receiver_stage/5,5,20.863415,21.547315,0.6839,2,0.099473,1,0.571607
16,99,receiver_stage/5,5,21.547345,21.662838,0.115493,7,0.075782,0,0.0
16,100,receiver_stage/5,5,21.662928,21.769361,0.106433,7,0.045461,0,0.0
16,101,receiver_stage/5,5,21.769431,22.491182,0.721751,1,0.073512,1,0.641159
16,118,receiver_stage/5,5,22.491242,23.187712,0.69647,2,0.092333,1,0.591527
16,123,receiver_stage/5,5,23.187782,23.47715,0.289368,7,0.245118,0,0.0
16,128,receiver_stage/5,5,23.47719,23.740358,0.263168,7,0.232736,0,0.0
16,133,receiver_stage/5,5,23.740448,24.399007,0.658559,3,0.110364,1,0.529945
16,139,receiver_stage/5,5,24.399477,26.056855,1.657378,6,0.977567,1,0.577847
16,1,receiver_stage/1,6,11.261376,12.816821,1.555445,4,0.508926,1,0.574396
16,14,receiver_stage/1,6,12.816841,15.18361,2.366769,7,0.67765,1,1.522894
16,33,receiver_stage/1,6,15.18374,17.102296,1.918556,7,1.600999,1,0.155055
16,48,receiver_stage/1,6,17.102366,17.26599,0.163624,7,0.121782,0,0.0
16,49,receiver_stage/1,6,17.26608,17.384614,0.118534,7,0.095864,0,0.0
16,50,receiver_stage/1,6,17.384994,17.494407,0.109413,7,0.09009,0,0.0
16,51,receiver_stage/1,6,17.494527,17.61084,0.116313,7,0.098853,0,0.0
16,52,receiver_stage/1,6,17.61094,17.684063,0.073123,7,0.026291,0,0.0
16,53,receiver_stage/1,6,17.684093,17.810196,0.126103,7,0.097342,0,0.0
16,54,receiver_stage/1,6,17.810276,17.92624,0.115964,7,0.093233,0,0.0
16,56,receiver_stage/1,6,17.92635,18.028682,0.102332,7,0.087112,0,0.0
16,57,receiver_stage/1,6,18.028782,18.154906,0.126124,7,0.09842,0,0.0
16,59,receiver_stage/1,6,18.155016,18.27445,0.119434,7,0.098694,0,0.0
16,61,receiver_stage/1,6,18.27453,18.878577,0.604047,1,0.064752,1,0.531845
16,65,receiver_stage/1,6,18.878607,19.165345,0.286738,7,0.261278,0,0.0
16,70,receiver_stage/1,6,19.165655,19.299079,0.133424,7,0.109623,0,0.0
16,73,receiver_stage/1,6,19.299259,19.436183,0.136924,7,0.102531,0,0.0
16,76,receiver_stage/1,6,19.436373,19.553877,0.117504,7,0.099454,0,0.0
16,79,receiver_stage/1,6,19.553997,20.69547,1.141473,6,0.031321,0,0.0
16,87,receiver_stage/1,6,20.6955,21.464752,0.769252,3,0.110784,1,0.636158
16,96,receiver_stage/1,6,21.464822,22.048019,0.583197,1,0.065082,1,0.510045
16,105,receiver_stage/1,6,22.048139,22.182963,0.134824,7,0.104212,0,0.0
16,111,receiver_stage/1,6,22.182993,22.303096,0.120103,7,0.096063,0,0.0
16,113,receiver_stage/1,6,22.303197,23.044098,0.740901,2,0.099093,1,0.630308
16,122,receiver_stage/1,6,23.044168,24.878521,1.834353,5,0.02707,0,0.0
16,146,receiver_stage/1,6,24.878551,25.158309,0.279758,7,0.245207,0,0.0
16,150,receiver_stage/1,6,25.158389,25.396026,0.237637,7,0.209266,0,0.0
16,154,receiver_stage/1,6,25.396186,26.173099,0.776913,1,0.049521,1,0.719311
16,3,receiver_stage/3,7,11.287122,11.839868,0.552746,4,0.227768,0,0.0
16,10,receiver_stage/3,7,11.840158,13.386893,1.546735,6,1.002447,1,0.445513
16,19,receiver_stage/3,7,13.387003,13.597909,0.210906,7,0.146644,0,0.0
16,21,receiver_stage/3,7,13.598299,15.515515,1.917216,7,1.493834,1,0.252408
16,36,receiver_stage/3,7,15.515655,16.445091,0.929436,7,0.666729,1,0.151554
16,44,receiver_stage/3,7,16.445112,17.903294,1.458182,7,0.34081,1,1.03582
16,55,receiver_stage/3,7,17.903354,18.11151,0.208156,7,0.130765,0,0.0
16,58,receiver_stage/3,7,18.11157,18.234583,0.123013,7,0.097802,0,0.0
16,60,receiver_stage/3,7,18.234683,18.339576,0.104893,7,0.086562,0,0.0
16,62,receiver_stage/3,7,18.339676,18.975705,0.636029,2,0.091942,1,0.534526
16,66,receiver_stage/3,7,18.975795,19.300334,0.324539,7,0.291658,0,0.0
16,74,receiver_stage/3,7,19.300394,19.431988,0.131594,7,0.101712,0,0.0
16,75,receiver_stage/3,7,19.432088,19.541621,0.109533,7,0.090662,0,0.0
16,77,receiver_stage/3,7,19.541731,20.305943,0.764212,1,0.067652,1,0.685329
16,82,receiver_stage/3,7,20.305973,20.917311,0.611338,2,0.083971,1,0.516575
16,91,receiver_stage/3,7,20.917481,21.082366,0.164885,7,0.126752,0,0.0
16,92,receiver_stage/3,7,21.082526,21.22206,0.139534,7,0.113033,0,0.0
16,93,receiver_stage/3,7,21.22248,21.334283,0.111803,7,0.091143,0,0.0
16,94,receiver_stage/3,7,21.334383,21.450927,0.116544,7,0.100414,0,0.0
16,95,receiver_stage/3,7,21.451017,22.041114,0.590097,1,0.061732,1,0.521385
16,104,receiver_stage/3,7,22.041144,22.159337,0.118193,7,0.096773,0,0.0
16,108,receiver_stage/3,7,22.159437,29.114558,6.955121,8,1.902485,7,4.978235
16,6,receiver_stage/6,8,11.344729,11.628227,0.283498,7,0.088102,0,0.0
16,8,receiver_stage/6,8,11.628277,12.730529,1.102252,6,0.919786,0,0.0
16,13,receiver_stage/6,8,12.730879,12.940155,0.209276,7,0.105653,0,0.0
16,16,receiver_stage/6,8,12.940675,13.408554,0.467879,7,0.328533,0,0.0
16,20,receiver_stage/6,8,13.408724,15.356085,1.947361,7,1.509948,1,0.245927
16,34,receiver_stage/6,8,15.356265,21.819188,6.462923,8,4.727971,6,1.560406
16,102,receiver_stage/6,8,21.819288,22.558449,0.739161,1,0.075722,1,0.654929
16,119,receiver_stage/6,8,22.558499,23.435734,0.877235,1,0.069322,1,0.796493
16,127,receiver_stage/6,8,23.436174,23.672521,0.236347,7,0.199795,0,0.0
16,132,receiver_stage/6,8,23.672601,24.345321,0.67272,1,0.058682,1,0.608468
16,138,receiver_stage/6,8,24.345411,24.610858,0.265447,7,0.133734,0,0.0
16,143,receiver_stage/6,8,24.610958,24.851235,0.240277,7,0.179745,0,0.0
16,144,receiver_stage/6,8,24.851385,25.079612,0.228227,7,0.194544,0,0.0
16,148,receiver_stage/6,8,25.079962,25.402161,0.322199,7,0.291169,0,0.0
16,155,receiver_stage/6,8,25.402221,26.190164,0.787943,2,0.081322,1,0.69607
16,2,receiver_stage/2,9,11.270677,13.248734,1.978057,4,0.34101,1,0.120534
16,17,receiver_stage/2,9,13.248774,13.729928,0.481154,7,0.033471,0,0.0
16,24,receiver_stage/2,9,13.730348,13.988625,0.258277,7,0.193526,0,0.0
16,28,receiver_stage/2,9,13.988715,16.073356,2.084641,7,1.223255,1,0.71061
16,39,receiver_stage/2,9,16.073396,16.235891,0.162495,7,0.033741,0,0.0
16,41,receiver_stage/2,9,16.235931,16.412156,0.176225,7,0.090553,0,0.0
16,43,receiver_stage/2,9,16.412296,16.664183,0.251887,7,0.197754,0,0.0
16,45,receiver_stage/2,9,16.664453,18.567588,1.903135,7,0.635779,2,1.182224
16,63,receiver_stage/2,9,18.567648,18.800705,0.233057,7,0.201364,0,0.0
16,64,receiver_stage/2,9,18.800815,19.034802,0.233987,7,0.211486,0,0.0
16,68,receiver_stage/2,9,19.034872,19.182666,0.147794,7,0.117773,0,0.0
16,71,receiver_stage/2,9,19.182766,19.846925,0.664159,1,0.069101,1,0.578807
16,80,receiver_stage/2,9,19.846985,20.516765,0.66978,7,0.537896,0,0.0
16,84,receiver_stage/2,9,20.516865,20.760112,0.243247,7,0.217255,0,0.0
16,88,receiver_stage/2,9,20.760562,21.473042,0.71248,2,0.088193,1,0.610637
16,97,receiver_stage/2,9,21.473102,22.110091,0.636989,1,0.066442,1,0.560186
16,107,receiver_stage/2,9,22.110211,22.41209,0.301879,7,0.213114,0,0.0
16,117,receiver_stage/2,9,22.41212,23.009997,0.597877,1,0.059642,1,0.531965
16,120,receiver_stage/2,9,23.010097,23.951254,0.941157,2,0.117324,1,0.807973
16,136,receiver_stage/2,9,23.951314,24.863411,0.912097,1,0.058832,1,0.847655
16,145,receiver_stage/2,9,24.863581,25.18648,0.322899,7,0.284218,0,0.0
16,153,receiver_stage/2,9,25.18657,26.154698,0.968128,1,0.060422,1,0.901076
17,7,receiver_stage/7,2,12.892299,13.482546,0.590247,7,0.372059,0,0.0
17,11,receiver_stage/7,2,13.482686,14.209567,0.726881,6,0.61972,0,0.0
17,13,receiver_stage/7,2,14.209617,15.35631,1.146693,7,0.981659,0,0.0
17,26,receiver_stage/7,2,15.35639,16.023349,0.666959,7,0.518475,0,0.0
17,31,receiver_stage/7,2,16.023469,20.997504,4.974035,7,3.647515,3,1.109332
17,78,receiver_stage/7,2,20.997574,21.688534,0.69096,1,0.076212,1,0.593658
17,84,receiver_stage/7,2,21.688614,21.833358,0.144744,7,0.111354,0,0.0
17,87,receiver_stage/7,2,21.833878,22.144547,0.310669,7,0.282027,0,0.0
17,91,receiver_stage/7,2,22.144607,23.463869,1.319262,1,0.103573,1,1.207209
17,97,receiver_stage/7,2,23.464619,23.695996,0.231377,7,0.184576,0,0.0
17,100,receiver_stage/7,2,23.696116,23.976604,0.280488,7,0.226988,0,0.0
17,103,receiver_stage/7,2,23.976694,24.209561,0.232867,7,0.196575,0,0.0
17,107,receiver_stage/7,2,24.209921,25.848088,1.638167,2,0.161115,1,1.461582
17,122,receiver_stage/7,2,25.848298,26.372043,0.523745,7,0.483744,0,0.0
17,130,receiver_stage/7,2,26.372373,26.788465,0.416092,7,0.37413,0,0.0
17,134,receiver_stage/7,2,26.788545,27.28861,0.500065,7,0.448922,0,0.0
17,142,receiver_stage/7,2,27.28865,28.691991,1.403341,1,0.112594,1,1.274757
17,153,receiver_stage/7,2,28.692101,29.792853,1.100752,1,0.115943,1,0.970189
17,5,receiver_stage/5,3,12.867064,13.249915,0.382851,7,0.180306,0,0.0
17,9,receiver_stage/5,3,13.249935,15.54082,2.290885,4,1.389109,1,0.450622
17,28,receiver_stage/5,3,15.54086,17.678522,2.137662,7,1.266796,1,0.714681
17,41,receiver_stage/5,3,17.678842,17.94517,0.266328,7,0.197465,0,0.0
17,46,receiver_stage/5,3,17.94525,18.041823,0.096573,8,0.03695,0,0.0
17,48,receiver_stage/5,3,18.041853,18.173917,0.132064,7,0.100854,0,0.0
17,50,receiver_stage/5,3,18.174037,18.29281,0.118773,7,0.101562,0,0.0
17,53,receiver_stage/5,3,18.29307,19.883176,1.590106,7,0.476604,2,1.038329
17,68,receiver_stage/5,3,19.883226,20.121883,0.238657,7,0.213965,0,0.0
17,71,receiver_stage/5,3,20.121913,20.37169,0.249777,7,0.226026,0,0.0
17,75,receiver_stage/5,3,20.37176,21.027099,0.655339,2,0.102993,1,0.538635
17,79,receiver_stage/5,3,21.027179,21.914315,0.887136,2,0.135884,1,0.737631
17,89,receiver_stage/5,3,21.914785,22.242595,0.32781,7,0.29481,0,0.0
17,93,receiver_stage/5,3,22.242665,24.342915,2.10025,7,0.829044,0,0.0
17,108,receiver_stage/5,3,24.343025,24.531341,0.188316,7,0.118333,0,0.0
17,110,receiver_stage/5,3,24.531491,32.819621,8.28813,8,2.324529,7,5.864159
17,3,receiver_stage/3,4,12.818852,14.247113,1.428261,6,1.173613,0,0.0
17,14,receiver_stage/3,4,14.247293,16.575835,2.328542,7,0.635163,1,1.564425
17,33,receiver_stage/3,4,16.575905,18.410288,1.834383,7,1.552855,1,0.135184
17,54,receiver_stage/3,4,18.410338,18.601404,0.191066,7,0.147345,0,0.0
17,55,receiver_stage/3,4,18.601454,18.724847,0.123393,7,0.099722,0,0.0
17,56,receiver_stage/3,4,18.725057,18.844891,0.119834,7,0.099943,0,0.0
17,57,receiver_stage/3,4,18.845321,18.967354,0.122033,7,0.103201,0,0.0
17,58,receiver_stage/3,4,18.967404,19.114599,0.147195,7,0.116704,0,0.0
17,59,receiver_stage/3,4,19.114629,19.233462,0.118833,7,0.096752,0,0.0
17,60,receiver_stage/3,4,19.233562,19.338905,0.105343,7,0.089213,0,0.0
17,61,receiver_stage/3,4,19.339015,19.452068,0.113053,7,0.098213,0,0.0
17,62,receiver_stage/3,4,19.452128,19.579272,0.127144,7,0.101532,0,0.0
17,64,receiver_stage/3,4,19.579382,19.688705,0.109323,7,0.093283,0,0.0
17,66,receiver_stage/3,4,19.688795,19.920532,0.231737,7,0.206836,0,0.0
17,69,receiver_stage/3,4,19.920632,20.180019,0.259387,7,0.241906,0,0.0
17,72,receiver_stage/3,4,20.180059,20.458958,0.278899,7,0.253947,0,0.0
17,76,receiver_stage/3,4,20.459008,21.334563,0.875555,3,0.162345,1,0.6859
17,81,receiver_stage/3,4,21.334643,22.192018,0.857375,1,0.084943,1,0.763162
17,92,receiver_stage/3,4,22.192138,24.083803,1.891665,6,0.051783,0,0.0
17,106,receiver_stage/3,4,24.083973,25.34231,1.258337,1,0.100143,1,1.139594
17,117,receiver_stage/3,4,25.34235,25.644279,0.301929,7,0.256179,0,0.0
17,118,receiver_stage/3,4,25.644389,25.883866,0.239477,7,0.208116,0,0.0
17,124,receiver_stage/3,4,25.884106,26.927941,1.043835,7,0.396842,1,0.539821
17,136,receiver_stage/3,4,26.928181,27.205619,0.277438,7,0.236827,0,0.0
17,140,receiver_stage/3,4,27.205919,28.853947,1.648028,6,0.99265,1,0.542135
17,156,receiver_stage/3,4,28.854137,29.511566,0.657429,1,0.067712,1,0.574377
17,6,receiver_stage/6,5,12.870618,13.224488,0.35387,7,0.127594,0,0.0
17,8,receiver_stage/6,5,13.224538,14.256728,1.03219,6,0.855925,0,0.0
17,15,receiver_stage/6,5,14.256878,16.666128,2.40925,7,0.671078,1,1.615887
17,34,receiver_stage/6,5,16.666168,23.609759,6.943591,8,4.969656,6,1.805901
17,98,receiver_stage/6,5,23.609889,23.813935,0.204046,7,0.155376,0,0.0
17,101,receiver_stage/6,5,23.814095,23.99167,0.177575,7,0.131523,0,0.0
17,104,receiver_stage/6,5,23.99223,24.950618,0.958388,1,0.101603,1,0.847325
17,115,receiver_stage/6,5,24.950768,25.69901,0.748242,1,0.103393,1,0.633119
17,120,receiver_stage/6,5,25.69908,25.960017,0.260937,7,0.215556,0,0.0
17,125,receiver_stage/6,5,25.960488,26.963036,1.002548,7,0.38947,1,0.520745
17,137,receiver_stage/6,5,26.963286,28.776009,1.812723,5,0.02523,0,0.0
17,155,receiver_stage/6,5,28.776069,29.475289,0.69922,1,0.073122,1,0.613698
17,159,receiver_stage/6,5,29.475339,29.756127,0.280788,7,0.226937,0,0.0
17,0,receiver_stage/0,6,12.76202,14.697476,1.935456,4,0.34056,1,0.142284
17,18,receiver_stage/0,6,14.697516,15.024295,0.326779,7,0.263977,0,0.0
17,22,receiver_stage/0,6,15.024345,15.289273,0.264928,7,0.162914,0,0.0
17,24,receiver_stage/0,6,15.289313,15.51964,0.230327,7,0.181083,0,0.0
17,27,receiver_stage/0,6,15.51972,17.048424,1.528704,7,0.653537,1,0.745721
17,37,receiver_stage/0,6,17.048484,17.166577,0.118093,7,0.0321,0,0.0
17,38,receiver_stage/0,6,17.166608,17.291821,0.125213,7,0.079402,0,0.0
17,39,receiver_stage/0,6,17.291931,17.464256,0.172325,7,0.086933,0,0.0
17,40,receiver_stage/0,6,17.464526,17.805576,0.34105,8,0.163484,1,0.120393
17,43,receiver_stage/0,6,17.805656,17.9335,0.127844,7,0.098954,0,0.0
17,45,receiver_stage/0,6,17.93374,18.054653,0.120913,7,0.10093,0,0.0
17,49,receiver_stage/0,6,18.054693,18.182837,0.128144,7,0.098113,0,0.0
17,51,receiver_stage/0,6,18.183267,18.2862,0.102933,7,0.087132,0,0.0
17,52,receiver_stage/0,6,18.28636,19.559367,1.273007,7,0.268057,1,0.922367
17,63,receiver_stage/0,6,19.559437,19.6865,0.127063,7,0.103253,0,0.0
17,65,receiver_stage/0,6,19.68661,19.806884,0.120274,7,0.102291,0,0.0
17,67,receiver_stage/0,6,19.806964,20.040111,0.233147,7,0.205977,0,0.0
17,70,receiver_stage/0,6,20.040211,20.324019,0.283808,7,0.248018,0,0.0
17,74,receiver_stage/0,6,20.324079,21.06219,0.738111,1,0.065222,1,0.664589
17,80,receiver_stage/0,6,21.06229,21.74767,0.68538,1,0.087062,1,0.582717
17,86,receiver_stage/0,6,21.74786,22.08733,0.33947,7,0.294489,0,0.0
17,90,receiver_stage/0,6,22.08741,23.380148,1.292738,1,0.122464,1,1.154964
17,95,receiver_stage/0,6,23.380388,24.688476,1.308088,1,0.136774,1,1.157943
17,113,receiver_stage/0,6,24.688556,25.20322,0.514664,7,0.393812,0,0.0
17,116,receiver_stage/0,6,25.20327,25.680824,0.477554,7,0.431621,0,0.0
17,119,receiver_stage/0,6,25.681074,26.093726,0.412652,7,0.37681,0,0.0
17,127,receiver_stage/0,6,26.093786,27.778295,1.684509,1,0.108773,1,1.566555
17,146,receiver_stage/0,6,27.778365,28.27834,0.499975,7,0.454424,0,0.0
17,152,receiver_stage/0,6,28.27868,29.895727,1.617047,1,0.116593,1,1.489853
17,1,receiver_stage/1,7,12.778365,14.201416,1.423051,4,0.450353,1,0.520125
17,12,receiver_stage/1,7,14.201736,14.422392,0.220656,7,0.107792,0,0.0
17,16,receiver_stage/1,7,14.422502,14.862305,0.439803,7,0.329908,0,0.0
17,19,receiver_stage/1,7,14.862585,15.090772,0.228187,7,0.163094,0,0.0
17,23,receiver_stage/1,7,15.090852,15.339319,0.248467,7,0.151665,0,0.0
17,25,receiver_stage/1,7,15.339459,15.544755,0.205296,7,0.155422,0,0.0
17,29,receiver_stage/1,7,15.544835,15.72387,0.179035,7,0.05716,0,0.0
17,30,receiver_stage/1,7,15.72394,16.155163,0.431223,7,0.318969,0,0.0
17,32,receiver_stage/1,7,16.155223,24.657439,8.502216,8,4.971113,5,3.366167
17,112,receiver_stage/1,7,24.657549,26.030579,1.37303,1,0.091052,1,1.271267
17,126,receiver_stage/1,7,26.030789,27.491072,1.460283,1,0.096763,1,1.348839
17,145,receiver_stage/1,7,27.491192,27.839652,0.34846,7,0.304338,0,0.0
17,148,receiver_stage/1,7,27.839722,28.183432,0.34371,7,0.265988,0,0.0
17,150,receiver_stage/1,7,28.183492,29.113509,0.930017,1,0.089183,1,0.833754
17,157,receiver_stage/1,7,29.113769,30.112038,0.998269,1,0.104443,1,0.878336
17,2,receiver_stage/2,8,12.789776,14.444064,1.654288,4,0.311049,1,0.081852
17,17,receiver_stage/2,8,14.444134,14.945338,0.501204,7,0.067942,0,0.0
17,21,receiver_stage/2,8,14.945428,16.933616,1.988188,7,1.505733,1,0.300659
17,36,receiver_stage/2,8,16.933686,20.267802,3.334116,7,2.861344,2,0.278619
17,73,receiver_stage/2,8,20.267892,20.649764,0.381872,7,0.353107,0,0.0
17,77,receiver_stage/2,8,20.649824,21.405035,0.755211,2,0.095223,1,0.647638
17,82,receiver_stage/2,8,21.406605,21.56201,0.155405,7,0.115893,0,0.0
17,83,receiver_stage/2,8,21.56204,21.724145,0.162105,7,0.130943,0,0.0
17,85,receiver_stage/2,8,21.724195,21.870919,0.146724,7,0.121073,0,0.0
17,88,receiver_stage/2,8,21.870979,22.276721,0.405742,7,0.368719,0,0.0
17,94,receiver_stage/2,8,22.276791,23.430184,1.153393,2,0.152494,1,0.981188
17,96,receiver_stage/2,8,23.430544,23.685742,0.255198,7,0.199996,0,0.0
17,99,receiver_stage/2,8,23.685952,23.858057,0.172105,7,0.141195,0,0.0
17,102,receiver_stage/2,8,23.858087,24.008671,0.150584,7,0.122194,0,0.0
17,105,receiver_stage/2,8,24.009001,24.712661,0.70366,2,0.138304,1,0.550376
17,114,receiver_stage/2,8,24.712721,25.808573,1.095852,3,0.211294,1,0.847954
17,121,receiver_stage/2,8,25.809143,26.221965,0.412822,7,0.36394,0,0.0
17,129,receiver_stage/2,8,26.222015,26.609226,0.387211,7,0.344799,0,0.0
17,132,receiver_stage/2,8,26.609416,26.984997,0.375581,7,0.34068,0,0.0
17,138,receiver_stage/2,8,26.985037,27.252575,0.267538,7,0.115023,0,0.0
17,141,receiver_stage/2,8,27.252815,27.384179,0.131364,6,0.027242,0,0.0
17,144,receiver_stage/2,8,27.384219,27.815981,0.431762,7,0.384551,0,0.0
17,147,receiver_stage/2,8,27.816061,28.222053,0.405992,7,0.355821,0,0.0
17,151,receiver_stage/2,8,28.222103,29.648564,1.426461,1,0.095203,1,1.317568
17,4,receiver_stage/4,9,12.833997,13.414584,0.580587,4,0.262427,0,0.0
17,10,receiver_stage/4,9,13.414614,14.901027,1.486413,6,0.957007,1,0.446773
17,20,receiver_stage/4,9,14.901147,16.796312,1.895165,7,1.457312,1,0.285469
17,35,receiver_stage/4,9,16.796402,17.697348,0.900946,7,0.66161,1,0.139104
17,42,receiver_stage/4,9,17.697598,17.844452,0.146854,7,0.108233,0,0.0
17,44,receiver_stage/4,9,17.844642,17.957205,0.112563,7,0.091123,0,0.0
17,47,receiver_stage/4,9,17.957445,24.468114,6.510669,8,5.325352,3,0.871806
17,109,receiver_stage/4,9,24.468194,24.590808,0.122614,7,0.050083,0,0.0
17,111,receiver_stage/4,9,24.590918,25.854724,1.263806,1,0.065172,1,1.189534
17,123,receiver_stage/4,9,25.854774,26.111232,0.256458,7,0.223867,0,0.0
17,128,receiver_stage/4,9,26.111642,26.39739,0.285748,7,0.204326,0,0.0
17,131,receiver_stage/4,9,26.39752,26.667338,0.269818,7,0.229685,0,0.0
17,133,receiver_stage/4,9,26.667598,26.908315,0.240717,7,0.194937,0,0.0
17,135,receiver_stage/4,9,26.908455,27.128071,0.219616,7,0.196396,0,0.0
17,139,receiver_stage/4,9,27.128471,27.355988,0.227517,7,0.116774,0,0.0
17,143,receiver_stage/4,9,27.356208,28.149121,0.792913,1,0.062142,1,0.725321
17,149,receiver_stage/4,9,28.149191,28.774459,0.625268,1,0.076612,1,0.538276
17,154,receiver_stage/4,9,28.774529,29.406347,0.631818,2,0.096172,1,0.522375
17,158,receiver_stage/4,9,29.406527,30.034536,0.628009,1,0.060551,1,0.561967
18,5,receiver_stage/5,2,13.952554,14.266723,0.314169,7,0.138974,0,0.0
18,8,receiver_stage/5,2,14.266763,15.302553,1.03579,6,0.854635,0,0.0
18,15,receiver_stage/5,2,15.302633,17.852043,2.54941,7,0.653585,1,1.773041
18,34,receiver_stage/5,2,17.852303,23.333502,5.481199,8,4.081559,6,1.242287
18,104,receiver_stage/5,2,23.333572,24.254688,0.921116,1,0.061542,1,0.849804
18,111,receiver_stage/5,2,24.254748,24.838375,0.583627,1,0.069082,1,0.503924
18,118,receiver_stage/5,2,24.838565,25.496204,0.657639,1,0.062642,1,0.586117
18,125,receiver_stage/5,2,25.496264,25.782873,0.286609,7,0.257488,0,0.0
18,130,receiver_stage/5,2,25.782963,25.895296,0.112333,6,0.01938,0,0.0
18,135,receiver_stage/5,2,25.895326,26.631447,0.736121,1,0.062992,1,0.664119
18,140,receiver_stage/5,2,26.631837,26.853664,0.221827,7,0.191266,0,0.0
18,142,receiver_stage/5,2,26.853734,27.07215,0.218416,7,0.200465,0,0.0
18,145,receiver_stage/5,2,27.07224,27.828112,0.755872,7,0.377641,1,0.327889
18,152,receiver_stage/5,2,27.828162,28.554943,0.726781,1,0.060852,1,0.658119
18,159,receiver_stage/5,2,28.554973,29.218152,0.663179,1,0.072383,1,0.538715
18,6,receiver_stage/6,3,13.957666,14.427649,0.469983,7,0.155832,0,0.0
18,10,receiver_stage/6,3,14.427789,15.917202,1.489413,6,0.997849,1,0.394592
18,20,receiver_stage/6,3,15.917352,16.20052,0.283168,7,0.173744,0,0.0
18,25,receiver_stage/6,3,16.20055,18.152196,1.951646,7,1.510814,1,0.261968
18,37,receiver_stage/6,3,18.152266,18.27221,0.119944,7,0.03129,0,0.0
18,38,receiver_stage/6,3,18.27223,18.398644,0.126414,7,0.079743,0,0.0
18,39,receiver_stage/6,3,18.398674,18.574729,0.176055,7,0.088752,0,0.0
18,41,receiver_stage/6,3,18.575119,18.699732,0.124613,7,0.100092,0,0.0
18,43,receiver_stage/6,3,18.699832,18.820656,0.120824,7,0.101772,0,0.0
18,46,receiver_stage/6,3,18.820766,18.945409,0.124643,7,0.098443,0,0.0
18,48,receiver_stage/6,3,18.945449,19.047572,0.102123,7,0.086731,0,0.0
18,51,receiver_stage/6,3,19.047672,19.162966,0.115294,7,0.096753,0,0.0
18,52,receiver_stage/6,3,19.162996,19.272979,0.109983,7,0.092153,0,0.0
18,54,receiver_stage/6,3,19.273009,19.904177,0.631168,1,0.065032,1,0.557796
18,57,receiver_stage/6,3,19.904247,20.572357,0.66811,2,0.098443,1,0.557387
18,63,receiver_stage/6,3,20.572537,21.122493,0.549956,1,0.046251,1,0.498675
18,70,receiver_stage/6,3,21.122703,21.401641,0.278938,7,0.254326,0,0.0
18,75,receiver_stage/6,3,21.401681,21.569586,0.167905,7,0.137545,0,0.0
18,79,receiver_stage/6,3,21.569856,21.698919,0.129063,7,0.091391,0,0.0
18,80,receiver_stage/6,3,21.699189,21.805622,0.106433,7,0.089083,0,0.0
18,82,receiver_stage/6,3,21.805662,22.934785,1.129123,6,0.031641,0,0.0
18,98,receiver_stage/6,3,22.934815,23.166052,0.231237,7,0.208656,0,0.0
18,102,receiver_stage/6,3,23.166162,23.954915,0.788753,1,0.062742,1,0.718901
18,105,receiver_stage/6,3,23.954985,24.82275,0.867765,1,0.064352,1,0.795363
18,117,receiver_stage/6,3,24.82287,26.624352,1.801482,5,0.029441,0,0.0
18,138,receiver_stage/6,3,26.624752,27.305482,0.68073,2,0.090403,1,0.578877
18,148,receiver_stage/6,3,27.305512,28.174197,0.868685,3,0.104623,1,0.749262
18,156,receiver_stage/6,3,28.174307,28.947449,0.773142,1,0.066242,1,0.69638
18,4,receiver_stage/3,4,13.927253,14.420778,0.493525,4,0.197155,0,0.0
18,9,receiver_stage/3,4,14.420808,16.866824,2.446016,4,1.53825,1,0.462563
18,29,receiver_stage/3,4,16.866934,17.062939,0.196005,7,0.063021,0,0.0
18,31,receiver_stage/3,4,17.063069,21.956721,4.893652,7,3.609406,3,1.068431
18,84,receiver_stage/3,4,21.956791,22.224229,0.267438,7,0.227344,0,0.0
18,87,receiver_stage/3,4,22.224689,22.432405,0.207716,7,0.190435,0,0.0
18,90,receiver_stage/3,4,22.432435,22.698243,0.265808,7,0.239598,0,0.0
18,94,receiver_stage/3,4,22.698393,29.582792,6.884399,8,1.860313,7,4.949195
18,2,receiver_stage/2,5,13.889737,15.454603,1.564866,4,0.31688,1,0.082382
18,17,receiver_stage/2,5,15.454673,15.925727,0.471054,7,0.032301,0,0.0
18,21,receiver_stage/2,5,15.926117,16.196964,0.270847,7,0.155893,0,0.0
18,24,receiver_stage/2,5,16.203505,18.083699,1.880194,7,1.41997,1,0.305599
18,36,receiver_stage/2,5,18.083769,21.22945,3.145681,7,2.697516,2,0.266709
18,71,receiver_stage/2,5,21.22957,21.55974,0.33017,7,0.302188,0,0.0
18,78,receiver_stage/2,5,21.55982,21.708114,0.148294,7,0.107772,0,0.0
18,81,receiver_stage/2,5,21.708144,21.814397,0.106253,7,0.086093,0,0.0
18,83,receiver_stage/2,5,21.814507,22.469106,0.654599,7,0.525746,0,0.0
18,91,receiver_stage/2,5,22.469176,22.691393,0.222217,7,0.202386,0,0.0
18,93,receiver_stage/2,5,22.691483,22.802206,0.110723,7,0.047022,0,0.0
18,97,receiver_stage/2,5,22.802276,23.015212,0.212936,7,0.188955,0,0.0
18,100,receiver_stage/2,5,23.015312,23.97976,0.964448,7,0.373951,1,0.518225
18,106,receiver_stage/2,5,23.97981,24.231737,0.251927,7,0.221827,0,0.0
18,109,receiver_stage/2,5,24.231797,24.488285,0.256488,7,0.235957,0,0.0
18,114,receiver_stage/2,5,24.488335,25.113173,0.624838,2,0.084013,1,0.531385
18,121,receiver_stage/2,5,25.113203,25.820713,0.70751,3,0.118614,1,0.571486
18,131,receiver_stage/2,5,25.820783,26.613696,0.792913,1,0.076252,1,0.70624
18,137,receiver_stage/2,5,26.613857,27.273726,0.659869,1,0.058461,1,0.594558
18,146,receiver_stage/2,5,27.273886,27.930105,0.656219,2,0.095223,1,0.546206
18,154,receiver_stage/2,5,27.930215,28.722638,0.792423,1,0.092043,1,0.6891
18,0,receiver_stage/0,6,13.851957,15.840149,1.988192,4,0.34808,1,0.151875
18,19,receiver_stage/0,6,15.840189,16.068046,0.227857,7,0.167616,0,0.0
18,22,receiver_stage/0,6,16.068096,16.343604,0.275508,7,0.207467,0,0.0
18,27,receiver_stage/0,6,16.343844,17.959421,1.615577,7,0.67775,1,0.780093
18,35,receiver_stage/0,6,17.959551,18.767564,0.808013,7,0.595326,1,0.131044
18,44,receiver_stage/0,6,18.767904,19.019651,0.251747,7,0.197525,0,0.0
18,49,receiver_stage/0,6,19.019971,24.325985,5.306014,8,4.312965,3,0.740882
18,113,receiver_stage/0,6,24.326025,24.961964,0.635939,1,0.065292,1,0.561597
18,120,receiver_stage/0,6,24.962204,25.581752,0.619548,1,0.076252,1,0.532756
18,126,receiver_stage/0,6,25.581852,25.86092,0.279068,7,0.209585,0,0.0
18,133,receiver_stage/0,6,25.86126,26.628632,0.767372,1,0.069432,1,0.68752
18,139,receiver_stage/0,6,26.628692,26.9047,0.276008,7,0.247098,0,0.0
18,144,receiver_stage/0,6,26.90479,27.737684,0.832894,1,0.074582,1,0.748472
18,150,receiver_stage/0,6,27.737764,28.413984,0.67622,1,0.077212,1,0.578577
18,157,receiver_stage/0,6,28.414044,29.169546,0.755502,1,0.058812,1,0.6889
18,1,receiver_stage/1,7,13.872557,15.321529,1.448972,4,0.464353,1,0.525835
18,16,receiver_stage/1,7,15.321909,15.746891,0.424982,7,0.310378,0,0.0
18,18,receiver_stage/1,7,15.746941,16.115142,0.368201,7,0.299027,0,0.0
18,23,receiver_stage/1,7,16.115252,16.351549,0.236297,7,0.175056,0,0.0
18,28,receiver_stage/1,7,16.352009,18.529412,2.177403,7,1.253887,1,0.763592
18,40,receiver_stage/1,7,18.529482,18.685047,0.155565,7,0.118784,0,0.0
18,42,receiver_stage/1,7,18.685197,18.79556,0.110363,7,0.089921,0,0.0
18,45,receiver_stage/1,7,18.79559,18.915903,0.120313,7,0.094433,0,0.0
18,47,receiver_stage/1,7,18.916013,19.038647,0.122634,7,0.104983,0,0.0
18,50,receiver_stage/1,7,19.038677,19.1655,0.126823,7,0.102091,0,0.0
18,53,receiver_stage/1,7,19.16561,19.282804,0.117194,7,0.100332,0,0.0
18,55,receiver_stage/1,7,19.282834,19.922122,0.639288,2,0.102553,1,0.526725
18,58,receiver_stage/1,7,19.922192,20.17488,0.252688,7,0.217975,0,0.0
18,60,receiver_stage/1,7,20.17495,20.411187,0.236237,7,0.213215,0,0.0
18,62,receiver_stage/1,7,20.411287,20.975803,0.564516,1,0.049431,1,0.504365
18,67,receiver_stage/1,7,20.975953,21.114747,0.138794,7,0.116523,0,0.0
18,69,receiver_stage/1,7,21.115117,21.354264,0.239147,7,0.217575,0,0.0
18,73,receiver_stage/1,7,21.354564,21.533639,0.179075,7,0.128742,0,0.0
18,76,receiver_stage/1,7,21.533729,22.130976,0.597247,1,0.060392,1,0.526995
18,85,receiver_stage/1,7,22.130997,22.402384,0.271387,7,0.240974,0,0.0
18,88,receiver_stage/1,7,22.402514,22.615351,0.212837,7,0.189175,0,0.0
18,92,receiver_stage/1,7,22.615441,22.722574,0.107133,7,0.071082,0,0.0
18,95,receiver_stage/1,7,22.722644,23.014052,0.291408,7,0.212877,0,0.0
18,99,receiver_stage/1,7,23.014142,23.263939,0.249797,7,0.228967,0,0.0
18,103,receiver_stage/1,7,23.263969,24.031512,0.767543,1,0.059092,1,0.703471
18,108,receiver_stage/1,7,24.031582,24.289649,0.258067,7,0.226925,0,0.0
18,112,receiver_stage/1,7,24.289679,24.864496,0.574817,1,0.060012,1,0.510025
18,119,receiver_stage/1,7,24.864816,25.641198,0.776382,1,0.114373,1,0.656419
18,128,receiver_stage/1,7,25.641368,25.886725,0.245357,7,0.127002,0,0.0
18,134,receiver_stage/1,7,25.886906,26.570805,0.683899,1,0.060951,1,0.617998
18,136,receiver_stage/1,7,26.570905,27.319987,0.749082,2,0.088333,1,0.650169
18,149,receiver_stage/1,7,27.320087,28.12872,0.808633,1,0.073212,1,0.728721
18,155,receiver_stage/1,7,28.12888,28.882252,0.753372,1,0.083092,1,0.661509
18,7,receiver_stage/7,8,13.986146,14.491861,0.505715,7,0.352199,0,0.0
18,11,receiver_stage/7,8,14.491881,14.908143,0.416262,6,0.34056,0,0.0
18,12,receiver_stage/7,8,14.908213,15.116639,0.208426,7,0.106662,0,0.0
18,13,receiver_stage/7,8,15.116689,16.330699,1.21401,7,1.041114,0,0.0
18,26,receiver_stage/7,8,16.330899,17.039349,0.70845,7,0.539075,0,0.0
18,30,receiver_stage/7,8,17.039379,17.509103,0.469724,7,0.326948,0,0.0
18,32,receiver_stage/7,8,17.509243,24.698481,7.189238,8,4.565342,5,2.467482
18,116,receiver_stage/7,8,24.698551,25.34122,0.642669,1,0.062312,1,0.572767
18,123,receiver_stage/7,8,25.34133,25.645229,0.303899,7,0.272878,0,0.0
18,129,receiver_stage/7,8,25.645289,27.286826,1.641537,6,1.017359,1,0.522415
18,147,receiver_stage/7,8,27.286896,27.912974,0.626078,1,0.064351,1,0.554316
18,153,receiver_stage/7,8,27.913044,28.684287,0.771243,1,0.069712,1,0.69309
18,3,receiver_stage/4,9,13.920899,15.176706,1.255807,6,1.04405,0,0.0
18,14,receiver_stage/4,9,15.176836,17.623931,2.447095,7,0.695704,1,1.620657
18,33,receiver_stage/4,9,17.624051,19.480875,1.856824,7,1.564445,1,0.141384
18,56,receiver_stage/4,9,19.480965,20.140834,0.659869,1,0.073322,1,0.575037
18,59,receiver_stage/4,9,20.141134,20.379431,0.238297,7,0.210157,0,0.0
18,61,receiver_stage/4,9,20.379731,20.613338,0.233607,7,0.215676,0,0.0
18,64,receiver_stage/4,9,20.613418,20.753122,0.139704,7,0.101823,0,0.0
18,65,receiver_stage/4,9,20.753332,20.869755,0.116423,7,0.09448,0,0.0
18,66,receiver_stage/4,9,20.869835,20.983108,0.113273,7,0.090523,0,0.0
18,68,receiver_stage/4,9,20.983219,21.231586,0.248367,7,0.211825,0,0.0
18,72,receiver_stage/4,9,21.231696,21.37075,0.139054,7,0.104762,0,0.0
18,74,receiver_stage/4,9,21.37109,21.543805,0.172715,7,0.138894,0,0.0
18,77,receiver_stage/4,9,21.543865,22.170553,0.626688,2,0.088292,1,0.529196
18,86,receiver_stage/4,9,22.170963,22.41394,0.242977,7,0.219716,0,0.0
18,89,receiver_stage/4,9,22.41403,22.801631,0.387601,7,0.279277,0,0.0
18,96,receiver_stage/4,9,22.801671,23.042088,0.240417,7,0.212967,0,0.0
18,101,receiver_stage/4,9,23.042328,24.017456,0.975128,7,0.396721,1,0.505595
18,107,receiver_stage/4,9,24.017506,24.243123,0.225617,7,0.200746,0,0.0
18,110,receiver_stage/4,9,24.243203,24.49231,0.249107,7,0.182706,0,0.0
18,115,receiver_stage/4,9,24.49241,25.131639,0.639229,1,0.061912,1,0.569857
18,122,receiver_stage/4,9,25.131659,25.379446,0.247787,7,0.214525,0,0.0
18,124,receiver_stage/4,9,25.379476,25.640633,0.261157,7,0.237425,0,0.0
18,127,receiver_stage/4,9,25.640683,25.848149,0.207466,7,0.081083,0,0.0
18,132,receiver_stage/4,9,25.848249,26.648973,0.800724,1,0.062211,1,0.733182
18,141,receiver_stage/4,9,26.649003,26.89342,0.244417,7,0.221965,0,0.0
18,143,receiver_stage/4,9,26.89348,27.790476,0.896996,1,0.076152,1,0.814604
18,151,receiver_stage/4,9,27.790666,28.424734,0.634068,1,0.064112,1,0.561836
18,158,receiver_stage/4,9,28.425074,29.040812,0.615738,1,0.061782,1,0.545646
19,1,receiver_stage/1,2,10.585562,12.483257,1.897695,4,0.702722,1,0.557496
19,17,receiver_stage/1,2,12.483657,12.970281,0.486624,7,0.034241,0,0.0
19,22,receiver_stage/1,2,12.970711,13.233979,0.263268,7,0.191394,0,0.0
19,26,receiver_stage/1,2,13.234169,13.920609,0.68644,7,0.527636,0,0.0
19,29,receiver_stage/1,2,13.920729,14.099004,0.178275,7,0.058492,0,0.0
19,30,receiver_stage/1,2,14.099064,14.556317,0.457253,7,0.356161,0,0.0
19,32,receiver_stage/1,2,14.556367,21.871839,7.315472,8,4.692896,5,2.452452
19,124,receiver_stage/1,2,21.871939,22.57482,0.702881,1,0.073172,1,0.620968
19,132,receiver_stage/1,2,22.57488,23.408694,0.833814,1,0.080162,1,0.745052
19,144,receiver_stage/1,2,23.408974,23.523027,0.114053,6,0.020091,0,0.0
19,147,receiver_stage/1,2,23.523067,24.157046,0.633979,1,0.066151,1,0.558677
19,150,receiver_stage/1,2,24.157166,24.957059,0.799893,1,0.059572,1,0.734691
19,156,receiver_stage/1,2,24.957109,25.217326,0.260217,7,0.223435,0,0.0
19,7,receiver_stage/7,3,10.679601,11.315929,0.636328,7,0.412973,0,0.0
19,10,receiver_stage/7,3,11.316039,12.964767,1.648728,6,1.021889,1,0.524195
19,21,receiver_stage/7,3,12.964977,13.237375,0.272398,7,0.175524,0,0.0
19,27,receiver_stage/7,3,13.237585,15.040372,1.802787,7,0.93867,1,0.709341
19,35,receiver_stage/7,3,15.040422,15.700361,0.659939,7,0.454174,1,0.126303
19,44,receiver_stage/7,3,15.700631,15.832074,0.131443,7,0.103063,0,0.0
19,46,receiver_stage/7,3,15.832184,15.999119,0.166935,7,0.143194,0,0.0
19,50,receiver_stage/7,3,15.999449,16.124523,0.125074,7,0.099283,0,0.0
19,51,receiver_stage/7,3,16.261287,16.407431,0.146144,7,0.115483,0,0.0
19,55,receiver_stage/7,3,16.407491,16.539815,0.132324,7,0.101874,0,0.0
19,57,receiver_stage/7,3,16.539945,16.651758,0.111813,7,0.093842,0,0.0
19,59,receiver_stage/7,3,16.651788,16.778382,0.126594,7,0.101024,0,0.0
19,62,receiver_stage/7,3,16.778422,17.010799,0.232377,7,0.201246,0,0.0
19,65,receiver_stage/7,3,17.010899,17.244675,0.233776,7,0.215315,0,0.0
19,68,receiver_stage/7,3,17.244785,17.497123,0.252338,7,0.231537,0,0.0
19,73,receiver_stage/7,3,17.497243,17.619986,0.122743,7,0.101222,0,0.0
19,76,receiver_stage/7,3,17.620096,17.73374,0.113644,7,0.093403,0,0.0
19,79,receiver_stage/7,3,17.73385,18.035518,0.301668,7,0.275476,0,0.0
19,83,receiver_stage/7,3,18.035568,18.306636,0.271068,7,0.241877,0,0.0
19,86,receiver_stage/7,3,18.306706,19.439789,1.133083,6,0.03448,0,0.0
19,99,receiver_stage/7,3,19.439849,19.677086,0.237237,7,0.208065,0,0.0
19,102,receiver_stage/7,3,19.677166,26.577341,6.900175,8,1.868925,7,4.957148
19,6,receiver_stage/6,4,10.661408,11.197974,0.536566,7,0.174977,0,0.0
19,8,receiver_stage/6,4,11.198044,12.474287,1.276243,6,1.044317,0,0.0
19,16,receiver_stage/6,4,12.474487,12.91371,0.439223,7,0.331048,0,0.0
19,19,receiver_stage/6,4,12.91419,13.154297,0.240107,7,0.177403,0,0.0
19,23,receiver_stage/6,4,13.154857,13.392104,0.237247,7,0.175985,0,0.0
19,28,receiver_stage/6,4,13.392184,15.564906,2.172722,7,1.260245,1,0.751601
19,41,receiver_stage/6,4,15.565046,15.68438,0.119334,7,0.03161,0,0.0
19,43,receiver_stage/6,4,15.68442,15.864195,0.179775,7,0.093372,0,0.0
19,48,receiver_stage/6,4,15.864315,16.167004,0.302689,7,0.239967,0,0.0
19,53,receiver_stage/6,4,16.167074,21.450057,5.282983,8,4.278715,3,0.772002
19,118,receiver_stage/6,4,21.450177,22.109706,0.659529,1,0.062682,1,0.589017
19,129,receiver_stage/6,4,22.109776,22.883019,0.773243,1,0.071022,1,0.69286
19,136,receiver_stage/6,4,22.883139,23.136246,0.253107,7,0.227595,0,0.0
19,140,receiver_stage/6,4,23.136416,23.440575,0.304159,7,0.182135,0,0.0
19,145,receiver_stage/6,4,23.440685,24.353511,0.912826,3,0.120934,1,0.774492
19,152,receiver_stage/6,4,24.353671,24.963079,0.609408,1,0.070122,1,0.527945
19,157,receiver_stage/6,4,24.963329,25.230987,0.267658,7,0.240667,0,0.0
19,4,receiver_stage/4,5,10.630783,11.430466,0.799683,4,0.423672,0,0.0
19,11,receiver_stage/4,5,11.430906,11.834698,0.403792,6,0.332679,0,0.0
19,12,receiver_stage/4,5,11.835068,12.059455,0.224387,7,0.108932,0,0.0
19,13,receiver_stage/4,5,12.059725,13.206468,1.146743,7,0.981637,0,0.0
19,25,receiver_stage/4,5,13.206798,15.103593,1.896795,7,1.426233,1,0.293249
19,37,receiver_stage/4,5,15.103803,15.247307,0.143504,7,0.107012,0,0.0
19,38,receiver_stage/4,5,15.247417,15.35782,0.110403,7,0.090853,0,0.0
19,39,receiver_stage/4,5,15.35792,15.473574,0.115654,7,0.089894,0,0.0
19,40,receiver_stage/4,5,15.473994,15.588457,0.114463,7,0.098952,0,0.0
19,42,receiver_stage/4,5,15.588597,15.714671,0.126074,7,0.076743,0,0.0
19,45,receiver_stage/4,5,15.714941,15.840214,0.125273,7,0.098941,0,0.0
19,47,receiver_stage/4,5,15.840354,15.957658,0.117304,7,0.097982,0,0.0
19,49,receiver_stage/4,5,15.957908,16.124882,0.166974,7,0.135373,0,0.0
19,52,receiver_stage/4,5,16.124942,16.248506,0.123564,7,0.103451,0,0.0
19,54,receiver_stage/4,5,16.248976,16.414151,0.165175,7,0.130114,0,0.0
19,56,receiver_stage/4,5,16.414251,16.546165,0.131914,7,0.103973,0,0.0
19,58,receiver_stage/4,5,16.546425,16.677529,0.131104,7,0.101454,0,0.0
19,60,receiver_stage/4,5,16.677789,16.793142,0.115353,7,0.090383,0,0.0
19,63,receiver_stage/4,5,16.793272,17.020468,0.227196,7,0.200175,0,0.0
19,66,receiver_stage/4,5,17.020508,17.256265,0.235757,7,0.208685,0,0.0
19,69,receiver_stage/4,5,17.256375,17.462411,0.206036,7,0.189376,0,0.0
19,72,receiver_stage/4,5,17.462522,17.580105,0.117583,7,0.094202,0,0.0
19,75,receiver_stage/4,5,17.580205,17.695438,0.115233,7,0.089401,0,0.0
19,78,receiver_stage/4,5,17.695828,17.937585,0.241757,7,0.217766,0,0.0
19,81,receiver_stage/4,5,17.937695,18.140381,0.202686,7,0.187965,0,0.0
19,84,receiver_stage/4,5,18.140601,18.493501,0.3529,7,0.322479,0,0.0
19,88,receiver_stage/4,5,18.493561,18.734928,0.241367,7,0.212087,0,0.0
19,91,receiver_stage/4,5,18.734988,18.976435,0.241447,7,0.222456,0,0.0
19,93,receiver_stage/4,5,18.976595,19.095209,0.118614,7,0.095804,0,0.0
19,96,receiver_stage/4,5,19.095329,19.979864,0.884535,1,0.066712,1,0.807463
19,108,receiver_stage/4,5,19.979894,20.567481,0.587587,1,0.058691,1,0.523845
19,114,receiver_stage/4,5,20.567571,21.356394,0.788823,1,0.073772,1,0.70451
19,117,receiver_stage/4,5,21.356494,22.007083,0.650589,1,0.059852,1,0.585147
19,125,receiver_stage/4,5,22.007143,22.725004,0.717861,2,0.100742,1,0.603838
19,133,receiver_stage/4,5,22.725074,24.525756,1.800682,5,0.029862,0,0.0
19,155,receiver_stage/4,5,24.525806,25.223836,0.69803,2,0.096852,1,0.586817
19,2,receiver_stage/2,6,10.603419,12.426616,1.823197,4,0.593637,1,0.084373
19,15,receiver_stage/2,6,12.426816,14.904263,2.477447,7,0.65867,1,1.684614
19,34,receiver_stage/2,6,14.904553,19.920748,5.016195,8,3.579813,6,1.287529
19,106,receiver_stage/2,6,19.920998,20.556677,0.635679,2,0.089672,1,0.531776
19,112,receiver_stage/2,6,20.556707,21.491684,0.934977,7,0.382812,1,0.478914
19,119,receiver_stage/2,6,21.491754,22.179604,0.68785,3,0.118364,1,0.555196
19,130,receiver_stage/2,6,22.179664,22.970527,0.790863,2,0.109113,1,0.66392
19,137,receiver_stage/2,6,22.970787,23.212554,0.241767,7,0.217026,0,0.0
19,142,receiver_stage/2,6,23.212624,23.4433,0.230676,7,0.118202,0,0.0
19,146,receiver_stage/2,6,23.44333,24.267584,0.824254,1,0.062682,1,0.753732
19,151,receiver_stage/2,6,24.267994,25.000815,0.732821,7,0.379209,1,0.294289
19,3,receiver_stage/3,7,10.612338,12.42326,1.810922,6,1.535643,0,0.0
19,14,receiver_stage/3,7,12.42343,14.784419,2.360989,7,0.658141,1,1.571765
19,33,receiver_stage/3,7,14.784639,16.700855,1.916216,7,1.605898,1,0.153405
19,61,receiver_stage/3,7,16.700935,16.844669,0.143734,7,0.115933,0,0.0
19,64,receiver_stage/3,7,16.844899,17.098586,0.253687,7,0.224136,0,0.0
19,67,receiver_stage/3,7,17.098676,17.333983,0.235307,7,0.213096,0,0.0
19,70,receiver_stage/3,7,17.334103,17.460157,0.126054,7,0.102444,0,0.0
19,71,receiver_stage/3,7,17.460267,17.5651,0.104833,7,0.086822,0,0.0
19,74,receiver_stage/3,7,17.56519,17.694603,0.129413,7,0.104262,0,0.0
19,77,receiver_stage/3,7,17.694684,17.797896,0.103212,7,0.084493,0,0.0
19,80,receiver_stage/3,7,17.798007,18.031473,0.233466,7,0.212706,0,0.0
19,82,receiver_stage/3,7,18.031613,18.247679,0.216066,7,0.194625,0,0.0
19,85,receiver_stage/3,7,18.247779,18.500327,0.252548,7,0.230147,0,0.0
19,89,receiver_stage/3,7,18.500377,18.716703,0.216326,7,0.189975,0,0.0
19,90,receiver_stage/3,7,18.716773,18.936699,0.219926,7,0.199966,0,0.0
19,92,receiver_stage/3,7,18.936809,19.076323,0.139514,7,0.113351,0,0.0
19,95,receiver_stage/3,7,19.076553,19.245388,0.168835,7,0.088092,0,0.0
19,98,receiver_stage/3,7,19.245448,19.486785,0.241337,7,0.213416,0,0.0
19,100,receiver_stage/3,7,19.487135,19.717702,0.230567,7,0.206045,0,0.0
19,103,receiver_stage/3,7,19.717792,19.830825,0.113033,7,0.072852,0,0.0
19,104,receiver_stage/3,7,19.831025,19.937118,0.106093,7,0.04552,0,0.0
19,107,receiver_stage/3,7,19.937538,20.561396,0.623858,1,0.067562,1,0.547485
19,113,receiver_stage/3,7,20.561746,21.538075,0.976329,7,0.403421,1,0.497495
19,120,receiver_stage/3,7,21.538125,21.786442,0.248317,7,0.219256,0,0.0
19,123,receiver_stage/3,7,21.786532,22.087581,0.301049,7,0.259278,0,0.0
19,127,receiver_stage/3,7,22.087641,22.831412,0.743771,1,0.063142,1,0.674289
19,134,receiver_stage/3,7,22.831542,23.10705,0.275508,7,0.245196,0,0.0
19,138,receiver_stage/3,7,23.10708,23.735779,0.628699,2,0.091291,1,0.526516
19,149,receiver_stage/3,7,23.735919,24.493891,0.757972,1,0.060171,1,0.692431
19,154,receiver_stage/3,7,24.494011,25.1556,0.661589,1,0.071442,1,0.579407
19,5,receiver_stage/5,8,10.639114,11.293203,0.654089,7,0.31388,0,0.0
19,9,receiver_stage/5,8,11.293363,14.521497,3.228134,4,2.028958,1,0.526176
19,31,receiver_stage/5,8,14.521587,19.594804,5.073217,7,3.704787,3,1.167116
19,101,receiver_stage/5,8,19.594914,19.870182,0.275268,7,0.248088,0,0.0
19,105,receiver_stage/5,8,19.870402,20.50569,0.635288,1,0.066192,1,0.560496
19,111,receiver_stage/5,8,20.50584,21.153789,0.647949,1,0.071142,1,0.567676
19,116,receiver_stage/5,8,21.153949,21.785118,0.631169,1,0.065211,1,0.556397
19,122,receiver_stage/5,8,21.785218,22.088566,0.303348,7,0.224345,0,0.0
19,128,receiver_stage/5,8,22.088626,22.844568,0.755942,1,0.061451,1,0.68429
19,135,receiver_stage/5,8,22.844628,23.133577,0.288949,7,0.252978,0,0.0
19,139,receiver_stage/5,8,23.133617,23.735064,0.601447,1,0.063222,1,0.530365
19,148,receiver_stage/5,8,23.735104,24.363932,0.628828,1,0.059932,1,0.563816
19,153,receiver_stage/5,8,24.364042,24.98039,0.616348,1,0.077942,1,0.532735
19,158,receiver_stage/5,8,24.9805,25.253048,0.272548,7,0.241457,0,0.0
19,0,receiver_stage/0,9,10.559146,12.571514,2.012368,4,0.34802,1,0.156544
19,18,receiver_stage/0,9,12.571624,12.915054,0.34343,7,0.269478,0,0.0
19,20,receiver_stage/0,9,12.915674,13.184092,0.268418,7,0.158824,0,0.0
19,24,receiver_stage/0,9,13.184632,15.040535,1.855903,7,1.41743,1,0.285328
19,36,receiver_stage/0,9,15.040625,18.328371,3.287746,7,2.815871,2,0.284418
19,87,receiver_stage/0,9,18.328471,19.00438,0.675909,7,0.542088,0,0.0
19,94,receiver_stage/0,9,19.00446,19.127524,0.123064,7,0.09872,0,0.0
19,97,receiver_stage/0,9,19.127824,20.004959,0.877135,1,0.061462,1,0.810113
19,109,receiver_stage/0,9,20.004999,20.303928,0.298929,7,0.212066,0,0.0
19,110,receiver_stage/0,9,20.303958,20.980308,0.67635,1,0.093543,1,0.574747
19,115,receiver_stage/0,9,20.980368,21.7415,0.761132,1,0.058462,1,0.69533
19,121,receiver_stage/0,9,21.74161,22.059829,0.318219,7,0.288909,0,0.0
19,126,receiver_stage/0,9,22.059879,22.320047,0.260168,7,0.194416,0,0.0
19,131,receiver_stage/0,9,22.320127,23.188842,0.868715,1,0.090183,1,0.756672
19,141,receiver_stage/0,9,23.188902,23.397988,0.209086,7,0.079742,0,0.0
19,143,receiver_stage/0,9,23.398338,24.985154,1.586816,6,0.970788,1,0.519725
19,159,receiver_stage/0,9,24.985624,25.224091,0.238467,7,0.211356,0,0.0
20,7,receiver_stage/7,2,9.175247,10.30834,1.133093,6,0.914426,0,0.0
20,15,receiver_stage/7,2,10.30874,10.698091,0.389351,7,0.277527,0,0.0
20,17,receiver_stage/7,2,10.698191,11.036971,0.33878,7,0.274779,0,0.0
20,20,receiver_stage/7,2,11.037201,11.369961,0.33276,7,0.147513,0,0.0
20,27,receiver_stage/7,2,11.370301,13.531623,2.161322,7,1.259545,1,0.735202
20,41,receiver_stage/7,2,13.531793,13.826472,0.294679,7,0.264226,0,0.0
20,44,receiver_stage/7,2,13.826602,14.080709,0.254107,7,0.224247,0,0.0
20,47,receiver_stage/7,2,14.080819,14.211423,0.130604,7,0.104083,0,0.0
20,51,receiver_stage/7,2,14.211713,14.344527,0.132814,7,0.103922,0,0.0
20,55,receiver_stage/7,2,14.344787,14.591944,0.247157,7,0.218626,0,0.0
20,59,receiver_stage/7,2,14.592084,14.8074,0.215316,7,0.188246,0,0.0
20,63,receiver_stage/7,2,14.80763,14.978835,0.171205,7,0.133283,0,0.0
20,66,receiver_stage/7,2,14.979095,15.085738,0.106643,7,0.082151,0,0.0
20,70,receiver_stage/7,2,15.086208,15.346796,0.260588,7,0.232555,0,0.0
20,74,receiver_stage/7,2,15.346986,15.46975,0.122764,7,0.094143,0,0.0
20,78,receiver_stage/7,2,15.46986,15.685056,0.215196,7,0.186825,0,0.0
20,81,receiver_stage/7,2,15.685226,16.290243,0.605017,1,0.067442,1,0.527355
20,87,receiver_stage/7,2,16.290424,17.464747,1.174323,6,0.031611,0,0.0
20,97,receiver_stage/7,2,17.464837,17.732865,0.268028,7,0.232167,0,0.0
20,103,receiver_stage/7,2,17.732925,18.614491,0.881566,1,0.077173,1,0.797013
20,112,receiver_stage/7,2,18.614631,19.451235,0.836604,1,0.066422,1,0.758932
20,120,receiver_stage/7,2,19.451745,20.197367,0.745622,1,0.068552,1,0.66607
20,129,receiver_stage/7,2,20.197887,20.31618,0.118293,6,0.02016,0,0.0
20,132,receiver_stage/7,2,20.31643,21.074222,0.757792,7,0.398363,1,0.288619
20,137,receiver_stage/7,2,21.074352,21.33855,0.264198,7,0.233156,0,0.0
20,144,receiver_stage/7,2,21.33873,22.481453,1.142723,3,0.165155,1,0.958318
20,157,receiver_stage/7,2,22.481553,23.178167,0.696614,1,0.061442,1,0.627562
20,1,receiver_stage/1,3,9.078628,10.633809,1.555181,4,0.459043,1,0.631803
20,16,receiver_stage/1,3,10.634099,11.086682,0.452583,7,0.03262,0,0.0
20,22,receiver_stage/1,3,11.087022,11.289808,0.202786,7,0.148323,0,0.0
20,25,receiver_stage/1,3,11.289898,12.034979,0.745081,7,0.587467,0,0.0
20,30,receiver_stage/1,3,12.035069,17.017564,4.982495,7,3.669437,3,1.110513
20,93,receiver_stage/1,3,17.017864,17.728844,0.71098,1,0.062362,1,0.640888
20,102,receiver_stage/1,3,17.728914,18.585079,0.856165,1,0.086772,1,0.759242
20,109,receiver_stage/1,3,18.585269,19.209857,0.624588,2,0.090601,1,0.520995
20,115,receiver_stage/1,3,19.211158,19.469805,0.258647,7,0.228456,0,0.0
20,121,receiver_stage/1,3,19.469925,20.246517,0.776592,1,0.059932,1,0.71077
20,131,receiver_stage/1,3,20.247167,20.962148,0.714981,2,0.088512,1,0.609648
20,136,receiver_stage/1,3,20.962218,21.233086,0.270868,7,0.242385,0,0.0
20,141,receiver_stage/1,3,21.233146,21.865534,0.632388,2,0.084313,1,0.537745
20,148,receiver_stage/1,3,21.865594,22.139312,0.273718,7,0.241536,0,0.0
20,152,receiver_stage/1,3,22.139343,22.853433,0.71409,2,0.085863,1,0.618688
20,159,receiver_stage/1,3,22.853563,23.496722,0.643159,3,0.108264,1,0.518235
20,2,receiver_stage/2,4,9.094988,9.860491,0.765503,4,0.190785,1,0.059312
20,13,receiver_stage/2,4,9.860551,12.282181,2.42163,7,0.646359,1,1.625358
20,31,receiver_stage/2,4,12.282291,19.561172,7.278881,8,4.660844,5,2.458412
20,124,receiver_stage/2,4,19.561322,20.18216,0.620838,1,0.069733,1,0.540815
20,128,receiver_stage/2,4,20.18219,21.819398,1.637208,6,0.986628,1,0.543666
20,147,receiver_stage/2,4,21.819448,22.065115,0.245667,7,0.217005,0,0.0
20,150,receiver_stage/2,4,22.065225,22.288021,0.222796,7,0.200073,0,0.0
20,155,receiver_stage/2,4,22.288402,23.253519,0.965117,1,0.060642,1,0.898546
20,0,receiver_stage/0,5,9.068152,11.037819,1.969667,4,0.393662,1,0.148255
20,21,receiver_stage/0,5,11.038159,11.311327,0.273168,7,0.206545,0,0.0
20,26,receiver_stage/0,5,11.311477,12.768439,1.456962,7,0.640797,1,0.67973
20,34,receiver_stage/0,5,12.768469,16.201349,3.43288,8,2.033179,7,1.294267
20,86,receiver_stage/0,5,16.201409,16.92708,0.725671,1,0.059802,1,0.653579
20,92,receiver_stage/0,5,16.92714,17.589039,0.661899,3,0.130564,1,0.512495
20,99,receiver_stage/0,5,17.589149,17.858647,0.269498,7,0.243138,0,0.0
20,106,receiver_stage/0,5,17.858677,18.610079,0.751402,2,0.087263,1,0.654159
20,111,receiver_stage/0,5,18.610199,19.471264,0.861065,3,0.105063,1,0.741182
20,122,receiver_stage/0,5,19.471664,19.732151,0.260487,7,0.190196,0,0.0
20,125,receiver_stage/0,5,19.732461,20.320768,0.588307,1,0.059691,1,0.523385
20,134,receiver_stage/0,5,20.321318,21.092331,0.771013,3,0.116683,1,0.634509
20,139,receiver_stage/0,5,21.092391,21.685068,0.592677,1,0.072192,1,0.510525
20,145,receiver_stage/0,5,21.685188,22.071669,0.386481,7,0.152123,1,0.195616
20,151,receiver_stage/0,5,22.071719,22.77696,0.705241,1,0.060052,1,0.638799
20,158,receiver_stage/0,5,22.7771,23.48164,0.70454,2,0.116593,1,0.573617
20,3,receiver_stage/3,6,9.110249,9.598444,0.488195,4,0.193958,0,0.0
20,11,receiver_stage/3,6,9.598554,9.81823,0.219676,7,0.110182,0,0.0
20,12,receiver_stage/3,6,9.81826,10.983944,1.165684,7,1.002888,0,0.0
20,19,receiver_stage/3,6,10.984764,11.273982,0.289218,7,0.183016,0,0.0
20,24,receiver_stage/3,6,11.274002,13.189668,1.915666,7,1.474033,1,0.276938
20,37,receiver_stage/3,6,13.189748,13.371203,0.181455,7,0.091202,0,0.0
20,39,receiver_stage/3,6,13.371293,13.60169,0.230397,7,0.201886,0,0.0
20,42,receiver_stage/3,6,13.6018,13.842127,0.240327,7,0.215914,0,0.0
20,45,receiver_stage/3,6,13.842237,14.097024,0.254787,7,0.232666,0,0.0
20,48,receiver_stage/3,6,14.097144,14.217297,0.120153,7,0.094812,0,0.0
20,52,receiver_stage/3,6,14.217398,14.337671,0.120273,7,0.090171,0,0.0
20,54,receiver_stage/3,6,14.337851,14.452094,0.114243,7,0.085613,0,0.0
20,58,receiver_stage/3,6,14.452124,14.713922,0.261798,7,0.239326,0,0.0
20,62,receiver_stage/3,6,14.714002,14.938518,0.224516,7,0.200054,0,0.0
20,64,receiver_stage/3,6,14.938889,15.063382,0.124493,7,0.096041,0,0.0
20,68,receiver_stage/3,6,15.063502,15.278468,0.214966,7,0.187366,0,0.0
20,72,receiver_stage/3,6,15.278658,15.412772,0.134114,7,0.111344,0,0.0
20,76,receiver_stage/3,6,15.412902,16.04393,0.631028,2,0.085013,1,0.536545
20,85,receiver_stage/3,6,16.04396,16.820673,0.776713,1,0.067152,1,0.70199
20,90,receiver_stage/3,6,16.820743,17.454301,0.633558,1,0.064902,1,0.560106
20,96,receiver_stage/3,6,17.454411,17.707179,0.252768,7,0.217995,0,0.0
20,100,receiver_stage/3,6,17.707439,17.846763,0.139324,7,0.096573,0,0.0
20,105,receiver_stage/3,6,17.846823,18.594414,0.747591,1,0.067442,1,0.672109
20,110,receiver_stage/3,6,18.594455,19.220583,0.626128,1,0.085852,1,0.534256
20,117,receiver_stage/3,6,19.220653,19.47872,0.258067,7,0.187315,0,0.0
20,123,receiver_stage/3,6,19.47878,21.306453,1.827673,5,0.025481,0,0.0
20,142,receiver_stage/3,6,21.306533,21.911811,0.605278,1,0.070122,1,0.526736
20,149,receiver_stage/3,6,21.911841,22.175048,0.263207,7,0.238977,0,0.0
20,154,receiver_stage/3,6,22.175108,23.203318,1.02821,2,0.091471,1,0.924437
20,6,receiver_stage/6,7,9.168011,9.4801,0.312089,7,0.192214,0,0.0
20,10,receiver_stage/6,7,9.48014,9.891552,0.411412,6,0.339541,0,0.0
20,14,receiver_stage/6,7,9.891582,12.344573,2.452991,7,0.671321,1,1.602896
20,32,receiver_stage/6,7,12.344653,14.190547,1.845894,7,1.539335,1,0.152744
20,50,receiver_stage/6,7,14.190617,14.325271,0.134654,7,0.107594,0,0.0
20,53,receiver_stage/6,7,14.325661,14.444674,0.119013,7,0.094982,0,0.0
20,57,receiver_stage/6,7,14.444844,14.683381,0.238537,7,0.214385,0,0.0
20,61,receiver_stage/6,7,14.683641,14.98293,0.299289,7,0.273299,0,0.0
20,67,receiver_stage/6,7,14.98307,15.229127,0.246057,7,0.213775,0,0.0
20,71,receiver_stage/6,7,15.229327,15.364901,0.135574,7,0.100313,0,0.0
20,75,receiver_stage/6,7,15.365311,15.971758,0.606447,1,0.064672,1,0.533375
20,84,receiver_stage/6,7,15.971788,16.814073,0.842285,1,0.059491,1,0.776913
20,89,receiver_stage/6,7,16.814823,17.483052,0.668229,1,0.062472,1,0.595547
20,98,receiver_stage/6,7,17.483192,17.719719,0.236527,7,0.203155,0,0.0
20,101,receiver_stage/6,7,17.719769,17.835102,0.115333,7,0.047972,0,0.0
20,104,receiver_stage/6,7,17.835213,18.126341,0.291128,7,0.212345,0,0.0
20,108,receiver_stage/6,7,18.126431,19.15162,1.025189,7,0.391891,1,0.551656
20,114,receiver_stage/6,7,19.15172,19.382517,0.230797,7,0.199865,0,0.0
20,118,receiver_stage/6,7,19.382547,20.025336,0.642789,1,0.064812,1,0.568447
20,126,receiver_stage/6,7,20.025356,20.237792,0.212436,7,0.089032,0,0.0
20,130,receiver_stage/6,7,20.238012,20.926872,0.68886,1,0.068582,1,0.609928
20,135,receiver_stage/6,7,20.926922,21.181779,0.254857,7,0.219415,0,0.0
20,140,receiver_stage/6,7,21.181819,21.791067,0.609248,2,0.083892,1,0.515705
20,146,receiver_stage/6,7,21.791167,22.162958,0.371791,7,0.148703,1,0.191396
20,153,receiver_stage/6,7,22.163038,22.972911,0.809873,7,0.467434,1,0.297339
20,5,receiver_stage/5,8,9.165956,9.432864,0.266908,7,0.084241,0,0.0
20,8,receiver_stage/5,8,9.432994,11.775842,2.342848,4,1.432052,1,0.438193
20,28,receiver_stage/5,8,11.776162,11.971287,0.195125,7,0.063821,0,0.0
20,29,receiver_stage/5,8,11.971367,12.40299,0.431623,7,0.331069,0,0.0
20,33,receiver_stage/5,8,12.40307,15.626853,3.223783,7,2.75037,2,0.290298
20,79,receiver_stage/5,8,15.627243,15.884071,0.256828,7,0.225578,0,0.0
20,82,receiver_stage/5,8,15.884541,16.54346,0.658919,1,0.063722,1,0.588437
20,88,receiver_stage/5,8,16.54387,17.277941,0.734071,7,0.580797,0,0.0
20,94,receiver_stage/5,8,17.278031,17.970311,0.69228,1,0.060861,1,0.625638
20,107,receiver_stage/5,8,17.970331,18.943139,0.972808,7,0.381091,1,0.515765
20,113,receiver_stage/5,8,18.943749,19.218417,0.274668,7,0.241117,0,0.0
20,116,receiver_stage/5,8,19.218667,19.439404,0.220737,7,0.201377,0,0.0
20,119,receiver_stage/5,8,19.439844,20.078192,0.638348,1,0.065392,1,0.567746
20,127,receiver_stage/5,8,20.078783,20.316909,0.238126,7,0.127623,0,0.0
20,133,receiver_stage/5,8,20.317409,21.074881,0.757472,1,0.085492,1,0.661759
20,138,receiver_stage/5,8,21.075021,21.319858,0.244837,7,0.213796,0,0.0
20,143,receiver_stage/5,8,21.319908,22.468262,1.148354,2,0.154084,1,0.981589
20,156,receiver_stage/5,8,22.468472,29.64541,7.176938,8,4.849037,3,2.077715
20,4,receiver_stage/4,9,9.125605,9.433294,0.307689,7,0.141283,0,0.0
20,9,receiver_stage/4,9,9.433354,10.945423,1.512069,6,1.017634,1,0.407992
20,18,receiver_stage/4,9,10.945763,11.164339,0.218576,7,0.158525,0,0.0
20,23,receiver_stage/4,9,11.164429,13.031123,1.866694,7,1.453864,1,0.262807
20,35,receiver_stage/4,9,13.031223,13.153797,0.122574,7,0.036411,0,0.0
20,36,receiver_stage/4,9,13.153827,13.27112,0.117293,7,0.078842,0,0.0
20,38,receiver_stage/4,9,13.27115,13.509637,0.238487,7,0.193975,0,0.0
20,40,receiver_stage/4,9,13.509667,13.732493,0.222826,7,0.200096,0,0.0
20,43,receiver_stage/4,9,13.732524,13.96965,0.237126,7,0.209934,0,0.0
20,46,receiver_stage/4,9,13.96975,14.179156,0.209406,7,0.191434,0,0.0
20,49,receiver_stage/4,9,14.179246,14.344931,0.165685,7,0.135202,0,0.0
20,56,receiver_stage/4,9,14.345091,14.66156,0.316469,7,0.281165,0,0.0
20,60,receiver_stage/4,9,14.6618,14.947219,0.285419,7,0.245447,0,0.0
20,65,receiver_stage/4,9,14.947529,15.067512,0.119983,7,0.094151,0,0.0
20,69,receiver_stage/4,9,15.067712,15.299399,0.231687,7,0.207624,0,0.0
20,73,receiver_stage/4,9,15.299769,15.415622,0.115853,7,0.094223,0,0.0
20,77,receiver_stage/4,9,15.415692,15.652939,0.237247,7,0.210067,0,0.0
20,80,receiver_stage/4,9,15.653049,15.905476,0.252427,7,0.232655,0,0.0
20,83,receiver_stage/4,9,15.905896,16.829843,0.923947,1,0.071132,1,0.843864
20,91,receiver_stage/4,9,16.829953,17.427601,0.597648,1,0.068912,1,0.519335
20,95,receiver_stage/4,9,17.427731,24.239728,6.811997,8,1.905663,7,4.837709
21,7,receiver_stage/7,2,10.887126,12.74148,1.854354,6,1.506365,0,0.0
21,22,receiver_stage/7,2,12.74196,14.293405,1.551445,7,0.672228,1,0.725491
21,29,receiver_stage/7,2,14.293565,17.522303,3.228738,7,2.749722,2,0.280178
21,80,receiver_stage/7,2,17.522403,17.76935,0.246947,7,0.217056,0,0.0
21,82,receiver_stage/7,2,17.76939,17.974276,0.204886,7,0.186055,0,0.0
21,86,receiver_stage/7,2,17.974356,18.844091,0.869735,3,0.105033,1,0.750952
21,92,receiver_stage/7,2,18.844151,19.49151,0.647359,1,0.066502,1,0.570637
21,103,receiver_stage/7,2,19.49178,20.244172,0.752392,1,0.063062,1,0.68303
21,109,receiver_stage/7,2,20.248472,20.500719,0.252247,7,0.185796,0,0.0
21,114,receiver_stage/7,2,20.501199,20.632643,0.131444,6,0.024119,0,0.0
21,116,receiver_stage/7,2,20.632723,21.824978,1.192255,2,0.204145,1,0.966308
21,123,receiver_stage/7,2,21.825008,22.089015,0.264007,7,0.238765,0,0.0
21,129,receiver_stage/7,2,22.089115,22.839157,0.750042,2,0.110924,1,0.625288
21,137,receiver_stage/7,2,22.839217,23.075424,0.236207,7,0.207636,0,0.0
21,141,receiver_stage/7,2,23.075464,23.665431,0.589967,1,0.059742,1,0.523875
21,146,receiver_stage/7,2,23.665531,24.564787,0.899256,1,0.061552,1,0.830854
21,154,receiver_stage/7,2,24.565017,25.405791,0.840774,1,0.069262,1,0.763162
21,6,receiver_stage/6,3,10.875121,11.350924,0.475803,7,0.309269,0,0.0
21,11,receiver_stage/6,3,11.350974,11.562761,0.211787,7,0.109571,0,0.0
21,13,receiver_stage/6,3,11.562921,11.948782,0.385861,7,0.287168,0,0.0
21,15,receiver_stage/6,3,11.948872,14.2929,2.344028,7,0.639139,1,1.584466
21,28,receiver_stage/6,3,14.29295,16.272127,1.979177,7,1.66814,1,0.156684
21,63,receiver_stage/6,3,16.272287,16.403861,0.131574,7,0.104413,0,0.0
21,68,receiver_stage/6,3,16.403931,16.688119,0.284188,7,0.253377,0,0.0
21,73,receiver_stage/6,3,16.688179,17.341128,0.652949,1,0.063821,1,0.581327
21,78,receiver_stage/6,3,17.341458,17.926435,0.584977,1,0.062341,1,0.516605
21,85,receiver_stage/6,3,17.926545,18.901173,0.974628,2,0.088933,1,0.874795
21,95,receiver_stage/6,3,18.901243,19.316655,0.415412,7,0.37522,0,0.0
21,99,receiver_stage/6,3,19.316735,19.48043,0.163695,7,0.107802,0,0.0
21,102,receiver_stage/6,3,19.48049,20.465549,0.985059,1,0.085013,1,0.890746
21,112,receiver_stage/6,3,20.465879,20.738167,0.272288,7,0.149885,0,0.0
21,118,receiver_stage/6,3,20.738217,21.356555,0.618338,1,0.079402,1,0.527646
21,121,receiver_stage/6,3,21.356645,21.975903,0.619258,1,0.082282,1,0.530566
21,126,receiver_stage/6,3,21.975963,22.375104,0.399141,7,0.154584,1,0.199016
21,133,receiver_stage/6,3,22.375134,23.185678,0.810544,2,0.085173,1,0.715321
21,144,receiver_stage/6,3,23.185748,24.207797,1.022049,1,0.082342,1,0.926027
21,151,receiver_stage/6,3,24.207987,24.849856,0.641869,2,0.088472,1,0.543016
21,158,receiver_stage/6,3,24.850086,25.476784,0.626698,1,0.076632,1,0.538216
21,2,receiver_stage/2,4,10.794797,11.370114,0.575317,4,0.152235,1,0.117813
21,12,receiver_stage/2,4,11.370304,12.476406,1.106102,7,0.945847,0,0.0
21,18,receiver_stage/2,4,12.476446,12.735604,0.259158,7,0.196454,0,0.0
21,21,receiver_stage/2,4,12.735684,13.423704,0.68802,7,0.528974,0,0.0
21,24,receiver_stage/2,4,13.423754,13.605609,0.181855,7,0.058742,0,0.0
21,26,receiver_stage/2,4,13.605689,18.521742,4.916053,7,3.616465,3,1.107092
21,90,receiver_stage/2,4,18.521902,19.188301,0.666399,2,0.104392,1,0.546796
21,97,receiver_stage/2,4,19.188531,19.440078,0.251547,7,0.227316,0,0.0
21,101,receiver_stage/2,4,19.440148,19.745717,0.305569,7,0.215397,0,0.0
21,107,receiver_stage/2,4,19.745807,20.437747,0.69194,2,0.083332,1,0.597767
21,111,receiver_stage/2,4,20.437817,20.653774,0.215957,7,0.088624,0,0.0
21,117,receiver_stage/2,4,20.653804,21.831618,1.177814,3,0.183585,1,0.972909
21,124,receiver_stage/2,4,21.831818,22.093685,0.261867,7,0.231596,0,0.0
21,130,receiver_stage/2,4,22.093715,23.120415,1.0267,2,0.091521,1,0.922137
21,143,receiver_stage/2,4,23.120485,24.007171,0.886686,2,0.152794,1,0.719831
21,150,receiver_stage/2,4,24.007221,24.622499,0.615278,1,0.064932,1,0.542506
21,156,receiver_stage/2,4,24.623139,25.431002,0.807863,1,0.069802,1,0.728181
21,0,receiver_stage/0,5,10.769771,12.717058,1.947287,4,0.346462,1,0.149094
21,20,receiver_stage/0,5,12.717508,14.549231,1.831723,7,1.430801,1,0.243347
21,32,receiver_stage/0,5,14.549301,14.744306,0.195005,7,0.101093,0,0.0
21,35,receiver_stage/0,5,14.744356,15.042625,0.298269,7,0.225326,0,0.0
21,39,receiver_stage/0,5,15.042665,15.164779,0.122114,7,0.095533,0,0.0
21,43,receiver_stage/0,5,15.164869,15.416056,0.251187,7,0.225836,0,0.0
21,47,receiver_stage/0,5,15.416166,15.538789,0.122623,7,0.089721,0,0.0
21,51,receiver_stage/0,5,15.53909,15.806817,0.267727,7,0.236705,0,0.0
21,56,receiver_stage/0,5,15.806947,16.066715,0.259768,7,0.236468,0,0.0
21,60,receiver_stage/0,5,16.066865,16.335263,0.268398,7,0.240294,0,0.0
21,65,receiver_stage/0,5,16.335333,16.457036,0.121703,7,0.098121,0,0.0
21,70,receiver_stage/0,5,16.457236,17.070134,0.612898,1,0.089263,1,0.516515
21,75,receiver_stage/0,5,17.070264,17.756184,0.68592,1,0.065562,1,0.612568
21,81,receiver_stage/0,5,17.756304,17.999731,0.243427,7,0.219586,0,0.0
21,87,receiver_stage/0,5,17.999761,18.849875,0.850114,1,0.059132,1,0.784712
21,93,receiver_stage/0,5,18.849935,19.491884,0.641949,1,0.063151,1,0.570517
21,104,receiver_stage/0,5,19.492034,20.421721,0.929687,7,0.380201,1,0.472034
21,110,receiver_stage/0,5,20.421861,22.213323,1.791462,5,0.028441,0,0.0
21,132,receiver_stage/0,5,22.213393,23.012236,0.798843,1,0.070672,1,0.718981
21,139,receiver_stage/0,5,23.012306,23.689976,0.67767,2,0.089253,1,0.575397
21,147,receiver_stage/0,5,23.690146,24.557061,0.866915,1,0.058442,1,0.803023
21,153,receiver_stage/0,5,24.557131,25.373485,0.816354,1,0.075422,1,0.729642
21,3,receiver_stage/3,6,10.808788,11.313183,0.504395,4,0.191455,0,0.0
21,10,receiver_stage/3,6,11.313323,11.774766,0.461443,6,0.378241,0,0.0
21,14,receiver_stage/3,6,11.774856,12.229599,0.454743,7,0.03093,0,0.0
21,17,receiver_stage/3,6,12.229629,12.559899,0.33027,7,0.270438,0,0.0
21,19,receiver_stage/3,6,12.560149,14.402603,1.842454,7,1.438752,1,0.252078
21,30,receiver_stage/3,6,14.402733,14.517946,0.115213,7,0.030931,0,0.0
21,31,receiver_stage/3,6,14.517976,14.6688,0.150824,7,0.106413,0,0.0
21,34,receiver_stage/3,6,14.66891,14.900177,0.231267,7,0.202475,0,0.0
21,36,receiver_stage/3,6,14.900267,15.130704,0.230437,7,0.212107,0,0.0
21,41,receiver_stage/3,6,15.130804,15.316169,0.185365,7,0.153114,0,0.0
21,45,receiver_stage/3,6,15.316229,15.537905,0.221676,7,0.200085,0,0.0
21,50,receiver_stage/3,6,15.538015,15.785793,0.247778,7,0.219155,0,0.0
21,54,receiver_stage/3,6,15.785823,15.997059,0.211236,7,0.187375,0,0.0
21,58,receiver_stage/3,6,16.000939,16.236686,0.235747,7,0.209974,0,0.0
21,62,receiver_stage/3,6,16.236936,16.36796,0.131024,7,0.103122,0,0.0
21,67,receiver_stage/3,6,16.36808,16.620067,0.251987,7,0.227274,0,0.0
21,71,receiver_stage/3,6,16.620127,17.228344,0.608217,1,0.064292,1,0.536495
21,76,receiver_stage/3,6,17.228414,17.883523,0.655109,1,0.074472,1,0.568616
21,83,receiver_stage/3,6,17.883633,18.156761,0.273128,7,0.244316,0,0.0
21,89,receiver_stage/3,6,18.156911,18.861202,0.704291,7,0.567856,0,0.0
21,94,receiver_stage/3,6,18.861282,25.68276,6.821478,8,1.874033,7,4.879533
21,4,receiver_stage/4,7,10.822874,11.133753,0.310879,7,0.134504,0,0.0
21,8,receiver_stage/4,7,11.133923,13.475875,2.341952,4,1.428251,1,0.456378
21,25,receiver_stage/4,7,13.475965,13.893547,0.417582,7,0.320549,0,0.0
21,27,receiver_stage/4,7,13.893588,21.125757,7.232169,8,4.563231,5,2.504462
21,119,receiver_stage/4,7,21.125857,21.746955,0.621098,2,0.086323,1,0.521225
21,122,receiver_stage/4,7,21.746985,21.993972,0.246987,7,0.217227,0,0.0
21,127,receiver_stage/4,7,21.994322,22.388604,0.394282,7,0.167295,1,0.190966
21,134,receiver_stage/4,7,22.388654,22.648731,0.260077,7,0.227697,0,0.0
21,135,receiver_stage/4,7,22.648811,22.885538,0.236727,7,0.213245,0,0.0
21,138,receiver_stage/4,7,22.885808,23.544097,0.658289,1,0.061992,1,0.589747
21,145,receiver_stage/4,7,23.544137,24.66226,1.118123,3,0.132063,1,0.969219
21,157,receiver_stage/4,7,24.66239,31.510038,6.847648,8,4.584151,3,1.996238
21,5,receiver_stage/5,8,10.852445,11.262797,0.410352,7,0.158854,0,0.0
21,9,receiver_stage/5,8,11.263107,12.75662,1.493513,6,1.007929,1,0.394442
21,23,receiver_stage/5,8,12.75683,14.903802,2.146972,7,1.302718,1,0.68531
21,37,receiver_stage/5,8,14.903902,15.154379,0.250477,7,0.225817,0,0.0
21,42,receiver_stage/5,8,15.154469,15.403656,0.249187,7,0.221364,0,0.0
21,46,receiver_stage/5,8,15.403806,15.53707,0.133264,7,0.105681,0,0.0
21,49,receiver_stage/5,8,15.537201,15.646253,0.109052,7,0.089413,0,0.0
21,53,receiver_stage/5,8,15.646344,15.86153,0.215186,7,0.196366,0,0.0
21,57,receiver_stage/5,8,15.86184,16.082396,0.220556,7,0.200175,0,0.0
21,61,receiver_stage/5,8,16.082736,16.355614,0.272878,7,0.248798,0,0.0
21,66,receiver_stage/5,8,16.355674,16.625522,0.269848,7,0.236218,0,0.0
21,72,receiver_stage/5,8,16.625622,17.283221,0.657599,1,0.067102,1,0.583257
21,77,receiver_stage/5,8,17.283251,17.907509,0.624258,1,0.059742,1,0.559526
21,84,receiver_stage/5,8,17.907779,18.668441,0.760662,1,0.061452,1,0.69282
21,91,receiver_stage/5,8,18.668501,19.289679,0.621178,1,0.064802,1,0.548026
21,98,receiver_stage/5,8,19.289769,19.545837,0.256068,7,0.227206,0,0.0
21,106,receiver_stage/5,8,19.545967,20.198275,0.652308,1,0.064982,1,0.578536
21,108,receiver_stage/5,8,20.198546,20.485934,0.287388,7,0.214225,0,0.0
21,113,receiver_stage/5,8,20.485994,22.06495,1.578956,6,0.971489,1,0.510865
21,128,receiver_stage/5,8,22.065,22.792141,0.727141,1,0.062162,1,0.658349
21,136,receiver_stage/5,8,22.792391,23.064519,0.272128,7,0.244437,0,0.0
21,140,receiver_stage/5,8,23.064569,23.726358,0.661789,3,0.120223,1,0.526826
21,148,receiver_stage/5,8,23.726718,24.318335,0.591617,1,0.062972,1,0.521585
21,152,receiver_stage/5,8,24.318485,25.18137,0.862885,7,0.473135,1,0.338469
21,159,receiver_stage/5,8,25.18143,25.788358,0.606928,1,0.059972,1,0.539996
21,1,receiver_stage/1,9,10.776817,12.225059,1.448242,4,0.448454,1,0.521055
21,16,receiver_stage/1,9,12.225199,14.6651,2.439901,7,0.71036,1,1.603527
21,33,receiver_stage/1,9,14.6654,14.937758,0.272358,7,0.212016,0,0.0
21,38,receiver_stage/1,9,14.937858,15.070072,0.132214,7,0.106684,0,0.0
21,40,receiver_stage/1,9,15.070092,15.192845,0.122753,7,0.098701,0,0.0
21,44,receiver_stage/1,9,15.192945,15.453503,0.260558,7,0.238118,0,0.0
21,48,receiver_stage/1,9,15.453663,15.568866,0.115203,7,0.094152,0,0.0
21,52,receiver_stage/1,9,15.569766,15.804083,0.234317,7,0.211766,0,0.0
21,55,receiver_stage/1,9,15.804303,16.06024,0.255937,7,0.230027,0,0.0
21,59,receiver_stage/1,9,16.06033,16.294797,0.234467,7,0.208305,0,0.0
21,64,receiver_stage/1,9,16.294867,16.435421,0.140554,7,0.108083,0,0.0
21,69,receiver_stage/1,9,16.435801,16.700229,0.264428,7,0.240647,0,0.0
21,74,receiver_stage/1,9,16.700349,17.397969,0.69762,1,0.066152,1,0.624598
21,79,receiver_stage/1,9,17.397999,18.046488,0.648489,3,0.117904,1,0.515275
21,88,receiver_stage/1,9,18.046588,19.186701,1.140113,6,0.031941,0,0.0
21,96,receiver_stage/1,9,19.186811,19.425228,0.238417,7,0.208155,0,0.0
21,100,receiver_stage/1,9,19.425278,19.541581,0.116303,7,0.048498,0,0.0
21,105,receiver_stage/1,9,19.541732,20.573561,1.031829,7,0.379471,1,0.575057
21,115,receiver_stage/1,9,20.577961,21.312593,0.734632,7,0.387062,1,0.292608
21,120,receiver_stage/1,9,21.313463,21.938251,0.624788,2,0.088713,1,0.523585
21,125,receiver_stage/1,9,21.938291,22.169197,0.230906,7,0.207506,0,0.0
21,131,receiver_stage/1,9,22.169508,23.110855,0.941347,1,0.058631,1,0.877116
21,142,receiver_stage/1,9,23.110915,23.941179,0.830264,2,0.115634,1,0.69966
21,149,receiver_stage/1,9,23.941419,24.577447,0.636028,2,0.086413,1,0.538665
21,155,receiver_stage/1,9,24.577497,25.320509,0.743012,1,0.073582,1,0.656349
22,1,receiver_stage/1,2,12.076756,13.524838,1.448082,4,0.464052,1,0.515465
22,18,receiver_stage/1,2,13.525128,13.735844,0.210716,7,0.144896,0,0.0
22,19,receiver_stage/1,2,13.736084,15.66416,1.928076,7,1.483132,1,0.280819
22,29,receiver_stage/1,2,15.66435,18.959615,3.295265,7,2.819442,2,0.283489
22,73,receiver_stage/1,2,18.959855,19.194412,0.234557,7,0.197177,0,0.0
22,75,receiver_stage/1,2,19.194832,19.417188,0.222356,7,0.202466,0,0.0
22,81,receiver_stage/1,2,19.417529,19.530122,0.112593,7,0.073772,0,0.0
22,82,receiver_stage/1,2,19.530172,19.679776,0.149604,7,0.084531,0,0.0
22,83,receiver_stage/1,2,19.679826,19.988085,0.308259,7,0.222665,0,0.0
22,85,receiver_stage/1,2,19.988165,20.958963,0.970798,7,0.401881,1,0.497415
22,96,receiver_stage/1,2,20.959023,21.339064,0.380041,7,0.150166,1,0.190575
22,98,receiver_stage/1,2,21.339154,21.53633,0.197176,7,0.077231,0,0.0
22,99,receiver_stage/1,2,21.53642,21.797667,0.261247,7,0.135123,0,0.0
22,105,receiver_stage/1,2,21.797717,22.061275,0.263558,7,0.237745,0,0.0
22,107,receiver_stage/1,2,22.061385,22.278761,0.217376,7,0.195996,0,0.0
22,109,receiver_stage/1,2,22.278871,23.199988,0.921117,1,0.061612,1,0.854015
22,114,receiver_stage/1,2,23.200038,23.551468,0.35143,7,0.244745,0,0.0
22,124,receiver_stage/1,2,23.551528,24.347711,0.796183,1,0.092013,1,0.680339
22,130,receiver_stage/1,2,24.347781,24.951909,0.604128,1,0.060731,1,0.534206
22,136,receiver_stage/1,2,24.951979,25.394892,0.442913,7,0.162406,1,0.237296
22,142,receiver_stage/1,2,25.394962,26.231026,0.836064,2,0.088843,1,0.737301
22,149,receiver_stage/1,2,26.231096,26.527105,0.296009,7,0.261278,0,0.0
22,155,receiver_stage/1,2,26.527185,27.503683,0.976498,3,0.121144,1,0.836454
22,3,receiver_stage/3,3,12.108417,12.446216,0.337799,7,0.141403,0,0.0
22,9,receiver_stage/3,3,12.446306,14.007642,1.561336,6,1.023249,1,0.435953
22,22,receiver_stage/3,3,14.007702,15.507985,1.500283,7,0.67822,1,0.672359
22,28,receiver_stage/3,3,15.508545,17.4068,1.898255,7,1.594686,1,0.151885
22,55,receiver_stage/3,3,17.40687,17.637967,0.231097,7,0.205187,0,0.0
22,60,receiver_stage/3,3,17.638037,18.355518,0.717481,1,0.065212,1,0.643999
22,65,receiver_stage/3,3,18.355598,18.621326,0.265728,7,0.234087,0,0.0
22,70,receiver_stage/3,3,18.621346,19.258214,0.636868,2,0.095973,1,0.523865
22,76,receiver_stage/3,3,19.258654,20.037387,0.778733,1,0.062942,1,0.709171
22,86,receiver_stage/3,3,20.037447,20.299014,0.261567,7,0.188666,0,0.0
22,89,receiver_stage/3,3,20.299044,20.880891,0.581847,1,0.059852,1,0.516675
22,94,receiver_stage/3,3,20.881001,21.584181,0.70318,2,0.083141,1,0.605627
22,101,receiver_stage/3,3,21.584281,21.724046,0.139765,6,0.042291,0,0.0
22,103,receiver_stage/3,3,21.724096,22.654352,0.930256,1,0.071232,1,0.852774
22,112,receiver_stage/3,3,22.654612,23.334272,0.67966,3,0.107352,1,0.552626
22,119,receiver_stage/3,3,23.334342,24.004222,0.66988,2,0.102364,1,0.554186
22,126,receiver_stage/3,3,24.004352,24.62425,0.619898,1,0.074482,1,0.534396
22,133,receiver_stage/3,3,24.62431,25.246098,0.621788,2,0.093793,1,0.514935
22,140,receiver_stage/3,3,25.246188,26.236866,0.990678,2,0.087943,1,0.888685
22,150,receiver_stage/3,3,26.236926,28.869623,2.632697,7,1.873985,1,0.572317
22,7,receiver_stage/7,4,12.185324,13.41084,1.225516,6,0.949938,0,0.0
22,16,receiver_stage/7,4,13.4109,15.727357,2.316457,7,0.646758,1,1.530035
22,31,receiver_stage/7,4,15.727707,15.860731,0.133024,7,0.078312,0,0.0
22,32,receiver_stage/7,4,15.860861,16.187899,0.327038,7,0.281278,0,0.0
22,36,receiver_stage/7,4,16.187959,16.378384,0.190425,7,0.091512,0,0.0
22,39,receiver_stage/7,4,16.378554,16.670953,0.292399,7,0.255878,0,0.0
22,44,receiver_stage/7,4,16.671053,16.91018,0.239127,7,0.214265,0,0.0
22,47,receiver_stage/7,4,16.9103,17.164267,0.253967,7,0.227645,0,0.0
22,51,receiver_stage/7,4,17.164417,17.409054,0.244637,7,0.219425,0,0.0
22,56,receiver_stage/7,4,17.409404,17.699789,0.290385,7,0.256942,0,0.0
22,61,receiver_stage/7,4,17.699929,18.367638,0.667709,1,0.075502,1,0.582717
22,66,receiver_stage/7,4,18.367668,18.602505,0.234837,7,0.202896,0,0.0
22,69,receiver_stage/7,4,18.602685,19.360737,0.758052,2,0.090653,1,0.656769
22,79,receiver_stage/7,4,19.360847,20.609363,1.248516,6,0.038212,0,0.0
22,91,receiver_stage/7,4,20.609443,21.252052,0.642609,2,0.105534,1,0.523665
22,97,receiver_stage/7,4,21.252092,21.762816,0.510724,7,0.203666,1,0.265558
22,104,receiver_stage/7,4,21.762916,22.009883,0.246967,7,0.216926,0,0.0
22,106,receiver_stage/7,4,22.010113,22.258441,0.248328,7,0.222368,0,0.0
22,108,receiver_stage/7,4,22.258581,23.302291,1.04371,1,0.064072,1,0.971058
22,117,receiver_stage/7,4,23.302371,23.548708,0.246337,7,0.215257,0,0.0
22,123,receiver_stage/7,4,23.548818,24.31946,0.770642,1,0.070272,1,0.69497
22,129,receiver_stage/7,4,24.31957,25.044561,0.724991,1,0.068012,1,0.651529
22,138,receiver_stage/7,4,25.044661,25.877805,0.833144,7,0.457871,1,0.326459
22,145,receiver_stage/7,4,25.877865,26.760611,0.882746,2,0.082741,1,0.789573
22,156,receiver_stage/7,4,26.760721,27.76074,1.000019,2,0.094023,1,0.891596
22,4,receiver_stage/4,5,12.149518,12.59016,0.440642,7,0.157203,0,0.0
22,10,receiver_stage/4,5,12.59019,13.019483,0.429293,6,0.355109,0,0.0
22,14,receiver_stage/4,5,13.019593,13.459466,0.439873,7,0.030609,0,0.0
22,17,receiver_stage/4,5,13.459546,13.779445,0.319899,7,0.257286,0,0.0
22,20,receiver_stage/4,5,13.779485,15.945233,2.165748,7,1.725993,1,0.262848
22,34,receiver_stage/4,5,15.945413,16.243371,0.297958,7,0.250424,0,0.0
22,37,receiver_stage/4,5,16.243471,16.489128,0.245657,7,0.211044,0,0.0
22,41,receiver_stage/4,5,16.489248,16.747606,0.258358,7,0.195815,0,0.0
22,45,receiver_stage/4,5,16.747716,17.009083,0.261367,7,0.223437,0,0.0
22,49,receiver_stage/4,5,17.009503,17.23432,0.224817,7,0.199685,0,0.0
22,53,receiver_stage/4,5,17.23444,17.537859,0.303419,7,0.269507,0,0.0
22,58,receiver_stage/4,5,17.537909,18.228819,0.69091,1,0.067462,1,0.613458
22,63,receiver_stage/4,5,18.228969,18.891978,0.663009,3,0.125643,1,0.515325
22,72,receiver_stage/4,5,18.892208,19.173196,0.280988,7,0.244617,0,0.0
22,74,receiver_stage/4,5,19.173236,19.404173,0.230937,7,0.212266,0,0.0
22,80,receiver_stage/4,5,19.404533,20.132984,0.728451,7,0.587486,0,0.0
22,88,receiver_stage/4,5,20.133054,20.759902,0.626848,2,0.088833,1,0.525545
22,92,receiver_stage/4,5,20.759932,22.512983,1.753051,5,0.024211,0,0.0
22,110,receiver_stage/4,5,22.513033,23.215233,0.7022,1,0.072122,1,0.617238
22,116,receiver_stage/4,5,23.215293,23.490001,0.274708,7,0.243127,0,0.0
22,121,receiver_stage/4,5,23.490121,24.156631,0.66651,2,0.094242,1,0.561477
22,128,receiver_stage/4,5,24.156731,24.900242,0.743511,1,0.072752,1,0.660469
22,135,receiver_stage/4,5,24.900322,25.470449,0.570127,1,0.059471,1,0.505185
22,144,receiver_stage/4,5,25.470599,26.326594,0.855995,1,0.059992,1,0.788093
22,151,receiver_stage/4,5,26.326654,26.913941,0.587287,1,0.069482,1,0.507985
22,157,receiver_stage/4,5,26.914281,27.692808,0.778527,6,0.636694,0,0.0
22,2,receiver_stage/2,6,12.096056,12.418406,0.32235,4,0.117055,1,0.074232
22,8,receiver_stage/2,6,12.418836,14.742053,2.323217,4,1.447493,1,0.424102
22,25,receiver_stage/2,6,14.742173,15.179356,0.437183,7,0.330471,0,0.0
22,27,receiver_stage/2,6,15.179646,22.658723,7.479077,8,4.755618,5,2.558454
22,113,receiver_stage/2,6,22.659093,23.369393,0.7103,1,0.066722,1,0.633248
22,120,receiver_stage/2,6,23.369453,24.006782,0.637329,1,0.072032,1,0.554756
22,127,receiver_stage/2,6,24.006892,24.601579,0.594687,1,0.073382,1,0.511945
22,132,receiver_stage/2,6,24.601609,25.211277,0.609668,1,0.062512,1,0.540026
22,139,receiver_stage/2,6,25.211347,26.228156,1.016809,1,0.072442,1,0.933437
22,148,receiver_stage/2,6,26.228286,26.475413,0.247127,7,0.211324,0,0.0
22,153,receiver_stage/2,6,26.475974,27.291037,0.815063,1,0.084802,1,0.722851
22,159,receiver_stage/2,6,27.291097,28.07242,0.781323,3,0.121024,1,0.640469
22,5,receiver_stage/5,7,12.155308,12.856029,0.700721,4,0.29082,0,0.0
22,12,receiver_stage/5,7,12.856149,14.019952,1.163803,7,1.000559,0,0.0
22,23,receiver_stage/5,7,14.020102,16.35971,2.339608,7,1.468412,1,0.68608
22,38,receiver_stage/5,7,16.35975,16.615197,0.255447,7,0.225097,0,0.0
22,42,receiver_stage/5,7,16.615417,16.868304,0.252887,7,0.221876,0,0.0
22,46,receiver_stage/5,7,16.868414,17.082901,0.214487,7,0.187914,0,0.0
22,50,receiver_stage/5,7,17.083001,17.350948,0.267947,7,0.235894,0,0.0
22,54,receiver_stage/5,7,17.350998,17.599606,0.248608,7,0.217934,0,0.0
22,59,receiver_stage/5,7,17.599716,18.278475,0.678759,1,0.081242,1,0.591477
22,64,receiver_stage/5,7,18.278615,18.538703,0.260088,7,0.219987,0,0.0
22,68,receiver_stage/5,7,18.539093,19.270264,0.731171,1,0.066422,1,0.654729
22,77,receiver_stage/5,7,19.270474,20.050827,0.780353,1,0.060161,1,0.714481
22,87,receiver_stage/5,7,20.050887,20.315014,0.264127,7,0.195715,0,0.0
22,90,receiver_stage/5,7,20.315094,20.907222,0.592128,1,0.063482,1,0.519355
22,95,receiver_stage/5,7,20.907332,21.627142,0.71981,7,0.3763,1,0.291498
22,102,receiver_stage/5,7,21.627232,22.627781,1.000549,2,0.122392,1,0.861175
22,111,receiver_stage/5,7,22.627841,23.331872,0.704031,2,0.086542,1,0.604888
22,118,receiver_stage/5,7,23.331922,23.9557,0.623778,1,0.067242,1,0.546776
22,125,receiver_stage/5,7,23.95582,24.728822,0.773002,1,0.068902,1,0.69515
22,134,receiver_stage/5,7,24.733023,25.309169,0.576146,1,0.062942,1,0.505074
22,141,receiver_stage/5,7,25.309269,26.152794,0.843525,1,0.063092,1,0.772613
22,146,receiver_stage/5,7,26.152864,26.421731,0.268867,7,0.234477,0,0.0
22,152,receiver_stage/5,7,26.421772,27.002118,0.580346,1,0.060601,1,0.514645
22,158,receiver_stage/5,7,27.002738,27.638897,0.636159,1,0.061711,1,0.563437
22,0,receiver_stage/0,8,12.06104,14.000056,1.939016,4,0.33876,1,0.137694
22,21,receiver_stage/0,8,14.000116,14.729618,0.729502,7,0.553576,0,0.0
22,24,receiver_stage/0,8,14.730088,14.910733,0.180645,7,0.061012,0,0.0
22,26,receiver_stage/0,8,14.910853,19.884007,4.973154,7,3.696246,3,1.085762
22,84,receiver_stage/0,8,19.884087,20.857565,0.973478,7,0.397193,1,0.492234
22,93,receiver_stage/0,8,20.857595,21.540895,0.6833,1,0.062101,1,0.614118
22,100,receiver_stage/0,8,21.540925,23.201273,1.660348,6,1.004789,1,0.554626
22,115,receiver_stage/0,8,23.201503,23.505422,0.303919,7,0.266586,0,0.0
22,122,receiver_stage/0,8,23.505552,24.361537,0.855985,1,0.076783,1,0.765872
22,131,receiver_stage/0,8,24.361647,24.995625,0.633978,2,0.096533,1,0.523255
22,137,receiver_stage/0,8,24.995715,25.409617,0.413902,7,0.143575,1,0.232466
22,143,receiver_stage/0,8,25.409657,31.235786,5.826129,8,3.714548,3,1.912006
22,6,receiver_stage/6,9,12.173953,12.658557,0.484604,7,0.2979,0,0.0
22,11,receiver_stage/6,9,12.658677,12.875193,0.216516,7,0.109902,0,0.0
22,13,receiver_stage/6,9,12.875273,13.254734,0.379461,7,0.283349,0,0.0
22,15,receiver_stage/6,9,13.254864,15.719835,2.464971,7,0.653729,1,1.625928
22,30,receiver_stage/6,9,15.720125,15.86919,0.149065,7,0.036692,0,0.0
22,33,receiver_stage/6,9,15.86925,16.177845,0.308595,7,0.269725,0,0.0
22,35,receiver_stage/6,9,16.178065,16.424752,0.246687,7,0.220826,0,0.0
22,40,receiver_stage/6,9,16.424872,16.647509,0.222637,7,0.200126,0,0.0
22,43,receiver_stage/6,9,16.647619,16.951877,0.304258,7,0.272286,0,0.0
22,48,receiver_stage/6,9,16.951997,17.216035,0.264038,7,0.238568,0,0.0
22,52,receiver_stage/6,9,17.216125,17.487133,0.271008,7,0.236195,0,0.0
22,57,receiver_stage/6,9,17.487183,17.797502,0.310319,7,0.269337,0,0.0
22,62,receiver_stage/6,9,17.797812,18.40558,0.607768,1,0.066852,1,0.531965
22,67,receiver_stage/6,9,18.40571,18.680937,0.275227,7,0.242525,0,0.0
22,71,receiver_stage/6,9,18.681418,19.273795,0.592377,1,0.063292,1,0.522205
22,78,receiver_stage/6,9,19.274175,26.216986,6.942811,8,1.922366,7,4.940645
22,147,receiver_stage/6,9,26.217036,26.489244,0.272208,7,0.233338,0,0.0
22,154,receiver_stage/6,9,26.489574,27.365679,0.876105,1,0.080912,1,0.789063
23,5,receiver_stage/5,2,11.268162,11.830898,0.562736,7,0.371321,0,0.0
23,10,receiver_stage/5,2,11.831138,12.25016,0.419022,7,0.234977,0,0.0
23,12,receiver_stage/5,2,12.25021,12.723584,0.473374,7,0.37613,0,0.0
23,16,receiver_stage/5,2,12.723644,13.061328,0.337684,7,0.250577,0,0.0
23,19,receiver_stage/5,2,13.061458,15.049056,1.987598,7,1.513035,1,0.297269
23,29,receiver_stage/5,2,15.049156,15.288253,0.239097,7,0.209807,0,0.0
23,33,receiver_stage/5,2,15.288373,15.403756,0.115383,7,0.031061,0,0.0
23,34,receiver_stage/5,2,15.403786,15.52185,0.118064,7,0.074971,0,0.0
23,37,receiver_stage/5,2,15.52278,15.779037,0.256257,7,0.234094,0,0.0
23,41,receiver_stage/5,2,15.779117,16.030074,0.250957,7,0.219096,0,0.0
23,45,receiver_stage/5,2,16.030184,16.262471,0.232287,7,0.205826,0,0.0
23,49,receiver_stage/5,2,16.262551,16.474597,0.212046,7,0.187196,0,0.0
23,53,receiver_stage/5,2,16.474637,16.710014,0.235377,7,0.210247,0,0.0
23,58,receiver_stage/5,2,16.710054,16.999252,0.289198,7,0.258986,0,0.0
23,63,receiver_stage/5,2,16.999302,17.25248,0.253178,7,0.225664,0,0.0
23,67,receiver_stage/5,2,17.25252,17.542548,0.290028,7,0.260047,0,0.0
23,71,receiver_stage/5,2,17.542638,18.324761,0.782123,1,0.066232,1,0.706831
23,77,receiver_stage/5,2,18.324911,18.583378,0.258467,7,0.229967,0,0.0
23,84,receiver_stage/5,2,18.583428,18.696442,0.113014,7,0.072623,0,0.0
23,85,receiver_stage/5,2,18.696472,18.819145,0.122673,7,0.049971,0,0.0
23,86,receiver_stage/5,2,18.819195,19.771693,0.952498,7,0.39107,1,0.486034
23,94,receiver_stage/5,2,19.771763,20.449673,0.67791,1,0.061552,1,0.609448
23,101,receiver_stage/5,2,20.449703,21.341958,0.892255,1,0.059431,1,0.826724
23,111,receiver_stage/5,2,21.342018,21.943396,0.601378,1,0.074312,1,0.519345
23,116,receiver_stage/5,2,21.943756,22.185463,0.241707,7,0.124004,0,0.0
23,121,receiver_stage/5,2,22.185573,22.796281,0.610708,1,0.065542,1,0.535026
23,125,receiver_stage/5,2,22.796321,23.067648,0.271327,7,0.233875,0,0.0
23,129,receiver_stage/5,2,23.067668,23.662196,0.594528,1,0.068242,1,0.515755
23,136,receiver_stage/5,2,23.662666,24.270463,0.607797,2,0.082882,1,0.512825
23,143,receiver_stage/5,2,24.270543,25.095307,0.824764,1,0.061991,1,0.755342
23,153,receiver_stage/5,2,25.095367,25.388446,0.293079,7,0.259865,0,0.0
23,158,receiver_stage/5,2,25.388486,26.383535,0.995049,2,0.108753,1,0.876096
23,6,receiver_stage/6,3,11.287918,12.664228,1.37631,6,1.108502,0,0.0
23,15,receiver_stage/6,3,12.664408,15.15899,2.494582,7,0.669768,1,1.689869
23,31,receiver_stage/6,3,15.15903,15.415447,0.256417,7,0.231316,0,0.0
23,35,receiver_stage/6,3,15.415477,15.662994,0.247517,7,0.212366,0,0.0
23,38,receiver_stage/6,3,15.663034,15.86966,0.206626,7,0.189646,0,0.0
23,43,receiver_stage/6,3,15.86981,16.109307,0.239497,7,0.214917,0,0.0
23,46,receiver_stage/6,3,16.109407,16.319633,0.210226,7,0.184956,0,0.0
23,50,receiver_stage/6,3,16.319743,16.574411,0.254668,7,0.229058,0,0.0
23,54,receiver_stage/6,3,16.574521,16.835948,0.261427,7,0.225667,0,0.0
23,59,receiver_stage/6,3,16.836008,17.102486,0.266478,7,0.235717,0,0.0
23,64,receiver_stage/6,3,17.102516,17.310832,0.208316,7,0.185086,0,0.0
23,68,receiver_stage/6,3,17.310972,17.552119,0.241147,7,0.218757,0,0.0
23,72,receiver_stage/6,3,17.552259,18.327971,0.775712,2,0.092413,1,0.674029
23,78,receiver_stage/6,3,18.328002,18.562118,0.234116,7,0.209815,0,0.0
23,83,receiver_stage/6,3,18.562228,19.268519,0.706291,7,0.571826,0,0.0
23,90,receiver_stage/6,3,19.268589,19.878236,0.609647,1,0.060612,1,0.542305
23,95,receiver_stage/6,3,19.878306,20.611688,0.733382,2,0.097383,1,0.622628
23,103,receiver_stage/6,3,20.612068,20.892156,0.280088,7,0.250438,0,0.0
23,105,receiver_stage/6,3,20.892216,21.140673,0.248457,7,0.222056,0,0.0
23,109,receiver_stage/6,3,21.140753,21.799412,0.658659,1,0.063052,1,0.587877
23,114,receiver_stage/6,3,21.799492,22.384169,0.584677,1,0.059092,1,0.520285
23,123,receiver_stage/6,3,22.384329,23.149671,0.765342,1,0.062582,1,0.69423
23,131,receiver_stage/6,3,23.149711,23.888423,0.738712,1,0.068992,1,0.654099
23,139,receiver_stage/6,3,23.888583,24.47019,0.581607,1,0.061582,1,0.513005
23,146,receiver_stage/6,3,24.47023,25.496479,1.026249,3,0.118623,1,0.891546
23,1,receiver_stage/1,4,11.21456,12.633731,1.419171,4,0.445253,1,0.529095
23,14,receiver_stage/1,4,12.633851,15.129858,2.496007,7,0.644284,1,1.71408
23,30,receiver_stage/1,4,15.129978,15.426676,0.296698,7,0.267637,0,0.0
23,36,receiver_stage/1,4,15.426776,15.681154,0.254378,7,0.221576,0,0.0
23,39,receiver_stage/1,4,15.681214,15.859879,0.178665,7,0.088431,0,0.0
23,42,receiver_stage/1,4,15.859909,16.126496,0.266587,7,0.239385,0,0.0
23,47,receiver_stage/1,4,16.126827,16.355183,0.228356,7,0.204024,0,0.0
23,51,receiver_stage/1,4,16.355383,16.616401,0.261018,7,0.236678,0,0.0
23,55,receiver_stage/1,4,16.616501,16.917689,0.301188,7,0.270497,0,0.0
23,60,receiver_stage/1,4,16.917739,17.142616,0.224877,7,0.198875,0,0.0
23,65,receiver_stage/1,4,17.142696,17.747643,0.604947,1,0.062942,1,0.535795
23,73,receiver_stage/1,4,17.747673,18.364231,0.616558,2,0.091952,1,0.512745
23,79,receiver_stage/1,4,18.368611,19.130144,0.761533,1,0.062682,1,0.69027
23,88,receiver_stage/1,4,19.130444,19.437342,0.306898,7,0.217846,0,0.0
23,91,receiver_stage/1,4,19.437752,20.020839,0.583087,1,0.064792,1,0.510294
23,98,receiver_stage/1,4,20.020949,20.39776,0.376811,7,0.148983,1,0.190815
23,100,receiver_stage/1,4,20.397791,20.634257,0.236466,7,0.177705,0,0.0
23,104,receiver_stage/1,4,20.634327,20.931296,0.296969,7,0.269868,0,0.0
23,106,receiver_stage/1,4,20.931346,21.148652,0.217306,7,0.193845,0,0.0
23,110,receiver_stage/1,4,21.148742,21.848722,0.69998,2,0.085543,1,0.604687
23,115,receiver_stage/1,4,21.848782,22.065679,0.216897,7,0.090071,0,0.0
23,118,receiver_stage/1,4,22.065709,22.172462,0.106753,6,0.02228,0,0.0
23,120,receiver_stage/1,4,22.172492,22.978435,0.805943,1,0.061382,1,0.739111
23,128,receiver_stage/1,4,22.978495,23.219652,0.241157,7,0.210725,0,0.0
23,133,receiver_stage/1,4,23.219692,23.805909,0.586217,1,0.064431,1,0.511165
23,138,receiver_stage/1,4,23.806129,24.753867,0.947738,2,0.088642,1,0.847905
23,150,receiver_stage/1,4,24.754117,25.028135,0.274018,7,0.238446,0,0.0
23,152,receiver_stage/1,4,25.028165,25.278252,0.250087,7,0.227305,0,0.0
23,155,receiver_stage/1,4,25.278322,25.872359,0.594037,1,0.062102,1,0.524815
23,0,receiver_stage/0,5,11.20128,12.972701,1.771421,4,0.284887,1,0.152764
23,18,receiver_stage/0,5,12.972741,14.968179,1.995438,7,1.548625,1,0.288578
23,28,receiver_stage/0,5,14.968389,15.228766,0.260377,7,0.210415,0,0.0
23,32,receiver_stage/0,5,15.229367,18.404038,3.174671,7,2.684098,2,0.30595
23,82,receiver_stage/0,5,18.404188,19.536791,1.132603,6,0.032301,0,0.0
23,92,receiver_stage/0,5,19.536911,20.1832,0.646289,2,0.109874,1,0.522775
23,99,receiver_stage/0,5,20.18326,20.581891,0.398631,7,0.157953,1,0.199766
23,102,receiver_stage/0,5,20.581952,21.439996,0.858044,1,0.058761,1,0.794203
23,112,receiver_stage/0,5,21.440106,22.094465,0.654359,2,0.116183,1,0.526645
23,119,receiver_stage/0,5,22.094515,22.860278,0.765763,1,0.063871,1,0.693161
23,126,receiver_stage/0,5,22.860478,23.125585,0.265107,7,0.231436,0,0.0
23,130,receiver_stage/0,5,23.125635,23.721003,0.595368,1,0.058582,1,0.531075
23,137,receiver_stage/0,5,23.721043,24.65619,0.935147,1,0.078672,1,0.842885
23,149,receiver_stage/0,5,24.6563,25.452313,0.796013,1,0.080632,1,0.709751
23,159,receiver_stage/0,5,25.466693,26.215035,0.748342,1,0.074753,1,0.660969
23,3,receiver_stage/3,6,11.241456,11.614077,0.372621,7,0.108195,0,0.0
23,9,receiver_stage/3,6,11.614217,12.440381,0.826164,6,0.671928,0,0.0
23,13,receiver_stage/3,6,12.440441,12.882353,0.441912,7,0.036072,0,0.0
23,17,receiver_stage/3,6,12.882433,13.130846,0.248413,7,0.19225,0,0.0
23,21,receiver_stage/3,6,13.130916,14.763823,1.632907,7,0.735531,1,0.732401
23,27,receiver_stage/3,6,14.763913,16.664968,1.901055,7,1.577046,1,0.170045
23,57,receiver_stage/3,6,16.665028,16.981677,0.316649,7,0.278816,0,0.0
23,61,receiver_stage/3,6,16.981727,17.227564,0.245837,7,0.218816,0,0.0
23,66,receiver_stage/3,6,17.227645,17.900404,0.672759,3,0.118623,1,0.539316
23,75,receiver_stage/3,6,17.900674,18.179652,0.278978,7,0.242077,0,0.0
23,76,receiver_stage/3,6,18.180632,18.388548,0.207916,7,0.179696,0,0.0
23,81,receiver_stage/3,6,18.389158,23.911798,5.52264,8,1.298005,7,4.14089
23,141,receiver_stage/3,6,23.911888,24.343881,0.431993,7,0.157794,1,0.230357
23,145,receiver_stage/3,6,24.344001,25.023291,0.67929,7,0.406622,1,0.229147
23,151,receiver_stage/3,6,25.023361,25.279378,0.256017,7,0.227236,0,0.0
23,156,receiver_stage/3,6,25.279468,25.900156,0.620688,1,0.065532,1,0.548456
23,7,receiver_stage/7,7,11.304177,14.180816,2.876639,4,1.73589,1,0.46604
23,25,receiver_stage/7,7,14.180956,19.075228,4.894272,7,3.611367,3,1.081741
23,87,receiver_stage/7,7,19.075688,20.019105,0.943417,7,0.383791,1,0.483254
23,97,receiver_stage/7,7,20.019186,20.959063,0.939877,1,0.061951,1,0.871276
23,107,receiver_stage/7,7,20.959133,21.594961,0.635828,7,0.330321,1,0.253217
23,113,receiver_stage/7,7,21.594991,22.24255,0.647559,3,0.108553,1,0.520375
23,122,receiver_stage/7,7,22.24299,22.892929,0.649939,2,0.083603,1,0.555446
23,127,receiver_stage/7,7,22.893349,23.176467,0.283118,7,0.253727,0,0.0
23,132,receiver_stage/7,7,23.176497,23.901018,0.724521,1,0.059932,1,0.658819
23,140,receiver_stage/7,7,23.901848,24.510626,0.608778,2,0.088453,1,0.510065
23,147,receiver_stage/7,7,24.510706,25.535595,1.024889,2,0.082692,1,0.927897
23,2,receiver_stage/2,8,11.22492,11.54279,0.31787,7,0.135944,0,0.0
23,8,receiver_stage/2,8,11.54291,13.062334,1.519424,6,1.01296,1,0.414042
23,20,receiver_stage/2,8,13.062394,13.917328,0.854934,7,0.702739,0,0.0
23,23,receiver_stage/2,8,13.917418,14.099584,0.182166,7,0.072762,0,0.0
23,24,receiver_stage/2,8,14.099794,14.560387,0.460593,7,0.35016,0,0.0
23,26,receiver_stage/2,8,14.560597,22.032044,7.471447,8,4.726408,5,2.582594
23,117,receiver_stage/2,8,22.032094,23.651641,1.619547,6,0.991698,1,0.520905
23,135,receiver_stage/2,8,23.652001,24.285319,0.633318,1,0.070142,1,0.554866
23,144,receiver_stage/2,8,24.285389,25.152864,0.867475,2,0.103493,1,0.750171
23,154,receiver_stage/2,8,25.152974,32.06489,6.911916,8,3.858211,4,2.868069
23,4,receiver_stage/4,9,11.254561,12.116996,0.862435,4,0.301997,0,0.0
23,11,receiver_stage/4,9,12.117046,13.425904,1.308858,7,1.081881,0,0.0
23,22,receiver_stage/4,9,13.426024,15.692569,2.266545,7,1.343577,1,0.765012
23,40,receiver_stage/4,9,15.692639,15.950697,0.258058,7,0.198514,0,0.0
23,44,receiver_stage/4,9,15.950807,16.178844,0.228037,7,0.201057,0,0.0
23,48,receiver_stage/4,9,16.178914,16.427411,0.248497,7,0.227266,0,0.0
23,52,receiver_stage/4,9,16.427531,16.645137,0.217606,7,0.197715,0,0.0
23,56,receiver_stage/4,9,16.645167,16.993017,0.34785,7,0.32245,0,0.0
23,62,receiver_stage/4,9,16.993077,17.313846,0.320769,7,0.225364,0,0.0
23,69,receiver_stage/4,9,17.314046,17.539803,0.225757,7,0.199745,0,0.0
23,70,receiver_stage/4,9,17.539893,17.78849,0.248597,7,0.227436,0,0.0
23,74,receiver_stage/4,9,17.78861,18.382987,0.594377,1,0.061892,1,0.526085
23,80,receiver_stage/4,9,18.383297,19.138389,0.755092,1,0.059441,1,0.68918
23,89,receiver_stage/4,9,19.138439,19.761067,0.622628,2,0.097203,1,0.510574
23,93,receiver_stage/4,9,19.761148,20.008785,0.247637,7,0.181813,0,0.0
23,96,receiver_stage/4,9,20.008845,20.978893,0.970048,2,0.088043,1,0.870395
23,108,receiver_stage/4,9,20.979013,22.756124,1.777111,5,0.037341,0,0.0
23,124,receiver_stage/4,9,22.756184,23.523947,0.767763,1,0.088513,1,0.67271
23,134,receiver_stage/4,9,23.524377,24.101903,0.577526,1,0.059662,1,0.509914
23,142,receiver_stage/4,9,24.102013,24.513585,0.411572,7,0.143064,1,0.229266
23,148,receiver_stage/4,9,24.513665,25.310268,0.796603,1,0.082623,1,0.70747
23,157,receiver_stage/4,9,25.310378,26.324088,1.01371,2,0.122973,1,0.876096
24,0,receiver_stage/0,2,9.734937,11.357144,1.622207,4,0.263028,1,0.151284
24,20,receiver_stage/0,2,11.357254,12.079745,0.722491,7,0.556996,0,0.0
24,23,receiver_stage/0,2,12.079805,12.240809,0.161004,7,0.062931,0,0.0
24,25,receiver_stage/0,2,12.24159,17.170902,4.929312,7,3.585932,3,1.160094
24,72,receiver_stage/0,2,17.171012,17.962285,0.791273,1,0.068952,1,0.70638
24,83,receiver_stage/0,2,17.962435,18.169921,0.207486,7,0.083702,0,0.0
24,85,receiver_stage/0,2,18.169951,19.788018,1.618067,6,0.972048,1,0.539416
24,103,receiver_stage/0,2,19.788098,20.397196,0.609098,1,0.069562,1,0.530335
24,115,receiver_stage/0,2,20.397306,20.809048,0.411742,7,0.362651,0,0.0
24,121,receiver_stage/0,2,20.809068,21.042445,0.233377,7,0.195636,0,0.0
24,122,receiver_stage/0,2,21.042555,21.287182,0.244627,7,0.223906,0,0.0
24,129,receiver_stage/0,2,21.287282,22.467606,1.180324,2,0.104313,1,1.063101
24,141,receiver_stage/0,2,22.467666,23.529707,1.062041,2,0.113474,1,0.934827
24,151,receiver_stage/0,2,23.529767,23.808565,0.278798,7,0.250237,0,0.0
24,153,receiver_stage/0,2,23.808685,24.039052,0.230367,7,0.212167,0,0.0
24,159,receiver_stage/0,2,24.039152,24.282749,0.243597,7,0.214056,0,0.0
24,5,receiver_stage/5,3,9.820145,10.194816,0.374671,7,0.209355,0,0.0
24,10,receiver_stage/5,3,10.194856,11.273377,1.078521,7,0.925507,0,0.0
24,19,receiver_stage/5,3,11.273417,13.215643,1.942226,7,1.493442,1,0.266288
24,29,receiver_stage/5,3,13.215693,13.323696,0.108003,7,0.031151,0,0.0
24,31,receiver_stage/5,3,13.323736,13.501601,0.177865,7,0.091052,0,0.0
24,34,receiver_stage/5,3,13.501671,13.826651,0.32498,7,0.291029,0,0.0
24,37,receiver_stage/5,3,13.826721,14.086778,0.260057,7,0.233087,0,0.0
24,42,receiver_stage/5,3,14.086899,14.188361,0.101462,7,0.048001,0,0.0
24,44,receiver_stage/5,3,14.188421,14.810619,0.622198,2,0.086541,1,0.525505
24,48,receiver_stage/5,3,14.810639,15.682895,0.872256,7,0.33256,1,0.474254
24,56,receiver_stage/5,3,15.682955,15.961783,0.278828,7,0.250597,0,0.0
24,61,receiver_stage/5,3,15.961883,16.746545,0.784662,1,0.066002,1,0.70829
24,67,receiver_stage/5,3,16.746805,17.033614,0.286809,7,0.182666,0,0.0
24,71,receiver_stage/5,3,17.033674,17.677582,0.643908,1,0.073002,1,0.563796
24,78,receiver_stage/5,3,17.677812,18.2778,0.599988,1,0.072352,1,0.517785
24,86,receiver_stage/5,3,18.27792,18.389583,0.111663,6,0.02058,0,0.0
24,91,receiver_stage/5,3,18.389613,19.185736,0.796123,1,0.076842,1,0.71173
24,96,receiver_stage/5,3,19.185826,19.467504,0.281678,7,0.257148,0,0.0
24,100,receiver_stage/5,3,19.467985,20.087052,0.619067,1,0.059531,1,0.549566
24,109,receiver_stage/5,3,20.087142,21.075181,0.988039,3,0.147064,1,0.817914
24,123,receiver_stage/5,3,21.075361,21.329048,0.253687,7,0.229486,0,0.0
24,131,receiver_stage/5,3,21.329279,22.338577,1.009298,1,0.060131,1,0.942607
24,137,receiver_stage/5,3,22.338627,23.263414,0.924787,1,0.080332,1,0.834144
24,148,receiver_stage/5,3,23.263444,23.955494,0.69205,1,0.073973,1,0.609897
24,157,receiver_stage/5,3,23.955554,24.84409,0.888536,1,0.088492,1,0.791173
24,1,receiver_stage/1,4,9.751787,11.180469,1.428682,4,0.448984,1,0.532156
24,17,receiver_stage/1,4,11.180519,11.377474,0.196955,7,0.143435,0,0.0
24,21,receiver_stage/1,4,11.377704,13.007792,1.630088,7,0.677999,1,0.790573
24,27,receiver_stage/1,4,13.007932,14.905641,1.897709,7,1.58375,1,0.158134
24,49,receiver_stage/1,4,14.906031,15.327003,0.420972,7,0.182265,1,0.195626
24,53,receiver_stage/1,4,15.327193,15.956901,0.629708,1,0.068452,1,0.553866
24,59,receiver_stage/1,4,15.956941,16.624521,0.66758,1,0.072742,1,0.581597
24,65,receiver_stage/1,4,16.625721,17.406913,0.781192,1,0.066952,1,0.70113
24,74,receiver_stage/1,4,17.407073,17.702002,0.294929,7,0.259268,0,0.0
24,79,receiver_stage/1,4,17.702032,18.339681,0.637649,2,0.100362,1,0.523026
24,89,receiver_stage/1,4,18.339751,19.062561,0.72281,1,0.062132,1,0.653258
24,94,receiver_stage/1,4,19.062661,19.361,0.298339,7,0.264297,0,0.0
24,99,receiver_stage/1,4,19.36107,19.956127,0.595057,1,0.064301,1,0.521245
24,106,receiver_stage/1,4,19.956448,20.188454,0.232006,7,0.196365,0,0.0
24,111,receiver_stage/1,4,20.188484,20.434771,0.246287,7,0.220187,0,0.0
24,116,receiver_stage/1,4,20.434802,21.255155,0.820353,1,0.062261,1,0.748972
24,128,receiver_stage/1,4,21.255335,22.414159,1.158824,2,0.115033,1,1.01521
24,139,receiver_stage/1,4,22.414239,23.204512,0.790273,2,0.090623,1,0.68986
24,147,receiver_stage/1,4,23.204852,24.244842,1.03999,1,0.126793,1,0.906897
24,7,receiver_stage/7,5,9.854981,12.204319,2.349338,4,1.440763,1,0.397591
24,24,receiver_stage/7,5,12.204509,12.667262,0.462753,7,0.33317,0,0.0
24,26,receiver_stage/7,5,12.667492,20.056557,7.389065,8,4.681025,5,2.524714
24,107,receiver_stage/7,5,20.056767,20.301494,0.244727,7,0.210854,0,0.0
24,113,receiver_stage/7,5,20.301694,20.557081,0.255387,7,0.226017,0,0.0
24,118,receiver_stage/7,5,20.557271,21.152248,0.594977,1,0.065472,1,0.520905
24,126,receiver_stage/7,5,21.152348,21.847338,0.69499,1,0.061971,1,0.624598
24,134,receiver_stage/7,5,21.847388,22.58813,0.740742,1,0.067622,1,0.658919
24,142,receiver_stage/7,5,22.58825,23.160966,0.572716,1,0.058822,1,0.507424
24,145,receiver_stage/7,5,23.161086,24.030972,0.869886,2,0.088762,1,0.770803
24,158,receiver_stage/7,5,24.031032,24.262538,0.231506,7,0.198775,0,0.0
24,2,receiver_stage/2,6,9.781228,10.149099,0.367871,7,0.173086,0,0.0
24,9,receiver_stage/2,6,10.149139,10.342215,0.193076,7,0.107604,0,0.0
24,11,receiver_stage/2,6,10.342235,10.749826,0.407591,6,0.337069,0,0.0
24,14,receiver_stage/2,6,10.749937,13.355032,2.605095,7,0.664949,1,1.797342
24,32,receiver_stage/2,6,13.355132,13.709092,0.35396,7,0.284658,0,0.0
24,35,receiver_stage/2,6,13.709182,13.97998,0.270798,7,0.245808,0,0.0
24,40,receiver_stage/2,6,13.98001,14.207377,0.227367,7,0.204364,0,0.0
24,46,receiver_stage/2,6,14.207417,14.908527,0.70111,7,0.563816,0,0.0
24,50,receiver_stage/2,6,14.908647,15.321429,0.412782,7,0.157144,1,0.208826
24,52,receiver_stage/2,6,15.321579,15.651919,0.33034,7,0.249108,0,0.0
24,55,receiver_stage/2,6,15.652359,15.908476,0.256117,7,0.218117,0,0.0
24,58,receiver_stage/2,6,15.908536,16.126872,0.218336,7,0.197395,0,0.0
24,62,receiver_stage/2,6,16.126982,16.984107,0.857125,1,0.061881,1,0.789673
24,70,receiver_stage/2,6,16.984617,17.630606,0.645989,1,0.078912,1,0.550586
24,77,receiver_stage/2,6,17.630676,17.882673,0.251997,7,0.222454,0,0.0
24,81,receiver_stage/2,6,17.882773,18.319566,0.436793,7,0.154054,1,0.242717
24,87,receiver_stage/2,6,18.319596,18.931164,0.611568,1,0.061002,1,0.543026
24,93,receiver_stage/2,6,18.931364,19.242923,0.311559,7,0.273299,0,0.0
24,97,receiver_stage/2,6,19.242983,19.941703,0.69872,3,0.115444,1,0.564616
24,105,receiver_stage/2,6,19.941763,20.269343,0.32758,7,0.28482,0,0.0
24,112,receiver_stage/2,6,20.269373,20.52384,0.254467,7,0.222314,0,0.0
24,117,receiver_stage/2,6,20.52387,21.356024,0.832154,1,0.060222,1,0.766582
24,132,receiver_stage/2,6,21.356094,22.343263,0.987169,1,0.066452,1,0.910687
24,138,receiver_stage/2,6,22.343333,23.143706,0.800373,1,0.064112,1,0.725741
24,144,receiver_stage/2,6,23.143766,23.952649,0.808883,1,0.066642,1,0.731611
24,156,receiver_stage/2,6,23.952759,24.876346,0.923587,1,0.099462,1,0.815224
24,4,receiver_stage/4,7,9.807544,10.36399,0.556446,4,0.245056,0,0.0
24,12,receiver_stage/4,7,10.36402,10.579406,0.215386,7,0.157974,0,0.0
24,13,receiver_stage/4,7,10.579536,10.893596,0.31406,7,0.03035,0,0.0
24,15,receiver_stage/4,7,10.893666,13.307246,2.41358,7,0.625286,1,1.661098
24,30,receiver_stage/4,7,13.307306,13.433059,0.125753,7,0.080352,0,0.0
24,33,receiver_stage/4,7,13.433159,13.714797,0.281638,7,0.235056,0,0.0
24,36,receiver_stage/4,7,13.714857,13.934354,0.219497,7,0.199394,0,0.0
24,39,receiver_stage/4,7,13.934424,14.170981,0.236557,7,0.215577,0,0.0
24,43,receiver_stage/4,7,14.171011,14.782928,0.611917,1,0.063292,1,0.540855
24,47,receiver_stage/4,7,14.782988,15.698515,0.915527,7,0.364019,1,0.474553
24,57,receiver_stage/4,7,15.698575,15.960572,0.261997,7,0.232977,0,0.0
24,60,receiver_stage/4,7,15.960753,16.643042,0.682289,2,0.085601,1,0.581507
24,66,receiver_stage/4,7,16.643152,17.377334,0.734182,1,0.060492,1,0.6673
24,73,receiver_stage/4,7,17.377624,18.128955,0.751331,1,0.058681,1,0.68705
24,84,receiver_stage/4,7,18.129075,18.369332,0.240257,7,0.124472,0,0.0
24,90,receiver_stage/4,7,18.369372,19.087273,0.717901,1,0.061002,1,0.651109
24,95,receiver_stage/4,7,19.087473,19.31225,0.224777,7,0.201475,0,0.0
24,98,receiver_stage/4,7,19.31233,19.920077,0.607747,1,0.059102,1,0.538235
24,104,receiver_stage/4,7,19.920167,20.567666,0.647499,2,0.097463,1,0.535545
24,119,receiver_stage/4,7,20.567856,21.170684,0.602828,1,0.072942,1,0.518736
24,127,receiver_stage/4,7,21.170794,21.860408,0.689614,1,0.061592,1,0.619902
24,135,receiver_stage/4,7,21.860508,22.593449,0.732941,1,0.065092,1,0.657699
24,143,receiver_stage/4,7,22.593559,23.163876,0.570317,1,0.058751,1,0.505805
24,146,receiver_stage/4,7,23.163986,24.209626,1.04564,1,0.115774,1,0.921116
24,3,receiver_stage/3,8,9.794929,10.100088,0.305159,7,0.119924,0,0.0
24,8,receiver_stage/3,8,10.100218,11.614982,1.514764,6,0.989608,1,0.437513
24,22,receiver_stage/3,8,11.615282,13.855137,2.239855,7,1.342801,1,0.744101
24,38,receiver_stage/3,8,13.855207,14.079403,0.224196,7,0.194415,0,0.0
24,41,receiver_stage/3,8,14.079753,14.192886,0.113133,7,0.072971,0,0.0
24,45,receiver_stage/3,8,14.192926,15.311699,1.118773,6,0.03049,0,0.0
24,51,receiver_stage/3,8,15.311739,15.631438,0.319699,7,0.236247,0,0.0
24,54,receiver_stage/3,8,15.631778,16.279387,0.647609,2,0.101632,1,0.534266
24,63,receiver_stage/3,8,16.279427,16.939036,0.659609,3,0.115724,1,0.521125
24,68,receiver_stage/3,8,16.939906,17.573964,0.634058,1,0.075522,1,0.549406
24,75,receiver_stage/3,8,17.574084,17.850462,0.276378,7,0.242177,0,0.0
24,80,receiver_stage/3,8,17.850562,19.665525,1.814963,5,0.02844,0,0.0
24,101,receiver_stage/3,8,19.665575,20.068817,0.403242,7,0.177874,1,0.173165
24,108,receiver_stage/3,8,20.068877,20.363635,0.294758,7,0.267727,0,0.0
24,114,receiver_stage/3,8,20.363775,20.609812,0.246037,7,0.223015,0,0.0
24,120,receiver_stage/3,8,20.609842,21.136388,0.526546,7,0.419673,0,0.0
24,125,receiver_stage/3,8,21.136418,21.465057,0.328639,7,0.269667,0,0.0
24,133,receiver_stage/3,8,21.465167,22.428195,0.963028,1,0.060011,1,0.897316
24,140,receiver_stage/3,8,22.428295,23.480956,1.052661,1,0.083133,1,0.958038
24,150,receiver_stage/3,8,23.481076,23.731723,0.250647,7,0.216527,0,0.0
24,152,receiver_stage/3,8,23.731783,23.935789,0.204006,7,0.183896,0,0.0
24,154,receiver_stage/3,8,23.935879,24.130534,0.194655,7,0.079793,0,0.0
24,6,receiver_stage/6,9,9.83518,10.965213,1.130033,6,0.955748,0,0.0
24,16,receiver_stage/6,9,10.965343,11.253801,0.288458,7,0.226786,0,0.0
24,18,receiver_stage/6,9,11.253831,13.188607,1.934776,7,1.481033,1,0.280828
24,28,receiver_stage/6,9,13.188717,16.359139,3.170422,7,2.727728,2,0.261428
24,64,receiver_stage/6,9,16.359349,16.954256,0.594907,1,0.061422,1,0.526315
24,69,receiver_stage/6,9,16.954276,17.608555,0.654279,2,0.099793,1,0.543155
24,76,receiver_stage/6,9,17.608625,17.899084,0.290459,7,0.261597,0,0.0
24,82,receiver_stage/6,9,17.899174,18.321766,0.422592,7,0.142915,1,0.241227
24,88,receiver_stage/6,9,18.321846,18.895763,0.573917,1,0.059772,1,0.508325
24,92,receiver_stage/6,9,18.895913,19.745967,0.850054,2,0.093863,1,0.745341
24,102,receiver_stage/6,9,19.746037,20.144629,0.398592,7,0.190054,1,0.161045
24,110,receiver_stage/6,9,20.144659,21.076356,0.931697,3,0.111974,1,0.799973
24,124,receiver_stage/6,9,21.076466,21.311863,0.235397,7,0.212206,0,0.0
24,130,receiver_stage/6,9,21.311893,22.313772,1.001879,1,0.060972,1,0.932257
24,136,receiver_stage/6,9,22.313822,23.266789,0.952967,2,0.105553,1,0.831434
24,149,receiver_stage/6,9,23.266989,23.950739,0.68375,1,0.058902,1,0.618908
24,155,receiver_stage/6,9,23.950799,24.440863,0.490064,7,0.37059,0,0.0
25,1,receiver_stage/1,2,10.649244,12.670572,2.021328,4,0.660988,1,0.529946
25,18,receiver_stage/1,2,12.670672,14.782404,2.111732,7,1.263129,1,0.673309
25,37,receiver_stage/1,2,14.782474,14.897697,0.115223,7,0.075742,0,0.0
25,39,receiver_stage/1,2,14.897757,16.079971,1.182214,6,0.037332,0,0.0
25,48,receiver_stage/1,2,16.080041,16.36523,0.285189,7,0.251237,0,0.0
25,50,receiver_stage/1,2,16.36538,16.616777,0.251397,7,0.222455,0,0.0
25,54,receiver_stage/1,2,16.616917,17.273146,0.656229,1,0.065982,1,0.581737
25,60,receiver_stage/1,2,17.273196,17.896814,0.623618,2,0.100382,1,0.508515
25,69,receiver_stage/1,2,17.901234,19.779229,1.877995,5,0.03355,0,0.0
25,90,receiver_stage/1,2,19.779289,20.021326,0.242037,7,0.212665,0,0.0
25,94,receiver_stage/1,2,20.021406,20.360765,0.339359,7,0.305418,0,0.0
25,100,receiver_stage/1,2,20.360815,21.336794,0.975979,1,0.069302,1,0.898396
25,113,receiver_stage/1,2,21.336854,21.612752,0.275898,7,0.242607,0,0.0
25,119,receiver_stage/1,2,21.613052,22.709144,1.096092,2,0.108003,1,0.976899
25,129,receiver_stage/1,2,22.709214,23.118215,0.409001,7,0.199846,1,0.164745
25,134,receiver_stage/1,2,23.118435,23.365863,0.247428,7,0.226466,0,0.0
25,142,receiver_stage/1,2,23.365943,24.569927,1.203984,2,0.137904,1,1.05476
25,157,receiver_stage/1,2,24.570007,25.479244,0.909237,1,0.083782,1,0.811954
25,0,receiver_stage/0,3,10.641744,12.182774,1.54103,4,0.231666,1,0.161255
25,16,receiver_stage/0,3,12.182844,12.883474,0.70063,7,0.554407,0,0.0
25,19,receiver_stage/0,3,12.883594,13.351278,0.467684,7,0.361022,0,0.0
25,20,receiver_stage/0,3,13.351328,18.159377,4.808049,7,3.534261,3,1.090472
25,75,receiver_stage/0,3,18.159587,18.404884,0.245297,7,0.130283,0,0.0
25,77,receiver_stage/0,3,18.404994,18.502127,0.097133,6,0.018229,0,0.0
25,78,receiver_stage/0,3,18.502157,19.188367,0.68621,3,0.118864,1,0.547916
25,84,receiver_stage/0,3,19.188437,19.620049,0.431612,7,0.174235,1,0.207506
25,87,receiver_stage/0,3,19.620119,20.243037,0.622918,2,0.089561,1,0.522235
25,98,receiver_stage/0,3,20.243157,20.831744,0.588587,1,0.064581,1,0.516275
25,104,receiver_stage/0,3,20.831824,21.087152,0.255328,7,0.232624,0,0.0
25,110,receiver_stage/0,3,21.087182,21.851304,0.764122,1,0.059142,1,0.69973
25,123,receiver_stage/0,3,21.851364,22.905015,1.053651,1,0.118994,1,0.925517
25,132,receiver_stage/0,3,22.905295,23.218094,0.312799,7,0.276148,0,0.0
25,140,receiver_stage/0,3,23.218164,23.818001,0.599837,1,0.067182,1,0.524225
25,146,receiver_stage/0,3,23.818021,24.038307,0.220286,7,0.193573,0,0.0
25,150,receiver_stage/0,3,24.038338,24.652305,0.613967,2,0.087751,1,0.515845
25,158,receiver_stage/0,3,24.652645,25.413777,0.761132,1,0.095032,1,0.656009
25,3,receiver_stage/3,4,10.679464,10.920991,0.241527,7,0.083704,0,0.0
25,8,receiver_stage/3,4,10.921102,12.351163,1.430061,6,0.958388,1,0.391891
25,17,receiver_stage/3,4,12.351233,13.861547,1.510314,7,0.69097,1,0.68347
25,23,receiver_stage/3,4,13.861667,14.103864,0.242197,7,0.03242,0,0.0
25,28,receiver_stage/3,4,14.103974,14.30411,0.200136,7,0.138064,0,0.0
25,31,receiver_stage/3,4,14.30416,14.621489,0.317329,7,0.283049,0,0.0
25,35,receiver_stage/3,4,14.621539,15.01218,0.390641,7,0.151034,1,0.202096
25,41,receiver_stage/3,4,15.01226,15.766682,0.754422,1,0.063962,1,0.68268
25,45,receiver_stage/3,4,15.766712,16.434371,0.667659,2,0.081843,1,0.575626
25,51,receiver_stage/3,4,16.434441,16.686549,0.252108,7,0.221965,0,0.0
25,56,receiver_stage/3,4,16.686699,17.42891,0.742211,1,0.072782,1,0.656949
25,63,receiver_stage/3,4,17.42929,17.669087,0.239797,7,0.211025,0,0.0
25,64,receiver_stage/3,4,17.669437,17.927405,0.257968,7,0.227526,0,0.0
25,70,receiver_stage/3,4,17.927525,18.569063,0.641538,1,0.067362,1,0.562956
25,79,receiver_stage/3,4,18.569273,19.16394,0.594667,1,0.069552,1,0.515444
25,83,receiver_stage/3,4,19.16421,19.768828,0.604618,1,0.059141,1,0.540186
25,89,receiver_stage/3,4,19.768888,20.066817,0.297929,7,0.264867,0,0.0
25,95,receiver_stage/3,4,20.066877,20.292373,0.225496,7,0.196366,0,0.0
25,99,receiver_stage/3,4,20.292563,20.900021,0.607458,1,0.060972,1,0.540666
25,105,receiver_stage/3,4,20.901431,21.252911,0.35148,7,0.246828,0,0.0
25,111,receiver_stage/3,4,21.252961,21.477138,0.224177,7,0.192335,0,0.0
25,115,receiver_stage/3,4,21.477278,21.795117,0.317839,7,0.259667,0,0.0
25,122,receiver_stage/3,4,21.795257,22.858168,1.062911,1,0.121764,1,0.932097
25,130,receiver_stage/3,4,22.858238,23.185567,0.327329,7,0.239898,0,0.0
25,136,receiver_stage/3,4,23.185607,23.97927,0.793663,2,0.108353,1,0.674719
25,149,receiver_stage/3,4,23.97937,24.210677,0.231307,7,0.208817,0,0.0
25,152,receiver_stage/3,4,24.210717,24.823025,0.612308,1,0.061912,1,0.543046
25,2,receiver_stage/2,5,10.669639,10.969487,0.299848,7,0.135462,0,0.0
25,9,receiver_stage/2,5,10.969567,11.152653,0.183086,7,0.104793,0,0.0
25,11,receiver_stage/2,5,11.152683,11.558774,0.406091,6,0.334839,0,0.0
25,12,receiver_stage/2,5,11.558804,13.900452,2.341648,7,0.614437,1,1.607246
25,24,receiver_stage/2,5,13.900512,14.026726,0.126214,7,0.057112,0,0.0
25,25,receiver_stage/2,5,14.027306,17.146116,3.11881,7,2.682989,2,0.259497
25,59,receiver_stage/2,5,17.146556,17.742374,0.595818,1,0.063421,1,0.523075
25,66,receiver_stage/2,5,17.742414,18.017422,0.275008,7,0.246597,0,0.0
25,72,receiver_stage/2,5,18.017472,18.853146,0.835674,1,0.094383,1,0.728351
25,81,receiver_stage/2,5,18.853296,19.731601,0.878305,2,0.103753,1,0.759232
25,88,receiver_stage/2,5,19.731641,19.992619,0.260978,7,0.230106,0,0.0
25,93,receiver_stage/2,5,19.992669,20.974527,0.981858,3,0.114404,1,0.851264
25,108,receiver_stage/2,5,20.974807,21.39411,0.419303,7,0.365179,0,0.0
25,114,receiver_stage/2,5,21.39424,21.621786,0.227546,7,0.204324,0,0.0
25,120,receiver_stage/2,5,21.622236,22.214923,0.592687,1,0.060881,1,0.518805
25,124,receiver_stage/2,5,22.215393,22.901233,0.68584,1,0.061191,1,0.615988
25,131,receiver_stage/2,5,22.901403,23.14933,0.247927,7,0.214375,0,0.0
25,135,receiver_stage/2,5,23.149401,23.913793,0.764392,1,0.084512,1,0.66922
25,147,receiver_stage/2,5,23.913903,24.15269,0.238787,7,0.213706,0,0.0
25,151,receiver_stage/2,5,24.15281,24.753927,0.601117,1,0.059161,1,0.536566
25,159,receiver_stage/2,5,24.753987,25.520949,0.766962,2,0.126644,1,0.626228
25,7,receiver_stage/7,6,10.748023,13.476596,2.728573,4,1.571885,1,0.463689
25,21,receiver_stage/7,6,13.476636,20.902752,7.426116,8,4.691294,5,2.563165
25,106,receiver_stage/7,6,20.902992,21.557851,0.654859,1,0.066072,1,0.575157
25,116,receiver_stage/7,6,21.557891,22.361674,0.803783,1,0.060242,1,0.736401
25,126,receiver_stage/7,6,22.361854,23.188528,0.826674,1,0.070042,1,0.742351
25,137,receiver_stage/7,6,23.188638,23.764255,0.575617,1,0.061892,1,0.505975
25,143,receiver_stage/7,6,23.764625,23.965581,0.200956,7,0.081653,0,0.0
25,148,receiver_stage/7,6,23.965621,24.246759,0.281138,7,0.257147,0,0.0
25,153,receiver_stage/7,6,24.246789,24.873317,0.626528,1,0.075163,1,0.530055
25,5,receiver_stage/6,7,10.725206,11.037085,0.311879,7,0.194474,0,0.0
25,10,receiver_stage/6,7,11.037126,12.142667,1.105541,7,0.891635,0,0.0
25,15,receiver_stage/6,7,12.142737,14.027782,1.885045,7,1.449762,1,0.254428
25,26,receiver_stage/6,7,14.027862,14.124394,0.096532,7,0.03122,0,0.0
25,29,receiver_stage/6,7,14.124434,14.33474,0.210306,7,0.115423,0,0.0
25,32,receiver_stage/6,7,14.3348,14.598958,0.264158,7,0.238256,0,0.0
25,34,receiver_stage/6,7,14.599048,14.816514,0.217466,7,0.197054,0,0.0
25,38,receiver_stage/6,7,14.816615,14.905847,0.089232,7,0.047091,0,0.0
25,40,receiver_stage/6,7,14.905917,15.555686,0.649769,7,0.522955,0,0.0
25,43,receiver_stage/6,7,15.555746,15.839694,0.283948,7,0.207347,0,0.0
25,46,receiver_stage/6,7,15.839794,16.512234,0.67244,3,0.106403,1,0.550086
25,53,receiver_stage/6,7,16.512414,17.109371,0.596957,1,0.070482,1,0.518015
25,58,receiver_stage/6,7,17.109701,17.357948,0.248247,7,0.182476,0,0.0
25,62,receiver_stage/6,7,17.357978,17.78287,0.424892,7,0.142064,1,0.238467
25,67,receiver_stage/6,7,17.782901,18.021577,0.238676,7,0.179745,0,0.0
25,73,receiver_stage/6,7,18.021617,18.863722,0.842105,1,0.094552,1,0.738732
25,82,receiver_stage/6,7,18.863832,19.458469,0.594637,1,0.073972,1,0.510405
25,85,receiver_stage/6,7,19.458579,19.877881,0.419302,7,0.210976,1,0.169235
25,91,receiver_stage/6,7,19.877931,20.158409,0.280478,7,0.251486,0,0.0
25,97,receiver_stage/6,7,20.158479,20.487659,0.32918,7,0.281969,0,0.0
25,102,receiver_stage/6,7,20.487729,20.733346,0.245617,7,0.220075,0,0.0
25,103,receiver_stage/6,7,20.733526,20.980433,0.246907,7,0.214195,0,0.0
25,109,receiver_stage/6,7,20.980533,21.727585,0.747052,1,0.068321,1,0.66954
25,121,receiver_stage/6,7,21.727615,22.333442,0.605827,1,0.059792,1,0.539715
25,125,receiver_stage/6,7,22.333492,22.975241,0.641749,1,0.070452,1,0.563106
25,133,receiver_stage/6,7,22.975661,23.200858,0.225197,7,0.198934,0,0.0
25,138,receiver_stage/6,7,23.201128,23.768344,0.567216,1,0.059471,1,0.502625
25,144,receiver_stage/6,7,23.768524,24.389912,0.621388,1,0.058622,1,0.556086
25,155,receiver_stage/6,7,24.389972,25.427462,1.03749,3,0.140155,1,0.878665
25,4,receiver_stage/4,8,10.7014,11.695519,0.994119,4,0.391481,0,0.0
25,13,receiver_stage/4,8,11.695679,14.085759,2.39008,7,0.681569,1,1.573296
25,27,receiver_stage/4,8,14.085829,14.212652,0.126823,7,0.079463,0,0.0
25,30,receiver_stage/4,8,14.212742,14.48192,0.269178,7,0.212736,0,0.0
25,33,receiver_stage/4,8,14.48197,14.723127,0.241157,7,0.212596,0,0.0
25,36,receiver_stage/4,8,14.723227,15.110888,0.387661,7,0.151234,1,0.204616
25,42,receiver_stage/4,8,15.110978,15.86323,0.752252,1,0.058412,1,0.68855
25,47,receiver_stage/4,8,15.86326,16.469608,0.606348,1,0.060641,1,0.538576
25,52,receiver_stage/4,8,16.473478,17.106276,0.632798,1,0.092203,1,0.527785
25,57,receiver_stage/4,8,17.106346,17.835587,0.729241,1,0.066922,1,0.654169
25,68,receiver_stage/4,8,17.835757,18.058304,0.222547,7,0.167566,0,0.0
25,74,receiver_stage/4,8,18.058394,18.27769,0.219296,7,0.092591,0,0.0
25,76,receiver_stage/4,8,18.27815,19.900557,1.622407,6,1.0051,1,0.521255
25,92,receiver_stage/4,8,19.900627,20.912347,1.01172,3,0.133744,1,0.855605
25,107,receiver_stage/4,8,20.912537,21.572666,0.660129,1,0.064522,1,0.585497
25,117,receiver_stage/4,8,21.572726,22.39896,0.826234,2,0.104973,1,0.708371
25,127,receiver_stage/4,8,22.3993,23.278265,0.878965,2,0.115353,1,0.752752
25,141,receiver_stage/4,8,23.278335,24.419738,1.141403,1,0.117754,1,1.013179
25,156,receiver_stage/4,8,24.419848,25.307414,0.887566,1,0.098253,1,0.780103
25,6,receiver_stage/5,9,10.725386,12.031974,1.306588,6,1.03197,0,0.0
25,14,receiver_stage/5,9,12.032044,13.856907,1.824863,7,1.4166,1,0.256058
25,22,receiver_stage/5,9,13.856987,15.69297,1.835983,7,1.533335,1,0.150615
25,44,receiver_stage/5,9,15.69303,16.327138,0.634108,1,0.060022,1,0.566346
25,49,receiver_stage/5,9,16.327328,16.632797,0.305469,7,0.277547,0,0.0
25,55,receiver_stage/5,9,16.632847,17.279286,0.646439,2,0.083642,1,0.551276
25,61,receiver_stage/5,9,17.279386,17.739699,0.460313,7,0.167764,1,0.243457
25,65,receiver_stage/5,9,17.739729,18.002687,0.262958,7,0.234765,0,0.0
25,71,receiver_stage/5,9,18.002977,18.635125,0.632148,1,0.080003,1,0.546235
25,80,receiver_stage/5,9,18.636215,19.547172,0.910957,1,0.120613,1,0.777233
25,86,receiver_stage/5,9,19.547252,20.145329,0.598077,1,0.071612,1,0.515825
25,96,receiver_stage/5,9,20.145429,20.385046,0.239617,7,0.214436,0,0.0
25,101,receiver_stage/5,9,20.385116,21.330954,0.945838,1,0.057942,1,0.882596
25,112,receiver_stage/5,9,21.331014,21.607622,0.276608,7,0.241848,0,0.0
25,118,receiver_stage/5,9,21.607652,22.663292,1.05564,1,0.080182,1,0.964908
25,128,receiver_stage/5,9,22.663482,23.216398,0.552916,7,0.31376,1,0.180345
25,139,receiver_stage/5,9,23.216448,23.796495,0.580047,1,0.060872,1,0.510795
25,145,receiver_stage/5,9,23.796525,24.368272,0.571747,1,0.058502,1,0.508235
25,154,receiver_stage/5,9,24.368412,25.422592,1.05418,3,0.144594,1,0.891046
26,7,receiver_stage/7,2,11.236326,12.731029,1.494703,6,0.995688,1,0.399482
26,18,receiver_stage/7,2,12.731489,14.885522,2.154033,7,1.289529,1,0.68863
26,31,receiver_stage/7,2,14.885822,15.15248,0.266658,7,0.225355,0,0.0
26,35,receiver_stage/7,2,15.15264,15.797799,0.645159,2,0.088292,1,0.542386
26,39,receiver_stage/7,2,15.797839,15.893002,0.095163,7,0.050302,0,0.0
26,41,receiver_stage/7,2,15.893122,16.153199,0.260077,7,0.233165,0,0.0
26,44,receiver_stage/7,2,16.153299,16.777881,0.624582,1,0.060702,1,0.5584
26,50,receiver_stage/7,2,16.777931,17.232315,0.454384,7,0.156216,1,0.246417
26,55,receiver_stage/7,2,17.232565,17.478402,0.245837,7,0.182644,0,0.0
26,61,receiver_stage/7,2,17.478632,19.232713,1.754081,5,0.024661,0,0.0
26,81,receiver_stage/7,2,19.232763,20.021115,0.788352,1,0.070372,1,0.70944
26,96,receiver_stage/7,2,20.021245,20.87206,0.850815,1,0.066812,1,0.772752
26,101,receiver_stage/7,2,20.87212,21.449457,0.577337,1,0.063822,1,0.505265
26,110,receiver_stage/7,2,21.449587,22.054594,0.605007,1,0.066992,1,0.528505
26,116,receiver_stage/7,2,22.054774,22.821327,0.766553,1,0.097323,1,0.656599
26,128,receiver_stage/7,2,22.821547,23.663391,0.841844,1,0.072022,1,0.759802
26,136,receiver_stage/7,2,23.663481,24.474175,0.810694,1,0.071532,1,0.733582
26,148,receiver_stage/7,2,24.474275,25.398911,0.924636,1,0.098363,1,0.819873
26,157,receiver_stage/7,2,25.398971,26.887344,1.488373,3,0.231357,1,1.232435
26,1,receiver_stage/1,3,11.132148,12.668942,1.536794,4,0.322438,1,0.149975
26,16,receiver_stage/1,3,12.669162,13.413434,0.744272,7,0.564875,0,0.0
26,19,receiver_stage/1,3,13.413894,13.860907,0.447013,7,0.34297,0,0.0
26,20,receiver_stage/1,3,13.860967,18.962015,5.101048,7,3.815872,3,1.103762
26,80,receiver_stage/1,3,18.962115,19.777618,0.815503,1,0.078382,1,0.724041
26,91,receiver_stage/1,3,19.777688,20.16451,0.386822,7,0.3261,0,0.0
26,97,receiver_stage/1,3,20.16454,21.090646,0.926106,2,0.089382,1,0.826204
26,105,receiver_stage/1,3,21.090716,22.446106,1.35539,2,0.144244,1,1.195735
26,123,receiver_stage/1,3,22.446166,22.721434,0.275268,7,0.236936,0,0.0
26,125,receiver_stage/1,3,22.721584,22.94449,0.222906,7,0.200555,0,0.0
26,130,receiver_stage/1,3,22.94452,23.140946,0.196426,7,0.083933,0,0.0
26,134,receiver_stage/1,3,23.141206,24.110074,0.968868,2,0.104293,1,0.852765
26,146,receiver_stage/1,3,24.110134,24.707651,0.597517,1,0.065102,1,0.524045
26,151,receiver_stage/1,3,24.707711,25.427152,0.719441,2,0.127483,1,0.575797
26,159,receiver_stage/1,3,25.427312,26.645192,1.21788,1,0.097142,1,0.998963
26,4,receiver_stage/4,4,11.184929,11.769346,0.584417,4,0.217416,0,0.0
26,12,receiver_stage/4,4,11.769536,14.125219,2.355683,7,0.624607,1,1.593261
26,23,receiver_stage/4,4,14.125299,17.366188,3.240889,7,2.798676,2,0.261888
26,58,receiver_stage/4,4,17.366278,17.685797,0.319519,7,0.253576,0,0.0
26,62,receiver_stage/4,4,17.685867,17.886943,0.201076,7,0.078912,0,0.0
26,65,receiver_stage/4,4,17.887043,17.996386,0.109343,6,0.01856,0,0.0
26,69,receiver_stage/4,4,17.996426,18.252844,0.256418,7,0.225937,0,0.0
26,71,receiver_stage/4,4,18.253034,18.565933,0.312899,7,0.291329,0,0.0
26,73,receiver_stage/4,4,18.565983,18.789969,0.223986,7,0.192866,0,0.0
26,77,receiver_stage/4,4,18.790269,19.380436,0.590167,1,0.065692,1,0.519055
26,83,receiver_stage/4,4,19.380466,19.645444,0.264978,7,0.236016,0,0.0
26,88,receiver_stage/4,4,19.645514,19.884231,0.238717,7,0.217406,0,0.0
26,94,receiver_stage/4,4,19.884341,20.936131,1.05179,1,0.115274,1,0.928226
26,102,receiver_stage/4,4,20.936191,21.531599,0.595408,1,0.067912,1,0.516985
26,112,receiver_stage/4,4,21.531639,22.138216,0.606577,1,0.065422,1,0.530145
26,117,receiver_stage/4,4,22.138266,22.96373,0.825464,2,0.124293,1,0.68606
26,131,receiver_stage/4,4,22.96379,23.567588,0.603798,1,0.077232,1,0.515035
26,135,receiver_stage/4,4,23.567658,24.440973,0.873315,1,0.111933,1,0.753602
26,147,receiver_stage/4,4,24.441043,25.37428,0.933237,1,0.092882,1,0.817314
26,155,receiver_stage/4,4,25.37434,26.178584,0.804244,1,0.063752,1,0.731131
26,5,receiver_stage/5,5,11.20317,11.53709,0.33392,7,0.197766,0,0.0
26,10,receiver_stage/5,5,11.5373,11.973842,0.436542,6,0.357671,0,0.0
26,13,receiver_stage/5,5,11.974762,12.695973,0.721211,6,0.617408,0,0.0
26,17,receiver_stage/5,5,12.696183,14.220497,1.524314,7,0.677068,1,0.68496
26,24,receiver_stage/5,5,14.220677,14.402402,0.181725,7,0.092553,0,0.0
26,25,receiver_stage/5,5,14.402672,14.530856,0.128184,7,0.03112,0,0.0
26,28,receiver_stage/5,5,14.531026,14.864716,0.33369,7,0.287478,0,0.0
26,30,receiver_stage/5,5,14.874906,15.124123,0.249217,7,0.221266,0,0.0
26,34,receiver_stage/5,5,15.124743,15.741441,0.616698,1,0.068702,1,0.539316
26,38,receiver_stage/5,5,15.741471,15.851484,0.110013,7,0.074272,0,0.0
26,40,receiver_stage/5,5,15.851594,16.131622,0.280028,7,0.248547,0,0.0
26,43,receiver_stage/5,5,16.131672,16.352809,0.221137,7,0.194135,0,0.0
26,48,receiver_stage/5,5,16.352899,16.645997,0.293098,7,0.212286,0,0.0
26,49,receiver_stage/5,5,16.646117,17.144407,0.49829,7,0.18975,1,0.257248
26,54,receiver_stage/5,5,17.144957,17.378773,0.233816,7,0.208075,0,0.0
26,59,receiver_stage/5,5,17.378804,17.747914,0.36911,7,0.159653,1,0.156475
26,63,receiver_stage/5,5,17.748084,17.978031,0.229947,7,0.120024,0,0.0
26,68,receiver_stage/5,5,17.978131,18.228318,0.250187,7,0.220006,0,0.0
26,70,receiver_stage/5,5,18.228348,18.433024,0.204676,7,0.188096,0,0.0
26,72,receiver_stage/5,5,18.433114,18.778484,0.34537,7,0.30141,0,0.0
26,76,receiver_stage/5,5,18.778544,19.373301,0.594757,1,0.070581,1,0.512455
26,82,receiver_stage/5,5,19.373332,19.628269,0.254937,7,0.231068,0,0.0
26,87,receiver_stage/5,5,19.628409,19.877736,0.249327,7,0.226956,0,0.0
26,93,receiver_stage/5,5,19.877836,20.528875,0.651039,1,0.058202,1,0.580917
26,100,receiver_stage/5,5,20.528975,21.135162,0.606187,1,0.072082,1,0.523465
26,106,receiver_stage/5,5,21.135222,21.39235,0.257128,7,0.220465,0,0.0
26,109,receiver_stage/5,5,21.39258,21.626157,0.233577,7,0.214175,0,0.0
26,115,receiver_stage/5,5,21.626457,22.233574,0.607117,1,0.061012,1,0.539055
26,121,receiver_stage/5,5,22.233624,23.13732,0.903696,1,0.090273,1,0.804183
26,133,receiver_stage/5,5,23.13736,24.024326,0.886966,1,0.081852,1,0.792113
26,143,receiver_stage/5,5,24.024456,24.933673,0.909217,1,0.139794,1,0.759783
26,154,receiver_stage/5,5,24.933743,25.908671,0.974928,1,0.066402,1,0.898916
26,2,receiver_stage/2,6,11.151368,11.493258,0.34189,7,0.145484,0,0.0
26,9,receiver_stage/2,6,11.493308,12.634561,1.141253,7,0.993566,0,0.0
26,14,receiver_stage/2,6,12.634851,14.479825,1.844974,7,1.429472,1,0.260388
26,26,receiver_stage/2,6,14.480145,14.625219,0.145074,7,0.094502,0,0.0
26,29,receiver_stage/2,6,14.626519,14.955599,0.32908,7,0.277887,0,0.0
26,33,receiver_stage/2,6,14.955709,15.569916,0.614207,1,0.068512,1,0.532145
26,37,receiver_stage/2,6,15.569956,16.343129,0.773173,1,0.073832,1,0.66527
26,46,receiver_stage/2,6,16.343199,17.469101,1.125902,6,0.033351,0,0.0
26,60,receiver_stage/2,6,17.469161,17.876483,0.407322,7,0.195585,1,0.170745
26,64,receiver_stage/2,6,17.876643,19.463679,1.587036,6,0.950858,1,0.531455
26,84,receiver_stage/2,6,19.463729,19.726907,0.263178,7,0.239335,0,0.0
26,89,receiver_stage/2,6,19.726937,19.950783,0.223846,7,0.202304,0,0.0
26,95,receiver_stage/2,6,19.950893,21.002634,1.051741,1,0.115943,1,0.929737
26,103,receiver_stage/2,6,21.002884,21.595091,0.592207,1,0.069892,1,0.513635
26,114,receiver_stage/2,6,21.595291,22.269421,0.67413,2,0.115664,1,0.543136
26,122,receiver_stage/2,6,22.269761,22.523878,0.254117,7,0.209487,0,0.0
26,124,receiver_stage/2,6,22.523918,22.790196,0.266278,7,0.242136,0,0.0
26,127,receiver_stage/2,6,22.790386,23.791655,1.001269,1,0.138304,1,0.855335
26,140,receiver_stage/2,6,23.791725,24.079043,0.287318,7,0.257987,0,0.0
26,144,receiver_stage/2,6,24.079073,24.873466,0.794393,1,0.079453,1,0.70933
26,153,receiver_stage/2,6,24.873576,25.915346,1.04177,3,0.148945,1,0.873335
26,0,receiver_stage/0,7,11.145782,12.650606,1.504824,4,0.473164,1,0.526445
26,15,receiver_stage/0,7,12.650736,14.52001,1.869274,7,1.43083,1,0.258008
26,27,receiver_stage/0,7,14.52091,14.888871,0.367961,7,0.290419,0,0.0
26,32,receiver_stage/0,7,14.889151,15.56298,0.673829,3,0.121404,1,0.525695
26,36,receiver_stage/0,7,15.56327,16.345253,0.781983,1,0.108743,1,0.663479
26,47,receiver_stage/0,7,16.345323,17.085334,0.740011,7,0.586566,0,0.0
26,52,receiver_stage/0,7,17.085494,17.341082,0.255588,7,0.224956,0,0.0
26,57,receiver_stage/0,7,17.341112,17.932109,0.590997,1,0.066372,1,0.517785
26,66,receiver_stage/0,7,17.932239,18.594968,0.662729,1,0.069332,1,0.581327
26,75,receiver_stage/0,7,18.595188,18.933338,0.33815,7,0.30783,0,0.0
26,79,receiver_stage/0,7,18.933388,19.572596,0.639208,1,0.061752,1,0.569956
26,86,receiver_stage/0,7,19.572627,19.807283,0.234656,7,0.197025,0,0.0
26,92,receiver_stage/0,7,19.807333,20.429641,0.622308,1,0.059312,1,0.555426
26,99,receiver_stage/0,7,20.429751,21.244695,0.814944,2,0.106034,1,0.69801
26,107,receiver_stage/0,7,21.244895,21.520583,0.275688,7,0.244867,0,0.0
26,111,receiver_stage/0,7,21.520703,22.150531,0.629828,1,0.060312,1,0.563826
26,118,receiver_stage/0,7,22.150731,22.78792,0.637189,2,0.098082,1,0.520856
26,126,receiver_stage/0,7,22.78826,23.787649,0.999389,1,0.134904,1,0.854585
26,139,receiver_stage/0,7,23.787709,24.084007,0.296298,7,0.267588,0,0.0
26,145,receiver_stage/0,7,24.084047,24.655824,0.571777,1,0.061861,1,0.503065
26,149,receiver_stage/0,7,24.655934,25.376955,0.721021,1,0.061782,1,0.652159
26,156,receiver_stage/0,7,25.377135,26.170068,0.792933,1,0.064482,1,0.719441
26,6,receiver_stage/6,8,11.223906,13.995331,2.771425,4,1.766352,1,0.464058
26,22,receiver_stage/6,8,13.995371,15.894346,1.898975,7,1.581206,1,0.158144
26,42,receiver_stage/6,8,15.894486,16.159294,0.264808,7,0.236107,0,0.0
26,45,receiver_stage/6,8,16.159404,16.828158,0.668754,2,0.091703,1,0.565371
26,51,receiver_stage/6,8,16.828218,17.096796,0.268578,7,0.230587,0,0.0
26,53,receiver_stage/6,8,17.096856,17.338623,0.241767,7,0.222166,0,0.0
26,56,receiver_stage/6,8,17.338653,17.93285,0.594197,1,0.066602,1,0.518495
26,67,receiver_stage/6,8,17.93293,18.582129,0.649199,2,0.085942,1,0.547736
26,74,receiver_stage/6,8,18.582399,18.842986,0.260587,7,0.222646,0,0.0
26,78,receiver_stage/6,8,18.843177,19.490345,0.647168,1,0.065802,1,0.567166
26,85,receiver_stage/6,8,19.490455,19.749253,0.258798,7,0.234788,0,0.0
26,90,receiver_stage/6,8,19.749333,20.190345,0.441012,7,0.39432,0,0.0
26,98,receiver_stage/6,8,20.190455,21.014429,0.823974,1,0.084472,1,0.731801
26,104,receiver_stage/6,8,21.014489,22.217014,1.202525,1,0.128153,1,1.061511
26,120,receiver_stage/6,8,22.217204,23.11989,0.902686,1,0.087842,1,0.797673
26,132,receiver_stage/6,8,23.12007,23.78035,0.66028,3,0.117103,1,0.521686
26,138,receiver_stage/6,8,23.78045,24.014996,0.234546,7,0.208675,0,0.0
26,142,receiver_stage/6,8,24.015026,24.780509,0.765483,1,0.080153,1,0.67968
26,152,receiver_stage/6,8,24.780569,25.450868,0.670299,1,0.089132,1,0.572647
26,3,receiver_stage/3,9,11.173289,11.430656,0.257367,7,0.085971,0,0.0
26,8,receiver_stage/3,9,11.430756,11.610351,0.179595,7,0.098022,0,0.0
26,11,receiver_stage/3,9,11.611581,13.97109,2.359509,7,0.635006,1,1.588167
26,21,receiver_stage/3,9,13.97207,21.348654,7.376584,8,4.668567,5,2.546593
26,108,receiver_stage/3,9,21.348724,21.57532,0.226596,7,0.198336,0,0.0
26,113,receiver_stage/3,9,21.57573,22.187088,0.611358,1,0.061412,1,0.543736
26,119,receiver_stage/3,9,22.187148,22.850367,0.663219,2,0.103923,1,0.545396
26,129,receiver_stage/3,9,22.850707,23.681941,0.831234,1,0.069502,1,0.753172
26,137,receiver_stage/3,9,23.682001,23.912498,0.230497,7,0.197967,0,0.0
26,141,receiver_stage/3,9,23.912528,24.65651,0.743982,1,0.080883,1,0.655939
26,150,receiver_stage/3,9,24.65661,25.402621,0.746011,1,0.077852,1,0.661599
26,158,receiver_stage/3,9,25.402681,26.897065,1.494384,3,0.227688,1,1.242466
27,2,receiver_stage/2,2,10.580846,10.929046,0.3482,7,0.147574,0,0.0
27,9,receiver_stage/2,2,10.929086,11.938775,1.009689,7,0.871935,0,0.0
27,15,receiver_stage/2,2,11.938855,13.886682,1.947827,7,1.471964,1,0.301589
27,25,receiver_stage/2,2,13.886742,14.14968,0.262938,7,0.233098,0,0.0
27,28,receiver_stage/2,2,14.14978,14.416647,0.266867,7,0.244256,0,0.0
27,31,receiver_stage/2,2,14.416837,14.674885,0.258048,7,0.223827,0,0.0
27,34,receiver_stage/2,2,14.675505,15.152529,0.477024,7,0.151884,1,0.279508
27,38,receiver_stage/2,2,15.153169,15.407306,0.254137,7,0.184374,0,0.0
27,40,receiver_stage/2,2,15.407356,16.048655,0.641299,2,0.095962,1,0.529226
27,46,receiver_stage/2,2,16.048685,16.313332,0.264647,7,0.228867,0,0.0
27,48,receiver_stage/2,2,16.313482,16.56922,0.255738,7,0.230378,0,0.0
27,51,receiver_stage/2,2,16.56928,16.789056,0.219776,7,0.191675,0,0.0
27,53,receiver_stage/2,2,16.789176,17.067544,0.278368,7,0.251377,0,0.0
27,57,receiver_stage/2,2,17.067624,17.708343,0.640719,1,0.061752,1,0.573587
27,64,receiver_stage/2,2,17.708373,17.929409,0.221036,7,0.195606,0,0.0
27,68,receiver_stage/2,2,17.929479,19.379741,1.450262,1,0.122084,1,1.321518
27,83,receiver_stage/2,2,19.379811,20.326949,0.947138,1,0.125423,1,0.809644
27,95,receiver_stage/2,2,20.327019,20.556695,0.229676,7,0.096522,0,0.0
27,98,receiver_stage/2,2,20.556745,20.843334,0.286589,7,0.261665,0,0.0
27,102,receiver_stage/2,2,20.843414,21.4221,0.578686,1,0.064732,1,0.506764
27,108,receiver_stage/2,2,21.42214,22.45455,1.03241,1,0.074572,1,0.951017
27,118,receiver_stage/2,2,22.45461,23.047328,0.592718,1,0.067492,1,0.515715
27,124,receiver_stage/2,2,23.047468,23.887342,0.839874,3,0.113113,1,0.705621
27,136,receiver_stage/2,2,23.887412,24.777618,0.890206,1,0.083643,1,0.792793
27,144,receiver_stage/2,2,24.777678,25.21302,0.435342,7,0.155814,1,0.233107
27,149,receiver_stage/2,2,25.21307,25.814138,0.601068,1,0.064291,1,0.528926
27,156,receiver_stage/2,2,25.814168,26.415365,0.601197,1,0.061242,1,0.532965
27,3,receiver_stage/3,3,10.602232,10.86544,0.263208,7,0.089752,0,0.0
27,8,receiver_stage/3,3,10.86579,11.173099,0.307309,7,0.093013,0,0.0
27,10,receiver_stage/3,3,11.173149,11.620062,0.446913,6,0.367249,0,0.0
27,13,receiver_stage/3,3,11.620702,12.127256,0.506554,6,0.422363,0,0.0
27,16,receiver_stage/3,3,12.127416,12.844827,0.717411,7,0.555905,0,0.0
27,19,receiver_stage/3,3,12.844967,13.333391,0.488424,7,0.37874,0,0.0
27,20,receiver_stage/3,3,13.333441,18.098639,4.765198,7,3.47773,3,1.115631
27,72,receiver_stage/3,3,18.098759,18.703737,0.604978,1,0.060301,1,0.537036
27,75,receiver_stage/3,3,18.703797,18.964694,0.260897,7,0.227073,0,0.0
27,79,receiver_stage/3,3,18.964854,19.622134,0.65728,2,0.094283,1,0.547926
27,86,receiver_stage/3,3,19.622194,20.491119,0.868925,1,0.082792,1,0.777453
27,97,receiver_stage/3,3,20.491389,20.746566,0.255177,7,0.224757,0,0.0
27,100,receiver_stage/3,3,20.746626,21.432156,0.68553,1,0.065281,1,0.612028
27,110,receiver_stage/3,3,21.432256,22.344162,0.911906,3,0.115094,1,0.781582
27,117,receiver_stage/3,3,22.344352,23.200887,0.856535,1,0.084322,1,0.766962
27,127,receiver_stage/3,3,23.201187,23.470715,0.269528,7,0.230465,0,0.0
27,129,receiver_stage/3,3,23.470755,23.766694,0.295939,7,0.273039,0,0.0
27,134,receiver_stage/3,3,23.767094,24.582357,0.815263,1,0.065942,1,0.738511
27,142,receiver_stage/3,3,24.582417,25.37253,0.790113,2,0.114043,1,0.659709
27,151,receiver_stage/3,3,25.37265,26.452132,1.079482,1,0.075903,1,0.996899
27,5,receiver_stage/5,4,10.656979,11.282557,0.625578,7,0.404533,0,0.0
27,11,receiver_stage/5,4,11.282627,13.877352,2.594725,7,0.767893,1,1.675689
27,24,receiver_stage/5,4,13.877482,14.065878,0.188396,7,0.093953,0,0.0
27,27,receiver_stage/5,4,14.065938,14.298184,0.232246,7,0.207575,0,0.0
27,30,receiver_stage/5,4,14.298515,14.618859,0.320344,7,0.256197,0,0.0
27,33,receiver_stage/5,4,14.618959,15.092792,0.473833,7,0.171796,1,0.248517
27,37,receiver_stage/5,4,15.093222,15.801463,0.708241,7,0.579647,0,0.0
27,42,receiver_stage/5,4,15.801503,15.986768,0.185265,7,0.076411,0,0.0
27,44,receiver_stage/5,4,15.986889,17.700988,1.714099,6,1.099801,1,0.519965
27,63,receiver_stage/5,4,17.701048,18.721922,1.020874,1,0.081053,1,0.931761
27,76,receiver_stage/5,4,18.721962,19.055412,0.33345,7,0.281059,0,0.0
27,80,receiver_stage/5,4,19.055472,19.653589,0.598117,1,0.061832,1,0.529815
27,87,receiver_stage/5,4,19.653619,19.875266,0.221647,7,0.192965,0,0.0
27,88,receiver_stage/5,4,19.875676,20.158754,0.283078,7,0.248258,0,0.0
27,91,receiver_stage/5,4,20.158984,20.760531,0.601547,1,0.065562,1,0.523675
27,101,receiver_stage/5,4,20.760561,21.441201,0.68064,1,0.060671,1,0.610908
27,111,receiver_stage/5,4,21.441231,22.338477,0.897246,1,0.061072,1,0.829814
27,116,receiver_stage/5,4,22.338537,23.162131,0.823594,1,0.066792,1,0.747442
27,126,receiver_stage/5,4,23.162511,23.420099,0.257588,7,0.225848,0,0.0
27,128,receiver_stage/5,4,23.420139,23.710467,0.290328,7,0.267536,0,0.0
27,133,receiver_stage/5,4,23.710707,24.318255,0.607548,1,0.061542,1,0.538736
27,139,receiver_stage/5,4,24.318325,25.021195,0.70287,1,0.081472,1,0.613618
27,147,receiver_stage/5,4,25.021345,25.779587,0.758242,1,0.066992,1,0.68508
27,155,receiver_stage/5,4,25.779647,26.386905,0.607258,1,0.063592,1,0.535266
27,6,receiver_stage/6,5,10.673919,13.561873,2.887954,4,1.765851,1,0.432913
27,21,receiver_stage/6,5,13.562003,21.226875,7.664872,8,4.9548,5,2.531524
27,107,receiver_stage/6,5,21.226915,21.895645,0.66873,1,0.079852,1,0.580437
27,113,receiver_stage/6,5,21.895675,22.691928,0.796253,1,0.060652,1,0.729701
27,121,receiver_stage/6,5,22.691988,23.81196,1.119972,3,0.128604,1,0.973298
27,135,receiver_stage/6,5,23.81208,24.575432,0.763352,1,0.064302,1,0.69024
27,141,receiver_stage/6,5,24.575582,25.417397,0.841815,2,0.091592,1,0.735072
27,153,receiver_stage/6,5,25.417457,25.994713,0.577256,1,0.063392,1,0.505804
27,159,receiver_stage/6,5,25.994794,27.058564,1.06377,3,0.136213,1,0.910306
27,1,receiver_stage/1,6,10.567726,11.850003,1.282277,4,0.202465,1,0.206506
27,14,receiver_stage/1,6,11.850173,13.771509,1.921336,7,1.440131,1,0.32381
27,22,receiver_stage/1,6,13.771659,15.688465,1.916806,7,1.598705,1,0.155974
27,41,receiver_stage/1,6,15.688535,17.471006,1.782471,5,0.02869,0,0.0
27,59,receiver_stage/1,6,17.471066,17.721884,0.250818,7,0.224717,0,0.0
27,65,receiver_stage/1,6,17.721964,17.974651,0.252687,7,0.230426,0,0.0
27,69,receiver_stage/1,6,17.974761,18.835476,0.860715,1,0.061172,1,0.792293
27,77,receiver_stage/1,6,18.835536,19.178176,0.34264,7,0.307519,0,0.0
27,82,receiver_stage/1,6,19.178236,19.907237,0.729001,1,0.053642,1,0.669229
27,90,receiver_stage/1,6,19.907267,20.184355,0.277088,7,0.249528,0,0.0
27,92,receiver_stage/1,6,20.184565,20.857554,0.672989,3,0.130674,1,0.524115
27,103,receiver_stage/1,6,20.857624,21.431741,0.574117,1,0.069462,1,0.496974
27,109,receiver_stage/1,6,21.431851,22.528253,1.096402,3,0.124244,1,0.955878
27,119,receiver_stage/1,6,22.528313,23.12066,0.592347,1,0.064812,1,0.515605
27,125,receiver_stage/1,6,23.12078,23.896023,0.775243,1,0.059492,1,0.710011
27,137,receiver_stage/1,6,23.896093,24.813779,0.917686,2,0.105463,1,0.796743
27,145,receiver_stage/1,6,24.813839,25.213011,0.399172,7,0.156924,1,0.196596
27,148,receiver_stage/1,6,25.213061,25.822308,0.609247,1,0.064162,1,0.537355
27,157,receiver_stage/1,6,25.822378,26.437636,0.615258,1,0.070242,1,0.536265
27,0,receiver_stage/0,7,10.55022,12.219598,1.669378,4,0.496124,1,0.66165
27,17,receiver_stage/0,7,12.219688,13.791264,1.571576,7,0.6552,1,0.746052
27,23,receiver_stage/0,7,13.791344,16.945795,3.154451,7,2.698287,2,0.266257
27,56,receiver_stage/0,7,16.945885,17.608864,0.662979,1,0.075643,1,0.576756
27,61,receiver_stage/0,7,17.608894,17.868732,0.259838,7,0.229406,0,0.0
27,67,receiver_stage/0,7,17.868802,18.096868,0.228066,7,0.205605,0,0.0
27,71,receiver_stage/0,7,18.097178,18.691116,0.593938,1,0.061641,1,0.525036
27,73,receiver_stage/0,7,18.691186,19.419327,0.728141,1,0.096063,1,0.621218
27,84,receiver_stage/0,7,19.419657,20.250811,0.831154,1,0.087673,1,0.735971
27,94,receiver_stage/0,7,20.250991,21.081795,0.830804,1,0.097053,1,0.726531
27,106,receiver_stage/0,7,21.081855,21.783035,0.70118,2,0.117423,1,0.568886
27,112,receiver_stage/0,7,21.783136,22.597949,0.814813,1,0.062021,1,0.745582
27,120,receiver_stage/0,7,22.598069,23.620449,1.02238,2,0.103392,1,0.902747
27,131,receiver_stage/0,7,23.620499,24.613397,0.992898,3,0.130114,1,0.841854
27,143,receiver_stage/0,7,24.613467,25.39298,0.779513,2,0.106503,1,0.659899
27,152,receiver_stage/0,7,25.39315,25.991117,0.597967,1,0.082323,1,0.508574
27,158,receiver_stage/0,7,25.991177,27.039838,1.048661,2,0.128623,1,0.907107
27,7,receiver_stage/7,8,10.677535,12.498348,1.820813,6,1.190625,1,0.518845
27,18,receiver_stage/7,8,12.498548,15.054007,2.555459,7,1.545727,1,0.848815
27,36,receiver_stage/7,8,15.054237,16.479158,1.424921,6,0.03337,0,0.0
27,50,receiver_stage/7,8,16.479718,16.824648,0.34493,7,0.29118,0,0.0
27,54,receiver_stage/7,8,16.824688,17.427215,0.602527,1,0.068972,1,0.525305
27,58,receiver_stage/7,8,17.427255,17.680903,0.253648,7,0.227216,0,0.0
27,62,receiver_stage/7,8,17.680983,18.699867,1.018884,1,0.083723,1,0.926151
27,74,receiver_stage/7,8,18.699907,19.472739,0.772832,2,0.119474,1,0.636738
27,85,receiver_stage/7,8,19.473189,20.387236,0.914047,1,0.090842,1,0.812444
27,96,receiver_stage/7,8,20.387646,20.631133,0.243487,7,0.202827,0,0.0
27,99,receiver_stage/7,8,20.631173,20.891901,0.260728,7,0.233386,0,0.0
27,104,receiver_stage/7,8,20.892281,22.132837,1.240556,3,0.138974,1,1.080392
27,114,receiver_stage/7,8,22.132907,22.720034,0.587127,1,0.066372,1,0.510685
27,122,receiver_stage/7,8,22.720174,23.533187,0.813013,2,0.104113,1,0.69239
27,130,receiver_stage/7,8,23.533317,24.570307,1.03699,3,0.155165,1,0.840954
27,140,receiver_stage/7,8,24.570367,25.33969,0.769323,1,0.066331,1,0.692601
27,150,receiver_stage/7,8,25.33979,26.540484,1.200694,3,0.140724,1,1.028859
27,4,receiver_stage/4,9,10.651138,11.541754,0.890616,4,0.36914,0,0.0
27,12,receiver_stage/4,9,11.542664,13.986305,2.443641,7,0.619257,1,1.697569
27,26,receiver_stage/4,9,13.986345,14.248983,0.262638,7,0.236678,0,0.0
27,29,receiver_stage/4,9,14.249093,14.561242,0.312149,7,0.276809,0,0.0
27,32,receiver_stage/4,9,14.561462,14.787318,0.225856,7,0.198075,0,0.0
27,35,receiver_stage/4,9,14.787588,15.164929,0.377341,7,0.269608,0,0.0
27,39,receiver_stage/4,9,15.165149,15.807488,0.642339,1,0.072843,1,0.557856
27,43,receiver_stage/4,9,15.807528,16.043445,0.235917,7,0.123215,0,0.0
27,45,receiver_stage/4,9,16.043815,16.171768,0.127953,6,0.02345,0,0.0
27,47,receiver_stage/4,9,16.171928,16.454967,0.283039,7,0.245677,0,0.0
27,49,receiver_stage/4,9,16.455087,16.713324,0.258237,7,0.239206,0,0.0
27,52,receiver_stage/4,9,16.713424,16.938531,0.225107,7,0.202615,0,0.0
27,55,receiver_stage/4,9,16.938631,17.525898,0.587267,1,0.062372,1,0.519335
27,60,receiver_stage/4,9,17.525918,17.767495,0.241577,7,0.221625,0,0.0
27,66,receiver_stage/4,9,17.767575,18.009072,0.241497,7,0.219457,0,0.0
27,70,receiver_stage/4,9,18.009162,18.913878,0.904716,2,0.087182,1,0.807864
27,78,receiver_stage/4,9,18.913938,19.172025,0.258087,7,0.231777,0,0.0
27,81,receiver_stage/4,9,19.172086,19.891156,0.71907,1,0.056561,1,0.655029
27,89,receiver_stage/4,9,19.891386,20.193395,0.302009,7,0.275938,0,0.0
27,93,receiver_stage/4,9,20.193455,21.029579,0.836124,1,0.100493,1,0.719141
27,105,receiver_stage/4,9,21.029619,22.258865,1.229246,3,0.151144,1,1.061581
27,115,receiver_stage/4,9,22.258925,22.837552,0.578627,1,0.063472,1,0.506955
27,123,receiver_stage/4,9,22.837792,23.627475,0.789683,1,0.071562,1,0.712341
27,132,receiver_stage/4,9,23.627545,24.262303,0.634758,1,0.079952,1,0.544506
27,138,receiver_stage/4,9,24.262353,24.998874,0.736521,2,0.110933,1,0.608107
27,146,receiver_stage/4,9,24.999484,25.771577,0.772093,1,0.063711,1,0.699521
27,154,receiver_stage/4,9,25.771607,26.366354,0.594747,1,0.060382,1,0.526285
28,0,receiver_stage/0,2,11.343354,12.864718,1.521364,4,0.465703,1,0.586907
28,17,receiver_stage/0,2,12.865088,14.418117,1.553029,7,0.711086,1,0.68841
28,23,receiver_stage/0,2,14.418177,17.452485,3.034308,7,2.524571,2,0.262578
28,62,receiver_stage/0,2,17.452625,17.683462,0.230837,7,0.197407,0,0.0
28,66,receiver_stage/0,2,17.683872,18.549257,0.865385,1,0.068602,1,0.787433
28,75,receiver_stage/0,2,18.549307,18.812115,0.262808,7,0.234788,0,0.0
28,80,receiver_stage/0,2,18.812225,19.507655,0.69543,1,0.089442,1,0.596028
28,84,receiver_stage/0,2,19.507755,19.807283,0.299528,7,0.265227,0,0.0
28,92,receiver_stage/0,2,19.807333,20.079321,0.271988,7,0.248315,0,0.0
28,95,receiver_stage/0,2,20.079412,20.678699,0.599287,1,0.061121,1,0.530716
28,102,receiver_stage/0,2,20.678759,21.489652,0.810893,1,0.069702,1,0.732141
28,109,receiver_stage/0,2,21.489692,22.278845,0.789153,3,0.115692,1,0.652699
28,120,receiver_stage/0,2,22.278995,23.173571,0.894576,2,0.100413,1,0.779353
28,131,receiver_stage/0,2,23.173681,23.755718,0.582037,1,0.065612,1,0.505365
28,136,receiver_stage/0,2,23.755838,24.594612,0.838774,2,0.068072,1,0.760332
28,148,receiver_stage/0,2,24.594682,25.445467,0.850785,2,0.094573,1,0.742382
28,152,receiver_stage/0,2,25.445527,26.025084,0.579557,1,0.063722,1,0.507605
28,158,receiver_stage/0,2,26.025414,26.5856,0.560186,1,0.059002,1,0.495774
28,1,receiver_stage/1,3,11.367295,11.642863,0.275568,7,0.134786,0,0.0
28,9,receiver_stage/1,3,11.642983,12.595175,0.952192,7,0.805209,0,0.0
28,15,receiver_stage/1,3,12.595255,14.4837,1.888445,7,1.44429,1,0.284719
28,25,receiver_stage/1,3,14.48385,14.740828,0.256978,7,0.217695,0,0.0
28,28,receiver_stage/1,3,14.740898,14.961944,0.221046,7,0.193415,0,0.0
28,30,receiver_stage/1,3,14.962004,16.099277,1.137273,6,0.03136,0,0.0
28,40,receiver_stage/1,3,16.099337,16.463658,0.364321,7,0.32947,0,0.0
28,49,receiver_stage/1,3,16.463728,18.26128,1.797552,5,0.024271,0,0.0
28,71,receiver_stage/1,3,18.26134,19.125505,0.864165,1,0.089073,1,0.765662
28,82,receiver_stage/1,3,19.125535,19.362012,0.236477,7,0.202597,0,0.0
28,83,receiver_stage/1,3,19.362082,19.592608,0.230526,7,0.206694,0,0.0
28,87,receiver_stage/1,3,19.592638,20.316979,0.724341,1,0.077443,1,0.641308
28,100,receiver_stage/1,3,20.317139,20.924717,0.607578,1,0.061731,1,0.537556
28,104,receiver_stage/1,3,20.924777,21.999038,1.074261,3,0.133663,1,0.923327
28,116,receiver_stage/1,3,21.999408,22.266946,0.267538,7,0.228595,0,0.0
28,119,receiver_stage/1,3,22.267066,23.136511,0.869445,1,0.093893,1,0.756522
28,129,receiver_stage/1,3,23.136571,23.946495,0.809924,1,0.064182,1,0.737052
28,139,receiver_stage/1,3,23.946555,24.540362,0.593807,1,0.066722,1,0.517165
28,144,receiver_stage/1,3,24.540452,25.394417,0.853965,1,0.060732,1,0.787153
28,151,receiver_stage/1,3,25.394517,25.998434,0.603917,1,0.061772,1,0.534755
28,157,receiver_stage/1,3,25.998534,26.590051,0.591517,1,0.074073,1,0.506994
28,5,receiver_stage/5,4,11.432421,12.293606,0.861185,4,0.184496,1,0.119864
28,13,receiver_stage/5,4,12.293716,12.692997,0.399281,6,0.32629,0,0.0
28,16,receiver_stage/5,4,12.693137,13.490386,0.797249,7,0.626334,0,0.0
28,19,receiver_stage/5,4,13.490576,13.931799,0.441223,7,0.345838,0,0.0
28,20,receiver_stage/5,4,13.931819,18.508257,4.576438,7,3.283644,3,1.129929
28,74,receiver_stage/5,4,18.508297,18.773535,0.265238,7,0.234398,0,0.0
28,78,receiver_stage/5,4,18.773605,19.682051,0.908446,1,0.159615,1,0.733571
28,90,receiver_stage/5,4,19.682121,19.914038,0.231917,7,0.201417,0,0.0
28,93,receiver_stage/5,4,19.914068,20.169325,0.255257,7,0.234177,0,0.0
28,96,receiver_stage/5,4,20.169405,20.794513,0.625108,1,0.069602,1,0.550106
28,103,receiver_stage/5,4,20.794583,21.805343,1.01076,2,0.110663,1,0.884546
28,112,receiver_stage/5,4,21.805483,22.39672,0.591237,1,0.059661,1,0.525096
28,123,receiver_stage/5,4,22.39679,22.855093,0.458303,7,0.166305,1,0.236926
28,127,receiver_stage/5,4,22.855143,23.45794,0.602797,1,0.073402,1,0.519145
28,133,receiver_stage/5,4,23.45796,24.531212,1.073252,2,0.131554,1,0.925197
28,143,receiver_stage/5,4,24.531272,25.478029,0.946757,2,0.095773,1,0.834464
28,155,receiver_stage/5,4,25.478099,29.519391,4.041292,1,0.462073,1,3.561078
28,2,receiver_stage/2,5,11.371274,11.56198,0.190706,7,0.080481,0,0.0
28,8,receiver_stage/2,5,11.56203,11.661613,0.099583,7,0.060421,0,0.0
28,10,receiver_stage/2,5,11.661643,12.075835,0.414192,6,0.33987,0,0.0
28,12,receiver_stage/2,5,12.075875,14.565577,2.489702,7,0.660298,1,1.70902
28,26,receiver_stage/2,5,14.565647,14.832875,0.267228,7,0.238657,0,0.0
28,29,receiver_stage/2,5,14.833255,15.124674,0.291419,7,0.209222,0,0.0
28,32,receiver_stage/2,5,15.124704,15.379511,0.254807,7,0.177394,0,0.0
28,33,receiver_stage/2,5,15.379561,15.67413,0.294569,7,0.243408,0,0.0
28,36,receiver_stage/2,5,15.6745,15.886136,0.211636,7,0.194145,0,0.0
28,39,receiver_stage/2,5,15.886166,16.110912,0.224746,7,0.202026,0,0.0
28,43,receiver_stage/2,5,16.110942,16.38427,0.273328,7,0.244107,0,0.0
28,47,receiver_stage/2,5,16.38435,18.08652,1.70217,6,1.028899,1,0.568366
28,70,receiver_stage/2,5,18.08722,18.995776,0.908556,1,0.092063,1,0.803593
28,81,receiver_stage/2,5,18.996316,19.668785,0.672469,3,0.117192,1,0.533335
28,89,receiver_stage/2,5,19.668855,20.342845,0.67399,1,0.088492,1,0.576827
28,101,receiver_stage/2,5,20.342935,21.241901,0.898966,1,0.078932,1,0.752222
28,107,receiver_stage/2,5,21.241941,21.832008,0.590067,1,0.067472,1,0.511535
28,113,receiver_stage/2,5,21.832108,22.605361,0.773253,1,0.088783,1,0.67626
28,126,receiver_stage/2,5,22.605551,23.783355,1.177804,1,0.092783,1,1.064701
28,138,receiver_stage/2,5,23.783415,24.555287,0.771872,1,0.064872,1,0.69813
28,145,receiver_stage/2,5,24.555367,25.142114,0.586747,1,0.065602,1,0.511625
28,149,receiver_stage/2,5,25.142234,26.04175,0.899516,1,0.074593,1,0.817213
28,159,receiver_stage/2,5,26.04181,26.812273,0.770463,1,0.066902,1,0.6908
28,3,receiver_stage/3,6,11.400661,12.305407,0.904746,4,0.37776,0,0.0
28,14,receiver_stage/3,6,12.306607,14.225748,1.919141,7,1.46631,1,0.287918
28,22,receiver_stage/3,6,14.225938,16.123693,1.897755,7,1.582317,1,0.155184
28,44,receiver_stage/3,6,16.123753,16.416851,0.293098,7,0.263568,0,0.0
28,48,receiver_stage/3,6,16.416931,16.538255,0.121324,6,0.023071,0,0.0
28,50,receiver_stage/3,6,16.538315,16.847014,0.308699,7,0.276249,0,0.0
28,54,receiver_stage/3,6,16.847074,17.07078,0.223706,7,0.190194,0,0.0
28,56,receiver_stage/3,6,17.07081,17.287596,0.216786,7,0.193824,0,0.0
28,59,receiver_stage/3,6,17.288026,17.530233,0.242207,7,0.218145,0,0.0
28,63,receiver_stage/3,6,17.530343,17.781491,0.251148,7,0.226635,0,0.0
28,67,receiver_stage/3,6,17.782381,18.635125,0.852744,2,0.089593,1,0.750641
28,76,receiver_stage/3,6,18.635456,19.531571,0.896115,1,0.094963,1,0.769542
28,86,receiver_stage/3,6,19.531691,20.210451,0.67876,1,0.062752,1,0.607687
28,98,receiver_stage/3,6,20.210551,21.146668,0.936117,1,0.061032,1,0.865055
28,106,receiver_stage/3,6,21.146728,21.920081,0.773353,1,0.077482,1,0.68767
28,115,receiver_stage/3,6,21.920291,22.183858,0.263567,7,0.227497,0,0.0
28,117,receiver_stage/3,6,22.183948,22.391014,0.207066,7,0.189113,0,0.0
28,122,receiver_stage/3,6,22.391094,23.202618,0.811524,2,0.100852,1,0.7013
28,132,receiver_stage/3,6,23.202678,23.780805,0.578127,1,0.064262,1,0.505885
28,137,receiver_stage/3,6,23.780905,24.498926,0.718021,1,0.062432,1,0.647239
28,142,receiver_stage/3,6,24.499026,25.492484,0.993458,2,0.093463,1,0.884995
28,156,receiver_stage/3,6,25.492554,29.487115,3.994561,1,0.451083,1,3.529267
28,6,receiver_stage/6,7,11.435317,14.204367,2.76905,4,1.651199,1,0.523604
28,21,receiver_stage/6,7,14.204477,21.513724,7.309247,8,4.580848,5,2.563734
28,110,receiver_stage/6,7,21.513984,22.254035,0.740051,1,0.063642,1,0.666399
28,118,receiver_stage/6,7,22.254225,22.525563,0.271338,7,0.245515,0,0.0
28,124,receiver_stage/6,7,22.525623,22.954856,0.429233,7,0.152475,1,0.233836
28,128,receiver_stage/6,7,22.954916,23.538103,0.583187,1,0.060402,1,0.516845
28,134,receiver_stage/6,7,23.538133,24.571002,1.032869,3,0.130903,1,0.885545
28,147,receiver_stage/6,7,24.571092,25.449678,0.878586,3,0.129234,1,0.733771
28,153,receiver_stage/6,7,25.449748,26.351144,0.901396,1,0.107653,1,0.783353
28,7,receiver_stage/7,8,11.458723,13.299537,1.840814,6,1.319938,1,0.395811
28,18,receiver_stage/7,8,13.299657,15.508605,2.208948,7,1.310963,1,0.720771
28,34,receiver_stage/7,8,15.508715,15.804874,0.296159,7,0.248456,0,0.0
28,37,receiver_stage/7,8,15.804954,16.104813,0.299859,7,0.263218,0,0.0
28,41,receiver_stage/7,8,16.104963,16.36205,0.257087,7,0.231035,0,0.0
28,46,receiver_stage/7,8,16.36209,16.586077,0.223987,7,0.115742,0,0.0
28,52,receiver_stage/7,8,16.586107,16.855024,0.268917,7,0.239346,0,0.0
28,55,receiver_stage/7,8,16.855084,17.113102,0.258018,7,0.226785,0,0.0
28,58,receiver_stage/7,8,17.113592,17.359489,0.245897,7,0.218307,0,0.0
28,61,receiver_stage/7,8,17.359779,17.588796,0.229017,7,0.210387,0,0.0
28,65,receiver_stage/7,8,17.589016,17.814522,0.225506,7,0.201985,0,0.0
28,69,receiver_stage/7,8,17.814562,18.41897,0.604408,1,0.067512,1,0.529726
28,72,receiver_stage/7,8,18.41902,18.664377,0.245357,7,0.206457,0,0.0
28,77,receiver_stage/7,8,18.664667,19.529632,0.864965,1,0.092613,1,0.766672
28,85,receiver_stage/7,8,19.529682,19.770889,0.241207,7,0.214737,0,0.0
28,91,receiver_stage/7,8,19.770919,19.997815,0.226896,7,0.201153,0,0.0
28,94,receiver_stage/7,8,19.997895,20.194871,0.196976,7,0.087911,0,0.0
28,97,receiver_stage/7,8,20.194911,21.248742,1.053831,3,0.114574,1,0.923807
28,108,receiver_stage/7,8,21.248802,21.834269,0.585467,1,0.064602,1,0.512335
28,114,receiver_stage/7,8,21.834479,22.55144,0.716961,1,0.065202,1,0.646559
28,125,receiver_stage/7,8,22.55179,23.703033,1.151243,3,0.125843,1,1.004739
28,135,receiver_stage/7,8,23.703093,24.492816,0.789723,1,0.066732,1,0.711931
28,141,receiver_stage/7,8,24.493066,25.462784,0.969718,1,0.073892,1,0.884866
28,154,receiver_stage/7,8,25.462834,26.34744,0.884606,2,0.113083,1,0.758192
28,4,receiver_stage/4,9,11.419936,11.970032,0.550096,7,0.359509,0,0.0
28,11,receiver_stage/4,9,11.970112,14.460989,2.490877,7,0.752522,1,1.582621
28,24,receiver_stage/4,9,14.461279,14.639754,0.178475,7,0.090523,0,0.0
28,27,receiver_stage/4,9,14.639875,14.965829,0.325954,7,0.286113,0,0.0
28,31,receiver_stage/4,9,14.966049,15.637968,0.671919,7,0.537415,0,0.0
28,35,receiver_stage/4,9,15.638418,15.881925,0.243507,7,0.218857,0,0.0
28,38,receiver_stage/4,9,15.882465,16.106292,0.223827,7,0.190495,0,0.0
28,42,receiver_stage/4,9,16.106372,16.359979,0.253607,7,0.226574,0,0.0
28,45,receiver_stage/4,9,16.360079,16.549575,0.189496,7,0.076471,0,0.0
28,51,receiver_stage/4,9,16.549665,16.838063,0.288398,7,0.256237,0,0.0
28,53,receiver_stage/4,9,16.838183,17.09571,0.257527,7,0.232086,0,0.0
28,57,receiver_stage/4,9,17.095981,17.331037,0.235056,7,0.213645,0,0.0
28,60,receiver_stage/4,9,17.331587,17.571084,0.239497,7,0.219077,0,0.0
28,64,receiver_stage/4,9,17.571534,17.808731,0.237197,7,0.215586,0,0.0
28,68,receiver_stage/4,9,17.809161,18.44791,0.638749,2,0.089363,1,0.540866
28,73,receiver_stage/4,9,18.44846,18.774349,0.325889,7,0.288287,0,0.0
28,79,receiver_stage/4,9,18.774399,19.615523,0.841124,1,0.091773,1,0.735051
28,88,receiver_stage/4,9,19.615563,20.315874,0.700311,2,0.114493,1,0.573227
28,99,receiver_stage/4,9,20.315994,20.942762,0.626768,1,0.062582,1,0.557246
28,105,receiver_stage/4,9,20.942822,21.763276,0.820454,2,0.111863,1,0.69263
28,111,receiver_stage/4,9,21.763406,22.335632,0.572226,1,0.061122,1,0.502684
28,121,receiver_stage/4,9,22.335832,23.149136,0.813304,2,0.107263,1,0.68942
28,130,receiver_stage/4,9,23.149226,23.98928,0.840054,2,0.095903,1,0.731071
28,140,receiver_stage/4,9,23.98934,24.568027,0.578687,1,0.063262,1,0.507605
28,146,receiver_stage/4,9,24.568077,25.196095,0.628018,2,0.085853,1,0.531555
28,150,receiver_stage/4,9,25.196155,26.097961,0.901806,2,0.094062,1,0.794803
29,0,receiver_stage/0,2,10.853245,12.329227,1.475982,4,0.472913,1,0.520925
29,12,receiver_stage/0,2,12.329407,13.164966,0.835559,7,0.654653,0,0.0
29,14,receiver_stage/0,2,13.165246,15.430402,2.265156,7,1.34073,1,0.756212
29,30,receiver_stage/0,2,15.430442,15.663118,0.232676,7,0.206895,0,0.0
29,33,receiver_stage/0,2,15.663149,15.873535,0.210386,7,0.152663,0,0.0
29,35,receiver_stage/0,2,15.873595,16.089241,0.215646,7,0.191296,0,0.0
29,37,receiver_stage/0,2,16.089361,16.39734,0.307979,7,0.285318,0,0.0
29,42,receiver_stage/0,2,16.39771,16.661247,0.263537,7,0.222397,0,0.0
29,45,receiver_stage/0,2,16.661607,16.919595,0.257988,7,0.232436,0,0.0
29,50,receiver_stage/0,2,16.919875,17.148942,0.229067,7,0.090802,0,0.0
29,55,receiver_stage/0,2,17.149082,17.533163,0.384081,7,0.353618,0,0.0
29,61,receiver_stage/0,2,17.533263,17.832341,0.299078,7,0.263478,0,0.0
29,65,receiver_stage/0,2,17.832771,18.085069,0.252298,7,0.218506,0,0.0
29,68,receiver_stage/0,2,18.085299,18.939974,0.854675,1,0.081332,1,0.767032
29,81,receiver_stage/0,2,18.940004,19.686205,0.746201,2,0.130354,1,0.603117
29,90,receiver_stage/0,2,19.686265,19.932842,0.246577,7,0.218746,0,0.0
29,95,receiver_stage/0,2,19.932883,20.914481,0.981598,2,0.096802,1,0.872416
29,102,receiver_stage/0,2,20.914711,21.709704,0.794993,1,0.058662,1,0.730451
29,111,receiver_stage/0,2,21.709764,22.428575,0.718811,1,0.064612,1,0.645859
29,119,receiver_stage/0,2,22.428675,22.992461,0.563786,1,0.057971,1,0.500644
29,126,receiver_stage/0,2,22.996331,24.048032,1.051701,2,0.125733,1,0.912427
29,141,receiver_stage/0,2,24.048172,24.977939,0.929767,2,0.088903,1,0.826234
29,148,receiver_stage/0,2,24.978119,28.862941,3.884822,1,0.485374,1,3.377298
29,1,receiver_stage/1,3,10.882736,12.213675,1.330939,8,0.622457,1,0.539515
29,11,receiver_stage/1,3,12.213955,14.438939,2.224984,7,1.74799,1,0.279678
29,22,receiver_stage/1,3,14.439199,14.703767,0.264568,7,0.220686,0,0.0
29,24,receiver_stage/1,3,14.703877,14.949604,0.245727,7,0.216986,0,0.0
29,26,receiver_stage/1,3,14.949794,15.319875,0.370081,7,0.28899,0,0.0
29,29,receiver_stage/1,3,15.319915,15.559122,0.239207,7,0.209255,0,0.0
29,32,receiver_stage/1,3,15.559232,16.294918,0.735686,7,0.59161,0,0.0
29,40,receiver_stage/1,3,16.295008,16.521245,0.226237,7,0.197776,0,0.0
29,43,receiver_stage/1,3,16.521385,16.782302,0.260917,7,0.217826,0,0.0
29,48,receiver_stage/1,3,16.782412,17.011889,0.229477,7,0.201984,0,0.0
29,52,receiver_stage/1,3,17.011929,18.504732,1.492803,6,0.933857,1,0.456883
29,73,receiver_stage/1,3,18.504782,18.755419,0.250637,7,0.213037,0,0.0
29,76,receiver_stage/1,3,18.755499,18.989366,0.233867,7,0.214326,0,0.0
29,82,receiver_stage/1,3,18.989466,19.693347,0.703881,1,0.093903,1,0.603568
29,91,receiver_stage/1,3,19.693407,20.021456,0.328049,7,0.295448,0,0.0
29,96,receiver_stage/1,3,20.021526,21.047456,1.02593,3,0.123614,1,0.887096
29,103,receiver_stage/1,3,21.047516,21.857629,0.810113,1,0.065352,1,0.733031
29,114,receiver_stage/1,3,21.857669,22.655482,0.797813,2,0.121173,1,0.656799
29,121,receiver_stage/1,3,22.656203,23.024733,0.36853,7,0.145054,1,0.188215
29,129,receiver_stage/1,3,23.024793,23.61837,0.593577,1,0.058512,1,0.529945
29,135,receiver_stage/1,3,23.61843,24.663911,1.045481,2,0.104913,1,0.926237
29,145,receiver_stage/1,3,24.663971,25.485084,0.821113,2,0.092993,1,0.71265
29,152,receiver_stage/1,3,25.485444,26.02727,0.541826,7,0.284007,1,0.212316
29,159,receiver_stage/1,3,26.02736,26.775992,0.748632,2,0.082933,1,0.652489
29,4,receiver_stage/4,4,10.926017,13.320631,2.394614,4,1.518877,1,0.391692
29,16,receiver_stage/4,4,13.320671,19.187266,5.866595,7,4.224886,4,1.471944
29,83,receiver_stage/4,4,19.187356,19.423533,0.236177,7,0.204215,0,0.0
29,84,receiver_stage/4,4,19.423633,19.65127,0.227637,7,0.203537,0,0.0
29,89,receiver_stage/4,4,19.65604,19.869726,0.213686,7,0.188166,0,0.0
29,93,receiver_stage/4,4,19.869826,20.475564,0.605738,1,0.063182,1,0.534546
29,100,receiver_stage/4,4,20.475634,21.254706,0.779072,1,0.083192,1,0.68745
29,107,receiver_stage/4,4,21.255136,21.827693,0.572557,1,0.059502,1,0.507405
29,113,receiver_stage/4,4,21.828223,22.75862,0.930397,2,0.100063,1,0.817314
29,123,receiver_stage/4,4,22.75868,23.013417,0.254737,7,0.222547,0,0.0
29,128,receiver_stage/4,4,23.013457,23.586724,0.573267,1,0.064002,1,0.502795
29,134,receiver_stage/4,4,23.586854,24.549222,0.962368,1,0.073392,1,0.880946
29,143,receiver_stage/4,4,24.549272,25.130979,0.581707,1,0.063422,1,0.509725
29,151,receiver_stage/4,4,25.131529,25.740136,0.608607,2,0.085762,1,0.510875
29,155,receiver_stage/4,4,25.740777,26.960472,1.219695,1,0.111353,1,1.102002
29,6,receiver_stage/6,5,10.958083,13.280125,2.322042,7,1.608192,1,0.535155
29,15,receiver_stage/6,5,13.280205,13.952175,0.67197,7,0.552035,0,0.0
29,20,receiver_stage/6,5,13.952345,17.450436,3.498091,7,3.022497,2,0.306009
29,60,receiver_stage/6,5,17.450616,17.688813,0.238197,7,0.207925,0,0.0
29,64,receiver_stage/6,5,17.689073,17.957871,0.268798,7,0.233578,0,0.0
29,67,receiver_stage/6,5,17.957921,18.862817,0.904896,1,0.093383,1,0.796953
29,77,receiver_stage/6,5,18.862877,19.584268,0.721391,1,0.065892,1,0.645288
29,85,receiver_stage/6,5,19.584328,19.872837,0.288509,7,0.259267,0,0.0
29,94,receiver_stage/6,5,19.872867,20.666399,0.793532,1,0.066822,1,0.72081
29,101,receiver_stage/6,5,20.666759,21.494893,0.828134,3,0.126424,1,0.675869
29,110,receiver_stage/6,5,21.495573,22.215404,0.719831,1,0.067152,1,0.641198
29,118,receiver_stage/6,5,22.215675,22.842602,0.626927,1,0.077933,1,0.512974
29,124,receiver_stage/6,5,22.842662,23.078819,0.236157,7,0.206106,0,0.0
29,130,receiver_stage/6,5,23.078869,23.890333,0.811464,1,0.062101,1,0.742002
29,136,receiver_stage/6,5,23.890453,24.48857,0.598117,1,0.064172,1,0.525375
29,142,receiver_stage/6,5,24.48884,25.083087,0.594247,1,0.075212,1,0.506754
29,150,receiver_stage/6,5,25.083667,25.664294,0.580627,1,0.062252,1,0.508614
29,154,receiver_stage/6,5,25.664715,26.950182,1.285467,1,0.124353,1,1.146874
29,5,receiver_stage/5,6,10.941443,12.751366,1.809923,6,1.163873,1,0.509615
29,13,receiver_stage/5,6,12.751836,14.355582,1.603746,7,0.751063,1,0.68792
29,21,receiver_stage/5,6,14.355662,14.565849,0.210187,7,0.115143,0,0.0
29,23,receiver_stage/5,6,14.565999,14.844707,0.278708,7,0.247588,0,0.0
29,25,receiver_stage/5,6,14.845777,15.063153,0.217376,7,0.194175,0,0.0
29,27,receiver_stage/5,6,15.063303,15.31294,0.249637,7,0.219957,0,0.0
29,28,receiver_stage/5,6,15.31327,15.546127,0.232857,7,0.211416,0,0.0
29,31,receiver_stage/5,6,15.546247,16.72371,1.177463,6,0.03096,0,0.0
29,47,receiver_stage/5,6,16.72388,17.023329,0.299449,7,0.257208,0,0.0
29,53,receiver_stage/5,6,17.023709,17.150143,0.126434,6,0.01999,0,0.0
29,56,receiver_stage/5,6,17.150183,17.42226,0.272077,7,0.244025,0,0.0
29,58,receiver_stage/5,6,17.42251,17.653417,0.230907,7,0.212744,0,0.0
29,63,receiver_stage/5,6,17.653567,17.888304,0.234737,7,0.195247,0,0.0
29,66,receiver_stage/5,6,17.888834,18.10567,0.216836,7,0.196106,0,0.0
29,69,receiver_stage/5,6,18.10603,18.43582,0.32979,7,0.293098,0,0.0
29,71,receiver_stage/5,6,18.43589,18.653316,0.217426,7,0.195515,0,0.0
29,74,receiver_stage/5,6,18.653396,18.908394,0.254998,7,0.231948,0,0.0
29,78,receiver_stage/5,6,18.908494,19.630254,0.72176,1,0.062411,1,0.653769
29,88,receiver_stage/5,6,19.630514,20.312524,0.68201,1,0.076222,1,0.557846
29,99,receiver_stage/5,6,20.312574,21.136198,0.823624,2,0.114863,1,0.69007
29,106,receiver_stage/5,6,21.136498,21.722945,0.586447,1,0.064322,1,0.510365
29,112,receiver_stage/5,6,21.723065,22.607761,0.884696,1,0.081222,1,0.792363
29,120,receiver_stage/5,6,22.607821,22.998682,0.390861,7,0.151745,1,0.194356
29,127,receiver_stage/5,6,22.998712,24.012302,1.01359,3,0.130053,1,0.867216
29,138,receiver_stage/5,6,24.012412,24.946119,0.933707,2,0.088612,1,0.832965
29,147,receiver_stage/5,6,24.946279,25.878166,0.931887,2,0.126634,1,0.791033
29,157,receiver_stage/5,6,25.878246,26.71991,0.841664,1,0.082352,1,0.750962
29,2,receiver_stage/2,7,10.892311,11.417226,0.524915,4,0.209005,0,0.0
29,9,receiver_stage/2,7,11.417246,13.829231,2.411985,7,0.617206,1,1.668893
29,19,receiver_stage/2,7,13.830071,15.721446,1.891375,7,1.580487,1,0.156734
29,34,receiver_stage/2,7,15.721516,16.060066,0.33855,7,0.296799,0,0.0
29,36,receiver_stage/2,7,16.060296,16.282322,0.222026,7,0.198045,0,0.0
29,39,receiver_stage/2,7,16.282632,16.643083,0.360451,7,0.32388,0,0.0
29,44,receiver_stage/2,7,16.643133,16.87081,0.227677,7,0.202106,0,0.0
29,49,receiver_stage/2,7,16.87116,17.113527,0.242367,7,0.213695,0,0.0
29,54,receiver_stage/2,7,17.113827,18.908739,1.794912,5,0.028392,0,0.0
29,79,receiver_stage/2,7,18.908799,19.585488,0.676689,1,0.066072,1,0.600627
29,86,receiver_stage/2,7,19.585548,19.836556,0.251008,7,0.223367,0,0.0
29,92,receiver_stage/2,7,19.836586,20.138674,0.302088,7,0.277167,0,0.0
29,97,receiver_stage/2,7,20.138804,21.122853,0.984049,3,0.118953,1,0.841305
29,105,receiver_stage/2,7,21.123113,21.336689,0.213576,7,0.087851,0,0.0
29,109,receiver_stage/2,7,21.337089,21.972187,0.635098,1,0.076533,1,0.549865
29,117,receiver_stage/2,7,21.972467,23.126351,1.153884,1,0.113913,1,1.02815
29,131,receiver_stage/2,7,23.126411,23.997456,0.871045,2,0.085872,1,0.771472
29,137,receiver_stage/2,7,23.997516,24.609804,0.612288,1,0.064712,1,0.538866
29,144,receiver_stage/2,7,24.609854,25.532021,0.922167,3,0.133924,1,0.767503
29,153,receiver_stage/2,7,25.532141,25.947283,0.415142,7,0.169745,1,0.195155
29,158,receiver_stage/2,7,25.947323,26.711535,0.764212,1,0.067142,1,0.6872
29,3,receiver_stage/3,8,10.913417,11.175115,0.261698,7,0.157024,0,0.0
29,8,receiver_stage/3,8,11.175255,13.677137,2.501882,7,0.628478,1,1.73998
29,17,receiver_stage/3,8,13.677227,16.094877,2.41765,5,1.284687,3,0.772122
29,38,receiver_stage/3,8,16.094947,16.358855,0.263908,7,0.228035,0,0.0
29,41,receiver_stage/3,8,16.359235,16.690314,0.331079,7,0.302069,0,0.0
29,46,receiver_stage/3,8,16.690364,16.928311,0.237947,7,0.191804,0,0.0
29,51,receiver_stage/3,8,16.928341,17.158418,0.230077,7,0.118004,0,0.0
29,57,receiver_stage/3,8,17.158448,17.424096,0.265648,7,0.242937,0,0.0
29,59,receiver_stage/3,8,17.424456,17.651302,0.226846,7,0.193105,0,0.0
29,62,receiver_stage/3,8,17.651332,18.206478,0.555146,7,0.295227,0,0.0
29,70,receiver_stage/3,8,18.206788,18.452415,0.245627,7,0.213504,0,0.0
29,72,receiver_stage/3,8,18.452546,18.711523,0.258977,7,0.237706,0,0.0
29,75,receiver_stage/3,8,18.711913,18.925409,0.213496,7,0.189976,0,0.0
29,80,receiver_stage/3,8,18.925509,19.600659,0.67515,3,0.128424,1,0.527956
29,87,receiver_stage/3,8,19.600729,20.210856,0.610127,1,0.073092,1,0.527255
29,98,receiver_stage/3,8,20.210916,21.082462,0.871546,1,0.069282,1,0.792143
29,104,receiver_stage/3,8,21.083572,21.886475,0.802903,1,0.058992,1,0.737921
29,115,receiver_stage/3,8,21.886535,22.701509,0.814974,2,0.106674,1,0.69308
29,122,receiver_stage/3,8,22.701579,22.966216,0.264637,7,0.231287,0,0.0
29,125,receiver_stage/3,8,22.966256,23.214784,0.248528,7,0.227708,0,0.0
29,133,receiver_stage/3,8,23.214884,24.013677,0.798793,2,0.088573,1,0.69529
29,139,receiver_stage/3,8,24.013957,24.903862,0.889905,1,0.059382,1,0.823813
29,146,receiver_stage/3,8,24.903922,25.831489,0.927567,1,0.088802,1,0.827174
29,156,receiver_stage/3,8,25.831539,26.681594,0.850055,1,0.087432,1,0.749852
29,7,receiver_stage/7,9,11.0135,11.612637,0.599137,6,0.479045,0,0.0
29,10,receiver_stage/7,9,11.612857,13.708182,2.095325,7,1.551967,1,0.308022
29,18,receiver_stage/7,9,13.708682,21.328593,7.619911,8,4.754319,5,2.673038
29,108,receiver_stage/7,9,21.328633,21.951991,0.623358,1,0.084923,1,0.523905
29,116,receiver_stage/7,9,21.952431,23.214677,1.262246,3,0.136845,1,1.092651
29,132,receiver_stage/7,9,23.214817,24.036051,0.821234,1,0.066982,1,0.743191
29,140,receiver_stage/7,9,24.036191,25.072627,1.036436,1,0.091982,1,0.932473
29,149,receiver_stage/7,9,25.072677,29.000211,3.927534,1,0.471004,1,3.438269
30,2,receiver_stage/2,2,10.844484,11.992787,1.148303,8,0.459611,1,0.511124
30,10,receiver_stage/2,2,11.992817,13.884142,1.891325,7,1.460591,1,0.263678
30,20,receiver_stage/2,2,13.884292,14.14406,0.259768,7,0.231388,0,0.0
30,23,receiver_stage/2,2,14.14417,14.358976,0.214806,7,0.192945,0,0.0
30,25,receiver_stage/2,2,14.359106,14.608568,0.249462,7,0.219631,0,0.0
30,27,receiver_stage/2,2,14.608898,14.931657,0.322759,7,0.282509,0,0.0
30,30,receiver_stage/2,2,14.932057,15.188815,0.256758,7,0.216465,0,0.0
30,31,receiver_stage/2,2,15.189075,15.426282,0.237207,7,0.208136,0,0.0
30,35,receiver_stage/2,2,15.426382,15.675749,0.249367,7,0.217595,0,0.0
30,39,receiver_stage/2,2,15.678679,15.939997,0.261318,7,0.229467,0,0.0
30,43,receiver_stage/2,2,15.940197,16.171933,0.231736,7,0.119411,0,0.0
30,49,receiver_stage/2,2,16.172093,16.466892,0.294799,7,0.266716,0,0.0
30,52,receiver_stage/2,2,16.467122,16.703419,0.236297,7,0.195034,0,0.0
30,54,receiver_stage/2,2,16.703559,16.979087,0.275528,7,0.244897,0,0.0
30,56,receiver_stage/2,2,16.979257,17.207703,0.228446,7,0.193665,0,0.0
30,58,receiver_stage/2,2,17.208104,17.44937,0.241266,7,0.218756,0,0.0
30,60,receiver_stage/2,2,17.44946,17.751909,0.302449,7,0.270116,0,0.0
30,65,receiver_stage/2,2,17.752069,18.027527,0.275458,7,0.245847,0,0.0
30,72,receiver_stage/2,2,18.027627,18.665876,0.638249,1,0.065772,1,0.564777
30,77,receiver_stage/2,2,18.665946,18.943964,0.278018,7,0.234465,0,0.0
30,82,receiver_stage/2,2,18.944264,19.533061,0.588797,1,0.068982,1,0.506205
30,88,receiver_stage/2,2,19.533371,20.099097,0.565726,1,0.056032,1,0.500294
30,95,receiver_stage/2,2,20.099397,21.004854,0.905457,2,0.100682,1,0.791833
30,106,receiver_stage/2,2,21.004994,21.790356,0.785362,2,0.074612,1,0.69604
30,114,receiver_stage/2,2,21.790516,22.068144,0.277628,7,0.250526,0,0.0
30,121,receiver_stage/2,2,22.068184,22.996361,0.928177,2,0.088282,1,0.826964
30,129,receiver_stage/2,2,22.996401,23.794584,0.798183,1,0.087872,1,0.6989
30,135,receiver_stage/2,2,23.794825,24.406242,0.611417,1,0.063052,1,0.538185
30,140,receiver_stage/2,2,24.406332,24.720741,0.314409,7,0.149586,1,0.115683
30,144,receiver_stage/2,2,24.721041,25.413431,0.69239,1,0.079412,1,0.607587
30,150,receiver_stage/2,2,25.413541,26.179234,0.765693,2,0.097932,1,0.657039
30,155,receiver_stage/2,2,26.179324,27.149342,0.970018,3,0.129674,1,0.824264
30,6,receiver_stage/6,3,10.912247,13.375399,2.463152,7,0.68039,1,1.607776
30,15,receiver_stage/6,3,13.375629,20.738701,7.363072,8,4.643373,5,2.541154
30,102,receiver_stage/6,3,20.739451,20.936147,0.196696,7,0.080802,0,0.0
30,103,receiver_stage/6,3,20.936247,21.982507,1.04626,2,0.128784,1,0.903786
30,118,receiver_stage/6,3,21.982527,22.611615,0.629088,1,0.063992,1,0.555025
30,125,receiver_stage/6,3,22.611705,23.148341,0.536636,7,0.280515,1,0.206356
30,132,receiver_stage/6,3,23.148631,24.031397,0.882766,2,0.118013,1,0.752922
30,138,receiver_stage/6,3,24.031857,24.906432,0.874575,1,0.074062,1,0.794813
30,146,receiver_stage/6,3,24.906482,25.691275,0.784793,2,0.089433,1,0.68063
30,152,receiver_stage/6,3,25.691345,26.302173,0.610828,1,0.064882,1,0.537586
30,158,receiver_stage/6,3,26.302233,27.001903,0.69967,3,0.123044,1,0.557626
30,7,receiver_stage/7,4,10.926996,13.49426,2.567264,7,0.713062,1,1.689679
30,17,receiver_stage/7,4,13.49432,13.878371,0.384051,8,0.109973,1,0.203015
30,19,receiver_stage/7,4,13.878571,14.082797,0.204226,7,0.104982,0,0.0
30,22,receiver_stage/7,4,14.083027,14.372966,0.289939,7,0.256849,0,0.0
30,26,receiver_stage/7,4,14.373066,14.620193,0.247127,7,0.220576,0,0.0
30,28,receiver_stage/7,4,14.620323,15.834498,1.214175,6,0.036792,0,0.0
30,41,receiver_stage/7,4,15.834698,16.086145,0.251447,7,0.223265,0,0.0
30,47,receiver_stage/7,4,16.086335,16.345673,0.259338,7,0.228997,0,0.0
30,50,receiver_stage/7,4,16.345793,16.59703,0.251237,7,0.222307,0,0.0
30,53,receiver_stage/7,4,16.59715,16.894909,0.297759,7,0.263008,0,0.0
30,55,receiver_stage/7,4,16.895039,17.181637,0.286598,7,0.260378,0,0.0
30,57,receiver_stage/7,4,17.182307,17.451385,0.269078,7,0.241954,0,0.0
30,61,receiver_stage/7,4,17.451575,17.727373,0.275798,7,0.239438,0,0.0
30,64,receiver_stage/7,4,17.728673,17.97228,0.243607,7,0.213676,0,0.0
30,70,receiver_stage/7,4,17.97241,18.77526,0.80285,2,0.109844,1,0.679846
30,80,receiver_stage/7,4,18.77552,19.727907,0.952387,3,0.134182,1,0.793343
30,90,receiver_stage/7,4,19.728327,20.557571,0.829244,1,0.065161,1,0.753962
30,100,receiver_stage/7,4,20.557861,20.957163,0.399302,7,0.156325,1,0.194135
30,105,receiver_stage/7,4,20.957273,21.723405,0.766132,1,0.060972,1,0.69848
30,113,receiver_stage/7,4,21.723735,21.966792,0.243057,7,0.215986,0,0.0
30,117,receiver_stage/7,4,21.966842,22.596755,0.629913,1,0.064032,1,0.557691
30,124,receiver_stage/7,4,22.596805,23.429909,0.833104,2,0.104033,1,0.71255
30,133,receiver_stage/7,4,23.43008,24.382527,0.952447,1,0.096213,1,0.845444
30,139,receiver_stage/7,4,24.382957,24.700326,0.317369,7,0.150246,1,0.108593
30,143,receiver_stage/7,4,24.700396,25.406317,0.705921,1,0.084072,1,0.612668
30,149,receiver_stage/7,4,25.406447,26.20299,0.796543,3,0.099683,1,0.68006
30,156,receiver_stage/7,4,26.20305,27.133237,0.930187,1,0.085843,1,0.834624
30,1,receiver_stage/1,5,10.812282,11.458781,0.646499,4,0.264757,0,0.0
30,9,receiver_stage/1,5,11.458821,13.428938,1.970117,7,1.542323,1,0.257557
30,16,receiver_stage/1,5,13.429488,15.318173,1.888685,7,1.588776,1,0.142185
30,33,receiver_stage/1,5,15.318253,15.598171,0.279918,7,0.252488,0,0.0
30,37,receiver_stage/1,5,15.598311,16.026204,0.427893,7,0.273827,0,0.0
30,45,receiver_stage/1,5,16.026274,16.141157,0.114883,6,0.01946,0,0.0
30,48,receiver_stage/1,5,16.141347,16.394994,0.253647,7,0.224877,0,0.0
30,51,receiver_stage/1,5,16.395185,17.888348,1.493163,4,0.848075,1,0.400461
30,67,receiver_stage/1,5,17.888448,18.185416,0.296968,7,0.263957,0,0.0
30,74,receiver_stage/1,5,18.185476,19.236447,1.050971,2,0.101063,1,0.934837
30,85,receiver_stage/1,5,19.236507,19.483184,0.246677,7,0.214037,0,0.0
30,87,receiver_stage/1,5,19.483244,19.738371,0.255127,7,0.233255,0,0.0
30,92,receiver_stage/1,5,19.738531,20.329558,0.591027,1,0.066962,1,0.511114
30,97,receiver_stage/1,5,20.329618,21.096161,0.766543,1,0.059171,1,0.697851
30,108,receiver_stage/1,5,21.096251,21.671517,0.575266,1,0.064272,1,0.503034
30,112,receiver_stage/1,5,21.671638,21.928165,0.256527,7,0.219185,0,0.0
30,116,receiver_stage/1,5,21.928235,22.758349,0.830114,2,0.093653,1,0.724991
30,127,receiver_stage/1,5,22.758409,26.618641,3.860232,1,0.453843,1,3.387748
30,159,receiver_stage/1,5,26.618701,27.210678,0.591977,1,0.072522,1,0.507635
30,5,receiver_stage/5,6,10.896001,11.423647,0.527646,6,0.402232,0,0.0
30,8,receiver_stage/5,6,11.423957,13.844707,2.42075,7,1.593306,1,0.68084
30,18,receiver_stage/5,6,13.851427,17.894524,4.043097,7,3.46712,2,0.400622
30,68,receiver_stage/5,6,17.894564,18.7746,0.880036,1,0.094822,1,0.773423
30,79,receiver_stage/5,6,18.77486,19.143591,0.368731,7,0.329249,0,0.0
30,84,receiver_stage/5,6,19.143851,19.45646,0.312609,7,0.265039,0,0.0
30,86,receiver_stage/5,6,19.45654,19.730678,0.274138,7,0.243307,0,0.0
30,91,receiver_stage/5,6,19.730708,20.525751,0.795043,1,0.064622,1,0.718341
30,99,receiver_stage/5,6,20.525911,21.135018,0.609107,1,0.060151,1,0.542966
30,110,receiver_stage/5,6,21.135148,22.162878,1.02773,2,0.108113,1,0.903946
30,122,receiver_stage/5,6,22.162938,23.099735,0.936797,1,0.063832,1,0.864305
30,131,receiver_stage/5,6,23.099815,23.95815,0.858335,1,0.088412,1,0.756992
30,137,receiver_stage/5,6,23.95858,24.883167,0.924587,3,0.134895,1,0.771162
30,145,receiver_stage/5,6,24.883247,25.628349,0.745102,1,0.073723,1,0.655329
30,151,receiver_stage/5,6,25.628439,26.211105,0.582666,1,0.061472,1,0.514224
30,157,receiver_stage/5,6,26.211195,26.918416,0.707221,1,0.059681,1,0.638519
30,4,receiver_stage/4,7,10.858855,12.468032,1.609177,6,1.058541,1,0.420802
30,12,receiver_stage/4,7,12.468072,14.035957,1.567885,7,0.70706,1,0.68267
30,21,receiver_stage/4,7,14.036027,14.315325,0.279298,7,0.249966,0,0.0
30,24,receiver_stage/4,7,14.315565,14.655465,0.3399,7,0.30194,0,0.0
30,29,receiver_stage/4,7,14.655735,15.345345,0.68961,7,0.540805,0,0.0
30,34,receiver_stage/4,7,15.345675,15.612583,0.266908,7,0.222097,0,0.0
30,38,receiver_stage/4,7,15.612803,15.8479,0.235097,7,0.190266,0,0.0
30,42,receiver_stage/4,7,15.84809,16.041555,0.193465,7,0.077002,0,0.0
30,46,receiver_stage/4,7,16.041775,17.894779,1.853004,5,0.02845,0,0.0
30,69,receiver_stage/4,7,17.894849,18.647156,0.752307,3,0.163744,1,0.565682
30,75,receiver_stage/4,7,18.647286,19.756788,1.109502,3,0.142334,1,0.944308
30,93,receiver_stage/4,7,19.756958,20.364765,0.607807,1,0.066312,1,0.531995
30,98,receiver_stage/4,7,20.364935,21.005664,0.640729,1,0.079222,1,0.545696
30,107,receiver_stage/4,7,21.005724,21.647443,0.641719,1,0.071512,1,0.560297
30,111,receiver_stage/4,7,21.647503,21.927991,0.280488,7,0.242726,0,0.0
30,115,receiver_stage/4,7,21.928061,22.769665,0.841604,1,0.076622,1,0.752302
30,128,receiver_stage/4,7,22.769755,26.762291,3.992536,1,0.451113,1,3.526302
30,0,receiver_stage/0,8,10.811548,12.377094,1.565546,4,0.534535,1,0.520326
30,11,receiver_stage/0,8,12.377154,13.154086,0.776932,7,0.554366,0,0.0
30,13,receiver_stage/0,8,13.154196,15.312084,2.157888,7,1.274381,1,0.721321
30,32,receiver_stage/0,8,15.312204,15.543681,0.231477,7,0.206007,0,0.0
30,36,receiver_stage/0,8,15.543851,15.755447,0.211596,7,0.190685,0,0.0
30,40,receiver_stage/0,8,15.755657,15.993074,0.237417,7,0.206075,0,0.0
30,44,receiver_stage/0,8,15.993484,17.24503,1.251546,6,0.792164,1,0.36174
30,59,receiver_stage/0,8,17.24519,17.486647,0.241457,7,0.214386,0,0.0
30,62,receiver_stage/0,8,17.486767,17.753475,0.266708,7,0.240468,0,0.0
30,66,receiver_stage/0,8,17.753635,18.031023,0.277388,7,0.238968,0,0.0
30,73,receiver_stage/0,8,18.031083,18.655561,0.624478,1,0.064082,1,0.553256
30,76,receiver_stage/0,8,18.655611,18.903278,0.247667,7,0.208795,0,0.0
30,81,receiver_stage/0,8,18.903678,19.788754,0.885076,1,0.065561,1,0.807484
30,94,receiver_stage/0,8,19.789144,20.707591,0.918447,1,0.087013,1,0.815513
30,101,receiver_stage/0,8,20.707941,21.110822,0.402881,7,0.154084,1,0.197206
30,109,receiver_stage/0,8,21.110862,22.051419,0.940557,1,0.077822,1,0.855174
30,120,receiver_stage/0,8,22.051699,22.646367,0.594668,1,0.059491,1,0.528996
30,126,receiver_stage/0,8,22.646427,23.068369,0.421942,7,0.177154,1,0.201476
30,130,receiver_stage/0,8,23.068469,23.861022,0.792553,1,0.079942,1,0.707131
30,136,receiver_stage/0,8,23.861272,24.49366,0.632388,2,0.086253,1,0.534495
30,142,receiver_stage/0,8,24.49372,25.233682,0.739962,1,0.070512,1,0.660849
30,148,receiver_stage/0,8,25.233762,26.163689,0.929927,1,0.079842,1,0.842175
30,153,receiver_stage/0,8,26.163749,27.085665,0.921916,2,0.117334,1,0.789262
30,3,receiver_stage/3,9,10.847539,13.31162,2.464081,4,1.518213,1,0.465294
30,14,receiver_stage/3,9,13.31166,17.716868,4.405208,7,3.133979,4,1.126223
30,63,receiver_stage/3,9,17.717148,18.005907,0.288759,7,0.256877,0,0.0
30,71,receiver_stage/3,9,18.006027,18.698907,0.69288,1,0.079932,1,0.604598
30,78,receiver_stage/3,9,18.699107,19.040117,0.34101,7,0.294828,0,0.0
30,83,receiver_stage/3,9,19.040207,19.617453,0.577246,1,0.061082,1,0.509294
30,89,receiver_stage/3,9,19.617733,20.18051,0.562777,1,0.057692,1,0.499035
30,96,receiver_stage/3,9,20.18074,20.953092,0.772352,1,0.067652,1,0.6915
30,104,receiver_stage/3,9,20.953152,21.987042,1.03389,3,0.134784,1,0.879295
30,119,receiver_stage/3,9,21.987192,22.585069,0.597877,1,0.062482,1,0.526855
30,123,receiver_stage/3,9,22.585129,23.447314,0.862185,3,0.128084,1,0.71367
30,134,receiver_stage/3,9,23.447455,24.444193,0.996738,3,0.149224,1,0.829814
30,141,receiver_stage/3,9,24.444253,25.183835,0.739582,1,0.070442,1,0.655799
30,147,receiver_stage/3,9,25.184005,26.166503,0.982498,3,0.132694,1,0.825174
30,154,receiver_stage/3,9,26.166563,27.048529,0.881966,1,0.088043,1,0.784183
31,6,receiver_stage/6,2,10.534225,13.307042,2.772817,7,0.919635,1,1.686835
31,16,receiver_stage/6,2,13.307122,15.714531,2.407409,7,1.390529,3,0.894036
31,45,receiver_stage/6,2,15.714571,16.0341,0.319529,7,0.275797,0,0.0
31,50,receiver_stage/6,2,16.03419,16.324238,0.290048,7,0.254207,0,0.0
31,54,receiver_stage/6,2,16.324388,16.922916,0.598528,1,0.068222,1,0.514815
31,59,receiver_stage/6,2,16.923076,17.203224,0.280148,7,0.245868,0,0.0
31,65,receiver_stage/6,2,17.203314,17.792741,0.589427,1,0.059472,1,0.524335
31,71,receiver_stage/6,2,17.792881,18.732538,0.939657,2,0.106454,1,0.814333
31,79,receiver_stage/6,2,18.732658,19.577603,0.844945,3,0.118732,1,0.708611
31,84,receiver_stage/6,2,19.577653,20.379216,0.801563,1,0.079812,1,0.714371
31,90,receiver_stage/6,2,20.379546,21.299813,0.920267,2,0.117093,1,0.786513
31,96,receiver_stage/6,2,21.300023,22.045824,0.745801,3,0.123533,1,0.600137
31,101,receiver_stage/6,2,22.046034,22.887179,0.841145,1,0.067572,1,0.755032
31,108,receiver_stage/6,2,22.887249,23.891238,1.003989,1,0.083612,1,0.910137
31,114,receiver_stage/6,2,23.891298,24.800664,0.909366,1,0.081672,1,0.819114
31,123,receiver_stage/6,2,24.800734,25.390971,0.590237,1,0.067002,1,0.509254
31,127,receiver_stage/6,2,25.391101,26.190995,0.799894,3,0.135424,1,0.644309
31,134,receiver_stage/6,2,26.191145,26.873024,0.681879,1,0.066372,1,0.603837
31,139,receiver_stage/6,2,26.873244,27.06945,0.196206,7,0.143664,0,0.0
31,141,receiver_stage/6,2,27.06963,28.393698,1.324068,1,0.073252,1,1.236406
31,149,receiver_stage/6,2,28.393788,28.987156,0.593368,1,0.069162,1,0.506015
31,155,receiver_stage/6,2,28.987476,29.925947,0.938471,1,0.084003,1,0.837838
31,7,receiver_stage/7,3,10.567582,12.929936,2.362354,7,1.811376,1,0.257347
31,13,receiver_stage/7,3,12.930136,14.979746,2.04961,7,1.697817,1,0.181415
31,33,receiver_stage/7,3,14.980056,15.928163,0.948107,6,0.516575,1,0.34486
31,46,receiver_stage/7,3,15.928563,16.203221,0.274658,7,0.237904,0,0.0
31,52,receiver_stage/7,3,16.203431,16.486989,0.283558,7,0.250088,0,0.0
31,56,receiver_stage/7,3,16.487109,16.710796,0.223687,7,0.191945,0,0.0
31,58,receiver_stage/7,3,16.710906,16.977994,0.267088,7,0.241996,0,0.0
31,61,receiver_stage/7,3,16.978224,17.754146,0.775922,1,0.063032,1,0.70594
31,70,receiver_stage/7,3,17.754246,18.070015,0.315769,7,0.279638,0,0.0
31,76,receiver_stage/7,3,18.070105,18.656592,0.586487,1,0.063341,1,0.515635
31,78,receiver_stage/7,3,18.656703,22.617157,3.960454,1,0.453323,1,3.493141
31,104,receiver_stage/7,3,22.617197,23.212524,0.595327,1,0.067482,1,0.517135
31,111,receiver_stage/7,3,23.212854,24.42657,1.213716,1,0.121363,1,1.083002
31,118,receiver_stage/7,3,24.42674,25.272774,0.846034,1,0.087342,1,0.747512
31,125,receiver_stage/7,3,25.272884,26.139509,0.866625,1,0.063522,1,0.793103
31,133,receiver_stage/7,3,26.139669,26.731356,0.591687,1,0.066952,1,0.511864
31,137,receiver_stage/7,3,26.731416,27.577171,0.845755,1,0.061421,1,0.776073
31,143,receiver_stage/7,3,27.577401,28.292402,0.715001,1,0.061042,1,0.644919
31,148,receiver_stage/7,3,28.292832,28.93198,0.639148,1,0.100763,1,0.514695
31,154,receiver_stage/7,3,28.93203,29.969115,1.037085,3,0.143834,1,0.86429
31,3,receiver_stage/3,4,10.49242,12.377974,1.885554,6,1.341599,1,0.397602
31,12,receiver_stage/3,4,12.378444,21.398676,9.020232,8,5.185499,6,3.574144
31,97,receiver_stage/3,4,21.398856,21.997193,0.598337,1,0.070132,1,0.511114
31,100,receiver_stage/3,4,21.997223,22.969782,0.972559,1,0.064451,1,0.901047
31,109,receiver_stage/3,4,22.969842,23.59147,0.621628,2,0.092183,1,0.513025
31,112,receiver_stage/3,4,23.59163,24.792104,1.200474,1,0.116983,1,1.073881
31,122,receiver_stage/3,4,24.792174,25.515025,0.722851,2,0.110883,1,0.521685
31,128,receiver_stage/3,4,25.515095,26.206725,0.69163,1,0.072342,1,0.612717
31,135,receiver_stage/3,4,26.206836,26.867395,0.660559,1,0.076952,1,0.574317
31,138,receiver_stage/3,4,26.867635,27.715759,0.848124,1,0.062012,1,0.777162
31,145,receiver_stage/3,4,27.715789,28.651386,0.935597,2,0.086252,1,0.837074
31,152,receiver_stage/3,4,28.651866,30.136309,1.484443,1,0.160894,1,1.302158
31,4,receiver_stage/4,5,10.506285,11.307988,0.801703,6,0.625007,0,0.0
31,8,receiver_stage/4,5,11.308318,13.304766,1.996448,7,1.530164,1,0.284748
31,15,receiver_stage/4,5,13.304826,13.489891,0.185065,7,0.090172,0,0.0
31,17,receiver_stage/4,5,13.490271,13.762909,0.272638,7,0.242344,0,0.0
31,19,receiver_stage/4,5,13.762989,13.976105,0.213116,7,0.189996,0,0.0
31,22,receiver_stage/4,5,13.976175,14.671396,0.695221,7,0.565248,0,0.0
31,27,receiver_stage/4,5,14.671606,14.925133,0.253527,7,0.220766,0,0.0
31,31,receiver_stage/4,5,14.925403,15.106808,0.181405,7,0.075851,0,0.0
31,35,receiver_stage/4,5,15.106918,17.624551,2.517633,5,0.033151,0,0.0
31,66,receiver_stage/4,5,17.624591,17.837427,0.212836,7,0.089632,0,0.0
31,72,receiver_stage/4,5,17.837887,18.764514,0.926627,1,0.065902,1,0.853654
31,81,receiver_stage/4,5,18.764574,19.670011,0.905437,1,0.088922,1,0.805374
31,85,receiver_stage/4,5,19.670371,20.287338,0.616967,1,0.062252,1,0.543805
31,89,receiver_stage/4,5,20.287478,21.208475,0.920997,2,0.135693,1,0.764002
31,94,receiver_stage/4,5,21.208985,22.08146,0.872475,1,0.078753,1,0.785392
31,102,receiver_stage/4,5,22.08193,22.871213,0.789283,2,0.088242,1,0.68897
31,106,receiver_stage/4,5,22.871253,23.827621,0.956368,1,0.077082,1,0.870785
31,113,receiver_stage/4,5,23.827901,24.788639,0.960738,2,0.099573,1,0.850745
31,121,receiver_stage/4,5,24.788699,25.388166,0.599467,1,0.069702,1,0.515915
31,126,receiver_stage/4,5,25.388296,26.237021,0.848725,2,0.091972,1,0.744162
31,136,receiver_stage/4,5,26.237131,26.89166,0.654529,1,0.078002,1,0.570567
31,140,receiver_stage/4,5,26.89192,27.906759,1.014839,1,0.078693,1,0.923076
31,146,receiver_stage/4,5,27.9069,28.731494,0.824594,2,0.108533,1,0.692871
31,153,receiver_stage/4,5,28.731974,29.666561,0.934587,1,0.098013,1,0.813593
31,159,receiver_stage/4,5,29.666872,30.48331,0.816438,3,0.121062,1,0.673004
31,2,receiver_stage/2,6,10.474054,13.239655,2.765601,4,1.717592,1,0.492144
31,14,receiver_stage/2,6,13.239795,14.427049,1.187254,7,0.896524,1,0.180955
31,24,receiver_stage/2,6,14.427229,14.699217,0.271988,7,0.226468,0,0.0
31,28,receiver_stage/2,6,14.699337,14.941714,0.242377,7,0.214667,0,0.0
31,32,receiver_stage/2,6,14.942274,15.16535,0.223076,7,0.115193,0,0.0
31,37,receiver_stage/2,6,15.16563,15.425208,0.259578,7,0.230135,0,0.0
31,40,receiver_stage/2,6,15.425228,15.671965,0.246737,7,0.204687,0,0.0
31,44,receiver_stage/2,6,15.672205,15.984434,0.312229,7,0.274506,0,0.0
31,48,receiver_stage/2,6,15.984514,17.000664,1.01615,3,0.127274,1,0.866876
31,62,receiver_stage/2,6,17.001234,17.742425,0.741191,1,0.075092,1,0.653659
31,68,receiver_stage/2,6,17.742685,18.030023,0.287338,7,0.250997,0,0.0
31,74,receiver_stage/2,6,18.030143,18.889498,0.859355,2,0.091733,1,0.750861
31,82,receiver_stage/2,6,18.889568,19.859106,0.969538,3,0.139394,1,0.809633
31,87,receiver_stage/2,6,19.859647,20.65381,0.794163,1,0.066602,1,0.712751
31,92,receiver_stage/2,6,20.65404,21.238516,0.584476,1,0.066072,1,0.509014
31,95,receiver_stage/2,6,21.238847,21.874055,0.635208,1,0.063222,1,0.554906
31,99,receiver_stage/2,6,21.874225,22.882234,1.008009,3,0.109304,1,0.872675
31,107,receiver_stage/2,6,22.882294,23.923634,1.04134,2,0.104992,1,0.918656
31,116,receiver_stage/2,6,23.923694,24.779489,0.855795,1,0.086052,1,0.760832
31,120,receiver_stage/2,6,24.779559,25.587383,0.807824,2,0.089422,1,0.697671
31,129,receiver_stage/2,6,25.587523,27.686263,2.09874,1,0.288138,1,1.796912
31,144,receiver_stage/2,6,27.686573,28.597015,0.910442,1,0.071892,1,0.823319
31,151,receiver_stage/2,6,28.597265,29.188542,0.591277,7,0.261807,1,0.268078
31,158,receiver_stage/2,6,29.188862,29.898313,0.709451,1,0.079782,1,0.618508
31,1,receiver_stage/1,7,10.470344,11.308488,0.838144,4,0.410191,0,0.0
31,9,receiver_stage/1,7,11.308508,12.038899,0.730391,7,0.533877,0,0.0
31,10,receiver_stage/1,7,12.03929,13.863832,1.824542,7,0.925656,1,0.741631
31,21,receiver_stage/1,7,13.863872,15.568592,1.70472,6,0.031092,0,0.0
31,41,receiver_stage/1,7,15.568672,16.058706,0.490034,7,0.447584,0,0.0
31,51,receiver_stage/1,7,16.058976,16.518359,0.459383,7,0.404421,0,0.0
31,57,receiver_stage/1,7,16.518569,17.070435,0.551866,7,0.343589,0,0.0
31,63,receiver_stage/1,7,17.070495,18.108696,1.038201,1,0.090812,1,0.938107
31,77,receiver_stage/1,7,18.108846,24.257054,6.148208,1,0.654379,1,5.472529
31,117,receiver_stage/1,7,24.257134,25.811799,1.554665,1,0.157715,1,1.38218
31,130,receiver_stage/1,7,25.811919,29.722043,3.910124,1,0.529596,1,3.365157
31,0,receiver_stage/0,8,10.458139,12.340283,1.882144,4,0.71064,1,0.558906
31,11,receiver_stage/0,8,12.341043,14.514866,2.173823,7,1.333447,1,0.68132
31,25,receiver_stage/0,8,14.515036,14.796245,0.281209,7,0.242176,0,0.0
31,29,receiver_stage/0,8,14.796315,15.040332,0.244017,7,0.218896,0,0.0
31,34,receiver_stage/0,8,15.040712,15.156765,0.116053,6,0.019259,0,0.0
31,36,receiver_stage/0,8,15.157245,15.385862,0.228617,7,0.191196,0,0.0
31,39,receiver_stage/0,8,15.386352,15.652069,0.265717,7,0.235016,0,0.0
31,43,receiver_stage/0,8,15.652109,15.990719,0.33861,7,0.305437,0,0.0
31,49,receiver_stage/0,8,15.990779,16.946467,0.955688,1,0.067882,1,0.875025
31,60,receiver_stage/0,8,16.946517,17.74801,0.801493,1,0.071112,1,0.716471
31,69,receiver_stage/0,8,17.74806,17.989467,0.241407,7,0.208886,0,0.0
31,73,receiver_stage/0,8,17.990077,18.901394,0.911317,1,0.065182,1,0.835725
31,83,receiver_stage/0,8,18.901454,20.020986,1.119532,1,0.098623,1,1.007729
31,88,receiver_stage/0,8,20.021136,21.502573,1.481437,2,0.18452,1,1.276587
31,98,receiver_stage/0,8,21.502793,22.633266,1.130473,1,0.119494,1,0.996179
31,105,receiver_stage/0,8,22.633426,24.613453,1.980027,3,0.235978,1,1.711349
31,119,receiver_stage/0,8,24.613693,26.128117,1.514424,2,0.163895,1,1.327458
31,132,receiver_stage/0,8,26.128197,28.182757,2.05456,2,0.278949,1,1.753871
31,147,receiver_stage/0,8,28.183017,29.030141,0.847124,2,0.176426,1,0.646568
31,156,receiver_stage/0,8,29.030221,29.781983,0.751762,1,0.071152,1,0.660969
31,5,receiver_stage/5,9,10.521721,13.490906,2.969185,7,0.869445,1,1.931135
31,18,receiver_stage/5,9,13.490946,13.786805,0.295859,7,0.263837,0,0.0
31,20,receiver_stage/5,9,13.786855,14.166986,0.380131,7,0.319029,0,0.0
31,23,receiver_stage/5,9,14.167136,14.521126,0.35399,7,0.308968,0,0.0
31,26,receiver_stage/5,9,14.521166,14.907288,0.386122,7,0.354589,0,0.0
31,30,receiver_stage/5,9,14.907638,15.245637,0.337999,7,0.309298,0,0.0
31,38,receiver_stage/5,9,15.245677,15.606088,0.360411,7,0.32503,0,0.0
31,42,receiver_stage/5,9,15.606118,15.934647,0.328529,7,0.290149,0,0.0
31,47,receiver_stage/5,9,15.934987,16.245826,0.310839,7,0.275507,0,0.0
31,53,receiver_stage/5,9,16.246096,16.481973,0.235877,7,0.205765,0,0.0
31,55,receiver_stage/5,9,16.482243,17.07078,0.588537,1,0.061652,1,0.521015
31,64,receiver_stage/5,9,17.07088,17.687988,0.617108,1,0.066472,1,0.533385
31,67,receiver_stage/5,9,17.688318,18.040648,0.35233,7,0.30681,0,0.0
31,75,receiver_stage/5,9,18.040828,18.764059,0.723231,1,0.072522,1,0.641328
31,80,receiver_stage/5,9,18.764279,19.794019,1.02974,2,0.164155,1,0.843794
31,86,receiver_stage/5,9,19.794259,20.50436,0.710101,2,0.099293,1,0.595917
31,91,receiver_stage/5,9,20.50483,21.113888,0.609058,1,0.079903,1,0.512095
31,93,receiver_stage/5,9,21.114508,22.167968,1.05346,3,0.143305,1,0.878935
31,103,receiver_stage/5,9,22.168048,23.059664,0.891616,3,0.151613,1,0.7039
31,110,receiver_stage/5,9,23.059744,23.915939,0.856195,2,0.112613,1,0.728871
31,115,receiver_stage/5,9,23.916039,25.214976,1.298937,1,0.133924,1,1.149593
31,124,receiver_stage/5,9,25.215066,25.973988,0.758922,1,0.091892,1,0.657469
31,131,receiver_stage/5,9,25.974068,27.270686,1.296618,2,0.150654,1,1.125273
31,142,receiver_stage/5,9,27.270736,28.406045,1.135309,1,0.086032,1,1.030536
31,150,receiver_stage/5,9,28.406395,29.097755,0.69136,7,0.261188,1,0.353411
31,157,receiver_stage/5,9,29.097815,29.823296,0.725481,1,0.064162,1,0.651599
