caller,callee,weight,percent
[unknown],ParallelRoam::Tools::CpuThreadPool::WorkerLoop(),16601202272,96.41527001862197
__GI___clone3,start_thread,16601202272,96.41527001862197
start_thread,[unknown],16601202272,96.41527001862197
"std::_Function_handler<void (unsigned long), ParallelRoam::Tools::CpuTaskExecutor::Dispatch(unsigned long, std::function<void (unsigned long)> const&)::{lambda(unsigned long)#1}>::_M_invoke(std::_Any_data const&, unsigned long&&)","std::_Function_handler<void (unsigned long), ParallelRoam::Algorithms::GreedyTransactionalLod::TransactionalExecution::Run(std::__cxx11::basic_string<char, std::char_traits<char>, std::allocator<char> > const&, unsigned long, ParallelRoam::Algorithms::GreedyTransactionalLod::WorkLedger&, std::function<void (unsigned long, unsigned long, ParallelRoam::Algorithms::GreedyTransactionalLod::WorkLedger&)> const&) const::{lambda(unsigned long)#1}>::_M_invoke(std::_Any_data const&, unsigned long&&)",16597194256,96.39199255121042
"std::_Function_handler<void (), ParallelRoam::Tools::CpuThreadPool::ParallelFor(unsigned long, std::function<void (unsigned long)> const&)::{lambda()#1}>::_M_invoke(std::_Any_data const&)","std::_Function_handler<void (unsigned long), ParallelRoam::Tools::CpuTaskExecutor::Dispatch(unsigned long, std::function<void (unsigned long)> const&)::{lambda(unsigned long)#1}>::_M_invoke(std::_Any_data const&, unsigned long&&)",16597194256,96.39199255121042
ParallelRoam::Tools::CpuThreadPool::WorkerLoop(),"std::_Function_handler<void (), ParallelRoam::Tools::CpuThreadPool::ParallelFor(unsigned long, std::function<void (unsigned long)> const&)::{lambda()#1}>::_M_invoke(std::_Any_data const&)",16597194256,96.39199255121042
"std::_Function_handler<void (unsigned long), ParallelRoam::Algorithms::GreedyTransactionalLod::TransactionalExecution::Run(std::__cxx11::basic_string<char, std::char_traits<char>, std::allocator<char> > const&, unsigned long, ParallelRoam::Algorithms::GreedyTransactionalLod::WorkLedger&, std::function<void (unsigned long, unsigned long, ParallelRoam::Algorithms::GreedyTransactionalLod::WorkLedger&)> const&) const::{lambda(unsigned long)#1}>::_M_invoke(std::_Any_data const&, unsigned long&&)","std::_Function_handler<void (unsigned long, unsigned long, ParallelRoam::Algorithms::GreedyTransactionalLod::WorkLedger&), ParallelRoam::Algorithms::GreedyTransactionalLod::TransactionalExecution::RunIndependent(std::__cxx11::basic_string<char, std::char_traits<char>, std::allocator<char> > const&, unsigned long, ParallelRoam::Algorithms::GreedyTransactionalLod::WorkLedger&, std::function<void (unsigned long, unsigned long, ParallelRoam::Algorithms::GreedyTransactionalLod::WorkLedger&)> const&) const::{lambda(unsigned long, unsigned long, ParallelRoam::Algorithms::GreedyTransactionalLod::WorkLedger&)#1}>::_M_invoke(std::_Any_data const&, unsigned long&&, unsigned long&&, ParallelRoam::Algorithms::GreedyTransactionalLod::WorkLedger&)",15350701280,89.15270018621973
"std::_Function_handler<void (unsigned long, unsigned long, ParallelRoam::Algorithms::GreedyTransactionalLod::WorkLedger&), ParallelRoam::Algorithms::GreedyTransactionalLod::TransactionalExecution::RunIndependent(std::__cxx11::basic_string<char, std::char_traits<char>, std::allocator<char> > const&, unsigned long, ParallelRoam::Algorithms::GreedyTransactionalLod::WorkLedger&, std::function<void (unsigned long, unsigned long, ParallelRoam::Algorithms::GreedyTransactionalLod::WorkLedger&)> const&) const::{lambda(unsigned long, unsigned long, ParallelRoam::Algorithms::GreedyTransactionalLod::WorkLedger&)#1}>::_M_invoke(std::_Any_data const&, unsigned long&&, unsigned long&&, ParallelRoam::Algorithms::GreedyTransactionalLod::WorkLedger&)","auto ParallelRoam::Algorithms::GreedyTransactionalLod::TransactionalReservation::Plan(ParallelRoam::Algorithms::GreedyTransactionalLod::TransactionalState const&, ParallelRoam::Algorithms::GreedyTransactionalLod::TransactionalSamples const&, ParallelRoam::Algorithms::GreedyTransactionalLod::WorkLedger&, ParallelRoam::Algorithms::GreedyTransactionalLod::TransactionalExecution const&)::{lambda(auto:1, auto:2, ParallelRoam::Algorithms::GreedyTransactionalLod::WorkLedger&)#1}::operator()<unsigned long, unsigned long>(unsigned long, unsigned long, ParallelRoam::Algorithms::GreedyTransactionalLod::WorkLedger&) const",15344689256,89.11778398510242
"auto ParallelRoam::Algorithms::GreedyTransactionalLod::TransactionalReservation::Plan(ParallelRoam::Algorithms::GreedyTransactionalLod::TransactionalState const&, ParallelRoam::Algorithms::GreedyTransactionalLod::TransactionalSamples const&, ParallelRoam::Algorithms::GreedyTransactionalLod::WorkLedger&, ParallelRoam::Algorithms::GreedyTransactionalLod::TransactionalExecution const&)::{lambda(auto:1, auto:2, ParallelRoam::Algorithms::GreedyTransactionalLod::WorkLedger&)#1}::operator()<unsigned long, unsigned long>(unsigned long, unsigned long, ParallelRoam::Algorithms::GreedyTransactionalLod::WorkLedger&) const","ParallelRoam::Algorithms::GreedyTransactionalLod::TransactionalPointwiseQuality::Certify[abi:cxx11](ParallelRoam::Algorithms::GreedyTransactionalLod::TransactionalState const&, ParallelRoam::Algorithms::GreedyTransactionalLod::TransactionalSamples const&, ParallelRoam::Algorithms::GreedyTransactionalLod::Proposal&, bool, ParallelRoam::Algorithms::GreedyTransactionalLod::WorkLedger&)",14314629144,83.1354748603352
"ParallelRoam::Algorithms::GreedyTransactionalLod::TransactionalPointwiseQuality::Certify[abi:cxx11](ParallelRoam::Algorithms::GreedyTransactionalLod::TransactionalState const&, ParallelRoam::Algorithms::GreedyTransactionalLod::TransactionalSamples const&, ParallelRoam::Algorithms::GreedyTransactionalLod::Proposal&, bool, ParallelRoam::Algorithms::GreedyTransactionalLod::WorkLedger&)","ParallelRoam::Algorithms::GreedyTransactionalLod::TransactionalQualitySampleEvidence::Cover(std::vector<ParallelRoam::Algorithms::GreedyTransactionalLod::TransactionalQualityFaceEvidence, std::allocator<ParallelRoam::Algorithms::GreedyTransactionalLod::TransactionalQualityFaceEvidence> >&)",4182364696,24.290037243947857
"ParallelRoam::Algorithms::GreedyTransactionalLod::TransactionalPointwiseQuality::Certify[abi:cxx11](ParallelRoam::Algorithms::GreedyTransactionalLod::TransactionalState const&, ParallelRoam::Algorithms::GreedyTransactionalLod::TransactionalSamples const&, ParallelRoam::Algorithms::GreedyTransactionalLod::Proposal&, bool, ParallelRoam::Algorithms::GreedyTransactionalLod::WorkLedger&)","std::optional<boost::multiprecision::number<boost::multiprecision::backends::rational_adaptor<boost::multiprecision::backends::cpp_int_backend<0ul, 0ul, (boost::multiprecision::cpp_integer_type)1, (boost::multiprecision::cpp_int_check_type)0, std::allocator<unsigned long long> > >, (boost::multiprecision::expression_template_option)1> > ParallelRoam::Algorithms::GreedyTransactionalLod::QualityEvaluation::ScreenPrepared<boost::multiprecision::number<boost::multiprecision::backends::rational_adaptor<boost::multiprecision::backends::cpp_int_backend<0ul, 0ul, (boost::multiprecision::cpp_integer_type)1, (boost::multiprecision::cpp_int_check_type)0, std::allocator<unsigned long long> > >, (boost::multiprecision::expression_template_option)1> >(ParallelRoam::Algorithms::GreedyTransactionalLod::Configuration const&, std::array<boost::multiprecision::number<boost::multiprecision::backends::rational_adaptor<boost::multiprecision::backends::cpp_int_backend<0ul, 0ul, (boost::multiprecision::cpp_integer_type)1, (boost::multiprecision::cpp_int_check_type)0, std::allocator<unsigned long long> > >, (boost::multiprecision::expression_template_option)1>, 3ul> const&, std::array<boost::multiprecision::number<boost::multiprecision::backends::rational_adaptor<boost::multiprecision::backends::cpp_int_backend<0ul, 0ul, (boost::multiprecision::cpp_integer_type)1, (boost::multiprecision::cpp_int_check_type)0, std::allocator<unsigned long long> > >, (boost::multiprecision::expression_template_option)1>, 4ul> const&, boost::multiprecision::number<boost::multiprecision::backends::rational_adaptor<boost::multiprecision::backends::cpp_int_backend<0ul, 0ul, (boost::multiprecision::cpp_integer_type)1, (boost::multiprecision::cpp_int_check_type)0, std::allocator<unsigned long long> > >, (boost::multiprecision::expression_template_option)1> const&)",3521042056,20.44925512104283
"std::optional<boost::multiprecision::number<boost::multiprecision::backends::rational_adaptor<boost::multiprecision::backends::cpp_int_backend<0ul, 0ul, (boost::multiprecision::cpp_integer_type)1, (boost::multiprecision::cpp_int_check_type)0, std::allocator<unsigned long long> > >, (boost::multiprecision::expression_template_option)1> > ParallelRoam::Algorithms::GreedyTransactionalLod::QualityEvaluation::ScreenPrepared<boost::multiprecision::number<boost::multiprecision::backends::rational_adaptor<boost::multiprecision::backends::cpp_int_backend<0ul, 0ul, (boost::multiprecision::cpp_integer_type)1, (boost::multiprecision::cpp_int_check_type)0, std::allocator<unsigned long long> > >, (boost::multiprecision::expression_template_option)1> >(ParallelRoam::Algorithms::GreedyTransactionalLod::Configuration const&, std::array<boost::multiprecision::number<boost::multiprecision::backends::rational_adaptor<boost::multiprecision::backends::cpp_int_backend<0ul, 0ul, (boost::multiprecision::cpp_integer_type)1, (boost::multiprecision::cpp_int_check_type)0, std::allocator<unsigned long long> > >, (boost::multiprecision::expression_template_option)1>, 3ul> const&, std::array<boost::multiprecision::number<boost::multiprecision::backends::rational_adaptor<boost::multiprecision::backends::cpp_int_backend<0ul, 0ul, (boost::multiprecision::cpp_integer_type)1, (boost::multiprecision::cpp_int_check_type)0, std::allocator<unsigned long long> > >, (boost::multiprecision::expression_template_option)1>, 4ul> const&, boost::multiprecision::number<boost::multiprecision::backends::rational_adaptor<boost::multiprecision::backends::cpp_int_backend<0ul, 0ul, (boost::multiprecision::cpp_integer_type)1, (boost::multiprecision::cpp_int_check_type)0, std::allocator<unsigned long long> > >, (boost::multiprecision::expression_template_option)1> const&)","std::array<boost::multiprecision::number<boost::multiprecision::backends::rational_adaptor<boost::multiprecision::backends::cpp_int_backend<0ul, 0ul, (boost::multiprecision::cpp_integer_type)1, (boost::multiprecision::cpp_int_check_type)0, std::allocator<unsigned long long> > >, (boost::multiprecision::expression_template_option)1>, 4ul> ParallelRoam::Algorithms::GreedyTransactionalLod::QualityEvaluation::Clip<boost::multiprecision::number<boost::multiprecision::backends::rational_adaptor<boost::multiprecision::backends::cpp_int_backend<0ul, 0ul, (boost::multiprecision::cpp_integer_type)1, (boost::multiprecision::cpp_int_check_type)0, std::allocator<unsigned long long> > >, (boost::multiprecision::expression_template_option)1> >(ParallelRoam::Algorithms::GreedyTransactionalLod::Configuration const&, boost::multiprecision::number<boost::multiprecision::backends::rational_adaptor<boost::multiprecision::backends::cpp_int_backend<0ul, 0ul, (boost::multiprecision::cpp_integer_type)1, (boost::multiprecision::cpp_int_check_type)0, std::allocator<unsigned long long> > >, (boost::multiprecision::expression_template_option)1> const&, boost::multiprecision::number<boost::multiprecision::backends::rational_adaptor<boost::multiprecision::backends::cpp_int_backend<0ul, 0ul, (boost::multiprecision::cpp_integer_type)1, (boost::multiprecision::cpp_int_check_type)0, std::allocator<unsigned long long> > >, (boost::multiprecision::expression_template_option)1> const&, boost::multiprecision::number<boost::multiprecision::backends::rational_adaptor<boost::multiprecision::backends::cpp_int_backend<0ul, 0ul, (boost::multiprecision::cpp_integer_type)1, (boost::multiprecision::cpp_int_check_type)0, std::allocator<unsigned long long> > >, (boost::multiprecision::expression_template_option)1> const&)",2138276536,12.41852886405959
"std::array<boost::multiprecision::number<boost::multiprecision::backends::rational_adaptor<boost::multiprecision::backends::cpp_int_backend<0ul, 0ul, (boost::multiprecision::cpp_integer_type)1, (boost::multiprecision::cpp_int_check_type)0, std::allocator<unsigned long long> > >, (boost::multiprecision::expression_template_option)1>, 4ul> ParallelRoam::Algorithms::GreedyTransactionalLod::QualityEvaluation::Clip<boost::multiprecision::number<boost::multiprecision::backends::rational_adaptor<boost::multiprecision::backends::cpp_int_backend<0ul, 0ul, (boost::multiprecision::cpp_integer_type)1, (boost::multiprecision::cpp_int_check_type)0, std::allocator<unsigned long long> > >, (boost::multiprecision::expression_template_option)1> >(ParallelRoam::Algorithms::GreedyTransactionalLod::Configuration const&, boost::multiprecision::number<boost::multiprecision::backends::rational_adaptor<boost::multiprecision::backends::cpp_int_backend<0ul, 0ul, (boost::multiprecision::cpp_integer_type)1, (boost::multiprecision::cpp_int_check_type)0, std::allocator<unsigned long long> > >, (boost::multiprecision::expression_template_option)1> const&, boost::multiprecision::number<boost::multiprecision::backends::rational_adaptor<boost::multiprecision::backends::cpp_int_backend<0ul, 0ul, (boost::multiprecision::cpp_integer_type)1, (boost::multiprecision::cpp_int_check_type)0, std::allocator<unsigned long long> > >, (boost::multiprecision::expression_template_option)1> const&, boost::multiprecision::number<boost::multiprecision::backends::rational_adaptor<boost::multiprecision::backends::cpp_int_backend<0ul, 0ul, (boost::multiprecision::cpp_integer_type)1, (boost::multiprecision::cpp_int_check_type)0, std::allocator<unsigned long long> > >, (boost::multiprecision::expression_template_option)1> const&)","std::enable_if<std::is_floating_point<long double>::value, boost::multiprecision::backends::rational_adaptor<boost::multiprecision::backends::cpp_int_backend<0ul, 0ul, (boost::multiprecision::cpp_integer_type)1, (boost::multiprecision::cpp_int_check_type)0, std::allocator<unsigned long long> > >&>::type boost::multiprecision::backends::rational_adaptor<boost::multiprecision::backends::cpp_int_backend<0ul, 0ul, (boost::multiprecision::cpp_integer_type)1, (boost::multiprecision::cpp_int_check_type)0, std::allocator<unsigned long long> > >::operator=<long double>(long double) [clone .isra.0]",1837675336,10.672718808193668
"ParallelRoam::Algorithms::GreedyTransactionalLod::TransactionalPointwiseQuality::Certify[abi:cxx11](ParallelRoam::Algorithms::GreedyTransactionalLod::TransactionalState const&, ParallelRoam::Algorithms::GreedyTransactionalLod::TransactionalSamples const&, ParallelRoam::Algorithms::GreedyTransactionalLod::Proposal&, bool, ParallelRoam::Algorithms::GreedyTransactionalLod::WorkLedger&)",ParallelRoam::Algorithms::GreedyTransactionalLod::TransactionalQualitySampleEvidence::ExactClip(),1280561112,7.437150837988827
"std::enable_if<std::is_floating_point<long double>::value, boost::multiprecision::backends::rational_adaptor<boost::multiprecision::backends::cpp_int_backend<0ul, 0ul, (boost::multiprecision::cpp_integer_type)1, (boost::multiprecision::cpp_int_check_type)0, std::allocator<unsigned long long> > >&>::type boost::multiprecision::backends::rational_adaptor<boost::multiprecision::backends::cpp_int_backend<0ul, 0ul, (boost::multiprecision::cpp_integer_type)1, (boost::multiprecision::cpp_int_check_type)0, std::allocator<unsigned long long> > >::operator=<long double>(long double) [clone .isra.0]","void boost::multiprecision::backends::cpp_int_backend<0ul, 0ul, (boost::multiprecision::cpp_integer_type)1, (boost::multiprecision::cpp_int_check_type)0, std::allocator<unsigned long long> >::do_assign_float<long double>(long double)",1280561112,7.437150837988827
"ParallelRoam::Algorithms::GreedyTransactionalLod::TransactionalQualitySampleEvidence::Cover(std::vector<ParallelRoam::Algorithms::GreedyTransactionalLod::TransactionalQualityFaceEvidence, std::allocator<ParallelRoam::Algorithms::GreedyTransactionalLod::TransactionalQualityFaceEvidence> >&)",ParallelRoam::Algorithms::GreedyTransactionalLod::TransactionalQualitySampleEvidence::ExactCoordinate(),1238476944,7.192737430167598
ParallelRoam::Algorithms::GreedyTransactionalLod::TransactionalQualitySampleEvidence::ExactClip(),"std::array<boost::multiprecision::number<boost::multiprecision::backends::rational_adaptor<boost::multiprecision::backends::cpp_int_backend<0ul, 0ul, (boost::multiprecision::cpp_integer_type)1, (boost::multiprecision::cpp_int_check_type)0, std::allocator<unsigned long long> > >, (boost::multiprecision::expression_template_option)1>, 4ul> ParallelRoam::Algorithms::GreedyTransactionalLod::QualityEvaluation::Clip<boost::multiprecision::number<boost::multiprecision::backends::rational_adaptor<boost::multiprecision::backends::cpp_int_backend<0ul, 0ul, (boost::multiprecision::cpp_integer_type)1, (boost::multiprecision::cpp_int_check_type)0, std::allocator<unsigned long long> > >, (boost::multiprecision::expression_template_option)1> >(ParallelRoam::Algorithms::GreedyTransactionalLod::Configuration const&, boost::multiprecision::number<boost::multiprecision::backends::rational_adaptor<boost::multiprecision::backends::cpp_int_backend<0ul, 0ul, (boost::multiprecision::cpp_integer_type)1, (boost::multiprecision::cpp_int_check_type)0, std::allocator<unsigned long long> > >, (boost::multiprecision::expression_template_option)1> const&, boost::multiprecision::number<boost::multiprecision::backends::rational_adaptor<boost::multiprecision::backends::cpp_int_backend<0ul, 0ul, (boost::multiprecision::cpp_integer_type)1, (boost::multiprecision::cpp_int_check_type)0, std::allocator<unsigned long long> > >, (boost::multiprecision::expression_template_option)1> const&, boost::multiprecision::number<boost::multiprecision::backends::rational_adaptor<boost::multiprecision::backends::cpp_int_backend<0ul, 0ul, (boost::multiprecision::cpp_integer_type)1, (boost::multiprecision::cpp_int_check_type)0, std::allocator<unsigned long long> > >, (boost::multiprecision::expression_template_option)1> const&)",1220440872,7.087988826815643
"void boost::multiprecision::backends::eval_add_subtract_imp<boost::multiprecision::backends::cpp_int_backend<0ul, 0ul, (boost::multiprecision::cpp_integer_type)1, (boost::multiprecision::cpp_int_check_type)0, std::allocator<unsigned long long> > >(boost::multiprecision::backends::rational_adaptor<boost::multiprecision::backends::cpp_int_backend<0ul, 0ul, (boost::multiprecision::cpp_integer_type)1, (boost::multiprecision::cpp_int_check_type)0, std::allocator<unsigned long long> > >&, boost::multiprecision::backends::rational_adaptor<boost::multiprecision::backends::cpp_int_backend<0ul, 0ul, (boost::multiprecision::cpp_integer_type)1, (boost::multiprecision::cpp_int_check_type)0, std::allocator<unsigned long long> > > const&, boost::multiprecision::backends::rational_adaptor<boost::multiprecision::backends::cpp_int_backend<0ul, 0ul, (boost::multiprecision::cpp_integer_type)1, (boost::multiprecision::cpp_int_check_type)0, std::allocator<unsigned long long> > > const&, bool)","std::enable_if<!boost::multiprecision::backends::is_trivial_cpp_int<boost::multiprecision::backends::cpp_int_backend<0ul, 0ul, (boost::multiprecision::cpp_integer_type)1, (boost::multiprecision::cpp_int_check_type)0, std::allocator<unsigned long long> > >::value, void>::type boost::multiprecision::backends::eval_gcd<0ul, 0ul, (boost::multiprecision::cpp_integer_type)1, (boost::multiprecision::cpp_int_check_type)0, std::allocator<unsigned long long> >(boost::multiprecision::backends::cpp_int_backend<0ul, 0ul, (boost::multiprecision::cpp_integer_type)1, (boost::multiprecision::cpp_int_check_type)0, std::allocator<unsigned long long> >&, boost::multiprecision::backends::cpp_int_backend<0ul, 0ul, (boost::multiprecision::cpp_integer_type)1, (boost::multiprecision::cpp_int_check_type)0, std::allocator<unsigned long long> > const&, boost::multiprecision::backends::cpp_int_backend<0ul, 0ul, (boost::multiprecision::cpp_integer_type)1, (boost::multiprecision::cpp_int_check_type)0, std::allocator<unsigned long long> > const&)",1184368728,6.878491620111732
"ParallelRoam::Algorithms::GreedyTransactionalLod::TransactionalPointwiseQuality::Certify[abi:cxx11](ParallelRoam::Algorithms::GreedyTransactionalLod::TransactionalState const&, ParallelRoam::Algorithms::GreedyTransactionalLod::TransactionalSamples const&, ParallelRoam::Algorithms::GreedyTransactionalLod::Proposal&, bool, ParallelRoam::Algorithms::GreedyTransactionalLod::WorkLedger&)","std::optional<ParallelRoam::Algorithms::GreedyTransactionalLod::QualityEvaluation::Interval> ParallelRoam::Algorithms::GreedyTransactionalLod::QualityEvaluation::ScreenPrepared<ParallelRoam::Algorithms::GreedyTransactionalLod::QualityEvaluation::Interval>(ParallelRoam::Algorithms::GreedyTransactionalLod::Configuration const&, std::array<ParallelRoam::Algorithms::GreedyTransactionalLod::QualityEvaluation::Interval, 3ul> const&, std::array<ParallelRoam::Algorithms::GreedyTransactionalLod::QualityEvaluation::Interval, 4ul> const&, ParallelRoam::Algorithms::GreedyTransactionalLod::QualityEvaluation::Interval const&)",1054108208,6.121973929236499
ParallelRoam::Algorithms::GreedyTransactionalLod::TransactionalQualitySampleEvidence::ExactReference(),"std::array<boost::multiprecision::number<boost::multiprecision::backends::rational_adaptor<boost::multiprecision::backends::cpp_int_backend<0ul, 0ul, (boost::multiprecision::cpp_integer_type)1, (boost::multiprecision::cpp_int_check_type)0, std::allocator<unsigned long long> > >, (boost::multiprecision::expression_template_option)1>, 3ul> ParallelRoam::Algorithms::GreedyTransactionalLod::QualityEvaluation::Reference<boost::multiprecision::number<boost::multiprecision::backends::rational_adaptor<boost::multiprecision::backends::cpp_int_backend<0ul, 0ul, (boost::multiprecision::cpp_integer_type)1, (boost::multiprecision::cpp_int_check_type)0, std::allocator<unsigned long long> > >, (boost::multiprecision::expression_template_option)1> >(ParallelRoam::Algorithms::GreedyTransactionalLod::TransactionalState const&, ParallelRoam::Algorithms::GreedyTransactionalLod::TransactionalSamples const&, unsigned int)",1050100192,6.098696461824954
ParallelRoam::Algorithms::GreedyTransactionalLod::TransactionalQualitySampleEvidence::ExactCoordinate(),ParallelRoam::Algorithms::GreedyTransactionalLod::TransactionalQualitySampleEvidence::ExactReference(),1014028048,5.889199255121043
"ParallelRoam::Algorithms::GreedyTransactionalLod::TransactionalQualitySampleEvidence::Cover(std::vector<ParallelRoam::Algorithms::GreedyTransactionalLod::TransactionalQualityFaceEvidence, std::allocator<ParallelRoam::Algorithms::GreedyTransactionalLod::TransactionalQualityFaceEvidence> >&)",__nextafter,1010020032,5.865921787709497
"ParallelRoam::Algorithms::GreedyTransactionalLod::TransactionalPointwiseQuality::Certify[abi:cxx11](ParallelRoam::Algorithms::GreedyTransactionalLod::TransactionalState const&, ParallelRoam::Algorithms::GreedyTransactionalLod::TransactionalSamples const&, ParallelRoam::Algorithms::GreedyTransactionalLod::Proposal&, bool, ParallelRoam::Algorithms::GreedyTransactionalLod::WorkLedger&)","ParallelRoam::Algorithms::GreedyTransactionalLod::QualityEvaluation::SameInterface(ParallelRoam::Algorithms::GreedyTransactionalLod::TransactionalState const&, ParallelRoam::Algorithms::GreedyTransactionalLod::Proposal const&, bool, std::vector<std::array<ParallelRoam::Algorithms::GreedyTransactionalLod::Point, 3ul>, std::allocator<std::array<ParallelRoam::Algorithms::GreedyTransactionalLod::Point, 3ul> > > const&, std::vector<std::array<ParallelRoam::Algorithms::GreedyTransactionalLod::Point, 3ul>, std::allocator<std::array<ParallelRoam::Algorithms::GreedyTransactionalLod::Point, 3ul> > > const&)",901803600,5.237430167597766
"void boost::multiprecision::backends::eval_multiply_imp<boost::multiprecision::backends::cpp_int_backend<0ul, 0ul, (boost::multiprecision::cpp_integer_type)1, (boost::multiprecision::cpp_int_check_type)0, std::allocator<unsigned long long> > >(boost::multiprecision::backends::rational_adaptor<boost::multiprecision::backends::cpp_int_backend<0ul, 0ul, (boost::multiprecision::cpp_integer_type)1, (boost::multiprecision::cpp_int_check_type)0, std::allocator<unsigned long long> > >&, boost::multiprecision::backends::rational_adaptor<boost::multiprecision::backends::cpp_int_backend<0ul, 0ul, (boost::multiprecision::cpp_integer_type)1, (boost::multiprecision::cpp_int_check_type)0, std::allocator<unsigned long long> > > const&, boost::multiprecision::backends::cpp_int_backend<0ul, 0ul, (boost::multiprecision::cpp_integer_type)1, (boost::multiprecision::cpp_int_check_type)0, std::allocator<unsigned long long> > const&, boost::multiprecision::backends::cpp_int_backend<0ul, 0ul, (boost::multiprecision::cpp_integer_type)1, (boost::multiprecision::cpp_int_check_type)0, std::allocator<unsigned long long> > const&)","std::enable_if<!boost::multiprecision::backends::is_trivial_cpp_int<boost::multiprecision::backends::cpp_int_backend<0ul, 0ul, (boost::multiprecision::cpp_integer_type)1, (boost::multiprecision::cpp_int_check_type)0, std::allocator<unsigned long long> > >::value, void>::type boost::multiprecision::backends::eval_gcd<0ul, 0ul, (boost::multiprecision::cpp_integer_type)1, (boost::multiprecision::cpp_int_check_type)0, std::allocator<unsigned long long> >(boost::multiprecision::backends::cpp_int_backend<0ul, 0ul, (boost::multiprecision::cpp_integer_type)1, (boost::multiprecision::cpp_int_check_type)0, std::allocator<unsigned long long> >&, boost::multiprecision::backends::cpp_int_backend<0ul, 0ul, (boost::multiprecision::cpp_integer_type)1, (boost::multiprecision::cpp_int_check_type)0, std::allocator<unsigned long long> > const&, boost::multiprecision::backends::cpp_int_backend<0ul, 0ul, (boost::multiprecision::cpp_integer_type)1, (boost::multiprecision::cpp_int_check_type)0, std::allocator<unsigned long long> > const&)",783567128,4.550744878957169
"std::_Function_handler<void (unsigned long), ParallelRoam::Algorithms::GreedyTransactionalLod::TransactionalExecution::Run(std::__cxx11::basic_string<char, std::char_traits<char>, std::allocator<char> > const&, unsigned long, ParallelRoam::Algorithms::GreedyTransactionalLod::WorkLedger&, std::function<void (unsigned long, unsigned long, ParallelRoam::Algorithms::GreedyTransactionalLod::WorkLedger&)> const&) const::{lambda(unsigned long)#1}>::_M_invoke(std::_Any_data const&, unsigned long&&)","std::_Function_handler<void (unsigned long, unsigned long, ParallelRoam::Algorithms::GreedyTransactionalLod::WorkLedger&), ParallelRoam::Algorithms::GreedyTransactionalLod::TransactionalSamples::PrepareView(ParallelRoam::Algorithms::GreedyTransactionalLod::TransactionalState const&, ParallelRoam::Algorithms::GreedyTransactionalLod::Configuration const&, ParallelRoam::Algorithms::GreedyTransactionalLod::WorkLedger&, ParallelRoam::Algorithms::GreedyTransactionalLod::TransactionalExecution const&)::{lambda(auto:1, auto:2, ParallelRoam::Algorithms::GreedyTransactionalLod::WorkLedger&)#1}>::_M_invoke(std::_Any_data const&, unsigned long&&, unsigned long&&, ParallelRoam::Algorithms::GreedyTransactionalLod::WorkLedger&)",757515024,4.399441340782123
"std::array<boost::multiprecision::number<boost::multiprecision::backends::rational_adaptor<boost::multiprecision::backends::cpp_int_backend<0ul, 0ul, (boost::multiprecision::cpp_integer_type)1, (boost::multiprecision::cpp_int_check_type)0, std::allocator<unsigned long long> > >, (boost::multiprecision::expression_template_option)1>, 4ul> ParallelRoam::Algorithms::GreedyTransactionalLod::QualityEvaluation::Clip<boost::multiprecision::number<boost::multiprecision::backends::rational_adaptor<boost::multiprecision::backends::cpp_int_backend<0ul, 0ul, (boost::multiprecision::cpp_integer_type)1, (boost::multiprecision::cpp_int_check_type)0, std::allocator<unsigned long long> > >, (boost::multiprecision::expression_template_option)1> >(ParallelRoam::Algorithms::GreedyTransactionalLod::Configuration const&, boost::multiprecision::number<boost::multiprecision::backends::rational_adaptor<boost::multiprecision::backends::cpp_int_backend<0ul, 0ul, (boost::multiprecision::cpp_integer_type)1, (boost::multiprecision::cpp_int_check_type)0, std::allocator<unsigned long long> > >, (boost::multiprecision::expression_template_option)1> const&, boost::multiprecision::number<boost::multiprecision::backends::rational_adaptor<boost::multiprecision::backends::cpp_int_backend<0ul, 0ul, (boost::multiprecision::cpp_integer_type)1, (boost::multiprecision::cpp_int_check_type)0, std::allocator<unsigned long long> > >, (boost::multiprecision::expression_template_option)1> const&, boost::multiprecision::number<boost::multiprecision::backends::rational_adaptor<boost::multiprecision::backends::cpp_int_backend<0ul, 0ul, (boost::multiprecision::cpp_integer_type)1, (boost::multiprecision::cpp_int_check_type)0, std::allocator<unsigned long long> > >, (boost::multiprecision::expression_template_option)1> const&)","void boost::multiprecision::backends::eval_add_subtract_imp<boost::multiprecision::backends::cpp_int_backend<0ul, 0ul, (boost::multiprecision::cpp_integer_type)1, (boost::multiprecision::cpp_int_check_type)0, std::allocator<unsigned long long> > >(boost::multiprecision::backends::rational_adaptor<boost::multiprecision::backends::cpp_int_backend<0ul, 0ul, (boost::multiprecision::cpp_integer_type)1, (boost::multiprecision::cpp_int_check_type)0, std::allocator<unsigned long long> > >&, boost::multiprecision::backends::rational_adaptor<boost::multiprecision::backends::cpp_int_backend<0ul, 0ul, (boost::multiprecision::cpp_integer_type)1, (boost::multiprecision::cpp_int_check_type)0, std::allocator<unsigned long long> > > const&, boost::multiprecision::backends::rational_adaptor<boost::multiprecision::backends::cpp_int_backend<0ul, 0ul, (boost::multiprecision::cpp_integer_type)1, (boost::multiprecision::cpp_int_check_type)0, std::allocator<unsigned long long> > > const&, bool)",757515024,4.399441340782123
"std::optional<boost::multiprecision::number<boost::multiprecision::backends::rational_adaptor<boost::multiprecision::backends::cpp_int_backend<0ul, 0ul, (boost::multiprecision::cpp_integer_type)1, (boost::multiprecision::cpp_int_check_type)0, std::allocator<unsigned long long> > >, (boost::multiprecision::expression_template_option)1> > ParallelRoam::Algorithms::GreedyTransactionalLod::QualityEvaluation::ScreenPrepared<boost::multiprecision::number<boost::multiprecision::backends::rational_adaptor<boost::multiprecision::backends::cpp_int_backend<0ul, 0ul, (boost::multiprecision::cpp_integer_type)1, (boost::multiprecision::cpp_int_check_type)0, std::allocator<unsigned long long> > >, (boost::multiprecision::expression_template_option)1> >(ParallelRoam::Algorithms::GreedyTransactionalLod::Configuration const&, std::array<boost::multiprecision::number<boost::multiprecision::backends::rational_adaptor<boost::multiprecision::backends::cpp_int_backend<0ul, 0ul, (boost::multiprecision::cpp_integer_type)1, (boost::multiprecision::cpp_int_check_type)0, std::allocator<unsigned long long> > >, (boost::multiprecision::expression_template_option)1>, 3ul> const&, std::array<boost::multiprecision::number<boost::multiprecision::backends::rational_adaptor<boost::multiprecision::backends::cpp_int_backend<0ul, 0ul, (boost::multiprecision::cpp_integer_type)1, (boost::multiprecision::cpp_int_check_type)0, std::allocator<unsigned long long> > >, (boost::multiprecision::expression_template_option)1>, 4ul> const&, boost::multiprecision::number<boost::multiprecision::backends::rational_adaptor<boost::multiprecision::backends::cpp_int_backend<0ul, 0ul, (boost::multiprecision::cpp_integer_type)1, (boost::multiprecision::cpp_int_check_type)0, std::allocator<unsigned long long> > >, (boost::multiprecision::expression_template_option)1> const&)","void boost::multiprecision::backends::eval_add_subtract_imp<boost::multiprecision::backends::cpp_int_backend<0ul, 0ul, (boost::multiprecision::cpp_integer_type)1, (boost::multiprecision::cpp_int_check_type)0, std::allocator<unsigned long long> > >(boost::multiprecision::backends::rational_adaptor<boost::multiprecision::backends::cpp_int_backend<0ul, 0ul, (boost::multiprecision::cpp_integer_type)1, (boost::multiprecision::cpp_int_check_type)0, std::allocator<unsigned long long> > >&, boost::multiprecision::backends::rational_adaptor<boost::multiprecision::backends::cpp_int_backend<0ul, 0ul, (boost::multiprecision::cpp_integer_type)1, (boost::multiprecision::cpp_int_check_type)0, std::allocator<unsigned long long> > > const&, boost::multiprecision::backends::rational_adaptor<boost::multiprecision::backends::cpp_int_backend<0ul, 0ul, (boost::multiprecision::cpp_integer_type)1, (boost::multiprecision::cpp_int_check_type)0, std::allocator<unsigned long long> > > const&, bool)",697394784,4.050279329608938
"std::optional<ParallelRoam::Algorithms::GreedyTransactionalLod::QualityEvaluation::Interval> ParallelRoam::Algorithms::GreedyTransactionalLod::QualityEvaluation::ScreenPrepared<ParallelRoam::Algorithms::GreedyTransactionalLod::QualityEvaluation::Interval>(ParallelRoam::Algorithms::GreedyTransactionalLod::Configuration const&, std::array<ParallelRoam::Algorithms::GreedyTransactionalLod::QualityEvaluation::Interval, 3ul> const&, std::array<ParallelRoam::Algorithms::GreedyTransactionalLod::QualityEvaluation::Interval, 4ul> const&, ParallelRoam::Algorithms::GreedyTransactionalLod::QualityEvaluation::Interval const&)",__nextafter,697394784,4.050279329608938
"ParallelRoam::Algorithms::GreedyTransactionalLod::TransactionalQualitySampleEvidence::Cover(std::vector<ParallelRoam::Algorithms::GreedyTransactionalLod::TransactionalQualityFaceEvidence, std::allocator<ParallelRoam::Algorithms::GreedyTransactionalLod::TransactionalQualityFaceEvidence> >&)","ParallelRoam::Algorithms::GreedyTransactionalLod::TransactionalQualityFaceEvidence::ExactSide(unsigned long, std::array<boost::multiprecision::number<boost::multiprecision::backends::rational_adaptor<boost::multiprecision::backends::cpp_int_backend<0ul, 0ul, (boost::multiprecision::cpp_integer_type)1, (boost::multiprecision::cpp_int_check_type)0, std::allocator<unsigned long long> > >, (boost::multiprecision::expression_template_option)1>, 2ul> const&)",653306608,3.7942271880819365
"ParallelRoam::Algorithms::GreedyTransactionalLod::TransactionalQualitySampleEvidence::Cover(std::vector<ParallelRoam::Algorithms::GreedyTransactionalLod::TransactionalQualityFaceEvidence, std::allocator<ParallelRoam::Algorithms::GreedyTransactionalLod::TransactionalQualityFaceEvidence> >&)",ParallelRoam::Algorithms::GreedyTransactionalLod::TransactionalQualitySampleEvidence::CoordinateBounds(),653306608,3.7942271880819365
"ParallelRoam::Algorithms::GreedyTransactionalLod::TransactionalPointwiseQuality::Certify[abi:cxx11](ParallelRoam::Algorithms::GreedyTransactionalLod::TransactionalState const&, ParallelRoam::Algorithms::GreedyTransactionalLod::TransactionalSamples const&, ParallelRoam::Algorithms::GreedyTransactionalLod::Proposal&, bool, ParallelRoam::Algorithms::GreedyTransactionalLod::WorkLedger&)","ParallelRoam::Algorithms::GreedyTransactionalLod::TransactionalQualityFaceEvidence::ExactHeight(std::array<boost::multiprecision::number<boost::multiprecision::backends::rational_adaptor<boost::multiprecision::backends::cpp_int_backend<0ul, 0ul, (boost::multiprecision::cpp_integer_type)1, (boost::multiprecision::cpp_int_check_type)0, std::allocator<unsigned long long> > >, (boost::multiprecision::expression_template_option)1>, 2ul> const&)",643286568,3.7360335195530725
"ParallelRoam::Algorithms::GreedyTransactionalLod::TransactionalQualityFaceEvidence::ExactHeight(std::array<boost::multiprecision::number<boost::multiprecision::backends::rational_adaptor<boost::multiprecision::backends::cpp_int_backend<0ul, 0ul, (boost::multiprecision::cpp_integer_type)1, (boost::multiprecision::cpp_int_check_type)0, std::allocator<unsigned long long> > >, (boost::multiprecision::expression_template_option)1>, 2ul> const&)","boost::multiprecision::number<boost::multiprecision::backends::rational_adaptor<boost::multiprecision::backends::cpp_int_backend<0ul, 0ul, (boost::multiprecision::cpp_integer_type)1, (boost::multiprecision::cpp_int_check_type)0, std::allocator<unsigned long long> > >, (boost::multiprecision::expression_template_option)1> ParallelRoam::Algorithms::GreedyTransactionalLod::TransactionalQualityFaceEvidence::Interpolate<boost::multiprecision::number<boost::multiprecision::backends::rational_adaptor<boost::multiprecision::backends::cpp_int_backend<0ul, 0ul, (boost::multiprecision::cpp_integer_type)1, (boost::multiprecision::cpp_int_check_type)0, std::allocator<unsigned long long> > >, (boost::multiprecision::expression_template_option)1> >(ParallelRoam::Algorithms::GreedyTransactionalLod::TransactionalQualityFaceEvidence::Coefficients<boost::multiprecision::number<boost::multiprecision::backends::rational_adaptor<boost::multiprecision::backends::cpp_int_backend<0ul, 0ul, (boost::multiprecision::cpp_integer_type)1, (boost::multiprecision::cpp_int_check_type)0, std::allocator<unsigned long long> > >, (boost::multiprecision::expression_template_option)1> > const&, std::array<boost::multiprecision::number<boost::multiprecision::backends::rational_adaptor<boost::multiprecision::backends::cpp_int_backend<0ul, 0ul, (boost::multiprecision::cpp_integer_type)1, (boost::multiprecision::cpp_int_check_type)0, std::allocator<unsigned long long> > >, (boost::multiprecision::expression_template_option)1>, 2ul> const&)",621242480,3.608007448789572
__libc_start_call_main,"ParallelRoam::Benchmark::Experiment::RunExperimentCpu(int, char**)",617234464,3.5847299813780262
"ParallelRoam::Algorithms::GreedyTransactionalLod::TransactionalTerrainLodAlgorithm::BuildRenderData(ParallelRoam::Algorithms::TerrainLodBuildInput const&, ParallelRoam::Algorithms::TerrainLodRenderPacket&, std::__cxx11::basic_string<char, std::char_traits<char>, std::allocator<char> >*)","ParallelRoam::Algorithms::GreedyTransactionalLod::TransactionalTerrainLodAlgorithm::Impl::Build(ParallelRoam::Algorithms::TerrainLodBuildInput const&, ParallelRoam::Algorithms::TerrainLodRenderPacket&, std::__cxx11::basic_string<char, std::char_traits<char>, std::allocator<char> >*)",617234464,3.5847299813780262
_start,__libc_start_main@@GLIBC_2.34,617234464,3.5847299813780262
__libc_start_main@@GLIBC_2.34,__libc_start_call_main,617234464,3.5847299813780262
"ParallelRoam::Benchmark::Experiment::RunExperimentCpu(int, char**)","ParallelRoam::Algorithms::GreedyTransactionalLod::TransactionalTerrainLodAlgorithm::BuildRenderData(ParallelRoam::Algorithms::TerrainLodBuildInput const&, ParallelRoam::Algorithms::TerrainLodRenderPacket&, std::__cxx11::basic_string<char, std::char_traits<char>, std::allocator<char> >*)",617234464,3.5847299813780262
"ParallelRoam::Algorithms::GreedyTransactionalLod::TransactionalTerrainLodAlgorithm::Impl::Build(ParallelRoam::Algorithms::TerrainLodBuildInput const&, ParallelRoam::Algorithms::TerrainLodRenderPacket&, std::__cxx11::basic_string<char, std::char_traits<char>, std::allocator<char> >*)",ParallelRoam::Algorithms::GreedyTransactionalLod::TransactionalPipeline::Update(ParallelRoam::Algorithms::GreedyTransactionalLod::WorkLedger&),609218432,3.538175046554935
ParallelRoam::Algorithms::GreedyTransactionalLod::TransactionalPipeline::Update(ParallelRoam::Algorithms::GreedyTransactionalLod::WorkLedger&),"ParallelRoam::Algorithms::GreedyTransactionalLod::TransactionalPipeline::Apply(ParallelRoam::Algorithms::GreedyTransactionalLod::CertifiedBatch const&, ParallelRoam::Algorithms::GreedyTransactionalLod::WorkLedger&)",587174344,3.410148975791434
"ParallelRoam::Algorithms::GreedyTransactionalLod::TransactionalQualitySampleEvidence::Cover(std::vector<ParallelRoam::Algorithms::GreedyTransactionalLod::TransactionalQualityFaceEvidence, std::allocator<ParallelRoam::Algorithms::GreedyTransactionalLod::TransactionalQualityFaceEvidence> >&)","ParallelRoam::Algorithms::GreedyTransactionalLod::TransactionalQualityFaceEvidence::SideBounds(unsigned long, std::array<ParallelRoam::Algorithms::GreedyTransactionalLod::QualityEvaluation::Interval, 2ul> const&)",525050096,3.049348230912477
"ParallelRoam::Algorithms::GreedyTransactionalLod::TransactionalPointwiseQuality::Certify[abi:cxx11](ParallelRoam::Algorithms::GreedyTransactionalLod::TransactionalState const&, ParallelRoam::Algorithms::GreedyTransactionalLod::TransactionalSamples const&, ParallelRoam::Algorithms::GreedyTransactionalLod::Proposal&, bool, ParallelRoam::Algorithms::GreedyTransactionalLod::WorkLedger&)",__nextafter,511022040,2.967877094972067
"auto ParallelRoam::Algorithms::GreedyTransactionalLod::TransactionalReservation::Plan(ParallelRoam::Algorithms::GreedyTransactionalLod::TransactionalState const&, ParallelRoam::Algorithms::GreedyTransactionalLod::TransactionalSamples const&, ParallelRoam::Algorithms::GreedyTransactionalLod::WorkLedger&, ParallelRoam::Algorithms::GreedyTransactionalLod::TransactionalExecution const&)::{lambda(auto:1, auto:2, ParallelRoam::Algorithms::GreedyTransactionalLod::WorkLedger&)#1}::operator()<unsigned long, unsigned long>(unsigned long, unsigned long, ParallelRoam::Algorithms::GreedyTransactionalLod::WorkLedger&) const",ParallelRoam::Algorithms::GreedyTransactionalLod::ReceiverCursor::Next(ParallelRoam::Algorithms::GreedyTransactionalLod::WorkLedger*),509018032,2.956238361266294
ParallelRoam::Algorithms::GreedyTransactionalLod::ReceiverCursor::Next(ParallelRoam::Algorithms::GreedyTransactionalLod::WorkLedger*),"ParallelRoam::Algorithms::GreedyTransactionalLod::(anonymous namespace)::Prepare(ParallelRoam::Algorithms::GreedyTransactionalLod::TransactionalState const&, ParallelRoam::Algorithms::GreedyTransactionalLod::TransactionalSamples const&, unsigned int, char, std::vector<unsigned int, std::allocator<unsigned int> >, ParallelRoam::Algorithms::GreedyTransactionalLod::Point const&, long, unsigned long)",486973944,2.828212290502793
"std::_Function_handler<void (unsigned long), ParallelRoam::Algorithms::GreedyTransactionalLod::TransactionalExecution::Run(std::__cxx11::basic_string<char, std::char_traits<char>, std::allocator<char> > const&, unsigned long, ParallelRoam::Algorithms::GreedyTransactionalLod::WorkLedger&, std::function<void (unsigned long, unsigned long, ParallelRoam::Algorithms::GreedyTransactionalLod::WorkLedger&)> const&) const::{lambda(unsigned long)#1}>::_M_invoke(std::_Any_data const&, unsigned long&&)","std::_Function_handler<void (unsigned long, unsigned long, ParallelRoam::Algorithms::GreedyTransactionalLod::WorkLedger&), ParallelRoam::Algorithms::GreedyTransactionalLod::TransactionalSamples::PrepareView(ParallelRoam::Algorithms::GreedyTransactionalLod::TransactionalState const&, ParallelRoam::Algorithms::GreedyTransactionalLod::Configuration const&, ParallelRoam::Algorithms::GreedyTransactionalLod::WorkLedger&, ParallelRoam::Algorithms::GreedyTransactionalLod::TransactionalExecution const&)::{lambda(auto:1, auto:2, ParallelRoam::Algorithms::GreedyTransactionalLod::WorkLedger&)#2}>::_M_invoke(std::_Any_data const&, unsigned long&&, unsigned long&&, ParallelRoam::Algorithms::GreedyTransactionalLod::WorkLedger&)",478957912,2.781657355679702
"ParallelRoam::Algorithms::GreedyTransactionalLod::TransactionalPointwiseQuality::Certify[abi:cxx11](ParallelRoam::Algorithms::GreedyTransactionalLod::TransactionalState const&, ParallelRoam::Algorithms::GreedyTransactionalLod::TransactionalSamples const&, ParallelRoam::Algorithms::GreedyTransactionalLod::Proposal&, bool, ParallelRoam::Algorithms::GreedyTransactionalLod::WorkLedger&)",ParallelRoam::Algorithms::GreedyTransactionalLod::TransactionalQualitySampleEvidence::VisibilityAgrees(),474949896,2.7583798882681565
"std::array<boost::multiprecision::number<boost::multiprecision::backends::rational_adaptor<boost::multiprecision::backends::cpp_int_backend<0ul, 0ul, (boost::multiprecision::cpp_integer_type)1, (boost::multiprecision::cpp_int_check_type)0, std::allocator<unsigned long long> > >, (boost::multiprecision::expression_template_option)1>, 4ul> ParallelRoam::Algorithms::GreedyTransactionalLod::QualityEvaluation::Clip<boost::multiprecision::number<boost::multiprecision::backends::rational_adaptor<boost::multiprecision::backends::cpp_int_backend<0ul, 0ul, (boost::multiprecision::cpp_integer_type)1, (boost::multiprecision::cpp_int_check_type)0, std::allocator<unsigned long long> > >, (boost::multiprecision::expression_template_option)1> >(ParallelRoam::Algorithms::GreedyTransactionalLod::Configuration const&, boost::multiprecision::number<boost::multiprecision::backends::rational_adaptor<boost::multiprecision::backends::cpp_int_backend<0ul, 0ul, (boost::multiprecision::cpp_integer_type)1, (boost::multiprecision::cpp_int_check_type)0, std::allocator<unsigned long long> > >, (boost::multiprecision::expression_template_option)1> const&, boost::multiprecision::number<boost::multiprecision::backends::rational_adaptor<boost::multiprecision::backends::cpp_int_backend<0ul, 0ul, (boost::multiprecision::cpp_integer_type)1, (boost::multiprecision::cpp_int_check_type)0, std::allocator<unsigned long long> > >, (boost::multiprecision::expression_template_option)1> const&, boost::multiprecision::number<boost::multiprecision::backends::rational_adaptor<boost::multiprecision::backends::cpp_int_backend<0ul, 0ul, (boost::multiprecision::cpp_integer_type)1, (boost::multiprecision::cpp_int_check_type)0, std::allocator<unsigned long long> > >, (boost::multiprecision::expression_template_option)1> const&)","void boost::multiprecision::backends::eval_multiply_imp<boost::multiprecision::backends::cpp_int_backend<0ul, 0ul, (boost::multiprecision::cpp_integer_type)1, (boost::multiprecision::cpp_int_check_type)0, std::allocator<unsigned long long> > >(boost::multiprecision::backends::rational_adaptor<boost::multiprecision::backends::cpp_int_backend<0ul, 0ul, (boost::multiprecision::cpp_integer_type)1, (boost::multiprecision::cpp_int_check_type)0, std::allocator<unsigned long long> > >&, boost::multiprecision::backends::rational_adaptor<boost::multiprecision::backends::cpp_int_backend<0ul, 0ul, (boost::multiprecision::cpp_integer_type)1, (boost::multiprecision::cpp_int_check_type)0, std::allocator<unsigned long long> > > const&, boost::multiprecision::backends::cpp_int_backend<0ul, 0ul, (boost::multiprecision::cpp_integer_type)1, (boost::multiprecision::cpp_int_check_type)0, std::allocator<unsigned long long> > const&, boost::multiprecision::backends::cpp_int_backend<0ul, 0ul, (boost::multiprecision::cpp_integer_type)1, (boost::multiprecision::cpp_int_check_type)0, std::allocator<unsigned long long> > const&)",450901800,2.618715083798883
"ParallelRoam::Algorithms::GreedyTransactionalLod::QualityEvaluation::SameInterface(ParallelRoam::Algorithms::GreedyTransactionalLod::TransactionalState const&, ParallelRoam::Algorithms::GreedyTransactionalLod::Proposal const&, bool, std::vector<std::array<ParallelRoam::Algorithms::GreedyTransactionalLod::Point, 3ul>, std::allocator<std::array<ParallelRoam::Algorithms::GreedyTransactionalLod::Point, 3ul> > > const&, std::vector<std::array<ParallelRoam::Algorithms::GreedyTransactionalLod::Point, 3ul>, std::allocator<std::array<ParallelRoam::Algorithms::GreedyTransactionalLod::Point, 3ul> > > const&)","std::enable_if<std::is_floating_point<long double>::value, boost::multiprecision::backends::rational_adaptor<boost::multiprecision::backends::cpp_int_backend<0ul, 0ul, (boost::multiprecision::cpp_integer_type)1, (boost::multiprecision::cpp_int_check_type)0, std::allocator<unsigned long long> > >&>::type boost::multiprecision::backends::rational_adaptor<boost::multiprecision::backends::cpp_int_backend<0ul, 0ul, (boost::multiprecision::cpp_integer_type)1, (boost::multiprecision::cpp_int_check_type)0, std::allocator<unsigned long long> > >::operator=<long double>(long double) [clone .isra.0]",450901800,2.618715083798883
"std::_Function_handler<void (unsigned long, unsigned long, ParallelRoam::Algorithms::GreedyTransactionalLod::WorkLedger&), ParallelRoam::Algorithms::GreedyTransactionalLod::TransactionalSamples::PrepareView(ParallelRoam::Algorithms::GreedyTransactionalLod::TransactionalState const&, ParallelRoam::Algorithms::GreedyTransactionalLod::Configuration const&, ParallelRoam::Algorithms::GreedyTransactionalLod::WorkLedger&, ParallelRoam::Algorithms::GreedyTransactionalLod::TransactionalExecution const&)::{lambda(auto:1, auto:2, ParallelRoam::Algorithms::GreedyTransactionalLod::WorkLedger&)#1}>::_M_invoke(std::_Any_data const&, unsigned long&&, unsigned long&&, ParallelRoam::Algorithms::GreedyTransactionalLod::WorkLedger&)","ParallelRoam::Algorithms::GreedyTransactionalLod::TransactionalSamples::Project(ParallelRoam::Algorithms::GreedyTransactionalLod::Configuration const&, unsigned int, ParallelRoam::Algorithms::GreedyTransactionalLod::SampleValue, ParallelRoam::Algorithms::GreedyTransactionalLod::WorkLedger&) const",438877752,2.548882681564246
"std::optional<boost::multiprecision::number<boost::multiprecision::backends::rational_adaptor<boost::multiprecision::backends::cpp_int_backend<0ul, 0ul, (boost::multiprecision::cpp_integer_type)1, (boost::multiprecision::cpp_int_check_type)0, std::allocator<unsigned long long> > >, (boost::multiprecision::expression_template_option)1> > ParallelRoam::Algorithms::GreedyTransactionalLod::QualityEvaluation::ScreenPrepared<boost::multiprecision::number<boost::multiprecision::backends::rational_adaptor<boost::multiprecision::backends::cpp_int_backend<0ul, 0ul, (boost::multiprecision::cpp_integer_type)1, (boost::multiprecision::cpp_int_check_type)0, std::allocator<unsigned long long> > >, (boost::multiprecision::expression_template_option)1> >(ParallelRoam::Algorithms::GreedyTransactionalLod::Configuration const&, std::array<boost::multiprecision::number<boost::multiprecision::backends::rational_adaptor<boost::multiprecision::backends::cpp_int_backend<0ul, 0ul, (boost::multiprecision::cpp_integer_type)1, (boost::multiprecision::cpp_int_check_type)0, std::allocator<unsigned long long> > >, (boost::multiprecision::expression_template_option)1>, 3ul> const&, std::array<boost::multiprecision::number<boost::multiprecision::backends::rational_adaptor<boost::multiprecision::backends::cpp_int_backend<0ul, 0ul, (boost::multiprecision::cpp_integer_type)1, (boost::multiprecision::cpp_int_check_type)0, std::allocator<unsigned long long> > >, (boost::multiprecision::expression_template_option)1>, 4ul> const&, boost::multiprecision::number<boost::multiprecision::backends::rational_adaptor<boost::multiprecision::backends::cpp_int_backend<0ul, 0ul, (boost::multiprecision::cpp_integer_type)1, (boost::multiprecision::cpp_int_check_type)0, std::allocator<unsigned long long> > >, (boost::multiprecision::expression_template_option)1> const&)","std::enable_if<std::is_convertible<boost::multiprecision::detail::expression<boost::multiprecision::detail::minus, boost::multiprecision::detail::expression<boost::multiprecision::detail::divide_immediates, boost::multiprecision::number<boost::multiprecision::backends::rational_adaptor<boost::multiprecision::backends::cpp_int_backend<0ul, 0ul, (boost::multiprecision::cpp_integer_type)1, (boost::multiprecision::cpp_int_check_type)0, std::allocator<unsigned long long> > >, (boost::multiprecision::expression_template_option)1>, boost::multiprecision::number<boost::multiprecision::backends::rational_adaptor<boost::multiprecision::backends::cpp_int_backend<0ul, 0ul, (boost::multiprecision::cpp_integer_type)1, (boost::multiprecision::cpp_int_check_type)0, std::allocator<unsigned long long> > >, (boost::multiprecision::expression_template_option)1>, void, void>, boost::multiprecision::detail::expression<boost::multiprecision::detail::divide_immediates, boost::multiprecision::number<boost::multiprecision::backends::rational_adaptor<boost::multiprecision::backends::cpp_int_backend<0ul, 0ul, (boost::multiprecision::cpp_integer_type)1, (boost::multiprecision::cpp_int_check_type)0, std::allocator<unsigned long long> > >, (boost::multiprecision::expression_template_option)1>, boost::multiprecision::number<boost::multiprecision::backends::rational_adaptor<boost::multiprecision::backends::cpp_int_backend<0ul, 0ul, (boost::multiprecision::cpp_integer_type)1, (boost::multiprecision::cpp_int_check_type)0, std::allocator<unsigned long long> > >, (boost::multiprecision::expression_template_option)1>, void, void>, void, void>::result_type, boost::multiprecision::number<boost::multiprecision::backends::rational_adaptor<boost::multiprecision::backends::cpp_int_backend<0ul, 0ul, (boost::multiprecision::cpp_integer_type)1, (boost::multiprecision::cpp_int_check_type)0, std::allocator<unsigned long long> > >, (boost::multiprecision::expression_template_option)1> >::value, boost::multiprecision::number<boost::multiprecision::backends::rational_adaptor<boost::multiprecision::backends::cpp_int_backend<0ul, 0ul, (boost::multiprecision::cpp_integer_type)1, (boost::multiprecision::cpp_int_check_type)0, std::allocator<unsigned long long> > >, (boost::multiprecision::expression_template_option)1>&>::type boost::multiprecision::number<boost::multiprecision::backends::rational_adaptor<boost::multiprecision::backends::cpp_int_backend<0ul, 0ul, (boost::multiprecision::cpp_integer_type)1, (boost::multiprecision::cpp_int_check_type)0, std::allocator<unsigned long long> > >, (boost::multiprecision::expression_template_option)1>::operator*=<boost::multiprecision::detail::minus, boost::multiprecision::detail::expression<boost::multiprecision::detail::divide_immediates, boost::multiprecision::number<boost::multiprecision::backends::rational_adaptor<boost::multiprecision::backends::cpp_int_backend<0ul, 0ul, (boost::multiprecision::cpp_integer_type)1, (boost::multiprecision::cpp_int_check_type)0, std::allocator<unsigned long long> > >, (boost::multiprecision::expression_template_option)1>, boost::multiprecision::number<boost::multiprecision::backends::rational_adaptor<boost::multiprecision::backends::cpp_int_backend<0ul, 0ul, (boost::multiprecision::cpp_integer_type)1, (boost::multiprecision::cpp_int_check_type)0, std::allocator<unsigned long long> > >, (boost::multiprecision::expression_template_option)1>, void, void>, boost::multiprecision::detail::expression<boost::multiprecision::detail::divide_immediates, boost::multiprecision::number<boost::multiprecision::backends::rational_adaptor<boost::multiprecision::backends::cpp_int_backend<0ul, 0ul, (boost::multiprecision::cpp_integer_type)1, (boost::multiprecision::cpp_int_check_type)0, std::allocator<unsigned long long> > >, (boost::multiprecision::expression_template_option)1>, boost::multiprecision::number<boost::multiprecision::backends::rational_adaptor<boost::multiprecision::backends::cpp_int_backend<0ul, 0ul, (boost::multiprecision::cpp_integer_type)1, (boost::multiprecision::cpp_int_check_type)0, std::allocator<unsigned long long> > >, (boost::multiprecision::expression_template_option)1>, void, void>, void, void>(boost::multiprecision::detail::expression<boost::multiprecision::detail::minus, boost::multiprecision::detail::expression<boost::multiprecision::detail::divide_immediates, boost::multiprecision::number<boost::multiprecision::backends::rational_adaptor<boost::multiprecision::backends::cpp_int_backend<0ul, 0ul, (boost::multiprecision::cpp_integer_type)1, (boost::multiprecision::cpp_int_check_type)0, std::allocator<unsigned long long> > >, (boost::multiprecision::expression_template_option)1>, boost::multiprecision::number<boost::multiprecision::backends::rational_adaptor<boost::multiprecision::backends::cpp_int_backend<0ul, 0ul, (boost::multiprecision::cpp_integer_type)1, (boost::multiprecision::cpp_int_check_type)0, std::allocator<unsigned long long> > >, (boost::multiprecision::expression_template_option)1>, void, void>, boost::multiprecision::detail::expression<boost::multiprecision::detail::divide_immediates, boost::multiprecision::number<boost::multiprecision::backends::rational_adaptor<boost::multiprecision::backends::cpp_int_backend<0ul, 0ul, (boost::multiprecision::cpp_integer_type)1, (boost::multiprecision::cpp_int_check_type)0, std::allocator<unsigned long long> > >, (boost::multiprecision::expression_template_option)1>, boost::multiprecision::number<boost::multiprecision::backends::rational_adaptor<boost::multiprecision::backends::cpp_int_backend<0ul, 0ul, (boost::multiprecision::cpp_integer_type)1, (boost::multiprecision::cpp_int_check_type)0, std::allocator<unsigned long long> > >, (boost::multiprecision::expression_template_option)1>, void, void>, void, void> const&) [clone .isra.0]",434869736,2.5256052141527
"void boost::multiprecision::backends::eval_add_subtract_imp<boost::multiprecision::backends::cpp_int_backend<0ul, 0ul, (boost::multiprecision::cpp_integer_type)1, (boost::multiprecision::cpp_int_check_type)0, std::allocator<unsigned long long> > >(boost::multiprecision::backends::rational_adaptor<boost::multiprecision::backends::cpp_int_backend<0ul, 0ul, (boost::multiprecision::cpp_integer_type)1, (boost::multiprecision::cpp_int_check_type)0, std::allocator<unsigned long long> > >&, boost::multiprecision::backends::rational_adaptor<boost::multiprecision::backends::cpp_int_backend<0ul, 0ul, (boost::multiprecision::cpp_integer_type)1, (boost::multiprecision::cpp_int_check_type)0, std::allocator<unsigned long long> > > const&, boost::multiprecision::backends::rational_adaptor<boost::multiprecision::backends::cpp_int_backend<0ul, 0ul, (boost::multiprecision::cpp_integer_type)1, (boost::multiprecision::cpp_int_check_type)0, std::allocator<unsigned long long> > > const&, bool)","std::enable_if<((!boost::multiprecision::backends::is_trivial_cpp_int<boost::multiprecision::backends::cpp_int_backend<0ul, 0ul, (boost::multiprecision::cpp_integer_type)1, (boost::multiprecision::cpp_int_check_type)0, std::allocator<unsigned long long> > >::value)&&(!boost::multiprecision::backends::is_trivial_cpp_int<boost::multiprecision::backends::cpp_int_backend<0ul, 0ul, (boost::multiprecision::cpp_integer_type)1, (boost::multiprecision::cpp_int_check_type)0, std::allocator<unsigned long long> > >::value))&&(!boost::multiprecision::backends::is_trivial_cpp_int<boost::multiprecision::backends::cpp_int_backend<0ul, 0ul, (boost::multiprecision::cpp_integer_type)1, (boost::multiprecision::cpp_int_check_type)0, std::allocator<unsigned long long> > >::value), void>::type boost::multiprecision::backends::eval_multiply<0ul, 0ul, (boost::multiprecision::cpp_integer_type)1, (boost::multiprecision::cpp_int_check_type)0, std::allocator<unsigned long long>, 0ul, 0ul, (boost::multiprecision::cpp_integer_type)1, (boost::multiprecision::cpp_int_check_type)0, std::allocator<unsigned long long>, 0ul, 0ul, (boost::multiprecision::cpp_integer_type)1, (boost::multiprecision::cpp_int_check_type)0, std::allocator<unsigned long long> >(boost::multiprecision::backends::cpp_int_backend<0ul, 0ul, (boost::multiprecision::cpp_integer_type)1, (boost::multiprecision::cpp_int_check_type)0, std::allocator<unsigned long long> >&, boost::multiprecision::backends::cpp_int_backend<0ul, 0ul, (boost::multiprecision::cpp_integer_type)1, (boost::multiprecision::cpp_int_check_type)0, std::allocator<unsigned long long> > const&, boost::multiprecision::backends::cpp_int_backend<0ul, 0ul, (boost::multiprecision::cpp_integer_type)1, (boost::multiprecision::cpp_int_check_type)0, std::allocator<unsigned long long> > const&)",432865728,2.5139664804469275
"std::enable_if<!boost::multiprecision::backends::is_trivial_cpp_int<boost::multiprecision::backends::cpp_int_backend<0ul, 0ul, (boost::multiprecision::cpp_integer_type)1, (boost::multiprecision::cpp_int_check_type)0, std::allocator<unsigned long long> > >::value, void>::type boost::multiprecision::backends::eval_gcd<0ul, 0ul, (boost::multiprecision::cpp_integer_type)1, (boost::multiprecision::cpp_int_check_type)0, std::allocator<unsigned long long> >(boost::multiprecision::backends::cpp_int_backend<0ul, 0ul, (boost::multiprecision::cpp_integer_type)1, (boost::multiprecision::cpp_int_check_type)0, std::allocator<unsigned long long> >&, boost::multiprecision::backends::cpp_int_backend<0ul, 0ul, (boost::multiprecision::cpp_integer_type)1, (boost::multiprecision::cpp_int_check_type)0, std::allocator<unsigned long long> > const&, boost::multiprecision::backends::cpp_int_backend<0ul, 0ul, (boost::multiprecision::cpp_integer_type)1, (boost::multiprecision::cpp_int_check_type)0, std::allocator<unsigned long long> > const&)","void boost::multiprecision::backends::eval_gcd_lehmer<0ul, 0ul, (boost::multiprecision::cpp_integer_type)1, (boost::multiprecision::cpp_int_check_type)0, std::allocator<unsigned long long>, boost::multiprecision::backends::cpp_int_base<0ul, 18446744073709551615ul, (boost::multiprecision::cpp_integer_type)1, (boost::multiprecision::cpp_int_check_type)0, std::allocator<unsigned long long>, false>::scoped_shared_storage>(boost::multiprecision::backends::cpp_int_backend<0ul, 0ul, (boost::multiprecision::cpp_integer_type)1, (boost::multiprecision::cpp_int_check_type)0, std::allocator<unsigned long long> >&, boost::multiprecision::backends::cpp_int_backend<0ul, 0ul, (boost::multiprecision::cpp_integer_type)1, (boost::multiprecision::cpp_int_check_type)0, std::allocator<unsigned long long> >&, unsigned long, boost::multiprecision::backends::cpp_int_base<0ul, 18446744073709551615ul, (boost::multiprecision::cpp_integer_type)1, (boost::multiprecision::cpp_int_check_type)0, std::allocator<unsigned long long>, false>::scoped_shared_storage&)",420841680,2.4441340782122905
"ParallelRoam::Algorithms::GreedyTransactionalLod::TransactionalPipeline::Apply(ParallelRoam::Algorithms::GreedyTransactionalLod::CertifiedBatch const&, ParallelRoam::Algorithms::GreedyTransactionalLod::WorkLedger&)","ParallelRoam::Algorithms::GreedyTransactionalLod::TransactionalSamples::Prepare(ParallelRoam::Algorithms::GreedyTransactionalLod::TransactionalState const&, ParallelRoam::Algorithms::GreedyTransactionalLod::PreparedTopology const&, ParallelRoam::Algorithms::GreedyTransactionalLod::WorkLedger&)",406813624,2.362662942271881
"ParallelRoam::Algorithms::GreedyTransactionalLod::(anonymous namespace)::Prepare(ParallelRoam::Algorithms::GreedyTransactionalLod::TransactionalState const&, ParallelRoam::Algorithms::GreedyTransactionalLod::TransactionalSamples const&, unsigned int, char, std::vector<unsigned int, std::allocator<unsigned int> >, ParallelRoam::Algorithms::GreedyTransactionalLod::Point const&, long, unsigned long)","ParallelRoam::Algorithms::GreedyTransactionalLod::TransactionalSamples::VisibleSupport(std::vector<unsigned int, std::allocator<unsigned int> > const&) const",388777552,2.2579143389199254
"void boost::multiprecision::backends::eval_divide<boost::multiprecision::backends::cpp_int_backend<0ul, 0ul, (boost::multiprecision::cpp_integer_type)1, (boost::multiprecision::cpp_int_check_type)0, std::allocator<unsigned long long> > >(boost::multiprecision::backends::rational_adaptor<boost::multiprecision::backends::cpp_int_backend<0ul, 0ul, (boost::multiprecision::cpp_integer_type)1, (boost::multiprecision::cpp_int_check_type)0, std::allocator<unsigned long long> > >&, boost::multiprecision::backends::rational_adaptor<boost::multiprecision::backends::cpp_int_backend<0ul, 0ul, (boost::multiprecision::cpp_integer_type)1, (boost::multiprecision::cpp_int_check_type)0, std::allocator<unsigned long long> > > const&)","void boost::multiprecision::backends::eval_multiply_imp<boost::multiprecision::backends::cpp_int_backend<0ul, 0ul, (boost::multiprecision::cpp_integer_type)1, (boost::multiprecision::cpp_int_check_type)0, std::allocator<unsigned long long> > >(boost::multiprecision::backends::rational_adaptor<boost::multiprecision::backends::cpp_int_backend<0ul, 0ul, (boost::multiprecision::cpp_integer_type)1, (boost::multiprecision::cpp_int_check_type)0, std::allocator<unsigned long long> > >&, boost::multiprecision::backends::rational_adaptor<boost::multiprecision::backends::cpp_int_backend<0ul, 0ul, (boost::multiprecision::cpp_integer_type)1, (boost::multiprecision::cpp_int_check_type)0, std::allocator<unsigned long long> > > const&, boost::multiprecision::backends::cpp_int_backend<0ul, 0ul, (boost::multiprecision::cpp_integer_type)1, (boost::multiprecision::cpp_int_check_type)0, std::allocator<unsigned long long> > const&, boost::multiprecision::backends::cpp_int_backend<0ul, 0ul, (boost::multiprecision::cpp_integer_type)1, (boost::multiprecision::cpp_int_check_type)0, std::allocator<unsigned long long> > const&)",364729456,2.118249534450652
"ParallelRoam::Algorithms::GreedyTransactionalLod::TransactionalPointwiseQuality::Certify[abi:cxx11](ParallelRoam::Algorithms::GreedyTransactionalLod::TransactionalState const&, ParallelRoam::Algorithms::GreedyTransactionalLod::TransactionalSamples const&, ParallelRoam::Algorithms::GreedyTransactionalLod::Proposal&, bool, ParallelRoam::Algorithms::GreedyTransactionalLod::WorkLedger&)","ParallelRoam::Algorithms::GreedyTransactionalLod::QualityEvaluation::Interval ParallelRoam::Algorithms::GreedyTransactionalLod::TransactionalQualityFaceEvidence::Interpolate<ParallelRoam::Algorithms::GreedyTransactionalLod::QualityEvaluation::Interval>(ParallelRoam::Algorithms::GreedyTransactionalLod::TransactionalQualityFaceEvidence::Coefficients<ParallelRoam::Algorithms::GreedyTransactionalLod::QualityEvaluation::Interval> const&, std::array<ParallelRoam::Algorithms::GreedyTransactionalLod::QualityEvaluation::Interval, 2ul> const&)",350701400,2.036778398510242
"std::enable_if<std::is_floating_point<long double>::value, boost::multiprecision::backends::rational_adaptor<boost::multiprecision::backends::cpp_int_backend<0ul, 0ul, (boost::multiprecision::cpp_integer_type)1, (boost::multiprecision::cpp_int_check_type)0, std::allocator<unsigned long long> > >&>::type boost::multiprecision::backends::rational_adaptor<boost::multiprecision::backends::cpp_int_backend<0ul, 0ul, (boost::multiprecision::cpp_integer_type)1, (boost::multiprecision::cpp_int_check_type)0, std::allocator<unsigned long long> > >::operator=<long double>(long double) [clone .isra.0]","void boost::multiprecision::backends::divide_unsigned_helper<boost::multiprecision::backends::cpp_int_backend<0ul, 0ul, (boost::multiprecision::cpp_integer_type)1, (boost::multiprecision::cpp_int_check_type)0, std::allocator<unsigned long long> >, boost::multiprecision::backends::cpp_int_backend<0ul, 0ul, (boost::multiprecision::cpp_integer_type)1, (boost::multiprecision::cpp_int_check_type)0, std::allocator<unsigned long long> > >(boost::multiprecision::backends::cpp_int_backend<0ul, 0ul, (boost::multiprecision::cpp_integer_type)1, (boost::multiprecision::cpp_int_check_type)0, std::allocator<unsigned long long> >*, boost::multiprecision::backends::cpp_int_backend<0ul, 0ul, (boost::multiprecision::cpp_integer_type)1, (boost::multiprecision::cpp_int_check_type)0, std::allocator<unsigned long long> > const&, unsigned long long, boost::multiprecision::backends::cpp_int_backend<0ul, 0ul, (boost::multiprecision::cpp_integer_type)1, (boost::multiprecision::cpp_int_check_type)0, std::allocator<unsigned long long> >&)",342685368,1.9902234636871508
ParallelRoam::Algorithms::GreedyTransactionalLod::TransactionalQualitySampleEvidence::CoordinateBounds(),"std::array<ParallelRoam::Algorithms::GreedyTransactionalLod::QualityEvaluation::Interval, 3ul> ParallelRoam::Algorithms::GreedyTransactionalLod::QualityEvaluation::Reference<ParallelRoam::Algorithms::GreedyTransactionalLod::QualityEvaluation::Interval>(ParallelRoam::Algorithms::GreedyTransactionalLod::TransactionalState const&, ParallelRoam::Algorithms::GreedyTransactionalLod::TransactionalSamples const&, unsigned int)",332665328,1.9320297951582868
ParallelRoam::Algorithms::GreedyTransactionalLod::TransactionalQualitySampleEvidence::VisibilityAgrees(),__nextafter,326653304,1.8971135940409682
"void boost::multiprecision::backends::eval_add_subtract_imp<boost::multiprecision::backends::cpp_int_backend<0ul, 0ul, (boost::multiprecision::cpp_integer_type)1, (boost::multiprecision::cpp_int_check_type)0, std::allocator<unsigned long long> > >(boost::multiprecision::backends::rational_adaptor<boost::multiprecision::backends::cpp_int_backend<0ul, 0ul, (boost::multiprecision::cpp_integer_type)1, (boost::multiprecision::cpp_int_check_type)0, std::allocator<unsigned long long> > >&, boost::multiprecision::backends::rational_adaptor<boost::multiprecision::backends::cpp_int_backend<0ul, 0ul, (boost::multiprecision::cpp_integer_type)1, (boost::multiprecision::cpp_int_check_type)0, std::allocator<unsigned long long> > > const&, boost::multiprecision::backends::rational_adaptor<boost::multiprecision::backends::cpp_int_backend<0ul, 0ul, (boost::multiprecision::cpp_integer_type)1, (boost::multiprecision::cpp_int_check_type)0, std::allocator<unsigned long long> > > const&, bool)","void boost::multiprecision::backends::divide_unsigned_helper<boost::multiprecision::backends::cpp_int_backend<0ul, 0ul, (boost::multiprecision::cpp_integer_type)1, (boost::multiprecision::cpp_int_check_type)0, std::allocator<unsigned long long> >, boost::multiprecision::backends::cpp_int_backend<0ul, 0ul, (boost::multiprecision::cpp_integer_type)1, (boost::multiprecision::cpp_int_check_type)0, std::allocator<unsigned long long> > >(boost::multiprecision::backends::cpp_int_backend<0ul, 0ul, (boost::multiprecision::cpp_integer_type)1, (boost::multiprecision::cpp_int_check_type)0, std::allocator<unsigned long long> >*, boost::multiprecision::backends::cpp_int_backend<0ul, 0ul, (boost::multiprecision::cpp_integer_type)1, (boost::multiprecision::cpp_int_check_type)0, std::allocator<unsigned long long> > const&, unsigned long long, boost::multiprecision::backends::cpp_int_backend<0ul, 0ul, (boost::multiprecision::cpp_integer_type)1, (boost::multiprecision::cpp_int_check_type)0, std::allocator<unsigned long long> >&)",320641280,1.86219739292365
"std::array<boost::multiprecision::number<boost::multiprecision::backends::rational_adaptor<boost::multiprecision::backends::cpp_int_backend<0ul, 0ul, (boost::multiprecision::cpp_integer_type)1, (boost::multiprecision::cpp_int_check_type)0, std::allocator<unsigned long long> > >, (boost::multiprecision::expression_template_option)1>, 3ul> ParallelRoam::Algorithms::GreedyTransactionalLod::QualityEvaluation::Reference<boost::multiprecision::number<boost::multiprecision::backends::rational_adaptor<boost::multiprecision::backends::cpp_int_backend<0ul, 0ul, (boost::multiprecision::cpp_integer_type)1, (boost::multiprecision::cpp_int_check_type)0, std::allocator<unsigned long long> > >, (boost::multiprecision::expression_template_option)1> >(ParallelRoam::Algorithms::GreedyTransactionalLod::TransactionalState const&, ParallelRoam::Algorithms::GreedyTransactionalLod::TransactionalSamples const&, unsigned int)","void boost::multiprecision::backends::eval_divide<boost::multiprecision::backends::cpp_int_backend<0ul, 0ul, (boost::multiprecision::cpp_integer_type)1, (boost::multiprecision::cpp_int_check_type)0, std::allocator<unsigned long long> > >(boost::multiprecision::backends::rational_adaptor<boost::multiprecision::backends::cpp_int_backend<0ul, 0ul, (boost::multiprecision::cpp_integer_type)1, (boost::multiprecision::cpp_int_check_type)0, std::allocator<unsigned long long> > >&, boost::multiprecision::backends::rational_adaptor<boost::multiprecision::backends::cpp_int_backend<0ul, 0ul, (boost::multiprecision::cpp_integer_type)1, (boost::multiprecision::cpp_int_check_type)0, std::allocator<unsigned long long> > > const&)",310621240,1.804003724394786
"auto ParallelRoam::Algorithms::GreedyTransactionalLod::TransactionalReservation::Plan(ParallelRoam::Algorithms::GreedyTransactionalLod::TransactionalState const&, ParallelRoam::Algorithms::GreedyTransactionalLod::TransactionalSamples const&, ParallelRoam::Algorithms::GreedyTransactionalLod::WorkLedger&, ParallelRoam::Algorithms::GreedyTransactionalLod::TransactionalExecution const&)::{lambda(auto:1, auto:2, ParallelRoam::Algorithms::GreedyTransactionalLod::WorkLedger&)#1}::operator()<unsigned long, unsigned long>(unsigned long, unsigned long, ParallelRoam::Algorithms::GreedyTransactionalLod::WorkLedger&) const","ParallelRoam::Algorithms::GreedyTransactionalLod::TransactionalSourceHeightReceiver::Prepare[abi:cxx11](ParallelRoam::Algorithms::GreedyTransactionalLod::TransactionalState const&, ParallelRoam::Algorithms::GreedyTransactionalLod::TransactionalSamples const&, ParallelRoam::Algorithms::GreedyTransactionalLod::Proposal&, ParallelRoam::Algorithms::GreedyTransactionalLod::WorkLedger&)",308617232,1.7923649906890131
"std::enable_if<std::is_convertible<boost::multiprecision::detail::expression<boost::multiprecision::detail::minus, boost::multiprecision::detail::expression<boost::multiprecision::detail::divide_immediates, boost::multiprecision::number<boost::multiprecision::backends::rational_adaptor<boost::multiprecision::backends::cpp_int_backend<0ul, 0ul, (boost::multiprecision::cpp_integer_type)1, (boost::multiprecision::cpp_int_check_type)0, std::allocator<unsigned long long> > >, (boost::multiprecision::expression_template_option)1>, boost::multiprecision::number<boost::multiprecision::backends::rational_adaptor<boost::multiprecision::backends::cpp_int_backend<0ul, 0ul, (boost::multiprecision::cpp_integer_type)1, (boost::multiprecision::cpp_int_check_type)0, std::allocator<unsigned long long> > >, (boost::multiprecision::expression_template_option)1>, void, void>, boost::multiprecision::detail::expression<boost::multiprecision::detail::divide_immediates, boost::multiprecision::number<boost::multiprecision::backends::rational_adaptor<boost::multiprecision::backends::cpp_int_backend<0ul, 0ul, (boost::multiprecision::cpp_integer_type)1, (boost::multiprecision::cpp_int_check_type)0, std::allocator<unsigned long long> > >, (boost::multiprecision::expression_template_option)1>, boost::multiprecision::number<boost::multiprecision::backends::rational_adaptor<boost::multiprecision::backends::cpp_int_backend<0ul, 0ul, (boost::multiprecision::cpp_integer_type)1, (boost::multiprecision::cpp_int_check_type)0, std::allocator<unsigned long long> > >, (boost::multiprecision::expression_template_option)1>, void, void>, void, void>::result_type, boost::multiprecision::number<boost::multiprecision::backends::rational_adaptor<boost::multiprecision::backends::cpp_int_backend<0ul, 0ul, (boost::multiprecision::cpp_integer_type)1, (boost::multiprecision::cpp_int_check_type)0, std::allocator<unsigned long long> > >, (boost::multiprecision::expression_template_option)1> >::value, boost::multiprecision::number<boost::multiprecision::backends::rational_adaptor<boost::multiprecision::backends::cpp_int_backend<0ul, 0ul, (boost::multiprecision::cpp_integer_type)1, (boost::multiprecision::cpp_int_check_type)0, std::allocator<unsigned long long> > >, (boost::multiprecision::expression_template_option)1>&>::type boost::multiprecision::number<boost::multiprecision::backends::rational_adaptor<boost::multiprecision::backends::cpp_int_backend<0ul, 0ul, (boost::multiprecision::cpp_integer_type)1, (boost::multiprecision::cpp_int_check_type)0, std::allocator<unsigned long long> > >, (boost::multiprecision::expression_template_option)1>::operator*=<boost::multiprecision::detail::minus, boost::multiprecision::detail::expression<boost::multiprecision::detail::divide_immediates, boost::multiprecision::number<boost::multiprecision::backends::rational_adaptor<boost::multiprecision::backends::cpp_int_backend<0ul, 0ul, (boost::multiprecision::cpp_integer_type)1, (boost::multiprecision::cpp_int_check_type)0, std::allocator<unsigned long long> > >, (boost::multiprecision::expression_template_option)1>, boost::multiprecision::number<boost::multiprecision::backends::rational_adaptor<boost::multiprecision::backends::cpp_int_backend<0ul, 0ul, (boost::multiprecision::cpp_integer_type)1, (boost::multiprecision::cpp_int_check_type)0, std::allocator<unsigned long long> > >, (boost::multiprecision::expression_template_option)1>, void, void>, boost::multiprecision::detail::expression<boost::multiprecision::detail::divide_immediates, boost::multiprecision::number<boost::multiprecision::backends::rational_adaptor<boost::multiprecision::backends::cpp_int_backend<0ul, 0ul, (boost::multiprecision::cpp_integer_type)1, (boost::multiprecision::cpp_int_check_type)0, std::allocator<unsigned long long> > >, (boost::multiprecision::expression_template_option)1>, boost::multiprecision::number<boost::multiprecision::backends::rational_adaptor<boost::multiprecision::backends::cpp_int_backend<0ul, 0ul, (boost::multiprecision::cpp_integer_type)1, (boost::multiprecision::cpp_int_check_type)0, std::allocator<unsigned long long> > >, (boost::multiprecision::expression_template_option)1>, void, void>, void, void>(boost::multiprecision::detail::expression<boost::multiprecision::detail::minus, boost::multiprecision::detail::expression<boost::multiprecision::detail::divide_immediates, boost::multiprecision::number<boost::multiprecision::backends::rational_adaptor<boost::multiprecision::backends::cpp_int_backend<0ul, 0ul, (boost::multiprecision::cpp_integer_type)1, (boost::multiprecision::cpp_int_check_type)0, std::allocator<unsigned long long> > >, (boost::multiprecision::expression_template_option)1>, boost::multiprecision::number<boost::multiprecision::backends::rational_adaptor<boost::multiprecision::backends::cpp_int_backend<0ul, 0ul, (boost::multiprecision::cpp_integer_type)1, (boost::multiprecision::cpp_int_check_type)0, std::allocator<unsigned long long> > >, (boost::multiprecision::expression_template_option)1>, void, void>, boost::multiprecision::detail::expression<boost::multiprecision::detail::divide_immediates, boost::multiprecision::number<boost::multiprecision::backends::rational_adaptor<boost::multiprecision::backends::cpp_int_backend<0ul, 0ul, (boost::multiprecision::cpp_integer_type)1, (boost::multiprecision::cpp_int_check_type)0, std::allocator<unsigned long long> > >, (boost::multiprecision::expression_template_option)1>, boost::multiprecision::number<boost::multiprecision::backends::rational_adaptor<boost::multiprecision::backends::cpp_int_backend<0ul, 0ul, (boost::multiprecision::cpp_integer_type)1, (boost::multiprecision::cpp_int_check_type)0, std::allocator<unsigned long long> > >, (boost::multiprecision::expression_template_option)1>, void, void>, void, void> const&) [clone .isra.0]","void boost::multiprecision::backends::eval_multiply_imp<boost::multiprecision::backends::cpp_int_backend<0ul, 0ul, (boost::multiprecision::cpp_integer_type)1, (boost::multiprecision::cpp_int_check_type)0, std::allocator<unsigned long long> > >(boost::multiprecision::backends::rational_adaptor<boost::multiprecision::backends::cpp_int_backend<0ul, 0ul, (boost::multiprecision::cpp_integer_type)1, (boost::multiprecision::cpp_int_check_type)0, std::allocator<unsigned long long> > >&, boost::multiprecision::backends::rational_adaptor<boost::multiprecision::backends::cpp_int_backend<0ul, 0ul, (boost::multiprecision::cpp_integer_type)1, (boost::multiprecision::cpp_int_check_type)0, std::allocator<unsigned long long> > > const&, boost::multiprecision::backends::cpp_int_backend<0ul, 0ul, (boost::multiprecision::cpp_integer_type)1, (boost::multiprecision::cpp_int_check_type)0, std::allocator<unsigned long long> > const&, boost::multiprecision::backends::cpp_int_backend<0ul, 0ul, (boost::multiprecision::cpp_integer_type)1, (boost::multiprecision::cpp_int_check_type)0, std::allocator<unsigned long long> > const&)",302605208,1.7574487895716946
"std::enable_if<std::is_floating_point<long double>::value, boost::multiprecision::backends::rational_adaptor<boost::multiprecision::backends::cpp_int_backend<0ul, 0ul, (boost::multiprecision::cpp_integer_type)1, (boost::multiprecision::cpp_int_check_type)0, std::allocator<unsigned long long> > >&>::type boost::multiprecision::backends::rational_adaptor<boost::multiprecision::backends::cpp_int_backend<0ul, 0ul, (boost::multiprecision::cpp_integer_type)1, (boost::multiprecision::cpp_int_check_type)0, std::allocator<unsigned long long> > >::operator=<long double>(long double) [clone .isra.0]","std::enable_if<!boost::multiprecision::backends::is_trivial_cpp_int<boost::multiprecision::backends::cpp_int_backend<0ul, 0ul, (boost::multiprecision::cpp_integer_type)1, (boost::multiprecision::cpp_int_check_type)0, std::allocator<unsigned long long> > >::value, void>::type boost::multiprecision::backends::eval_gcd<0ul, 0ul, (boost::multiprecision::cpp_integer_type)1, (boost::multiprecision::cpp_int_check_type)0, std::allocator<unsigned long long> >(boost::multiprecision::backends::cpp_int_backend<0ul, 0ul, (boost::multiprecision::cpp_integer_type)1, (boost::multiprecision::cpp_int_check_type)0, std::allocator<unsigned long long> >&, boost::multiprecision::backends::cpp_int_backend<0ul, 0ul, (boost::multiprecision::cpp_integer_type)1, (boost::multiprecision::cpp_int_check_type)0, std::allocator<unsigned long long> > const&, boost::multiprecision::backends::cpp_int_backend<0ul, 0ul, (boost::multiprecision::cpp_integer_type)1, (boost::multiprecision::cpp_int_check_type)0, std::allocator<unsigned long long> > const&)",278557112,1.617783985102421
"void boost::multiprecision::backends::cpp_int_backend<0ul, 0ul, (boost::multiprecision::cpp_integer_type)1, (boost::multiprecision::cpp_int_check_type)0, std::allocator<unsigned long long> >::do_assign_float<long double>(long double)","void boost::multiprecision::backends::cpp_int_backend<0ul, 0ul, (boost::multiprecision::cpp_integer_type)1, (boost::multiprecision::cpp_int_check_type)0, std::allocator<unsigned long long> >::do_assign_float<long double>(long double)",276553104,1.606145251396648
"void std::__introsort_loop<__gnu_cxx::__normal_iterator<unsigned int*, std::vector<unsigned int, std::allocator<unsigned int> > >, long, __gnu_cxx::__ops::_Iter_less_iter>(__gnu_cxx::__normal_iterator<unsigned int*, std::vector<unsigned int, std::allocator<unsigned int> > >, __gnu_cxx::__normal_iterator<unsigned int*, std::vector<unsigned int, std::allocator<unsigned int> > >, long, __gnu_cxx::__ops::_Iter_less_iter) [clone .isra.0]","void std::__introsort_loop<__gnu_cxx::__normal_iterator<unsigned int*, std::vector<unsigned int, std::allocator<unsigned int> > >, long, __gnu_cxx::__ops::_Iter_less_iter>(__gnu_cxx::__normal_iterator<unsigned int*, std::vector<unsigned int, std::allocator<unsigned int> > >, __gnu_cxx::__normal_iterator<unsigned int*, std::vector<unsigned int, std::allocator<unsigned int> > >, long, __gnu_cxx::__ops::_Iter_less_iter) [clone .isra.0]",264529056,1.5363128491620113
"ParallelRoam::Algorithms::GreedyTransactionalLod::TransactionalSourceHeightReceiver::Prepare[abi:cxx11](ParallelRoam::Algorithms::GreedyTransactionalLod::TransactionalState const&, ParallelRoam::Algorithms::GreedyTransactionalLod::TransactionalSamples const&, ParallelRoam::Algorithms::GreedyTransactionalLod::Proposal&, ParallelRoam::Algorithms::GreedyTransactionalLod::WorkLedger&)","ParallelRoam::Algorithms::GreedyTransactionalLod::TransactionalPredicates::Shape(ParallelRoam::Algorithms::GreedyTransactionalLod::Point const&, ParallelRoam::Algorithms::GreedyTransactionalLod::Point const&, ParallelRoam::Algorithms::GreedyTransactionalLod::Point const&)",262525048,1.5246741154562384
"void boost::multiprecision::backends::eval_multiply_imp<boost::multiprecision::backends::cpp_int_backend<0ul, 0ul, (boost::multiprecision::cpp_integer_type)1, (boost::multiprecision::cpp_int_check_type)0, std::allocator<unsigned long long> > >(boost::multiprecision::backends::rational_adaptor<boost::multiprecision::backends::cpp_int_backend<0ul, 0ul, (boost::multiprecision::cpp_integer_type)1, (boost::multiprecision::cpp_int_check_type)0, std::allocator<unsigned long long> > >&, boost::multiprecision::backends::rational_adaptor<boost::multiprecision::backends::cpp_int_backend<0ul, 0ul, (boost::multiprecision::cpp_integer_type)1, (boost::multiprecision::cpp_int_check_type)0, std::allocator<unsigned long long> > > const&, boost::multiprecision::backends::cpp_int_backend<0ul, 0ul, (boost::multiprecision::cpp_integer_type)1, (boost::multiprecision::cpp_int_check_type)0, std::allocator<unsigned long long> > const&, boost::multiprecision::backends::cpp_int_backend<0ul, 0ul, (boost::multiprecision::cpp_integer_type)1, (boost::multiprecision::cpp_int_check_type)0, std::allocator<unsigned long long> > const&)","std::enable_if<((!boost::multiprecision::backends::is_trivial_cpp_int<boost::multiprecision::backends::cpp_int_backend<0ul, 0ul, (boost::multiprecision::cpp_integer_type)1, (boost::multiprecision::cpp_int_check_type)0, std::allocator<unsigned long long> > >::value)&&(!boost::multiprecision::backends::is_trivial_cpp_int<boost::multiprecision::backends::cpp_int_backend<0ul, 0ul, (boost::multiprecision::cpp_integer_type)1, (boost::multiprecision::cpp_int_check_type)0, std::allocator<unsigned long long> > >::value))&&(!boost::multiprecision::backends::is_trivial_cpp_int<boost::multiprecision::backends::cpp_int_backend<0ul, 0ul, (boost::multiprecision::cpp_integer_type)1, (boost::multiprecision::cpp_int_check_type)0, std::allocator<unsigned long long> > >::value), void>::type boost::multiprecision::backends::eval_multiply<0ul, 0ul, (boost::multiprecision::cpp_integer_type)1, (boost::multiprecision::cpp_int_check_type)0, std::allocator<unsigned long long>, 0ul, 0ul, (boost::multiprecision::cpp_integer_type)1, (boost::multiprecision::cpp_int_check_type)0, std::allocator<unsigned long long>, 0ul, 0ul, (boost::multiprecision::cpp_integer_type)1, (boost::multiprecision::cpp_int_check_type)0, std::allocator<unsigned long long> >(boost::multiprecision::backends::cpp_int_backend<0ul, 0ul, (boost::multiprecision::cpp_integer_type)1, (boost::multiprecision::cpp_int_check_type)0, std::allocator<unsigned long long> >&, boost::multiprecision::backends::cpp_int_backend<0ul, 0ul, (boost::multiprecision::cpp_integer_type)1, (boost::multiprecision::cpp_int_check_type)0, std::allocator<unsigned long long> > const&, boost::multiprecision::backends::cpp_int_backend<0ul, 0ul, (boost::multiprecision::cpp_integer_type)1, (boost::multiprecision::cpp_int_check_type)0, std::allocator<unsigned long long> > const&)",262525048,1.5246741154562384
ParallelRoam::Algorithms::GreedyTransactionalLod::TransactionalQualitySampleEvidence::CoordinateBounds(),__nextafter,240480960,1.3966480446927374
"ParallelRoam::Algorithms::GreedyTransactionalLod::TransactionalQualityFaceEvidence::ExactSide(unsigned long, std::array<boost::multiprecision::number<boost::multiprecision::backends::rational_adaptor<boost::multiprecision::backends::cpp_int_backend<0ul, 0ul, (boost::multiprecision::cpp_integer_type)1, (boost::multiprecision::cpp_int_check_type)0, std::allocator<unsigned long long> > >, (boost::multiprecision::expression_template_option)1>, 2ul> const&)",ParallelRoam::Algorithms::GreedyTransactionalLod::TransactionalQualityFaceEvidence::Exact(),238476952,1.3850093109869646
"std::array<boost::multiprecision::number<boost::multiprecision::backends::rational_adaptor<boost::multiprecision::backends::cpp_int_backend<0ul, 0ul, (boost::multiprecision::cpp_integer_type)1, (boost::multiprecision::cpp_int_check_type)0, std::allocator<unsigned long long> > >, (boost::multiprecision::expression_template_option)1>, 3ul> ParallelRoam::Algorithms::GreedyTransactionalLod::QualityEvaluation::Reference<boost::multiprecision::number<boost::multiprecision::backends::rational_adaptor<boost::multiprecision::backends::cpp_int_backend<0ul, 0ul, (boost::multiprecision::cpp_integer_type)1, (boost::multiprecision::cpp_int_check_type)0, std::allocator<unsigned long long> > >, (boost::multiprecision::expression_template_option)1> >(ParallelRoam::Algorithms::GreedyTransactionalLod::TransactionalState const&, ParallelRoam::Algorithms::GreedyTransactionalLod::TransactionalSamples const&, unsigned int)","void boost::multiprecision::backends::eval_multiply_imp<boost::multiprecision::backends::cpp_int_backend<0ul, 0ul, (boost::multiprecision::cpp_integer_type)1, (boost::multiprecision::cpp_int_check_type)0, std::allocator<unsigned long long> > >(boost::multiprecision::backends::rational_adaptor<boost::multiprecision::backends::cpp_int_backend<0ul, 0ul, (boost::multiprecision::cpp_integer_type)1, (boost::multiprecision::cpp_int_check_type)0, std::allocator<unsigned long long> > >&, boost::multiprecision::backends::rational_adaptor<boost::multiprecision::backends::cpp_int_backend<0ul, 0ul, (boost::multiprecision::cpp_integer_type)1, (boost::multiprecision::cpp_int_check_type)0, std::allocator<unsigned long long> > > const&, boost::multiprecision::backends::cpp_int_backend<0ul, 0ul, (boost::multiprecision::cpp_integer_type)1, (boost::multiprecision::cpp_int_check_type)0, std::allocator<unsigned long long> > const&, boost::multiprecision::backends::cpp_int_backend<0ul, 0ul, (boost::multiprecision::cpp_integer_type)1, (boost::multiprecision::cpp_int_check_type)0, std::allocator<unsigned long long> > const&)",232464928,1.3500931098696463
"ParallelRoam::Algorithms::GreedyTransactionalLod::TransactionalQualityFaceEvidence::ExactSide(unsigned long, std::array<boost::multiprecision::number<boost::multiprecision::backends::rational_adaptor<boost::multiprecision::backends::cpp_int_backend<0ul, 0ul, (boost::multiprecision::cpp_integer_type)1, (boost::multiprecision::cpp_int_check_type)0, std::allocator<unsigned long long> > >, (boost::multiprecision::expression_template_option)1>, 2ul> const&)","void boost::multiprecision::number<boost::multiprecision::backends::rational_adaptor<boost::multiprecision::backends::cpp_int_backend<0ul, 0ul, (boost::multiprecision::cpp_integer_type)1, (boost::multiprecision::cpp_int_check_type)0, std::allocator<unsigned long long> > >, (boost::multiprecision::expression_template_option)1>::do_assign<boost::multiprecision::detail::expression<boost::multiprecision::detail::multiplies, boost::multiprecision::number<boost::multiprecision::backends::rational_adaptor<boost::multiprecision::backends::cpp_int_backend<0ul, 0ul, (boost::multiprecision::cpp_integer_type)1, (boost::multiprecision::cpp_int_check_type)0, std::allocator<unsigned long long> > >, (boost::multiprecision::expression_template_option)1>, boost::multiprecision::detail::expression<boost::multiprecision::detail::subtract_immediates, boost::multiprecision::number<boost::multiprecision::backends::rational_adaptor<boost::multiprecision::backends::cpp_int_backend<0ul, 0ul, (boost::multiprecision::cpp_integer_type)1, (boost::multiprecision::cpp_int_check_type)0, std::allocator<unsigned long long> > >, (boost::multiprecision::expression_template_option)1>, boost::multiprecision::number<boost::multiprecision::backends::rational_adaptor<boost::multiprecision::backends::cpp_int_backend<0ul, 0ul, (boost::multiprecision::cpp_integer_type)1, (boost::multiprecision::cpp_int_check_type)0, std::allocator<unsigned long long> > >, (boost::multiprecision::expression_template_option)1>, void, void>, void, void> >(boost::multiprecision::detail::expression<boost::multiprecision::detail::multiplies, boost::multiprecision::number<boost::multiprecision::backends::rational_adaptor<boost::multiprecision::backends::cpp_int_backend<0ul, 0ul, (boost::multiprecision::cpp_integer_type)1, (boost::multiprecision::cpp_int_check_type)0, std::allocator<unsigned long long> > >, (boost::multiprecision::expression_template_option)1>, boost::multiprecision::detail::expression<boost::multiprecision::detail::subtract_immediates, boost::multiprecision::number<boost::multiprecision::backends::rational_adaptor<boost::multiprecision::backends::cpp_int_backend<0ul, 0ul, (boost::multiprecision::cpp_integer_type)1, (boost::multiprecision::cpp_int_check_type)0, std::allocator<unsigned long long> > >, (boost::multiprecision::expression_template_option)1>, boost::multiprecision::number<boost::multiprecision::backends::rational_adaptor<boost::multiprecision::backends::cpp_int_backend<0ul, 0ul, (boost::multiprecision::cpp_integer_type)1, (boost::multiprecision::cpp_int_check_type)0, std::allocator<unsigned long long> > >, (boost::multiprecision::expression_template_option)1>, void, void>, void, void> const&, boost::multiprecision::detail::multiplies const&) [clone .isra.0]",232464928,1.3500931098696463
"void boost::multiprecision::backends::eval_multiply_imp<boost::multiprecision::backends::cpp_int_backend<0ul, 0ul, (boost::multiprecision::cpp_integer_type)1, (boost::multiprecision::cpp_int_check_type)0, std::allocator<unsigned long long> > >(boost::multiprecision::backends::rational_adaptor<boost::multiprecision::backends::cpp_int_backend<0ul, 0ul, (boost::multiprecision::cpp_integer_type)1, (boost::multiprecision::cpp_int_check_type)0, std::allocator<unsigned long long> > >&, boost::multiprecision::backends::rational_adaptor<boost::multiprecision::backends::cpp_int_backend<0ul, 0ul, (boost::multiprecision::cpp_integer_type)1, (boost::multiprecision::cpp_int_check_type)0, std::allocator<unsigned long long> > > const&, boost::multiprecision::backends::cpp_int_backend<0ul, 0ul, (boost::multiprecision::cpp_integer_type)1, (boost::multiprecision::cpp_int_check_type)0, std::allocator<unsigned long long> > const&, boost::multiprecision::backends::cpp_int_backend<0ul, 0ul, (boost::multiprecision::cpp_integer_type)1, (boost::multiprecision::cpp_int_check_type)0, std::allocator<unsigned long long> > const&)","void boost::multiprecision::backends::divide_unsigned_helper<boost::multiprecision::backends::cpp_int_backend<0ul, 0ul, (boost::multiprecision::cpp_integer_type)1, (boost::multiprecision::cpp_int_check_type)0, std::allocator<unsigned long long> >, boost::multiprecision::backends::cpp_int_backend<0ul, 0ul, (boost::multiprecision::cpp_integer_type)1, (boost::multiprecision::cpp_int_check_type)0, std::allocator<unsigned long long> > >(boost::multiprecision::backends::cpp_int_backend<0ul, 0ul, (boost::multiprecision::cpp_integer_type)1, (boost::multiprecision::cpp_int_check_type)0, std::allocator<unsigned long long> >*, boost::multiprecision::backends::cpp_int_backend<0ul, 0ul, (boost::multiprecision::cpp_integer_type)1, (boost::multiprecision::cpp_int_check_type)0, std::allocator<unsigned long long> > const&, unsigned long long, boost::multiprecision::backends::cpp_int_backend<0ul, 0ul, (boost::multiprecision::cpp_integer_type)1, (boost::multiprecision::cpp_int_check_type)0, std::allocator<unsigned long long> >&)",224448896,1.303538175046555
"void boost::multiprecision::number<boost::multiprecision::backends::rational_adaptor<boost::multiprecision::backends::cpp_int_backend<0ul, 0ul, (boost::multiprecision::cpp_integer_type)1, (boost::multiprecision::cpp_int_check_type)0, std::allocator<unsigned long long> > >, (boost::multiprecision::expression_template_option)1>::do_assign<boost::multiprecision::detail::expression<boost::multiprecision::detail::multiplies, boost::multiprecision::number<boost::multiprecision::backends::rational_adaptor<boost::multiprecision::backends::cpp_int_backend<0ul, 0ul, (boost::multiprecision::cpp_integer_type)1, (boost::multiprecision::cpp_int_check_type)0, std::allocator<unsigned long long> > >, (boost::multiprecision::expression_template_option)1>, boost::multiprecision::detail::expression<boost::multiprecision::detail::subtract_immediates, boost::multiprecision::number<boost::multiprecision::backends::rational_adaptor<boost::multiprecision::backends::cpp_int_backend<0ul, 0ul, (boost::multiprecision::cpp_integer_type)1, (boost::multiprecision::cpp_int_check_type)0, std::allocator<unsigned long long> > >, (boost::multiprecision::expression_template_option)1>, boost::multiprecision::number<boost::multiprecision::backends::rational_adaptor<boost::multiprecision::backends::cpp_int_backend<0ul, 0ul, (boost::multiprecision::cpp_integer_type)1, (boost::multiprecision::cpp_int_check_type)0, std::allocator<unsigned long long> > >, (boost::multiprecision::expression_template_option)1>, void, void>, void, void> >(boost::multiprecision::detail::expression<boost::multiprecision::detail::multiplies, boost::multiprecision::number<boost::multiprecision::backends::rational_adaptor<boost::multiprecision::backends::cpp_int_backend<0ul, 0ul, (boost::multiprecision::cpp_integer_type)1, (boost::multiprecision::cpp_int_check_type)0, std::allocator<unsigned long long> > >, (boost::multiprecision::expression_template_option)1>, boost::multiprecision::detail::expression<boost::multiprecision::detail::subtract_immediates, boost::multiprecision::number<boost::multiprecision::backends::rational_adaptor<boost::multiprecision::backends::cpp_int_backend<0ul, 0ul, (boost::multiprecision::cpp_integer_type)1, (boost::multiprecision::cpp_int_check_type)0, std::allocator<unsigned long long> > >, (boost::multiprecision::expression_template_option)1>, boost::multiprecision::number<boost::multiprecision::backends::rational_adaptor<boost::multiprecision::backends::cpp_int_backend<0ul, 0ul, (boost::multiprecision::cpp_integer_type)1, (boost::multiprecision::cpp_int_check_type)0, std::allocator<unsigned long long> > >, (boost::multiprecision::expression_template_option)1>, void, void>, void, void> const&, boost::multiprecision::detail::multiplies const&) [clone .isra.0]","void boost::multiprecision::backends::eval_add_subtract_imp<boost::multiprecision::backends::cpp_int_backend<0ul, 0ul, (boost::multiprecision::cpp_integer_type)1, (boost::multiprecision::cpp_int_check_type)0, std::allocator<unsigned long long> > >(boost::multiprecision::backends::rational_adaptor<boost::multiprecision::backends::cpp_int_backend<0ul, 0ul, (boost::multiprecision::cpp_integer_type)1, (boost::multiprecision::cpp_int_check_type)0, std::allocator<unsigned long long> > >&, boost::multiprecision::backends::rational_adaptor<boost::multiprecision::backends::cpp_int_backend<0ul, 0ul, (boost::multiprecision::cpp_integer_type)1, (boost::multiprecision::cpp_int_check_type)0, std::allocator<unsigned long long> > > const&, boost::multiprecision::backends::rational_adaptor<boost::multiprecision::backends::cpp_int_backend<0ul, 0ul, (boost::multiprecision::cpp_integer_type)1, (boost::multiprecision::cpp_int_check_type)0, std::allocator<unsigned long long> > > const&, bool)",222444888,1.291899441340782
ParallelRoam::Algorithms::GreedyTransactionalLod::TransactionalQualityFaceEvidence::Exact(),"ParallelRoam::Algorithms::GreedyTransactionalLod::TransactionalQualityFaceEvidence::Coefficients<boost::multiprecision::number<boost::multiprecision::backends::rational_adaptor<boost::multiprecision::backends::cpp_int_backend<0ul, 0ul, (boost::multiprecision::cpp_integer_type)1, (boost::multiprecision::cpp_int_check_type)0, std::allocator<unsigned long long> > >, (boost::multiprecision::expression_template_option)1> > ParallelRoam::Algorithms::GreedyTransactionalLod::TransactionalQualityFaceEvidence::Prepare<boost::multiprecision::number<boost::multiprecision::backends::rational_adaptor<boost::multiprecision::backends::cpp_int_backend<0ul, 0ul, (boost::multiprecision::cpp_integer_type)1, (boost::multiprecision::cpp_int_check_type)0, std::allocator<unsigned long long> > >, (boost::multiprecision::expression_template_option)1> >() const",220440880,1.2802607076350092
"boost::multiprecision::number<boost::multiprecision::backends::rational_adaptor<boost::multiprecision::backends::cpp_int_backend<0ul, 0ul, (boost::multiprecision::cpp_integer_type)1, (boost::multiprecision::cpp_int_check_type)0, std::allocator<unsigned long long> > >, (boost::multiprecision::expression_template_option)1> ParallelRoam::Algorithms::GreedyTransactionalLod::TransactionalQualityFaceEvidence::Interpolate<boost::multiprecision::number<boost::multiprecision::backends::rational_adaptor<boost::multiprecision::backends::cpp_int_backend<0ul, 0ul, (boost::multiprecision::cpp_integer_type)1, (boost::multiprecision::cpp_int_check_type)0, std::allocator<unsigned long long> > >, (boost::multiprecision::expression_template_option)1> >(ParallelRoam::Algorithms::GreedyTransactionalLod::TransactionalQualityFaceEvidence::Coefficients<boost::multiprecision::number<boost::multiprecision::backends::rational_adaptor<boost::multiprecision::backends::cpp_int_backend<0ul, 0ul, (boost::multiprecision::cpp_integer_type)1, (boost::multiprecision::cpp_int_check_type)0, std::allocator<unsigned long long> > >, (boost::multiprecision::expression_template_option)1> > const&, std::array<boost::multiprecision::number<boost::multiprecision::backends::rational_adaptor<boost::multiprecision::backends::cpp_int_backend<0ul, 0ul, (boost::multiprecision::cpp_integer_type)1, (boost::multiprecision::cpp_int_check_type)0, std::allocator<unsigned long long> > >, (boost::multiprecision::expression_template_option)1>, 2ul> const&)","void boost::multiprecision::number<boost::multiprecision::backends::rational_adaptor<boost::multiprecision::backends::cpp_int_backend<0ul, 0ul, (boost::multiprecision::cpp_integer_type)1, (boost::multiprecision::cpp_int_check_type)0, std::allocator<unsigned long long> > >, (boost::multiprecision::expression_template_option)1>::do_assign<boost::multiprecision::detail::expression<boost::multiprecision::detail::minus, boost::multiprecision::detail::expression<boost::multiprecision::detail::multiplies, boost::multiprecision::detail::expression<boost::multiprecision::detail::subtract_immediates, boost::multiprecision::number<boost::multiprecision::backends::rational_adaptor<boost::multiprecision::backends::cpp_int_backend<0ul, 0ul, (boost::multiprecision::cpp_integer_type)1, (boost::multiprecision::cpp_int_check_type)0, std::allocator<unsigned long long> > >, (boost::multiprecision::expression_template_option)1>, boost::multiprecision::number<boost::multiprecision::backends::rational_adaptor<boost::multiprecision::backends::cpp_int_backend<0ul, 0ul, (boost::multiprecision::cpp_integer_type)1, (boost::multiprecision::cpp_int_check_type)0, std::allocator<unsigned long long> > >, (boost::multiprecision::expression_template_option)1>, void, void>, boost::multiprecision::detail::expression<boost::multiprecision::detail::subtract_immediates, boost::multiprecision::number<boost::multiprecision::backends::rational_adaptor<boost::multiprecision::backends::cpp_int_backend<0ul, 0ul, (boost::multiprecision::cpp_integer_type)1, (boost::multiprecision::cpp_int_check_type)0, std::allocator<unsigned long long> > >, (boost::multiprecision::expression_template_option)1>, boost::multiprecision::number<boost::multiprecision::backends::rational_adaptor<boost::multiprecision::backends::cpp_int_backend<0ul, 0ul, (boost::multiprecision::cpp_integer_type)1, (boost::multiprecision::cpp_int_check_type)0, std::allocator<unsigned long long> > >, (boost::multiprecision::expression_template_option)1>, void, void>, void, void>, boost::multiprecision::detail::expression<boost::multiprecision::detail::multiplies, boost::multiprecision::detail::expression<boost::multiprecision::detail::subtract_immediates, boost::multiprecision::number<boost::multiprecision::backends::rational_adaptor<boost::multiprecision::backends::cpp_int_backend<0ul, 0ul, (boost::multiprecision::cpp_integer_type)1, (boost::multiprecision::cpp_int_check_type)0, std::allocator<unsigned long long> > >, (boost::multiprecision::expression_template_option)1>, boost::multiprecision::number<boost::multiprecision::backends::rational_adaptor<boost::multiprecision::backends::cpp_int_backend<0ul, 0ul, (boost::multiprecision::cpp_integer_type)1, (boost::multiprecision::cpp_int_check_type)0, std::allocator<unsigned long long> > >, (boost::multiprecision::expression_template_option)1>, void, void>, boost::multiprecision::detail::expression<boost::multiprecision::detail::subtract_immediates, boost::multiprecision::number<boost::multiprecision::backends::rational_adaptor<boost::multiprecision::backends::cpp_int_backend<0ul, 0ul, (boost::multiprecision::cpp_integer_type)1, (boost::multiprecision::cpp_int_check_type)0, std::allocator<unsigned long long> > >, (boost::multiprecision::expression_template_option)1>, boost::multiprecision::number<boost::multiprecision::backends::rational_adaptor<boost::multiprecision::backends::cpp_int_backend<0ul, 0ul, (boost::multiprecision::cpp_integer_type)1, (boost::multiprecision::cpp_int_check_type)0, std::allocator<unsigned long long> > >, (boost::multiprecision::expression_template_option)1>, void, void>, void, void>, void, void> >(boost::multiprecision::detail::expression<boost::multiprecision::detail::minus, boost::multiprecision::detail::expression<boost::multiprecision::detail::multiplies, boost::multiprecision::detail::expression<boost::multiprecision::detail::subtract_immediates, boost::multiprecision::number<boost::multiprecision::backends::rational_adaptor<boost::multiprecision::backends::cpp_int_backend<0ul, 0ul, (boost::multiprecision::cpp_integer_type)1, (boost::multiprecision::cpp_int_check_type)0, std::allocator<unsigned long long> > >, (boost::multiprecision::expression_template_option)1>, boost::multiprecision::number<boost::multiprecision::backends::rational_adaptor<boost::multiprecision::backends::cpp_int_backend<0ul, 0ul, (boost::multiprecision::cpp_integer_type)1, (boost::multiprecision::cpp_int_check_type)0, std::allocator<unsigned long long> > >, (boost::multiprecision::expression_template_option)1>, void, void>, boost::multiprecision::detail::expression<boost::multiprecision::detail::subtract_immediates, boost::multiprecision::number<boost::multiprecision::backends::rational_adaptor<boost::multiprecision::backends::cpp_int_backend<0ul, 0ul, (boost::multiprecision::cpp_integer_type)1, (boost::multiprecision::cpp_int_check_type)0, std::allocator<unsigned long long> > >, (boost::multiprecision::expression_template_option)1>, boost::multiprecision::number<boost::multiprecision::backends::rational_adaptor<boost::multiprecision::backends::cpp_int_backend<0ul, 0ul, (boost::multiprecision::cpp_integer_type)1, (boost::multiprecision::cpp_int_check_type)0, std::allocator<unsigned long long> > >, (boost::multiprecision::expression_template_option)1>, void, void>, void, void>, boost::multiprecision::detail::expression<boost::multiprecision::detail::multiplies, boost::multiprecision::detail::expression<boost::multiprecision::detail::subtract_immediates, boost::multiprecision::number<boost::multiprecision::backends::rational_adaptor<boost::multiprecision::backends::cpp_int_backend<0ul, 0ul, (boost::multiprecision::cpp_integer_type)1, (boost::multiprecision::cpp_int_check_type)0, std::allocator<unsigned long long> > >, (boost::multiprecision::expression_template_option)1>, boost::multiprecision::number<boost::multiprecision::backends::rational_adaptor<boost::multiprecision::backends::cpp_int_backend<0ul, 0ul, (boost::multiprecision::cpp_integer_type)1, (boost::multiprecision::cpp_int_check_type)0, std::allocator<unsigned long long> > >, (boost::multiprecision::expression_template_option)1>, void, void>, boost::multiprecision::detail::expression<boost::multiprecision::detail::subtract_immediates, boost::multiprecision::number<boost::multiprecision::backends::rational_adaptor<boost::multiprecision::backends::cpp_int_backend<0ul, 0ul, (boost::multiprecision::cpp_integer_type)1, (boost::multiprecision::cpp_int_check_type)0, std::allocator<unsigned long long> > >, (boost::multiprecision::expression_template_option)1>, boost::multiprecision::number<boost::multiprecision::backends::rational_adaptor<boost::multiprecision::backends::cpp_int_backend<0ul, 0ul, (boost::multiprecision::cpp_integer_type)1, (boost::multiprecision::cpp_int_check_type)0, std::allocator<unsigned long long> > >, (boost::multiprecision::expression_template_option)1>, void, void>, void, void>, void, void> const&, boost::multiprecision::detail::minus const&) [clone .isra.0]",206412824,1.1987895716945995
"std::enable_if<std::is_floating_point<long double>::value, boost::multiprecision::backends::rational_adaptor<boost::multiprecision::backends::cpp_int_backend<0ul, 0ul, (boost::multiprecision::cpp_integer_type)1, (boost::multiprecision::cpp_int_check_type)0, std::allocator<unsigned long long> > >&>::type boost::multiprecision::backends::rational_adaptor<boost::multiprecision::backends::cpp_int_backend<0ul, 0ul, (boost::multiprecision::cpp_integer_type)1, (boost::multiprecision::cpp_int_check_type)0, std::allocator<unsigned long long> > >::operator=<long double>(long double) [clone .isra.0]","std::enable_if<!boost::multiprecision::backends::is_trivial_cpp_int<boost::multiprecision::backends::cpp_int_backend<0ul, 0ul, (boost::multiprecision::cpp_integer_type)1, (boost::multiprecision::cpp_int_check_type)0, std::allocator<unsigned long long> > >::value, void>::type boost::multiprecision::backends::eval_left_shift<0ul, 0ul, (boost::multiprecision::cpp_integer_type)1, (boost::multiprecision::cpp_int_check_type)0, std::allocator<unsigned long long> >(boost::multiprecision::backends::cpp_int_backend<0ul, 0ul, (boost::multiprecision::cpp_integer_type)1, (boost::multiprecision::cpp_int_check_type)0, std::allocator<unsigned long long> >&, unsigned __int128) [clone .part.0]",200400800,1.1638733705772812
"ParallelRoam::Algorithms::GreedyTransactionalLod::TransactionalSamples::Prepare(ParallelRoam::Algorithms::GreedyTransactionalLod::TransactionalState const&, ParallelRoam::Algorithms::GreedyTransactionalLod::PreparedTopology const&, ParallelRoam::Algorithms::GreedyTransactionalLod::WorkLedger&)","ParallelRoam::Algorithms::GreedyTransactionalLod::TransactionalSamples::Enumerate(std::array<ParallelRoam::Algorithms::GreedyTransactionalLod::Point, 3ul> const&, ParallelRoam::Algorithms::GreedyTransactionalLod::WorkLedger&) const",200400800,1.1638733705772812
"ParallelRoam::Algorithms::GreedyTransactionalLod::TransactionalSamples::Enumerate(std::array<ParallelRoam::Algorithms::GreedyTransactionalLod::Point, 3ul> const&, ParallelRoam::Algorithms::GreedyTransactionalLod::WorkLedger&) const","ParallelRoam::Algorithms::GreedyTransactionalLod::TransactionalSamples::Weights(unsigned int, ParallelRoam::Algorithms::GreedyTransactionalLod::Point const&, ParallelRoam::Algorithms::GreedyTransactionalLod::Point const&, ParallelRoam::Algorithms::GreedyTransactionalLod::Point const&, std::array<double, 3ul>&) const",198396792,1.1522346368715084
"ParallelRoam::Algorithms::GreedyTransactionalLod::TransactionalSamples::VisibleSupport(std::vector<unsigned int, std::allocator<unsigned int> > const&) const","void std::__introsort_loop<__gnu_cxx::__normal_iterator<unsigned int*, std::vector<unsigned int, std::allocator<unsigned int> > >, long, __gnu_cxx::__ops::_Iter_less_iter>(__gnu_cxx::__normal_iterator<unsigned int*, std::vector<unsigned int, std::allocator<unsigned int> > >, __gnu_cxx::__normal_iterator<unsigned int*, std::vector<unsigned int, std::allocator<unsigned int> > >, long, __gnu_cxx::__ops::_Iter_less_iter) [clone .isra.0]",196392784,1.1405959031657356
"std::enable_if<std::is_floating_point<long double>::value, boost::multiprecision::backends::rational_adaptor<boost::multiprecision::backends::cpp_int_backend<0ul, 0ul, (boost::multiprecision::cpp_integer_type)1, (boost::multiprecision::cpp_int_check_type)0, std::allocator<unsigned long long> > >&>::type boost::multiprecision::backends::rational_adaptor<boost::multiprecision::backends::cpp_int_backend<0ul, 0ul, (boost::multiprecision::cpp_integer_type)1, (boost::multiprecision::cpp_int_check_type)0, std::allocator<unsigned long long> > >::operator=<long double>(long double) [clone .isra.0]",__wrap_scalbnl,192384768,1.1173184357541899
ParallelRoam::Algorithms::GreedyTransactionalLod::TransactionalQualitySampleEvidence::ExactCoordinate(),"std::array<boost::multiprecision::number<boost::multiprecision::backends::rational_adaptor<boost::multiprecision::backends::cpp_int_backend<0ul, 0ul, (boost::multiprecision::cpp_integer_type)1, (boost::multiprecision::cpp_int_check_type)0, std::allocator<unsigned long long> > >, (boost::multiprecision::expression_template_option)1>, 2ul> ParallelRoam::Algorithms::GreedyTransactionalLod::QualityEvaluation::Coordinate<boost::multiprecision::number<boost::multiprecision::backends::rational_adaptor<boost::multiprecision::backends::cpp_int_backend<0ul, 0ul, (boost::multiprecision::cpp_integer_type)1, (boost::multiprecision::cpp_int_check_type)0, std::allocator<unsigned long long> > >, (boost::multiprecision::expression_template_option)1> >(std::array<boost::multiprecision::number<boost::multiprecision::backends::rational_adaptor<boost::multiprecision::backends::cpp_int_backend<0ul, 0ul, (boost::multiprecision::cpp_integer_type)1, (boost::multiprecision::cpp_int_check_type)0, std::allocator<unsigned long long> > >, (boost::multiprecision::expression_template_option)1>, 3ul> const&, ParallelRoam::Algorithms::GreedyTransactionalLod::Configuration const&, bool)",190380760,1.105679702048417
"ParallelRoam::Algorithms::GreedyTransactionalLod::QualityEvaluation::SameInterface(ParallelRoam::Algorithms::GreedyTransactionalLod::TransactionalState const&, ParallelRoam::Algorithms::GreedyTransactionalLod::Proposal const&, bool, std::vector<std::array<ParallelRoam::Algorithms::GreedyTransactionalLod::Point, 3ul>, std::allocator<std::array<ParallelRoam::Algorithms::GreedyTransactionalLod::Point, 3ul> > > const&, std::vector<std::array<ParallelRoam::Algorithms::GreedyTransactionalLod::Point, 3ul>, std::allocator<std::array<ParallelRoam::Algorithms::GreedyTransactionalLod::Point, 3ul> > > const&)","ParallelRoam::Algorithms::GreedyTransactionalLod::QualityEvaluation::Area(std::array<ParallelRoam::Algorithms::GreedyTransactionalLod::Point, 3ul> const&)",182364728,1.059124767225326
"std::optional<ParallelRoam::Algorithms::GreedyTransactionalLod::QualityEvaluation::Interval> ParallelRoam::Algorithms::GreedyTransactionalLod::QualityEvaluation::ScreenPrepared<ParallelRoam::Algorithms::GreedyTransactionalLod::QualityEvaluation::Interval>(ParallelRoam::Algorithms::GreedyTransactionalLod::Configuration const&, std::array<ParallelRoam::Algorithms::GreedyTransactionalLod::QualityEvaluation::Interval, 3ul> const&, std::array<ParallelRoam::Algorithms::GreedyTransactionalLod::QualityEvaluation::Interval, 4ul> const&, ParallelRoam::Algorithms::GreedyTransactionalLod::QualityEvaluation::Interval const&)","std::array<ParallelRoam::Algorithms::GreedyTransactionalLod::QualityEvaluation::Interval, 4ul> ParallelRoam::Algorithms::GreedyTransactionalLod::QualityEvaluation::Clip<ParallelRoam::Algorithms::GreedyTransactionalLod::QualityEvaluation::Interval>(ParallelRoam::Algorithms::GreedyTransactionalLod::Configuration const&, ParallelRoam::Algorithms::GreedyTransactionalLod::QualityEvaluation::Interval const&, ParallelRoam::Algorithms::GreedyTransactionalLod::QualityEvaluation::Interval const&, ParallelRoam::Algorithms::GreedyTransactionalLod::QualityEvaluation::Interval const&)",182364728,1.059124767225326
"void boost::multiprecision::number<boost::multiprecision::backends::rational_adaptor<boost::multiprecision::backends::cpp_int_backend<0ul, 0ul, (boost::multiprecision::cpp_integer_type)1, (boost::multiprecision::cpp_int_check_type)0, std::allocator<unsigned long long> > >, (boost::multiprecision::expression_template_option)1>::do_assign<boost::multiprecision::detail::expression<boost::multiprecision::detail::minus, boost::multiprecision::detail::expression<boost::multiprecision::detail::multiplies, boost::multiprecision::detail::expression<boost::multiprecision::detail::subtract_immediates, boost::multiprecision::number<boost::multiprecision::backends::rational_adaptor<boost::multiprecision::backends::cpp_int_backend<0ul, 0ul, (boost::multiprecision::cpp_integer_type)1, (boost::multiprecision::cpp_int_check_type)0, std::allocator<unsigned long long> > >, (boost::multiprecision::expression_template_option)1>, boost::multiprecision::number<boost::multiprecision::backends::rational_adaptor<boost::multiprecision::backends::cpp_int_backend<0ul, 0ul, (boost::multiprecision::cpp_integer_type)1, (boost::multiprecision::cpp_int_check_type)0, std::allocator<unsigned long long> > >, (boost::multiprecision::expression_template_option)1>, void, void>, boost::multiprecision::detail::expression<boost::multiprecision::detail::subtract_immediates, boost::multiprecision::number<boost::multiprecision::backends::rational_adaptor<boost::multiprecision::backends::cpp_int_backend<0ul, 0ul, (boost::multiprecision::cpp_integer_type)1, (boost::multiprecision::cpp_int_check_type)0, std::allocator<unsigned long long> > >, (boost::multiprecision::expression_template_option)1>, boost::multiprecision::number<boost::multiprecision::backends::rational_adaptor<boost::multiprecision::backends::cpp_int_backend<0ul, 0ul, (boost::multiprecision::cpp_integer_type)1, (boost::multiprecision::cpp_int_check_type)0, std::allocator<unsigned long long> > >, (boost::multiprecision::expression_template_option)1>, void, void>, void, void>, boost::multiprecision::detail::expression<boost::multiprecision::detail::multiplies, boost::multiprecision::detail::expression<boost::multiprecision::detail::subtract_immediates, boost::multiprecision::number<boost::multiprecision::backends::rational_adaptor<boost::multiprecision::backends::cpp_int_backend<0ul, 0ul, (boost::multiprecision::cpp_integer_type)1, (boost::multiprecision::cpp_int_check_type)0, std::allocator<unsigned long long> > >, (boost::multiprecision::expression_template_option)1>, boost::multiprecision::number<boost::multiprecision::backends::rational_adaptor<boost::multiprecision::backends::cpp_int_backend<0ul, 0ul, (boost::multiprecision::cpp_integer_type)1, (boost::multiprecision::cpp_int_check_type)0, std::allocator<unsigned long long> > >, (boost::multiprecision::expression_template_option)1>, void, void>, boost::multiprecision::detail::expression<boost::multiprecision::detail::subtract_immediates, boost::multiprecision::number<boost::multiprecision::backends::rational_adaptor<boost::multiprecision::backends::cpp_int_backend<0ul, 0ul, (boost::multiprecision::cpp_integer_type)1, (boost::multiprecision::cpp_int_check_type)0, std::allocator<unsigned long long> > >, (boost::multiprecision::expression_template_option)1>, boost::multiprecision::number<boost::multiprecision::backends::rational_adaptor<boost::multiprecision::backends::cpp_int_backend<0ul, 0ul, (boost::multiprecision::cpp_integer_type)1, (boost::multiprecision::cpp_int_check_type)0, std::allocator<unsigned long long> > >, (boost::multiprecision::expression_template_option)1>, void, void>, void, void>, void, void> >(boost::multiprecision::detail::expression<boost::multiprecision::detail::minus, boost::multiprecision::detail::expression<boost::multiprecision::detail::multiplies, boost::multiprecision::detail::expression<boost::multiprecision::detail::subtract_immediates, boost::multiprecision::number<boost::multiprecision::backends::rational_adaptor<boost::multiprecision::backends::cpp_int_backend<0ul, 0ul, (boost::multiprecision::cpp_integer_type)1, (boost::multiprecision::cpp_int_check_type)0, std::allocator<unsigned long long> > >, (boost::multiprecision::expression_template_option)1>, boost::multiprecision::number<boost::multiprecision::backends::rational_adaptor<boost::multiprecision::backends::cpp_int_backend<0ul, 0ul, (boost::multiprecision::cpp_integer_type)1, (boost::multiprecision::cpp_int_check_type)0, std::allocator<unsigned long long> > >, (boost::multiprecision::expression_template_option)1>, void, void>, boost::multiprecision::detail::expression<boost::multiprecision::detail::subtract_immediates, boost::multiprecision::number<boost::multiprecision::backends::rational_adaptor<boost::multiprecision::backends::cpp_int_backend<0ul, 0ul, (boost::multiprecision::cpp_integer_type)1, (boost::multiprecision::cpp_int_check_type)0, std::allocator<unsigned long long> > >, (boost::multiprecision::expression_template_option)1>, boost::multiprecision::number<boost::multiprecision::backends::rational_adaptor<boost::multiprecision::backends::cpp_int_backend<0ul, 0ul, (boost::multiprecision::cpp_integer_type)1, (boost::multiprecision::cpp_int_check_type)0, std::allocator<unsigned long long> > >, (boost::multiprecision::expression_template_option)1>, void, void>, void, void>, boost::multiprecision::detail::expression<boost::multiprecision::detail::multiplies, boost::multiprecision::detail::expression<boost::multiprecision::detail::subtract_immediates, boost::multiprecision::number<boost::multiprecision::backends::rational_adaptor<boost::multiprecision::backends::cpp_int_backend<0ul, 0ul, (boost::multiprecision::cpp_integer_type)1, (boost::multiprecision::cpp_int_check_type)0, std::allocator<unsigned long long> > >, (boost::multiprecision::expression_template_option)1>, boost::multiprecision::number<boost::multiprecision::backends::rational_adaptor<boost::multiprecision::backends::cpp_int_backend<0ul, 0ul, (boost::multiprecision::cpp_integer_type)1, (boost::multiprecision::cpp_int_check_type)0, std::allocator<unsigned long long> > >, (boost::multiprecision::expression_template_option)1>, void, void>, boost::multiprecision::detail::expression<boost::multiprecision::detail::subtract_immediates, boost::multiprecision::number<boost::multiprecision::backends::rational_adaptor<boost::multiprecision::backends::cpp_int_backend<0ul, 0ul, (boost::multiprecision::cpp_integer_type)1, (boost::multiprecision::cpp_int_check_type)0, std::allocator<unsigned long long> > >, (boost::multiprecision::expression_template_option)1>, boost::multiprecision::number<boost::multiprecision::backends::rational_adaptor<boost::multiprecision::backends::cpp_int_backend<0ul, 0ul, (boost::multiprecision::cpp_integer_type)1, (boost::multiprecision::cpp_int_check_type)0, std::allocator<unsigned long long> > >, (boost::multiprecision::expression_template_option)1>, void, void>, void, void>, void, void> const&, boost::multiprecision::detail::minus const&) [clone .isra.0]","void boost::multiprecision::number<boost::multiprecision::backends::rational_adaptor<boost::multiprecision::backends::cpp_int_backend<0ul, 0ul, (boost::multiprecision::cpp_integer_type)1, (boost::multiprecision::cpp_int_check_type)0, std::allocator<unsigned long long> > >, (boost::multiprecision::expression_template_option)1>::do_assign<boost::multiprecision::detail::expression<boost::multiprecision::detail::multiplies, boost::multiprecision::detail::expression<boost::multiprecision::detail::subtract_immediates, boost::multiprecision::number<boost::multiprecision::backends::rational_adaptor<boost::multiprecision::backends::cpp_int_backend<0ul, 0ul, (boost::multiprecision::cpp_integer_type)1, (boost::multiprecision::cpp_int_check_type)0, std::allocator<unsigned long long> > >, (boost::multiprecision::expression_template_option)1>, boost::multiprecision::number<boost::multiprecision::backends::rational_adaptor<boost::multiprecision::backends::cpp_int_backend<0ul, 0ul, (boost::multiprecision::cpp_integer_type)1, (boost::multiprecision::cpp_int_check_type)0, std::allocator<unsigned long long> > >, (boost::multiprecision::expression_template_option)1>, void, void>, boost::multiprecision::detail::expression<boost::multiprecision::detail::subtract_immediates, boost::multiprecision::number<boost::multiprecision::backends::rational_adaptor<boost::multiprecision::backends::cpp_int_backend<0ul, 0ul, (boost::multiprecision::cpp_integer_type)1, (boost::multiprecision::cpp_int_check_type)0, std::allocator<unsigned long long> > >, (boost::multiprecision::expression_template_option)1>, boost::multiprecision::number<boost::multiprecision::backends::rational_adaptor<boost::multiprecision::backends::cpp_int_backend<0ul, 0ul, (boost::multiprecision::cpp_integer_type)1, (boost::multiprecision::cpp_int_check_type)0, std::allocator<unsigned long long> > >, (boost::multiprecision::expression_template_option)1>, void, void>, void, void> >(boost::multiprecision::detail::expression<boost::multiprecision::detail::multiplies, boost::multiprecision::detail::expression<boost::multiprecision::detail::subtract_immediates, boost::multiprecision::number<boost::multiprecision::backends::rational_adaptor<boost::multiprecision::backends::cpp_int_backend<0ul, 0ul, (boost::multiprecision::cpp_integer_type)1, (boost::multiprecision::cpp_int_check_type)0, std::allocator<unsigned long long> > >, (boost::multiprecision::expression_template_option)1>, boost::multiprecision::number<boost::multiprecision::backends::rational_adaptor<boost::multiprecision::backends::cpp_int_backend<0ul, 0ul, (boost::multiprecision::cpp_integer_type)1, (boost::multiprecision::cpp_int_check_type)0, std::allocator<unsigned long long> > >, (boost::multiprecision::expression_template_option)1>, void, void>, boost::multiprecision::detail::expression<boost::multiprecision::detail::subtract_immediates, boost::multiprecision::number<boost::multiprecision::backends::rational_adaptor<boost::multiprecision::backends::cpp_int_backend<0ul, 0ul, (boost::multiprecision::cpp_integer_type)1, (boost::multiprecision::cpp_int_check_type)0, std::allocator<unsigned long long> > >, (boost::multiprecision::expression_template_option)1>, boost::multiprecision::number<boost::multiprecision::backends::rational_adaptor<boost::multiprecision::backends::cpp_int_backend<0ul, 0ul, (boost::multiprecision::cpp_integer_type)1, (boost::multiprecision::cpp_int_check_type)0, std::allocator<unsigned long long> > >, (boost::multiprecision::expression_template_option)1>, void, void>, void, void> const&, boost::multiprecision::detail::multiplies const&) [clone .isra.0]",170340680,0.9892923649906891
"ParallelRoam::Algorithms::GreedyTransactionalLod::QualityEvaluation::Interval ParallelRoam::Algorithms::GreedyTransactionalLod::TransactionalQualityFaceEvidence::Interpolate<ParallelRoam::Algorithms::GreedyTransactionalLod::QualityEvaluation::Interval>(ParallelRoam::Algorithms::GreedyTransactionalLod::TransactionalQualityFaceEvidence::Coefficients<ParallelRoam::Algorithms::GreedyTransactionalLod::QualityEvaluation::Interval> const&, std::array<ParallelRoam::Algorithms::GreedyTransactionalLod::QualityEvaluation::Interval, 2ul> const&)",__nextafter,164328656,0.9543761638733705
"ParallelRoam::Algorithms::GreedyTransactionalLod::TransactionalPredicates::Shape(ParallelRoam::Algorithms::GreedyTransactionalLod::Point const&, ParallelRoam::Algorithms::GreedyTransactionalLod::Point const&, ParallelRoam::Algorithms::GreedyTransactionalLod::Point const&)","std::enable_if<std::is_floating_point<long double>::value, boost::multiprecision::backends::rational_adaptor<boost::multiprecision::backends::cpp_int_backend<0ul, 0ul, (boost::multiprecision::cpp_integer_type)1, (boost::multiprecision::cpp_int_check_type)0, std::allocator<unsigned long long> > >&>::type boost::multiprecision::backends::rational_adaptor<boost::multiprecision::backends::cpp_int_backend<0ul, 0ul, (boost::multiprecision::cpp_integer_type)1, (boost::multiprecision::cpp_int_check_type)0, std::allocator<unsigned long long> > >::operator=<long double>(long double) [clone .isra.0]",158316632,0.9194599627560521
"std::array<boost::multiprecision::number<boost::multiprecision::backends::rational_adaptor<boost::multiprecision::backends::cpp_int_backend<0ul, 0ul, (boost::multiprecision::cpp_integer_type)1, (boost::multiprecision::cpp_int_check_type)0, std::allocator<unsigned long long> > >, (boost::multiprecision::expression_template_option)1>, 3ul> ParallelRoam::Algorithms::GreedyTransactionalLod::QualityEvaluation::Reference<boost::multiprecision::number<boost::multiprecision::backends::rational_adaptor<boost::multiprecision::backends::cpp_int_backend<0ul, 0ul, (boost::multiprecision::cpp_integer_type)1, (boost::multiprecision::cpp_int_check_type)0, std::allocator<unsigned long long> > >, (boost::multiprecision::expression_template_option)1> >(ParallelRoam::Algorithms::GreedyTransactionalLod::TransactionalState const&, ParallelRoam::Algorithms::GreedyTransactionalLod::TransactionalSamples const&, unsigned int)","void boost::multiprecision::backends::eval_add_subtract_imp<boost::multiprecision::backends::cpp_int_backend<0ul, 0ul, (boost::multiprecision::cpp_integer_type)1, (boost::multiprecision::cpp_int_check_type)0, std::allocator<unsigned long long> > >(boost::multiprecision::backends::rational_adaptor<boost::multiprecision::backends::cpp_int_backend<0ul, 0ul, (boost::multiprecision::cpp_integer_type)1, (boost::multiprecision::cpp_int_check_type)0, std::allocator<unsigned long long> > >&, boost::multiprecision::backends::rational_adaptor<boost::multiprecision::backends::cpp_int_backend<0ul, 0ul, (boost::multiprecision::cpp_integer_type)1, (boost::multiprecision::cpp_int_check_type)0, std::allocator<unsigned long long> > > const&, boost::multiprecision::backends::rational_adaptor<boost::multiprecision::backends::cpp_int_backend<0ul, 0ul, (boost::multiprecision::cpp_integer_type)1, (boost::multiprecision::cpp_int_check_type)0, std::allocator<unsigned long long> > > const&, bool)",156312624,0.9078212290502793
"boost::multiprecision::number<boost::multiprecision::backends::rational_adaptor<boost::multiprecision::backends::cpp_int_backend<0ul, 0ul, (boost::multiprecision::cpp_integer_type)1, (boost::multiprecision::cpp_int_check_type)0, std::allocator<unsigned long long> > >, (boost::multiprecision::expression_template_option)1> ParallelRoam::Algorithms::GreedyTransactionalLod::TransactionalQualityFaceEvidence::Interpolate<boost::multiprecision::number<boost::multiprecision::backends::rational_adaptor<boost::multiprecision::backends::cpp_int_backend<0ul, 0ul, (boost::multiprecision::cpp_integer_type)1, (boost::multiprecision::cpp_int_check_type)0, std::allocator<unsigned long long> > >, (boost::multiprecision::expression_template_option)1> >(ParallelRoam::Algorithms::GreedyTransactionalLod::TransactionalQualityFaceEvidence::Coefficients<boost::multiprecision::number<boost::multiprecision::backends::rational_adaptor<boost::multiprecision::backends::cpp_int_backend<0ul, 0ul, (boost::multiprecision::cpp_integer_type)1, (boost::multiprecision::cpp_int_check_type)0, std::allocator<unsigned long long> > >, (boost::multiprecision::expression_template_option)1> > const&, std::array<boost::multiprecision::number<boost::multiprecision::backends::rational_adaptor<boost::multiprecision::backends::cpp_int_backend<0ul, 0ul, (boost::multiprecision::cpp_integer_type)1, (boost::multiprecision::cpp_int_check_type)0, std::allocator<unsigned long long> > >, (boost::multiprecision::expression_template_option)1>, 2ul> const&)","void boost::multiprecision::number<boost::multiprecision::backends::rational_adaptor<boost::multiprecision::backends::cpp_int_backend<0ul, 0ul, (boost::multiprecision::cpp_integer_type)1, (boost::multiprecision::cpp_int_check_type)0, std::allocator<unsigned long long> > >, (boost::multiprecision::expression_template_option)1>::do_assign<boost::multiprecision::detail::expression<boost::multiprecision::detail::minus, boost::multiprecision::detail::expression<boost::multiprecision::detail::multiplies, boost::multiprecision::detail::expression<boost::multiprecision::detail::subtract_immediates, boost::multiprecision::number<boost::multiprecision::backends::rational_adaptor<boost::multiprecision::backends::cpp_int_backend<0ul, 0ul, (boost::multiprecision::cpp_integer_type)1, (boost::multiprecision::cpp_int_check_type)0, std::allocator<unsigned long long> > >, (boost::multiprecision::expression_template_option)1>, boost::multiprecision::number<boost::multiprecision::backends::rational_adaptor<boost::multiprecision::backends::cpp_int_backend<0ul, 0ul, (boost::multiprecision::cpp_integer_type)1, (boost::multiprecision::cpp_int_check_type)0, std::allocator<unsigned long long> > >, (boost::multiprecision::expression_template_option)1>, void, void>, boost::multiprecision::number<boost::multiprecision::backends::rational_adaptor<boost::multiprecision::backends::cpp_int_backend<0ul, 0ul, (boost::multiprecision::cpp_integer_type)1, (boost::multiprecision::cpp_int_check_type)0, std::allocator<unsigned long long> > >, (boost::multiprecision::expression_template_option)1>, void, void>, boost::multiprecision::detail::expression<boost::multiprecision::detail::multiplies, boost::multiprecision::detail::expression<boost::multiprecision::detail::subtract_immediates, boost::multiprecision::number<boost::multiprecision::backends::rational_adaptor<boost::multiprecision::backends::cpp_int_backend<0ul, 0ul, (boost::multiprecision::cpp_integer_type)1, (boost::multiprecision::cpp_int_check_type)0, std::allocator<unsigned long long> > >, (boost::multiprecision::expression_template_option)1>, boost::multiprecision::number<boost::multiprecision::backends::rational_adaptor<boost::multiprecision::backends::cpp_int_backend<0ul, 0ul, (boost::multiprecision::cpp_integer_type)1, (boost::multiprecision::cpp_int_check_type)0, std::allocator<unsigned long long> > >, (boost::multiprecision::expression_template_option)1>, void, void>, boost::multiprecision::number<boost::multiprecision::backends::rational_adaptor<boost::multiprecision::backends::cpp_int_backend<0ul, 0ul, (boost::multiprecision::cpp_integer_type)1, (boost::multiprecision::cpp_int_check_type)0, std::allocator<unsigned long long> > >, (boost::multiprecision::expression_template_option)1>, void, void>, void, void> >(boost::multiprecision::detail::expression<boost::multiprecision::detail::minus, boost::multiprecision::detail::expression<boost::multiprecision::detail::multiplies, boost::multiprecision::detail::expression<boost::multiprecision::detail::subtract_immediates, boost::multiprecision::number<boost::multiprecision::backends::rational_adaptor<boost::multiprecision::backends::cpp_int_backend<0ul, 0ul, (boost::multiprecision::cpp_integer_type)1, (boost::multiprecision::cpp_int_check_type)0, std::allocator<unsigned long long> > >, (boost::multiprecision::expression_template_option)1>, boost::multiprecision::number<boost::multiprecision::backends::rational_adaptor<boost::multiprecision::backends::cpp_int_backend<0ul, 0ul, (boost::multiprecision::cpp_integer_type)1, (boost::multiprecision::cpp_int_check_type)0, std::allocator<unsigned long long> > >, (boost::multiprecision::expression_template_option)1>, void, void>, boost::multiprecision::number<boost::multiprecision::backends::rational_adaptor<boost::multiprecision::backends::cpp_int_backend<0ul, 0ul, (boost::multiprecision::cpp_integer_type)1, (boost::multiprecision::cpp_int_check_type)0, std::allocator<unsigned long long> > >, (boost::multiprecision::expression_template_option)1>, void, void>, boost::multiprecision::detail::expression<boost::multiprecision::detail::multiplies, boost::multiprecision::detail::expression<boost::multiprecision::detail::subtract_immediates, boost::multiprecision::number<boost::multiprecision::backends::rational_adaptor<boost::multiprecision::backends::cpp_int_backend<0ul, 0ul, (boost::multiprecision::cpp_integer_type)1, (boost::multiprecision::cpp_int_check_type)0, std::allocator<unsigned long long> > >, (boost::multiprecision::expression_template_option)1>, boost::multiprecision::number<boost::multiprecision::backends::rational_adaptor<boost::multiprecision::backends::cpp_int_backend<0ul, 0ul, (boost::multiprecision::cpp_integer_type)1, (boost::multiprecision::cpp_int_check_type)0, std::allocator<unsigned long long> > >, (boost::multiprecision::expression_template_option)1>, void, void>, boost::multiprecision::number<boost::multiprecision::backends::rational_adaptor<boost::multiprecision::backends::cpp_int_backend<0ul, 0ul, (boost::multiprecision::cpp_integer_type)1, (boost::multiprecision::cpp_int_check_type)0, std::allocator<unsigned long long> > >, (boost::multiprecision::expression_template_option)1>, void, void>, void, void> const&, boost::multiprecision::detail::minus const&) [clone .isra.0]",152304608,0.8845437616387337
"void boost::multiprecision::backends::eval_add_subtract_imp<boost::multiprecision::backends::cpp_int_backend<0ul, 0ul, (boost::multiprecision::cpp_integer_type)1, (boost::multiprecision::cpp_int_check_type)0, std::allocator<unsigned long long> > >(boost::multiprecision::backends::rational_adaptor<boost::multiprecision::backends::cpp_int_backend<0ul, 0ul, (boost::multiprecision::cpp_integer_type)1, (boost::multiprecision::cpp_int_check_type)0, std::allocator<unsigned long long> > >&, boost::multiprecision::backends::rational_adaptor<boost::multiprecision::backends::cpp_int_backend<0ul, 0ul, (boost::multiprecision::cpp_integer_type)1, (boost::multiprecision::cpp_int_check_type)0, std::allocator<unsigned long long> > > const&, boost::multiprecision::backends::rational_adaptor<boost::multiprecision::backends::cpp_int_backend<0ul, 0ul, (boost::multiprecision::cpp_integer_type)1, (boost::multiprecision::cpp_int_check_type)0, std::allocator<unsigned long long> > > const&, bool)","void boost::multiprecision::backends::divide_unsigned_helper<boost::multiprecision::backends::cpp_int_backend<0ul, 0ul, (boost::multiprecision::cpp_integer_type)1, (boost::multiprecision::cpp_int_check_type)0, std::allocator<unsigned long long> >, boost::multiprecision::backends::cpp_int_backend<0ul, 0ul, (boost::multiprecision::cpp_integer_type)1, (boost::multiprecision::cpp_int_check_type)0, std::allocator<unsigned long long> >, boost::multiprecision::backends::cpp_int_backend<0ul, 0ul, (boost::multiprecision::cpp_integer_type)1, (boost::multiprecision::cpp_int_check_type)0, std::allocator<unsigned long long> > >(boost::multiprecision::backends::cpp_int_backend<0ul, 0ul, (boost::multiprecision::cpp_integer_type)1, (boost::multiprecision::cpp_int_check_type)0, std::allocator<unsigned long long> >*, boost::multiprecision::backends::cpp_int_backend<0ul, 0ul, (boost::multiprecision::cpp_integer_type)1, (boost::multiprecision::cpp_int_check_type)0, std::allocator<unsigned long long> > const&, boost::multiprecision::backends::cpp_int_backend<0ul, 0ul, (boost::multiprecision::cpp_integer_type)1, (boost::multiprecision::cpp_int_check_type)0, std::allocator<unsigned long long> > const&, boost::multiprecision::backends::cpp_int_backend<0ul, 0ul, (boost::multiprecision::cpp_integer_type)1, (boost::multiprecision::cpp_int_check_type)0, std::allocator<unsigned long long> >&)",150300600,0.8729050279329609
"ParallelRoam::Algorithms::GreedyTransactionalLod::TransactionalPointwiseQuality::Certify[abi:cxx11](ParallelRoam::Algorithms::GreedyTransactionalLod::TransactionalState const&, ParallelRoam::Algorithms::GreedyTransactionalLod::TransactionalSamples const&, ParallelRoam::Algorithms::GreedyTransactionalLod::Proposal&, bool, ParallelRoam::Algorithms::GreedyTransactionalLod::WorkLedger&)","ParallelRoam::Algorithms::GreedyTransactionalLod::QualityEvaluation::operator*(ParallelRoam::Algorithms::GreedyTransactionalLod::QualityEvaluation::Interval, ParallelRoam::Algorithms::GreedyTransactionalLod::QualityEvaluation::Interval)",138276552,0.803072625698324
"ParallelRoam::Algorithms::GreedyTransactionalLod::TransactionalPointwiseQuality::Certify[abi:cxx11](ParallelRoam::Algorithms::GreedyTransactionalLod::TransactionalState const&, ParallelRoam::Algorithms::GreedyTransactionalLod::TransactionalSamples const&, ParallelRoam::Algorithms::GreedyTransactionalLod::Proposal&, bool, ParallelRoam::Algorithms::GreedyTransactionalLod::WorkLedger&)",ParallelRoam::Algorithms::GreedyTransactionalLod::TransactionalQualitySampleEvidence::ExactReference(),138276552,0.803072625698324
"void boost::multiprecision::backends::cpp_int_backend<0ul, 0ul, (boost::multiprecision::cpp_integer_type)1, (boost::multiprecision::cpp_int_check_type)0, std::allocator<unsigned long long> >::do_assign_float<long double>(long double)",__frexpl,138276552,0.803072625698324
"std::enable_if<((!boost::multiprecision::backends::is_trivial_cpp_int<boost::multiprecision::backends::cpp_int_backend<0ul, 0ul, (boost::multiprecision::cpp_integer_type)1, (boost::multiprecision::cpp_int_check_type)0, std::allocator<unsigned long long> > >::value)&&(!boost::multiprecision::backends::is_trivial_cpp_int<boost::multiprecision::backends::cpp_int_backend<0ul, 0ul, (boost::multiprecision::cpp_integer_type)1, (boost::multiprecision::cpp_int_check_type)0, std::allocator<unsigned long long> > >::value))&&(!boost::multiprecision::backends::is_trivial_cpp_int<boost::multiprecision::backends::cpp_int_backend<0ul, 0ul, (boost::multiprecision::cpp_integer_type)1, (boost::multiprecision::cpp_int_check_type)0, std::allocator<unsigned long long> > >::value), void>::type boost::multiprecision::backends::eval_multiply<0ul, 0ul, (boost::multiprecision::cpp_integer_type)1, (boost::multiprecision::cpp_int_check_type)0, std::allocator<unsigned long long>, 0ul, 0ul, (boost::multiprecision::cpp_integer_type)1, (boost::multiprecision::cpp_int_check_type)0, std::allocator<unsigned long long>, 0ul, 0ul, (boost::multiprecision::cpp_integer_type)1, (boost::multiprecision::cpp_int_check_type)0, std::allocator<unsigned long long> >(boost::multiprecision::backends::cpp_int_backend<0ul, 0ul, (boost::multiprecision::cpp_integer_type)1, (boost::multiprecision::cpp_int_check_type)0, std::allocator<unsigned long long> >&, boost::multiprecision::backends::cpp_int_backend<0ul, 0ul, (boost::multiprecision::cpp_integer_type)1, (boost::multiprecision::cpp_int_check_type)0, std::allocator<unsigned long long> > const&, boost::multiprecision::backends::cpp_int_backend<0ul, 0ul, (boost::multiprecision::cpp_integer_type)1, (boost::multiprecision::cpp_int_check_type)0, std::allocator<unsigned long long> > const&)","boost::multiprecision::backends::cpp_int_base<0ul, 18446744073709551615ul, (boost::multiprecision::cpp_integer_type)1, (boost::multiprecision::cpp_int_check_type)0, std::allocator<unsigned long long>, false>::resize(unsigned long, unsigned long) [clone .isra.0]",134268536,0.7797951582867784
"std::array<ParallelRoam::Algorithms::GreedyTransactionalLod::QualityEvaluation::Interval, 3ul> ParallelRoam::Algorithms::GreedyTransactionalLod::QualityEvaluation::Reference<ParallelRoam::Algorithms::GreedyTransactionalLod::QualityEvaluation::Interval>(ParallelRoam::Algorithms::GreedyTransactionalLod::TransactionalState const&, ParallelRoam::Algorithms::GreedyTransactionalLod::TransactionalSamples const&, unsigned int)",__nextafter,126252504,0.7332402234636871
"ParallelRoam::Algorithms::GreedyTransactionalLod::TransactionalPointwiseQuality::Certify[abi:cxx11](ParallelRoam::Algorithms::GreedyTransactionalLod::TransactionalState const&, ParallelRoam::Algorithms::GreedyTransactionalLod::TransactionalSamples const&, ParallelRoam::Algorithms::GreedyTransactionalLod::Proposal&, bool, ParallelRoam::Algorithms::GreedyTransactionalLod::WorkLedger&)","boost::multiprecision::number<boost::multiprecision::backends::rational_adaptor<boost::multiprecision::backends::cpp_int_backend<0ul, 0ul, (boost::multiprecision::cpp_integer_type)1, (boost::multiprecision::cpp_int_check_type)0, std::allocator<unsigned long long> > >, (boost::multiprecision::expression_template_option)1>::number<boost::multiprecision::detail::subtract_immediates, boost::multiprecision::number<boost::multiprecision::backends::rational_adaptor<boost::multiprecision::backends::cpp_int_backend<0ul, 0ul, (boost::multiprecision::cpp_integer_type)1, (boost::multiprecision::cpp_int_check_type)0, std::allocator<unsigned long long> > >, (boost::multiprecision::expression_template_option)1>, boost::multiprecision::number<boost::multiprecision::backends::rational_adaptor<boost::multiprecision::backends::cpp_int_backend<0ul, 0ul, (boost::multiprecision::cpp_integer_type)1, (boost::multiprecision::cpp_int_check_type)0, std::allocator<unsigned long long> > >, (boost::multiprecision::expression_template_option)1>, void, void>(boost::multiprecision::detail::expression<boost::multiprecision::detail::subtract_immediates, boost::multiprecision::number<boost::multiprecision::backends::rational_adaptor<boost::multiprecision::backends::cpp_int_backend<0ul, 0ul, (boost::multiprecision::cpp_integer_type)1, (boost::multiprecision::cpp_int_check_type)0, std::allocator<unsigned long long> > >, (boost::multiprecision::expression_template_option)1>, boost::multiprecision::number<boost::multiprecision::backends::rational_adaptor<boost::multiprecision::backends::cpp_int_backend<0ul, 0ul, (boost::multiprecision::cpp_integer_type)1, (boost::multiprecision::cpp_int_check_type)0, std::allocator<unsigned long long> > >, (boost::multiprecision::expression_template_option)1>, void, void> const&, std::enable_if<std::is_convertible<boost::multiprecision::detail::expression<boost::multiprecision::detail::subtract_immediates, boost::multiprecision::number<boost::multiprecision::backends::rational_adaptor<boost::multiprecision::backends::cpp_int_backend<0ul, 0ul, (boost::multiprecision::cpp_integer_type)1, (boost::multiprecision::cpp_int_check_type)0, std::allocator<unsigned long long> > >, (boost::multiprecision::expression_template_option)1>, boost::multiprecision::number<boost::multiprecision::backends::rational_adaptor<boost::multiprecision::backends::cpp_int_backend<0ul, 0ul, (boost::multiprecision::cpp_integer_type)1, (boost::multiprecision::cpp_int_check_type)0, std::allocator<unsigned long long> > >, (boost::multiprecision::expression_template_option)1>, void, void>::result_type, boost::multiprecision::number<boost::multiprecision::backends::rational_adaptor<boost::multiprecision::backends::cpp_int_backend<0ul, 0ul, (boost::multiprecision::cpp_integer_type)1, (boost::multiprecision::cpp_int_check_type)0, std::allocator<unsigned long long> > >, (boost::multiprecision::expression_template_option)1> >::value, void>::type*)",124248496,0.7216014897579144
"ParallelRoam::Algorithms::GreedyTransactionalLod::TransactionalQualityFaceEvidence::Coefficients<boost::multiprecision::number<boost::multiprecision::backends::rational_adaptor<boost::multiprecision::backends::cpp_int_backend<0ul, 0ul, (boost::multiprecision::cpp_integer_type)1, (boost::multiprecision::cpp_int_check_type)0, std::allocator<unsigned long long> > >, (boost::multiprecision::expression_template_option)1> > ParallelRoam::Algorithms::GreedyTransactionalLod::TransactionalQualityFaceEvidence::Prepare<boost::multiprecision::number<boost::multiprecision::backends::rational_adaptor<boost::multiprecision::backends::cpp_int_backend<0ul, 0ul, (boost::multiprecision::cpp_integer_type)1, (boost::multiprecision::cpp_int_check_type)0, std::allocator<unsigned long long> > >, (boost::multiprecision::expression_template_option)1> >() const","std::enable_if<std::is_floating_point<long double>::value, boost::multiprecision::backends::rational_adaptor<boost::multiprecision::backends::cpp_int_backend<0ul, 0ul, (boost::multiprecision::cpp_integer_type)1, (boost::multiprecision::cpp_int_check_type)0, std::allocator<unsigned long long> > >&>::type boost::multiprecision::backends::rational_adaptor<boost::multiprecision::backends::cpp_int_backend<0ul, 0ul, (boost::multiprecision::cpp_integer_type)1, (boost::multiprecision::cpp_int_check_type)0, std::allocator<unsigned long long> > >::operator=<long double>(long double) [clone .isra.0]",124248496,0.7216014897579144
"std::enable_if<std::is_floating_point<long double>::value, boost::multiprecision::backends::rational_adaptor<boost::multiprecision::backends::cpp_int_backend<0ul, 0ul, (boost::multiprecision::cpp_integer_type)1, (boost::multiprecision::cpp_int_check_type)0, std::allocator<unsigned long long> > >&>::type boost::multiprecision::backends::rational_adaptor<boost::multiprecision::backends::cpp_int_backend<0ul, 0ul, (boost::multiprecision::cpp_integer_type)1, (boost::multiprecision::cpp_int_check_type)0, std::allocator<unsigned long long> > >::operator=<long double>(long double) [clone .isra.0]",__frexpl,120240480,0.6983240223463687
"std::array<boost::multiprecision::number<boost::multiprecision::backends::rational_adaptor<boost::multiprecision::backends::cpp_int_backend<0ul, 0ul, (boost::multiprecision::cpp_integer_type)1, (boost::multiprecision::cpp_int_check_type)0, std::allocator<unsigned long long> > >, (boost::multiprecision::expression_template_option)1>, 2ul> ParallelRoam::Algorithms::GreedyTransactionalLod::QualityEvaluation::Coordinate<boost::multiprecision::number<boost::multiprecision::backends::rational_adaptor<boost::multiprecision::backends::cpp_int_backend<0ul, 0ul, (boost::multiprecision::cpp_integer_type)1, (boost::multiprecision::cpp_int_check_type)0, std::allocator<unsigned long long> > >, (boost::multiprecision::expression_template_option)1> >(std::array<boost::multiprecision::number<boost::multiprecision::backends::rational_adaptor<boost::multiprecision::backends::cpp_int_backend<0ul, 0ul, (boost::multiprecision::cpp_integer_type)1, (boost::multiprecision::cpp_int_check_type)0, std::allocator<unsigned long long> > >, (boost::multiprecision::expression_template_option)1>, 3ul> const&, ParallelRoam::Algorithms::GreedyTransactionalLod::Configuration const&, bool)","std::enable_if<std::is_floating_point<long double>::value, boost::multiprecision::backends::rational_adaptor<boost::multiprecision::backends::cpp_int_backend<0ul, 0ul, (boost::multiprecision::cpp_integer_type)1, (boost::multiprecision::cpp_int_check_type)0, std::allocator<unsigned long long> > >&>::type boost::multiprecision::backends::rational_adaptor<boost::multiprecision::backends::cpp_int_backend<0ul, 0ul, (boost::multiprecision::cpp_integer_type)1, (boost::multiprecision::cpp_int_check_type)0, std::allocator<unsigned long long> > >::operator=<long double>(long double) [clone .isra.0]",120240480,0.6983240223463687
"std::enable_if<std::is_floating_point<long double>::value, boost::multiprecision::backends::rational_adaptor<boost::multiprecision::backends::cpp_int_backend<0ul, 0ul, (boost::multiprecision::cpp_integer_type)1, (boost::multiprecision::cpp_int_check_type)0, std::allocator<unsigned long long> > >&>::type boost::multiprecision::backends::rational_adaptor<boost::multiprecision::backends::cpp_int_backend<0ul, 0ul, (boost::multiprecision::cpp_integer_type)1, (boost::multiprecision::cpp_int_check_type)0, std::allocator<unsigned long long> > >::operator=<long double>(long double) [clone .isra.0]","void boost::multiprecision::backends::divide_unsigned_helper<boost::multiprecision::backends::cpp_int_backend<0ul, 0ul, (boost::multiprecision::cpp_integer_type)1, (boost::multiprecision::cpp_int_check_type)0, std::allocator<unsigned long long> >, boost::multiprecision::backends::cpp_int_backend<0ul, 0ul, (boost::multiprecision::cpp_integer_type)1, (boost::multiprecision::cpp_int_check_type)0, std::allocator<unsigned long long> >, boost::multiprecision::backends::cpp_int_backend<0ul, 0ul, (boost::multiprecision::cpp_integer_type)1, (boost::multiprecision::cpp_int_check_type)0, std::allocator<unsigned long long> > >(boost::multiprecision::backends::cpp_int_backend<0ul, 0ul, (boost::multiprecision::cpp_integer_type)1, (boost::multiprecision::cpp_int_check_type)0, std::allocator<unsigned long long> >*, boost::multiprecision::backends::cpp_int_backend<0ul, 0ul, (boost::multiprecision::cpp_integer_type)1, (boost::multiprecision::cpp_int_check_type)0, std::allocator<unsigned long long> > const&, boost::multiprecision::backends::cpp_int_backend<0ul, 0ul, (boost::multiprecision::cpp_integer_type)1, (boost::multiprecision::cpp_int_check_type)0, std::allocator<unsigned long long> > const&, boost::multiprecision::backends::cpp_int_backend<0ul, 0ul, (boost::multiprecision::cpp_integer_type)1, (boost::multiprecision::cpp_int_check_type)0, std::allocator<unsigned long long> >&)",116232464,0.6750465549348231
"void boost::multiprecision::backends::cpp_int_backend<0ul, 0ul, (boost::multiprecision::cpp_integer_type)1, (boost::multiprecision::cpp_int_check_type)0, std::allocator<unsigned long long> >::do_assign_float<long double>(long double)",__wrap_scalbnl,116232464,0.6750465549348231
"void boost::multiprecision::number<boost::multiprecision::backends::rational_adaptor<boost::multiprecision::backends::cpp_int_backend<0ul, 0ul, (boost::multiprecision::cpp_integer_type)1, (boost::multiprecision::cpp_int_check_type)0, std::allocator<unsigned long long> > >, (boost::multiprecision::expression_template_option)1>::do_assign<boost::multiprecision::detail::expression<boost::multiprecision::detail::multiplies, boost::multiprecision::detail::expression<boost::multiprecision::detail::subtract_immediates, boost::multiprecision::number<boost::multiprecision::backends::rational_adaptor<boost::multiprecision::backends::cpp_int_backend<0ul, 0ul, (boost::multiprecision::cpp_integer_type)1, (boost::multiprecision::cpp_int_check_type)0, std::allocator<unsigned long long> > >, (boost::multiprecision::expression_template_option)1>, boost::multiprecision::number<boost::multiprecision::backends::rational_adaptor<boost::multiprecision::backends::cpp_int_backend<0ul, 0ul, (boost::multiprecision::cpp_integer_type)1, (boost::multiprecision::cpp_int_check_type)0, std::allocator<unsigned long long> > >, (boost::multiprecision::expression_template_option)1>, void, void>, boost::multiprecision::detail::expression<boost::multiprecision::detail::subtract_immediates, boost::multiprecision::number<boost::multiprecision::backends::rational_adaptor<boost::multiprecision::backends::cpp_int_backend<0ul, 0ul, (boost::multiprecision::cpp_integer_type)1, (boost::multiprecision::cpp_int_check_type)0, std::allocator<unsigned long long> > >, (boost::multiprecision::expression_template_option)1>, boost::multiprecision::number<boost::multiprecision::backends::rational_adaptor<boost::multiprecision::backends::cpp_int_backend<0ul, 0ul, (boost::multiprecision::cpp_integer_type)1, (boost::multiprecision::cpp_int_check_type)0, std::allocator<unsigned long long> > >, (boost::multiprecision::expression_template_option)1>, void, void>, void, void> >(boost::multiprecision::detail::expression<boost::multiprecision::detail::multiplies, boost::multiprecision::detail::expression<boost::multiprecision::detail::subtract_immediates, boost::multiprecision::number<boost::multiprecision::backends::rational_adaptor<boost::multiprecision::backends::cpp_int_backend<0ul, 0ul, (boost::multiprecision::cpp_integer_type)1, (boost::multiprecision::cpp_int_check_type)0, std::allocator<unsigned long long> > >, (boost::multiprecision::expression_template_option)1>, boost::multiprecision::number<boost::multiprecision::backends::rational_adaptor<boost::multiprecision::backends::cpp_int_backend<0ul, 0ul, (boost::multiprecision::cpp_integer_type)1, (boost::multiprecision::cpp_int_check_type)0, std::allocator<unsigned long long> > >, (boost::multiprecision::expression_template_option)1>, void, void>, boost::multiprecision::detail::expression<boost::multiprecision::detail::subtract_immediates, boost::multiprecision::number<boost::multiprecision::backends::rational_adaptor<boost::multiprecision::backends::cpp_int_backend<0ul, 0ul, (boost::multiprecision::cpp_integer_type)1, (boost::multiprecision::cpp_int_check_type)0, std::allocator<unsigned long long> > >, (boost::multiprecision::expression_template_option)1>, boost::multiprecision::number<boost::multiprecision::backends::rational_adaptor<boost::multiprecision::backends::cpp_int_backend<0ul, 0ul, (boost::multiprecision::cpp_integer_type)1, (boost::multiprecision::cpp_int_check_type)0, std::allocator<unsigned long long> > >, (boost::multiprecision::expression_template_option)1>, void, void>, void, void> const&, boost::multiprecision::detail::multiplies const&) [clone .isra.0]","void boost::multiprecision::backends::eval_add_subtract_imp<boost::multiprecision::backends::cpp_int_backend<0ul, 0ul, (boost::multiprecision::cpp_integer_type)1, (boost::multiprecision::cpp_int_check_type)0, std::allocator<unsigned long long> > >(boost::multiprecision::backends::rational_adaptor<boost::multiprecision::backends::cpp_int_backend<0ul, 0ul, (boost::multiprecision::cpp_integer_type)1, (boost::multiprecision::cpp_int_check_type)0, std::allocator<unsigned long long> > >&, boost::multiprecision::backends::rational_adaptor<boost::multiprecision::backends::cpp_int_backend<0ul, 0ul, (boost::multiprecision::cpp_integer_type)1, (boost::multiprecision::cpp_int_check_type)0, std::allocator<unsigned long long> > > const&, boost::multiprecision::backends::rational_adaptor<boost::multiprecision::backends::cpp_int_backend<0ul, 0ul, (boost::multiprecision::cpp_integer_type)1, (boost::multiprecision::cpp_int_check_type)0, std::allocator<unsigned long long> > > const&, bool)",112224448,0.6517690875232774
"ParallelRoam::Algorithms::GreedyTransactionalLod::TransactionalPointwiseQuality::Certify[abi:cxx11](ParallelRoam::Algorithms::GreedyTransactionalLod::TransactionalState const&, ParallelRoam::Algorithms::GreedyTransactionalLod::TransactionalSamples const&, ParallelRoam::Algorithms::GreedyTransactionalLod::Proposal&, bool, ParallelRoam::Algorithms::GreedyTransactionalLod::WorkLedger&)","std::enable_if<std::is_floating_point<long double>::value, boost::multiprecision::backends::rational_adaptor<boost::multiprecision::backends::cpp_int_backend<0ul, 0ul, (boost::multiprecision::cpp_integer_type)1, (boost::multiprecision::cpp_int_check_type)0, std::allocator<unsigned long long> > >&>::type boost::multiprecision::backends::rational_adaptor<boost::multiprecision::backends::cpp_int_backend<0ul, 0ul, (boost::multiprecision::cpp_integer_type)1, (boost::multiprecision::cpp_int_check_type)0, std::allocator<unsigned long long> > >::operator=<long double>(long double) [clone .isra.0]",108216432,0.6284916201117319
"ParallelRoam::Algorithms::GreedyTransactionalLod::QualityEvaluation::Area(std::array<ParallelRoam::Algorithms::GreedyTransactionalLod::Point, 3ul> const&)","std::enable_if<std::is_floating_point<long double>::value, boost::multiprecision::backends::rational_adaptor<boost::multiprecision::backends::cpp_int_backend<0ul, 0ul, (boost::multiprecision::cpp_integer_type)1, (boost::multiprecision::cpp_int_check_type)0, std::allocator<unsigned long long> > >&>::type boost::multiprecision::backends::rational_adaptor<boost::multiprecision::backends::cpp_int_backend<0ul, 0ul, (boost::multiprecision::cpp_integer_type)1, (boost::multiprecision::cpp_int_check_type)0, std::allocator<unsigned long long> > >::operator=<long double>(long double) [clone .isra.0]",106212424,0.616852886405959
"std::enable_if<std::is_convertible<boost::multiprecision::detail::expression<boost::multiprecision::detail::minus, boost::multiprecision::detail::expression<boost::multiprecision::detail::divide_immediates, boost::multiprecision::number<boost::multiprecision::backends::rational_adaptor<boost::multiprecision::backends::cpp_int_backend<0ul, 0ul, (boost::multiprecision::cpp_integer_type)1, (boost::multiprecision::cpp_int_check_type)0, std::allocator<unsigned long long> > >, (boost::multiprecision::expression_template_option)1>, boost::multiprecision::number<boost::multiprecision::backends::rational_adaptor<boost::multiprecision::backends::cpp_int_backend<0ul, 0ul, (boost::multiprecision::cpp_integer_type)1, (boost::multiprecision::cpp_int_check_type)0, std::allocator<unsigned long long> > >, (boost::multiprecision::expression_template_option)1>, void, void>, boost::multiprecision::detail::expression<boost::multiprecision::detail::divide_immediates, boost::multiprecision::number<boost::multiprecision::backends::rational_adaptor<boost::multiprecision::backends::cpp_int_backend<0ul, 0ul, (boost::multiprecision::cpp_integer_type)1, (boost::multiprecision::cpp_int_check_type)0, std::allocator<unsigned long long> > >, (boost::multiprecision::expression_template_option)1>, boost::multiprecision::number<boost::multiprecision::backends::rational_adaptor<boost::multiprecision::backends::cpp_int_backend<0ul, 0ul, (boost::multiprecision::cpp_integer_type)1, (boost::multiprecision::cpp_int_check_type)0, std::allocator<unsigned long long> > >, (boost::multiprecision::expression_template_option)1>, void, void>, void, void>::result_type, boost::multiprecision::number<boost::multiprecision::backends::rational_adaptor<boost::multiprecision::backends::cpp_int_backend<0ul, 0ul, (boost::multiprecision::cpp_integer_type)1, (boost::multiprecision::cpp_int_check_type)0, std::allocator<unsigned long long> > >, (boost::multiprecision::expression_template_option)1> >::value, boost::multiprecision::number<boost::multiprecision::backends::rational_adaptor<boost::multiprecision::backends::cpp_int_backend<0ul, 0ul, (boost::multiprecision::cpp_integer_type)1, (boost::multiprecision::cpp_int_check_type)0, std::allocator<unsigned long long> > >, (boost::multiprecision::expression_template_option)1>&>::type boost::multiprecision::number<boost::multiprecision::backends::rational_adaptor<boost::multiprecision::backends::cpp_int_backend<0ul, 0ul, (boost::multiprecision::cpp_integer_type)1, (boost::multiprecision::cpp_int_check_type)0, std::allocator<unsigned long long> > >, (boost::multiprecision::expression_template_option)1>::operator*=<boost::multiprecision::detail::minus, boost::multiprecision::detail::expression<boost::multiprecision::detail::divide_immediates, boost::multiprecision::number<boost::multiprecision::backends::rational_adaptor<boost::multiprecision::backends::cpp_int_backend<0ul, 0ul, (boost::multiprecision::cpp_integer_type)1, (boost::multiprecision::cpp_int_check_type)0, std::allocator<unsigned long long> > >, (boost::multiprecision::expression_template_option)1>, boost::multiprecision::number<boost::multiprecision::backends::rational_adaptor<boost::multiprecision::backends::cpp_int_backend<0ul, 0ul, (boost::multiprecision::cpp_integer_type)1, (boost::multiprecision::cpp_int_check_type)0, std::allocator<unsigned long long> > >, (boost::multiprecision::expression_template_option)1>, void, void>, boost::multiprecision::detail::expression<boost::multiprecision::detail::divide_immediates, boost::multiprecision::number<boost::multiprecision::backends::rational_adaptor<boost::multiprecision::backends::cpp_int_backend<0ul, 0ul, (boost::multiprecision::cpp_integer_type)1, (boost::multiprecision::cpp_int_check_type)0, std::allocator<unsigned long long> > >, (boost::multiprecision::expression_template_option)1>, boost::multiprecision::number<boost::multiprecision::backends::rational_adaptor<boost::multiprecision::backends::cpp_int_backend<0ul, 0ul, (boost::multiprecision::cpp_integer_type)1, (boost::multiprecision::cpp_int_check_type)0, std::allocator<unsigned long long> > >, (boost::multiprecision::expression_template_option)1>, void, void>, void, void>(boost::multiprecision::detail::expression<boost::multiprecision::detail::minus, boost::multiprecision::detail::expression<boost::multiprecision::detail::divide_immediates, boost::multiprecision::number<boost::multiprecision::backends::rational_adaptor<boost::multiprecision::backends::cpp_int_backend<0ul, 0ul, (boost::multiprecision::cpp_integer_type)1, (boost::multiprecision::cpp_int_check_type)0, std::allocator<unsigned long long> > >, (boost::multiprecision::expression_template_option)1>, boost::multiprecision::number<boost::multiprecision::backends::rational_adaptor<boost::multiprecision::backends::cpp_int_backend<0ul, 0ul, (boost::multiprecision::cpp_integer_type)1, (boost::multiprecision::cpp_int_check_type)0, std::allocator<unsigned long long> > >, (boost::multiprecision::expression_template_option)1>, void, void>, boost::multiprecision::detail::expression<boost::multiprecision::detail::divide_immediates, boost::multiprecision::number<boost::multiprecision::backends::rational_adaptor<boost::multiprecision::backends::cpp_int_backend<0ul, 0ul, (boost::multiprecision::cpp_integer_type)1, (boost::multiprecision::cpp_int_check_type)0, std::allocator<unsigned long long> > >, (boost::multiprecision::expression_template_option)1>, boost::multiprecision::number<boost::multiprecision::backends::rational_adaptor<boost::multiprecision::backends::cpp_int_backend<0ul, 0ul, (boost::multiprecision::cpp_integer_type)1, (boost::multiprecision::cpp_int_check_type)0, std::allocator<unsigned long long> > >, (boost::multiprecision::expression_template_option)1>, void, void>, void, void> const&) [clone .isra.0]","void boost::multiprecision::backends::eval_add_subtract_imp<boost::multiprecision::backends::cpp_int_backend<0ul, 0ul, (boost::multiprecision::cpp_integer_type)1, (boost::multiprecision::cpp_int_check_type)0, std::allocator<unsigned long long> > >(boost::multiprecision::backends::rational_adaptor<boost::multiprecision::backends::cpp_int_backend<0ul, 0ul, (boost::multiprecision::cpp_integer_type)1, (boost::multiprecision::cpp_int_check_type)0, std::allocator<unsigned long long> > >&, boost::multiprecision::backends::rational_adaptor<boost::multiprecision::backends::cpp_int_backend<0ul, 0ul, (boost::multiprecision::cpp_integer_type)1, (boost::multiprecision::cpp_int_check_type)0, std::allocator<unsigned long long> > > const&, boost::multiprecision::backends::rational_adaptor<boost::multiprecision::backends::cpp_int_backend<0ul, 0ul, (boost::multiprecision::cpp_integer_type)1, (boost::multiprecision::cpp_int_check_type)0, std::allocator<unsigned long long> > > const&, bool)",106212424,0.616852886405959
"ParallelRoam::Algorithms::GreedyTransactionalLod::TransactionalPipeline::Apply(ParallelRoam::Algorithms::GreedyTransactionalLod::CertifiedBatch const&, ParallelRoam::Algorithms::GreedyTransactionalLod::WorkLedger&)","ParallelRoam::Algorithms::GreedyTransactionalLod::TransactionalPointwiseQuality::ValidateBatch(ParallelRoam::Algorithms::GreedyTransactionalLod::TransactionalState const&, ParallelRoam::Algorithms::GreedyTransactionalLod::TransactionalSamples const&, ParallelRoam::Algorithms::GreedyTransactionalLod::CertifiedBatch const&, ParallelRoam::Algorithms::GreedyTransactionalLod::WorkLedger&)",106212424,0.616852886405959
"boost::multiprecision::number<boost::multiprecision::backends::rational_adaptor<boost::multiprecision::backends::cpp_int_backend<0ul, 0ul, (boost::multiprecision::cpp_integer_type)1, (boost::multiprecision::cpp_int_check_type)0, std::allocator<unsigned long long> > >, (boost::multiprecision::expression_template_option)1>::number<boost::multiprecision::detail::subtract_immediates, boost::multiprecision::number<boost::multiprecision::backends::rational_adaptor<boost::multiprecision::backends::cpp_int_backend<0ul, 0ul, (boost::multiprecision::cpp_integer_type)1, (boost::multiprecision::cpp_int_check_type)0, std::allocator<unsigned long long> > >, (boost::multiprecision::expression_template_option)1>, boost::multiprecision::number<boost::multiprecision::backends::rational_adaptor<boost::multiprecision::backends::cpp_int_backend<0ul, 0ul, (boost::multiprecision::cpp_integer_type)1, (boost::multiprecision::cpp_int_check_type)0, std::allocator<unsigned long long> > >, (boost::multiprecision::expression_template_option)1>, void, void>(boost::multiprecision::detail::expression<boost::multiprecision::detail::subtract_immediates, boost::multiprecision::number<boost::multiprecision::backends::rational_adaptor<boost::multiprecision::backends::cpp_int_backend<0ul, 0ul, (boost::multiprecision::cpp_integer_type)1, (boost::multiprecision::cpp_int_check_type)0, std::allocator<unsigned long long> > >, (boost::multiprecision::expression_template_option)1>, boost::multiprecision::number<boost::multiprecision::backends::rational_adaptor<boost::multiprecision::backends::cpp_int_backend<0ul, 0ul, (boost::multiprecision::cpp_integer_type)1, (boost::multiprecision::cpp_int_check_type)0, std::allocator<unsigned long long> > >, (boost::multiprecision::expression_template_option)1>, void, void> const&, std::enable_if<std::is_convertible<boost::multiprecision::detail::expression<boost::multiprecision::detail::subtract_immediates, boost::multiprecision::number<boost::multiprecision::backends::rational_adaptor<boost::multiprecision::backends::cpp_int_backend<0ul, 0ul, (boost::multiprecision::cpp_integer_type)1, (boost::multiprecision::cpp_int_check_type)0, std::allocator<unsigned long long> > >, (boost::multiprecision::expression_template_option)1>, boost::multiprecision::number<boost::multiprecision::backends::rational_adaptor<boost::multiprecision::backends::cpp_int_backend<0ul, 0ul, (boost::multiprecision::cpp_integer_type)1, (boost::multiprecision::cpp_int_check_type)0, std::allocator<unsigned long long> > >, (boost::multiprecision::expression_template_option)1>, void, void>::result_type, boost::multiprecision::number<boost::multiprecision::backends::rational_adaptor<boost::multiprecision::backends::cpp_int_backend<0ul, 0ul, (boost::multiprecision::cpp_integer_type)1, (boost::multiprecision::cpp_int_check_type)0, std::allocator<unsigned long long> > >, (boost::multiprecision::expression_template_option)1> >::value, void>::type*)","void boost::multiprecision::backends::eval_add_subtract_imp<boost::multiprecision::backends::cpp_int_backend<0ul, 0ul, (boost::multiprecision::cpp_integer_type)1, (boost::multiprecision::cpp_int_check_type)0, std::allocator<unsigned long long> > >(boost::multiprecision::backends::rational_adaptor<boost::multiprecision::backends::cpp_int_backend<0ul, 0ul, (boost::multiprecision::cpp_integer_type)1, (boost::multiprecision::cpp_int_check_type)0, std::allocator<unsigned long long> > >&, boost::multiprecision::backends::rational_adaptor<boost::multiprecision::backends::cpp_int_backend<0ul, 0ul, (boost::multiprecision::cpp_integer_type)1, (boost::multiprecision::cpp_int_check_type)0, std::allocator<unsigned long long> > > const&, boost::multiprecision::backends::rational_adaptor<boost::multiprecision::backends::cpp_int_backend<0ul, 0ul, (boost::multiprecision::cpp_integer_type)1, (boost::multiprecision::cpp_int_check_type)0, std::allocator<unsigned long long> > > const&, bool)",102204408,0.5935754189944135
"ParallelRoam::Algorithms::GreedyTransactionalLod::TransactionalQualityFaceEvidence::ExactSide(unsigned long, std::array<boost::multiprecision::number<boost::multiprecision::backends::rational_adaptor<boost::multiprecision::backends::cpp_int_backend<0ul, 0ul, (boost::multiprecision::cpp_integer_type)1, (boost::multiprecision::cpp_int_check_type)0, std::allocator<unsigned long long> > >, (boost::multiprecision::expression_template_option)1>, 2ul> const&)","void boost::multiprecision::backends::eval_multiply_imp<boost::multiprecision::backends::cpp_int_backend<0ul, 0ul, (boost::multiprecision::cpp_integer_type)1, (boost::multiprecision::cpp_int_check_type)0, std::allocator<unsigned long long> > >(boost::multiprecision::backends::rational_adaptor<boost::multiprecision::backends::cpp_int_backend<0ul, 0ul, (boost::multiprecision::cpp_integer_type)1, (boost::multiprecision::cpp_int_check_type)0, std::allocator<unsigned long long> > >&, boost::multiprecision::backends::rational_adaptor<boost::multiprecision::backends::cpp_int_backend<0ul, 0ul, (boost::multiprecision::cpp_integer_type)1, (boost::multiprecision::cpp_int_check_type)0, std::allocator<unsigned long long> > > const&, boost::multiprecision::backends::cpp_int_backend<0ul, 0ul, (boost::multiprecision::cpp_integer_type)1, (boost::multiprecision::cpp_int_check_type)0, std::allocator<unsigned long long> > const&, boost::multiprecision::backends::cpp_int_backend<0ul, 0ul, (boost::multiprecision::cpp_integer_type)1, (boost::multiprecision::cpp_int_check_type)0, std::allocator<unsigned long long> > const&)",100200400,0.5819366852886406
"ParallelRoam::Algorithms::GreedyTransactionalLod::QualityEvaluation::SameInterface(ParallelRoam::Algorithms::GreedyTransactionalLod::TransactionalState const&, ParallelRoam::Algorithms::GreedyTransactionalLod::Proposal const&, bool, std::vector<std::array<ParallelRoam::Algorithms::GreedyTransactionalLod::Point, 3ul>, std::allocator<std::array<ParallelRoam::Algorithms::GreedyTransactionalLod::Point, 3ul> > > const&, std::vector<std::array<ParallelRoam::Algorithms::GreedyTransactionalLod::Point, 3ul>, std::allocator<std::array<ParallelRoam::Algorithms::GreedyTransactionalLod::Point, 3ul> > > const&)","void boost::multiprecision::backends::eval_add_subtract_imp<boost::multiprecision::backends::cpp_int_backend<0ul, 0ul, (boost::multiprecision::cpp_integer_type)1, (boost::multiprecision::cpp_int_check_type)0, std::allocator<unsigned long long> > >(boost::multiprecision::backends::rational_adaptor<boost::multiprecision::backends::cpp_int_backend<0ul, 0ul, (boost::multiprecision::cpp_integer_type)1, (boost::multiprecision::cpp_int_check_type)0, std::allocator<unsigned long long> > >&, boost::multiprecision::backends::rational_adaptor<boost::multiprecision::backends::cpp_int_backend<0ul, 0ul, (boost::multiprecision::cpp_integer_type)1, (boost::multiprecision::cpp_int_check_type)0, std::allocator<unsigned long long> > > const&, boost::multiprecision::backends::rational_adaptor<boost::multiprecision::backends::cpp_int_backend<0ul, 0ul, (boost::multiprecision::cpp_integer_type)1, (boost::multiprecision::cpp_int_check_type)0, std::allocator<unsigned long long> > > const&, bool)",98196392,0.5702979515828678
"ParallelRoam::Algorithms::GreedyTransactionalLod::TransactionalPointwiseQuality::Certify[abi:cxx11](ParallelRoam::Algorithms::GreedyTransactionalLod::TransactionalState const&, ParallelRoam::Algorithms::GreedyTransactionalLod::TransactionalSamples const&, ParallelRoam::Algorithms::GreedyTransactionalLod::Proposal&, bool, ParallelRoam::Algorithms::GreedyTransactionalLod::WorkLedger&)","void std::__introsort_loop<__gnu_cxx::__normal_iterator<unsigned int*, std::vector<unsigned int, std::allocator<unsigned int> > >, long, __gnu_cxx::__ops::_Iter_less_iter>(__gnu_cxx::__normal_iterator<unsigned int*, std::vector<unsigned int, std::allocator<unsigned int> > >, __gnu_cxx::__normal_iterator<unsigned int*, std::vector<unsigned int, std::allocator<unsigned int> > >, long, __gnu_cxx::__ops::_Iter_less_iter) [clone .isra.0]",98196392,0.5702979515828678
ParallelRoam::Algorithms::GreedyTransactionalLod::TransactionalQualitySampleEvidence::VisibilityAgrees(),"std::array<ParallelRoam::Algorithms::GreedyTransactionalLod::QualityEvaluation::Interval, 4ul> ParallelRoam::Algorithms::GreedyTransactionalLod::QualityEvaluation::Clip<ParallelRoam::Algorithms::GreedyTransactionalLod::QualityEvaluation::Interval>(ParallelRoam::Algorithms::GreedyTransactionalLod::Configuration const&, ParallelRoam::Algorithms::GreedyTransactionalLod::QualityEvaluation::Interval const&, ParallelRoam::Algorithms::GreedyTransactionalLod::QualityEvaluation::Interval const&, ParallelRoam::Algorithms::GreedyTransactionalLod::QualityEvaluation::Interval const&)",98196392,0.5702979515828678
"void boost::multiprecision::backends::eval_add_subtract_imp<boost::multiprecision::backends::cpp_int_backend<0ul, 0ul, (boost::multiprecision::cpp_integer_type)1, (boost::multiprecision::cpp_int_check_type)0, std::allocator<unsigned long long> > >(boost::multiprecision::backends::rational_adaptor<boost::multiprecision::backends::cpp_int_backend<0ul, 0ul, (boost::multiprecision::cpp_integer_type)1, (boost::multiprecision::cpp_int_check_type)0, std::allocator<unsigned long long> > >&, boost::multiprecision::backends::rational_adaptor<boost::multiprecision::backends::cpp_int_backend<0ul, 0ul, (boost::multiprecision::cpp_integer_type)1, (boost::multiprecision::cpp_int_check_type)0, std::allocator<unsigned long long> > > const&, boost::multiprecision::backends::rational_adaptor<boost::multiprecision::backends::cpp_int_backend<0ul, 0ul, (boost::multiprecision::cpp_integer_type)1, (boost::multiprecision::cpp_int_check_type)0, std::allocator<unsigned long long> > > const&, bool)","void boost::multiprecision::backends::subtract_unsigned<boost::multiprecision::backends::cpp_int_backend<0ul, 0ul, (boost::multiprecision::cpp_integer_type)1, (boost::multiprecision::cpp_int_check_type)0, std::allocator<unsigned long long> >, boost::multiprecision::backends::cpp_int_backend<0ul, 0ul, (boost::multiprecision::cpp_integer_type)1, (boost::multiprecision::cpp_int_check_type)0, std::allocator<unsigned long long> >, boost::multiprecision::backends::cpp_int_backend<0ul, 0ul, (boost::multiprecision::cpp_integer_type)1, (boost::multiprecision::cpp_int_check_type)0, std::allocator<unsigned long long> > >(boost::multiprecision::backends::cpp_int_backend<0ul, 0ul, (boost::multiprecision::cpp_integer_type)1, (boost::multiprecision::cpp_int_check_type)0, std::allocator<unsigned long long> >&, boost::multiprecision::backends::cpp_int_backend<0ul, 0ul, (boost::multiprecision::cpp_integer_type)1, (boost::multiprecision::cpp_int_check_type)0, std::allocator<unsigned long long> > const&, boost::multiprecision::backends::cpp_int_backend<0ul, 0ul, (boost::multiprecision::cpp_integer_type)1, (boost::multiprecision::cpp_int_check_type)0, std::allocator<unsigned long long> > const&)",98196392,0.5702979515828678
"std::array<boost::multiprecision::number<boost::multiprecision::backends::rational_adaptor<boost::multiprecision::backends::cpp_int_backend<0ul, 0ul, (boost::multiprecision::cpp_integer_type)1, (boost::multiprecision::cpp_int_check_type)0, std::allocator<unsigned long long> > >, (boost::multiprecision::expression_template_option)1>, 3ul> ParallelRoam::Algorithms::GreedyTransactionalLod::QualityEvaluation::Reference<boost::multiprecision::number<boost::multiprecision::backends::rational_adaptor<boost::multiprecision::backends::cpp_int_backend<0ul, 0ul, (boost::multiprecision::cpp_integer_type)1, (boost::multiprecision::cpp_int_check_type)0, std::allocator<unsigned long long> > >, (boost::multiprecision::expression_template_option)1> >(ParallelRoam::Algorithms::GreedyTransactionalLod::TransactionalState const&, ParallelRoam::Algorithms::GreedyTransactionalLod::TransactionalSamples const&, unsigned int)","std::enable_if<std::is_floating_point<long double>::value, boost::multiprecision::backends::rational_adaptor<boost::multiprecision::backends::cpp_int_backend<0ul, 0ul, (boost::multiprecision::cpp_integer_type)1, (boost::multiprecision::cpp_int_check_type)0, std::allocator<unsigned long long> > >&>::type boost::multiprecision::backends::rational_adaptor<boost::multiprecision::backends::cpp_int_backend<0ul, 0ul, (boost::multiprecision::cpp_integer_type)1, (boost::multiprecision::cpp_int_check_type)0, std::allocator<unsigned long long> > >::operator=<long double>(long double) [clone .isra.0]",94188376,0.5470204841713222
"ParallelRoam::Algorithms::GreedyTransactionalLod::TransactionalPointwiseQuality::Certify[abi:cxx11](ParallelRoam::Algorithms::GreedyTransactionalLod::TransactionalState const&, ParallelRoam::Algorithms::GreedyTransactionalLod::TransactionalSamples const&, ParallelRoam::Algorithms::GreedyTransactionalLod::Proposal&, bool, ParallelRoam::Algorithms::GreedyTransactionalLod::WorkLedger&)","ParallelRoam::Algorithms::GreedyTransactionalLod::QualityEvaluation::AddBinaryBounds(double, double, boost::multiprecision::number<boost::multiprecision::backends::cpp_int_backend<0ul, 0ul, (boost::multiprecision::cpp_integer_type)1, (boost::multiprecision::cpp_int_check_type)0, std::allocator<unsigned long long> >, (boost::multiprecision::expression_template_option)1>&, boost::multiprecision::number<boost::multiprecision::backends::cpp_int_backend<0ul, 0ul, (boost::multiprecision::cpp_integer_type)1, (boost::multiprecision::cpp_int_check_type)0, std::allocator<unsigned long long> >, (boost::multiprecision::expression_template_option)1>&)",94188376,0.5470204841713222
"ParallelRoam::Algorithms::GreedyTransactionalLod::TransactionalSamples::Weights(unsigned int, ParallelRoam::Algorithms::GreedyTransactionalLod::Point const&, ParallelRoam::Algorithms::GreedyTransactionalLod::Point const&, ParallelRoam::Algorithms::GreedyTransactionalLod::Point const&, std::array<double, 3ul>&) const","std::enable_if<std::is_floating_point<long double>::value, boost::multiprecision::backends::rational_adaptor<boost::multiprecision::backends::cpp_int_backend<0ul, 0ul, (boost::multiprecision::cpp_integer_type)1, (boost::multiprecision::cpp_int_check_type)0, std::allocator<unsigned long long> > >&>::type boost::multiprecision::backends::rational_adaptor<boost::multiprecision::backends::cpp_int_backend<0ul, 0ul, (boost::multiprecision::cpp_integer_type)1, (boost::multiprecision::cpp_int_check_type)0, std::allocator<unsigned long long> > >::operator=<long double>(long double) [clone .isra.0]",92184368,0.5353817504655494
"void boost::multiprecision::backends::cpp_int_backend<0ul, 0ul, (boost::multiprecision::cpp_integer_type)1, (boost::multiprecision::cpp_int_check_type)0, std::allocator<unsigned long long> >::do_assign_float<long double>(long double)",__scalbnl,82164328,0.47718808193668527
std::chrono::_V2::steady_clock::now(),clock_gettime@@GLIBC_2.17,80160320,0.4655493482309125
ParallelRoam::Algorithms::GreedyTransactionalLod::WorkLedger::Touch(),std::chrono::_V2::steady_clock::now(),78156312,0.45391061452513964
clock_gettime@@GLIBC_2.17,__vdso_clock_gettime,78156312,0.45391061452513964
"void boost::multiprecision::backends::eval_multiply_imp<boost::multiprecision::backends::cpp_int_backend<0ul, 0ul, (boost::multiprecision::cpp_integer_type)1, (boost::multiprecision::cpp_int_check_type)0, std::allocator<unsigned long long> > >(boost::multiprecision::backends::rational_adaptor<boost::multiprecision::backends::cpp_int_backend<0ul, 0ul, (boost::multiprecision::cpp_integer_type)1, (boost::multiprecision::cpp_int_check_type)0, std::allocator<unsigned long long> > >&, boost::multiprecision::backends::rational_adaptor<boost::multiprecision::backends::cpp_int_backend<0ul, 0ul, (boost::multiprecision::cpp_integer_type)1, (boost::multiprecision::cpp_int_check_type)0, std::allocator<unsigned long long> > > const&, boost::multiprecision::backends::cpp_int_backend<0ul, 0ul, (boost::multiprecision::cpp_integer_type)1, (boost::multiprecision::cpp_int_check_type)0, std::allocator<unsigned long long> > const&, boost::multiprecision::backends::cpp_int_backend<0ul, 0ul, (boost::multiprecision::cpp_integer_type)1, (boost::multiprecision::cpp_int_check_type)0, std::allocator<unsigned long long> > const&)","void boost::multiprecision::backends::divide_unsigned_helper<boost::multiprecision::backends::cpp_int_backend<0ul, 0ul, (boost::multiprecision::cpp_integer_type)1, (boost::multiprecision::cpp_int_check_type)0, std::allocator<unsigned long long> >, boost::multiprecision::backends::cpp_int_backend<0ul, 0ul, (boost::multiprecision::cpp_integer_type)1, (boost::multiprecision::cpp_int_check_type)0, std::allocator<unsigned long long> >, boost::multiprecision::backends::cpp_int_backend<0ul, 0ul, (boost::multiprecision::cpp_integer_type)1, (boost::multiprecision::cpp_int_check_type)0, std::allocator<unsigned long long> > >(boost::multiprecision::backends::cpp_int_backend<0ul, 0ul, (boost::multiprecision::cpp_integer_type)1, (boost::multiprecision::cpp_int_check_type)0, std::allocator<unsigned long long> >*, boost::multiprecision::backends::cpp_int_backend<0ul, 0ul, (boost::multiprecision::cpp_integer_type)1, (boost::multiprecision::cpp_int_check_type)0, std::allocator<unsigned long long> > const&, boost::multiprecision::backends::cpp_int_backend<0ul, 0ul, (boost::multiprecision::cpp_integer_type)1, (boost::multiprecision::cpp_int_check_type)0, std::allocator<unsigned long long> > const&, boost::multiprecision::backends::cpp_int_backend<0ul, 0ul, (boost::multiprecision::cpp_integer_type)1, (boost::multiprecision::cpp_int_check_type)0, std::allocator<unsigned long long> >&)",76152304,0.44227188081936686
"std::optional<boost::multiprecision::number<boost::multiprecision::backends::rational_adaptor<boost::multiprecision::backends::cpp_int_backend<0ul, 0ul, (boost::multiprecision::cpp_integer_type)1, (boost::multiprecision::cpp_int_check_type)0, std::allocator<unsigned long long> > >, (boost::multiprecision::expression_template_option)1> > ParallelRoam::Algorithms::GreedyTransactionalLod::QualityEvaluation::ScreenPrepared<boost::multiprecision::number<boost::multiprecision::backends::rational_adaptor<boost::multiprecision::backends::cpp_int_backend<0ul, 0ul, (boost::multiprecision::cpp_integer_type)1, (boost::multiprecision::cpp_int_check_type)0, std::allocator<unsigned long long> > >, (boost::multiprecision::expression_template_option)1> >(ParallelRoam::Algorithms::GreedyTransactionalLod::Configuration const&, std::array<boost::multiprecision::number<boost::multiprecision::backends::rational_adaptor<boost::multiprecision::backends::cpp_int_backend<0ul, 0ul, (boost::multiprecision::cpp_integer_type)1, (boost::multiprecision::cpp_int_check_type)0, std::allocator<unsigned long long> > >, (boost::multiprecision::expression_template_option)1>, 3ul> const&, std::array<boost::multiprecision::number<boost::multiprecision::backends::rational_adaptor<boost::multiprecision::backends::cpp_int_backend<0ul, 0ul, (boost::multiprecision::cpp_integer_type)1, (boost::multiprecision::cpp_int_check_type)0, std::allocator<unsigned long long> > >, (boost::multiprecision::expression_template_option)1>, 4ul> const&, boost::multiprecision::number<boost::multiprecision::backends::rational_adaptor<boost::multiprecision::backends::cpp_int_backend<0ul, 0ul, (boost::multiprecision::cpp_integer_type)1, (boost::multiprecision::cpp_int_check_type)0, std::allocator<unsigned long long> > >, (boost::multiprecision::expression_template_option)1> const&)","void boost::multiprecision::backends::eval_divide<boost::multiprecision::backends::cpp_int_backend<0ul, 0ul, (boost::multiprecision::cpp_integer_type)1, (boost::multiprecision::cpp_int_check_type)0, std::allocator<unsigned long long> > >(boost::multiprecision::backends::rational_adaptor<boost::multiprecision::backends::cpp_int_backend<0ul, 0ul, (boost::multiprecision::cpp_integer_type)1, (boost::multiprecision::cpp_int_check_type)0, std::allocator<unsigned long long> > >&, boost::multiprecision::backends::rational_adaptor<boost::multiprecision::backends::cpp_int_backend<0ul, 0ul, (boost::multiprecision::cpp_integer_type)1, (boost::multiprecision::cpp_int_check_type)0, std::allocator<unsigned long long> > > const&)",72144288,0.41899441340782123
"auto ParallelRoam::Algorithms::GreedyTransactionalLod::TransactionalReservation::Plan(ParallelRoam::Algorithms::GreedyTransactionalLod::TransactionalState const&, ParallelRoam::Algorithms::GreedyTransactionalLod::TransactionalSamples const&, ParallelRoam::Algorithms::GreedyTransactionalLod::WorkLedger&, ParallelRoam::Algorithms::GreedyTransactionalLod::TransactionalExecution const&)::{lambda(auto:1, auto:2, ParallelRoam::Algorithms::GreedyTransactionalLod::WorkLedger&)#1}::operator()<unsigned long, unsigned long>(unsigned long, unsigned long, ParallelRoam::Algorithms::GreedyTransactionalLod::WorkLedger&) const",__nextafter,72144288,0.41899441340782123
"boost::multiprecision::number<boost::multiprecision::backends::rational_adaptor<boost::multiprecision::backends::cpp_int_backend<0ul, 0ul, (boost::multiprecision::cpp_integer_type)1, (boost::multiprecision::cpp_int_check_type)0, std::allocator<unsigned long long> > >, (boost::multiprecision::expression_template_option)1> ParallelRoam::Algorithms::GreedyTransactionalLod::TransactionalQualityFaceEvidence::Interpolate<boost::multiprecision::number<boost::multiprecision::backends::rational_adaptor<boost::multiprecision::backends::cpp_int_backend<0ul, 0ul, (boost::multiprecision::cpp_integer_type)1, (boost::multiprecision::cpp_int_check_type)0, std::allocator<unsigned long long> > >, (boost::multiprecision::expression_template_option)1> >(ParallelRoam::Algorithms::GreedyTransactionalLod::TransactionalQualityFaceEvidence::Coefficients<boost::multiprecision::number<boost::multiprecision::backends::rational_adaptor<boost::multiprecision::backends::cpp_int_backend<0ul, 0ul, (boost::multiprecision::cpp_integer_type)1, (boost::multiprecision::cpp_int_check_type)0, std::allocator<unsigned long long> > >, (boost::multiprecision::expression_template_option)1> > const&, std::array<boost::multiprecision::number<boost::multiprecision::backends::rational_adaptor<boost::multiprecision::backends::cpp_int_backend<0ul, 0ul, (boost::multiprecision::cpp_integer_type)1, (boost::multiprecision::cpp_int_check_type)0, std::allocator<unsigned long long> > >, (boost::multiprecision::expression_template_option)1>, 2ul> const&)","void boost::multiprecision::number<boost::multiprecision::backends::rational_adaptor<boost::multiprecision::backends::cpp_int_backend<0ul, 0ul, (boost::multiprecision::cpp_integer_type)1, (boost::multiprecision::cpp_int_check_type)0, std::allocator<unsigned long long> > >, (boost::multiprecision::expression_template_option)1>::do_assign<boost::multiprecision::detail::expression<boost::multiprecision::detail::plus, boost::multiprecision::detail::expression<boost::multiprecision::detail::multiply_immediates, boost::multiprecision::number<boost::multiprecision::backends::rational_adaptor<boost::multiprecision::backends::cpp_int_backend<0ul, 0ul, (boost::multiprecision::cpp_integer_type)1, (boost::multiprecision::cpp_int_check_type)0, std::allocator<unsigned long long> > >, (boost::multiprecision::expression_template_option)1>, boost::multiprecision::number<boost::multiprecision::backends::rational_adaptor<boost::multiprecision::backends::cpp_int_backend<0ul, 0ul, (boost::multiprecision::cpp_integer_type)1, (boost::multiprecision::cpp_int_check_type)0, std::allocator<unsigned long long> > >, (boost::multiprecision::expression_template_option)1>, void, void>, boost::multiprecision::detail::expression<boost::multiprecision::detail::multiply_immediates, boost::multiprecision::number<boost::multiprecision::backends::rational_adaptor<boost::multiprecision::backends::cpp_int_backend<0ul, 0ul, (boost::multiprecision::cpp_integer_type)1, (boost::multiprecision::cpp_int_check_type)0, std::allocator<unsigned long long> > >, (boost::multiprecision::expression_template_option)1>, boost::multiprecision::number<boost::multiprecision::backends::rational_adaptor<boost::multiprecision::backends::cpp_int_backend<0ul, 0ul, (boost::multiprecision::cpp_integer_type)1, (boost::multiprecision::cpp_int_check_type)0, std::allocator<unsigned long long> > >, (boost::multiprecision::expression_template_option)1>, void, void>, void, void> >(boost::multiprecision::detail::expression<boost::multiprecision::detail::plus, boost::multiprecision::detail::expression<boost::multiprecision::detail::multiply_immediates, boost::multiprecision::number<boost::multiprecision::backends::rational_adaptor<boost::multiprecision::backends::cpp_int_backend<0ul, 0ul, (boost::multiprecision::cpp_integer_type)1, (boost::multiprecision::cpp_int_check_type)0, std::allocator<unsigned long long> > >, (boost::multiprecision::expression_template_option)1>, boost::multiprecision::number<boost::multiprecision::backends::rational_adaptor<boost::multiprecision::backends::cpp_int_backend<0ul, 0ul, (boost::multiprecision::cpp_integer_type)1, (boost::multiprecision::cpp_int_check_type)0, std::allocator<unsigned long long> > >, (boost::multiprecision::expression_template_option)1>, void, void>, boost::multiprecision::detail::expression<boost::multiprecision::detail::multiply_immediates, boost::multiprecision::number<boost::multiprecision::backends::rational_adaptor<boost::multiprecision::backends::cpp_int_backend<0ul, 0ul, (boost::multiprecision::cpp_integer_type)1, (boost::multiprecision::cpp_int_check_type)0, std::allocator<unsigned long long> > >, (boost::multiprecision::expression_template_option)1>, boost::multiprecision::number<boost::multiprecision::backends::rational_adaptor<boost::multiprecision::backends::cpp_int_backend<0ul, 0ul, (boost::multiprecision::cpp_integer_type)1, (boost::multiprecision::cpp_int_check_type)0, std::allocator<unsigned long long> > >, (boost::multiprecision::expression_template_option)1>, void, void>, void, void> const&, boost::multiprecision::detail::plus const&) [clone .isra.0]",66132264,0.3840782122905028
operator new(unsigned long),__libc_malloc2,66132264,0.3840782122905028
"boost::multiprecision::number<boost::multiprecision::backends::rational_adaptor<boost::multiprecision::backends::cpp_int_backend<0ul, 0ul, (boost::multiprecision::cpp_integer_type)1, (boost::multiprecision::cpp_int_check_type)0, std::allocator<unsigned long long> > >, (boost::multiprecision::expression_template_option)1> ParallelRoam::Algorithms::GreedyTransactionalLod::TransactionalQualityFaceEvidence::Interpolate<boost::multiprecision::number<boost::multiprecision::backends::rational_adaptor<boost::multiprecision::backends::cpp_int_backend<0ul, 0ul, (boost::multiprecision::cpp_integer_type)1, (boost::multiprecision::cpp_int_check_type)0, std::allocator<unsigned long long> > >, (boost::multiprecision::expression_template_option)1> >(ParallelRoam::Algorithms::GreedyTransactionalLod::TransactionalQualityFaceEvidence::Coefficients<boost::multiprecision::number<boost::multiprecision::backends::rational_adaptor<boost::multiprecision::backends::cpp_int_backend<0ul, 0ul, (boost::multiprecision::cpp_integer_type)1, (boost::multiprecision::cpp_int_check_type)0, std::allocator<unsigned long long> > >, (boost::multiprecision::expression_template_option)1> > const&, std::array<boost::multiprecision::number<boost::multiprecision::backends::rational_adaptor<boost::multiprecision::backends::cpp_int_backend<0ul, 0ul, (boost::multiprecision::cpp_integer_type)1, (boost::multiprecision::cpp_int_check_type)0, std::allocator<unsigned long long> > >, (boost::multiprecision::expression_template_option)1>, 2ul> const&)","void boost::multiprecision::backends::eval_add_subtract_imp<boost::multiprecision::backends::cpp_int_backend<0ul, 0ul, (boost::multiprecision::cpp_integer_type)1, (boost::multiprecision::cpp_int_check_type)0, std::allocator<unsigned long long> > >(boost::multiprecision::backends::rational_adaptor<boost::multiprecision::backends::cpp_int_backend<0ul, 0ul, (boost::multiprecision::cpp_integer_type)1, (boost::multiprecision::cpp_int_check_type)0, std::allocator<unsigned long long> > >&, boost::multiprecision::backends::rational_adaptor<boost::multiprecision::backends::cpp_int_backend<0ul, 0ul, (boost::multiprecision::cpp_integer_type)1, (boost::multiprecision::cpp_int_check_type)0, std::allocator<unsigned long long> > > const&, boost::multiprecision::backends::rational_adaptor<boost::multiprecision::backends::cpp_int_backend<0ul, 0ul, (boost::multiprecision::cpp_integer_type)1, (boost::multiprecision::cpp_int_check_type)0, std::allocator<unsigned long long> > > const&, bool)",64128256,0.37243947858473
"ParallelRoam::Algorithms::GreedyTransactionalLod::QualityEvaluation::Interval ParallelRoam::Algorithms::GreedyTransactionalLod::TransactionalQualityFaceEvidence::Interpolate<ParallelRoam::Algorithms::GreedyTransactionalLod::QualityEvaluation::Interval>(ParallelRoam::Algorithms::GreedyTransactionalLod::TransactionalQualityFaceEvidence::Coefficients<ParallelRoam::Algorithms::GreedyTransactionalLod::QualityEvaluation::Interval> const&, std::array<ParallelRoam::Algorithms::GreedyTransactionalLod::QualityEvaluation::Interval, 2ul> const&)","ParallelRoam::Algorithms::GreedyTransactionalLod::QualityEvaluation::operator*(ParallelRoam::Algorithms::GreedyTransactionalLod::QualityEvaluation::Interval, ParallelRoam::Algorithms::GreedyTransactionalLod::QualityEvaluation::Interval)",64128256,0.37243947858473
"std::enable_if<std::is_floating_point<long double>::value, boost::multiprecision::backends::rational_adaptor<boost::multiprecision::backends::cpp_int_backend<0ul, 0ul, (boost::multiprecision::cpp_integer_type)1, (boost::multiprecision::cpp_int_check_type)0, std::allocator<unsigned long long> > >&>::type boost::multiprecision::backends::rational_adaptor<boost::multiprecision::backends::cpp_int_backend<0ul, 0ul, (boost::multiprecision::cpp_integer_type)1, (boost::multiprecision::cpp_int_check_type)0, std::allocator<unsigned long long> > >::operator=<long double>(long double) [clone .isra.0]",__scalbnl,64128256,0.37243947858473
"void boost::multiprecision::number<boost::multiprecision::backends::rational_adaptor<boost::multiprecision::backends::cpp_int_backend<0ul, 0ul, (boost::multiprecision::cpp_integer_type)1, (boost::multiprecision::cpp_int_check_type)0, std::allocator<unsigned long long> > >, (boost::multiprecision::expression_template_option)1>::do_assign<boost::multiprecision::detail::expression<boost::multiprecision::detail::minus, boost::multiprecision::detail::expression<boost::multiprecision::detail::multiplies, boost::multiprecision::detail::expression<boost::multiprecision::detail::subtract_immediates, boost::multiprecision::number<boost::multiprecision::backends::rational_adaptor<boost::multiprecision::backends::cpp_int_backend<0ul, 0ul, (boost::multiprecision::cpp_integer_type)1, (boost::multiprecision::cpp_int_check_type)0, std::allocator<unsigned long long> > >, (boost::multiprecision::expression_template_option)1>, boost::multiprecision::number<boost::multiprecision::backends::rational_adaptor<boost::multiprecision::backends::cpp_int_backend<0ul, 0ul, (boost::multiprecision::cpp_integer_type)1, (boost::multiprecision::cpp_int_check_type)0, std::allocator<unsigned long long> > >, (boost::multiprecision::expression_template_option)1>, void, void>, boost::multiprecision::number<boost::multiprecision::backends::rational_adaptor<boost::multiprecision::backends::cpp_int_backend<0ul, 0ul, (boost::multiprecision::cpp_integer_type)1, (boost::multiprecision::cpp_int_check_type)0, std::allocator<unsigned long long> > >, (boost::multiprecision::expression_template_option)1>, void, void>, boost::multiprecision::detail::expression<boost::multiprecision::detail::multiplies, boost::multiprecision::detail::expression<boost::multiprecision::detail::subtract_immediates, boost::multiprecision::number<boost::multiprecision::backends::rational_adaptor<boost::multiprecision::backends::cpp_int_backend<0ul, 0ul, (boost::multiprecision::cpp_integer_type)1, (boost::multiprecision::cpp_int_check_type)0, std::allocator<unsigned long long> > >, (boost::multiprecision::expression_template_option)1>, boost::multiprecision::number<boost::multiprecision::backends::rational_adaptor<boost::multiprecision::backends::cpp_int_backend<0ul, 0ul, (boost::multiprecision::cpp_integer_type)1, (boost::multiprecision::cpp_int_check_type)0, std::allocator<unsigned long long> > >, (boost::multiprecision::expression_template_option)1>, void, void>, boost::multiprecision::number<boost::multiprecision::backends::rational_adaptor<boost::multiprecision::backends::cpp_int_backend<0ul, 0ul, (boost::multiprecision::cpp_integer_type)1, (boost::multiprecision::cpp_int_check_type)0, std::allocator<unsigned long long> > >, (boost::multiprecision::expression_template_option)1>, void, void>, void, void> >(boost::multiprecision::detail::expression<boost::multiprecision::detail::minus, boost::multiprecision::detail::expression<boost::multiprecision::detail::multiplies, boost::multiprecision::detail::expression<boost::multiprecision::detail::subtract_immediates, boost::multiprecision::number<boost::multiprecision::backends::rational_adaptor<boost::multiprecision::backends::cpp_int_backend<0ul, 0ul, (boost::multiprecision::cpp_integer_type)1, (boost::multiprecision::cpp_int_check_type)0, std::allocator<unsigned long long> > >, (boost::multiprecision::expression_template_option)1>, boost::multiprecision::number<boost::multiprecision::backends::rational_adaptor<boost::multiprecision::backends::cpp_int_backend<0ul, 0ul, (boost::multiprecision::cpp_integer_type)1, (boost::multiprecision::cpp_int_check_type)0, std::allocator<unsigned long long> > >, (boost::multiprecision::expression_template_option)1>, void, void>, boost::multiprecision::number<boost::multiprecision::backends::rational_adaptor<boost::multiprecision::backends::cpp_int_backend<0ul, 0ul, (boost::multiprecision::cpp_integer_type)1, (boost::multiprecision::cpp_int_check_type)0, std::allocator<unsigned long long> > >, (boost::multiprecision::expression_template_option)1>, void, void>, boost::multiprecision::detail::expression<boost::multiprecision::detail::multiplies, boost::multiprecision::detail::expression<boost::multiprecision::detail::subtract_immediates, boost::multiprecision::number<boost::multiprecision::backends::rational_adaptor<boost::multiprecision::backends::cpp_int_backend<0ul, 0ul, (boost::multiprecision::cpp_integer_type)1, (boost::multiprecision::cpp_int_check_type)0, std::allocator<unsigned long long> > >, (boost::multiprecision::expression_template_option)1>, boost::multiprecision::number<boost::multiprecision::backends::rational_adaptor<boost::multiprecision::backends::cpp_int_backend<0ul, 0ul, (boost::multiprecision::cpp_integer_type)1, (boost::multiprecision::cpp_int_check_type)0, std::allocator<unsigned long long> > >, (boost::multiprecision::expression_template_option)1>, void, void>, boost::multiprecision::number<boost::multiprecision::backends::rational_adaptor<boost::multiprecision::backends::cpp_int_backend<0ul, 0ul, (boost::multiprecision::cpp_integer_type)1, (boost::multiprecision::cpp_int_check_type)0, std::allocator<unsigned long long> > >, (boost::multiprecision::expression_template_option)1>, void, void>, void, void> const&, boost::multiprecision::detail::minus const&) [clone .isra.0]","void boost::multiprecision::number<boost::multiprecision::backends::rational_adaptor<boost::multiprecision::backends::cpp_int_backend<0ul, 0ul, (boost::multiprecision::cpp_integer_type)1, (boost::multiprecision::cpp_int_check_type)0, std::allocator<unsigned long long> > >, (boost::multiprecision::expression_template_option)1>::do_assign<boost::multiprecision::detail::expression<boost::multiprecision::detail::multiplies, boost::multiprecision::detail::expression<boost::multiprecision::detail::subtract_immediates, boost::multiprecision::number<boost::multiprecision::backends::rational_adaptor<boost::multiprecision::backends::cpp_int_backend<0ul, 0ul, (boost::multiprecision::cpp_integer_type)1, (boost::multiprecision::cpp_int_check_type)0, std::allocator<unsigned long long> > >, (boost::multiprecision::expression_template_option)1>, boost::multiprecision::number<boost::multiprecision::backends::rational_adaptor<boost::multiprecision::backends::cpp_int_backend<0ul, 0ul, (boost::multiprecision::cpp_integer_type)1, (boost::multiprecision::cpp_int_check_type)0, std::allocator<unsigned long long> > >, (boost::multiprecision::expression_template_option)1>, void, void>, boost::multiprecision::number<boost::multiprecision::backends::rational_adaptor<boost::multiprecision::backends::cpp_int_backend<0ul, 0ul, (boost::multiprecision::cpp_integer_type)1, (boost::multiprecision::cpp_int_check_type)0, std::allocator<unsigned long long> > >, (boost::multiprecision::expression_template_option)1>, void, void> >(boost::multiprecision::detail::expression<boost::multiprecision::detail::multiplies, boost::multiprecision::detail::expression<boost::multiprecision::detail::subtract_immediates, boost::multiprecision::number<boost::multiprecision::backends::rational_adaptor<boost::multiprecision::backends::cpp_int_backend<0ul, 0ul, (boost::multiprecision::cpp_integer_type)1, (boost::multiprecision::cpp_int_check_type)0, std::allocator<unsigned long long> > >, (boost::multiprecision::expression_template_option)1>, boost::multiprecision::number<boost::multiprecision::backends::rational_adaptor<boost::multiprecision::backends::cpp_int_backend<0ul, 0ul, (boost::multiprecision::cpp_integer_type)1, (boost::multiprecision::cpp_int_check_type)0, std::allocator<unsigned long long> > >, (boost::multiprecision::expression_template_option)1>, void, void>, boost::multiprecision::number<boost::multiprecision::backends::rational_adaptor<boost::multiprecision::backends::cpp_int_backend<0ul, 0ul, (boost::multiprecision::cpp_integer_type)1, (boost::multiprecision::cpp_int_check_type)0, std::allocator<unsigned long long> > >, (boost::multiprecision::expression_template_option)1>, void, void> const&, boost::multiprecision::detail::multiplies const&) [clone .isra.0]",64128256,0.37243947858473
"std::optional<ParallelRoam::Algorithms::GreedyTransactionalLod::QualityEvaluation::Interval> ParallelRoam::Algorithms::GreedyTransactionalLod::QualityEvaluation::ScreenPrepared<ParallelRoam::Algorithms::GreedyTransactionalLod::QualityEvaluation::Interval>(ParallelRoam::Algorithms::GreedyTransactionalLod::Configuration const&, std::array<ParallelRoam::Algorithms::GreedyTransactionalLod::QualityEvaluation::Interval, 3ul> const&, std::array<ParallelRoam::Algorithms::GreedyTransactionalLod::QualityEvaluation::Interval, 4ul> const&, ParallelRoam::Algorithms::GreedyTransactionalLod::QualityEvaluation::Interval const&)","ParallelRoam::Algorithms::GreedyTransactionalLod::QualityEvaluation::operator*(ParallelRoam::Algorithms::GreedyTransactionalLod::QualityEvaluation::Interval, ParallelRoam::Algorithms::GreedyTransactionalLod::QualityEvaluation::Interval)",64128256,0.37243947858473
"void boost::multiprecision::number<boost::multiprecision::backends::rational_adaptor<boost::multiprecision::backends::cpp_int_backend<0ul, 0ul, (boost::multiprecision::cpp_integer_type)1, (boost::multiprecision::cpp_int_check_type)0, std::allocator<unsigned long long> > >, (boost::multiprecision::expression_template_option)1>::do_assign<boost::multiprecision::detail::expression<boost::multiprecision::detail::multiplies, boost::multiprecision::detail::expression<boost::multiprecision::detail::subtract_immediates, boost::multiprecision::number<boost::multiprecision::backends::rational_adaptor<boost::multiprecision::backends::cpp_int_backend<0ul, 0ul, (boost::multiprecision::cpp_integer_type)1, (boost::multiprecision::cpp_int_check_type)0, std::allocator<unsigned long long> > >, (boost::multiprecision::expression_template_option)1>, boost::multiprecision::number<boost::multiprecision::backends::rational_adaptor<boost::multiprecision::backends::cpp_int_backend<0ul, 0ul, (boost::multiprecision::cpp_integer_type)1, (boost::multiprecision::cpp_int_check_type)0, std::allocator<unsigned long long> > >, (boost::multiprecision::expression_template_option)1>, void, void>, boost::multiprecision::number<boost::multiprecision::backends::rational_adaptor<boost::multiprecision::backends::cpp_int_backend<0ul, 0ul, (boost::multiprecision::cpp_integer_type)1, (boost::multiprecision::cpp_int_check_type)0, std::allocator<unsigned long long> > >, (boost::multiprecision::expression_template_option)1>, void, void> >(boost::multiprecision::detail::expression<boost::multiprecision::detail::multiplies, boost::multiprecision::detail::expression<boost::multiprecision::detail::subtract_immediates, boost::multiprecision::number<boost::multiprecision::backends::rational_adaptor<boost::multiprecision::backends::cpp_int_backend<0ul, 0ul, (boost::multiprecision::cpp_integer_type)1, (boost::multiprecision::cpp_int_check_type)0, std::allocator<unsigned long long> > >, (boost::multiprecision::expression_template_option)1>, boost::multiprecision::number<boost::multiprecision::backends::rational_adaptor<boost::multiprecision::backends::cpp_int_backend<0ul, 0ul, (boost::multiprecision::cpp_integer_type)1, (boost::multiprecision::cpp_int_check_type)0, std::allocator<unsigned long long> > >, (boost::multiprecision::expression_template_option)1>, void, void>, boost::multiprecision::number<boost::multiprecision::backends::rational_adaptor<boost::multiprecision::backends::cpp_int_backend<0ul, 0ul, (boost::multiprecision::cpp_integer_type)1, (boost::multiprecision::cpp_int_check_type)0, std::allocator<unsigned long long> > >, (boost::multiprecision::expression_template_option)1>, void, void> const&, boost::multiprecision::detail::multiplies const&) [clone .isra.0]","void boost::multiprecision::backends::eval_add_subtract_imp<boost::multiprecision::backends::cpp_int_backend<0ul, 0ul, (boost::multiprecision::cpp_integer_type)1, (boost::multiprecision::cpp_int_check_type)0, std::allocator<unsigned long long> > >(boost::multiprecision::backends::rational_adaptor<boost::multiprecision::backends::cpp_int_backend<0ul, 0ul, (boost::multiprecision::cpp_integer_type)1, (boost::multiprecision::cpp_int_check_type)0, std::allocator<unsigned long long> > >&, boost::multiprecision::backends::rational_adaptor<boost::multiprecision::backends::cpp_int_backend<0ul, 0ul, (boost::multiprecision::cpp_integer_type)1, (boost::multiprecision::cpp_int_check_type)0, std::allocator<unsigned long long> > > const&, boost::multiprecision::backends::rational_adaptor<boost::multiprecision::backends::cpp_int_backend<0ul, 0ul, (boost::multiprecision::cpp_integer_type)1, (boost::multiprecision::cpp_int_check_type)0, std::allocator<unsigned long long> > > const&, bool)",62124248,0.3608007448789572
"ParallelRoam::Algorithms::GreedyTransactionalLod::QualityEvaluation::AddBinaryBounds(double, double, boost::multiprecision::number<boost::multiprecision::backends::cpp_int_backend<0ul, 0ul, (boost::multiprecision::cpp_integer_type)1, (boost::multiprecision::cpp_int_check_type)0, std::allocator<unsigned long long> >, (boost::multiprecision::expression_template_option)1>&, boost::multiprecision::number<boost::multiprecision::backends::cpp_int_backend<0ul, 0ul, (boost::multiprecision::cpp_integer_type)1, (boost::multiprecision::cpp_int_check_type)0, std::allocator<unsigned long long> >, (boost::multiprecision::expression_template_option)1>&)",ParallelRoam::Algorithms::GreedyTransactionalLod::QualityEvaluation::(anonymous namespace)::BinaryFloor(double),62124248,0.3608007448789572
"ParallelRoam::Algorithms::GreedyTransactionalLod::TransactionalPointwiseQuality::Certify[abi:cxx11](ParallelRoam::Algorithms::GreedyTransactionalLod::TransactionalState const&, ParallelRoam::Algorithms::GreedyTransactionalLod::TransactionalSamples const&, ParallelRoam::Algorithms::GreedyTransactionalLod::Proposal&, bool, ParallelRoam::Algorithms::GreedyTransactionalLod::WorkLedger&)","boost::multiprecision::backends::rational_adaptor<boost::multiprecision::backends::cpp_int_backend<0ul, 0ul, (boost::multiprecision::cpp_integer_type)1, (boost::multiprecision::cpp_int_check_type)0, std::allocator<unsigned long long> > >::compare(boost::multiprecision::backends::rational_adaptor<boost::multiprecision::backends::cpp_int_backend<0ul, 0ul, (boost::multiprecision::cpp_integer_type)1, (boost::multiprecision::cpp_int_check_type)0, std::allocator<unsigned long long> > > const&) const",60120240,0.34916201117318435
"std::array<ParallelRoam::Algorithms::GreedyTransactionalLod::QualityEvaluation::Interval, 4ul> ParallelRoam::Algorithms::GreedyTransactionalLod::QualityEvaluation::Clip<ParallelRoam::Algorithms::GreedyTransactionalLod::QualityEvaluation::Interval>(ParallelRoam::Algorithms::GreedyTransactionalLod::Configuration const&, ParallelRoam::Algorithms::GreedyTransactionalLod::QualityEvaluation::Interval const&, ParallelRoam::Algorithms::GreedyTransactionalLod::QualityEvaluation::Interval const&, ParallelRoam::Algorithms::GreedyTransactionalLod::QualityEvaluation::Interval const&)",__nextafter,60120240,0.34916201117318435
"ParallelRoam::Algorithms::GreedyTransactionalLod::TransactionalQualityFaceEvidence::SideBounds(unsigned long, std::array<ParallelRoam::Algorithms::GreedyTransactionalLod::QualityEvaluation::Interval, 2ul> const&)",ParallelRoam::Algorithms::GreedyTransactionalLod::TransactionalQualityFaceEvidence::Bounds(),60120240,0.34916201117318435
"boost::multiprecision::number<boost::multiprecision::backends::rational_adaptor<boost::multiprecision::backends::cpp_int_backend<0ul, 0ul, (boost::multiprecision::cpp_integer_type)1, (boost::multiprecision::cpp_int_check_type)0, std::allocator<unsigned long long> > >, (boost::multiprecision::expression_template_option)1> ParallelRoam::Algorithms::GreedyTransactionalLod::TransactionalQualityFaceEvidence::Interpolate<boost::multiprecision::number<boost::multiprecision::backends::rational_adaptor<boost::multiprecision::backends::cpp_int_backend<0ul, 0ul, (boost::multiprecision::cpp_integer_type)1, (boost::multiprecision::cpp_int_check_type)0, std::allocator<unsigned long long> > >, (boost::multiprecision::expression_template_option)1> >(ParallelRoam::Algorithms::GreedyTransactionalLod::TransactionalQualityFaceEvidence::Coefficients<boost::multiprecision::number<boost::multiprecision::backends::rational_adaptor<boost::multiprecision::backends::cpp_int_backend<0ul, 0ul, (boost::multiprecision::cpp_integer_type)1, (boost::multiprecision::cpp_int_check_type)0, std::allocator<unsigned long long> > >, (boost::multiprecision::expression_template_option)1> > const&, std::array<boost::multiprecision::number<boost::multiprecision::backends::rational_adaptor<boost::multiprecision::backends::cpp_int_backend<0ul, 0ul, (boost::multiprecision::cpp_integer_type)1, (boost::multiprecision::cpp_int_check_type)0, std::allocator<unsigned long long> > >, (boost::multiprecision::expression_template_option)1>, 2ul> const&)","void boost::multiprecision::backends::eval_divide<boost::multiprecision::backends::cpp_int_backend<0ul, 0ul, (boost::multiprecision::cpp_integer_type)1, (boost::multiprecision::cpp_int_check_type)0, std::allocator<unsigned long long> > >(boost::multiprecision::backends::rational_adaptor<boost::multiprecision::backends::cpp_int_backend<0ul, 0ul, (boost::multiprecision::cpp_integer_type)1, (boost::multiprecision::cpp_int_check_type)0, std::allocator<unsigned long long> > >&, boost::multiprecision::backends::rational_adaptor<boost::multiprecision::backends::cpp_int_backend<0ul, 0ul, (boost::multiprecision::cpp_integer_type)1, (boost::multiprecision::cpp_int_check_type)0, std::allocator<unsigned long long> > > const&)",60120240,0.34916201117318435
"void boost::multiprecision::backends::eval_add_subtract_imp<boost::multiprecision::backends::cpp_int_backend<0ul, 0ul, (boost::multiprecision::cpp_integer_type)1, (boost::multiprecision::cpp_int_check_type)0, std::allocator<unsigned long long> > >(boost::multiprecision::backends::rational_adaptor<boost::multiprecision::backends::cpp_int_backend<0ul, 0ul, (boost::multiprecision::cpp_integer_type)1, (boost::multiprecision::cpp_int_check_type)0, std::allocator<unsigned long long> > >&, boost::multiprecision::backends::rational_adaptor<boost::multiprecision::backends::cpp_int_backend<0ul, 0ul, (boost::multiprecision::cpp_integer_type)1, (boost::multiprecision::cpp_int_check_type)0, std::allocator<unsigned long long> > > const&, boost::multiprecision::backends::rational_adaptor<boost::multiprecision::backends::cpp_int_backend<0ul, 0ul, (boost::multiprecision::cpp_integer_type)1, (boost::multiprecision::cpp_int_check_type)0, std::allocator<unsigned long long> > > const&, bool)",__memmove_avx512_unaligned_erms,60120240,0.34916201117318435
"void boost::multiprecision::number<boost::multiprecision::backends::rational_adaptor<boost::multiprecision::backends::cpp_int_backend<0ul, 0ul, (boost::multiprecision::cpp_integer_type)1, (boost::multiprecision::cpp_int_check_type)0, std::allocator<unsigned long long> > >, (boost::multiprecision::expression_template_option)1>::do_assign<boost::multiprecision::detail::expression<boost::multiprecision::detail::minus, boost::multiprecision::detail::expression<boost::multiprecision::detail::multiplies, boost::multiprecision::detail::expression<boost::multiprecision::detail::subtract_immediates, boost::multiprecision::number<boost::multiprecision::backends::rational_adaptor<boost::multiprecision::backends::cpp_int_backend<0ul, 0ul, (boost::multiprecision::cpp_integer_type)1, (boost::multiprecision::cpp_int_check_type)0, std::allocator<unsigned long long> > >, (boost::multiprecision::expression_template_option)1>, boost::multiprecision::number<boost::multiprecision::backends::rational_adaptor<boost::multiprecision::backends::cpp_int_backend<0ul, 0ul, (boost::multiprecision::cpp_integer_type)1, (boost::multiprecision::cpp_int_check_type)0, std::allocator<unsigned long long> > >, (boost::multiprecision::expression_template_option)1>, void, void>, boost::multiprecision::number<boost::multiprecision::backends::rational_adaptor<boost::multiprecision::backends::cpp_int_backend<0ul, 0ul, (boost::multiprecision::cpp_integer_type)1, (boost::multiprecision::cpp_int_check_type)0, std::allocator<unsigned long long> > >, (boost::multiprecision::expression_template_option)1>, void, void>, boost::multiprecision::detail::expression<boost::multiprecision::detail::multiplies, boost::multiprecision::detail::expression<boost::multiprecision::detail::subtract_immediates, boost::multiprecision::number<boost::multiprecision::backends::rational_adaptor<boost::multiprecision::backends::cpp_int_backend<0ul, 0ul, (boost::multiprecision::cpp_integer_type)1, (boost::multiprecision::cpp_int_check_type)0, std::allocator<unsigned long long> > >, (boost::multiprecision::expression_template_option)1>, boost::multiprecision::number<boost::multiprecision::backends::rational_adaptor<boost::multiprecision::backends::cpp_int_backend<0ul, 0ul, (boost::multiprecision::cpp_integer_type)1, (boost::multiprecision::cpp_int_check_type)0, std::allocator<unsigned long long> > >, (boost::multiprecision::expression_template_option)1>, void, void>, boost::multiprecision::number<boost::multiprecision::backends::rational_adaptor<boost::multiprecision::backends::cpp_int_backend<0ul, 0ul, (boost::multiprecision::cpp_integer_type)1, (boost::multiprecision::cpp_int_check_type)0, std::allocator<unsigned long long> > >, (boost::multiprecision::expression_template_option)1>, void, void>, void, void> >(boost::multiprecision::detail::expression<boost::multiprecision::detail::minus, boost::multiprecision::detail::expression<boost::multiprecision::detail::multiplies, boost::multiprecision::detail::expression<boost::multiprecision::detail::subtract_immediates, boost::multiprecision::number<boost::multiprecision::backends::rational_adaptor<boost::multiprecision::backends::cpp_int_backend<0ul, 0ul, (boost::multiprecision::cpp_integer_type)1, (boost::multiprecision::cpp_int_check_type)0, std::allocator<unsigned long long> > >, (boost::multiprecision::expression_template_option)1>, boost::multiprecision::number<boost::multiprecision::backends::rational_adaptor<boost::multiprecision::backends::cpp_int_backend<0ul, 0ul, (boost::multiprecision::cpp_integer_type)1, (boost::multiprecision::cpp_int_check_type)0, std::allocator<unsigned long long> > >, (boost::multiprecision::expression_template_option)1>, void, void>, boost::multiprecision::number<boost::multiprecision::backends::rational_adaptor<boost::multiprecision::backends::cpp_int_backend<0ul, 0ul, (boost::multiprecision::cpp_integer_type)1, (boost::multiprecision::cpp_int_check_type)0, std::allocator<unsigned long long> > >, (boost::multiprecision::expression_template_option)1>, void, void>, boost::multiprecision::detail::expression<boost::multiprecision::detail::multiplies, boost::multiprecision::detail::expression<boost::multiprecision::detail::subtract_immediates, boost::multiprecision::number<boost::multiprecision::backends::rational_adaptor<boost::multiprecision::backends::cpp_int_backend<0ul, 0ul, (boost::multiprecision::cpp_integer_type)1, (boost::multiprecision::cpp_int_check_type)0, std::allocator<unsigned long long> > >, (boost::multiprecision::expression_template_option)1>, boost::multiprecision::number<boost::multiprecision::backends::rational_adaptor<boost::multiprecision::backends::cpp_int_backend<0ul, 0ul, (boost::multiprecision::cpp_integer_type)1, (boost::multiprecision::cpp_int_check_type)0, std::allocator<unsigned long long> > >, (boost::multiprecision::expression_template_option)1>, void, void>, boost::multiprecision::number<boost::multiprecision::backends::rational_adaptor<boost::multiprecision::backends::cpp_int_backend<0ul, 0ul, (boost::multiprecision::cpp_integer_type)1, (boost::multiprecision::cpp_int_check_type)0, std::allocator<unsigned long long> > >, (boost::multiprecision::expression_template_option)1>, void, void>, void, void> const&, boost::multiprecision::detail::minus const&) [clone .isra.0]","void boost::multiprecision::backends::eval_multiply_imp<boost::multiprecision::backends::cpp_int_backend<0ul, 0ul, (boost::multiprecision::cpp_integer_type)1, (boost::multiprecision::cpp_int_check_type)0, std::allocator<unsigned long long> > >(boost::multiprecision::backends::rational_adaptor<boost::multiprecision::backends::cpp_int_backend<0ul, 0ul, (boost::multiprecision::cpp_integer_type)1, (boost::multiprecision::cpp_int_check_type)0, std::allocator<unsigned long long> > >&, boost::multiprecision::backends::rational_adaptor<boost::multiprecision::backends::cpp_int_backend<0ul, 0ul, (boost::multiprecision::cpp_integer_type)1, (boost::multiprecision::cpp_int_check_type)0, std::allocator<unsigned long long> > > const&, boost::multiprecision::backends::cpp_int_backend<0ul, 0ul, (boost::multiprecision::cpp_integer_type)1, (boost::multiprecision::cpp_int_check_type)0, std::allocator<unsigned long long> > const&, boost::multiprecision::backends::cpp_int_backend<0ul, 0ul, (boost::multiprecision::cpp_integer_type)1, (boost::multiprecision::cpp_int_check_type)0, std::allocator<unsigned long long> > const&)",58116232,0.33752327746741156
"void boost::multiprecision::backends::eval_gcd_lehmer<0ul, 0ul, (boost::multiprecision::cpp_integer_type)1, (boost::multiprecision::cpp_int_check_type)0, std::allocator<unsigned long long>, boost::multiprecision::backends::cpp_int_base<0ul, 18446744073709551615ul, (boost::multiprecision::cpp_integer_type)1, (boost::multiprecision::cpp_int_check_type)0, std::allocator<unsigned long long>, false>::scoped_shared_storage>(boost::multiprecision::backends::cpp_int_backend<0ul, 0ul, (boost::multiprecision::cpp_integer_type)1, (boost::multiprecision::cpp_int_check_type)0, std::allocator<unsigned long long> >&, boost::multiprecision::backends::cpp_int_backend<0ul, 0ul, (boost::multiprecision::cpp_integer_type)1, (boost::multiprecision::cpp_int_check_type)0, std::allocator<unsigned long long> >&, unsigned long, boost::multiprecision::backends::cpp_int_base<0ul, 18446744073709551615ul, (boost::multiprecision::cpp_integer_type)1, (boost::multiprecision::cpp_int_check_type)0, std::allocator<unsigned long long>, false>::scoped_shared_storage&)","void boost::multiprecision::backends::divide_unsigned_helper<boost::multiprecision::backends::cpp_int_backend<0ul, 0ul, (boost::multiprecision::cpp_integer_type)1, (boost::multiprecision::cpp_int_check_type)0, std::allocator<unsigned long long> >, boost::multiprecision::backends::cpp_int_backend<0ul, 0ul, (boost::multiprecision::cpp_integer_type)1, (boost::multiprecision::cpp_int_check_type)0, std::allocator<unsigned long long> >, boost::multiprecision::backends::cpp_int_backend<0ul, 0ul, (boost::multiprecision::cpp_integer_type)1, (boost::multiprecision::cpp_int_check_type)0, std::allocator<unsigned long long> > >(boost::multiprecision::backends::cpp_int_backend<0ul, 0ul, (boost::multiprecision::cpp_integer_type)1, (boost::multiprecision::cpp_int_check_type)0, std::allocator<unsigned long long> >*, boost::multiprecision::backends::cpp_int_backend<0ul, 0ul, (boost::multiprecision::cpp_integer_type)1, (boost::multiprecision::cpp_int_check_type)0, std::allocator<unsigned long long> > const&, boost::multiprecision::backends::cpp_int_backend<0ul, 0ul, (boost::multiprecision::cpp_integer_type)1, (boost::multiprecision::cpp_int_check_type)0, std::allocator<unsigned long long> > const&, boost::multiprecision::backends::cpp_int_backend<0ul, 0ul, (boost::multiprecision::cpp_integer_type)1, (boost::multiprecision::cpp_int_check_type)0, std::allocator<unsigned long long> >&)",56112224,0.3258845437616387
"std::array<boost::multiprecision::number<boost::multiprecision::backends::rational_adaptor<boost::multiprecision::backends::cpp_int_backend<0ul, 0ul, (boost::multiprecision::cpp_integer_type)1, (boost::multiprecision::cpp_int_check_type)0, std::allocator<unsigned long long> > >, (boost::multiprecision::expression_template_option)1>, 4ul> ParallelRoam::Algorithms::GreedyTransactionalLod::QualityEvaluation::Clip<boost::multiprecision::number<boost::multiprecision::backends::rational_adaptor<boost::multiprecision::backends::cpp_int_backend<0ul, 0ul, (boost::multiprecision::cpp_integer_type)1, (boost::multiprecision::cpp_int_check_type)0, std::allocator<unsigned long long> > >, (boost::multiprecision::expression_template_option)1> >(ParallelRoam::Algorithms::GreedyTransactionalLod::Configuration const&, boost::multiprecision::number<boost::multiprecision::backends::rational_adaptor<boost::multiprecision::backends::cpp_int_backend<0ul, 0ul, (boost::multiprecision::cpp_integer_type)1, (boost::multiprecision::cpp_int_check_type)0, std::allocator<unsigned long long> > >, (boost::multiprecision::expression_template_option)1> const&, boost::multiprecision::number<boost::multiprecision::backends::rational_adaptor<boost::multiprecision::backends::cpp_int_backend<0ul, 0ul, (boost::multiprecision::cpp_integer_type)1, (boost::multiprecision::cpp_int_check_type)0, std::allocator<unsigned long long> > >, (boost::multiprecision::expression_template_option)1> const&, boost::multiprecision::number<boost::multiprecision::backends::rational_adaptor<boost::multiprecision::backends::cpp_int_backend<0ul, 0ul, (boost::multiprecision::cpp_integer_type)1, (boost::multiprecision::cpp_int_check_type)0, std::allocator<unsigned long long> > >, (boost::multiprecision::expression_template_option)1> const&)",__memmove_avx512_unaligned_erms,56112224,0.3258845437616387
"std::array<ParallelRoam::Algorithms::GreedyTransactionalLod::QualityEvaluation::Interval, 3ul> ParallelRoam::Algorithms::GreedyTransactionalLod::QualityEvaluation::Reference<ParallelRoam::Algorithms::GreedyTransactionalLod::QualityEvaluation::Interval>(ParallelRoam::Algorithms::GreedyTransactionalLod::TransactionalState const&, ParallelRoam::Algorithms::GreedyTransactionalLod::TransactionalSamples const&, unsigned int)","ParallelRoam::Algorithms::GreedyTransactionalLod::QualityEvaluation::operator*(ParallelRoam::Algorithms::GreedyTransactionalLod::QualityEvaluation::Interval, ParallelRoam::Algorithms::GreedyTransactionalLod::QualityEvaluation::Interval)",54108216,0.31424581005586594
"ParallelRoam::Algorithms::GreedyTransactionalLod::TransactionalQualityFaceEvidence::ExactSide(unsigned long, std::array<boost::multiprecision::number<boost::multiprecision::backends::rational_adaptor<boost::multiprecision::backends::cpp_int_backend<0ul, 0ul, (boost::multiprecision::cpp_integer_type)1, (boost::multiprecision::cpp_int_check_type)0, std::allocator<unsigned long long> > >, (boost::multiprecision::expression_template_option)1>, 2ul> const&)","void boost::multiprecision::backends::eval_add_subtract_imp<boost::multiprecision::backends::cpp_int_backend<0ul, 0ul, (boost::multiprecision::cpp_integer_type)1, (boost::multiprecision::cpp_int_check_type)0, std::allocator<unsigned long long> > >(boost::multiprecision::backends::rational_adaptor<boost::multiprecision::backends::cpp_int_backend<0ul, 0ul, (boost::multiprecision::cpp_integer_type)1, (boost::multiprecision::cpp_int_check_type)0, std::allocator<unsigned long long> > >&, boost::multiprecision::backends::rational_adaptor<boost::multiprecision::backends::cpp_int_backend<0ul, 0ul, (boost::multiprecision::cpp_integer_type)1, (boost::multiprecision::cpp_int_check_type)0, std::allocator<unsigned long long> > > const&, boost::multiprecision::backends::rational_adaptor<boost::multiprecision::backends::cpp_int_backend<0ul, 0ul, (boost::multiprecision::cpp_integer_type)1, (boost::multiprecision::cpp_int_check_type)0, std::allocator<unsigned long long> > > const&, bool)",54108216,0.31424581005586594
"std::enable_if<((!boost::multiprecision::backends::is_trivial_cpp_int<boost::multiprecision::backends::cpp_int_backend<0ul, 0ul, (boost::multiprecision::cpp_integer_type)1, (boost::multiprecision::cpp_int_check_type)0, std::allocator<unsigned long long> > >::value)&&(!boost::multiprecision::backends::is_trivial_cpp_int<boost::multiprecision::backends::cpp_int_backend<0ul, 0ul, (boost::multiprecision::cpp_integer_type)1, (boost::multiprecision::cpp_int_check_type)0, std::allocator<unsigned long long> > >::value))&&(!boost::multiprecision::backends::is_trivial_cpp_int<boost::multiprecision::backends::cpp_int_backend<0ul, 0ul, (boost::multiprecision::cpp_integer_type)1, (boost::multiprecision::cpp_int_check_type)0, std::allocator<unsigned long long> > >::value), void>::type boost::multiprecision::backends::eval_multiply<0ul, 0ul, (boost::multiprecision::cpp_integer_type)1, (boost::multiprecision::cpp_int_check_type)0, std::allocator<unsigned long long>, 0ul, 0ul, (boost::multiprecision::cpp_integer_type)1, (boost::multiprecision::cpp_int_check_type)0, std::allocator<unsigned long long>, 0ul, 0ul, (boost::multiprecision::cpp_integer_type)1, (boost::multiprecision::cpp_int_check_type)0, std::allocator<unsigned long long> >(boost::multiprecision::backends::cpp_int_backend<0ul, 0ul, (boost::multiprecision::cpp_integer_type)1, (boost::multiprecision::cpp_int_check_type)0, std::allocator<unsigned long long> >&, boost::multiprecision::backends::cpp_int_backend<0ul, 0ul, (boost::multiprecision::cpp_integer_type)1, (boost::multiprecision::cpp_int_check_type)0, std::allocator<unsigned long long> > const&, boost::multiprecision::backends::cpp_int_backend<0ul, 0ul, (boost::multiprecision::cpp_integer_type)1, (boost::multiprecision::cpp_int_check_type)0, std::allocator<unsigned long long> > const&)","std::enable_if<(!boost::multiprecision::backends::is_trivial_cpp_int<boost::multiprecision::backends::cpp_int_backend<0ul, 0ul, (boost::multiprecision::cpp_integer_type)1, (boost::multiprecision::cpp_int_check_type)0, std::allocator<unsigned long long> > >::value)&&(!boost::multiprecision::backends::is_trivial_cpp_int<boost::multiprecision::backends::cpp_int_backend<0ul, 0ul, (boost::multiprecision::cpp_integer_type)1, (boost::multiprecision::cpp_int_check_type)0, std::allocator<unsigned long long> > >::value), void>::type boost::multiprecision::backends::eval_multiply<0ul, 0ul, (boost::multiprecision::cpp_integer_type)1, (boost::multiprecision::cpp_int_check_type)0, std::allocator<unsigned long long>, 0ul, 0ul, (boost::multiprecision::cpp_integer_type)1, (boost::multiprecision::cpp_int_check_type)0, std::allocator<unsigned long long> >(boost::multiprecision::backends::cpp_int_backend<0ul, 0ul, (boost::multiprecision::cpp_integer_type)1, (boost::multiprecision::cpp_int_check_type)0, std::allocator<unsigned long long> >&, boost::multiprecision::backends::cpp_int_backend<0ul, 0ul, (boost::multiprecision::cpp_integer_type)1, (boost::multiprecision::cpp_int_check_type)0, std::allocator<unsigned long long> > const&, unsigned long long const&)",54108216,0.31424581005586594
"void boost::multiprecision::backends::eval_add_subtract_imp<boost::multiprecision::backends::cpp_int_backend<0ul, 0ul, (boost::multiprecision::cpp_integer_type)1, (boost::multiprecision::cpp_int_check_type)0, std::allocator<unsigned long long> > >(boost::multiprecision::backends::rational_adaptor<boost::multiprecision::backends::cpp_int_backend<0ul, 0ul, (boost::multiprecision::cpp_integer_type)1, (boost::multiprecision::cpp_int_check_type)0, std::allocator<unsigned long long> > >&, boost::multiprecision::backends::rational_adaptor<boost::multiprecision::backends::cpp_int_backend<0ul, 0ul, (boost::multiprecision::cpp_integer_type)1, (boost::multiprecision::cpp_int_check_type)0, std::allocator<unsigned long long> > > const&, boost::multiprecision::backends::rational_adaptor<boost::multiprecision::backends::cpp_int_backend<0ul, 0ul, (boost::multiprecision::cpp_integer_type)1, (boost::multiprecision::cpp_int_check_type)0, std::allocator<unsigned long long> > > const&, bool)","void boost::multiprecision::backends::add_unsigned<boost::multiprecision::backends::cpp_int_backend<0ul, 0ul, (boost::multiprecision::cpp_integer_type)1, (boost::multiprecision::cpp_int_check_type)0, std::allocator<unsigned long long> >, boost::multiprecision::backends::cpp_int_backend<0ul, 0ul, (boost::multiprecision::cpp_integer_type)1, (boost::multiprecision::cpp_int_check_type)0, std::allocator<unsigned long long> >, boost::multiprecision::backends::cpp_int_backend<0ul, 0ul, (boost::multiprecision::cpp_integer_type)1, (boost::multiprecision::cpp_int_check_type)0, std::allocator<unsigned long long> > >(boost::multiprecision::backends::cpp_int_backend<0ul, 0ul, (boost::multiprecision::cpp_integer_type)1, (boost::multiprecision::cpp_int_check_type)0, std::allocator<unsigned long long> >&, boost::multiprecision::backends::cpp_int_backend<0ul, 0ul, (boost::multiprecision::cpp_integer_type)1, (boost::multiprecision::cpp_int_check_type)0, std::allocator<unsigned long long> > const&, boost::multiprecision::backends::cpp_int_backend<0ul, 0ul, (boost::multiprecision::cpp_integer_type)1, (boost::multiprecision::cpp_int_check_type)0, std::allocator<unsigned long long> > const&)",54108216,0.31424581005586594
__libc_malloc2,_int_malloc,52104208,0.3026070763500931
"ParallelRoam::Algorithms::GreedyTransactionalLod::TransactionalPointwiseQuality::ValidateBatch(ParallelRoam::Algorithms::GreedyTransactionalLod::TransactionalState const&, ParallelRoam::Algorithms::GreedyTransactionalLod::TransactionalSamples const&, ParallelRoam::Algorithms::GreedyTransactionalLod::CertifiedBatch const&, ParallelRoam::Algorithms::GreedyTransactionalLod::WorkLedger&)","ParallelRoam::Algorithms::GreedyTransactionalLod::TransactionalPointwiseQuality::ValidateBatch(ParallelRoam::Algorithms::GreedyTransactionalLod::TransactionalState const&, ParallelRoam::Algorithms::GreedyTransactionalLod::TransactionalSamples const&, ParallelRoam::Algorithms::GreedyTransactionalLod::CertifiedBatch const&, ParallelRoam::Algorithms::GreedyTransactionalLod::WorkLedger&)::{lambda(ParallelRoam::Algorithms::GreedyTransactionalLod::Proposal const&, bool)#1}::operator()(ParallelRoam::Algorithms::GreedyTransactionalLod::Proposal const&, bool) const",52104208,0.3026070763500931
"ParallelRoam::Algorithms::GreedyTransactionalLod::TransactionalPointwiseQuality::Certify[abi:cxx11](ParallelRoam::Algorithms::GreedyTransactionalLod::TransactionalState const&, ParallelRoam::Algorithms::GreedyTransactionalLod::TransactionalSamples const&, ParallelRoam::Algorithms::GreedyTransactionalLod::Proposal&, bool, ParallelRoam::Algorithms::GreedyTransactionalLod::WorkLedger&)",ParallelRoam::Algorithms::GreedyTransactionalLod::WorkLedger::Touch(),50100200,0.2909683426443203
"ParallelRoam::Algorithms::GreedyTransactionalLod::(anonymous namespace)::Prepare(ParallelRoam::Algorithms::GreedyTransactionalLod::TransactionalState const&, ParallelRoam::Algorithms::GreedyTransactionalLod::TransactionalSamples const&, unsigned int, char, std::vector<unsigned int, std::allocator<unsigned int> >, ParallelRoam::Algorithms::GreedyTransactionalLod::Point const&, long, unsigned long)","ParallelRoam::Algorithms::GreedyTransactionalLod::TransactionalPredicates::Orientation(ParallelRoam::Algorithms::GreedyTransactionalLod::Point const&, ParallelRoam::Algorithms::GreedyTransactionalLod::Point const&, ParallelRoam::Algorithms::GreedyTransactionalLod::Point const&)",50100200,0.2909683426443203
"std::array<boost::multiprecision::number<boost::multiprecision::backends::rational_adaptor<boost::multiprecision::backends::cpp_int_backend<0ul, 0ul, (boost::multiprecision::cpp_integer_type)1, (boost::multiprecision::cpp_int_check_type)0, std::allocator<unsigned long long> > >, (boost::multiprecision::expression_template_option)1>, 3ul> ParallelRoam::Algorithms::GreedyTransactionalLod::QualityEvaluation::Reference<boost::multiprecision::number<boost::multiprecision::backends::rational_adaptor<boost::multiprecision::backends::cpp_int_backend<0ul, 0ul, (boost::multiprecision::cpp_integer_type)1, (boost::multiprecision::cpp_int_check_type)0, std::allocator<unsigned long long> > >, (boost::multiprecision::expression_template_option)1> >(ParallelRoam::Algorithms::GreedyTransactionalLod::TransactionalState const&, ParallelRoam::Algorithms::GreedyTransactionalLod::TransactionalSamples const&, unsigned int)","boost::multiprecision::backends::rational_adaptor<boost::multiprecision::backends::cpp_int_backend<0ul, 0ul, (boost::multiprecision::cpp_integer_type)1, (boost::multiprecision::cpp_int_check_type)0, std::allocator<unsigned long long> > >::rational_adaptor<unsigned long long>(unsigned long long const&, std::enable_if<std::is_constructible<boost::multiprecision::backends::cpp_int_backend<0ul, 0ul, (boost::multiprecision::cpp_integer_type)1, (boost::multiprecision::cpp_int_check_type)0, std::allocator<unsigned long long> >, unsigned long long>::value&&(!std::is_floating_point<unsigned long long>::value), void>::type const*)",50100200,0.2909683426443203
"void boost::multiprecision::number<boost::multiprecision::backends::rational_adaptor<boost::multiprecision::backends::cpp_int_backend<0ul, 0ul, (boost::multiprecision::cpp_integer_type)1, (boost::multiprecision::cpp_int_check_type)0, std::allocator<unsigned long long> > >, (boost::multiprecision::expression_template_option)1>::do_assign<boost::multiprecision::detail::expression<boost::multiprecision::detail::multiplies, boost::multiprecision::detail::expression<boost::multiprecision::detail::subtract_immediates, boost::multiprecision::number<boost::multiprecision::backends::rational_adaptor<boost::multiprecision::backends::cpp_int_backend<0ul, 0ul, (boost::multiprecision::cpp_integer_type)1, (boost::multiprecision::cpp_int_check_type)0, std::allocator<unsigned long long> > >, (boost::multiprecision::expression_template_option)1>, boost::multiprecision::number<boost::multiprecision::backends::rational_adaptor<boost::multiprecision::backends::cpp_int_backend<0ul, 0ul, (boost::multiprecision::cpp_integer_type)1, (boost::multiprecision::cpp_int_check_type)0, std::allocator<unsigned long long> > >, (boost::multiprecision::expression_template_option)1>, void, void>, boost::multiprecision::detail::expression<boost::multiprecision::detail::subtract_immediates, boost::multiprecision::number<boost::multiprecision::backends::rational_adaptor<boost::multiprecision::backends::cpp_int_backend<0ul, 0ul, (boost::multiprecision::cpp_integer_type)1, (boost::multiprecision::cpp_int_check_type)0, std::allocator<unsigned long long> > >, (boost::multiprecision::expression_template_option)1>, boost::multiprecision::number<boost::multiprecision::backends::rational_adaptor<boost::multiprecision::backends::cpp_int_backend<0ul, 0ul, (boost::multiprecision::cpp_integer_type)1, (boost::multiprecision::cpp_int_check_type)0, std::allocator<unsigned long long> > >, (boost::multiprecision::expression_template_option)1>, void, void>, void, void> >(boost::multiprecision::detail::expression<boost::multiprecision::detail::multiplies, boost::multiprecision::detail::expression<boost::multiprecision::detail::subtract_immediates, boost::multiprecision::number<boost::multiprecision::backends::rational_adaptor<boost::multiprecision::backends::cpp_int_backend<0ul, 0ul, (boost::multiprecision::cpp_integer_type)1, (boost::multiprecision::cpp_int_check_type)0, std::allocator<unsigned long long> > >, (boost::multiprecision::expression_template_option)1>, boost::multiprecision::number<boost::multiprecision::backends::rational_adaptor<boost::multiprecision::backends::cpp_int_backend<0ul, 0ul, (boost::multiprecision::cpp_integer_type)1, (boost::multiprecision::cpp_int_check_type)0, std::allocator<unsigned long long> > >, (boost::multiprecision::expression_template_option)1>, void, void>, boost::multiprecision::detail::expression<boost::multiprecision::detail::subtract_immediates, boost::multiprecision::number<boost::multiprecision::backends::rational_adaptor<boost::multiprecision::backends::cpp_int_backend<0ul, 0ul, (boost::multiprecision::cpp_integer_type)1, (boost::multiprecision::cpp_int_check_type)0, std::allocator<unsigned long long> > >, (boost::multiprecision::expression_template_option)1>, boost::multiprecision::number<boost::multiprecision::backends::rational_adaptor<boost::multiprecision::backends::cpp_int_backend<0ul, 0ul, (boost::multiprecision::cpp_integer_type)1, (boost::multiprecision::cpp_int_check_type)0, std::allocator<unsigned long long> > >, (boost::multiprecision::expression_template_option)1>, void, void>, void, void> const&, boost::multiprecision::detail::multiplies const&) [clone .isra.0]","void boost::multiprecision::backends::eval_multiply_imp<boost::multiprecision::backends::cpp_int_backend<0ul, 0ul, (boost::multiprecision::cpp_integer_type)1, (boost::multiprecision::cpp_int_check_type)0, std::allocator<unsigned long long> > >(boost::multiprecision::backends::rational_adaptor<boost::multiprecision::backends::cpp_int_backend<0ul, 0ul, (boost::multiprecision::cpp_integer_type)1, (boost::multiprecision::cpp_int_check_type)0, std::allocator<unsigned long long> > >&, boost::multiprecision::backends::rational_adaptor<boost::multiprecision::backends::cpp_int_backend<0ul, 0ul, (boost::multiprecision::cpp_integer_type)1, (boost::multiprecision::cpp_int_check_type)0, std::allocator<unsigned long long> > > const&, boost::multiprecision::backends::cpp_int_backend<0ul, 0ul, (boost::multiprecision::cpp_integer_type)1, (boost::multiprecision::cpp_int_check_type)0, std::allocator<unsigned long long> > const&, boost::multiprecision::backends::cpp_int_backend<0ul, 0ul, (boost::multiprecision::cpp_integer_type)1, (boost::multiprecision::cpp_int_check_type)0, std::allocator<unsigned long long> > const&)",48096192,0.27932960893854747
"std::array<boost::multiprecision::number<boost::multiprecision::backends::rational_adaptor<boost::multiprecision::backends::cpp_int_backend<0ul, 0ul, (boost::multiprecision::cpp_integer_type)1, (boost::multiprecision::cpp_int_check_type)0, std::allocator<unsigned long long> > >, (boost::multiprecision::expression_template_option)1>, 4ul> ParallelRoam::Algorithms::GreedyTransactionalLod::QualityEvaluation::Clip<boost::multiprecision::number<boost::multiprecision::backends::rational_adaptor<boost::multiprecision::backends::cpp_int_backend<0ul, 0ul, (boost::multiprecision::cpp_integer_type)1, (boost::multiprecision::cpp_int_check_type)0, std::allocator<unsigned long long> > >, (boost::multiprecision::expression_template_option)1> >(ParallelRoam::Algorithms::GreedyTransactionalLod::Configuration const&, boost::multiprecision::number<boost::multiprecision::backends::rational_adaptor<boost::multiprecision::backends::cpp_int_backend<0ul, 0ul, (boost::multiprecision::cpp_integer_type)1, (boost::multiprecision::cpp_int_check_type)0, std::allocator<unsigned long long> > >, (boost::multiprecision::expression_template_option)1> const&, boost::multiprecision::number<boost::multiprecision::backends::rational_adaptor<boost::multiprecision::backends::cpp_int_backend<0ul, 0ul, (boost::multiprecision::cpp_integer_type)1, (boost::multiprecision::cpp_int_check_type)0, std::allocator<unsigned long long> > >, (boost::multiprecision::expression_template_option)1> const&, boost::multiprecision::number<boost::multiprecision::backends::rational_adaptor<boost::multiprecision::backends::cpp_int_backend<0ul, 0ul, (boost::multiprecision::cpp_integer_type)1, (boost::multiprecision::cpp_int_check_type)0, std::allocator<unsigned long long> > >, (boost::multiprecision::expression_template_option)1> const&)","boost::multiprecision::backends::rational_adaptor<boost::multiprecision::backends::cpp_int_backend<0ul, 0ul, (boost::multiprecision::cpp_integer_type)1, (boost::multiprecision::cpp_int_check_type)0, std::allocator<unsigned long long> > >::rational_adaptor()",48096192,0.27932960893854747
"ParallelRoam::Algorithms::GreedyTransactionalLod::TransactionalQualityFaceEvidence::Coefficients<boost::multiprecision::number<boost::multiprecision::backends::rational_adaptor<boost::multiprecision::backends::cpp_int_backend<0ul, 0ul, (boost::multiprecision::cpp_integer_type)1, (boost::multiprecision::cpp_int_check_type)0, std::allocator<unsigned long long> > >, (boost::multiprecision::expression_template_option)1> > ParallelRoam::Algorithms::GreedyTransactionalLod::TransactionalQualityFaceEvidence::Prepare<boost::multiprecision::number<boost::multiprecision::backends::rational_adaptor<boost::multiprecision::backends::cpp_int_backend<0ul, 0ul, (boost::multiprecision::cpp_integer_type)1, (boost::multiprecision::cpp_int_check_type)0, std::allocator<unsigned long long> > >, (boost::multiprecision::expression_template_option)1> >() const","void boost::multiprecision::backends::eval_add_subtract_imp<boost::multiprecision::backends::cpp_int_backend<0ul, 0ul, (boost::multiprecision::cpp_integer_type)1, (boost::multiprecision::cpp_int_check_type)0, std::allocator<unsigned long long> > >(boost::multiprecision::backends::rational_adaptor<boost::multiprecision::backends::cpp_int_backend<0ul, 0ul, (boost::multiprecision::cpp_integer_type)1, (boost::multiprecision::cpp_int_check_type)0, std::allocator<unsigned long long> > >&, boost::multiprecision::backends::rational_adaptor<boost::multiprecision::backends::cpp_int_backend<0ul, 0ul, (boost::multiprecision::cpp_integer_type)1, (boost::multiprecision::cpp_int_check_type)0, std::allocator<unsigned long long> > > const&, boost::multiprecision::backends::rational_adaptor<boost::multiprecision::backends::cpp_int_backend<0ul, 0ul, (boost::multiprecision::cpp_integer_type)1, (boost::multiprecision::cpp_int_check_type)0, std::allocator<unsigned long long> > > const&, bool)",44088176,0.25605214152700184
"std::_Function_handler<void (unsigned long, unsigned long, ParallelRoam::Algorithms::GreedyTransactionalLod::WorkLedger&), ParallelRoam::Algorithms::GreedyTransactionalLod::TransactionalSamples::PrepareView(ParallelRoam::Algorithms::GreedyTransactionalLod::TransactionalState const&, ParallelRoam::Algorithms::GreedyTransactionalLod::Configuration const&, ParallelRoam::Algorithms::GreedyTransactionalLod::WorkLedger&, ParallelRoam::Algorithms::GreedyTransactionalLod::TransactionalExecution const&)::{lambda(auto:1, auto:2, ParallelRoam::Algorithms::GreedyTransactionalLod::WorkLedger&)#2}>::_M_invoke(std::_Any_data const&, unsigned long&&, unsigned long&&, ParallelRoam::Algorithms::GreedyTransactionalLod::WorkLedger&)",ParallelRoam::Algorithms::GreedyTransactionalLod::TransactionalState::Vertex(long) const,44088176,0.25605214152700184
"std::enable_if<std::is_floating_point<long double>::value, boost::multiprecision::backends::rational_adaptor<boost::multiprecision::backends::cpp_int_backend<0ul, 0ul, (boost::multiprecision::cpp_integer_type)1, (boost::multiprecision::cpp_int_check_type)0, std::allocator<unsigned long long> > >&>::type boost::multiprecision::backends::rational_adaptor<boost::multiprecision::backends::cpp_int_backend<0ul, 0ul, (boost::multiprecision::cpp_integer_type)1, (boost::multiprecision::cpp_int_check_type)0, std::allocator<unsigned long long> > >::operator=<long double>(long double) [clone .isra.0]",__umodti3,42084168,0.24441340782122906
"ParallelRoam::Algorithms::GreedyTransactionalLod::TransactionalPointwiseQuality::Certify[abi:cxx11](ParallelRoam::Algorithms::GreedyTransactionalLod::TransactionalState const&, ParallelRoam::Algorithms::GreedyTransactionalLod::TransactionalSamples const&, ParallelRoam::Algorithms::GreedyTransactionalLod::Proposal&, bool, ParallelRoam::Algorithms::GreedyTransactionalLod::WorkLedger&)","ParallelRoam::Algorithms::GreedyTransactionalLod::TransactionalSamples::BoxCandidates(double, double, double, double, ParallelRoam::Algorithms::GreedyTransactionalLod::WorkLedger&) const",40080160,0.23277467411545624
"ParallelRoam::Algorithms::GreedyTransactionalLod::TransactionalPredicates::Shape(ParallelRoam::Algorithms::GreedyTransactionalLod::Point const&, ParallelRoam::Algorithms::GreedyTransactionalLod::Point const&, ParallelRoam::Algorithms::GreedyTransactionalLod::Point const&)","void boost::multiprecision::backends::eval_add_subtract_imp<boost::multiprecision::backends::cpp_int_backend<0ul, 0ul, (boost::multiprecision::cpp_integer_type)1, (boost::multiprecision::cpp_int_check_type)0, std::allocator<unsigned long long> > >(boost::multiprecision::backends::rational_adaptor<boost::multiprecision::backends::cpp_int_backend<0ul, 0ul, (boost::multiprecision::cpp_integer_type)1, (boost::multiprecision::cpp_int_check_type)0, std::allocator<unsigned long long> > >&, boost::multiprecision::backends::rational_adaptor<boost::multiprecision::backends::cpp_int_backend<0ul, 0ul, (boost::multiprecision::cpp_integer_type)1, (boost::multiprecision::cpp_int_check_type)0, std::allocator<unsigned long long> > > const&, boost::multiprecision::backends::rational_adaptor<boost::multiprecision::backends::cpp_int_backend<0ul, 0ul, (boost::multiprecision::cpp_integer_type)1, (boost::multiprecision::cpp_int_check_type)0, std::allocator<unsigned long long> > > const&, bool)",40080160,0.23277467411545624
"ParallelRoam::Algorithms::GreedyTransactionalLod::QualityEvaluation::Area(std::array<ParallelRoam::Algorithms::GreedyTransactionalLod::Point, 3ul> const&)","void boost::multiprecision::backends::eval_add_subtract_imp<boost::multiprecision::backends::cpp_int_backend<0ul, 0ul, (boost::multiprecision::cpp_integer_type)1, (boost::multiprecision::cpp_int_check_type)0, std::allocator<unsigned long long> > >(boost::multiprecision::backends::rational_adaptor<boost::multiprecision::backends::cpp_int_backend<0ul, 0ul, (boost::multiprecision::cpp_integer_type)1, (boost::multiprecision::cpp_int_check_type)0, std::allocator<unsigned long long> > >&, boost::multiprecision::backends::rational_adaptor<boost::multiprecision::backends::cpp_int_backend<0ul, 0ul, (boost::multiprecision::cpp_integer_type)1, (boost::multiprecision::cpp_int_check_type)0, std::allocator<unsigned long long> > > const&, boost::multiprecision::backends::rational_adaptor<boost::multiprecision::backends::cpp_int_backend<0ul, 0ul, (boost::multiprecision::cpp_integer_type)1, (boost::multiprecision::cpp_int_check_type)0, std::allocator<unsigned long long> > > const&, bool)",40080160,0.23277467411545624
ParallelRoam::Algorithms::GreedyTransactionalLod::TransactionalQualitySampleEvidence::CoordinateBounds(),"ParallelRoam::Algorithms::GreedyTransactionalLod::QualityEvaluation::operator*(ParallelRoam::Algorithms::GreedyTransactionalLod::QualityEvaluation::Interval, ParallelRoam::Algorithms::GreedyTransactionalLod::QualityEvaluation::Interval)",40080160,0.23277467411545624
"ParallelRoam::Algorithms::GreedyTransactionalLod::TransactionalSamples::Weights(unsigned int, ParallelRoam::Algorithms::GreedyTransactionalLod::Point const&, ParallelRoam::Algorithms::GreedyTransactionalLod::Point const&, ParallelRoam::Algorithms::GreedyTransactionalLod::Point const&, std::array<double, 3ul>&) const","void boost::multiprecision::backends::eval_add_subtract_imp<boost::multiprecision::backends::cpp_int_backend<0ul, 0ul, (boost::multiprecision::cpp_integer_type)1, (boost::multiprecision::cpp_int_check_type)0, std::allocator<unsigned long long> > >(boost::multiprecision::backends::rational_adaptor<boost::multiprecision::backends::cpp_int_backend<0ul, 0ul, (boost::multiprecision::cpp_integer_type)1, (boost::multiprecision::cpp_int_check_type)0, std::allocator<unsigned long long> > >&, boost::multiprecision::backends::rational_adaptor<boost::multiprecision::backends::cpp_int_backend<0ul, 0ul, (boost::multiprecision::cpp_integer_type)1, (boost::multiprecision::cpp_int_check_type)0, std::allocator<unsigned long long> > > const&, boost::multiprecision::backends::rational_adaptor<boost::multiprecision::backends::cpp_int_backend<0ul, 0ul, (boost::multiprecision::cpp_integer_type)1, (boost::multiprecision::cpp_int_check_type)0, std::allocator<unsigned long long> > > const&, bool)",40080160,0.23277467411545624
"void boost::multiprecision::number<boost::multiprecision::backends::rational_adaptor<boost::multiprecision::backends::cpp_int_backend<0ul, 0ul, (boost::multiprecision::cpp_integer_type)1, (boost::multiprecision::cpp_int_check_type)0, std::allocator<unsigned long long> > >, (boost::multiprecision::expression_template_option)1>::do_assign<boost::multiprecision::detail::expression<boost::multiprecision::detail::plus, boost::multiprecision::detail::expression<boost::multiprecision::detail::multiply_immediates, boost::multiprecision::number<boost::multiprecision::backends::rational_adaptor<boost::multiprecision::backends::cpp_int_backend<0ul, 0ul, (boost::multiprecision::cpp_integer_type)1, (boost::multiprecision::cpp_int_check_type)0, std::allocator<unsigned long long> > >, (boost::multiprecision::expression_template_option)1>, boost::multiprecision::number<boost::multiprecision::backends::rational_adaptor<boost::multiprecision::backends::cpp_int_backend<0ul, 0ul, (boost::multiprecision::cpp_integer_type)1, (boost::multiprecision::cpp_int_check_type)0, std::allocator<unsigned long long> > >, (boost::multiprecision::expression_template_option)1>, void, void>, boost::multiprecision::detail::expression<boost::multiprecision::detail::multiply_immediates, boost::multiprecision::number<boost::multiprecision::backends::rational_adaptor<boost::multiprecision::backends::cpp_int_backend<0ul, 0ul, (boost::multiprecision::cpp_integer_type)1, (boost::multiprecision::cpp_int_check_type)0, std::allocator<unsigned long long> > >, (boost::multiprecision::expression_template_option)1>, boost::multiprecision::number<boost::multiprecision::backends::rational_adaptor<boost::multiprecision::backends::cpp_int_backend<0ul, 0ul, (boost::multiprecision::cpp_integer_type)1, (boost::multiprecision::cpp_int_check_type)0, std::allocator<unsigned long long> > >, (boost::multiprecision::expression_template_option)1>, void, void>, void, void> >(boost::multiprecision::detail::expression<boost::multiprecision::detail::plus, boost::multiprecision::detail::expression<boost::multiprecision::detail::multiply_immediates, boost::multiprecision::number<boost::multiprecision::backends::rational_adaptor<boost::multiprecision::backends::cpp_int_backend<0ul, 0ul, (boost::multiprecision::cpp_integer_type)1, (boost::multiprecision::cpp_int_check_type)0, std::allocator<unsigned long long> > >, (boost::multiprecision::expression_template_option)1>, boost::multiprecision::number<boost::multiprecision::backends::rational_adaptor<boost::multiprecision::backends::cpp_int_backend<0ul, 0ul, (boost::multiprecision::cpp_integer_type)1, (boost::multiprecision::cpp_int_check_type)0, std::allocator<unsigned long long> > >, (boost::multiprecision::expression_template_option)1>, void, void>, boost::multiprecision::detail::expression<boost::multiprecision::detail::multiply_immediates, boost::multiprecision::number<boost::multiprecision::backends::rational_adaptor<boost::multiprecision::backends::cpp_int_backend<0ul, 0ul, (boost::multiprecision::cpp_integer_type)1, (boost::multiprecision::cpp_int_check_type)0, std::allocator<unsigned long long> > >, (boost::multiprecision::expression_template_option)1>, boost::multiprecision::number<boost::multiprecision::backends::rational_adaptor<boost::multiprecision::backends::cpp_int_backend<0ul, 0ul, (boost::multiprecision::cpp_integer_type)1, (boost::multiprecision::cpp_int_check_type)0, std::allocator<unsigned long long> > >, (boost::multiprecision::expression_template_option)1>, void, void>, void, void> const&, boost::multiprecision::detail::plus const&) [clone .isra.0]","void boost::multiprecision::backends::eval_add_subtract_imp<boost::multiprecision::backends::cpp_int_backend<0ul, 0ul, (boost::multiprecision::cpp_integer_type)1, (boost::multiprecision::cpp_int_check_type)0, std::allocator<unsigned long long> > >(boost::multiprecision::backends::rational_adaptor<boost::multiprecision::backends::cpp_int_backend<0ul, 0ul, (boost::multiprecision::cpp_integer_type)1, (boost::multiprecision::cpp_int_check_type)0, std::allocator<unsigned long long> > >&, boost::multiprecision::backends::rational_adaptor<boost::multiprecision::backends::cpp_int_backend<0ul, 0ul, (boost::multiprecision::cpp_integer_type)1, (boost::multiprecision::cpp_int_check_type)0, std::allocator<unsigned long long> > > const&, boost::multiprecision::backends::rational_adaptor<boost::multiprecision::backends::cpp_int_backend<0ul, 0ul, (boost::multiprecision::cpp_integer_type)1, (boost::multiprecision::cpp_int_check_type)0, std::allocator<unsigned long long> > > const&, bool)",40080160,0.23277467411545624
"ParallelRoam::Algorithms::GreedyTransactionalLod::QualityEvaluation::SameInterface(ParallelRoam::Algorithms::GreedyTransactionalLod::TransactionalState const&, ParallelRoam::Algorithms::GreedyTransactionalLod::Proposal const&, bool, std::vector<std::array<ParallelRoam::Algorithms::GreedyTransactionalLod::Point, 3ul>, std::allocator<std::array<ParallelRoam::Algorithms::GreedyTransactionalLod::Point, 3ul> > > const&, std::vector<std::array<ParallelRoam::Algorithms::GreedyTransactionalLod::Point, 3ul>, std::allocator<std::array<ParallelRoam::Algorithms::GreedyTransactionalLod::Point, 3ul> > > const&)","void boost::multiprecision::backends::eval_multiply_imp<boost::multiprecision::backends::cpp_int_backend<0ul, 0ul, (boost::multiprecision::cpp_integer_type)1, (boost::multiprecision::cpp_int_check_type)0, std::allocator<unsigned long long> > >(boost::multiprecision::backends::rational_adaptor<boost::multiprecision::backends::cpp_int_backend<0ul, 0ul, (boost::multiprecision::cpp_integer_type)1, (boost::multiprecision::cpp_int_check_type)0, std::allocator<unsigned long long> > >&, boost::multiprecision::backends::rational_adaptor<boost::multiprecision::backends::cpp_int_backend<0ul, 0ul, (boost::multiprecision::cpp_integer_type)1, (boost::multiprecision::cpp_int_check_type)0, std::allocator<unsigned long long> > > const&, boost::multiprecision::backends::cpp_int_backend<0ul, 0ul, (boost::multiprecision::cpp_integer_type)1, (boost::multiprecision::cpp_int_check_type)0, std::allocator<unsigned long long> > const&, boost::multiprecision::backends::cpp_int_backend<0ul, 0ul, (boost::multiprecision::cpp_integer_type)1, (boost::multiprecision::cpp_int_check_type)0, std::allocator<unsigned long long> > const&)",40080160,0.23277467411545624
"void boost::multiprecision::backends::eval_gcd_lehmer<0ul, 0ul, (boost::multiprecision::cpp_integer_type)1, (boost::multiprecision::cpp_int_check_type)0, std::allocator<unsigned long long>, boost::multiprecision::backends::cpp_int_base<0ul, 18446744073709551615ul, (boost::multiprecision::cpp_integer_type)1, (boost::multiprecision::cpp_int_check_type)0, std::allocator<unsigned long long>, false>::scoped_shared_storage>(boost::multiprecision::backends::cpp_int_backend<0ul, 0ul, (boost::multiprecision::cpp_integer_type)1, (boost::multiprecision::cpp_int_check_type)0, std::allocator<unsigned long long> >&, boost::multiprecision::backends::cpp_int_backend<0ul, 0ul, (boost::multiprecision::cpp_integer_type)1, (boost::multiprecision::cpp_int_check_type)0, std::allocator<unsigned long long> >&, unsigned long, boost::multiprecision::backends::cpp_int_base<0ul, 18446744073709551615ul, (boost::multiprecision::cpp_integer_type)1, (boost::multiprecision::cpp_int_check_type)0, std::allocator<unsigned long long>, false>::scoped_shared_storage&)","void boost::multiprecision::backends::subtract_unsigned<boost::multiprecision::backends::cpp_int_backend<0ul, 0ul, (boost::multiprecision::cpp_integer_type)1, (boost::multiprecision::cpp_int_check_type)0, std::allocator<unsigned long long> >, boost::multiprecision::backends::cpp_int_backend<0ul, 0ul, (boost::multiprecision::cpp_integer_type)1, (boost::multiprecision::cpp_int_check_type)0, std::allocator<unsigned long long> >, boost::multiprecision::backends::cpp_int_backend<0ul, 0ul, (boost::multiprecision::cpp_integer_type)1, (boost::multiprecision::cpp_int_check_type)0, std::allocator<unsigned long long> > >(boost::multiprecision::backends::cpp_int_backend<0ul, 0ul, (boost::multiprecision::cpp_integer_type)1, (boost::multiprecision::cpp_int_check_type)0, std::allocator<unsigned long long> >&, boost::multiprecision::backends::cpp_int_backend<0ul, 0ul, (boost::multiprecision::cpp_integer_type)1, (boost::multiprecision::cpp_int_check_type)0, std::allocator<unsigned long long> > const&, boost::multiprecision::backends::cpp_int_backend<0ul, 0ul, (boost::multiprecision::cpp_integer_type)1, (boost::multiprecision::cpp_int_check_type)0, std::allocator<unsigned long long> > const&)",38076152,0.22113594040968343
"ParallelRoam::Algorithms::GreedyTransactionalLod::TransactionalPointwiseQuality::Certify[abi:cxx11](ParallelRoam::Algorithms::GreedyTransactionalLod::TransactionalState const&, ParallelRoam::Algorithms::GreedyTransactionalLod::TransactionalSamples const&, ParallelRoam::Algorithms::GreedyTransactionalLod::Proposal&, bool, ParallelRoam::Algorithms::GreedyTransactionalLod::WorkLedger&)","boost::multiprecision::backends::cpp_int_backend<0ul, 0ul, (boost::multiprecision::cpp_integer_type)1, (boost::multiprecision::cpp_int_check_type)0, std::allocator<unsigned long long> >::~cpp_int_backend()",38076152,0.22113594040968343
"ParallelRoam::Algorithms::GreedyTransactionalLod::TransactionalPointwiseQuality::Certify[abi:cxx11](ParallelRoam::Algorithms::GreedyTransactionalLod::TransactionalState const&, ParallelRoam::Algorithms::GreedyTransactionalLod::TransactionalSamples const&, ParallelRoam::Algorithms::GreedyTransactionalLod::Proposal&, bool, ParallelRoam::Algorithms::GreedyTransactionalLod::WorkLedger&)","void boost::multiprecision::backends::eval_add_subtract_imp<boost::multiprecision::backends::cpp_int_backend<0ul, 0ul, (boost::multiprecision::cpp_integer_type)1, (boost::multiprecision::cpp_int_check_type)0, std::allocator<unsigned long long> > >(boost::multiprecision::backends::rational_adaptor<boost::multiprecision::backends::cpp_int_backend<0ul, 0ul, (boost::multiprecision::cpp_integer_type)1, (boost::multiprecision::cpp_int_check_type)0, std::allocator<unsigned long long> > >&, boost::multiprecision::backends::rational_adaptor<boost::multiprecision::backends::cpp_int_backend<0ul, 0ul, (boost::multiprecision::cpp_integer_type)1, (boost::multiprecision::cpp_int_check_type)0, std::allocator<unsigned long long> > > const&, boost::multiprecision::backends::rational_adaptor<boost::multiprecision::backends::cpp_int_backend<0ul, 0ul, (boost::multiprecision::cpp_integer_type)1, (boost::multiprecision::cpp_int_check_type)0, std::allocator<unsigned long long> > > const&, bool)",38076152,0.22113594040968343
"ParallelRoam::Algorithms::GreedyTransactionalLod::TransactionalPredicates::Orientation(ParallelRoam::Algorithms::GreedyTransactionalLod::Point const&, ParallelRoam::Algorithms::GreedyTransactionalLod::Point const&, ParallelRoam::Algorithms::GreedyTransactionalLod::Point const&)","std::enable_if<std::is_floating_point<long double>::value, boost::multiprecision::backends::rational_adaptor<boost::multiprecision::backends::cpp_int_backend<0ul, 0ul, (boost::multiprecision::cpp_integer_type)1, (boost::multiprecision::cpp_int_check_type)0, std::allocator<unsigned long long> > >&>::type boost::multiprecision::backends::rational_adaptor<boost::multiprecision::backends::cpp_int_backend<0ul, 0ul, (boost::multiprecision::cpp_integer_type)1, (boost::multiprecision::cpp_int_check_type)0, std::allocator<unsigned long long> > >::operator=<long double>(long double) [clone .isra.0]",38076152,0.22113594040968343
"std::enable_if<std::is_floating_point<long double>::value, boost::multiprecision::backends::rational_adaptor<boost::multiprecision::backends::cpp_int_backend<0ul, 0ul, (boost::multiprecision::cpp_integer_type)1, (boost::multiprecision::cpp_int_check_type)0, std::allocator<unsigned long long> > >&>::type boost::multiprecision::backends::rational_adaptor<boost::multiprecision::backends::cpp_int_backend<0ul, 0ul, (boost::multiprecision::cpp_integer_type)1, (boost::multiprecision::cpp_int_check_type)0, std::allocator<unsigned long long> > >::operator=<long double>(long double) [clone .isra.0]","boost::multiprecision::backends::cpp_int_base<0ul, 18446744073709551615ul, (boost::multiprecision::cpp_integer_type)1, (boost::multiprecision::cpp_int_check_type)0, std::allocator<unsigned long long>, false>::resize(unsigned long, unsigned long) [clone .isra.0]",38076152,0.22113594040968343
"std::_Function_handler<void (unsigned long, unsigned long, ParallelRoam::Algorithms::GreedyTransactionalLod::WorkLedger&), ParallelRoam::Algorithms::GreedyTransactionalLod::TransactionalSamples::PrepareView(ParallelRoam::Algorithms::GreedyTransactionalLod::TransactionalState const&, ParallelRoam::Algorithms::GreedyTransactionalLod::Configuration const&, ParallelRoam::Algorithms::GreedyTransactionalLod::WorkLedger&, ParallelRoam::Algorithms::GreedyTransactionalLod::TransactionalExecution const&)::{lambda(auto:1, auto:2, ParallelRoam::Algorithms::GreedyTransactionalLod::WorkLedger&)#1}>::_M_invoke(std::_Any_data const&, unsigned long&&, unsigned long&&, ParallelRoam::Algorithms::GreedyTransactionalLod::WorkLedger&)",ParallelRoam::Algorithms::GreedyTransactionalLod::TransactionalSamples::Decode(unsigned int) const,36072144,0.20949720670391062
"ParallelRoam::Algorithms::GreedyTransactionalLod::TransactionalSamples::BoxCandidates(double, double, double, double, ParallelRoam::Algorithms::GreedyTransactionalLod::WorkLedger&) const",ParallelRoam::Algorithms::GreedyTransactionalLod::WorkLedger::Touch(),36072144,0.20949720670391062
ParallelRoam::Algorithms::GreedyTransactionalLod::TransactionalQualitySampleEvidence::ExactReference(),__memmove_avx512_unaligned_erms,36072144,0.20949720670391062
"ParallelRoam::Algorithms::GreedyTransactionalLod::TransactionalPointwiseQuality::Certify[abi:cxx11](ParallelRoam::Algorithms::GreedyTransactionalLod::TransactionalState const&, ParallelRoam::Algorithms::GreedyTransactionalLod::TransactionalSamples const&, ParallelRoam::Algorithms::GreedyTransactionalLod::Proposal&, bool, ParallelRoam::Algorithms::GreedyTransactionalLod::WorkLedger&)",__memmove_avx512_unaligned_erms,36072144,0.20949720670391062
"void boost::multiprecision::backends::eval_multiply_imp<boost::multiprecision::backends::cpp_int_backend<0ul, 0ul, (boost::multiprecision::cpp_integer_type)1, (boost::multiprecision::cpp_int_check_type)0, std::allocator<unsigned long long> > >(boost::multiprecision::backends::rational_adaptor<boost::multiprecision::backends::cpp_int_backend<0ul, 0ul, (boost::multiprecision::cpp_integer_type)1, (boost::multiprecision::cpp_int_check_type)0, std::allocator<unsigned long long> > >&, boost::multiprecision::backends::rational_adaptor<boost::multiprecision::backends::cpp_int_backend<0ul, 0ul, (boost::multiprecision::cpp_integer_type)1, (boost::multiprecision::cpp_int_check_type)0, std::allocator<unsigned long long> > > const&, boost::multiprecision::backends::cpp_int_backend<0ul, 0ul, (boost::multiprecision::cpp_integer_type)1, (boost::multiprecision::cpp_int_check_type)0, std::allocator<unsigned long long> > const&, boost::multiprecision::backends::cpp_int_backend<0ul, 0ul, (boost::multiprecision::cpp_integer_type)1, (boost::multiprecision::cpp_int_check_type)0, std::allocator<unsigned long long> > const&)",__memmove_avx512_unaligned_erms,34068136,0.1978584729981378
"std::enable_if<std::is_floating_point<long double>::value, boost::multiprecision::backends::rational_adaptor<boost::multiprecision::backends::cpp_int_backend<0ul, 0ul, (boost::multiprecision::cpp_integer_type)1, (boost::multiprecision::cpp_int_check_type)0, std::allocator<unsigned long long> > >&>::type boost::multiprecision::backends::rational_adaptor<boost::multiprecision::backends::cpp_int_backend<0ul, 0ul, (boost::multiprecision::cpp_integer_type)1, (boost::multiprecision::cpp_int_check_type)0, std::allocator<unsigned long long> > >::operator=<long double>(long double) [clone .isra.0]",__memmove_avx512_unaligned_erms,34068136,0.1978584729981378
"ParallelRoam::Algorithms::GreedyTransactionalLod::TransactionalPointwiseQuality::ValidateBatch(ParallelRoam::Algorithms::GreedyTransactionalLod::TransactionalState const&, ParallelRoam::Algorithms::GreedyTransactionalLod::TransactionalSamples const&, ParallelRoam::Algorithms::GreedyTransactionalLod::CertifiedBatch const&, ParallelRoam::Algorithms::GreedyTransactionalLod::WorkLedger&)","std::_Rb_tree<unsigned int, std::pair<unsigned int const, std::vector<ParallelRoam::Algorithms::GreedyTransactionalLod::Proposal const*, std::allocator<ParallelRoam::Algorithms::GreedyTransactionalLod::Proposal const*> > >, std::_Select1st<std::pair<unsigned int const, std::vector<ParallelRoam::Algorithms::GreedyTransactionalLod::Proposal const*, std::allocator<ParallelRoam::Algorithms::GreedyTransactionalLod::Proposal const*> > > >, std::less<unsigned int>, std::allocator<std::pair<unsigned int const, std::vector<ParallelRoam::Algorithms::GreedyTransactionalLod::Proposal const*, std::allocator<ParallelRoam::Algorithms::GreedyTransactionalLod::Proposal const*> > > > >::_M_erase(std::_Rb_tree_node<std::pair<unsigned int const, std::vector<ParallelRoam::Algorithms::GreedyTransactionalLod::Proposal const*, std::allocator<ParallelRoam::Algorithms::GreedyTransactionalLod::Proposal const*> > > >*) [clone .isra.0]",32064128,0.186219739292365
"std::optional<boost::multiprecision::number<boost::multiprecision::backends::rational_adaptor<boost::multiprecision::backends::cpp_int_backend<0ul, 0ul, (boost::multiprecision::cpp_integer_type)1, (boost::multiprecision::cpp_int_check_type)0, std::allocator<unsigned long long> > >, (boost::multiprecision::expression_template_option)1> > ParallelRoam::Algorithms::GreedyTransactionalLod::QualityEvaluation::ScreenPrepared<boost::multiprecision::number<boost::multiprecision::backends::rational_adaptor<boost::multiprecision::backends::cpp_int_backend<0ul, 0ul, (boost::multiprecision::cpp_integer_type)1, (boost::multiprecision::cpp_int_check_type)0, std::allocator<unsigned long long> > >, (boost::multiprecision::expression_template_option)1> >(ParallelRoam::Algorithms::GreedyTransactionalLod::Configuration const&, std::array<boost::multiprecision::number<boost::multiprecision::backends::rational_adaptor<boost::multiprecision::backends::cpp_int_backend<0ul, 0ul, (boost::multiprecision::cpp_integer_type)1, (boost::multiprecision::cpp_int_check_type)0, std::allocator<unsigned long long> > >, (boost::multiprecision::expression_template_option)1>, 3ul> const&, std::array<boost::multiprecision::number<boost::multiprecision::backends::rational_adaptor<boost::multiprecision::backends::cpp_int_backend<0ul, 0ul, (boost::multiprecision::cpp_integer_type)1, (boost::multiprecision::cpp_int_check_type)0, std::allocator<unsigned long long> > >, (boost::multiprecision::expression_template_option)1>, 4ul> const&, boost::multiprecision::number<boost::multiprecision::backends::rational_adaptor<boost::multiprecision::backends::cpp_int_backend<0ul, 0ul, (boost::multiprecision::cpp_integer_type)1, (boost::multiprecision::cpp_int_check_type)0, std::allocator<unsigned long long> > >, (boost::multiprecision::expression_template_option)1> const&)","std::enable_if<((!boost::multiprecision::backends::is_trivial_cpp_int<boost::multiprecision::backends::cpp_int_backend<0ul, 0ul, (boost::multiprecision::cpp_integer_type)1, (boost::multiprecision::cpp_int_check_type)0, std::allocator<unsigned long long> > >::value)&&(!boost::multiprecision::backends::is_trivial_cpp_int<boost::multiprecision::backends::cpp_int_backend<0ul, 0ul, (boost::multiprecision::cpp_integer_type)1, (boost::multiprecision::cpp_int_check_type)0, std::allocator<unsigned long long> > >::value))&&(!boost::multiprecision::backends::is_trivial_cpp_int<boost::multiprecision::backends::cpp_int_backend<0ul, 0ul, (boost::multiprecision::cpp_integer_type)1, (boost::multiprecision::cpp_int_check_type)0, std::allocator<unsigned long long> > >::value), void>::type boost::multiprecision::backends::eval_multiply<0ul, 0ul, (boost::multiprecision::cpp_integer_type)1, (boost::multiprecision::cpp_int_check_type)0, std::allocator<unsigned long long>, 0ul, 0ul, (boost::multiprecision::cpp_integer_type)1, (boost::multiprecision::cpp_int_check_type)0, std::allocator<unsigned long long>, 0ul, 0ul, (boost::multiprecision::cpp_integer_type)1, (boost::multiprecision::cpp_int_check_type)0, std::allocator<unsigned long long> >(boost::multiprecision::backends::cpp_int_backend<0ul, 0ul, (boost::multiprecision::cpp_integer_type)1, (boost::multiprecision::cpp_int_check_type)0, std::allocator<unsigned long long> >&, boost::multiprecision::backends::cpp_int_backend<0ul, 0ul, (boost::multiprecision::cpp_integer_type)1, (boost::multiprecision::cpp_int_check_type)0, std::allocator<unsigned long long> > const&, boost::multiprecision::backends::cpp_int_backend<0ul, 0ul, (boost::multiprecision::cpp_integer_type)1, (boost::multiprecision::cpp_int_check_type)0, std::allocator<unsigned long long> > const&)",32064128,0.186219739292365
"std::optional<boost::multiprecision::number<boost::multiprecision::backends::rational_adaptor<boost::multiprecision::backends::cpp_int_backend<0ul, 0ul, (boost::multiprecision::cpp_integer_type)1, (boost::multiprecision::cpp_int_check_type)0, std::allocator<unsigned long long> > >, (boost::multiprecision::expression_template_option)1> > ParallelRoam::Algorithms::GreedyTransactionalLod::QualityEvaluation::ScreenPrepared<boost::multiprecision::number<boost::multiprecision::backends::rational_adaptor<boost::multiprecision::backends::cpp_int_backend<0ul, 0ul, (boost::multiprecision::cpp_integer_type)1, (boost::multiprecision::cpp_int_check_type)0, std::allocator<unsigned long long> > >, (boost::multiprecision::expression_template_option)1> >(ParallelRoam::Algorithms::GreedyTransactionalLod::Configuration const&, std::array<boost::multiprecision::number<boost::multiprecision::backends::rational_adaptor<boost::multiprecision::backends::cpp_int_backend<0ul, 0ul, (boost::multiprecision::cpp_integer_type)1, (boost::multiprecision::cpp_int_check_type)0, std::allocator<unsigned long long> > >, (boost::multiprecision::expression_template_option)1>, 3ul> const&, std::array<boost::multiprecision::number<boost::multiprecision::backends::rational_adaptor<boost::multiprecision::backends::cpp_int_backend<0ul, 0ul, (boost::multiprecision::cpp_integer_type)1, (boost::multiprecision::cpp_int_check_type)0, std::allocator<unsigned long long> > >, (boost::multiprecision::expression_template_option)1>, 4ul> const&, boost::multiprecision::number<boost::multiprecision::backends::rational_adaptor<boost::multiprecision::backends::cpp_int_backend<0ul, 0ul, (boost::multiprecision::cpp_integer_type)1, (boost::multiprecision::cpp_int_check_type)0, std::allocator<unsigned long long> > >, (boost::multiprecision::expression_template_option)1> const&)",__memmove_avx512_unaligned_erms,32064128,0.186219739292365
"std::array<boost::multiprecision::number<boost::multiprecision::backends::rational_adaptor<boost::multiprecision::backends::cpp_int_backend<0ul, 0ul, (boost::multiprecision::cpp_integer_type)1, (boost::multiprecision::cpp_int_check_type)0, std::allocator<unsigned long long> > >, (boost::multiprecision::expression_template_option)1>, 2ul> ParallelRoam::Algorithms::GreedyTransactionalLod::QualityEvaluation::Coordinate<boost::multiprecision::number<boost::multiprecision::backends::rational_adaptor<boost::multiprecision::backends::cpp_int_backend<0ul, 0ul, (boost::multiprecision::cpp_integer_type)1, (boost::multiprecision::cpp_int_check_type)0, std::allocator<unsigned long long> > >, (boost::multiprecision::expression_template_option)1> >(std::array<boost::multiprecision::number<boost::multiprecision::backends::rational_adaptor<boost::multiprecision::backends::cpp_int_backend<0ul, 0ul, (boost::multiprecision::cpp_integer_type)1, (boost::multiprecision::cpp_int_check_type)0, std::allocator<unsigned long long> > >, (boost::multiprecision::expression_template_option)1>, 3ul> const&, ParallelRoam::Algorithms::GreedyTransactionalLod::Configuration const&, bool)","void boost::multiprecision::backends::eval_add_subtract_imp<boost::multiprecision::backends::cpp_int_backend<0ul, 0ul, (boost::multiprecision::cpp_integer_type)1, (boost::multiprecision::cpp_int_check_type)0, std::allocator<unsigned long long> > >(boost::multiprecision::backends::rational_adaptor<boost::multiprecision::backends::cpp_int_backend<0ul, 0ul, (boost::multiprecision::cpp_integer_type)1, (boost::multiprecision::cpp_int_check_type)0, std::allocator<unsigned long long> > >&, boost::multiprecision::backends::rational_adaptor<boost::multiprecision::backends::cpp_int_backend<0ul, 0ul, (boost::multiprecision::cpp_integer_type)1, (boost::multiprecision::cpp_int_check_type)0, std::allocator<unsigned long long> > > const&, boost::multiprecision::backends::rational_adaptor<boost::multiprecision::backends::cpp_int_backend<0ul, 0ul, (boost::multiprecision::cpp_integer_type)1, (boost::multiprecision::cpp_int_check_type)0, std::allocator<unsigned long long> > > const&, bool)",30060120,0.17458100558659218
"boost::multiprecision::number<boost::multiprecision::backends::rational_adaptor<boost::multiprecision::backends::cpp_int_backend<0ul, 0ul, (boost::multiprecision::cpp_integer_type)1, (boost::multiprecision::cpp_int_check_type)0, std::allocator<unsigned long long> > >, (boost::multiprecision::expression_template_option)1> ParallelRoam::Algorithms::GreedyTransactionalLod::TransactionalQualityFaceEvidence::Interpolate<boost::multiprecision::number<boost::multiprecision::backends::rational_adaptor<boost::multiprecision::backends::cpp_int_backend<0ul, 0ul, (boost::multiprecision::cpp_integer_type)1, (boost::multiprecision::cpp_int_check_type)0, std::allocator<unsigned long long> > >, (boost::multiprecision::expression_template_option)1> >(ParallelRoam::Algorithms::GreedyTransactionalLod::TransactionalQualityFaceEvidence::Coefficients<boost::multiprecision::number<boost::multiprecision::backends::rational_adaptor<boost::multiprecision::backends::cpp_int_backend<0ul, 0ul, (boost::multiprecision::cpp_integer_type)1, (boost::multiprecision::cpp_int_check_type)0, std::allocator<unsigned long long> > >, (boost::multiprecision::expression_template_option)1> > const&, std::array<boost::multiprecision::number<boost::multiprecision::backends::rational_adaptor<boost::multiprecision::backends::cpp_int_backend<0ul, 0ul, (boost::multiprecision::cpp_integer_type)1, (boost::multiprecision::cpp_int_check_type)0, std::allocator<unsigned long long> > >, (boost::multiprecision::expression_template_option)1>, 2ul> const&)","void boost::multiprecision::backends::eval_multiply_imp<boost::multiprecision::backends::cpp_int_backend<0ul, 0ul, (boost::multiprecision::cpp_integer_type)1, (boost::multiprecision::cpp_int_check_type)0, std::allocator<unsigned long long> > >(boost::multiprecision::backends::rational_adaptor<boost::multiprecision::backends::cpp_int_backend<0ul, 0ul, (boost::multiprecision::cpp_integer_type)1, (boost::multiprecision::cpp_int_check_type)0, std::allocator<unsigned long long> > >&, boost::multiprecision::backends::rational_adaptor<boost::multiprecision::backends::cpp_int_backend<0ul, 0ul, (boost::multiprecision::cpp_integer_type)1, (boost::multiprecision::cpp_int_check_type)0, std::allocator<unsigned long long> > > const&, boost::multiprecision::backends::cpp_int_backend<0ul, 0ul, (boost::multiprecision::cpp_integer_type)1, (boost::multiprecision::cpp_int_check_type)0, std::allocator<unsigned long long> > const&, boost::multiprecision::backends::cpp_int_backend<0ul, 0ul, (boost::multiprecision::cpp_integer_type)1, (boost::multiprecision::cpp_int_check_type)0, std::allocator<unsigned long long> > const&)",30060120,0.17458100558659218
"void boost::multiprecision::number<boost::multiprecision::backends::rational_adaptor<boost::multiprecision::backends::cpp_int_backend<0ul, 0ul, (boost::multiprecision::cpp_integer_type)1, (boost::multiprecision::cpp_int_check_type)0, std::allocator<unsigned long long> > >, (boost::multiprecision::expression_template_option)1>::do_assign<boost::multiprecision::detail::expression<boost::multiprecision::detail::minus, boost::multiprecision::detail::expression<boost::multiprecision::detail::multiplies, boost::multiprecision::detail::expression<boost::multiprecision::detail::subtract_immediates, boost::multiprecision::number<boost::multiprecision::backends::rational_adaptor<boost::multiprecision::backends::cpp_int_backend<0ul, 0ul, (boost::multiprecision::cpp_integer_type)1, (boost::multiprecision::cpp_int_check_type)0, std::allocator<unsigned long long> > >, (boost::multiprecision::expression_template_option)1>, boost::multiprecision::number<boost::multiprecision::backends::rational_adaptor<boost::multiprecision::backends::cpp_int_backend<0ul, 0ul, (boost::multiprecision::cpp_integer_type)1, (boost::multiprecision::cpp_int_check_type)0, std::allocator<unsigned long long> > >, (boost::multiprecision::expression_template_option)1>, void, void>, boost::multiprecision::detail::expression<boost::multiprecision::detail::subtract_immediates, boost::multiprecision::number<boost::multiprecision::backends::rational_adaptor<boost::multiprecision::backends::cpp_int_backend<0ul, 0ul, (boost::multiprecision::cpp_integer_type)1, (boost::multiprecision::cpp_int_check_type)0, std::allocator<unsigned long long> > >, (boost::multiprecision::expression_template_option)1>, boost::multiprecision::number<boost::multiprecision::backends::rational_adaptor<boost::multiprecision::backends::cpp_int_backend<0ul, 0ul, (boost::multiprecision::cpp_integer_type)1, (boost::multiprecision::cpp_int_check_type)0, std::allocator<unsigned long long> > >, (boost::multiprecision::expression_template_option)1>, void, void>, void, void>, boost::multiprecision::detail::expression<boost::multiprecision::detail::multiplies, boost::multiprecision::detail::expression<boost::multiprecision::detail::subtract_immediates, boost::multiprecision::number<boost::multiprecision::backends::rational_adaptor<boost::multiprecision::backends::cpp_int_backend<0ul, 0ul, (boost::multiprecision::cpp_integer_type)1, (boost::multiprecision::cpp_int_check_type)0, std::allocator<unsigned long long> > >, (boost::multiprecision::expression_template_option)1>, boost::multiprecision::number<boost::multiprecision::backends::rational_adaptor<boost::multiprecision::backends::cpp_int_backend<0ul, 0ul, (boost::multiprecision::cpp_integer_type)1, (boost::multiprecision::cpp_int_check_type)0, std::allocator<unsigned long long> > >, (boost::multiprecision::expression_template_option)1>, void, void>, boost::multiprecision::detail::expression<boost::multiprecision::detail::subtract_immediates, boost::multiprecision::number<boost::multiprecision::backends::rational_adaptor<boost::multiprecision::backends::cpp_int_backend<0ul, 0ul, (boost::multiprecision::cpp_integer_type)1, (boost::multiprecision::cpp_int_check_type)0, std::allocator<unsigned long long> > >, (boost::multiprecision::expression_template_option)1>, boost::multiprecision::number<boost::multiprecision::backends::rational_adaptor<boost::multiprecision::backends::cpp_int_backend<0ul, 0ul, (boost::multiprecision::cpp_integer_type)1, (boost::multiprecision::cpp_int_check_type)0, std::allocator<unsigned long long> > >, (boost::multiprecision::expression_template_option)1>, void, void>, void, void>, void, void> >(boost::multiprecision::detail::expression<boost::multiprecision::detail::minus, boost::multiprecision::detail::expression<boost::multiprecision::detail::multiplies, boost::multiprecision::detail::expression<boost::multiprecision::detail::subtract_immediates, boost::multiprecision::number<boost::multiprecision::backends::rational_adaptor<boost::multiprecision::backends::cpp_int_backend<0ul, 0ul, (boost::multiprecision::cpp_integer_type)1, (boost::multiprecision::cpp_int_check_type)0, std::allocator<unsigned long long> > >, (boost::multiprecision::expression_template_option)1>, boost::multiprecision::number<boost::multiprecision::backends::rational_adaptor<boost::multiprecision::backends::cpp_int_backend<0ul, 0ul, (boost::multiprecision::cpp_integer_type)1, (boost::multiprecision::cpp_int_check_type)0, std::allocator<unsigned long long> > >, (boost::multiprecision::expression_template_option)1>, void, void>, boost::multiprecision::detail::expression<boost::multiprecision::detail::subtract_immediates, boost::multiprecision::number<boost::multiprecision::backends::rational_adaptor<boost::multiprecision::backends::cpp_int_backend<0ul, 0ul, (boost::multiprecision::cpp_integer_type)1, (boost::multiprecision::cpp_int_check_type)0, std::allocator<unsigned long long> > >, (boost::multiprecision::expression_template_option)1>, boost::multiprecision::number<boost::multiprecision::backends::rational_adaptor<boost::multiprecision::backends::cpp_int_backend<0ul, 0ul, (boost::multiprecision::cpp_integer_type)1, (boost::multiprecision::cpp_int_check_type)0, std::allocator<unsigned long long> > >, (boost::multiprecision::expression_template_option)1>, void, void>, void, void>, boost::multiprecision::detail::expression<boost::multiprecision::detail::multiplies, boost::multiprecision::detail::expression<boost::multiprecision::detail::subtract_immediates, boost::multiprecision::number<boost::multiprecision::backends::rational_adaptor<boost::multiprecision::backends::cpp_int_backend<0ul, 0ul, (boost::multiprecision::cpp_integer_type)1, (boost::multiprecision::cpp_int_check_type)0, std::allocator<unsigned long long> > >, (boost::multiprecision::expression_template_option)1>, boost::multiprecision::number<boost::multiprecision::backends::rational_adaptor<boost::multiprecision::backends::cpp_int_backend<0ul, 0ul, (boost::multiprecision::cpp_integer_type)1, (boost::multiprecision::cpp_int_check_type)0, std::allocator<unsigned long long> > >, (boost::multiprecision::expression_template_option)1>, void, void>, boost::multiprecision::detail::expression<boost::multiprecision::detail::subtract_immediates, boost::multiprecision::number<boost::multiprecision::backends::rational_adaptor<boost::multiprecision::backends::cpp_int_backend<0ul, 0ul, (boost::multiprecision::cpp_integer_type)1, (boost::multiprecision::cpp_int_check_type)0, std::allocator<unsigned long long> > >, (boost::multiprecision::expression_template_option)1>, boost::multiprecision::number<boost::multiprecision::backends::rational_adaptor<boost::multiprecision::backends::cpp_int_backend<0ul, 0ul, (boost::multiprecision::cpp_integer_type)1, (boost::multiprecision::cpp_int_check_type)0, std::allocator<unsigned long long> > >, (boost::multiprecision::expression_template_option)1>, void, void>, void, void>, void, void> const&, boost::multiprecision::detail::minus const&) [clone .isra.0]","void boost::multiprecision::backends::eval_add_subtract_imp<boost::multiprecision::backends::cpp_int_backend<0ul, 0ul, (boost::multiprecision::cpp_integer_type)1, (boost::multiprecision::cpp_int_check_type)0, std::allocator<unsigned long long> > >(boost::multiprecision::backends::rational_adaptor<boost::multiprecision::backends::cpp_int_backend<0ul, 0ul, (boost::multiprecision::cpp_integer_type)1, (boost::multiprecision::cpp_int_check_type)0, std::allocator<unsigned long long> > >&, boost::multiprecision::backends::rational_adaptor<boost::multiprecision::backends::cpp_int_backend<0ul, 0ul, (boost::multiprecision::cpp_integer_type)1, (boost::multiprecision::cpp_int_check_type)0, std::allocator<unsigned long long> > > const&, boost::multiprecision::backends::rational_adaptor<boost::multiprecision::backends::cpp_int_backend<0ul, 0ul, (boost::multiprecision::cpp_integer_type)1, (boost::multiprecision::cpp_int_check_type)0, std::allocator<unsigned long long> > > const&, bool)",28056112,0.16294227188081936
"void boost::multiprecision::number<boost::multiprecision::backends::rational_adaptor<boost::multiprecision::backends::cpp_int_backend<0ul, 0ul, (boost::multiprecision::cpp_integer_type)1, (boost::multiprecision::cpp_int_check_type)0, std::allocator<unsigned long long> > >, (boost::multiprecision::expression_template_option)1>::do_assign<boost::multiprecision::detail::expression<boost::multiprecision::detail::plus, boost::multiprecision::detail::expression<boost::multiprecision::detail::multiply_immediates, boost::multiprecision::number<boost::multiprecision::backends::rational_adaptor<boost::multiprecision::backends::cpp_int_backend<0ul, 0ul, (boost::multiprecision::cpp_integer_type)1, (boost::multiprecision::cpp_int_check_type)0, std::allocator<unsigned long long> > >, (boost::multiprecision::expression_template_option)1>, boost::multiprecision::number<boost::multiprecision::backends::rational_adaptor<boost::multiprecision::backends::cpp_int_backend<0ul, 0ul, (boost::multiprecision::cpp_integer_type)1, (boost::multiprecision::cpp_int_check_type)0, std::allocator<unsigned long long> > >, (boost::multiprecision::expression_template_option)1>, void, void>, boost::multiprecision::detail::expression<boost::multiprecision::detail::multiply_immediates, boost::multiprecision::number<boost::multiprecision::backends::rational_adaptor<boost::multiprecision::backends::cpp_int_backend<0ul, 0ul, (boost::multiprecision::cpp_integer_type)1, (boost::multiprecision::cpp_int_check_type)0, std::allocator<unsigned long long> > >, (boost::multiprecision::expression_template_option)1>, boost::multiprecision::number<boost::multiprecision::backends::rational_adaptor<boost::multiprecision::backends::cpp_int_backend<0ul, 0ul, (boost::multiprecision::cpp_integer_type)1, (boost::multiprecision::cpp_int_check_type)0, std::allocator<unsigned long long> > >, (boost::multiprecision::expression_template_option)1>, void, void>, void, void> >(boost::multiprecision::detail::expression<boost::multiprecision::detail::plus, boost::multiprecision::detail::expression<boost::multiprecision::detail::multiply_immediates, boost::multiprecision::number<boost::multiprecision::backends::rational_adaptor<boost::multiprecision::backends::cpp_int_backend<0ul, 0ul, (boost::multiprecision::cpp_integer_type)1, (boost::multiprecision::cpp_int_check_type)0, std::allocator<unsigned long long> > >, (boost::multiprecision::expression_template_option)1>, boost::multiprecision::number<boost::multiprecision::backends::rational_adaptor<boost::multiprecision::backends::cpp_int_backend<0ul, 0ul, (boost::multiprecision::cpp_integer_type)1, (boost::multiprecision::cpp_int_check_type)0, std::allocator<unsigned long long> > >, (boost::multiprecision::expression_template_option)1>, void, void>, boost::multiprecision::detail::expression<boost::multiprecision::detail::multiply_immediates, boost::multiprecision::number<boost::multiprecision::backends::rational_adaptor<boost::multiprecision::backends::cpp_int_backend<0ul, 0ul, (boost::multiprecision::cpp_integer_type)1, (boost::multiprecision::cpp_int_check_type)0, std::allocator<unsigned long long> > >, (boost::multiprecision::expression_template_option)1>, boost::multiprecision::number<boost::multiprecision::backends::rational_adaptor<boost::multiprecision::backends::cpp_int_backend<0ul, 0ul, (boost::multiprecision::cpp_integer_type)1, (boost::multiprecision::cpp_int_check_type)0, std::allocator<unsigned long long> > >, (boost::multiprecision::expression_template_option)1>, void, void>, void, void> const&, boost::multiprecision::detail::plus const&) [clone .isra.0]","void boost::multiprecision::backends::eval_multiply_imp<boost::multiprecision::backends::cpp_int_backend<0ul, 0ul, (boost::multiprecision::cpp_integer_type)1, (boost::multiprecision::cpp_int_check_type)0, std::allocator<unsigned long long> > >(boost::multiprecision::backends::rational_adaptor<boost::multiprecision::backends::cpp_int_backend<0ul, 0ul, (boost::multiprecision::cpp_integer_type)1, (boost::multiprecision::cpp_int_check_type)0, std::allocator<unsigned long long> > >&, boost::multiprecision::backends::rational_adaptor<boost::multiprecision::backends::cpp_int_backend<0ul, 0ul, (boost::multiprecision::cpp_integer_type)1, (boost::multiprecision::cpp_int_check_type)0, std::allocator<unsigned long long> > > const&, boost::multiprecision::backends::cpp_int_backend<0ul, 0ul, (boost::multiprecision::cpp_integer_type)1, (boost::multiprecision::cpp_int_check_type)0, std::allocator<unsigned long long> > const&, boost::multiprecision::backends::cpp_int_backend<0ul, 0ul, (boost::multiprecision::cpp_integer_type)1, (boost::multiprecision::cpp_int_check_type)0, std::allocator<unsigned long long> > const&)",28056112,0.16294227188081936
"void boost::multiprecision::backends::eval_add_subtract_imp<boost::multiprecision::backends::cpp_int_backend<0ul, 0ul, (boost::multiprecision::cpp_integer_type)1, (boost::multiprecision::cpp_int_check_type)0, std::allocator<unsigned long long> > >(boost::multiprecision::backends::rational_adaptor<boost::multiprecision::backends::cpp_int_backend<0ul, 0ul, (boost::multiprecision::cpp_integer_type)1, (boost::multiprecision::cpp_int_check_type)0, std::allocator<unsigned long long> > >&, boost::multiprecision::backends::rational_adaptor<boost::multiprecision::backends::cpp_int_backend<0ul, 0ul, (boost::multiprecision::cpp_integer_type)1, (boost::multiprecision::cpp_int_check_type)0, std::allocator<unsigned long long> > > const&, boost::multiprecision::backends::rational_adaptor<boost::multiprecision::backends::cpp_int_backend<0ul, 0ul, (boost::multiprecision::cpp_integer_type)1, (boost::multiprecision::cpp_int_check_type)0, std::allocator<unsigned long long> > > const&, bool)","boost::multiprecision::backends::cpp_int_base<0ul, 18446744073709551615ul, (boost::multiprecision::cpp_integer_type)1, (boost::multiprecision::cpp_int_check_type)0, std::allocator<unsigned long long>, false>::assign(boost::multiprecision::backends::cpp_int_base<0ul, 18446744073709551615ul, (boost::multiprecision::cpp_integer_type)1, (boost::multiprecision::cpp_int_check_type)0, std::allocator<unsigned long long>, false> const&) [clone .part.0]",28056112,0.16294227188081936
"ParallelRoam::Algorithms::GreedyTransactionalLod::TransactionalPipeline::Apply(ParallelRoam::Algorithms::GreedyTransactionalLod::CertifiedBatch const&, ParallelRoam::Algorithms::GreedyTransactionalLod::WorkLedger&)",std::_Rb_tree_increment(std::_Rb_tree_node_base*),28056112,0.16294227188081936
"std::enable_if<!boost::multiprecision::backends::is_trivial_cpp_int<boost::multiprecision::backends::cpp_int_backend<0ul, 0ul, (boost::multiprecision::cpp_integer_type)1, (boost::multiprecision::cpp_int_check_type)0, std::allocator<unsigned long long> > >::value, void>::type boost::multiprecision::backends::eval_left_shift<0ul, 0ul, (boost::multiprecision::cpp_integer_type)1, (boost::multiprecision::cpp_int_check_type)0, std::allocator<unsigned long long> >(boost::multiprecision::backends::cpp_int_backend<0ul, 0ul, (boost::multiprecision::cpp_integer_type)1, (boost::multiprecision::cpp_int_check_type)0, std::allocator<unsigned long long> >&, unsigned __int128) [clone .part.0]","boost::multiprecision::backends::cpp_int_base<0ul, 18446744073709551615ul, (boost::multiprecision::cpp_integer_type)1, (boost::multiprecision::cpp_int_check_type)0, std::allocator<unsigned long long>, false>::resize(unsigned long, unsigned long) [clone .isra.0]",26052104,0.15130353817504655
_int_free_chunk,_int_free_merge_chunk,26052104,0.15130353817504655
"ParallelRoam::Algorithms::GreedyTransactionalLod::TransactionalPointwiseQuality::ValidateBatch(ParallelRoam::Algorithms::GreedyTransactionalLod::TransactionalState const&, ParallelRoam::Algorithms::GreedyTransactionalLod::TransactionalSamples const&, ParallelRoam::Algorithms::GreedyTransactionalLod::CertifiedBatch const&, ParallelRoam::Algorithms::GreedyTransactionalLod::WorkLedger&)::{lambda(ParallelRoam::Algorithms::GreedyTransactionalLod::Proposal const&, bool)#1}::operator()(ParallelRoam::Algorithms::GreedyTransactionalLod::Proposal const&, bool) const",operator new(unsigned long),26052104,0.15130353817504655
"ParallelRoam::Algorithms::GreedyTransactionalLod::TransactionalPointwiseQuality::Certify[abi:cxx11](ParallelRoam::Algorithms::GreedyTransactionalLod::TransactionalState const&, ParallelRoam::Algorithms::GreedyTransactionalLod::TransactionalSamples const&, ParallelRoam::Algorithms::GreedyTransactionalLod::Proposal&, bool, ParallelRoam::Algorithms::GreedyTransactionalLod::WorkLedger&)","ParallelRoam::Algorithms::GreedyTransactionalLod::QualityEvaluation::RecordBits(boost::multiprecision::number<boost::multiprecision::backends::rational_adaptor<boost::multiprecision::backends::cpp_int_backend<0ul, 0ul, (boost::multiprecision::cpp_integer_type)1, (boost::multiprecision::cpp_int_check_type)0, std::allocator<unsigned long long> > >, (boost::multiprecision::expression_template_option)1> const&, ParallelRoam::Algorithms::GreedyTransactionalLod::WorkLedger&)",24048096,0.13966480446927373
"boost::multiprecision::backends::rational_adaptor<boost::multiprecision::backends::cpp_int_backend<0ul, 0ul, (boost::multiprecision::cpp_integer_type)1, (boost::multiprecision::cpp_int_check_type)0, std::allocator<unsigned long long> > >::rational_adaptor<long long>(long long const&, std::enable_if<std::is_constructible<boost::multiprecision::backends::cpp_int_backend<0ul, 0ul, (boost::multiprecision::cpp_integer_type)1, (boost::multiprecision::cpp_int_check_type)0, std::allocator<unsigned long long> >, long long>::value&&(!std::is_floating_point<long long>::value), void>::type const*)","boost::multiprecision::backends::cpp_int_base<0ul, 18446744073709551615ul, (boost::multiprecision::cpp_integer_type)1, (boost::multiprecision::cpp_int_check_type)0, std::allocator<unsigned long long>, false>::resize(unsigned long, unsigned long) [clone .isra.0]",24048096,0.13966480446927373
"ParallelRoam::Algorithms::GreedyTransactionalLod::TransactionalPredicates::Shape(ParallelRoam::Algorithms::GreedyTransactionalLod::Point const&, ParallelRoam::Algorithms::GreedyTransactionalLod::Point const&, ParallelRoam::Algorithms::GreedyTransactionalLod::Point const&)","void boost::multiprecision::backends::eval_multiply_imp<boost::multiprecision::backends::cpp_int_backend<0ul, 0ul, (boost::multiprecision::cpp_integer_type)1, (boost::multiprecision::cpp_int_check_type)0, std::allocator<unsigned long long> > >(boost::multiprecision::backends::rational_adaptor<boost::multiprecision::backends::cpp_int_backend<0ul, 0ul, (boost::multiprecision::cpp_integer_type)1, (boost::multiprecision::cpp_int_check_type)0, std::allocator<unsigned long long> > >&, boost::multiprecision::backends::rational_adaptor<boost::multiprecision::backends::cpp_int_backend<0ul, 0ul, (boost::multiprecision::cpp_integer_type)1, (boost::multiprecision::cpp_int_check_type)0, std::allocator<unsigned long long> > > const&, boost::multiprecision::backends::cpp_int_backend<0ul, 0ul, (boost::multiprecision::cpp_integer_type)1, (boost::multiprecision::cpp_int_check_type)0, std::allocator<unsigned long long> > const&, boost::multiprecision::backends::cpp_int_backend<0ul, 0ul, (boost::multiprecision::cpp_integer_type)1, (boost::multiprecision::cpp_int_check_type)0, std::allocator<unsigned long long> > const&)",24048096,0.13966480446927373
"boost::multiprecision::backends::rational_adaptor<boost::multiprecision::backends::cpp_int_backend<0ul, 0ul, (boost::multiprecision::cpp_integer_type)1, (boost::multiprecision::cpp_int_check_type)0, std::allocator<unsigned long long> > >::compare(boost::multiprecision::backends::rational_adaptor<boost::multiprecision::backends::cpp_int_backend<0ul, 0ul, (boost::multiprecision::cpp_integer_type)1, (boost::multiprecision::cpp_int_check_type)0, std::allocator<unsigned long long> > > const&) const","std::enable_if<((!boost::multiprecision::backends::is_trivial_cpp_int<boost::multiprecision::backends::cpp_int_backend<0ul, 0ul, (boost::multiprecision::cpp_integer_type)1, (boost::multiprecision::cpp_int_check_type)0, std::allocator<unsigned long long> > >::value)&&(!boost::multiprecision::backends::is_trivial_cpp_int<boost::multiprecision::backends::cpp_int_backend<0ul, 0ul, (boost::multiprecision::cpp_integer_type)1, (boost::multiprecision::cpp_int_check_type)0, std::allocator<unsigned long long> > >::value))&&(!boost::multiprecision::backends::is_trivial_cpp_int<boost::multiprecision::backends::cpp_int_backend<0ul, 0ul, (boost::multiprecision::cpp_integer_type)1, (boost::multiprecision::cpp_int_check_type)0, std::allocator<unsigned long long> > >::value), void>::type boost::multiprecision::backends::eval_multiply<0ul, 0ul, (boost::multiprecision::cpp_integer_type)1, (boost::multiprecision::cpp_int_check_type)0, std::allocator<unsigned long long>, 0ul, 0ul, (boost::multiprecision::cpp_integer_type)1, (boost::multiprecision::cpp_int_check_type)0, std::allocator<unsigned long long>, 0ul, 0ul, (boost::multiprecision::cpp_integer_type)1, (boost::multiprecision::cpp_int_check_type)0, std::allocator<unsigned long long> >(boost::multiprecision::backends::cpp_int_backend<0ul, 0ul, (boost::multiprecision::cpp_integer_type)1, (boost::multiprecision::cpp_int_check_type)0, std::allocator<unsigned long long> >&, boost::multiprecision::backends::cpp_int_backend<0ul, 0ul, (boost::multiprecision::cpp_integer_type)1, (boost::multiprecision::cpp_int_check_type)0, std::allocator<unsigned long long> > const&, boost::multiprecision::backends::cpp_int_backend<0ul, 0ul, (boost::multiprecision::cpp_integer_type)1, (boost::multiprecision::cpp_int_check_type)0, std::allocator<unsigned long long> > const&)",24048096,0.13966480446927373
"ParallelRoam::Algorithms::GreedyTransactionalLod::TransactionalPointwiseQuality::Certify[abi:cxx11](ParallelRoam::Algorithms::GreedyTransactionalLod::TransactionalState const&, ParallelRoam::Algorithms::GreedyTransactionalLod::TransactionalSamples const&, ParallelRoam::Algorithms::GreedyTransactionalLod::Proposal&, bool, ParallelRoam::Algorithms::GreedyTransactionalLod::WorkLedger&)","ParallelRoam::Algorithms::GreedyTransactionalLod::QualityEvaluation::AddBounds(boost::multiprecision::number<boost::multiprecision::backends::rational_adaptor<boost::multiprecision::backends::cpp_int_backend<0ul, 0ul, (boost::multiprecision::cpp_integer_type)1, (boost::multiprecision::cpp_int_check_type)0, std::allocator<unsigned long long> > >, (boost::multiprecision::expression_template_option)1> const&, boost::multiprecision::number<boost::multiprecision::backends::rational_adaptor<boost::multiprecision::backends::cpp_int_backend<0ul, 0ul, (boost::multiprecision::cpp_integer_type)1, (boost::multiprecision::cpp_int_check_type)0, std::allocator<unsigned long long> > >, (boost::multiprecision::expression_template_option)1> const&, boost::multiprecision::number<boost::multiprecision::backends::cpp_int_backend<0ul, 0ul, (boost::multiprecision::cpp_integer_type)1, (boost::multiprecision::cpp_int_check_type)0, std::allocator<unsigned long long> >, (boost::multiprecision::expression_template_option)1>&, boost::multiprecision::number<boost::multiprecision::backends::cpp_int_backend<0ul, 0ul, (boost::multiprecision::cpp_integer_type)1, (boost::multiprecision::cpp_int_check_type)0, std::allocator<unsigned long long> >, (boost::multiprecision::expression_template_option)1>&)",22044088,0.12802607076350092
"std::array<boost::multiprecision::number<boost::multiprecision::backends::rational_adaptor<boost::multiprecision::backends::cpp_int_backend<0ul, 0ul, (boost::multiprecision::cpp_integer_type)1, (boost::multiprecision::cpp_int_check_type)0, std::allocator<unsigned long long> > >, (boost::multiprecision::expression_template_option)1>, 3ul> ParallelRoam::Algorithms::GreedyTransactionalLod::QualityEvaluation::Reference<boost::multiprecision::number<boost::multiprecision::backends::rational_adaptor<boost::multiprecision::backends::cpp_int_backend<0ul, 0ul, (boost::multiprecision::cpp_integer_type)1, (boost::multiprecision::cpp_int_check_type)0, std::allocator<unsigned long long> > >, (boost::multiprecision::expression_template_option)1> >(ParallelRoam::Algorithms::GreedyTransactionalLod::TransactionalState const&, ParallelRoam::Algorithms::GreedyTransactionalLod::TransactionalSamples const&, unsigned int)","boost::multiprecision::backends::rational_adaptor<boost::multiprecision::backends::cpp_int_backend<0ul, 0ul, (boost::multiprecision::cpp_integer_type)1, (boost::multiprecision::cpp_int_check_type)0, std::allocator<unsigned long long> > >::rational_adaptor<long long>(long long const&, std::enable_if<std::is_constructible<boost::multiprecision::backends::cpp_int_backend<0ul, 0ul, (boost::multiprecision::cpp_integer_type)1, (boost::multiprecision::cpp_int_check_type)0, std::allocator<unsigned long long> >, long long>::value&&(!std::is_floating_point<long long>::value), void>::type const*)",22044088,0.12802607076350092
ParallelRoam::Algorithms::GreedyTransactionalLod::TransactionalPipeline::Update(ParallelRoam::Algorithms::GreedyTransactionalLod::WorkLedger&),"ParallelRoam::Algorithms::GreedyTransactionalLod::TransactionalReservation::Plan(ParallelRoam::Algorithms::GreedyTransactionalLod::TransactionalState const&, ParallelRoam::Algorithms::GreedyTransactionalLod::TransactionalSamples const&, ParallelRoam::Algorithms::GreedyTransactionalLod::WorkLedger&, ParallelRoam::Algorithms::GreedyTransactionalLod::TransactionalExecution const&)",22044088,0.12802607076350092
"void boost::multiprecision::backends::eval_divide<boost::multiprecision::backends::cpp_int_backend<0ul, 0ul, (boost::multiprecision::cpp_integer_type)1, (boost::multiprecision::cpp_int_check_type)0, std::allocator<unsigned long long> > >(boost::multiprecision::backends::rational_adaptor<boost::multiprecision::backends::cpp_int_backend<0ul, 0ul, (boost::multiprecision::cpp_integer_type)1, (boost::multiprecision::cpp_int_check_type)0, std::allocator<unsigned long long> > >&, boost::multiprecision::backends::rational_adaptor<boost::multiprecision::backends::cpp_int_backend<0ul, 0ul, (boost::multiprecision::cpp_integer_type)1, (boost::multiprecision::cpp_int_check_type)0, std::allocator<unsigned long long> > > const&)","boost::multiprecision::backends::rational_adaptor<boost::multiprecision::backends::cpp_int_backend<0ul, 0ul, (boost::multiprecision::cpp_integer_type)1, (boost::multiprecision::cpp_int_check_type)0, std::allocator<unsigned long long> > >::rational_adaptor()",22044088,0.12802607076350092
"std::enable_if<std::is_floating_point<long double>::value, boost::multiprecision::backends::rational_adaptor<boost::multiprecision::backends::cpp_int_backend<0ul, 0ul, (boost::multiprecision::cpp_integer_type)1, (boost::multiprecision::cpp_int_check_type)0, std::allocator<unsigned long long> > >&>::type boost::multiprecision::backends::rational_adaptor<boost::multiprecision::backends::cpp_int_backend<0ul, 0ul, (boost::multiprecision::cpp_integer_type)1, (boost::multiprecision::cpp_int_check_type)0, std::allocator<unsigned long long> > >::operator=<long double>(long double) [clone .isra.0]",__memset_avx512_unaligned,20040080,0.11638733705772812
"std::_Rb_tree<unsigned int, std::pair<unsigned int const, std::vector<ParallelRoam::Algorithms::GreedyTransactionalLod::Proposal const*, std::allocator<ParallelRoam::Algorithms::GreedyTransactionalLod::Proposal const*> > >, std::_Select1st<std::pair<unsigned int const, std::vector<ParallelRoam::Algorithms::GreedyTransactionalLod::Proposal const*, std::allocator<ParallelRoam::Algorithms::GreedyTransactionalLod::Proposal const*> > > >, std::less<unsigned int>, std::allocator<std::pair<unsigned int const, std::vector<ParallelRoam::Algorithms::GreedyTransactionalLod::Proposal const*, std::allocator<ParallelRoam::Algorithms::GreedyTransactionalLod::Proposal const*> > > > >::_M_erase(std::_Rb_tree_node<std::pair<unsigned int const, std::vector<ParallelRoam::Algorithms::GreedyTransactionalLod::Proposal const*, std::allocator<ParallelRoam::Algorithms::GreedyTransactionalLod::Proposal const*> > > >*) [clone .isra.0]",_int_free_chunk,20040080,0.11638733705772812
ParallelRoam::Algorithms::GreedyTransactionalLod::TransactionalQualitySampleEvidence::VisibilityAgrees(),"ParallelRoam::Algorithms::GreedyTransactionalLod::QualityEvaluation::VisibleBounds(ParallelRoam::Algorithms::GreedyTransactionalLod::Configuration const&, std::array<ParallelRoam::Algorithms::GreedyTransactionalLod::QualityEvaluation::Interval, 4ul> const&)",20040080,0.11638733705772812
"void boost::multiprecision::backends::eval_multiply_imp<boost::multiprecision::backends::cpp_int_backend<0ul, 0ul, (boost::multiprecision::cpp_integer_type)1, (boost::multiprecision::cpp_int_check_type)0, std::allocator<unsigned long long> > >(boost::multiprecision::backends::rational_adaptor<boost::multiprecision::backends::cpp_int_backend<0ul, 0ul, (boost::multiprecision::cpp_integer_type)1, (boost::multiprecision::cpp_int_check_type)0, std::allocator<unsigned long long> > >&, boost::multiprecision::backends::rational_adaptor<boost::multiprecision::backends::cpp_int_backend<0ul, 0ul, (boost::multiprecision::cpp_integer_type)1, (boost::multiprecision::cpp_int_check_type)0, std::allocator<unsigned long long> > > const&, boost::multiprecision::backends::cpp_int_backend<0ul, 0ul, (boost::multiprecision::cpp_integer_type)1, (boost::multiprecision::cpp_int_check_type)0, std::allocator<unsigned long long> > const&, boost::multiprecision::backends::cpp_int_backend<0ul, 0ul, (boost::multiprecision::cpp_integer_type)1, (boost::multiprecision::cpp_int_check_type)0, std::allocator<unsigned long long> > const&)",__umodti3,20040080,0.11638733705772812
"std::optional<ParallelRoam::Algorithms::GreedyTransactionalLod::QualityEvaluation::Interval> ParallelRoam::Algorithms::GreedyTransactionalLod::QualityEvaluation::ScreenPrepared<ParallelRoam::Algorithms::GreedyTransactionalLod::QualityEvaluation::Interval>(ParallelRoam::Algorithms::GreedyTransactionalLod::Configuration const&, std::array<ParallelRoam::Algorithms::GreedyTransactionalLod::QualityEvaluation::Interval, 3ul> const&, std::array<ParallelRoam::Algorithms::GreedyTransactionalLod::QualityEvaluation::Interval, 4ul> const&, ParallelRoam::Algorithms::GreedyTransactionalLod::QualityEvaluation::Interval const&)",nextafter@plt,20040080,0.11638733705772812
"void boost::multiprecision::number<boost::multiprecision::backends::rational_adaptor<boost::multiprecision::backends::cpp_int_backend<0ul, 0ul, (boost::multiprecision::cpp_integer_type)1, (boost::multiprecision::cpp_int_check_type)0, std::allocator<unsigned long long> > >, (boost::multiprecision::expression_template_option)1>::do_assign<boost::multiprecision::detail::expression<boost::multiprecision::detail::minus, boost::multiprecision::detail::expression<boost::multiprecision::detail::multiplies, boost::multiprecision::detail::expression<boost::multiprecision::detail::subtract_immediates, boost::multiprecision::number<boost::multiprecision::backends::rational_adaptor<boost::multiprecision::backends::cpp_int_backend<0ul, 0ul, (boost::multiprecision::cpp_integer_type)1, (boost::multiprecision::cpp_int_check_type)0, std::allocator<unsigned long long> > >, (boost::multiprecision::expression_template_option)1>, boost::multiprecision::number<boost::multiprecision::backends::rational_adaptor<boost::multiprecision::backends::cpp_int_backend<0ul, 0ul, (boost::multiprecision::cpp_integer_type)1, (boost::multiprecision::cpp_int_check_type)0, std::allocator<unsigned long long> > >, (boost::multiprecision::expression_template_option)1>, void, void>, boost::multiprecision::number<boost::multiprecision::backends::rational_adaptor<boost::multiprecision::backends::cpp_int_backend<0ul, 0ul, (boost::multiprecision::cpp_integer_type)1, (boost::multiprecision::cpp_int_check_type)0, std::allocator<unsigned long long> > >, (boost::multiprecision::expression_template_option)1>, void, void>, boost::multiprecision::detail::expression<boost::multiprecision::detail::multiplies, boost::multiprecision::detail::expression<boost::multiprecision::detail::subtract_immediates, boost::multiprecision::number<boost::multiprecision::backends::rational_adaptor<boost::multiprecision::backends::cpp_int_backend<0ul, 0ul, (boost::multiprecision::cpp_integer_type)1, (boost::multiprecision::cpp_int_check_type)0, std::allocator<unsigned long long> > >, (boost::multiprecision::expression_template_option)1>, boost::multiprecision::number<boost::multiprecision::backends::rational_adaptor<boost::multiprecision::backends::cpp_int_backend<0ul, 0ul, (boost::multiprecision::cpp_integer_type)1, (boost::multiprecision::cpp_int_check_type)0, std::allocator<unsigned long long> > >, (boost::multiprecision::expression_template_option)1>, void, void>, boost::multiprecision::number<boost::multiprecision::backends::rational_adaptor<boost::multiprecision::backends::cpp_int_backend<0ul, 0ul, (boost::multiprecision::cpp_integer_type)1, (boost::multiprecision::cpp_int_check_type)0, std::allocator<unsigned long long> > >, (boost::multiprecision::expression_template_option)1>, void, void>, void, void> >(boost::multiprecision::detail::expression<boost::multiprecision::detail::minus, boost::multiprecision::detail::expression<boost::multiprecision::detail::multiplies, boost::multiprecision::detail::expression<boost::multiprecision::detail::subtract_immediates, boost::multiprecision::number<boost::multiprecision::backends::rational_adaptor<boost::multiprecision::backends::cpp_int_backend<0ul, 0ul, (boost::multiprecision::cpp_integer_type)1, (boost::multiprecision::cpp_int_check_type)0, std::allocator<unsigned long long> > >, (boost::multiprecision::expression_template_option)1>, boost::multiprecision::number<boost::multiprecision::backends::rational_adaptor<boost::multiprecision::backends::cpp_int_backend<0ul, 0ul, (boost::multiprecision::cpp_integer_type)1, (boost::multiprecision::cpp_int_check_type)0, std::allocator<unsigned long long> > >, (boost::multiprecision::expression_template_option)1>, void, void>, boost::multiprecision::number<boost::multiprecision::backends::rational_adaptor<boost::multiprecision::backends::cpp_int_backend<0ul, 0ul, (boost::multiprecision::cpp_integer_type)1, (boost::multiprecision::cpp_int_check_type)0, std::allocator<unsigned long long> > >, (boost::multiprecision::expression_template_option)1>, void, void>, boost::multiprecision::detail::expression<boost::multiprecision::detail::multiplies, boost::multiprecision::detail::expression<boost::multiprecision::detail::subtract_immediates, boost::multiprecision::number<boost::multiprecision::backends::rational_adaptor<boost::multiprecision::backends::cpp_int_backend<0ul, 0ul, (boost::multiprecision::cpp_integer_type)1, (boost::multiprecision::cpp_int_check_type)0, std::allocator<unsigned long long> > >, (boost::multiprecision::expression_template_option)1>, boost::multiprecision::number<boost::multiprecision::backends::rational_adaptor<boost::multiprecision::backends::cpp_int_backend<0ul, 0ul, (boost::multiprecision::cpp_integer_type)1, (boost::multiprecision::cpp_int_check_type)0, std::allocator<unsigned long long> > >, (boost::multiprecision::expression_template_option)1>, void, void>, boost::multiprecision::number<boost::multiprecision::backends::rational_adaptor<boost::multiprecision::backends::cpp_int_backend<0ul, 0ul, (boost::multiprecision::cpp_integer_type)1, (boost::multiprecision::cpp_int_check_type)0, std::allocator<unsigned long long> > >, (boost::multiprecision::expression_template_option)1>, void, void>, void, void> const&, boost::multiprecision::detail::minus const&) [clone .isra.0]","void boost::multiprecision::backends::eval_add_subtract_imp<boost::multiprecision::backends::cpp_int_backend<0ul, 0ul, (boost::multiprecision::cpp_integer_type)1, (boost::multiprecision::cpp_int_check_type)0, std::allocator<unsigned long long> > >(boost::multiprecision::backends::rational_adaptor<boost::multiprecision::backends::cpp_int_backend<0ul, 0ul, (boost::multiprecision::cpp_integer_type)1, (boost::multiprecision::cpp_int_check_type)0, std::allocator<unsigned long long> > >&, boost::multiprecision::backends::rational_adaptor<boost::multiprecision::backends::cpp_int_backend<0ul, 0ul, (boost::multiprecision::cpp_integer_type)1, (boost::multiprecision::cpp_int_check_type)0, std::allocator<unsigned long long> > > const&, boost::multiprecision::backends::rational_adaptor<boost::multiprecision::backends::cpp_int_backend<0ul, 0ul, (boost::multiprecision::cpp_integer_type)1, (boost::multiprecision::cpp_int_check_type)0, std::allocator<unsigned long long> > > const&, bool)",20040080,0.11638733705772812
"std::array<boost::multiprecision::number<boost::multiprecision::backends::rational_adaptor<boost::multiprecision::backends::cpp_int_backend<0ul, 0ul, (boost::multiprecision::cpp_integer_type)1, (boost::multiprecision::cpp_int_check_type)0, std::allocator<unsigned long long> > >, (boost::multiprecision::expression_template_option)1>, 3ul> ParallelRoam::Algorithms::GreedyTransactionalLod::QualityEvaluation::Reference<boost::multiprecision::number<boost::multiprecision::backends::rational_adaptor<boost::multiprecision::backends::cpp_int_backend<0ul, 0ul, (boost::multiprecision::cpp_integer_type)1, (boost::multiprecision::cpp_int_check_type)0, std::allocator<unsigned long long> > >, (boost::multiprecision::expression_template_option)1> >(ParallelRoam::Algorithms::GreedyTransactionalLod::TransactionalState const&, ParallelRoam::Algorithms::GreedyTransactionalLod::TransactionalSamples const&, unsigned int)",__memmove_avx512_unaligned_erms,20040080,0.11638733705772812
"auto ParallelRoam::Algorithms::GreedyTransactionalLod::TransactionalReservation::Plan(ParallelRoam::Algorithms::GreedyTransactionalLod::TransactionalState const&, ParallelRoam::Algorithms::GreedyTransactionalLod::TransactionalSamples const&, ParallelRoam::Algorithms::GreedyTransactionalLod::WorkLedger&, ParallelRoam::Algorithms::GreedyTransactionalLod::TransactionalExecution const&)::{lambda(auto:1, auto:2, ParallelRoam::Algorithms::GreedyTransactionalLod::WorkLedger&)#1}::operator()<unsigned long, unsigned long>(unsigned long, unsigned long, ParallelRoam::Algorithms::GreedyTransactionalLod::WorkLedger&) const","ParallelRoam::Algorithms::GreedyTransactionalLod::TransactionalFlipRecovery::FirstCertified(ParallelRoam::Algorithms::GreedyTransactionalLod::TransactionalState const&, ParallelRoam::Algorithms::GreedyTransactionalLod::TransactionalSamples const&, unsigned int, ParallelRoam::Algorithms::GreedyTransactionalLod::WorkLedger&, std::vector<std::pair<char, std::__cxx11::basic_string<char, std::char_traits<char>, std::allocator<char> > >, std::allocator<std::pair<char, std::__cxx11::basic_string<char, std::char_traits<char>, std::allocator<char> > > > >&)",20040080,0.11638733705772812
"void boost::multiprecision::backends::divide_unsigned_helper<boost::multiprecision::backends::cpp_int_backend<0ul, 0ul, (boost::multiprecision::cpp_integer_type)1, (boost::multiprecision::cpp_int_check_type)0, std::allocator<unsigned long long> >, boost::multiprecision::backends::cpp_int_backend<0ul, 0ul, (boost::multiprecision::cpp_integer_type)1, (boost::multiprecision::cpp_int_check_type)0, std::allocator<unsigned long long> >, boost::multiprecision::backends::cpp_int_backend<0ul, 0ul, (boost::multiprecision::cpp_integer_type)1, (boost::multiprecision::cpp_int_check_type)0, std::allocator<unsigned long long> > >(boost::multiprecision::backends::cpp_int_backend<0ul, 0ul, (boost::multiprecision::cpp_integer_type)1, (boost::multiprecision::cpp_int_check_type)0, std::allocator<unsigned long long> >*, boost::multiprecision::backends::cpp_int_backend<0ul, 0ul, (boost::multiprecision::cpp_integer_type)1, (boost::multiprecision::cpp_int_check_type)0, std::allocator<unsigned long long> > const&, boost::multiprecision::backends::cpp_int_backend<0ul, 0ul, (boost::multiprecision::cpp_integer_type)1, (boost::multiprecision::cpp_int_check_type)0, std::allocator<unsigned long long> > const&, boost::multiprecision::backends::cpp_int_backend<0ul, 0ul, (boost::multiprecision::cpp_integer_type)1, (boost::multiprecision::cpp_int_check_type)0, std::allocator<unsigned long long> >&)","boost::multiprecision::backends::cpp_int_base<0ul, 18446744073709551615ul, (boost::multiprecision::cpp_integer_type)1, (boost::multiprecision::cpp_int_check_type)0, std::allocator<unsigned long long>, false>::resize(unsigned long, unsigned long) [clone .isra.0]",18036072,0.10474860335195531
"ParallelRoam::Algorithms::GreedyTransactionalLod::TransactionalPointwiseQuality::Certify[abi:cxx11](ParallelRoam::Algorithms::GreedyTransactionalLod::TransactionalState const&, ParallelRoam::Algorithms::GreedyTransactionalLod::TransactionalSamples const&, ParallelRoam::Algorithms::GreedyTransactionalLod::Proposal&, bool, ParallelRoam::Algorithms::GreedyTransactionalLod::WorkLedger&)","void boost::multiprecision::backends::eval_multiply_imp<boost::multiprecision::backends::cpp_int_backend<0ul, 0ul, (boost::multiprecision::cpp_integer_type)1, (boost::multiprecision::cpp_int_check_type)0, std::allocator<unsigned long long> > >(boost::multiprecision::backends::rational_adaptor<boost::multiprecision::backends::cpp_int_backend<0ul, 0ul, (boost::multiprecision::cpp_integer_type)1, (boost::multiprecision::cpp_int_check_type)0, std::allocator<unsigned long long> > >&, boost::multiprecision::backends::rational_adaptor<boost::multiprecision::backends::cpp_int_backend<0ul, 0ul, (boost::multiprecision::cpp_integer_type)1, (boost::multiprecision::cpp_int_check_type)0, std::allocator<unsigned long long> > > const&, boost::multiprecision::backends::cpp_int_backend<0ul, 0ul, (boost::multiprecision::cpp_integer_type)1, (boost::multiprecision::cpp_int_check_type)0, std::allocator<unsigned long long> > const&, boost::multiprecision::backends::cpp_int_backend<0ul, 0ul, (boost::multiprecision::cpp_integer_type)1, (boost::multiprecision::cpp_int_check_type)0, std::allocator<unsigned long long> > const&)",18036072,0.10474860335195531
"ParallelRoam::Algorithms::GreedyTransactionalLod::QualityEvaluation::SameInterface(ParallelRoam::Algorithms::GreedyTransactionalLod::TransactionalState const&, ParallelRoam::Algorithms::GreedyTransactionalLod::Proposal const&, bool, std::vector<std::array<ParallelRoam::Algorithms::GreedyTransactionalLod::Point, 3ul>, std::allocator<std::array<ParallelRoam::Algorithms::GreedyTransactionalLod::Point, 3ul> > > const&, std::vector<std::array<ParallelRoam::Algorithms::GreedyTransactionalLod::Point, 3ul>, std::allocator<std::array<ParallelRoam::Algorithms::GreedyTransactionalLod::Point, 3ul> > > const&)",__memmove_avx512_unaligned_erms,18036072,0.10474860335195531
"void boost::multiprecision::backends::divide_unsigned_helper<boost::multiprecision::backends::cpp_int_backend<0ul, 0ul, (boost::multiprecision::cpp_integer_type)1, (boost::multiprecision::cpp_int_check_type)0, std::allocator<unsigned long long> >, boost::multiprecision::backends::cpp_int_backend<0ul, 0ul, (boost::multiprecision::cpp_integer_type)1, (boost::multiprecision::cpp_int_check_type)0, std::allocator<unsigned long long> > >(boost::multiprecision::backends::cpp_int_backend<0ul, 0ul, (boost::multiprecision::cpp_integer_type)1, (boost::multiprecision::cpp_int_check_type)0, std::allocator<unsigned long long> >*, boost::multiprecision::backends::cpp_int_backend<0ul, 0ul, (boost::multiprecision::cpp_integer_type)1, (boost::multiprecision::cpp_int_check_type)0, std::allocator<unsigned long long> > const&, unsigned long long, boost::multiprecision::backends::cpp_int_backend<0ul, 0ul, (boost::multiprecision::cpp_integer_type)1, (boost::multiprecision::cpp_int_check_type)0, std::allocator<unsigned long long> >&)","boost::multiprecision::backends::cpp_int_base<0ul, 18446744073709551615ul, (boost::multiprecision::cpp_integer_type)1, (boost::multiprecision::cpp_int_check_type)0, std::allocator<unsigned long long>, false>::resize(unsigned long, unsigned long) [clone .isra.0]",18036072,0.10474860335195531
"ParallelRoam::Algorithms::GreedyTransactionalLod::QualityEvaluation::AddBinaryBounds(double, double, boost::multiprecision::number<boost::multiprecision::backends::cpp_int_backend<0ul, 0ul, (boost::multiprecision::cpp_integer_type)1, (boost::multiprecision::cpp_int_check_type)0, std::allocator<unsigned long long> >, (boost::multiprecision::expression_template_option)1>&, boost::multiprecision::number<boost::multiprecision::backends::cpp_int_backend<0ul, 0ul, (boost::multiprecision::cpp_integer_type)1, (boost::multiprecision::cpp_int_check_type)0, std::allocator<unsigned long long> >, (boost::multiprecision::expression_template_option)1>&)","void boost::multiprecision::backends::add_unsigned<boost::multiprecision::backends::cpp_int_backend<0ul, 0ul, (boost::multiprecision::cpp_integer_type)1, (boost::multiprecision::cpp_int_check_type)0, std::allocator<unsigned long long> >, boost::multiprecision::backends::cpp_int_backend<0ul, 0ul, (boost::multiprecision::cpp_integer_type)1, (boost::multiprecision::cpp_int_check_type)0, std::allocator<unsigned long long> >, boost::multiprecision::backends::cpp_int_backend<0ul, 0ul, (boost::multiprecision::cpp_integer_type)1, (boost::multiprecision::cpp_int_check_type)0, std::allocator<unsigned long long> > >(boost::multiprecision::backends::cpp_int_backend<0ul, 0ul, (boost::multiprecision::cpp_integer_type)1, (boost::multiprecision::cpp_int_check_type)0, std::allocator<unsigned long long> >&, boost::multiprecision::backends::cpp_int_backend<0ul, 0ul, (boost::multiprecision::cpp_integer_type)1, (boost::multiprecision::cpp_int_check_type)0, std::allocator<unsigned long long> > const&, boost::multiprecision::backends::cpp_int_backend<0ul, 0ul, (boost::multiprecision::cpp_integer_type)1, (boost::multiprecision::cpp_int_check_type)0, std::allocator<unsigned long long> > const&)",18036072,0.10474860335195531
"ParallelRoam::Algorithms::GreedyTransactionalLod::TransactionalPointwiseQuality::Certify[abi:cxx11](ParallelRoam::Algorithms::GreedyTransactionalLod::TransactionalState const&, ParallelRoam::Algorithms::GreedyTransactionalLod::TransactionalSamples const&, ParallelRoam::Algorithms::GreedyTransactionalLod::Proposal&, bool, ParallelRoam::Algorithms::GreedyTransactionalLod::WorkLedger&)",ParallelRoam::Algorithms::GreedyTransactionalLod::(anonymous namespace)::QualityWork::~QualityWork(),18036072,0.10474860335195531
"ParallelRoam::Algorithms::GreedyTransactionalLod::TransactionalSamples::Weights(unsigned int, ParallelRoam::Algorithms::GreedyTransactionalLod::Point const&, ParallelRoam::Algorithms::GreedyTransactionalLod::Point const&, ParallelRoam::Algorithms::GreedyTransactionalLod::Point const&, std::array<double, 3ul>&) const","std::enable_if<std::is_convertible<unsigned long long, boost::multiprecision::backends::cpp_int_backend<0ul, 0ul, (boost::multiprecision::cpp_integer_type)1, (boost::multiprecision::cpp_int_check_type)0, std::allocator<unsigned long long> > >::value&&std::is_integral<unsigned long long>::value, void>::type boost::multiprecision::backends::eval_divide<boost::multiprecision::backends::cpp_int_backend<0ul, 0ul, (boost::multiprecision::cpp_integer_type)1, (boost::multiprecision::cpp_int_check_type)0, std::allocator<unsigned long long> >, unsigned long long>(boost::multiprecision::backends::rational_adaptor<boost::multiprecision::backends::cpp_int_backend<0ul, 0ul, (boost::multiprecision::cpp_integer_type)1, (boost::multiprecision::cpp_int_check_type)0, std::allocator<unsigned long long> > >&, unsigned long long)",18036072,0.10474860335195531
"std::enable_if<std::is_floating_point<long double>::value, boost::multiprecision::backends::rational_adaptor<boost::multiprecision::backends::cpp_int_backend<0ul, 0ul, (boost::multiprecision::cpp_integer_type)1, (boost::multiprecision::cpp_int_check_type)0, std::allocator<unsigned long long> > >&>::type boost::multiprecision::backends::rational_adaptor<boost::multiprecision::backends::cpp_int_backend<0ul, 0ul, (boost::multiprecision::cpp_integer_type)1, (boost::multiprecision::cpp_int_check_type)0, std::allocator<unsigned long long> > >::operator=<long double>(long double) [clone .isra.0]",__udivti3,18036072,0.10474860335195531
ParallelRoam::Algorithms::GreedyTransactionalLod::TransactionalQualitySampleEvidence::ExactCoordinate(),__memmove_avx512_unaligned_erms,18036072,0.10474860335195531
ParallelRoam::Algorithms::GreedyTransactionalLod::QualityEvaluation::(anonymous namespace)::BinaryFloor(double),"void boost::multiprecision::backends::add_unsigned<boost::multiprecision::backends::cpp_int_backend<0ul, 0ul, (boost::multiprecision::cpp_integer_type)1, (boost::multiprecision::cpp_int_check_type)0, std::allocator<unsigned long long> >, boost::multiprecision::backends::cpp_int_backend<0ul, 0ul, (boost::multiprecision::cpp_integer_type)1, (boost::multiprecision::cpp_int_check_type)0, std::allocator<unsigned long long> > >(boost::multiprecision::backends::cpp_int_backend<0ul, 0ul, (boost::multiprecision::cpp_integer_type)1, (boost::multiprecision::cpp_int_check_type)0, std::allocator<unsigned long long> >&, boost::multiprecision::backends::cpp_int_backend<0ul, 0ul, (boost::multiprecision::cpp_integer_type)1, (boost::multiprecision::cpp_int_check_type)0, std::allocator<unsigned long long> > const&, unsigned long long const&)",18036072,0.10474860335195531
"std::optional<boost::multiprecision::number<boost::multiprecision::backends::rational_adaptor<boost::multiprecision::backends::cpp_int_backend<0ul, 0ul, (boost::multiprecision::cpp_integer_type)1, (boost::multiprecision::cpp_int_check_type)0, std::allocator<unsigned long long> > >, (boost::multiprecision::expression_template_option)1> > ParallelRoam::Algorithms::GreedyTransactionalLod::QualityEvaluation::ScreenPrepared<boost::multiprecision::number<boost::multiprecision::backends::rational_adaptor<boost::multiprecision::backends::cpp_int_backend<0ul, 0ul, (boost::multiprecision::cpp_integer_type)1, (boost::multiprecision::cpp_int_check_type)0, std::allocator<unsigned long long> > >, (boost::multiprecision::expression_template_option)1> >(ParallelRoam::Algorithms::GreedyTransactionalLod::Configuration const&, std::array<boost::multiprecision::number<boost::multiprecision::backends::rational_adaptor<boost::multiprecision::backends::cpp_int_backend<0ul, 0ul, (boost::multiprecision::cpp_integer_type)1, (boost::multiprecision::cpp_int_check_type)0, std::allocator<unsigned long long> > >, (boost::multiprecision::expression_template_option)1>, 3ul> const&, std::array<boost::multiprecision::number<boost::multiprecision::backends::rational_adaptor<boost::multiprecision::backends::cpp_int_backend<0ul, 0ul, (boost::multiprecision::cpp_integer_type)1, (boost::multiprecision::cpp_int_check_type)0, std::allocator<unsigned long long> > >, (boost::multiprecision::expression_template_option)1>, 4ul> const&, boost::multiprecision::number<boost::multiprecision::backends::rational_adaptor<boost::multiprecision::backends::cpp_int_backend<0ul, 0ul, (boost::multiprecision::cpp_integer_type)1, (boost::multiprecision::cpp_int_check_type)0, std::allocator<unsigned long long> > >, (boost::multiprecision::expression_template_option)1> const&)","boost::multiprecision::backends::rational_adaptor<boost::multiprecision::backends::cpp_int_backend<0ul, 0ul, (boost::multiprecision::cpp_integer_type)1, (boost::multiprecision::cpp_int_check_type)0, std::allocator<unsigned long long> > >::rational_adaptor<long long>(long long const&, std::enable_if<std::is_constructible<boost::multiprecision::backends::cpp_int_backend<0ul, 0ul, (boost::multiprecision::cpp_integer_type)1, (boost::multiprecision::cpp_int_check_type)0, std::allocator<unsigned long long> >, long long>::value&&(!std::is_floating_point<long long>::value), void>::type const*)",18036072,0.10474860335195531
"std::array<boost::multiprecision::number<boost::multiprecision::backends::rational_adaptor<boost::multiprecision::backends::cpp_int_backend<0ul, 0ul, (boost::multiprecision::cpp_integer_type)1, (boost::multiprecision::cpp_int_check_type)0, std::allocator<unsigned long long> > >, (boost::multiprecision::expression_template_option)1>, 2ul> ParallelRoam::Algorithms::GreedyTransactionalLod::QualityEvaluation::Coordinate<boost::multiprecision::number<boost::multiprecision::backends::rational_adaptor<boost::multiprecision::backends::cpp_int_backend<0ul, 0ul, (boost::multiprecision::cpp_integer_type)1, (boost::multiprecision::cpp_int_check_type)0, std::allocator<unsigned long long> > >, (boost::multiprecision::expression_template_option)1> >(std::array<boost::multiprecision::number<boost::multiprecision::backends::rational_adaptor<boost::multiprecision::backends::cpp_int_backend<0ul, 0ul, (boost::multiprecision::cpp_integer_type)1, (boost::multiprecision::cpp_int_check_type)0, std::allocator<unsigned long long> > >, (boost::multiprecision::expression_template_option)1>, 3ul> const&, ParallelRoam::Algorithms::GreedyTransactionalLod::Configuration const&, bool)","void boost::multiprecision::backends::eval_multiply_imp<boost::multiprecision::backends::cpp_int_backend<0ul, 0ul, (boost::multiprecision::cpp_integer_type)1, (boost::multiprecision::cpp_int_check_type)0, std::allocator<unsigned long long> > >(boost::multiprecision::backends::rational_adaptor<boost::multiprecision::backends::cpp_int_backend<0ul, 0ul, (boost::multiprecision::cpp_integer_type)1, (boost::multiprecision::cpp_int_check_type)0, std::allocator<unsigned long long> > >&, boost::multiprecision::backends::rational_adaptor<boost::multiprecision::backends::cpp_int_backend<0ul, 0ul, (boost::multiprecision::cpp_integer_type)1, (boost::multiprecision::cpp_int_check_type)0, std::allocator<unsigned long long> > > const&, boost::multiprecision::backends::cpp_int_backend<0ul, 0ul, (boost::multiprecision::cpp_integer_type)1, (boost::multiprecision::cpp_int_check_type)0, std::allocator<unsigned long long> > const&, boost::multiprecision::backends::cpp_int_backend<0ul, 0ul, (boost::multiprecision::cpp_integer_type)1, (boost::multiprecision::cpp_int_check_type)0, std::allocator<unsigned long long> > const&)",18036072,0.10474860335195531
"ParallelRoam::Algorithms::GreedyTransactionalLod::TransactionalQualitySampleEvidence::Cover(std::vector<ParallelRoam::Algorithms::GreedyTransactionalLod::TransactionalQualityFaceEvidence, std::allocator<ParallelRoam::Algorithms::GreedyTransactionalLod::TransactionalQualityFaceEvidence> >&)",ParallelRoam::Algorithms::GreedyTransactionalLod::TransactionalQualityFaceEvidence::Bounds(),16032064,0.0931098696461825
"std::optional<boost::multiprecision::number<boost::multiprecision::backends::rational_adaptor<boost::multiprecision::backends::cpp_int_backend<0ul, 0ul, (boost::multiprecision::cpp_integer_type)1, (boost::multiprecision::cpp_int_check_type)0, std::allocator<unsigned long long> > >, (boost::multiprecision::expression_template_option)1> > ParallelRoam::Algorithms::GreedyTransactionalLod::QualityEvaluation::ScreenPrepared<boost::multiprecision::number<boost::multiprecision::backends::rational_adaptor<boost::multiprecision::backends::cpp_int_backend<0ul, 0ul, (boost::multiprecision::cpp_integer_type)1, (boost::multiprecision::cpp_int_check_type)0, std::allocator<unsigned long long> > >, (boost::multiprecision::expression_template_option)1> >(ParallelRoam::Algorithms::GreedyTransactionalLod::Configuration const&, std::array<boost::multiprecision::number<boost::multiprecision::backends::rational_adaptor<boost::multiprecision::backends::cpp_int_backend<0ul, 0ul, (boost::multiprecision::cpp_integer_type)1, (boost::multiprecision::cpp_int_check_type)0, std::allocator<unsigned long long> > >, (boost::multiprecision::expression_template_option)1>, 3ul> const&, std::array<boost::multiprecision::number<boost::multiprecision::backends::rational_adaptor<boost::multiprecision::backends::cpp_int_backend<0ul, 0ul, (boost::multiprecision::cpp_integer_type)1, (boost::multiprecision::cpp_int_check_type)0, std::allocator<unsigned long long> > >, (boost::multiprecision::expression_template_option)1>, 4ul> const&, boost::multiprecision::number<boost::multiprecision::backends::rational_adaptor<boost::multiprecision::backends::cpp_int_backend<0ul, 0ul, (boost::multiprecision::cpp_integer_type)1, (boost::multiprecision::cpp_int_check_type)0, std::allocator<unsigned long long> > >, (boost::multiprecision::expression_template_option)1> const&)",cfree@GLIBC_2.2.5,16032064,0.0931098696461825
"void boost::multiprecision::backends::divide_unsigned_helper<boost::multiprecision::backends::cpp_int_backend<0ul, 0ul, (boost::multiprecision::cpp_integer_type)1, (boost::multiprecision::cpp_int_check_type)0, std::allocator<unsigned long long> >, boost::multiprecision::backends::cpp_int_backend<0ul, 0ul, (boost::multiprecision::cpp_integer_type)1, (boost::multiprecision::cpp_int_check_type)0, std::allocator<unsigned long long> >, boost::multiprecision::backends::cpp_int_backend<0ul, 0ul, (boost::multiprecision::cpp_integer_type)1, (boost::multiprecision::cpp_int_check_type)0, std::allocator<unsigned long long> > >(boost::multiprecision::backends::cpp_int_backend<0ul, 0ul, (boost::multiprecision::cpp_integer_type)1, (boost::multiprecision::cpp_int_check_type)0, std::allocator<unsigned long long> >*, boost::multiprecision::backends::cpp_int_backend<0ul, 0ul, (boost::multiprecision::cpp_integer_type)1, (boost::multiprecision::cpp_int_check_type)0, std::allocator<unsigned long long> > const&, boost::multiprecision::backends::cpp_int_backend<0ul, 0ul, (boost::multiprecision::cpp_integer_type)1, (boost::multiprecision::cpp_int_check_type)0, std::allocator<unsigned long long> > const&, boost::multiprecision::backends::cpp_int_backend<0ul, 0ul, (boost::multiprecision::cpp_integer_type)1, (boost::multiprecision::cpp_int_check_type)0, std::allocator<unsigned long long> >&)","boost::multiprecision::backends::cpp_int_base<0ul, 18446744073709551615ul, (boost::multiprecision::cpp_integer_type)1, (boost::multiprecision::cpp_int_check_type)0, std::allocator<unsigned long long>, false>::assign(boost::multiprecision::backends::cpp_int_base<0ul, 18446744073709551615ul, (boost::multiprecision::cpp_integer_type)1, (boost::multiprecision::cpp_int_check_type)0, std::allocator<unsigned long long>, false> const&) [clone .part.0]",16032064,0.0931098696461825
"ParallelRoam::Algorithms::GreedyTransactionalLod::(anonymous namespace)::Prepare(ParallelRoam::Algorithms::GreedyTransactionalLod::TransactionalState const&, ParallelRoam::Algorithms::GreedyTransactionalLod::TransactionalSamples const&, unsigned int, char, std::vector<unsigned int, std::allocator<unsigned int> >, ParallelRoam::Algorithms::GreedyTransactionalLod::Point const&, long, unsigned long)",ParallelRoam::Algorithms::GreedyTransactionalLod::TransactionalState::Vertex(long) const,16032064,0.0931098696461825
ParallelRoam::Algorithms::GreedyTransactionalLod::TransactionalQualitySampleEvidence::ExactClip(),__memmove_avx512_unaligned_erms,16032064,0.0931098696461825
_int_malloc,unlink_chunk.isra.0,16032064,0.0931098696461825
"void boost::multiprecision::backends::eval_gcd_lehmer<0ul, 0ul, (boost::multiprecision::cpp_integer_type)1, (boost::multiprecision::cpp_int_check_type)0, std::allocator<unsigned long long>, boost::multiprecision::backends::cpp_int_base<0ul, 18446744073709551615ul, (boost::multiprecision::cpp_integer_type)1, (boost::multiprecision::cpp_int_check_type)0, std::allocator<unsigned long long>, false>::scoped_shared_storage>(boost::multiprecision::backends::cpp_int_backend<0ul, 0ul, (boost::multiprecision::cpp_integer_type)1, (boost::multiprecision::cpp_int_check_type)0, std::allocator<unsigned long long> >&, boost::multiprecision::backends::cpp_int_backend<0ul, 0ul, (boost::multiprecision::cpp_integer_type)1, (boost::multiprecision::cpp_int_check_type)0, std::allocator<unsigned long long> >&, unsigned long, boost::multiprecision::backends::cpp_int_base<0ul, 18446744073709551615ul, (boost::multiprecision::cpp_integer_type)1, (boost::multiprecision::cpp_int_check_type)0, std::allocator<unsigned long long>, false>::scoped_shared_storage&)","std::enable_if<(!boost::multiprecision::backends::is_trivial_cpp_int<boost::multiprecision::backends::cpp_int_backend<0ul, 0ul, (boost::multiprecision::cpp_integer_type)1, (boost::multiprecision::cpp_int_check_type)0, std::allocator<unsigned long long> > >::value)&&(!boost::multiprecision::backends::is_trivial_cpp_int<boost::multiprecision::backends::cpp_int_backend<0ul, 0ul, (boost::multiprecision::cpp_integer_type)1, (boost::multiprecision::cpp_int_check_type)0, std::allocator<unsigned long long> > >::value), void>::type boost::multiprecision::backends::eval_multiply<0ul, 0ul, (boost::multiprecision::cpp_integer_type)1, (boost::multiprecision::cpp_int_check_type)0, std::allocator<unsigned long long>, 0ul, 0ul, (boost::multiprecision::cpp_integer_type)1, (boost::multiprecision::cpp_int_check_type)0, std::allocator<unsigned long long> >(boost::multiprecision::backends::cpp_int_backend<0ul, 0ul, (boost::multiprecision::cpp_integer_type)1, (boost::multiprecision::cpp_int_check_type)0, std::allocator<unsigned long long> >&, boost::multiprecision::backends::cpp_int_backend<0ul, 0ul, (boost::multiprecision::cpp_integer_type)1, (boost::multiprecision::cpp_int_check_type)0, std::allocator<unsigned long long> > const&, unsigned long long const&)",14028056,0.08147113594040968
"std::array<boost::multiprecision::number<boost::multiprecision::backends::rational_adaptor<boost::multiprecision::backends::cpp_int_backend<0ul, 0ul, (boost::multiprecision::cpp_integer_type)1, (boost::multiprecision::cpp_int_check_type)0, std::allocator<unsigned long long> > >, (boost::multiprecision::expression_template_option)1>, 4ul> ParallelRoam::Algorithms::GreedyTransactionalLod::QualityEvaluation::Clip<boost::multiprecision::number<boost::multiprecision::backends::rational_adaptor<boost::multiprecision::backends::cpp_int_backend<0ul, 0ul, (boost::multiprecision::cpp_integer_type)1, (boost::multiprecision::cpp_int_check_type)0, std::allocator<unsigned long long> > >, (boost::multiprecision::expression_template_option)1> >(ParallelRoam::Algorithms::GreedyTransactionalLod::Configuration const&, boost::multiprecision::number<boost::multiprecision::backends::rational_adaptor<boost::multiprecision::backends::cpp_int_backend<0ul, 0ul, (boost::multiprecision::cpp_integer_type)1, (boost::multiprecision::cpp_int_check_type)0, std::allocator<unsigned long long> > >, (boost::multiprecision::expression_template_option)1> const&, boost::multiprecision::number<boost::multiprecision::backends::rational_adaptor<boost::multiprecision::backends::cpp_int_backend<0ul, 0ul, (boost::multiprecision::cpp_integer_type)1, (boost::multiprecision::cpp_int_check_type)0, std::allocator<unsigned long long> > >, (boost::multiprecision::expression_template_option)1> const&, boost::multiprecision::number<boost::multiprecision::backends::rational_adaptor<boost::multiprecision::backends::cpp_int_backend<0ul, 0ul, (boost::multiprecision::cpp_integer_type)1, (boost::multiprecision::cpp_int_check_type)0, std::allocator<unsigned long long> > >, (boost::multiprecision::expression_template_option)1> const&)","std::enable_if<!boost::multiprecision::backends::is_trivial_cpp_int<boost::multiprecision::backends::cpp_int_backend<0ul, 0ul, (boost::multiprecision::cpp_integer_type)1, (boost::multiprecision::cpp_int_check_type)0, std::allocator<unsigned long long> > >::value, void>::type boost::multiprecision::backends::eval_gcd<0ul, 0ul, (boost::multiprecision::cpp_integer_type)1, (boost::multiprecision::cpp_int_check_type)0, std::allocator<unsigned long long> >(boost::multiprecision::backends::cpp_int_backend<0ul, 0ul, (boost::multiprecision::cpp_integer_type)1, (boost::multiprecision::cpp_int_check_type)0, std::allocator<unsigned long long> >&, boost::multiprecision::backends::cpp_int_backend<0ul, 0ul, (boost::multiprecision::cpp_integer_type)1, (boost::multiprecision::cpp_int_check_type)0, std::allocator<unsigned long long> > const&, boost::multiprecision::backends::cpp_int_backend<0ul, 0ul, (boost::multiprecision::cpp_integer_type)1, (boost::multiprecision::cpp_int_check_type)0, std::allocator<unsigned long long> > const&)",14028056,0.08147113594040968
ParallelRoam::Algorithms::GreedyTransactionalLod::TransactionalQualitySampleEvidence::ExactReference(),__memmove_chk_avx512_unaligned_erms,14028056,0.08147113594040968
"ParallelRoam::Algorithms::GreedyTransactionalLod::TransactionalPipeline::Apply(ParallelRoam::Algorithms::GreedyTransactionalLod::CertifiedBatch const&, ParallelRoam::Algorithms::GreedyTransactionalLod::WorkLedger&)","ParallelRoam::Algorithms::GreedyTransactionalLod::TransactionalCommit::Prepare(ParallelRoam::Algorithms::GreedyTransactionalLod::TransactionalState&, ParallelRoam::Algorithms::GreedyTransactionalLod::CertifiedBatch const&, ParallelRoam::Algorithms::GreedyTransactionalLod::WorkLedger&, ParallelRoam::Algorithms::GreedyTransactionalLod::TransactionalExecution const&, ParallelRoam::Algorithms::GreedyTransactionalLod::HeightSource const*)",14028056,0.08147113594040968
"boost::multiprecision::backends::rational_adaptor<boost::multiprecision::backends::cpp_int_backend<0ul, 0ul, (boost::multiprecision::cpp_integer_type)1, (boost::multiprecision::cpp_int_check_type)0, std::allocator<unsigned long long> > >::rational_adaptor<unsigned long long>(unsigned long long const&, std::enable_if<std::is_constructible<boost::multiprecision::backends::cpp_int_backend<0ul, 0ul, (boost::multiprecision::cpp_integer_type)1, (boost::multiprecision::cpp_int_check_type)0, std::allocator<unsigned long long> >, unsigned long long>::value&&(!std::is_floating_point<unsigned long long>::value), void>::type const*)","boost::multiprecision::backends::cpp_int_base<0ul, 18446744073709551615ul, (boost::multiprecision::cpp_integer_type)1, (boost::multiprecision::cpp_int_check_type)0, std::allocator<unsigned long long>, false>::resize(unsigned long, unsigned long) [clone .isra.0]",14028056,0.08147113594040968
"std::array<boost::multiprecision::number<boost::multiprecision::backends::rational_adaptor<boost::multiprecision::backends::cpp_int_backend<0ul, 0ul, (boost::multiprecision::cpp_integer_type)1, (boost::multiprecision::cpp_int_check_type)0, std::allocator<unsigned long long> > >, (boost::multiprecision::expression_template_option)1>, 4ul> ParallelRoam::Algorithms::GreedyTransactionalLod::QualityEvaluation::Clip<boost::multiprecision::number<boost::multiprecision::backends::rational_adaptor<boost::multiprecision::backends::cpp_int_backend<0ul, 0ul, (boost::multiprecision::cpp_integer_type)1, (boost::multiprecision::cpp_int_check_type)0, std::allocator<unsigned long long> > >, (boost::multiprecision::expression_template_option)1> >(ParallelRoam::Algorithms::GreedyTransactionalLod::Configuration const&, boost::multiprecision::number<boost::multiprecision::backends::rational_adaptor<boost::multiprecision::backends::cpp_int_backend<0ul, 0ul, (boost::multiprecision::cpp_integer_type)1, (boost::multiprecision::cpp_int_check_type)0, std::allocator<unsigned long long> > >, (boost::multiprecision::expression_template_option)1> const&, boost::multiprecision::number<boost::multiprecision::backends::rational_adaptor<boost::multiprecision::backends::cpp_int_backend<0ul, 0ul, (boost::multiprecision::cpp_integer_type)1, (boost::multiprecision::cpp_int_check_type)0, std::allocator<unsigned long long> > >, (boost::multiprecision::expression_template_option)1> const&, boost::multiprecision::number<boost::multiprecision::backends::rational_adaptor<boost::multiprecision::backends::cpp_int_backend<0ul, 0ul, (boost::multiprecision::cpp_integer_type)1, (boost::multiprecision::cpp_int_check_type)0, std::allocator<unsigned long long> > >, (boost::multiprecision::expression_template_option)1> const&)","std::enable_if<((!boost::multiprecision::backends::is_trivial_cpp_int<boost::multiprecision::backends::cpp_int_backend<0ul, 0ul, (boost::multiprecision::cpp_integer_type)1, (boost::multiprecision::cpp_int_check_type)0, std::allocator<unsigned long long> > >::value)&&(!boost::multiprecision::backends::is_trivial_cpp_int<boost::multiprecision::backends::cpp_int_backend<0ul, 0ul, (boost::multiprecision::cpp_integer_type)1, (boost::multiprecision::cpp_int_check_type)0, std::allocator<unsigned long long> > >::value))&&(!boost::multiprecision::backends::is_trivial_cpp_int<boost::multiprecision::backends::cpp_int_backend<0ul, 0ul, (boost::multiprecision::cpp_integer_type)1, (boost::multiprecision::cpp_int_check_type)0, std::allocator<unsigned long long> > >::value), void>::type boost::multiprecision::backends::eval_multiply<0ul, 0ul, (boost::multiprecision::cpp_integer_type)1, (boost::multiprecision::cpp_int_check_type)0, std::allocator<unsigned long long>, 0ul, 0ul, (boost::multiprecision::cpp_integer_type)1, (boost::multiprecision::cpp_int_check_type)0, std::allocator<unsigned long long>, 0ul, 0ul, (boost::multiprecision::cpp_integer_type)1, (boost::multiprecision::cpp_int_check_type)0, std::allocator<unsigned long long> >(boost::multiprecision::backends::cpp_int_backend<0ul, 0ul, (boost::multiprecision::cpp_integer_type)1, (boost::multiprecision::cpp_int_check_type)0, std::allocator<unsigned long long> >&, boost::multiprecision::backends::cpp_int_backend<0ul, 0ul, (boost::multiprecision::cpp_integer_type)1, (boost::multiprecision::cpp_int_check_type)0, std::allocator<unsigned long long> > const&, boost::multiprecision::backends::cpp_int_backend<0ul, 0ul, (boost::multiprecision::cpp_integer_type)1, (boost::multiprecision::cpp_int_check_type)0, std::allocator<unsigned long long> > const&)",14028056,0.08147113594040968
"ParallelRoam::Algorithms::GreedyTransactionalLod::QualityEvaluation::SameInterface(ParallelRoam::Algorithms::GreedyTransactionalLod::TransactionalState const&, ParallelRoam::Algorithms::GreedyTransactionalLod::Proposal const&, bool, std::vector<std::array<ParallelRoam::Algorithms::GreedyTransactionalLod::Point, 3ul>, std::allocator<std::array<ParallelRoam::Algorithms::GreedyTransactionalLod::Point, 3ul> > > const&, std::vector<std::array<ParallelRoam::Algorithms::GreedyTransactionalLod::Point, 3ul>, std::allocator<std::array<ParallelRoam::Algorithms::GreedyTransactionalLod::Point, 3ul> > > const&)","void boost::multiprecision::backends::eval_divide<boost::multiprecision::backends::cpp_int_backend<0ul, 0ul, (boost::multiprecision::cpp_integer_type)1, (boost::multiprecision::cpp_int_check_type)0, std::allocator<unsigned long long> > >(boost::multiprecision::backends::rational_adaptor<boost::multiprecision::backends::cpp_int_backend<0ul, 0ul, (boost::multiprecision::cpp_integer_type)1, (boost::multiprecision::cpp_int_check_type)0, std::allocator<unsigned long long> > >&, boost::multiprecision::backends::rational_adaptor<boost::multiprecision::backends::cpp_int_backend<0ul, 0ul, (boost::multiprecision::cpp_integer_type)1, (boost::multiprecision::cpp_int_check_type)0, std::allocator<unsigned long long> > > const&)",14028056,0.08147113594040968
"std::enable_if<!boost::multiprecision::backends::is_trivial_cpp_int<boost::multiprecision::backends::cpp_int_backend<0ul, 0ul, (boost::multiprecision::cpp_integer_type)1, (boost::multiprecision::cpp_int_check_type)0, std::allocator<unsigned long long> > >::value, void>::type boost::multiprecision::backends::eval_gcd<0ul, 0ul, (boost::multiprecision::cpp_integer_type)1, (boost::multiprecision::cpp_int_check_type)0, std::allocator<unsigned long long> >(boost::multiprecision::backends::cpp_int_backend<0ul, 0ul, (boost::multiprecision::cpp_integer_type)1, (boost::multiprecision::cpp_int_check_type)0, std::allocator<unsigned long long> >&, boost::multiprecision::backends::cpp_int_backend<0ul, 0ul, (boost::multiprecision::cpp_integer_type)1, (boost::multiprecision::cpp_int_check_type)0, std::allocator<unsigned long long> > const&, boost::multiprecision::backends::cpp_int_backend<0ul, 0ul, (boost::multiprecision::cpp_integer_type)1, (boost::multiprecision::cpp_int_check_type)0, std::allocator<unsigned long long> > const&)","std::enable_if<!boost::multiprecision::backends::is_trivial_cpp_int<boost::multiprecision::backends::cpp_int_backend<0ul, 0ul, (boost::multiprecision::cpp_integer_type)1, (boost::multiprecision::cpp_int_check_type)0, std::allocator<unsigned long long> > >::value, void>::type boost::multiprecision::backends::eval_right_shift<0ul, 0ul, (boost::multiprecision::cpp_int_check_type)0, std::allocator<unsigned long long> >(boost::multiprecision::backends::cpp_int_backend<0ul, 0ul, (boost::multiprecision::cpp_integer_type)1, (boost::multiprecision::cpp_int_check_type)0, std::allocator<unsigned long long> >&, unsigned __int128)",14028056,0.08147113594040968
"ParallelRoam::Algorithms::GreedyTransactionalLod::TransactionalPointwiseQuality::Certify[abi:cxx11](ParallelRoam::Algorithms::GreedyTransactionalLod::TransactionalState const&, ParallelRoam::Algorithms::GreedyTransactionalLod::TransactionalSamples const&, ParallelRoam::Algorithms::GreedyTransactionalLod::Proposal&, bool, ParallelRoam::Algorithms::GreedyTransactionalLod::WorkLedger&)",nextafter@plt,14028056,0.08147113594040968
"ParallelRoam::Algorithms::GreedyTransactionalLod::TransactionalQualityFaceEvidence::ExactSide(unsigned long, std::array<boost::multiprecision::number<boost::multiprecision::backends::rational_adaptor<boost::multiprecision::backends::cpp_int_backend<0ul, 0ul, (boost::multiprecision::cpp_integer_type)1, (boost::multiprecision::cpp_int_check_type)0, std::allocator<unsigned long long> > >, (boost::multiprecision::expression_template_option)1>, 2ul> const&)",__memmove_avx512_unaligned_erms,14028056,0.08147113594040968
"auto ParallelRoam::Algorithms::GreedyTransactionalLod::TransactionalReservation::Plan(ParallelRoam::Algorithms::GreedyTransactionalLod::TransactionalState const&, ParallelRoam::Algorithms::GreedyTransactionalLod::TransactionalSamples const&, ParallelRoam::Algorithms::GreedyTransactionalLod::WorkLedger&, ParallelRoam::Algorithms::GreedyTransactionalLod::TransactionalExecution const&)::{lambda(auto:1, auto:2, ParallelRoam::Algorithms::GreedyTransactionalLod::WorkLedger&)#1}::operator()<unsigned long, unsigned long>(unsigned long, unsigned long, ParallelRoam::Algorithms::GreedyTransactionalLod::WorkLedger&) const","ParallelRoam::Algorithms::GreedyTransactionalLod::QualityEvaluation::operator*(ParallelRoam::Algorithms::GreedyTransactionalLod::QualityEvaluation::Interval, ParallelRoam::Algorithms::GreedyTransactionalLod::QualityEvaluation::Interval)",14028056,0.08147113594040968
"ParallelRoam::Algorithms::GreedyTransactionalLod::TransactionalPointwiseQuality::Certify[abi:cxx11](ParallelRoam::Algorithms::GreedyTransactionalLod::TransactionalState const&, ParallelRoam::Algorithms::GreedyTransactionalLod::TransactionalSamples const&, ParallelRoam::Algorithms::GreedyTransactionalLod::Proposal&, bool, ParallelRoam::Algorithms::GreedyTransactionalLod::WorkLedger&)","ParallelRoam::Algorithms::GreedyTransactionalLod::TransactionalQualityFaceEvidence::SideBounds(unsigned long, std::array<ParallelRoam::Algorithms::GreedyTransactionalLod::QualityEvaluation::Interval, 2ul> const&)",14028056,0.08147113594040968
"ParallelRoam::Algorithms::GreedyTransactionalLod::TransactionalFlipRecovery::FirstCertified(ParallelRoam::Algorithms::GreedyTransactionalLod::TransactionalState const&, ParallelRoam::Algorithms::GreedyTransactionalLod::TransactionalSamples const&, unsigned int, ParallelRoam::Algorithms::GreedyTransactionalLod::WorkLedger&, std::vector<std::pair<char, std::__cxx11::basic_string<char, std::char_traits<char>, std::allocator<char> > >, std::allocator<std::pair<char, std::__cxx11::basic_string<char, std::char_traits<char>, std::allocator<char> > > > >&)","ParallelRoam::Algorithms::GreedyTransactionalLod::TransactionalCertification::Measure(ParallelRoam::Algorithms::GreedyTransactionalLod::TransactionalState const&, ParallelRoam::Algorithms::GreedyTransactionalLod::TransactionalSamples const&, ParallelRoam::Algorithms::GreedyTransactionalLod::Proposal&, ParallelRoam::Algorithms::GreedyTransactionalLod::WorkLedger&)",14028056,0.08147113594040968
"ParallelRoam::Algorithms::GreedyTransactionalLod::TransactionalCertification::Measure(ParallelRoam::Algorithms::GreedyTransactionalLod::TransactionalState const&, ParallelRoam::Algorithms::GreedyTransactionalLod::TransactionalSamples const&, ParallelRoam::Algorithms::GreedyTransactionalLod::Proposal&, ParallelRoam::Algorithms::GreedyTransactionalLod::WorkLedger&)","ParallelRoam::Algorithms::GreedyTransactionalLod::QualityEvaluation::ErrorBounds(ParallelRoam::Algorithms::GreedyTransactionalLod::TransactionalState const&, ParallelRoam::Algorithms::GreedyTransactionalLod::TransactionalSamples const&, unsigned int, ParallelRoam::Algorithms::GreedyTransactionalLod::Proposal const*, ParallelRoam::Algorithms::GreedyTransactionalLod::WorkLedger&, ParallelRoam::Algorithms::GreedyTransactionalLod::TransactionalProposalEvidence*)",14028056,0.08147113594040968
"boost::multiprecision::backends::rational_adaptor<boost::multiprecision::backends::cpp_int_backend<0ul, 0ul, (boost::multiprecision::cpp_integer_type)1, (boost::multiprecision::cpp_int_check_type)0, std::allocator<unsigned long long> > >::compare(boost::multiprecision::backends::rational_adaptor<boost::multiprecision::backends::cpp_int_backend<0ul, 0ul, (boost::multiprecision::cpp_integer_type)1, (boost::multiprecision::cpp_int_check_type)0, std::allocator<unsigned long long> > > const&) const","std::enable_if<!boost::multiprecision::backends::is_trivial_cpp_int<boost::multiprecision::backends::cpp_int_backend<0ul, 0ul, (boost::multiprecision::cpp_integer_type)1, (boost::multiprecision::cpp_int_check_type)0, std::allocator<unsigned long long> > >::value, unsigned long>::type boost::multiprecision::backends::eval_msb<0ul, 0ul, (boost::multiprecision::cpp_integer_type)1, (boost::multiprecision::cpp_int_check_type)0, std::allocator<unsigned long long> >(boost::multiprecision::backends::cpp_int_backend<0ul, 0ul, (boost::multiprecision::cpp_integer_type)1, (boost::multiprecision::cpp_int_check_type)0, std::allocator<unsigned long long> > const&)",12024048,0.06983240223463687
"ParallelRoam::Algorithms::GreedyTransactionalLod::TransactionalPointwiseQuality::Certify[abi:cxx11](ParallelRoam::Algorithms::GreedyTransactionalLod::TransactionalState const&, ParallelRoam::Algorithms::GreedyTransactionalLod::TransactionalSamples const&, ParallelRoam::Algorithms::GreedyTransactionalLod::Proposal&, bool, ParallelRoam::Algorithms::GreedyTransactionalLod::WorkLedger&)","boost::multiprecision::backends::rational_adaptor<boost::multiprecision::backends::cpp_int_backend<0ul, 0ul, (boost::multiprecision::cpp_integer_type)1, (boost::multiprecision::cpp_int_check_type)0, std::allocator<unsigned long long> > >::rational_adaptor()",12024048,0.06983240223463687
ParallelRoam::Algorithms::GreedyTransactionalLod::TransactionalQualitySampleEvidence::ExactClip(),__memmove_chk_avx512_unaligned_erms,12024048,0.06983240223463687
"std::enable_if<std::is_convertible<unsigned long long, boost::multiprecision::backends::cpp_int_backend<0ul, 0ul, (boost::multiprecision::cpp_integer_type)1, (boost::multiprecision::cpp_int_check_type)0, std::allocator<unsigned long long> > >::value&&std::is_integral<unsigned long long>::value, void>::type boost::multiprecision::backends::eval_divide<boost::multiprecision::backends::cpp_int_backend<0ul, 0ul, (boost::multiprecision::cpp_integer_type)1, (boost::multiprecision::cpp_int_check_type)0, std::allocator<unsigned long long> >, unsigned long long>(boost::multiprecision::backends::rational_adaptor<boost::multiprecision::backends::cpp_int_backend<0ul, 0ul, (boost::multiprecision::cpp_integer_type)1, (boost::multiprecision::cpp_int_check_type)0, std::allocator<unsigned long long> > >&, unsigned long long)","std::enable_if<!boost::multiprecision::backends::is_trivial_cpp_int<boost::multiprecision::backends::cpp_int_backend<0ul, 0ul, (boost::multiprecision::cpp_integer_type)1, (boost::multiprecision::cpp_int_check_type)0, std::allocator<unsigned long long> > >::value, void>::type boost::multiprecision::backends::eval_gcd<0ul, 0ul, (boost::multiprecision::cpp_integer_type)1, (boost::multiprecision::cpp_int_check_type)0, std::allocator<unsigned long long> >(boost::multiprecision::backends::cpp_int_backend<0ul, 0ul, (boost::multiprecision::cpp_integer_type)1, (boost::multiprecision::cpp_int_check_type)0, std::allocator<unsigned long long> >&, boost::multiprecision::backends::cpp_int_backend<0ul, 0ul, (boost::multiprecision::cpp_integer_type)1, (boost::multiprecision::cpp_int_check_type)0, std::allocator<unsigned long long> > const&, unsigned long long)",12024048,0.06983240223463687
"std::enable_if<(!boost::multiprecision::backends::is_trivial_cpp_int<boost::multiprecision::backends::cpp_int_backend<0ul, 0ul, (boost::multiprecision::cpp_integer_type)1, (boost::multiprecision::cpp_int_check_type)0, std::allocator<unsigned long long> > >::value)&&(!boost::multiprecision::backends::is_trivial_cpp_int<boost::multiprecision::backends::cpp_int_backend<0ul, 0ul, (boost::multiprecision::cpp_integer_type)1, (boost::multiprecision::cpp_int_check_type)0, std::allocator<unsigned long long> > >::value), void>::type boost::multiprecision::backends::eval_multiply<0ul, 0ul, (boost::multiprecision::cpp_integer_type)1, (boost::multiprecision::cpp_int_check_type)0, std::allocator<unsigned long long>, 0ul, 0ul, (boost::multiprecision::cpp_integer_type)1, (boost::multiprecision::cpp_int_check_type)0, std::allocator<unsigned long long> >(boost::multiprecision::backends::cpp_int_backend<0ul, 0ul, (boost::multiprecision::cpp_integer_type)1, (boost::multiprecision::cpp_int_check_type)0, std::allocator<unsigned long long> >&, boost::multiprecision::backends::cpp_int_backend<0ul, 0ul, (boost::multiprecision::cpp_integer_type)1, (boost::multiprecision::cpp_int_check_type)0, std::allocator<unsigned long long> > const&, unsigned long long const&)",malloc,12024048,0.06983240223463687
"ParallelRoam::Algorithms::GreedyTransactionalLod::TransactionalQualityFaceEvidence::Coefficients<boost::multiprecision::number<boost::multiprecision::backends::rational_adaptor<boost::multiprecision::backends::cpp_int_backend<0ul, 0ul, (boost::multiprecision::cpp_integer_type)1, (boost::multiprecision::cpp_int_check_type)0, std::allocator<unsigned long long> > >, (boost::multiprecision::expression_template_option)1> > ParallelRoam::Algorithms::GreedyTransactionalLod::TransactionalQualityFaceEvidence::Prepare<boost::multiprecision::number<boost::multiprecision::backends::rational_adaptor<boost::multiprecision::backends::cpp_int_backend<0ul, 0ul, (boost::multiprecision::cpp_integer_type)1, (boost::multiprecision::cpp_int_check_type)0, std::allocator<unsigned long long> > >, (boost::multiprecision::expression_template_option)1> >() const","boost::multiprecision::backends::rational_adaptor<boost::multiprecision::backends::cpp_int_backend<0ul, 0ul, (boost::multiprecision::cpp_integer_type)1, (boost::multiprecision::cpp_int_check_type)0, std::allocator<unsigned long long> > >::rational_adaptor()",12024048,0.06983240223463687
"ParallelRoam::Algorithms::GreedyTransactionalLod::QualityEvaluation::AddBounds(boost::multiprecision::number<boost::multiprecision::backends::rational_adaptor<boost::multiprecision::backends::cpp_int_backend<0ul, 0ul, (boost::multiprecision::cpp_integer_type)1, (boost::multiprecision::cpp_int_check_type)0, std::allocator<unsigned long long> > >, (boost::multiprecision::expression_template_option)1> const&, boost::multiprecision::number<boost::multiprecision::backends::rational_adaptor<boost::multiprecision::backends::cpp_int_backend<0ul, 0ul, (boost::multiprecision::cpp_integer_type)1, (boost::multiprecision::cpp_int_check_type)0, std::allocator<unsigned long long> > >, (boost::multiprecision::expression_template_option)1> const&, boost::multiprecision::number<boost::multiprecision::backends::cpp_int_backend<0ul, 0ul, (boost::multiprecision::cpp_integer_type)1, (boost::multiprecision::cpp_int_check_type)0, std::allocator<unsigned long long> >, (boost::multiprecision::expression_template_option)1>&, boost::multiprecision::number<boost::multiprecision::backends::cpp_int_backend<0ul, 0ul, (boost::multiprecision::cpp_integer_type)1, (boost::multiprecision::cpp_int_check_type)0, std::allocator<unsigned long long> >, (boost::multiprecision::expression_template_option)1>&)","ParallelRoam::Algorithms::GreedyTransactionalLod::QualityEvaluation::AddBounds(boost::multiprecision::number<boost::multiprecision::backends::rational_adaptor<boost::multiprecision::backends::cpp_int_backend<0ul, 0ul, (boost::multiprecision::cpp_integer_type)1, (boost::multiprecision::cpp_int_check_type)0, std::allocator<unsigned long long> > >, (boost::multiprecision::expression_template_option)1> const&, boost::multiprecision::number<boost::multiprecision::backends::rational_adaptor<boost::multiprecision::backends::cpp_int_backend<0ul, 0ul, (boost::multiprecision::cpp_integer_type)1, (boost::multiprecision::cpp_int_check_type)0, std::allocator<unsigned long long> > >, (boost::multiprecision::expression_template_option)1> const&, boost::multiprecision::number<boost::multiprecision::backends::cpp_int_backend<0ul, 0ul, (boost::multiprecision::cpp_integer_type)1, (boost::multiprecision::cpp_int_check_type)0, std::allocator<unsigned long long> >, (boost::multiprecision::expression_template_option)1>&, boost::multiprecision::number<boost::multiprecision::backends::cpp_int_backend<0ul, 0ul, (boost::multiprecision::cpp_integer_type)1, (boost::multiprecision::cpp_int_check_type)0, std::allocator<unsigned long long> >, (boost::multiprecision::expression_template_option)1>&)::{lambda(boost::multiprecision::number<boost::multiprecision::backends::rational_adaptor<boost::multiprecision::backends::cpp_int_backend<0ul, 0ul, (boost::multiprecision::cpp_integer_type)1, (boost::multiprecision::cpp_int_check_type)0, std::allocator<unsigned long long> > >, (boost::multiprecision::expression_template_option)1> const&)#1}::operator()(boost::multiprecision::number<boost::multiprecision::backends::rational_adaptor<boost::multiprecision::backends::cpp_int_backend<0ul, 0ul, (boost::multiprecision::cpp_integer_type)1, (boost::multiprecision::cpp_int_check_type)0, std::allocator<unsigned long long> > >, (boost::multiprecision::expression_template_option)1> const&) const [clone .isra.0]",12024048,0.06983240223463687
ParallelRoam::Algorithms::GreedyTransactionalLod::TransactionalQualitySampleEvidence::CoordinateBounds(),nextafter@plt,12024048,0.06983240223463687
"ParallelRoam::Algorithms::GreedyTransactionalLod::TransactionalPointwiseQuality::Certify[abi:cxx11](ParallelRoam::Algorithms::GreedyTransactionalLod::TransactionalState const&, ParallelRoam::Algorithms::GreedyTransactionalLod::TransactionalSamples const&, ParallelRoam::Algorithms::GreedyTransactionalLod::Proposal&, bool, ParallelRoam::Algorithms::GreedyTransactionalLod::WorkLedger&)","std::enable_if<((!boost::multiprecision::backends::is_trivial_cpp_int<boost::multiprecision::backends::cpp_int_backend<0ul, 0ul, (boost::multiprecision::cpp_integer_type)1, (boost::multiprecision::cpp_int_check_type)0, std::allocator<unsigned long long> > >::value)&&(!boost::multiprecision::backends::is_trivial_cpp_int<boost::multiprecision::backends::cpp_int_backend<0ul, 0ul, (boost::multiprecision::cpp_integer_type)1, (boost::multiprecision::cpp_int_check_type)0, std::allocator<unsigned long long> > >::value))&&(!boost::multiprecision::backends::is_trivial_cpp_int<boost::multiprecision::backends::cpp_int_backend<0ul, 0ul, (boost::multiprecision::cpp_integer_type)1, (boost::multiprecision::cpp_int_check_type)0, std::allocator<unsigned long long> > >::value), void>::type boost::multiprecision::backends::eval_multiply<0ul, 0ul, (boost::multiprecision::cpp_integer_type)1, (boost::multiprecision::cpp_int_check_type)0, std::allocator<unsigned long long>, 0ul, 0ul, (boost::multiprecision::cpp_integer_type)1, (boost::multiprecision::cpp_int_check_type)0, std::allocator<unsigned long long>, 0ul, 0ul, (boost::multiprecision::cpp_integer_type)1, (boost::multiprecision::cpp_int_check_type)0, std::allocator<unsigned long long> >(boost::multiprecision::backends::cpp_int_backend<0ul, 0ul, (boost::multiprecision::cpp_integer_type)1, (boost::multiprecision::cpp_int_check_type)0, std::allocator<unsigned long long> >&, boost::multiprecision::backends::cpp_int_backend<0ul, 0ul, (boost::multiprecision::cpp_integer_type)1, (boost::multiprecision::cpp_int_check_type)0, std::allocator<unsigned long long> > const&, boost::multiprecision::backends::cpp_int_backend<0ul, 0ul, (boost::multiprecision::cpp_integer_type)1, (boost::multiprecision::cpp_int_check_type)0, std::allocator<unsigned long long> > const&)",12024048,0.06983240223463687
"std::array<boost::multiprecision::number<boost::multiprecision::backends::rational_adaptor<boost::multiprecision::backends::cpp_int_backend<0ul, 0ul, (boost::multiprecision::cpp_integer_type)1, (boost::multiprecision::cpp_int_check_type)0, std::allocator<unsigned long long> > >, (boost::multiprecision::expression_template_option)1>, 3ul> ParallelRoam::Algorithms::GreedyTransactionalLod::QualityEvaluation::Reference<boost::multiprecision::number<boost::multiprecision::backends::rational_adaptor<boost::multiprecision::backends::cpp_int_backend<0ul, 0ul, (boost::multiprecision::cpp_integer_type)1, (boost::multiprecision::cpp_int_check_type)0, std::allocator<unsigned long long> > >, (boost::multiprecision::expression_template_option)1> >(ParallelRoam::Algorithms::GreedyTransactionalLod::TransactionalState const&, ParallelRoam::Algorithms::GreedyTransactionalLod::TransactionalSamples const&, unsigned int)","std::enable_if<((!boost::multiprecision::backends::is_trivial_cpp_int<boost::multiprecision::backends::cpp_int_backend<0ul, 0ul, (boost::multiprecision::cpp_integer_type)1, (boost::multiprecision::cpp_int_check_type)0, std::allocator<unsigned long long> > >::value)&&(!boost::multiprecision::backends::is_trivial_cpp_int<boost::multiprecision::backends::cpp_int_backend<0ul, 0ul, (boost::multiprecision::cpp_integer_type)1, (boost::multiprecision::cpp_int_check_type)0, std::allocator<unsigned long long> > >::value))&&(!boost::multiprecision::backends::is_trivial_cpp_int<boost::multiprecision::backends::cpp_int_backend<0ul, 0ul, (boost::multiprecision::cpp_integer_type)1, (boost::multiprecision::cpp_int_check_type)0, std::allocator<unsigned long long> > >::value), void>::type boost::multiprecision::backends::eval_multiply<0ul, 0ul, (boost::multiprecision::cpp_integer_type)1, (boost::multiprecision::cpp_int_check_type)0, std::allocator<unsigned long long>, 0ul, 0ul, (boost::multiprecision::cpp_integer_type)1, (boost::multiprecision::cpp_int_check_type)0, std::allocator<unsigned long long>, 0ul, 0ul, (boost::multiprecision::cpp_integer_type)1, (boost::multiprecision::cpp_int_check_type)0, std::allocator<unsigned long long> >(boost::multiprecision::backends::cpp_int_backend<0ul, 0ul, (boost::multiprecision::cpp_integer_type)1, (boost::multiprecision::cpp_int_check_type)0, std::allocator<unsigned long long> >&, boost::multiprecision::backends::cpp_int_backend<0ul, 0ul, (boost::multiprecision::cpp_integer_type)1, (boost::multiprecision::cpp_int_check_type)0, std::allocator<unsigned long long> > const&, boost::multiprecision::backends::cpp_int_backend<0ul, 0ul, (boost::multiprecision::cpp_integer_type)1, (boost::multiprecision::cpp_int_check_type)0, std::allocator<unsigned long long> > const&)",12024048,0.06983240223463687
ParallelRoam::Algorithms::GreedyTransactionalLod::TransactionalQualitySampleEvidence::CoordinateBounds(),ParallelRoam::Algorithms::GreedyTransactionalLod::TransactionalSamples::Decode(unsigned int) const,12024048,0.06983240223463687
"std::_Rb_tree<unsigned int, std::pair<unsigned int const, std::vector<ParallelRoam::Algorithms::GreedyTransactionalLod::Proposal const*, std::allocator<ParallelRoam::Algorithms::GreedyTransactionalLod::Proposal const*> > >, std::_Select1st<std::pair<unsigned int const, std::vector<ParallelRoam::Algorithms::GreedyTransactionalLod::Proposal const*, std::allocator<ParallelRoam::Algorithms::GreedyTransactionalLod::Proposal const*> > > >, std::less<unsigned int>, std::allocator<std::pair<unsigned int const, std::vector<ParallelRoam::Algorithms::GreedyTransactionalLod::Proposal const*, std::allocator<ParallelRoam::Algorithms::GreedyTransactionalLod::Proposal const*> > > > >::_M_erase(std::_Rb_tree_node<std::pair<unsigned int const, std::vector<ParallelRoam::Algorithms::GreedyTransactionalLod::Proposal const*, std::allocator<ParallelRoam::Algorithms::GreedyTransactionalLod::Proposal const*> > > >*) [clone .isra.0]","std::_Rb_tree<unsigned int, std::pair<unsigned int const, std::vector<ParallelRoam::Algorithms::GreedyTransactionalLod::Proposal const*, std::allocator<ParallelRoam::Algorithms::GreedyTransactionalLod::Proposal const*> > >, std::_Select1st<std::pair<unsigned int const, std::vector<ParallelRoam::Algorithms::GreedyTransactionalLod::Proposal const*, std::allocator<ParallelRoam::Algorithms::GreedyTransactionalLod::Proposal const*> > > >, std::less<unsigned int>, std::allocator<std::pair<unsigned int const, std::vector<ParallelRoam::Algorithms::GreedyTransactionalLod::Proposal const*, std::allocator<ParallelRoam::Algorithms::GreedyTransactionalLod::Proposal const*> > > > >::_M_erase(std::_Rb_tree_node<std::pair<unsigned int const, std::vector<ParallelRoam::Algorithms::GreedyTransactionalLod::Proposal const*, std::allocator<ParallelRoam::Algorithms::GreedyTransactionalLod::Proposal const*> > > >*) [clone .isra.0]",12024048,0.06983240223463687
"void boost::multiprecision::backends::divide_unsigned_helper<boost::multiprecision::backends::cpp_int_backend<0ul, 0ul, (boost::multiprecision::cpp_integer_type)1, (boost::multiprecision::cpp_int_check_type)0, std::allocator<unsigned long long> >, boost::multiprecision::backends::cpp_int_backend<0ul, 0ul, (boost::multiprecision::cpp_integer_type)1, (boost::multiprecision::cpp_int_check_type)0, std::allocator<unsigned long long> >, boost::multiprecision::backends::cpp_int_backend<0ul, 0ul, (boost::multiprecision::cpp_integer_type)1, (boost::multiprecision::cpp_int_check_type)0, std::allocator<unsigned long long> > >(boost::multiprecision::backends::cpp_int_backend<0ul, 0ul, (boost::multiprecision::cpp_integer_type)1, (boost::multiprecision::cpp_int_check_type)0, std::allocator<unsigned long long> >*, boost::multiprecision::backends::cpp_int_backend<0ul, 0ul, (boost::multiprecision::cpp_integer_type)1, (boost::multiprecision::cpp_int_check_type)0, std::allocator<unsigned long long> > const&, boost::multiprecision::backends::cpp_int_backend<0ul, 0ul, (boost::multiprecision::cpp_integer_type)1, (boost::multiprecision::cpp_int_check_type)0, std::allocator<unsigned long long> > const&, boost::multiprecision::backends::cpp_int_backend<0ul, 0ul, (boost::multiprecision::cpp_integer_type)1, (boost::multiprecision::cpp_int_check_type)0, std::allocator<unsigned long long> >&)","void boost::multiprecision::backends::subtract_unsigned<boost::multiprecision::backends::cpp_int_backend<0ul, 0ul, (boost::multiprecision::cpp_integer_type)1, (boost::multiprecision::cpp_int_check_type)0, std::allocator<unsigned long long> >, boost::multiprecision::backends::cpp_int_backend<0ul, 0ul, (boost::multiprecision::cpp_integer_type)1, (boost::multiprecision::cpp_int_check_type)0, std::allocator<unsigned long long> >, boost::multiprecision::backends::cpp_int_backend<0ul, 0ul, (boost::multiprecision::cpp_integer_type)1, (boost::multiprecision::cpp_int_check_type)0, std::allocator<unsigned long long> > >(boost::multiprecision::backends::cpp_int_backend<0ul, 0ul, (boost::multiprecision::cpp_integer_type)1, (boost::multiprecision::cpp_int_check_type)0, std::allocator<unsigned long long> >&, boost::multiprecision::backends::cpp_int_backend<0ul, 0ul, (boost::multiprecision::cpp_integer_type)1, (boost::multiprecision::cpp_int_check_type)0, std::allocator<unsigned long long> > const&, boost::multiprecision::backends::cpp_int_backend<0ul, 0ul, (boost::multiprecision::cpp_integer_type)1, (boost::multiprecision::cpp_int_check_type)0, std::allocator<unsigned long long> > const&)",12024048,0.06983240223463687
"boost::multiprecision::backends::cpp_int_base<0ul, 18446744073709551615ul, (boost::multiprecision::cpp_integer_type)1, (boost::multiprecision::cpp_int_check_type)0, std::allocator<unsigned long long>, false>::assign(boost::multiprecision::backends::cpp_int_base<0ul, 18446744073709551615ul, (boost::multiprecision::cpp_integer_type)1, (boost::multiprecision::cpp_int_check_type)0, std::allocator<unsigned long long>, false> const&) [clone .part.0]",malloc,12024048,0.06983240223463687
"ParallelRoam::Algorithms::GreedyTransactionalLod::TransactionalQualitySampleEvidence::Cover(std::vector<ParallelRoam::Algorithms::GreedyTransactionalLod::TransactionalQualityFaceEvidence, std::allocator<ParallelRoam::Algorithms::GreedyTransactionalLod::TransactionalQualityFaceEvidence> >&)",nextafter@plt,12024048,0.06983240223463687
"std::array<boost::multiprecision::number<boost::multiprecision::backends::rational_adaptor<boost::multiprecision::backends::cpp_int_backend<0ul, 0ul, (boost::multiprecision::cpp_integer_type)1, (boost::multiprecision::cpp_int_check_type)0, std::allocator<unsigned long long> > >, (boost::multiprecision::expression_template_option)1>, 4ul> ParallelRoam::Algorithms::GreedyTransactionalLod::QualityEvaluation::Clip<boost::multiprecision::number<boost::multiprecision::backends::rational_adaptor<boost::multiprecision::backends::cpp_int_backend<0ul, 0ul, (boost::multiprecision::cpp_integer_type)1, (boost::multiprecision::cpp_int_check_type)0, std::allocator<unsigned long long> > >, (boost::multiprecision::expression_template_option)1> >(ParallelRoam::Algorithms::GreedyTransactionalLod::Configuration const&, boost::multiprecision::number<boost::multiprecision::backends::rational_adaptor<boost::multiprecision::backends::cpp_int_backend<0ul, 0ul, (boost::multiprecision::cpp_integer_type)1, (boost::multiprecision::cpp_int_check_type)0, std::allocator<unsigned long long> > >, (boost::multiprecision::expression_template_option)1> const&, boost::multiprecision::number<boost::multiprecision::backends::rational_adaptor<boost::multiprecision::backends::cpp_int_backend<0ul, 0ul, (boost::multiprecision::cpp_integer_type)1, (boost::multiprecision::cpp_int_check_type)0, std::allocator<unsigned long long> > >, (boost::multiprecision::expression_template_option)1> const&, boost::multiprecision::number<boost::multiprecision::backends::rational_adaptor<boost::multiprecision::backends::cpp_int_backend<0ul, 0ul, (boost::multiprecision::cpp_integer_type)1, (boost::multiprecision::cpp_int_check_type)0, std::allocator<unsigned long long> > >, (boost::multiprecision::expression_template_option)1> const&)","boost::multiprecision::backends::cpp_int_base<0ul, 18446744073709551615ul, (boost::multiprecision::cpp_integer_type)1, (boost::multiprecision::cpp_int_check_type)0, std::allocator<unsigned long long>, false>::resize(unsigned long, unsigned long) [clone .isra.0]",10020040,0.05819366852886406
"void boost::multiprecision::backends::eval_multiply_imp<boost::multiprecision::backends::cpp_int_backend<0ul, 0ul, (boost::multiprecision::cpp_integer_type)1, (boost::multiprecision::cpp_int_check_type)0, std::allocator<unsigned long long> > >(boost::multiprecision::backends::rational_adaptor<boost::multiprecision::backends::cpp_int_backend<0ul, 0ul, (boost::multiprecision::cpp_integer_type)1, (boost::multiprecision::cpp_int_check_type)0, std::allocator<unsigned long long> > >&, boost::multiprecision::backends::rational_adaptor<boost::multiprecision::backends::cpp_int_backend<0ul, 0ul, (boost::multiprecision::cpp_integer_type)1, (boost::multiprecision::cpp_int_check_type)0, std::allocator<unsigned long long> > > const&, boost::multiprecision::backends::cpp_int_backend<0ul, 0ul, (boost::multiprecision::cpp_integer_type)1, (boost::multiprecision::cpp_int_check_type)0, std::allocator<unsigned long long> > const&, boost::multiprecision::backends::cpp_int_backend<0ul, 0ul, (boost::multiprecision::cpp_integer_type)1, (boost::multiprecision::cpp_int_check_type)0, std::allocator<unsigned long long> > const&)","boost::multiprecision::backends::cpp_int_base<0ul, 18446744073709551615ul, (boost::multiprecision::cpp_integer_type)1, (boost::multiprecision::cpp_int_check_type)0, std::allocator<unsigned long long>, false>::resize(unsigned long, unsigned long) [clone .isra.0]",10020040,0.05819366852886406
"void boost::multiprecision::backends::eval_add_subtract_imp<boost::multiprecision::backends::cpp_int_backend<0ul, 0ul, (boost::multiprecision::cpp_integer_type)1, (boost::multiprecision::cpp_int_check_type)0, std::allocator<unsigned long long> > >(boost::multiprecision::backends::rational_adaptor<boost::multiprecision::backends::cpp_int_backend<0ul, 0ul, (boost::multiprecision::cpp_integer_type)1, (boost::multiprecision::cpp_int_check_type)0, std::allocator<unsigned long long> > >&, boost::multiprecision::backends::rational_adaptor<boost::multiprecision::backends::cpp_int_backend<0ul, 0ul, (boost::multiprecision::cpp_integer_type)1, (boost::multiprecision::cpp_int_check_type)0, std::allocator<unsigned long long> > > const&, boost::multiprecision::backends::rational_adaptor<boost::multiprecision::backends::cpp_int_backend<0ul, 0ul, (boost::multiprecision::cpp_integer_type)1, (boost::multiprecision::cpp_int_check_type)0, std::allocator<unsigned long long> > > const&, bool)",cfree@GLIBC_2.2.5,10020040,0.05819366852886406
"std::optional<boost::multiprecision::number<boost::multiprecision::backends::rational_adaptor<boost::multiprecision::backends::cpp_int_backend<0ul, 0ul, (boost::multiprecision::cpp_integer_type)1, (boost::multiprecision::cpp_int_check_type)0, std::allocator<unsigned long long> > >, (boost::multiprecision::expression_template_option)1> > ParallelRoam::Algorithms::GreedyTransactionalLod::QualityEvaluation::ScreenPrepared<boost::multiprecision::number<boost::multiprecision::backends::rational_adaptor<boost::multiprecision::backends::cpp_int_backend<0ul, 0ul, (boost::multiprecision::cpp_integer_type)1, (boost::multiprecision::cpp_int_check_type)0, std::allocator<unsigned long long> > >, (boost::multiprecision::expression_template_option)1> >(ParallelRoam::Algorithms::GreedyTransactionalLod::Configuration const&, std::array<boost::multiprecision::number<boost::multiprecision::backends::rational_adaptor<boost::multiprecision::backends::cpp_int_backend<0ul, 0ul, (boost::multiprecision::cpp_integer_type)1, (boost::multiprecision::cpp_int_check_type)0, std::allocator<unsigned long long> > >, (boost::multiprecision::expression_template_option)1>, 3ul> const&, std::array<boost::multiprecision::number<boost::multiprecision::backends::rational_adaptor<boost::multiprecision::backends::cpp_int_backend<0ul, 0ul, (boost::multiprecision::cpp_integer_type)1, (boost::multiprecision::cpp_int_check_type)0, std::allocator<unsigned long long> > >, (boost::multiprecision::expression_template_option)1>, 4ul> const&, boost::multiprecision::number<boost::multiprecision::backends::rational_adaptor<boost::multiprecision::backends::cpp_int_backend<0ul, 0ul, (boost::multiprecision::cpp_integer_type)1, (boost::multiprecision::cpp_int_check_type)0, std::allocator<unsigned long long> > >, (boost::multiprecision::expression_template_option)1> const&)","boost::multiprecision::backends::rational_adaptor<boost::multiprecision::backends::cpp_int_backend<0ul, 0ul, (boost::multiprecision::cpp_integer_type)1, (boost::multiprecision::cpp_int_check_type)0, std::allocator<unsigned long long> > >::rational_adaptor<unsigned long long>(unsigned long long const&, std::enable_if<std::is_constructible<boost::multiprecision::backends::cpp_int_backend<0ul, 0ul, (boost::multiprecision::cpp_integer_type)1, (boost::multiprecision::cpp_int_check_type)0, std::allocator<unsigned long long> >, unsigned long long>::value&&(!std::is_floating_point<unsigned long long>::value), void>::type const*)",10020040,0.05819366852886406
"ParallelRoam::Algorithms::GreedyTransactionalLod::TransactionalQualitySampleEvidence::Cover(std::vector<ParallelRoam::Algorithms::GreedyTransactionalLod::TransactionalQualityFaceEvidence, std::allocator<ParallelRoam::Algorithms::GreedyTransactionalLod::TransactionalQualityFaceEvidence> >&)",__memmove_avx512_unaligned_erms,10020040,0.05819366852886406
"boost::multiprecision::number<boost::multiprecision::backends::rational_adaptor<boost::multiprecision::backends::cpp_int_backend<0ul, 0ul, (boost::multiprecision::cpp_integer_type)1, (boost::multiprecision::cpp_int_check_type)0, std::allocator<unsigned long long> > >, (boost::multiprecision::expression_template_option)1>::number<boost::multiprecision::detail::subtract_immediates, boost::multiprecision::number<boost::multiprecision::backends::rational_adaptor<boost::multiprecision::backends::cpp_int_backend<0ul, 0ul, (boost::multiprecision::cpp_integer_type)1, (boost::multiprecision::cpp_int_check_type)0, std::allocator<unsigned long long> > >, (boost::multiprecision::expression_template_option)1>, boost::multiprecision::number<boost::multiprecision::backends::rational_adaptor<boost::multiprecision::backends::cpp_int_backend<0ul, 0ul, (boost::multiprecision::cpp_integer_type)1, (boost::multiprecision::cpp_int_check_type)0, std::allocator<unsigned long long> > >, (boost::multiprecision::expression_template_option)1>, void, void>(boost::multiprecision::detail::expression<boost::multiprecision::detail::subtract_immediates, boost::multiprecision::number<boost::multiprecision::backends::rational_adaptor<boost::multiprecision::backends::cpp_int_backend<0ul, 0ul, (boost::multiprecision::cpp_integer_type)1, (boost::multiprecision::cpp_int_check_type)0, std::allocator<unsigned long long> > >, (boost::multiprecision::expression_template_option)1>, boost::multiprecision::number<boost::multiprecision::backends::rational_adaptor<boost::multiprecision::backends::cpp_int_backend<0ul, 0ul, (boost::multiprecision::cpp_integer_type)1, (boost::multiprecision::cpp_int_check_type)0, std::allocator<unsigned long long> > >, (boost::multiprecision::expression_template_option)1>, void, void> const&, std::enable_if<std::is_convertible<boost::multiprecision::detail::expression<boost::multiprecision::detail::subtract_immediates, boost::multiprecision::number<boost::multiprecision::backends::rational_adaptor<boost::multiprecision::backends::cpp_int_backend<0ul, 0ul, (boost::multiprecision::cpp_integer_type)1, (boost::multiprecision::cpp_int_check_type)0, std::allocator<unsigned long long> > >, (boost::multiprecision::expression_template_option)1>, boost::multiprecision::number<boost::multiprecision::backends::rational_adaptor<boost::multiprecision::backends::cpp_int_backend<0ul, 0ul, (boost::multiprecision::cpp_integer_type)1, (boost::multiprecision::cpp_int_check_type)0, std::allocator<unsigned long long> > >, (boost::multiprecision::expression_template_option)1>, void, void>::result_type, boost::multiprecision::number<boost::multiprecision::backends::rational_adaptor<boost::multiprecision::backends::cpp_int_backend<0ul, 0ul, (boost::multiprecision::cpp_integer_type)1, (boost::multiprecision::cpp_int_check_type)0, std::allocator<unsigned long long> > >, (boost::multiprecision::expression_template_option)1> >::value, void>::type*)",cfree@GLIBC_2.2.5,10020040,0.05819366852886406
"ParallelRoam::Algorithms::GreedyTransactionalLod::(anonymous namespace)::Prepare(ParallelRoam::Algorithms::GreedyTransactionalLod::TransactionalState const&, ParallelRoam::Algorithms::GreedyTransactionalLod::TransactionalSamples const&, unsigned int, char, std::vector<unsigned int, std::allocator<unsigned int> >, ParallelRoam::Algorithms::GreedyTransactionalLod::Point const&, long, unsigned long)","std::_Rb_tree_iterator<std::pair<long const, ParallelRoam::Algorithms::GreedyTransactionalLod::Point> > std::_Rb_tree<long, std::pair<long const, ParallelRoam::Algorithms::GreedyTransactionalLod::Point>, std::_Select1st<std::pair<long const, ParallelRoam::Algorithms::GreedyTransactionalLod::Point> >, std::less<long>, std::allocator<std::pair<long const, ParallelRoam::Algorithms::GreedyTransactionalLod::Point> > >::_M_emplace_hint_unique<long&, ParallelRoam::Algorithms::GreedyTransactionalLod::Point const&>(std::_Rb_tree_const_iterator<std::pair<long const, ParallelRoam::Algorithms::GreedyTransactionalLod::Point> >, long&, ParallelRoam::Algorithms::GreedyTransactionalLod::Point const&) [clone .isra.0]",10020040,0.05819366852886406
"ParallelRoam::Algorithms::GreedyTransactionalLod::TransactionalSourceHeightReceiver::Prepare[abi:cxx11](ParallelRoam::Algorithms::GreedyTransactionalLod::TransactionalState const&, ParallelRoam::Algorithms::GreedyTransactionalLod::TransactionalSamples const&, ParallelRoam::Algorithms::GreedyTransactionalLod::Proposal&, ParallelRoam::Algorithms::GreedyTransactionalLod::WorkLedger&)",ParallelRoam::Algorithms::GreedyTransactionalLod::TransactionalState::Vertex(long) const,10020040,0.05819366852886406
"auto ParallelRoam::Algorithms::GreedyTransactionalLod::TransactionalReservation::Plan(ParallelRoam::Algorithms::GreedyTransactionalLod::TransactionalState const&, ParallelRoam::Algorithms::GreedyTransactionalLod::TransactionalSamples const&, ParallelRoam::Algorithms::GreedyTransactionalLod::WorkLedger&, ParallelRoam::Algorithms::GreedyTransactionalLod::TransactionalExecution const&)::{lambda(auto:1, auto:2, ParallelRoam::Algorithms::GreedyTransactionalLod::WorkLedger&)#1}::operator()<unsigned long, unsigned long>(unsigned long, unsigned long, ParallelRoam::Algorithms::GreedyTransactionalLod::WorkLedger&) const","boost::multiprecision::backends::cpp_int_backend<0ul, 0ul, (boost::multiprecision::cpp_integer_type)1, (boost::multiprecision::cpp_int_check_type)0, std::allocator<unsigned long long> >::~cpp_int_backend()",10020040,0.05819366852886406
ParallelRoam::Algorithms::GreedyTransactionalLod::TransactionalQualitySampleEvidence::VisibilityAgrees(),nextafter@plt,10020040,0.05819366852886406
ParallelRoam::Algorithms::GreedyTransactionalLod::QualityEvaluation::(anonymous namespace)::BinaryFloor(double),"std::enable_if<!boost::multiprecision::backends::is_trivial_cpp_int<boost::multiprecision::backends::cpp_int_backend<0ul, 0ul, (boost::multiprecision::cpp_integer_type)1, (boost::multiprecision::cpp_int_check_type)0, std::allocator<unsigned long long> > >::value, void>::type boost::multiprecision::backends::eval_left_shift<0ul, 0ul, (boost::multiprecision::cpp_integer_type)1, (boost::multiprecision::cpp_int_check_type)0, std::allocator<unsigned long long> >(boost::multiprecision::backends::cpp_int_backend<0ul, 0ul, (boost::multiprecision::cpp_integer_type)1, (boost::multiprecision::cpp_int_check_type)0, std::allocator<unsigned long long> >&, unsigned __int128) [clone .part.0]",10020040,0.05819366852886406
"ParallelRoam::Algorithms::GreedyTransactionalLod::TransactionalPointwiseQuality::Certify[abi:cxx11](ParallelRoam::Algorithms::GreedyTransactionalLod::TransactionalState const&, ParallelRoam::Algorithms::GreedyTransactionalLod::TransactionalSamples const&, ParallelRoam::Algorithms::GreedyTransactionalLod::Proposal&, bool, ParallelRoam::Algorithms::GreedyTransactionalLod::WorkLedger&)","boost::multiprecision::backends::rational_adaptor<boost::multiprecision::backends::cpp_int_backend<0ul, 0ul, (boost::multiprecision::cpp_integer_type)1, (boost::multiprecision::cpp_int_check_type)0, std::allocator<unsigned long long> > >::rational_adaptor<long long>(long long const&, std::enable_if<std::is_constructible<boost::multiprecision::backends::cpp_int_backend<0ul, 0ul, (boost::multiprecision::cpp_integer_type)1, (boost::multiprecision::cpp_int_check_type)0, std::allocator<unsigned long long> >, long long>::value&&(!std::is_floating_point<long long>::value), void>::type const*)",10020040,0.05819366852886406
"ParallelRoam::Algorithms::GreedyTransactionalLod::QualityEvaluation::RecordBits(boost::multiprecision::number<boost::multiprecision::backends::rational_adaptor<boost::multiprecision::backends::cpp_int_backend<0ul, 0ul, (boost::multiprecision::cpp_integer_type)1, (boost::multiprecision::cpp_int_check_type)0, std::allocator<unsigned long long> > >, (boost::multiprecision::expression_template_option)1> const&, ParallelRoam::Algorithms::GreedyTransactionalLod::WorkLedger&)","std::enable_if<!boost::multiprecision::backends::is_trivial_cpp_int<boost::multiprecision::backends::cpp_int_backend<0ul, 0ul, (boost::multiprecision::cpp_integer_type)1, (boost::multiprecision::cpp_int_check_type)0, std::allocator<unsigned long long> > >::value, unsigned long>::type boost::multiprecision::backends::eval_msb<0ul, 0ul, (boost::multiprecision::cpp_integer_type)1, (boost::multiprecision::cpp_int_check_type)0, std::allocator<unsigned long long> >(boost::multiprecision::backends::cpp_int_backend<0ul, 0ul, (boost::multiprecision::cpp_integer_type)1, (boost::multiprecision::cpp_int_check_type)0, std::allocator<unsigned long long> > const&)",8016032,0.04655493482309125
"auto ParallelRoam::Algorithms::GreedyTransactionalLod::TransactionalReservation::Plan(ParallelRoam::Algorithms::GreedyTransactionalLod::TransactionalState const&, ParallelRoam::Algorithms::GreedyTransactionalLod::TransactionalSamples const&, ParallelRoam::Algorithms::GreedyTransactionalLod::WorkLedger&, ParallelRoam::Algorithms::GreedyTransactionalLod::TransactionalExecution const&)::{lambda(auto:1, auto:2, ParallelRoam::Algorithms::GreedyTransactionalLod::WorkLedger&)#1}::operator()<unsigned long, unsigned long>(unsigned long, unsigned long, ParallelRoam::Algorithms::GreedyTransactionalLod::WorkLedger&) const",ParallelRoam::Algorithms::GreedyTransactionalLod::QualityEvaluation::Finite(ParallelRoam::Algorithms::GreedyTransactionalLod::QualityEvaluation::Interval),8016032,0.04655493482309125
"ParallelRoam::Algorithms::GreedyTransactionalLod::TransactionalSamples::Prepare(ParallelRoam::Algorithms::GreedyTransactionalLod::TransactionalState const&, ParallelRoam::Algorithms::GreedyTransactionalLod::PreparedTopology const&, ParallelRoam::Algorithms::GreedyTransactionalLod::WorkLedger&)",operator new(unsigned long),8016032,0.04655493482309125
ParallelRoam::Algorithms::GreedyTransactionalLod::TransactionalQualitySampleEvidence::ExactReference(),__memcpy_chk@plt,8016032,0.04655493482309125
"ParallelRoam::Algorithms::GreedyTransactionalLod::TransactionalPredicates::Shape(ParallelRoam::Algorithms::GreedyTransactionalLod::Point const&, ParallelRoam::Algorithms::GreedyTransactionalLod::Point const&, ParallelRoam::Algorithms::GreedyTransactionalLod::Point const&)","void boost::multiprecision::number<boost::multiprecision::backends::rational_adaptor<boost::multiprecision::backends::cpp_int_backend<0ul, 0ul, (boost::multiprecision::cpp_integer_type)1, (boost::multiprecision::cpp_int_check_type)0, std::allocator<unsigned long long> > >, (boost::multiprecision::expression_template_option)1>::do_assign<boost::multiprecision::detail::expression<boost::multiprecision::detail::plus, boost::multiprecision::detail::expression<boost::multiprecision::detail::multiply_immediates, boost::multiprecision::number<boost::multiprecision::backends::rational_adaptor<boost::multiprecision::backends::cpp_int_backend<0ul, 0ul, (boost::multiprecision::cpp_integer_type)1, (boost::multiprecision::cpp_int_check_type)0, std::allocator<unsigned long long> > >, (boost::multiprecision::expression_template_option)1>, boost::multiprecision::number<boost::multiprecision::backends::rational_adaptor<boost::multiprecision::backends::cpp_int_backend<0ul, 0ul, (boost::multiprecision::cpp_integer_type)1, (boost::multiprecision::cpp_int_check_type)0, std::allocator<unsigned long long> > >, (boost::multiprecision::expression_template_option)1>, void, void>, boost::multiprecision::detail::expression<boost::multiprecision::detail::multiply_immediates, boost::multiprecision::number<boost::multiprecision::backends::rational_adaptor<boost::multiprecision::backends::cpp_int_backend<0ul, 0ul, (boost::multiprecision::cpp_integer_type)1, (boost::multiprecision::cpp_int_check_type)0, std::allocator<unsigned long long> > >, (boost::multiprecision::expression_template_option)1>, boost::multiprecision::number<boost::multiprecision::backends::rational_adaptor<boost::multiprecision::backends::cpp_int_backend<0ul, 0ul, (boost::multiprecision::cpp_integer_type)1, (boost::multiprecision::cpp_int_check_type)0, std::allocator<unsigned long long> > >, (boost::multiprecision::expression_template_option)1>, void, void>, void, void> >(boost::multiprecision::detail::expression<boost::multiprecision::detail::plus, boost::multiprecision::detail::expression<boost::multiprecision::detail::multiply_immediates, boost::multiprecision::number<boost::multiprecision::backends::rational_adaptor<boost::multiprecision::backends::cpp_int_backend<0ul, 0ul, (boost::multiprecision::cpp_integer_type)1, (boost::multiprecision::cpp_int_check_type)0, std::allocator<unsigned long long> > >, (boost::multiprecision::expression_template_option)1>, boost::multiprecision::number<boost::multiprecision::backends::rational_adaptor<boost::multiprecision::backends::cpp_int_backend<0ul, 0ul, (boost::multiprecision::cpp_integer_type)1, (boost::multiprecision::cpp_int_check_type)0, std::allocator<unsigned long long> > >, (boost::multiprecision::expression_template_option)1>, void, void>, boost::multiprecision::detail::expression<boost::multiprecision::detail::multiply_immediates, boost::multiprecision::number<boost::multiprecision::backends::rational_adaptor<boost::multiprecision::backends::cpp_int_backend<0ul, 0ul, (boost::multiprecision::cpp_integer_type)1, (boost::multiprecision::cpp_int_check_type)0, std::allocator<unsigned long long> > >, (boost::multiprecision::expression_template_option)1>, boost::multiprecision::number<boost::multiprecision::backends::rational_adaptor<boost::multiprecision::backends::cpp_int_backend<0ul, 0ul, (boost::multiprecision::cpp_integer_type)1, (boost::multiprecision::cpp_int_check_type)0, std::allocator<unsigned long long> > >, (boost::multiprecision::expression_template_option)1>, void, void>, void, void> const&, boost::multiprecision::detail::plus const&) [clone .isra.0]",8016032,0.04655493482309125
"std::optional<boost::multiprecision::number<boost::multiprecision::backends::rational_adaptor<boost::multiprecision::backends::cpp_int_backend<0ul, 0ul, (boost::multiprecision::cpp_integer_type)1, (boost::multiprecision::cpp_int_check_type)0, std::allocator<unsigned long long> > >, (boost::multiprecision::expression_template_option)1> > ParallelRoam::Algorithms::GreedyTransactionalLod::QualityEvaluation::ScreenPrepared<boost::multiprecision::number<boost::multiprecision::backends::rational_adaptor<boost::multiprecision::backends::cpp_int_backend<0ul, 0ul, (boost::multiprecision::cpp_integer_type)1, (boost::multiprecision::cpp_int_check_type)0, std::allocator<unsigned long long> > >, (boost::multiprecision::expression_template_option)1> >(ParallelRoam::Algorithms::GreedyTransactionalLod::Configuration const&, std::array<boost::multiprecision::number<boost::multiprecision::backends::rational_adaptor<boost::multiprecision::backends::cpp_int_backend<0ul, 0ul, (boost::multiprecision::cpp_integer_type)1, (boost::multiprecision::cpp_int_check_type)0, std::allocator<unsigned long long> > >, (boost::multiprecision::expression_template_option)1>, 3ul> const&, std::array<boost::multiprecision::number<boost::multiprecision::backends::rational_adaptor<boost::multiprecision::backends::cpp_int_backend<0ul, 0ul, (boost::multiprecision::cpp_integer_type)1, (boost::multiprecision::cpp_int_check_type)0, std::allocator<unsigned long long> > >, (boost::multiprecision::expression_template_option)1>, 4ul> const&, boost::multiprecision::number<boost::multiprecision::backends::rational_adaptor<boost::multiprecision::backends::cpp_int_backend<0ul, 0ul, (boost::multiprecision::cpp_integer_type)1, (boost::multiprecision::cpp_int_check_type)0, std::allocator<unsigned long long> > >, (boost::multiprecision::expression_template_option)1> const&)","boost::multiprecision::backends::rational_adaptor<boost::multiprecision::backends::cpp_int_backend<0ul, 0ul, (boost::multiprecision::cpp_integer_type)1, (boost::multiprecision::cpp_int_check_type)0, std::allocator<unsigned long long> > >::rational_adaptor()",8016032,0.04655493482309125
"void boost::multiprecision::backends::eval_divide<boost::multiprecision::backends::cpp_int_backend<0ul, 0ul, (boost::multiprecision::cpp_integer_type)1, (boost::multiprecision::cpp_int_check_type)0, std::allocator<unsigned long long> > >(boost::multiprecision::backends::rational_adaptor<boost::multiprecision::backends::cpp_int_backend<0ul, 0ul, (boost::multiprecision::cpp_integer_type)1, (boost::multiprecision::cpp_int_check_type)0, std::allocator<unsigned long long> > >&, boost::multiprecision::backends::rational_adaptor<boost::multiprecision::backends::cpp_int_backend<0ul, 0ul, (boost::multiprecision::cpp_integer_type)1, (boost::multiprecision::cpp_int_check_type)0, std::allocator<unsigned long long> > > const&)",__memmove_avx512_unaligned_erms,8016032,0.04655493482309125
ParallelRoam::Algorithms::GreedyTransactionalLod::(anonymous namespace)::QualityWork::~QualityWork(),__memcmp_evex_movbe,8016032,0.04655493482309125
"ParallelRoam::Algorithms::GreedyTransactionalLod::TransactionalPointwiseQuality::Certify[abi:cxx11](ParallelRoam::Algorithms::GreedyTransactionalLod::TransactionalState const&, ParallelRoam::Algorithms::GreedyTransactionalLod::TransactionalSamples const&, ParallelRoam::Algorithms::GreedyTransactionalLod::Proposal&, bool, ParallelRoam::Algorithms::GreedyTransactionalLod::WorkLedger&)","boost::multiprecision::backends::cpp_int_base<0ul, 18446744073709551615ul, (boost::multiprecision::cpp_integer_type)1, (boost::multiprecision::cpp_int_check_type)0, std::allocator<unsigned long long>, false>::cpp_int_base(boost::multiprecision::backends::cpp_int_base<0ul, 18446744073709551615ul, (boost::multiprecision::cpp_integer_type)1, (boost::multiprecision::cpp_int_check_type)0, std::allocator<unsigned long long>, false>&&)",8016032,0.04655493482309125
"void boost::multiprecision::backends::eval_add_subtract_imp<boost::multiprecision::backends::cpp_int_backend<0ul, 0ul, (boost::multiprecision::cpp_integer_type)1, (boost::multiprecision::cpp_int_check_type)0, std::allocator<unsigned long long> > >(boost::multiprecision::backends::rational_adaptor<boost::multiprecision::backends::cpp_int_backend<0ul, 0ul, (boost::multiprecision::cpp_integer_type)1, (boost::multiprecision::cpp_int_check_type)0, std::allocator<unsigned long long> > >&, boost::multiprecision::backends::rational_adaptor<boost::multiprecision::backends::cpp_int_backend<0ul, 0ul, (boost::multiprecision::cpp_integer_type)1, (boost::multiprecision::cpp_int_check_type)0, std::allocator<unsigned long long> > > const&, boost::multiprecision::backends::rational_adaptor<boost::multiprecision::backends::cpp_int_backend<0ul, 0ul, (boost::multiprecision::cpp_integer_type)1, (boost::multiprecision::cpp_int_check_type)0, std::allocator<unsigned long long> > > const&, bool)",__udivti3,8016032,0.04655493482309125
"ParallelRoam::Algorithms::GreedyTransactionalLod::TransactionalQualityFaceEvidence::Coefficients<boost::multiprecision::number<boost::multiprecision::backends::rational_adaptor<boost::multiprecision::backends::cpp_int_backend<0ul, 0ul, (boost::multiprecision::cpp_integer_type)1, (boost::multiprecision::cpp_int_check_type)0, std::allocator<unsigned long long> > >, (boost::multiprecision::expression_template_option)1> > ParallelRoam::Algorithms::GreedyTransactionalLod::TransactionalQualityFaceEvidence::Prepare<boost::multiprecision::number<boost::multiprecision::backends::rational_adaptor<boost::multiprecision::backends::cpp_int_backend<0ul, 0ul, (boost::multiprecision::cpp_integer_type)1, (boost::multiprecision::cpp_int_check_type)0, std::allocator<unsigned long long> > >, (boost::multiprecision::expression_template_option)1> >() const","void boost::multiprecision::number<boost::multiprecision::backends::rational_adaptor<boost::multiprecision::backends::cpp_int_backend<0ul, 0ul, (boost::multiprecision::cpp_integer_type)1, (boost::multiprecision::cpp_int_check_type)0, std::allocator<unsigned long long> > >, (boost::multiprecision::expression_template_option)1>::do_assign<boost::multiprecision::detail::expression<boost::multiprecision::detail::minus, boost::multiprecision::detail::expression<boost::multiprecision::detail::multiply_immediates, boost::multiprecision::number<boost::multiprecision::backends::rational_adaptor<boost::multiprecision::backends::cpp_int_backend<0ul, 0ul, (boost::multiprecision::cpp_integer_type)1, (boost::multiprecision::cpp_int_check_type)0, std::allocator<unsigned long long> > >, (boost::multiprecision::expression_template_option)1>, boost::multiprecision::number<boost::multiprecision::backends::rational_adaptor<boost::multiprecision::backends::cpp_int_backend<0ul, 0ul, (boost::multiprecision::cpp_integer_type)1, (boost::multiprecision::cpp_int_check_type)0, std::allocator<unsigned long long> > >, (boost::multiprecision::expression_template_option)1>, void, void>, boost::multiprecision::detail::expression<boost::multiprecision::detail::multiply_immediates, boost::multiprecision::number<boost::multiprecision::backends::rational_adaptor<boost::multiprecision::backends::cpp_int_backend<0ul, 0ul, (boost::multiprecision::cpp_integer_type)1, (boost::multiprecision::cpp_int_check_type)0, std::allocator<unsigned long long> > >, (boost::multiprecision::expression_template_option)1>, boost::multiprecision::number<boost::multiprecision::backends::rational_adaptor<boost::multiprecision::backends::cpp_int_backend<0ul, 0ul, (boost::multiprecision::cpp_integer_type)1, (boost::multiprecision::cpp_int_check_type)0, std::allocator<unsigned long long> > >, (boost::multiprecision::expression_template_option)1>, void, void>, void, void> >(boost::multiprecision::detail::expression<boost::multiprecision::detail::minus, boost::multiprecision::detail::expression<boost::multiprecision::detail::multiply_immediates, boost::multiprecision::number<boost::multiprecision::backends::rational_adaptor<boost::multiprecision::backends::cpp_int_backend<0ul, 0ul, (boost::multiprecision::cpp_integer_type)1, (boost::multiprecision::cpp_int_check_type)0, std::allocator<unsigned long long> > >, (boost::multiprecision::expression_template_option)1>, boost::multiprecision::number<boost::multiprecision::backends::rational_adaptor<boost::multiprecision::backends::cpp_int_backend<0ul, 0ul, (boost::multiprecision::cpp_integer_type)1, (boost::multiprecision::cpp_int_check_type)0, std::allocator<unsigned long long> > >, (boost::multiprecision::expression_template_option)1>, void, void>, boost::multiprecision::detail::expression<boost::multiprecision::detail::multiply_immediates, boost::multiprecision::number<boost::multiprecision::backends::rational_adaptor<boost::multiprecision::backends::cpp_int_backend<0ul, 0ul, (boost::multiprecision::cpp_integer_type)1, (boost::multiprecision::cpp_int_check_type)0, std::allocator<unsigned long long> > >, (boost::multiprecision::expression_template_option)1>, boost::multiprecision::number<boost::multiprecision::backends::rational_adaptor<boost::multiprecision::backends::cpp_int_backend<0ul, 0ul, (boost::multiprecision::cpp_integer_type)1, (boost::multiprecision::cpp_int_check_type)0, std::allocator<unsigned long long> > >, (boost::multiprecision::expression_template_option)1>, void, void>, void, void> const&, boost::multiprecision::detail::minus const&) [clone .isra.0]",8016032,0.04655493482309125
"ParallelRoam::Algorithms::GreedyTransactionalLod::QualityEvaluation::Area(std::array<ParallelRoam::Algorithms::GreedyTransactionalLod::Point, 3ul> const&)","void boost::multiprecision::backends::eval_multiply_imp<boost::multiprecision::backends::cpp_int_backend<0ul, 0ul, (boost::multiprecision::cpp_integer_type)1, (boost::multiprecision::cpp_int_check_type)0, std::allocator<unsigned long long> > >(boost::multiprecision::backends::rational_adaptor<boost::multiprecision::backends::cpp_int_backend<0ul, 0ul, (boost::multiprecision::cpp_integer_type)1, (boost::multiprecision::cpp_int_check_type)0, std::allocator<unsigned long long> > >&, boost::multiprecision::backends::rational_adaptor<boost::multiprecision::backends::cpp_int_backend<0ul, 0ul, (boost::multiprecision::cpp_integer_type)1, (boost::multiprecision::cpp_int_check_type)0, std::allocator<unsigned long long> > > const&, boost::multiprecision::backends::cpp_int_backend<0ul, 0ul, (boost::multiprecision::cpp_integer_type)1, (boost::multiprecision::cpp_int_check_type)0, std::allocator<unsigned long long> > const&, boost::multiprecision::backends::cpp_int_backend<0ul, 0ul, (boost::multiprecision::cpp_integer_type)1, (boost::multiprecision::cpp_int_check_type)0, std::allocator<unsigned long long> > const&)",8016032,0.04655493482309125
"std::array<boost::multiprecision::number<boost::multiprecision::backends::rational_adaptor<boost::multiprecision::backends::cpp_int_backend<0ul, 0ul, (boost::multiprecision::cpp_integer_type)1, (boost::multiprecision::cpp_int_check_type)0, std::allocator<unsigned long long> > >, (boost::multiprecision::expression_template_option)1>, 4ul> ParallelRoam::Algorithms::GreedyTransactionalLod::QualityEvaluation::Clip<boost::multiprecision::number<boost::multiprecision::backends::rational_adaptor<boost::multiprecision::backends::cpp_int_backend<0ul, 0ul, (boost::multiprecision::cpp_integer_type)1, (boost::multiprecision::cpp_int_check_type)0, std::allocator<unsigned long long> > >, (boost::multiprecision::expression_template_option)1> >(ParallelRoam::Algorithms::GreedyTransactionalLod::Configuration const&, boost::multiprecision::number<boost::multiprecision::backends::rational_adaptor<boost::multiprecision::backends::cpp_int_backend<0ul, 0ul, (boost::multiprecision::cpp_integer_type)1, (boost::multiprecision::cpp_int_check_type)0, std::allocator<unsigned long long> > >, (boost::multiprecision::expression_template_option)1> const&, boost::multiprecision::number<boost::multiprecision::backends::rational_adaptor<boost::multiprecision::backends::cpp_int_backend<0ul, 0ul, (boost::multiprecision::cpp_integer_type)1, (boost::multiprecision::cpp_int_check_type)0, std::allocator<unsigned long long> > >, (boost::multiprecision::expression_template_option)1> const&, boost::multiprecision::number<boost::multiprecision::backends::rational_adaptor<boost::multiprecision::backends::cpp_int_backend<0ul, 0ul, (boost::multiprecision::cpp_integer_type)1, (boost::multiprecision::cpp_int_check_type)0, std::allocator<unsigned long long> > >, (boost::multiprecision::expression_template_option)1> const&)","void boost::multiprecision::backends::divide_unsigned_helper<boost::multiprecision::backends::cpp_int_backend<0ul, 0ul, (boost::multiprecision::cpp_integer_type)1, (boost::multiprecision::cpp_int_check_type)0, std::allocator<unsigned long long> >, boost::multiprecision::backends::cpp_int_backend<0ul, 0ul, (boost::multiprecision::cpp_integer_type)1, (boost::multiprecision::cpp_int_check_type)0, std::allocator<unsigned long long> >, boost::multiprecision::backends::cpp_int_backend<0ul, 0ul, (boost::multiprecision::cpp_integer_type)1, (boost::multiprecision::cpp_int_check_type)0, std::allocator<unsigned long long> > >(boost::multiprecision::backends::cpp_int_backend<0ul, 0ul, (boost::multiprecision::cpp_integer_type)1, (boost::multiprecision::cpp_int_check_type)0, std::allocator<unsigned long long> >*, boost::multiprecision::backends::cpp_int_backend<0ul, 0ul, (boost::multiprecision::cpp_integer_type)1, (boost::multiprecision::cpp_int_check_type)0, std::allocator<unsigned long long> > const&, boost::multiprecision::backends::cpp_int_backend<0ul, 0ul, (boost::multiprecision::cpp_integer_type)1, (boost::multiprecision::cpp_int_check_type)0, std::allocator<unsigned long long> > const&, boost::multiprecision::backends::cpp_int_backend<0ul, 0ul, (boost::multiprecision::cpp_integer_type)1, (boost::multiprecision::cpp_int_check_type)0, std::allocator<unsigned long long> >&)",8016032,0.04655493482309125
"ParallelRoam::Algorithms::GreedyTransactionalLod::TransactionalSamples::Weights(unsigned int, ParallelRoam::Algorithms::GreedyTransactionalLod::Point const&, ParallelRoam::Algorithms::GreedyTransactionalLod::Point const&, ParallelRoam::Algorithms::GreedyTransactionalLod::Point const&, std::array<double, 3ul>&) const","void boost::multiprecision::backends::eval_multiply_imp<boost::multiprecision::backends::cpp_int_backend<0ul, 0ul, (boost::multiprecision::cpp_integer_type)1, (boost::multiprecision::cpp_int_check_type)0, std::allocator<unsigned long long> > >(boost::multiprecision::backends::rational_adaptor<boost::multiprecision::backends::cpp_int_backend<0ul, 0ul, (boost::multiprecision::cpp_integer_type)1, (boost::multiprecision::cpp_int_check_type)0, std::allocator<unsigned long long> > >&, boost::multiprecision::backends::rational_adaptor<boost::multiprecision::backends::cpp_int_backend<0ul, 0ul, (boost::multiprecision::cpp_integer_type)1, (boost::multiprecision::cpp_int_check_type)0, std::allocator<unsigned long long> > > const&, boost::multiprecision::backends::cpp_int_backend<0ul, 0ul, (boost::multiprecision::cpp_integer_type)1, (boost::multiprecision::cpp_int_check_type)0, std::allocator<unsigned long long> > const&, boost::multiprecision::backends::cpp_int_backend<0ul, 0ul, (boost::multiprecision::cpp_integer_type)1, (boost::multiprecision::cpp_int_check_type)0, std::allocator<unsigned long long> > const&)",8016032,0.04655493482309125
"ParallelRoam::Algorithms::GreedyTransactionalLod::TransactionalSamples::Prepare(ParallelRoam::Algorithms::GreedyTransactionalLod::TransactionalState const&, ParallelRoam::Algorithms::GreedyTransactionalLod::PreparedTopology const&, ParallelRoam::Algorithms::GreedyTransactionalLod::WorkLedger&)","ParallelRoam::Algorithms::GreedyTransactionalLod::TransactionalPriorityIndex<std::pair<double, long> >::PrepareRepair(std::map<unsigned int, std::optional<std::pair<double, long> >, std::less<unsigned int>, std::allocator<std::pair<unsigned int const, std::optional<std::pair<double, long> > > > >, unsigned long, ParallelRoam::Algorithms::GreedyTransactionalLod::WorkLedger&)",8016032,0.04655493482309125
"std::enable_if<std::is_floating_point<long double>::value, boost::multiprecision::backends::rational_adaptor<boost::multiprecision::backends::cpp_int_backend<0ul, 0ul, (boost::multiprecision::cpp_integer_type)1, (boost::multiprecision::cpp_int_check_type)0, std::allocator<unsigned long long> > >&>::type boost::multiprecision::backends::rational_adaptor<boost::multiprecision::backends::cpp_int_backend<0ul, 0ul, (boost::multiprecision::cpp_integer_type)1, (boost::multiprecision::cpp_int_check_type)0, std::allocator<unsigned long long> > >::operator=<long double>(long double) [clone .isra.0]",__memset_avx512_unaligned_erms,8016032,0.04655493482309125
"ParallelRoam::Algorithms::GreedyTransactionalLod::TransactionalPipeline::SetView(ParallelRoam::Algorithms::GreedyTransactionalLod::Configuration const&, ParallelRoam::Algorithms::GreedyTransactionalLod::WorkLedger&)","ParallelRoam::Algorithms::GreedyTransactionalLod::TransactionalSamples::PrepareView(ParallelRoam::Algorithms::GreedyTransactionalLod::TransactionalState const&, ParallelRoam::Algorithms::GreedyTransactionalLod::Configuration const&, ParallelRoam::Algorithms::GreedyTransactionalLod::WorkLedger&, ParallelRoam::Algorithms::GreedyTransactionalLod::TransactionalExecution const&)",8016032,0.04655493482309125
"ParallelRoam::Algorithms::GreedyTransactionalLod::TransactionalTerrainLodAlgorithm::Impl::Build(ParallelRoam::Algorithms::TerrainLodBuildInput const&, ParallelRoam::Algorithms::TerrainLodRenderPacket&, std::__cxx11::basic_string<char, std::char_traits<char>, std::allocator<char> >*)","ParallelRoam::Algorithms::GreedyTransactionalLod::TransactionalPipeline::SetView(ParallelRoam::Algorithms::GreedyTransactionalLod::Configuration const&, ParallelRoam::Algorithms::GreedyTransactionalLod::WorkLedger&)",8016032,0.04655493482309125
"ParallelRoam::Algorithms::GreedyTransactionalLod::QualityEvaluation::SameInterface(ParallelRoam::Algorithms::GreedyTransactionalLod::TransactionalState const&, ParallelRoam::Algorithms::GreedyTransactionalLod::Proposal const&, bool, std::vector<std::array<ParallelRoam::Algorithms::GreedyTransactionalLod::Point, 3ul>, std::allocator<std::array<ParallelRoam::Algorithms::GreedyTransactionalLod::Point, 3ul> > > const&, std::vector<std::array<ParallelRoam::Algorithms::GreedyTransactionalLod::Point, 3ul>, std::allocator<std::array<ParallelRoam::Algorithms::GreedyTransactionalLod::Point, 3ul> > > const&)","boost::multiprecision::backends::rational_adaptor<boost::multiprecision::backends::cpp_int_backend<0ul, 0ul, (boost::multiprecision::cpp_integer_type)1, (boost::multiprecision::cpp_int_check_type)0, std::allocator<unsigned long long> > >::rational_adaptor()",8016032,0.04655493482309125
"boost::multiprecision::number<boost::multiprecision::backends::rational_adaptor<boost::multiprecision::backends::cpp_int_backend<0ul, 0ul, (boost::multiprecision::cpp_integer_type)1, (boost::multiprecision::cpp_int_check_type)0, std::allocator<unsigned long long> > >, (boost::multiprecision::expression_template_option)1> ParallelRoam::Algorithms::GreedyTransactionalLod::TransactionalQualityFaceEvidence::Interpolate<boost::multiprecision::number<boost::multiprecision::backends::rational_adaptor<boost::multiprecision::backends::cpp_int_backend<0ul, 0ul, (boost::multiprecision::cpp_integer_type)1, (boost::multiprecision::cpp_int_check_type)0, std::allocator<unsigned long long> > >, (boost::multiprecision::expression_template_option)1> >(ParallelRoam::Algorithms::GreedyTransactionalLod::TransactionalQualityFaceEvidence::Coefficients<boost::multiprecision::number<boost::multiprecision::backends::rational_adaptor<boost::multiprecision::backends::cpp_int_backend<0ul, 0ul, (boost::multiprecision::cpp_integer_type)1, (boost::multiprecision::cpp_int_check_type)0, std::allocator<unsigned long long> > >, (boost::multiprecision::expression_template_option)1> > const&, std::array<boost::multiprecision::number<boost::multiprecision::backends::rational_adaptor<boost::multiprecision::backends::cpp_int_backend<0ul, 0ul, (boost::multiprecision::cpp_integer_type)1, (boost::multiprecision::cpp_int_check_type)0, std::allocator<unsigned long long> > >, (boost::multiprecision::expression_template_option)1>, 2ul> const&)",__memmove_avx512_unaligned_erms,8016032,0.04655493482309125
"std::array<boost::multiprecision::number<boost::multiprecision::backends::rational_adaptor<boost::multiprecision::backends::cpp_int_backend<0ul, 0ul, (boost::multiprecision::cpp_integer_type)1, (boost::multiprecision::cpp_int_check_type)0, std::allocator<unsigned long long> > >, (boost::multiprecision::expression_template_option)1>, 4ul> ParallelRoam::Algorithms::GreedyTransactionalLod::QualityEvaluation::Clip<boost::multiprecision::number<boost::multiprecision::backends::rational_adaptor<boost::multiprecision::backends::cpp_int_backend<0ul, 0ul, (boost::multiprecision::cpp_integer_type)1, (boost::multiprecision::cpp_int_check_type)0, std::allocator<unsigned long long> > >, (boost::multiprecision::expression_template_option)1> >(ParallelRoam::Algorithms::GreedyTransactionalLod::Configuration const&, boost::multiprecision::number<boost::multiprecision::backends::rational_adaptor<boost::multiprecision::backends::cpp_int_backend<0ul, 0ul, (boost::multiprecision::cpp_integer_type)1, (boost::multiprecision::cpp_int_check_type)0, std::allocator<unsigned long long> > >, (boost::multiprecision::expression_template_option)1> const&, boost::multiprecision::number<boost::multiprecision::backends::rational_adaptor<boost::multiprecision::backends::cpp_int_backend<0ul, 0ul, (boost::multiprecision::cpp_integer_type)1, (boost::multiprecision::cpp_int_check_type)0, std::allocator<unsigned long long> > >, (boost::multiprecision::expression_template_option)1> const&, boost::multiprecision::number<boost::multiprecision::backends::rational_adaptor<boost::multiprecision::backends::cpp_int_backend<0ul, 0ul, (boost::multiprecision::cpp_integer_type)1, (boost::multiprecision::cpp_int_check_type)0, std::allocator<unsigned long long> > >, (boost::multiprecision::expression_template_option)1> const&)",memcpy@plt,8016032,0.04655493482309125
"std::enable_if<std::is_convertible<boost::multiprecision::detail::expression<boost::multiprecision::detail::minus, boost::multiprecision::detail::expression<boost::multiprecision::detail::divide_immediates, boost::multiprecision::number<boost::multiprecision::backends::rational_adaptor<boost::multiprecision::backends::cpp_int_backend<0ul, 0ul, (boost::multiprecision::cpp_integer_type)1, (boost::multiprecision::cpp_int_check_type)0, std::allocator<unsigned long long> > >, (boost::multiprecision::expression_template_option)1>, boost::multiprecision::number<boost::multiprecision::backends::rational_adaptor<boost::multiprecision::backends::cpp_int_backend<0ul, 0ul, (boost::multiprecision::cpp_integer_type)1, (boost::multiprecision::cpp_int_check_type)0, std::allocator<unsigned long long> > >, (boost::multiprecision::expression_template_option)1>, void, void>, boost::multiprecision::detail::expression<boost::multiprecision::detail::divide_immediates, boost::multiprecision::number<boost::multiprecision::backends::rational_adaptor<boost::multiprecision::backends::cpp_int_backend<0ul, 0ul, (boost::multiprecision::cpp_integer_type)1, (boost::multiprecision::cpp_int_check_type)0, std::allocator<unsigned long long> > >, (boost::multiprecision::expression_template_option)1>, boost::multiprecision::number<boost::multiprecision::backends::rational_adaptor<boost::multiprecision::backends::cpp_int_backend<0ul, 0ul, (boost::multiprecision::cpp_integer_type)1, (boost::multiprecision::cpp_int_check_type)0, std::allocator<unsigned long long> > >, (boost::multiprecision::expression_template_option)1>, void, void>, void, void>::result_type, boost::multiprecision::number<boost::multiprecision::backends::rational_adaptor<boost::multiprecision::backends::cpp_int_backend<0ul, 0ul, (boost::multiprecision::cpp_integer_type)1, (boost::multiprecision::cpp_int_check_type)0, std::allocator<unsigned long long> > >, (boost::multiprecision::expression_template_option)1> >::value, boost::multiprecision::number<boost::multiprecision::backends::rational_adaptor<boost::multiprecision::backends::cpp_int_backend<0ul, 0ul, (boost::multiprecision::cpp_integer_type)1, (boost::multiprecision::cpp_int_check_type)0, std::allocator<unsigned long long> > >, (boost::multiprecision::expression_template_option)1>&>::type boost::multiprecision::number<boost::multiprecision::backends::rational_adaptor<boost::multiprecision::backends::cpp_int_backend<0ul, 0ul, (boost::multiprecision::cpp_integer_type)1, (boost::multiprecision::cpp_int_check_type)0, std::allocator<unsigned long long> > >, (boost::multiprecision::expression_template_option)1>::operator*=<boost::multiprecision::detail::minus, boost::multiprecision::detail::expression<boost::multiprecision::detail::divide_immediates, boost::multiprecision::number<boost::multiprecision::backends::rational_adaptor<boost::multiprecision::backends::cpp_int_backend<0ul, 0ul, (boost::multiprecision::cpp_integer_type)1, (boost::multiprecision::cpp_int_check_type)0, std::allocator<unsigned long long> > >, (boost::multiprecision::expression_template_option)1>, boost::multiprecision::number<boost::multiprecision::backends::rational_adaptor<boost::multiprecision::backends::cpp_int_backend<0ul, 0ul, (boost::multiprecision::cpp_integer_type)1, (boost::multiprecision::cpp_int_check_type)0, std::allocator<unsigned long long> > >, (boost::multiprecision::expression_template_option)1>, void, void>, boost::multiprecision::detail::expression<boost::multiprecision::detail::divide_immediates, boost::multiprecision::number<boost::multiprecision::backends::rational_adaptor<boost::multiprecision::backends::cpp_int_backend<0ul, 0ul, (boost::multiprecision::cpp_integer_type)1, (boost::multiprecision::cpp_int_check_type)0, std::allocator<unsigned long long> > >, (boost::multiprecision::expression_template_option)1>, boost::multiprecision::number<boost::multiprecision::backends::rational_adaptor<boost::multiprecision::backends::cpp_int_backend<0ul, 0ul, (boost::multiprecision::cpp_integer_type)1, (boost::multiprecision::cpp_int_check_type)0, std::allocator<unsigned long long> > >, (boost::multiprecision::expression_template_option)1>, void, void>, void, void>(boost::multiprecision::detail::expression<boost::multiprecision::detail::minus, boost::multiprecision::detail::expression<boost::multiprecision::detail::divide_immediates, boost::multiprecision::number<boost::multiprecision::backends::rational_adaptor<boost::multiprecision::backends::cpp_int_backend<0ul, 0ul, (boost::multiprecision::cpp_integer_type)1, (boost::multiprecision::cpp_int_check_type)0, std::allocator<unsigned long long> > >, (boost::multiprecision::expression_template_option)1>, boost::multiprecision::number<boost::multiprecision::backends::rational_adaptor<boost::multiprecision::backends::cpp_int_backend<0ul, 0ul, (boost::multiprecision::cpp_integer_type)1, (boost::multiprecision::cpp_int_check_type)0, std::allocator<unsigned long long> > >, (boost::multiprecision::expression_template_option)1>, void, void>, boost::multiprecision::detail::expression<boost::multiprecision::detail::divide_immediates, boost::multiprecision::number<boost::multiprecision::backends::rational_adaptor<boost::multiprecision::backends::cpp_int_backend<0ul, 0ul, (boost::multiprecision::cpp_integer_type)1, (boost::multiprecision::cpp_int_check_type)0, std::allocator<unsigned long long> > >, (boost::multiprecision::expression_template_option)1>, boost::multiprecision::number<boost::multiprecision::backends::rational_adaptor<boost::multiprecision::backends::cpp_int_backend<0ul, 0ul, (boost::multiprecision::cpp_integer_type)1, (boost::multiprecision::cpp_int_check_type)0, std::allocator<unsigned long long> > >, (boost::multiprecision::expression_template_option)1>, void, void>, void, void> const&) [clone .isra.0]","boost::multiprecision::backends::rational_adaptor<boost::multiprecision::backends::cpp_int_backend<0ul, 0ul, (boost::multiprecision::cpp_integer_type)1, (boost::multiprecision::cpp_int_check_type)0, std::allocator<unsigned long long> > >::rational_adaptor()",8016032,0.04655493482309125
"ParallelRoam::Algorithms::GreedyTransactionalLod::TransactionalPointwiseQuality::Certify[abi:cxx11](ParallelRoam::Algorithms::GreedyTransactionalLod::TransactionalState const&, ParallelRoam::Algorithms::GreedyTransactionalLod::TransactionalSamples const&, ParallelRoam::Algorithms::GreedyTransactionalLod::Proposal&, bool, ParallelRoam::Algorithms::GreedyTransactionalLod::WorkLedger&)","boost::multiprecision::backends::cpp_int_base<0ul, 18446744073709551615ul, (boost::multiprecision::cpp_integer_type)1, (boost::multiprecision::cpp_int_check_type)0, std::allocator<unsigned long long>, false>::resize(unsigned long, unsigned long) [clone .isra.0]",8016032,0.04655493482309125
ParallelRoam::Algorithms::GreedyTransactionalLod::TransactionalQualitySampleEvidence::ExactReference(),memcpy@plt,8016032,0.04655493482309125
ParallelRoam::Algorithms::GreedyTransactionalLod::TransactionalQualityFaceEvidence::Bounds(),__nextafter,8016032,0.04655493482309125
"ParallelRoam::Algorithms::GreedyTransactionalLod::ReceiverCursor::ReceiverCursor(ParallelRoam::Algorithms::GreedyTransactionalLod::TransactionalState const&, ParallelRoam::Algorithms::GreedyTransactionalLod::TransactionalSamples const&, unsigned int)",ParallelRoam::Algorithms::GreedyTransactionalLod::TransactionalState::Vertex(long) const,8016032,0.04655493482309125
"auto ParallelRoam::Algorithms::GreedyTransactionalLod::TransactionalReservation::Plan(ParallelRoam::Algorithms::GreedyTransactionalLod::TransactionalState const&, ParallelRoam::Algorithms::GreedyTransactionalLod::TransactionalSamples const&, ParallelRoam::Algorithms::GreedyTransactionalLod::WorkLedger&, ParallelRoam::Algorithms::GreedyTransactionalLod::TransactionalExecution const&)::{lambda(auto:1, auto:2, ParallelRoam::Algorithms::GreedyTransactionalLod::WorkLedger&)#1}::operator()<unsigned long, unsigned long>(unsigned long, unsigned long, ParallelRoam::Algorithms::GreedyTransactionalLod::WorkLedger&) const","ParallelRoam::Algorithms::GreedyTransactionalLod::ReceiverCursor::ReceiverCursor(ParallelRoam::Algorithms::GreedyTransactionalLod::TransactionalState const&, ParallelRoam::Algorithms::GreedyTransactionalLod::TransactionalSamples const&, unsigned int)",8016032,0.04655493482309125
"std::optional<boost::multiprecision::number<boost::multiprecision::backends::rational_adaptor<boost::multiprecision::backends::cpp_int_backend<0ul, 0ul, (boost::multiprecision::cpp_integer_type)1, (boost::multiprecision::cpp_int_check_type)0, std::allocator<unsigned long long> > >, (boost::multiprecision::expression_template_option)1> > ParallelRoam::Algorithms::GreedyTransactionalLod::QualityEvaluation::ScreenPrepared<boost::multiprecision::number<boost::multiprecision::backends::rational_adaptor<boost::multiprecision::backends::cpp_int_backend<0ul, 0ul, (boost::multiprecision::cpp_integer_type)1, (boost::multiprecision::cpp_int_check_type)0, std::allocator<unsigned long long> > >, (boost::multiprecision::expression_template_option)1> >(ParallelRoam::Algorithms::GreedyTransactionalLod::Configuration const&, std::array<boost::multiprecision::number<boost::multiprecision::backends::rational_adaptor<boost::multiprecision::backends::cpp_int_backend<0ul, 0ul, (boost::multiprecision::cpp_integer_type)1, (boost::multiprecision::cpp_int_check_type)0, std::allocator<unsigned long long> > >, (boost::multiprecision::expression_template_option)1>, 3ul> const&, std::array<boost::multiprecision::number<boost::multiprecision::backends::rational_adaptor<boost::multiprecision::backends::cpp_int_backend<0ul, 0ul, (boost::multiprecision::cpp_integer_type)1, (boost::multiprecision::cpp_int_check_type)0, std::allocator<unsigned long long> > >, (boost::multiprecision::expression_template_option)1>, 4ul> const&, boost::multiprecision::number<boost::multiprecision::backends::rational_adaptor<boost::multiprecision::backends::cpp_int_backend<0ul, 0ul, (boost::multiprecision::cpp_integer_type)1, (boost::multiprecision::cpp_int_check_type)0, std::allocator<unsigned long long> > >, (boost::multiprecision::expression_template_option)1> const&)",__memmove_chk_avx512_unaligned_erms,8016032,0.04655493482309125
"ParallelRoam::Algorithms::GreedyTransactionalLod::QualityEvaluation::Interval ParallelRoam::Algorithms::GreedyTransactionalLod::TransactionalQualityFaceEvidence::Interpolate<ParallelRoam::Algorithms::GreedyTransactionalLod::QualityEvaluation::Interval>(ParallelRoam::Algorithms::GreedyTransactionalLod::TransactionalQualityFaceEvidence::Coefficients<ParallelRoam::Algorithms::GreedyTransactionalLod::QualityEvaluation::Interval> const&, std::array<ParallelRoam::Algorithms::GreedyTransactionalLod::QualityEvaluation::Interval, 2ul> const&)",nextafter@plt,8016032,0.04655493482309125
"std::array<ParallelRoam::Algorithms::GreedyTransactionalLod::QualityEvaluation::Interval, 4ul> ParallelRoam::Algorithms::GreedyTransactionalLod::QualityEvaluation::Clip<ParallelRoam::Algorithms::GreedyTransactionalLod::QualityEvaluation::Interval>(ParallelRoam::Algorithms::GreedyTransactionalLod::Configuration const&, ParallelRoam::Algorithms::GreedyTransactionalLod::QualityEvaluation::Interval const&, ParallelRoam::Algorithms::GreedyTransactionalLod::QualityEvaluation::Interval const&, ParallelRoam::Algorithms::GreedyTransactionalLod::QualityEvaluation::Interval const&)","ParallelRoam::Algorithms::GreedyTransactionalLod::QualityEvaluation::operator*(ParallelRoam::Algorithms::GreedyTransactionalLod::QualityEvaluation::Interval, ParallelRoam::Algorithms::GreedyTransactionalLod::QualityEvaluation::Interval)",8016032,0.04655493482309125
"std::array<boost::multiprecision::number<boost::multiprecision::backends::rational_adaptor<boost::multiprecision::backends::cpp_int_backend<0ul, 0ul, (boost::multiprecision::cpp_integer_type)1, (boost::multiprecision::cpp_int_check_type)0, std::allocator<unsigned long long> > >, (boost::multiprecision::expression_template_option)1>, 3ul> ParallelRoam::Algorithms::GreedyTransactionalLod::QualityEvaluation::Reference<boost::multiprecision::number<boost::multiprecision::backends::rational_adaptor<boost::multiprecision::backends::cpp_int_backend<0ul, 0ul, (boost::multiprecision::cpp_integer_type)1, (boost::multiprecision::cpp_int_check_type)0, std::allocator<unsigned long long> > >, (boost::multiprecision::expression_template_option)1> >(ParallelRoam::Algorithms::GreedyTransactionalLod::TransactionalState const&, ParallelRoam::Algorithms::GreedyTransactionalLod::TransactionalSamples const&, unsigned int)","std::enable_if<!boost::multiprecision::backends::is_trivial_cpp_int<boost::multiprecision::backends::cpp_int_backend<0ul, 0ul, (boost::multiprecision::cpp_integer_type)1, (boost::multiprecision::cpp_int_check_type)0, std::allocator<unsigned long long> > >::value, void>::type boost::multiprecision::backends::eval_gcd<0ul, 0ul, (boost::multiprecision::cpp_integer_type)1, (boost::multiprecision::cpp_int_check_type)0, std::allocator<unsigned long long> >(boost::multiprecision::backends::cpp_int_backend<0ul, 0ul, (boost::multiprecision::cpp_integer_type)1, (boost::multiprecision::cpp_int_check_type)0, std::allocator<unsigned long long> >&, boost::multiprecision::backends::cpp_int_backend<0ul, 0ul, (boost::multiprecision::cpp_integer_type)1, (boost::multiprecision::cpp_int_check_type)0, std::allocator<unsigned long long> > const&, boost::multiprecision::backends::cpp_int_backend<0ul, 0ul, (boost::multiprecision::cpp_integer_type)1, (boost::multiprecision::cpp_int_check_type)0, std::allocator<unsigned long long> > const&)",8016032,0.04655493482309125
ParallelRoam::Algorithms::GreedyTransactionalLod::TransactionalQualityFaceEvidence::Bounds(),ParallelRoam::Algorithms::GreedyTransactionalLod::TransactionalQualityFaceEvidence::Coefficients<ParallelRoam::Algorithms::GreedyTransactionalLod::QualityEvaluation::Interval> ParallelRoam::Algorithms::GreedyTransactionalLod::TransactionalQualityFaceEvidence::Prepare<ParallelRoam::Algorithms::GreedyTransactionalLod::QualityEvaluation::Interval>() const,8016032,0.04655493482309125
"std::optional<boost::multiprecision::number<boost::multiprecision::backends::rational_adaptor<boost::multiprecision::backends::cpp_int_backend<0ul, 0ul, (boost::multiprecision::cpp_integer_type)1, (boost::multiprecision::cpp_int_check_type)0, std::allocator<unsigned long long> > >, (boost::multiprecision::expression_template_option)1> > ParallelRoam::Algorithms::GreedyTransactionalLod::QualityEvaluation::ScreenPrepared<boost::multiprecision::number<boost::multiprecision::backends::rational_adaptor<boost::multiprecision::backends::cpp_int_backend<0ul, 0ul, (boost::multiprecision::cpp_integer_type)1, (boost::multiprecision::cpp_int_check_type)0, std::allocator<unsigned long long> > >, (boost::multiprecision::expression_template_option)1> >(ParallelRoam::Algorithms::GreedyTransactionalLod::Configuration const&, std::array<boost::multiprecision::number<boost::multiprecision::backends::rational_adaptor<boost::multiprecision::backends::cpp_int_backend<0ul, 0ul, (boost::multiprecision::cpp_integer_type)1, (boost::multiprecision::cpp_int_check_type)0, std::allocator<unsigned long long> > >, (boost::multiprecision::expression_template_option)1>, 3ul> const&, std::array<boost::multiprecision::number<boost::multiprecision::backends::rational_adaptor<boost::multiprecision::backends::cpp_int_backend<0ul, 0ul, (boost::multiprecision::cpp_integer_type)1, (boost::multiprecision::cpp_int_check_type)0, std::allocator<unsigned long long> > >, (boost::multiprecision::expression_template_option)1>, 4ul> const&, boost::multiprecision::number<boost::multiprecision::backends::rational_adaptor<boost::multiprecision::backends::cpp_int_backend<0ul, 0ul, (boost::multiprecision::cpp_integer_type)1, (boost::multiprecision::cpp_int_check_type)0, std::allocator<unsigned long long> > >, (boost::multiprecision::expression_template_option)1> const&)",__memcpy_chk@plt,8016032,0.04655493482309125
"ParallelRoam::Algorithms::GreedyTransactionalLod::QualityEvaluation::ErrorBounds(ParallelRoam::Algorithms::GreedyTransactionalLod::TransactionalState const&, ParallelRoam::Algorithms::GreedyTransactionalLod::TransactionalSamples const&, unsigned int, ParallelRoam::Algorithms::GreedyTransactionalLod::Proposal const*, ParallelRoam::Algorithms::GreedyTransactionalLod::WorkLedger&, ParallelRoam::Algorithms::GreedyTransactionalLod::TransactionalProposalEvidence*)","ParallelRoam::Algorithms::GreedyTransactionalLod::QualityEvaluation::CoveringFace(ParallelRoam::Algorithms::GreedyTransactionalLod::TransactionalState const&, ParallelRoam::Algorithms::GreedyTransactionalLod::TransactionalSamples const&, unsigned int, ParallelRoam::Algorithms::GreedyTransactionalLod::Proposal const*)",8016032,0.04655493482309125
"ParallelRoam::Algorithms::GreedyTransactionalLod::QualityEvaluation::CoveringFace(ParallelRoam::Algorithms::GreedyTransactionalLod::TransactionalState const&, ParallelRoam::Algorithms::GreedyTransactionalLod::TransactionalSamples const&, unsigned int, ParallelRoam::Algorithms::GreedyTransactionalLod::Proposal const*)","ParallelRoam::Algorithms::GreedyTransactionalLod::TransactionalSamples::Weights(unsigned int, ParallelRoam::Algorithms::GreedyTransactionalLod::Point const&, ParallelRoam::Algorithms::GreedyTransactionalLod::Point const&, ParallelRoam::Algorithms::GreedyTransactionalLod::Point const&, std::array<double, 3ul>&) const",8016032,0.04655493482309125
_int_free_chunk,_int_free_maybe_trim,8016032,0.04655493482309125
"ParallelRoam::Algorithms::GreedyTransactionalLod::TransactionalReservation::Plan(ParallelRoam::Algorithms::GreedyTransactionalLod::TransactionalState const&, ParallelRoam::Algorithms::GreedyTransactionalLod::TransactionalSamples const&, ParallelRoam::Algorithms::GreedyTransactionalLod::WorkLedger&, ParallelRoam::Algorithms::GreedyTransactionalLod::TransactionalExecution const&)","ParallelRoam::Algorithms::GreedyTransactionalLod::TransactionalReservation::Footprint(ParallelRoam::Algorithms::GreedyTransactionalLod::TransactionalState const&, ParallelRoam::Algorithms::GreedyTransactionalLod::Proposal const&)",8016032,0.04655493482309125
"auto ParallelRoam::Algorithms::GreedyTransactionalLod::TransactionalReservation::Plan(ParallelRoam::Algorithms::GreedyTransactionalLod::TransactionalState const&, ParallelRoam::Algorithms::GreedyTransactionalLod::TransactionalSamples const&, ParallelRoam::Algorithms::GreedyTransactionalLod::WorkLedger&, ParallelRoam::Algorithms::GreedyTransactionalLod::TransactionalExecution const&)::{lambda(auto:1, auto:2, ParallelRoam::Algorithms::GreedyTransactionalLod::WorkLedger&)#1}::operator()<unsigned long, unsigned long>(unsigned long, unsigned long, ParallelRoam::Algorithms::GreedyTransactionalLod::WorkLedger&) const",__memmove_avx512_unaligned_erms,8016032,0.04655493482309125
"std::_Function_handler<void (unsigned long), ParallelRoam::Algorithms::GreedyTransactionalLod::TransactionalExecution::Run(std::__cxx11::basic_string<char, std::char_traits<char>, std::allocator<char> > const&, unsigned long, ParallelRoam::Algorithms::GreedyTransactionalLod::WorkLedger&, std::function<void (unsigned long, unsigned long, ParallelRoam::Algorithms::GreedyTransactionalLod::WorkLedger&)> const&) const::{lambda(unsigned long)#1}>::_M_invoke(std::_Any_data const&, unsigned long&&)","ParallelRoam::Algorithms::GreedyTransactionalLod::TransactionalSamples::Project(ParallelRoam::Algorithms::GreedyTransactionalLod::Configuration const&, unsigned int, ParallelRoam::Algorithms::GreedyTransactionalLod::SampleValue, ParallelRoam::Algorithms::GreedyTransactionalLod::WorkLedger&) const",6012024,0.034916201117318434
"ParallelRoam::Algorithms::GreedyTransactionalLod::TransactionalPointwiseQuality::Certify[abi:cxx11](ParallelRoam::Algorithms::GreedyTransactionalLod::TransactionalState const&, ParallelRoam::Algorithms::GreedyTransactionalLod::TransactionalSamples const&, ParallelRoam::Algorithms::GreedyTransactionalLod::Proposal&, bool, ParallelRoam::Algorithms::GreedyTransactionalLod::WorkLedger&)","bool boost::multiprecision::backends::eval_eq<boost::multiprecision::backends::cpp_int_backend<0ul, 0ul, (boost::multiprecision::cpp_integer_type)1, (boost::multiprecision::cpp_int_check_type)0, std::allocator<unsigned long long> > >(boost::multiprecision::backends::rational_adaptor<boost::multiprecision::backends::cpp_int_backend<0ul, 0ul, (boost::multiprecision::cpp_integer_type)1, (boost::multiprecision::cpp_int_check_type)0, std::allocator<unsigned long long> > > const&, boost::multiprecision::backends::rational_adaptor<boost::multiprecision::backends::cpp_int_backend<0ul, 0ul, (boost::multiprecision::cpp_integer_type)1, (boost::multiprecision::cpp_int_check_type)0, std::allocator<unsigned long long> > > const&)",6012024,0.034916201117318434
"void boost::multiprecision::backends::divide_unsigned_helper<boost::multiprecision::backends::cpp_int_backend<0ul, 0ul, (boost::multiprecision::cpp_integer_type)1, (boost::multiprecision::cpp_int_check_type)0, std::allocator<unsigned long long> >, boost::multiprecision::backends::cpp_int_backend<0ul, 0ul, (boost::multiprecision::cpp_integer_type)1, (boost::multiprecision::cpp_int_check_type)0, std::allocator<unsigned long long> >, boost::multiprecision::backends::cpp_int_backend<0ul, 0ul, (boost::multiprecision::cpp_integer_type)1, (boost::multiprecision::cpp_int_check_type)0, std::allocator<unsigned long long> > >(boost::multiprecision::backends::cpp_int_backend<0ul, 0ul, (boost::multiprecision::cpp_integer_type)1, (boost::multiprecision::cpp_int_check_type)0, std::allocator<unsigned long long> >*, boost::multiprecision::backends::cpp_int_backend<0ul, 0ul, (boost::multiprecision::cpp_integer_type)1, (boost::multiprecision::cpp_int_check_type)0, std::allocator<unsigned long long> > const&, boost::multiprecision::backends::cpp_int_backend<0ul, 0ul, (boost::multiprecision::cpp_integer_type)1, (boost::multiprecision::cpp_int_check_type)0, std::allocator<unsigned long long> > const&, boost::multiprecision::backends::cpp_int_backend<0ul, 0ul, (boost::multiprecision::cpp_integer_type)1, (boost::multiprecision::cpp_int_check_type)0, std::allocator<unsigned long long> >&)","boost::multiprecision::backends::cpp_int_base<0ul, 18446744073709551615ul, (boost::multiprecision::cpp_integer_type)1, (boost::multiprecision::cpp_int_check_type)0, std::allocator<unsigned long long>, false>::resize(unsigned long, unsigned long) [clone .constprop.0]",6012024,0.034916201117318434
ParallelRoam::Algorithms::GreedyTransactionalLod::TransactionalQualitySampleEvidence::ExactClip(),"std::enable_if<std::is_floating_point<long double>::value, boost::multiprecision::backends::rational_adaptor<boost::multiprecision::backends::cpp_int_backend<0ul, 0ul, (boost::multiprecision::cpp_integer_type)1, (boost::multiprecision::cpp_int_check_type)0, std::allocator<unsigned long long> > >&>::type boost::multiprecision::backends::rational_adaptor<boost::multiprecision::backends::cpp_int_backend<0ul, 0ul, (boost::multiprecision::cpp_integer_type)1, (boost::multiprecision::cpp_int_check_type)0, std::allocator<unsigned long long> > >::operator=<long double>(long double) [clone .isra.0]",6012024,0.034916201117318434
"std::enable_if<!boost::multiprecision::backends::is_trivial_cpp_int<boost::multiprecision::backends::cpp_int_backend<0ul, 0ul, (boost::multiprecision::cpp_integer_type)1, (boost::multiprecision::cpp_int_check_type)0, std::allocator<unsigned long long> > >::value, void>::type boost::multiprecision::backends::eval_gcd<0ul, 0ul, (boost::multiprecision::cpp_integer_type)1, (boost::multiprecision::cpp_int_check_type)0, std::allocator<unsigned long long> >(boost::multiprecision::backends::cpp_int_backend<0ul, 0ul, (boost::multiprecision::cpp_integer_type)1, (boost::multiprecision::cpp_int_check_type)0, std::allocator<unsigned long long> >&, boost::multiprecision::backends::cpp_int_backend<0ul, 0ul, (boost::multiprecision::cpp_integer_type)1, (boost::multiprecision::cpp_int_check_type)0, std::allocator<unsigned long long> > const&, boost::multiprecision::backends::cpp_int_backend<0ul, 0ul, (boost::multiprecision::cpp_integer_type)1, (boost::multiprecision::cpp_int_check_type)0, std::allocator<unsigned long long> > const&)","void boost::multiprecision::backends::divide_unsigned_helper<boost::multiprecision::backends::cpp_int_backend<0ul, 0ul, (boost::multiprecision::cpp_integer_type)1, (boost::multiprecision::cpp_int_check_type)0, std::allocator<unsigned long long> >, boost::multiprecision::backends::cpp_int_backend<0ul, 0ul, (boost::multiprecision::cpp_integer_type)1, (boost::multiprecision::cpp_int_check_type)0, std::allocator<unsigned long long> >, boost::multiprecision::backends::cpp_int_backend<0ul, 0ul, (boost::multiprecision::cpp_integer_type)1, (boost::multiprecision::cpp_int_check_type)0, std::allocator<unsigned long long> > >(boost::multiprecision::backends::cpp_int_backend<0ul, 0ul, (boost::multiprecision::cpp_integer_type)1, (boost::multiprecision::cpp_int_check_type)0, std::allocator<unsigned long long> >*, boost::multiprecision::backends::cpp_int_backend<0ul, 0ul, (boost::multiprecision::cpp_integer_type)1, (boost::multiprecision::cpp_int_check_type)0, std::allocator<unsigned long long> > const&, boost::multiprecision::backends::cpp_int_backend<0ul, 0ul, (boost::multiprecision::cpp_integer_type)1, (boost::multiprecision::cpp_int_check_type)0, std::allocator<unsigned long long> > const&, boost::multiprecision::backends::cpp_int_backend<0ul, 0ul, (boost::multiprecision::cpp_integer_type)1, (boost::multiprecision::cpp_int_check_type)0, std::allocator<unsigned long long> >&)",6012024,0.034916201117318434
"ParallelRoam::Algorithms::GreedyTransactionalLod::QualityEvaluation::SameInterface(ParallelRoam::Algorithms::GreedyTransactionalLod::TransactionalState const&, ParallelRoam::Algorithms::GreedyTransactionalLod::Proposal const&, bool, std::vector<std::array<ParallelRoam::Algorithms::GreedyTransactionalLod::Point, 3ul>, std::allocator<std::array<ParallelRoam::Algorithms::GreedyTransactionalLod::Point, 3ul> > > const&, std::vector<std::array<ParallelRoam::Algorithms::GreedyTransactionalLod::Point, 3ul>, std::allocator<std::array<ParallelRoam::Algorithms::GreedyTransactionalLod::Point, 3ul> > > const&)","boost::multiprecision::backends::cpp_int_base<0ul, 18446744073709551615ul, (boost::multiprecision::cpp_integer_type)1, (boost::multiprecision::cpp_int_check_type)0, std::allocator<unsigned long long>, false>::resize(unsigned long, unsigned long) [clone .isra.0]",6012024,0.034916201117318434
"void boost::multiprecision::backends::eval_add_subtract_imp<boost::multiprecision::backends::cpp_int_backend<0ul, 0ul, (boost::multiprecision::cpp_integer_type)1, (boost::multiprecision::cpp_int_check_type)0, std::allocator<unsigned long long> > >(boost::multiprecision::backends::rational_adaptor<boost::multiprecision::backends::cpp_int_backend<0ul, 0ul, (boost::multiprecision::cpp_integer_type)1, (boost::multiprecision::cpp_int_check_type)0, std::allocator<unsigned long long> > >&, boost::multiprecision::backends::rational_adaptor<boost::multiprecision::backends::cpp_int_backend<0ul, 0ul, (boost::multiprecision::cpp_integer_type)1, (boost::multiprecision::cpp_int_check_type)0, std::allocator<unsigned long long> > > const&, boost::multiprecision::backends::rational_adaptor<boost::multiprecision::backends::cpp_int_backend<0ul, 0ul, (boost::multiprecision::cpp_integer_type)1, (boost::multiprecision::cpp_int_check_type)0, std::allocator<unsigned long long> > > const&, bool)","boost::multiprecision::backends::cpp_int_base<0ul, 18446744073709551615ul, (boost::multiprecision::cpp_integer_type)1, (boost::multiprecision::cpp_int_check_type)0, std::allocator<unsigned long long>, false>::resize(unsigned long, unsigned long) [clone .isra.0]",6012024,0.034916201117318434
"std::_Rb_tree<unsigned int, std::pair<unsigned int const, ParallelRoam::Algorithms::GreedyTransactionalLod::SampleValue>, std::_Select1st<std::pair<unsigned int const, ParallelRoam::Algorithms::GreedyTransactionalLod::SampleValue> >, std::less<unsigned int>, std::allocator<std::pair<unsigned int const, ParallelRoam::Algorithms::GreedyTransactionalLod::SampleValue> > >::_M_erase(std::_Rb_tree_node<std::pair<unsigned int const, ParallelRoam::Algorithms::GreedyTransactionalLod::SampleValue> >*) [clone .isra.0]",_int_free_chunk,6012024,0.034916201117318434
"ParallelRoam::Algorithms::GreedyTransactionalLod::TransactionalPipeline::Apply(ParallelRoam::Algorithms::GreedyTransactionalLod::CertifiedBatch const&, ParallelRoam::Algorithms::GreedyTransactionalLod::WorkLedger&)","std::_Rb_tree<unsigned int, std::pair<unsigned int const, ParallelRoam::Algorithms::GreedyTransactionalLod::SampleValue>, std::_Select1st<std::pair<unsigned int const, ParallelRoam::Algorithms::GreedyTransactionalLod::SampleValue> >, std::less<unsigned int>, std::allocator<std::pair<unsigned int const, ParallelRoam::Algorithms::GreedyTransactionalLod::SampleValue> > >::_M_erase(std::_Rb_tree_node<std::pair<unsigned int const, ParallelRoam::Algorithms::GreedyTransactionalLod::SampleValue> >*) [clone .isra.0]",6012024,0.034916201117318434
"ParallelRoam::Algorithms::GreedyTransactionalLod::QualityEvaluation::SameInterface(ParallelRoam::Algorithms::GreedyTransactionalLod::TransactionalState const&, ParallelRoam::Algorithms::GreedyTransactionalLod::Proposal const&, bool, std::vector<std::array<ParallelRoam::Algorithms::GreedyTransactionalLod::Point, 3ul>, std::allocator<std::array<ParallelRoam::Algorithms::GreedyTransactionalLod::Point, 3ul> > > const&, std::vector<std::array<ParallelRoam::Algorithms::GreedyTransactionalLod::Point, 3ul>, std::allocator<std::array<ParallelRoam::Algorithms::GreedyTransactionalLod::Point, 3ul> > > const&)","boost::multiprecision::backends::rational_adaptor<boost::multiprecision::backends::cpp_int_backend<0ul, 0ul, (boost::multiprecision::cpp_integer_type)1, (boost::multiprecision::cpp_int_check_type)0, std::allocator<unsigned long long> > >::compare(boost::multiprecision::backends::rational_adaptor<boost::multiprecision::backends::cpp_int_backend<0ul, 0ul, (boost::multiprecision::cpp_integer_type)1, (boost::multiprecision::cpp_int_check_type)0, std::allocator<unsigned long long> > > const&) const",6012024,0.034916201117318434
"ParallelRoam::Algorithms::GreedyTransactionalLod::TransactionalPointwiseQuality::Certify[abi:cxx11](ParallelRoam::Algorithms::GreedyTransactionalLod::TransactionalState const&, ParallelRoam::Algorithms::GreedyTransactionalLod::TransactionalSamples const&, ParallelRoam::Algorithms::GreedyTransactionalLod::Proposal&, bool, ParallelRoam::Algorithms::GreedyTransactionalLod::WorkLedger&)",cfree@GLIBC_2.2.5,6012024,0.034916201117318434
"ParallelRoam::Algorithms::GreedyTransactionalLod::TransactionalQualityFaceEvidence::Coefficients<boost::multiprecision::number<boost::multiprecision::backends::rational_adaptor<boost::multiprecision::backends::cpp_int_backend<0ul, 0ul, (boost::multiprecision::cpp_integer_type)1, (boost::multiprecision::cpp_int_check_type)0, std::allocator<unsigned long long> > >, (boost::multiprecision::expression_template_option)1> > ParallelRoam::Algorithms::GreedyTransactionalLod::TransactionalQualityFaceEvidence::Prepare<boost::multiprecision::number<boost::multiprecision::backends::rational_adaptor<boost::multiprecision::backends::cpp_int_backend<0ul, 0ul, (boost::multiprecision::cpp_integer_type)1, (boost::multiprecision::cpp_int_check_type)0, std::allocator<unsigned long long> > >, (boost::multiprecision::expression_template_option)1> >() const",__memmove_avx512_unaligned_erms,6012024,0.034916201117318434
"std::array<boost::multiprecision::number<boost::multiprecision::backends::rational_adaptor<boost::multiprecision::backends::cpp_int_backend<0ul, 0ul, (boost::multiprecision::cpp_integer_type)1, (boost::multiprecision::cpp_int_check_type)0, std::allocator<unsigned long long> > >, (boost::multiprecision::expression_template_option)1>, 2ul> ParallelRoam::Algorithms::GreedyTransactionalLod::QualityEvaluation::Coordinate<boost::multiprecision::number<boost::multiprecision::backends::rational_adaptor<boost::multiprecision::backends::cpp_int_backend<0ul, 0ul, (boost::multiprecision::cpp_integer_type)1, (boost::multiprecision::cpp_int_check_type)0, std::allocator<unsigned long long> > >, (boost::multiprecision::expression_template_option)1> >(std::array<boost::multiprecision::number<boost::multiprecision::backends::rational_adaptor<boost::multiprecision::backends::cpp_int_backend<0ul, 0ul, (boost::multiprecision::cpp_integer_type)1, (boost::multiprecision::cpp_int_check_type)0, std::allocator<unsigned long long> > >, (boost::multiprecision::expression_template_option)1>, 3ul> const&, ParallelRoam::Algorithms::GreedyTransactionalLod::Configuration const&, bool)",__memmove_avx512_unaligned_erms,6012024,0.034916201117318434
"void boost::multiprecision::backends::eval_divide<boost::multiprecision::backends::cpp_int_backend<0ul, 0ul, (boost::multiprecision::cpp_integer_type)1, (boost::multiprecision::cpp_int_check_type)0, std::allocator<unsigned long long> > >(boost::multiprecision::backends::rational_adaptor<boost::multiprecision::backends::cpp_int_backend<0ul, 0ul, (boost::multiprecision::cpp_integer_type)1, (boost::multiprecision::cpp_int_check_type)0, std::allocator<unsigned long long> > >&, boost::multiprecision::backends::rational_adaptor<boost::multiprecision::backends::cpp_int_backend<0ul, 0ul, (boost::multiprecision::cpp_integer_type)1, (boost::multiprecision::cpp_int_check_type)0, std::allocator<unsigned long long> > > const&)","void boost::multiprecision::backends::divide_unsigned_helper<boost::multiprecision::backends::cpp_int_backend<0ul, 0ul, (boost::multiprecision::cpp_integer_type)1, (boost::multiprecision::cpp_int_check_type)0, std::allocator<unsigned long long> >, boost::multiprecision::backends::cpp_int_backend<0ul, 0ul, (boost::multiprecision::cpp_integer_type)1, (boost::multiprecision::cpp_int_check_type)0, std::allocator<unsigned long long> >, boost::multiprecision::backends::cpp_int_backend<0ul, 0ul, (boost::multiprecision::cpp_integer_type)1, (boost::multiprecision::cpp_int_check_type)0, std::allocator<unsigned long long> > >(boost::multiprecision::backends::cpp_int_backend<0ul, 0ul, (boost::multiprecision::cpp_integer_type)1, (boost::multiprecision::cpp_int_check_type)0, std::allocator<unsigned long long> >*, boost::multiprecision::backends::cpp_int_backend<0ul, 0ul, (boost::multiprecision::cpp_integer_type)1, (boost::multiprecision::cpp_int_check_type)0, std::allocator<unsigned long long> > const&, boost::multiprecision::backends::cpp_int_backend<0ul, 0ul, (boost::multiprecision::cpp_integer_type)1, (boost::multiprecision::cpp_int_check_type)0, std::allocator<unsigned long long> > const&, boost::multiprecision::backends::cpp_int_backend<0ul, 0ul, (boost::multiprecision::cpp_integer_type)1, (boost::multiprecision::cpp_int_check_type)0, std::allocator<unsigned long long> >&)",6012024,0.034916201117318434
ParallelRoam::Algorithms::GreedyTransactionalLod::ReceiverCursor::Next(ParallelRoam::Algorithms::GreedyTransactionalLod::WorkLedger*),"ParallelRoam::Algorithms::GreedyTransactionalLod::TransactionalSamples::StrictlyInside(unsigned int, ParallelRoam::Algorithms::GreedyTransactionalLod::Point const&, ParallelRoam::Algorithms::GreedyTransactionalLod::Point const&, ParallelRoam::Algorithms::GreedyTransactionalLod::Point const&) const",6012024,0.034916201117318434
"void boost::multiprecision::backends::eval_add_subtract_imp<boost::multiprecision::backends::cpp_int_backend<0ul, 0ul, (boost::multiprecision::cpp_integer_type)1, (boost::multiprecision::cpp_int_check_type)0, std::allocator<unsigned long long> > >(boost::multiprecision::backends::rational_adaptor<boost::multiprecision::backends::cpp_int_backend<0ul, 0ul, (boost::multiprecision::cpp_integer_type)1, (boost::multiprecision::cpp_int_check_type)0, std::allocator<unsigned long long> > >&, boost::multiprecision::backends::rational_adaptor<boost::multiprecision::backends::cpp_int_backend<0ul, 0ul, (boost::multiprecision::cpp_integer_type)1, (boost::multiprecision::cpp_int_check_type)0, std::allocator<unsigned long long> > > const&, boost::multiprecision::backends::rational_adaptor<boost::multiprecision::backends::cpp_int_backend<0ul, 0ul, (boost::multiprecision::cpp_integer_type)1, (boost::multiprecision::cpp_int_check_type)0, std::allocator<unsigned long long> > > const&, bool)",memcpy@plt,6012024,0.034916201117318434
"void boost::multiprecision::backends::divide_unsigned_helper<boost::multiprecision::backends::cpp_int_backend<0ul, 0ul, (boost::multiprecision::cpp_integer_type)1, (boost::multiprecision::cpp_int_check_type)0, std::allocator<unsigned long long> >, boost::multiprecision::backends::cpp_int_backend<0ul, 0ul, (boost::multiprecision::cpp_integer_type)1, (boost::multiprecision::cpp_int_check_type)0, std::allocator<unsigned long long> >, boost::multiprecision::backends::cpp_int_backend<0ul, 0ul, (boost::multiprecision::cpp_integer_type)1, (boost::multiprecision::cpp_int_check_type)0, std::allocator<unsigned long long> > >(boost::multiprecision::backends::cpp_int_backend<0ul, 0ul, (boost::multiprecision::cpp_integer_type)1, (boost::multiprecision::cpp_int_check_type)0, std::allocator<unsigned long long> >*, boost::multiprecision::backends::cpp_int_backend<0ul, 0ul, (boost::multiprecision::cpp_integer_type)1, (boost::multiprecision::cpp_int_check_type)0, std::allocator<unsigned long long> > const&, boost::multiprecision::backends::cpp_int_backend<0ul, 0ul, (boost::multiprecision::cpp_integer_type)1, (boost::multiprecision::cpp_int_check_type)0, std::allocator<unsigned long long> > const&, boost::multiprecision::backends::cpp_int_backend<0ul, 0ul, (boost::multiprecision::cpp_integer_type)1, (boost::multiprecision::cpp_int_check_type)0, std::allocator<unsigned long long> >&)",__memmove_avx512_unaligned_erms,6012024,0.034916201117318434
"ParallelRoam::Algorithms::GreedyTransactionalLod::TransactionalPointwiseQuality::Certify[abi:cxx11](ParallelRoam::Algorithms::GreedyTransactionalLod::TransactionalState const&, ParallelRoam::Algorithms::GreedyTransactionalLod::TransactionalSamples const&, ParallelRoam::Algorithms::GreedyTransactionalLod::Proposal&, bool, ParallelRoam::Algorithms::GreedyTransactionalLod::WorkLedger&)",ParallelRoam::Algorithms::GreedyTransactionalLod::TransactionalQualitySampleEvidence::CoordinateBounds(),6012024,0.034916201117318434
ParallelRoam::Algorithms::GreedyTransactionalLod::TransactionalQualitySampleEvidence::ExactClip(),__memcpy_chk@plt,6012024,0.034916201117318434
"std::optional<boost::multiprecision::number<boost::multiprecision::backends::rational_adaptor<boost::multiprecision::backends::cpp_int_backend<0ul, 0ul, (boost::multiprecision::cpp_integer_type)1, (boost::multiprecision::cpp_int_check_type)0, std::allocator<unsigned long long> > >, (boost::multiprecision::expression_template_option)1> > ParallelRoam::Algorithms::GreedyTransactionalLod::QualityEvaluation::ScreenPrepared<boost::multiprecision::number<boost::multiprecision::backends::rational_adaptor<boost::multiprecision::backends::cpp_int_backend<0ul, 0ul, (boost::multiprecision::cpp_integer_type)1, (boost::multiprecision::cpp_int_check_type)0, std::allocator<unsigned long long> > >, (boost::multiprecision::expression_template_option)1> >(ParallelRoam::Algorithms::GreedyTransactionalLod::Configuration const&, std::array<boost::multiprecision::number<boost::multiprecision::backends::rational_adaptor<boost::multiprecision::backends::cpp_int_backend<0ul, 0ul, (boost::multiprecision::cpp_integer_type)1, (boost::multiprecision::cpp_int_check_type)0, std::allocator<unsigned long long> > >, (boost::multiprecision::expression_template_option)1>, 3ul> const&, std::array<boost::multiprecision::number<boost::multiprecision::backends::rational_adaptor<boost::multiprecision::backends::cpp_int_backend<0ul, 0ul, (boost::multiprecision::cpp_integer_type)1, (boost::multiprecision::cpp_int_check_type)0, std::allocator<unsigned long long> > >, (boost::multiprecision::expression_template_option)1>, 4ul> const&, boost::multiprecision::number<boost::multiprecision::backends::rational_adaptor<boost::multiprecision::backends::cpp_int_backend<0ul, 0ul, (boost::multiprecision::cpp_integer_type)1, (boost::multiprecision::cpp_int_check_type)0, std::allocator<unsigned long long> > >, (boost::multiprecision::expression_template_option)1> const&)","boost::multiprecision::backends::cpp_int_backend<0ul, 0ul, (boost::multiprecision::cpp_integer_type)1, (boost::multiprecision::cpp_int_check_type)0, std::allocator<unsigned long long> >::~cpp_int_backend()",6012024,0.034916201117318434
"ParallelRoam::Algorithms::GreedyTransactionalLod::TransactionalPointwiseQuality::Certify[abi:cxx11](ParallelRoam::Algorithms::GreedyTransactionalLod::TransactionalState const&, ParallelRoam::Algorithms::GreedyTransactionalLod::TransactionalSamples const&, ParallelRoam::Algorithms::GreedyTransactionalLod::Proposal&, bool, ParallelRoam::Algorithms::GreedyTransactionalLod::WorkLedger&)","ParallelRoam::Algorithms::GreedyTransactionalLod::QualityEvaluation::Faces(ParallelRoam::Algorithms::GreedyTransactionalLod::TransactionalState const&, ParallelRoam::Algorithms::GreedyTransactionalLod::Proposal const&, bool, bool)",6012024,0.034916201117318434
"ParallelRoam::Algorithms::GreedyTransactionalLod::TransactionalPointwiseQuality::Certify[abi:cxx11](ParallelRoam::Algorithms::GreedyTransactionalLod::TransactionalState const&, ParallelRoam::Algorithms::GreedyTransactionalLod::TransactionalSamples const&, ParallelRoam::Algorithms::GreedyTransactionalLod::Proposal&, bool, ParallelRoam::Algorithms::GreedyTransactionalLod::WorkLedger&)",std::_Rb_tree_increment(std::_Rb_tree_node_base*),6012024,0.034916201117318434
"std::array<ParallelRoam::Algorithms::GreedyTransactionalLod::QualityEvaluation::Interval, 3ul> ParallelRoam::Algorithms::GreedyTransactionalLod::QualityEvaluation::Reference<ParallelRoam::Algorithms::GreedyTransactionalLod::QualityEvaluation::Interval>(ParallelRoam::Algorithms::GreedyTransactionalLod::TransactionalState const&, ParallelRoam::Algorithms::GreedyTransactionalLod::TransactionalSamples const&, unsigned int)",nextafter@plt,6012024,0.034916201117318434
"ParallelRoam::Algorithms::GreedyTransactionalLod::TransactionalFlipRecovery::FirstCertified(ParallelRoam::Algorithms::GreedyTransactionalLod::TransactionalState const&, ParallelRoam::Algorithms::GreedyTransactionalLod::TransactionalSamples const&, unsigned int, ParallelRoam::Algorithms::GreedyTransactionalLod::WorkLedger&, std::vector<std::pair<char, std::__cxx11::basic_string<char, std::char_traits<char>, std::allocator<char> > >, std::allocator<std::pair<char, std::__cxx11::basic_string<char, std::char_traits<char>, std::allocator<char> > > > >&)","ParallelRoam::Algorithms::GreedyTransactionalLod::TransactionalPointwiseQuality::Certify[abi:cxx11](ParallelRoam::Algorithms::GreedyTransactionalLod::TransactionalState const&, ParallelRoam::Algorithms::GreedyTransactionalLod::TransactionalSamples const&, ParallelRoam::Algorithms::GreedyTransactionalLod::Proposal&, bool, ParallelRoam::Algorithms::GreedyTransactionalLod::WorkLedger&)",6012024,0.034916201117318434
"ParallelRoam::Algorithms::GreedyTransactionalLod::TransactionalSamples::PrepareView(ParallelRoam::Algorithms::GreedyTransactionalLod::TransactionalState const&, ParallelRoam::Algorithms::GreedyTransactionalLod::Configuration const&, ParallelRoam::Algorithms::GreedyTransactionalLod::WorkLedger&, ParallelRoam::Algorithms::GreedyTransactionalLod::TransactionalExecution const&)","ParallelRoam::Algorithms::GreedyTransactionalLod::TransactionalSamples::BuildOrders(ParallelRoam::Algorithms::GreedyTransactionalLod::TransactionalState const&, std::vector<double, std::allocator<double> > const&, std::vector<std::optional<std::tuple<double, long, unsigned int> >, std::allocator<std::optional<std::tuple<double, long, unsigned int> > > >, ParallelRoam::Algorithms::GreedyTransactionalLod::TransactionalPriorityIndex<std::tuple<double, long, unsigned int> >&, ParallelRoam::Algorithms::GreedyTransactionalLod::TransactionalPriorityIndex<std::pair<double, long> >&, ParallelRoam::Algorithms::GreedyTransactionalLod::WorkLedger&)",6012024,0.034916201117318434
"auto ParallelRoam::Algorithms::GreedyTransactionalLod::TransactionalReservation::Plan(ParallelRoam::Algorithms::GreedyTransactionalLod::TransactionalState const&, ParallelRoam::Algorithms::GreedyTransactionalLod::TransactionalSamples const&, ParallelRoam::Algorithms::GreedyTransactionalLod::WorkLedger&, ParallelRoam::Algorithms::GreedyTransactionalLod::TransactionalExecution const&)::{lambda(auto:1, auto:2, ParallelRoam::Algorithms::GreedyTransactionalLod::WorkLedger&)#1}::operator()<unsigned long, unsigned long>(unsigned long, unsigned long, ParallelRoam::Algorithms::GreedyTransactionalLod::WorkLedger&) const",cfree@GLIBC_2.2.5,6012024,0.034916201117318434
ParallelRoam::Algorithms::GreedyTransactionalLod::(anonymous namespace)::QualityWork::~QualityWork(),"std::map<std::__cxx11::basic_string<char, std::char_traits<char>, std::allocator<char> >, unsigned long, std::less<std::__cxx11::basic_string<char, std::char_traits<char>, std::allocator<char> > >, std::allocator<std::pair<std::__cxx11::basic_string<char, std::char_traits<char>, std::allocator<char> > const, unsigned long> > >::operator[](std::__cxx11::basic_string<char, std::char_traits<char>, std::allocator<char> >&&)",6012024,0.034916201117318434
"ParallelRoam::Algorithms::GreedyTransactionalLod::QualityEvaluation::SameInterface(ParallelRoam::Algorithms::GreedyTransactionalLod::TransactionalState const&, ParallelRoam::Algorithms::GreedyTransactionalLod::Proposal const&, bool, std::vector<std::array<ParallelRoam::Algorithms::GreedyTransactionalLod::Point, 3ul>, std::allocator<std::array<ParallelRoam::Algorithms::GreedyTransactionalLod::Point, 3ul> > > const&, std::vector<std::array<ParallelRoam::Algorithms::GreedyTransactionalLod::Point, 3ul>, std::allocator<std::array<ParallelRoam::Algorithms::GreedyTransactionalLod::Point, 3ul> > > const&)","std::enable_if<!boost::multiprecision::backends::is_trivial_cpp_int<boost::multiprecision::backends::cpp_int_backend<0ul, 0ul, (boost::multiprecision::cpp_integer_type)1, (boost::multiprecision::cpp_int_check_type)0, std::allocator<unsigned long long> > >::value, void>::type boost::multiprecision::backends::eval_gcd<0ul, 0ul, (boost::multiprecision::cpp_integer_type)1, (boost::multiprecision::cpp_int_check_type)0, std::allocator<unsigned long long> >(boost::multiprecision::backends::cpp_int_backend<0ul, 0ul, (boost::multiprecision::cpp_integer_type)1, (boost::multiprecision::cpp_int_check_type)0, std::allocator<unsigned long long> >&, boost::multiprecision::backends::cpp_int_backend<0ul, 0ul, (boost::multiprecision::cpp_integer_type)1, (boost::multiprecision::cpp_int_check_type)0, std::allocator<unsigned long long> > const&, boost::multiprecision::backends::cpp_int_backend<0ul, 0ul, (boost::multiprecision::cpp_integer_type)1, (boost::multiprecision::cpp_int_check_type)0, std::allocator<unsigned long long> > const&)",6012024,0.034916201117318434
"void boost::multiprecision::backends::eval_divide<boost::multiprecision::backends::cpp_int_backend<0ul, 0ul, (boost::multiprecision::cpp_integer_type)1, (boost::multiprecision::cpp_int_check_type)0, std::allocator<unsigned long long> > >(boost::multiprecision::backends::rational_adaptor<boost::multiprecision::backends::cpp_int_backend<0ul, 0ul, (boost::multiprecision::cpp_integer_type)1, (boost::multiprecision::cpp_int_check_type)0, std::allocator<unsigned long long> > >&, boost::multiprecision::backends::rational_adaptor<boost::multiprecision::backends::cpp_int_backend<0ul, 0ul, (boost::multiprecision::cpp_integer_type)1, (boost::multiprecision::cpp_int_check_type)0, std::allocator<unsigned long long> > > const&)","std::enable_if<!boost::multiprecision::backends::is_trivial_cpp_int<boost::multiprecision::backends::cpp_int_backend<0ul, 0ul, (boost::multiprecision::cpp_integer_type)1, (boost::multiprecision::cpp_int_check_type)0, std::allocator<unsigned long long> > >::value, void>::type boost::multiprecision::backends::eval_gcd<0ul, 0ul, (boost::multiprecision::cpp_integer_type)1, (boost::multiprecision::cpp_int_check_type)0, std::allocator<unsigned long long> >(boost::multiprecision::backends::cpp_int_backend<0ul, 0ul, (boost::multiprecision::cpp_integer_type)1, (boost::multiprecision::cpp_int_check_type)0, std::allocator<unsigned long long> >&, boost::multiprecision::backends::cpp_int_backend<0ul, 0ul, (boost::multiprecision::cpp_integer_type)1, (boost::multiprecision::cpp_int_check_type)0, std::allocator<unsigned long long> > const&, boost::multiprecision::backends::cpp_int_backend<0ul, 0ul, (boost::multiprecision::cpp_integer_type)1, (boost::multiprecision::cpp_int_check_type)0, std::allocator<unsigned long long> > const&)",6012024,0.034916201117318434
"boost::multiprecision::number<boost::multiprecision::backends::rational_adaptor<boost::multiprecision::backends::cpp_int_backend<0ul, 0ul, (boost::multiprecision::cpp_integer_type)1, (boost::multiprecision::cpp_int_check_type)0, std::allocator<unsigned long long> > >, (boost::multiprecision::expression_template_option)1> ParallelRoam::Algorithms::GreedyTransactionalLod::TransactionalQualityFaceEvidence::Interpolate<boost::multiprecision::number<boost::multiprecision::backends::rational_adaptor<boost::multiprecision::backends::cpp_int_backend<0ul, 0ul, (boost::multiprecision::cpp_integer_type)1, (boost::multiprecision::cpp_int_check_type)0, std::allocator<unsigned long long> > >, (boost::multiprecision::expression_template_option)1> >(ParallelRoam::Algorithms::GreedyTransactionalLod::TransactionalQualityFaceEvidence::Coefficients<boost::multiprecision::number<boost::multiprecision::backends::rational_adaptor<boost::multiprecision::backends::cpp_int_backend<0ul, 0ul, (boost::multiprecision::cpp_integer_type)1, (boost::multiprecision::cpp_int_check_type)0, std::allocator<unsigned long long> > >, (boost::multiprecision::expression_template_option)1> > const&, std::array<boost::multiprecision::number<boost::multiprecision::backends::rational_adaptor<boost::multiprecision::backends::cpp_int_backend<0ul, 0ul, (boost::multiprecision::cpp_integer_type)1, (boost::multiprecision::cpp_int_check_type)0, std::allocator<unsigned long long> > >, (boost::multiprecision::expression_template_option)1>, 2ul> const&)","boost::multiprecision::backends::rational_adaptor<boost::multiprecision::backends::cpp_int_backend<0ul, 0ul, (boost::multiprecision::cpp_integer_type)1, (boost::multiprecision::cpp_int_check_type)0, std::allocator<unsigned long long> > >::rational_adaptor()",6012024,0.034916201117318434
"ParallelRoam::Algorithms::GreedyTransactionalLod::TransactionalPointwiseQuality::Certify[abi:cxx11](ParallelRoam::Algorithms::GreedyTransactionalLod::TransactionalState const&, ParallelRoam::Algorithms::GreedyTransactionalLod::TransactionalSamples const&, ParallelRoam::Algorithms::GreedyTransactionalLod::Proposal&, bool, ParallelRoam::Algorithms::GreedyTransactionalLod::WorkLedger&)",_int_free_chunk,6012024,0.034916201117318434
"void boost::multiprecision::backends::divide_unsigned_helper<boost::multiprecision::backends::cpp_int_backend<0ul, 0ul, (boost::multiprecision::cpp_integer_type)1, (boost::multiprecision::cpp_int_check_type)0, std::allocator<unsigned long long> >, boost::multiprecision::backends::cpp_int_backend<0ul, 0ul, (boost::multiprecision::cpp_integer_type)1, (boost::multiprecision::cpp_int_check_type)0, std::allocator<unsigned long long> >, boost::multiprecision::backends::cpp_int_backend<0ul, 0ul, (boost::multiprecision::cpp_integer_type)1, (boost::multiprecision::cpp_int_check_type)0, std::allocator<unsigned long long> > >(boost::multiprecision::backends::cpp_int_backend<0ul, 0ul, (boost::multiprecision::cpp_integer_type)1, (boost::multiprecision::cpp_int_check_type)0, std::allocator<unsigned long long> >*, boost::multiprecision::backends::cpp_int_backend<0ul, 0ul, (boost::multiprecision::cpp_integer_type)1, (boost::multiprecision::cpp_int_check_type)0, std::allocator<unsigned long long> > const&, boost::multiprecision::backends::cpp_int_backend<0ul, 0ul, (boost::multiprecision::cpp_integer_type)1, (boost::multiprecision::cpp_int_check_type)0, std::allocator<unsigned long long> > const&, boost::multiprecision::backends::cpp_int_backend<0ul, 0ul, (boost::multiprecision::cpp_integer_type)1, (boost::multiprecision::cpp_int_check_type)0, std::allocator<unsigned long long> >&)",__udivti3,6012024,0.034916201117318434
ParallelRoam::Algorithms::GreedyTransactionalLod::TransactionalQualitySampleEvidence::ExactReference(),"void boost::multiprecision::backends::eval_add_subtract_imp<boost::multiprecision::backends::cpp_int_backend<0ul, 0ul, (boost::multiprecision::cpp_integer_type)1, (boost::multiprecision::cpp_int_check_type)0, std::allocator<unsigned long long> > >(boost::multiprecision::backends::rational_adaptor<boost::multiprecision::backends::cpp_int_backend<0ul, 0ul, (boost::multiprecision::cpp_integer_type)1, (boost::multiprecision::cpp_int_check_type)0, std::allocator<unsigned long long> > >&, boost::multiprecision::backends::rational_adaptor<boost::multiprecision::backends::cpp_int_backend<0ul, 0ul, (boost::multiprecision::cpp_integer_type)1, (boost::multiprecision::cpp_int_check_type)0, std::allocator<unsigned long long> > > const&, boost::multiprecision::backends::rational_adaptor<boost::multiprecision::backends::cpp_int_backend<0ul, 0ul, (boost::multiprecision::cpp_integer_type)1, (boost::multiprecision::cpp_int_check_type)0, std::allocator<unsigned long long> > > const&, bool)",6012024,0.034916201117318434
ParallelRoam::Algorithms::GreedyTransactionalLod::TransactionalQualitySampleEvidence::ExactReference(),"boost::multiprecision::backends::rational_adaptor<boost::multiprecision::backends::cpp_int_backend<0ul, 0ul, (boost::multiprecision::cpp_integer_type)1, (boost::multiprecision::cpp_int_check_type)0, std::allocator<unsigned long long> > >::rational_adaptor<long long>(long long const&, std::enable_if<std::is_constructible<boost::multiprecision::backends::cpp_int_backend<0ul, 0ul, (boost::multiprecision::cpp_integer_type)1, (boost::multiprecision::cpp_int_check_type)0, std::allocator<unsigned long long> >, long long>::value&&(!std::is_floating_point<long long>::value), void>::type const*)",6012024,0.034916201117318434
"auto ParallelRoam::Algorithms::GreedyTransactionalLod::TransactionalReservation::Plan(ParallelRoam::Algorithms::GreedyTransactionalLod::TransactionalState const&, ParallelRoam::Algorithms::GreedyTransactionalLod::TransactionalSamples const&, ParallelRoam::Algorithms::GreedyTransactionalLod::WorkLedger&, ParallelRoam::Algorithms::GreedyTransactionalLod::TransactionalExecution const&)::{lambda(auto:1, auto:2, ParallelRoam::Algorithms::GreedyTransactionalLod::WorkLedger&)#1}::operator()<unsigned long, unsigned long>(unsigned long, unsigned long, ParallelRoam::Algorithms::GreedyTransactionalLod::WorkLedger&) const","std::enable_if<std::is_floating_point<long double>::value, boost::multiprecision::backends::rational_adaptor<boost::multiprecision::backends::cpp_int_backend<0ul, 0ul, (boost::multiprecision::cpp_integer_type)1, (boost::multiprecision::cpp_int_check_type)0, std::allocator<unsigned long long> > >&>::type boost::multiprecision::backends::rational_adaptor<boost::multiprecision::backends::cpp_int_backend<0ul, 0ul, (boost::multiprecision::cpp_integer_type)1, (boost::multiprecision::cpp_int_check_type)0, std::allocator<unsigned long long> > >::operator=<long double>(long double) [clone .isra.0]",6012024,0.034916201117318434
"ParallelRoam::Algorithms::GreedyTransactionalLod::(anonymous namespace)::Prepare(ParallelRoam::Algorithms::GreedyTransactionalLod::TransactionalState const&, ParallelRoam::Algorithms::GreedyTransactionalLod::TransactionalSamples const&, unsigned int, char, std::vector<unsigned int, std::allocator<unsigned int> >, ParallelRoam::Algorithms::GreedyTransactionalLod::Point const&, long, unsigned long)",ParallelRoam::Algorithms::GreedyTransactionalLod::TransactionalState::Face(unsigned int) const,6012024,0.034916201117318434
"ParallelRoam::Algorithms::GreedyTransactionalLod::TransactionalSamples::Prepare(ParallelRoam::Algorithms::GreedyTransactionalLod::TransactionalState const&, ParallelRoam::Algorithms::GreedyTransactionalLod::PreparedTopology const&, ParallelRoam::Algorithms::GreedyTransactionalLod::WorkLedger&)","ParallelRoam::Algorithms::GreedyTransactionalLod::TransactionalSamples::StoredWeights(unsigned int, ParallelRoam::Algorithms::GreedyTransactionalLod::Point const&, ParallelRoam::Algorithms::GreedyTransactionalLod::Point const&, ParallelRoam::Algorithms::GreedyTransactionalLod::Point const&) const",6012024,0.034916201117318434
"std::array<boost::multiprecision::number<boost::multiprecision::backends::rational_adaptor<boost::multiprecision::backends::cpp_int_backend<0ul, 0ul, (boost::multiprecision::cpp_integer_type)1, (boost::multiprecision::cpp_int_check_type)0, std::allocator<unsigned long long> > >, (boost::multiprecision::expression_template_option)1>, 4ul> ParallelRoam::Algorithms::GreedyTransactionalLod::QualityEvaluation::Clip<boost::multiprecision::number<boost::multiprecision::backends::rational_adaptor<boost::multiprecision::backends::cpp_int_backend<0ul, 0ul, (boost::multiprecision::cpp_integer_type)1, (boost::multiprecision::cpp_int_check_type)0, std::allocator<unsigned long long> > >, (boost::multiprecision::expression_template_option)1> >(ParallelRoam::Algorithms::GreedyTransactionalLod::Configuration const&, boost::multiprecision::number<boost::multiprecision::backends::rational_adaptor<boost::multiprecision::backends::cpp_int_backend<0ul, 0ul, (boost::multiprecision::cpp_integer_type)1, (boost::multiprecision::cpp_int_check_type)0, std::allocator<unsigned long long> > >, (boost::multiprecision::expression_template_option)1> const&, boost::multiprecision::number<boost::multiprecision::backends::rational_adaptor<boost::multiprecision::backends::cpp_int_backend<0ul, 0ul, (boost::multiprecision::cpp_integer_type)1, (boost::multiprecision::cpp_int_check_type)0, std::allocator<unsigned long long> > >, (boost::multiprecision::expression_template_option)1> const&, boost::multiprecision::number<boost::multiprecision::backends::rational_adaptor<boost::multiprecision::backends::cpp_int_backend<0ul, 0ul, (boost::multiprecision::cpp_integer_type)1, (boost::multiprecision::cpp_int_check_type)0, std::allocator<unsigned long long> > >, (boost::multiprecision::expression_template_option)1> const&)","void boost::multiprecision::backends::divide_unsigned_helper<boost::multiprecision::backends::cpp_int_backend<0ul, 0ul, (boost::multiprecision::cpp_integer_type)1, (boost::multiprecision::cpp_int_check_type)0, std::allocator<unsigned long long> >, boost::multiprecision::backends::cpp_int_backend<0ul, 0ul, (boost::multiprecision::cpp_integer_type)1, (boost::multiprecision::cpp_int_check_type)0, std::allocator<unsigned long long> > >(boost::multiprecision::backends::cpp_int_backend<0ul, 0ul, (boost::multiprecision::cpp_integer_type)1, (boost::multiprecision::cpp_int_check_type)0, std::allocator<unsigned long long> >*, boost::multiprecision::backends::cpp_int_backend<0ul, 0ul, (boost::multiprecision::cpp_integer_type)1, (boost::multiprecision::cpp_int_check_type)0, std::allocator<unsigned long long> > const&, unsigned long long, boost::multiprecision::backends::cpp_int_backend<0ul, 0ul, (boost::multiprecision::cpp_integer_type)1, (boost::multiprecision::cpp_int_check_type)0, std::allocator<unsigned long long> >&)",6012024,0.034916201117318434
"ParallelRoam::Algorithms::GreedyTransactionalLod::TransactionalReservation::Footprint(ParallelRoam::Algorithms::GreedyTransactionalLod::TransactionalState const&, ParallelRoam::Algorithms::GreedyTransactionalLod::Proposal const&)",operator new(unsigned long),6012024,0.034916201117318434
"ParallelRoam::Algorithms::GreedyTransactionalLod::TransactionalPipeline::Apply(ParallelRoam::Algorithms::GreedyTransactionalLod::CertifiedBatch const&, ParallelRoam::Algorithms::GreedyTransactionalLod::WorkLedger&)","ParallelRoam::Algorithms::GreedyTransactionalLod::PreparedTopology::Geometry(ParallelRoam::Algorithms::GreedyTransactionalLod::TransactionalState const&, long) const",6012024,0.034916201117318434
"ParallelRoam::Algorithms::GreedyTransactionalLod::TransactionalSamples::Weights(unsigned int, ParallelRoam::Algorithms::GreedyTransactionalLod::Point const&, ParallelRoam::Algorithms::GreedyTransactionalLod::Point const&, ParallelRoam::Algorithms::GreedyTransactionalLod::Point const&, std::array<double, 3ul>&) const","boost::multiprecision::backends::rational_adaptor<boost::multiprecision::backends::cpp_int_backend<0ul, 0ul, (boost::multiprecision::cpp_integer_type)1, (boost::multiprecision::cpp_int_check_type)0, std::allocator<unsigned long long> > >::rational_adaptor()",6012024,0.034916201117318434
"ParallelRoam::Algorithms::GreedyTransactionalLod::TransactionalCommit::Prepare(ParallelRoam::Algorithms::GreedyTransactionalLod::TransactionalState&, ParallelRoam::Algorithms::GreedyTransactionalLod::CertifiedBatch const&, ParallelRoam::Algorithms::GreedyTransactionalLod::WorkLedger&, ParallelRoam::Algorithms::GreedyTransactionalLod::TransactionalExecution const&, ParallelRoam::Algorithms::GreedyTransactionalLod::HeightSource const*)","ParallelRoam::Algorithms::GreedyTransactionalLod::TransactionalCommit::Prepare(ParallelRoam::Algorithms::GreedyTransactionalLod::TransactionalState&, ParallelRoam::Algorithms::GreedyTransactionalLod::CertifiedBatch const&, ParallelRoam::Algorithms::GreedyTransactionalLod::WorkLedger&, ParallelRoam::Algorithms::GreedyTransactionalLod::TransactionalExecution const&, ParallelRoam::Algorithms::GreedyTransactionalLod::HeightSource const*)::{lambda(ParallelRoam::Algorithms::GreedyTransactionalLod::Proposal const&, bool)#1}::operator()(ParallelRoam::Algorithms::GreedyTransactionalLod::Proposal const&, bool) const",6012024,0.034916201117318434
"ParallelRoam::Algorithms::GreedyTransactionalLod::TransactionalPointwiseQuality::Certify[abi:cxx11](ParallelRoam::Algorithms::GreedyTransactionalLod::TransactionalState const&, ParallelRoam::Algorithms::GreedyTransactionalLod::TransactionalSamples const&, ParallelRoam::Algorithms::GreedyTransactionalLod::Proposal&, bool, ParallelRoam::Algorithms::GreedyTransactionalLod::WorkLedger&)",std::_Sp_counted_base<(__gnu_cxx::_Lock_policy)2>::_M_release(),4008016,0.023277467411545624
"std::_Sp_counted_ptr_inplace<ParallelRoam::Algorithms::GreedyTransactionalLod::ProposalQualityCertificate, std::allocator<void>, (__gnu_cxx::_Lock_policy)2>::_M_dispose()","std::_Rb_tree<long, std::pair<long const, ParallelRoam::Algorithms::GreedyTransactionalLod::Point>, std::_Select1st<std::pair<long const, ParallelRoam::Algorithms::GreedyTransactionalLod::Point> >, std::less<long>, std::allocator<std::pair<long const, ParallelRoam::Algorithms::GreedyTransactionalLod::Point> > >::_M_erase(std::_Rb_tree_node<std::pair<long const, ParallelRoam::Algorithms::GreedyTransactionalLod::Point> >*) [clone .isra.0]",4008016,0.023277467411545624
std::_Sp_counted_base<(__gnu_cxx::_Lock_policy)2>::_M_release(),"std::_Sp_counted_ptr_inplace<ParallelRoam::Algorithms::GreedyTransactionalLod::ProposalQualityCertificate, std::allocator<void>, (__gnu_cxx::_Lock_policy)2>::_M_dispose()",4008016,0.023277467411545624
ParallelRoam::Algorithms::GreedyTransactionalLod::TransactionalQualitySampleEvidence::ExactReference(),"void boost::multiprecision::backends::eval_multiply_imp<boost::multiprecision::backends::cpp_int_backend<0ul, 0ul, (boost::multiprecision::cpp_integer_type)1, (boost::multiprecision::cpp_int_check_type)0, std::allocator<unsigned long long> > >(boost::multiprecision::backends::rational_adaptor<boost::multiprecision::backends::cpp_int_backend<0ul, 0ul, (boost::multiprecision::cpp_integer_type)1, (boost::multiprecision::cpp_int_check_type)0, std::allocator<unsigned long long> > >&, boost::multiprecision::backends::rational_adaptor<boost::multiprecision::backends::cpp_int_backend<0ul, 0ul, (boost::multiprecision::cpp_integer_type)1, (boost::multiprecision::cpp_int_check_type)0, std::allocator<unsigned long long> > > const&, boost::multiprecision::backends::cpp_int_backend<0ul, 0ul, (boost::multiprecision::cpp_integer_type)1, (boost::multiprecision::cpp_int_check_type)0, std::allocator<unsigned long long> > const&, boost::multiprecision::backends::cpp_int_backend<0ul, 0ul, (boost::multiprecision::cpp_integer_type)1, (boost::multiprecision::cpp_int_check_type)0, std::allocator<unsigned long long> > const&)",4008016,0.023277467411545624
"auto ParallelRoam::Algorithms::GreedyTransactionalLod::TransactionalReservation::Plan(ParallelRoam::Algorithms::GreedyTransactionalLod::TransactionalState const&, ParallelRoam::Algorithms::GreedyTransactionalLod::TransactionalSamples const&, ParallelRoam::Algorithms::GreedyTransactionalLod::WorkLedger&, ParallelRoam::Algorithms::GreedyTransactionalLod::TransactionalExecution const&)::{lambda(auto:1, auto:2, ParallelRoam::Algorithms::GreedyTransactionalLod::WorkLedger&)#1}::operator()<unsigned long, unsigned long>(unsigned long, unsigned long, ParallelRoam::Algorithms::GreedyTransactionalLod::WorkLedger&) const","std::map<long, ParallelRoam::Algorithms::GreedyTransactionalLod::Point, std::less<long>, std::allocator<std::pair<long const, ParallelRoam::Algorithms::GreedyTransactionalLod::Point> > >::at(long const&) [clone .isra.0]",4008016,0.023277467411545624
"ParallelRoam::Algorithms::GreedyTransactionalLod::QualityEvaluation::AddBounds(boost::multiprecision::number<boost::multiprecision::backends::rational_adaptor<boost::multiprecision::backends::cpp_int_backend<0ul, 0ul, (boost::multiprecision::cpp_integer_type)1, (boost::multiprecision::cpp_int_check_type)0, std::allocator<unsigned long long> > >, (boost::multiprecision::expression_template_option)1> const&, boost::multiprecision::number<boost::multiprecision::backends::rational_adaptor<boost::multiprecision::backends::cpp_int_backend<0ul, 0ul, (boost::multiprecision::cpp_integer_type)1, (boost::multiprecision::cpp_int_check_type)0, std::allocator<unsigned long long> > >, (boost::multiprecision::expression_template_option)1> const&, boost::multiprecision::number<boost::multiprecision::backends::cpp_int_backend<0ul, 0ul, (boost::multiprecision::cpp_integer_type)1, (boost::multiprecision::cpp_int_check_type)0, std::allocator<unsigned long long> >, (boost::multiprecision::expression_template_option)1>&, boost::multiprecision::number<boost::multiprecision::backends::cpp_int_backend<0ul, 0ul, (boost::multiprecision::cpp_integer_type)1, (boost::multiprecision::cpp_int_check_type)0, std::allocator<unsigned long long> >, (boost::multiprecision::expression_template_option)1>&)","boost::multiprecision::backends::cpp_int_base<0ul, 18446744073709551615ul, (boost::multiprecision::cpp_integer_type)1, (boost::multiprecision::cpp_int_check_type)0, std::allocator<unsigned long long>, false>::resize(unsigned long, unsigned long) [clone .isra.0]",4008016,0.023277467411545624
"ParallelRoam::Algorithms::GreedyTransactionalLod::TransactionalPointwiseQuality::Certify[abi:cxx11](ParallelRoam::Algorithms::GreedyTransactionalLod::TransactionalState const&, ParallelRoam::Algorithms::GreedyTransactionalLod::TransactionalSamples const&, ParallelRoam::Algorithms::GreedyTransactionalLod::Proposal&, bool, ParallelRoam::Algorithms::GreedyTransactionalLod::WorkLedger&)","boost::multiprecision::backends::rational_adaptor<boost::multiprecision::backends::cpp_int_backend<0ul, 0ul, (boost::multiprecision::cpp_integer_type)1, (boost::multiprecision::cpp_int_check_type)0, std::allocator<unsigned long long> > >::rational_adaptor<unsigned long long>(unsigned long long const&, std::enable_if<std::is_constructible<boost::multiprecision::backends::cpp_int_backend<0ul, 0ul, (boost::multiprecision::cpp_integer_type)1, (boost::multiprecision::cpp_int_check_type)0, std::allocator<unsigned long long> >, unsigned long long>::value&&(!std::is_floating_point<unsigned long long>::value), void>::type const*)",4008016,0.023277467411545624
"auto ParallelRoam::Algorithms::GreedyTransactionalLod::TransactionalReservation::Plan(ParallelRoam::Algorithms::GreedyTransactionalLod::TransactionalState const&, ParallelRoam::Algorithms::GreedyTransactionalLod::TransactionalSamples const&, ParallelRoam::Algorithms::GreedyTransactionalLod::WorkLedger&, ParallelRoam::Algorithms::GreedyTransactionalLod::TransactionalExecution const&)::{lambda(auto:1, auto:2, ParallelRoam::Algorithms::GreedyTransactionalLod::WorkLedger&)#1}::operator()<unsigned long, unsigned long>(unsigned long, unsigned long, ParallelRoam::Algorithms::GreedyTransactionalLod::WorkLedger&) const","boost::multiprecision::backends::rational_adaptor<boost::multiprecision::backends::cpp_int_backend<0ul, 0ul, (boost::multiprecision::cpp_integer_type)1, (boost::multiprecision::cpp_int_check_type)0, std::allocator<unsigned long long> > >::rational_adaptor()",4008016,0.023277467411545624
"void boost::multiprecision::backends::eval_gcd_lehmer<0ul, 0ul, (boost::multiprecision::cpp_integer_type)1, (boost::multiprecision::cpp_int_check_type)0, std::allocator<unsigned long long>, boost::multiprecision::backends::cpp_int_base<0ul, 18446744073709551615ul, (boost::multiprecision::cpp_integer_type)1, (boost::multiprecision::cpp_int_check_type)0, std::allocator<unsigned long long>, false>::scoped_shared_storage>(boost::multiprecision::backends::cpp_int_backend<0ul, 0ul, (boost::multiprecision::cpp_integer_type)1, (boost::multiprecision::cpp_int_check_type)0, std::allocator<unsigned long long> >&, boost::multiprecision::backends::cpp_int_backend<0ul, 0ul, (boost::multiprecision::cpp_integer_type)1, (boost::multiprecision::cpp_int_check_type)0, std::allocator<unsigned long long> >&, unsigned long, boost::multiprecision::backends::cpp_int_base<0ul, 18446744073709551615ul, (boost::multiprecision::cpp_integer_type)1, (boost::multiprecision::cpp_int_check_type)0, std::allocator<unsigned long long>, false>::scoped_shared_storage&)","std::enable_if<!boost::multiprecision::backends::is_trivial_cpp_int<boost::multiprecision::backends::cpp_int_backend<0ul, 0ul, (boost::multiprecision::cpp_integer_type)1, (boost::multiprecision::cpp_int_check_type)0, std::allocator<unsigned long long> > >::value, void>::type boost::multiprecision::backends::eval_right_shift<0ul, 0ul, (boost::multiprecision::cpp_int_check_type)0, std::allocator<unsigned long long> >(boost::multiprecision::backends::cpp_int_backend<0ul, 0ul, (boost::multiprecision::cpp_integer_type)1, (boost::multiprecision::cpp_int_check_type)0, std::allocator<unsigned long long> >&, unsigned __int128)",4008016,0.023277467411545624
"ParallelRoam::Algorithms::GreedyTransactionalLod::TransactionalPointwiseQuality::ValidateBatch(ParallelRoam::Algorithms::GreedyTransactionalLod::TransactionalState const&, ParallelRoam::Algorithms::GreedyTransactionalLod::TransactionalSamples const&, ParallelRoam::Algorithms::GreedyTransactionalLod::CertifiedBatch const&, ParallelRoam::Algorithms::GreedyTransactionalLod::WorkLedger&)","std::_Rb_tree_insert_and_rebalance(bool, std::_Rb_tree_node_base*, std::_Rb_tree_node_base*, std::_Rb_tree_node_base&)",4008016,0.023277467411545624
"ParallelRoam::Algorithms::GreedyTransactionalLod::TransactionalPointwiseQuality::Certify[abi:cxx11](ParallelRoam::Algorithms::GreedyTransactionalLod::TransactionalState const&, ParallelRoam::Algorithms::GreedyTransactionalLod::TransactionalSamples const&, ParallelRoam::Algorithms::GreedyTransactionalLod::Proposal&, bool, ParallelRoam::Algorithms::GreedyTransactionalLod::WorkLedger&)","auto ParallelRoam::Algorithms::GreedyTransactionalLod::TransactionalPointwiseQuality::Certify[abi:cxx11](ParallelRoam::Algorithms::GreedyTransactionalLod::TransactionalState const&, ParallelRoam::Algorithms::GreedyTransactionalLod::TransactionalSamples const&, ParallelRoam::Algorithms::GreedyTransactionalLod::Proposal&, bool, ParallelRoam::Algorithms::GreedyTransactionalLod::WorkLedger&)::{lambda(auto:1 const&)#1}::operator()<std::vector<std::array<ParallelRoam::Algorithms::GreedyTransactionalLod::Point, 3ul>, std::allocator<std::array<ParallelRoam::Algorithms::GreedyTransactionalLod::Point, 3ul> > > >(std::vector<std::array<ParallelRoam::Algorithms::GreedyTransactionalLod::Point, 3ul>, std::allocator<std::array<ParallelRoam::Algorithms::GreedyTransactionalLod::Point, 3ul> > > const&) const",4008016,0.023277467411545624
"ParallelRoam::Algorithms::GreedyTransactionalLod::TransactionalPredicates::Shape(ParallelRoam::Algorithms::GreedyTransactionalLod::Point const&, ParallelRoam::Algorithms::GreedyTransactionalLod::Point const&, ParallelRoam::Algorithms::GreedyTransactionalLod::Point const&)",memcpy@plt,4008016,0.023277467411545624
"ParallelRoam::Algorithms::GreedyTransactionalLod::QualityEvaluation::SameInterface(ParallelRoam::Algorithms::GreedyTransactionalLod::TransactionalState const&, ParallelRoam::Algorithms::GreedyTransactionalLod::Proposal const&, bool, std::vector<std::array<ParallelRoam::Algorithms::GreedyTransactionalLod::Point, 3ul>, std::allocator<std::array<ParallelRoam::Algorithms::GreedyTransactionalLod::Point, 3ul> > > const&, std::vector<std::array<ParallelRoam::Algorithms::GreedyTransactionalLod::Point, 3ul>, std::allocator<std::array<ParallelRoam::Algorithms::GreedyTransactionalLod::Point, 3ul> > > const&)",__memcpy_chk@plt,4008016,0.023277467411545624
"ParallelRoam::Algorithms::GreedyTransactionalLod::QualityEvaluation::Area(std::array<ParallelRoam::Algorithms::GreedyTransactionalLod::Point, 3ul> const&)",__memmove_avx512_unaligned_erms,4008016,0.023277467411545624
"void boost::multiprecision::backends::divide_unsigned_helper<boost::multiprecision::backends::cpp_int_backend<0ul, 0ul, (boost::multiprecision::cpp_integer_type)1, (boost::multiprecision::cpp_int_check_type)0, std::allocator<unsigned long long> >, boost::multiprecision::backends::cpp_int_backend<0ul, 0ul, (boost::multiprecision::cpp_integer_type)1, (boost::multiprecision::cpp_int_check_type)0, std::allocator<unsigned long long> >, boost::multiprecision::backends::cpp_int_backend<0ul, 0ul, (boost::multiprecision::cpp_integer_type)1, (boost::multiprecision::cpp_int_check_type)0, std::allocator<unsigned long long> > >(boost::multiprecision::backends::cpp_int_backend<0ul, 0ul, (boost::multiprecision::cpp_integer_type)1, (boost::multiprecision::cpp_int_check_type)0, std::allocator<unsigned long long> >*, boost::multiprecision::backends::cpp_int_backend<0ul, 0ul, (boost::multiprecision::cpp_integer_type)1, (boost::multiprecision::cpp_int_check_type)0, std::allocator<unsigned long long> > const&, boost::multiprecision::backends::cpp_int_backend<0ul, 0ul, (boost::multiprecision::cpp_integer_type)1, (boost::multiprecision::cpp_int_check_type)0, std::allocator<unsigned long long> > const&, boost::multiprecision::backends::cpp_int_backend<0ul, 0ul, (boost::multiprecision::cpp_integer_type)1, (boost::multiprecision::cpp_int_check_type)0, std::allocator<unsigned long long> >&)",operator new(unsigned long),4008016,0.023277467411545624
"ParallelRoam::Algorithms::GreedyTransactionalLod::TransactionalPointwiseQuality::Certify[abi:cxx11](ParallelRoam::Algorithms::GreedyTransactionalLod::TransactionalState const&, ParallelRoam::Algorithms::GreedyTransactionalLod::TransactionalSamples const&, ParallelRoam::Algorithms::GreedyTransactionalLod::Proposal&, bool, ParallelRoam::Algorithms::GreedyTransactionalLod::WorkLedger&)","ParallelRoam::Algorithms::GreedyTransactionalLod::QualityEvaluation::VisibleBounds(ParallelRoam::Algorithms::GreedyTransactionalLod::Configuration const&, std::array<ParallelRoam::Algorithms::GreedyTransactionalLod::QualityEvaluation::Interval, 4ul> const&)",4008016,0.023277467411545624
"ParallelRoam::Algorithms::GreedyTransactionalLod::TransactionalSamples::Prepare(ParallelRoam::Algorithms::GreedyTransactionalLod::TransactionalState const&, ParallelRoam::Algorithms::GreedyTransactionalLod::PreparedTopology const&, ParallelRoam::Algorithms::GreedyTransactionalLod::WorkLedger&)","std::pair<std::_Rb_tree_iterator<long>, bool> std::_Rb_tree<long, long, std::_Identity<long>, std::less<long>, std::allocator<long> >::_M_insert_unique<long const&>(long const&)",4008016,0.023277467411545624
"void boost::multiprecision::number<boost::multiprecision::backends::rational_adaptor<boost::multiprecision::backends::cpp_int_backend<0ul, 0ul, (boost::multiprecision::cpp_integer_type)1, (boost::multiprecision::cpp_int_check_type)0, std::allocator<unsigned long long> > >, (boost::multiprecision::expression_template_option)1>::do_assign<boost::multiprecision::detail::expression<boost::multiprecision::detail::minus, boost::multiprecision::detail::expression<boost::multiprecision::detail::multiply_immediates, boost::multiprecision::number<boost::multiprecision::backends::rational_adaptor<boost::multiprecision::backends::cpp_int_backend<0ul, 0ul, (boost::multiprecision::cpp_integer_type)1, (boost::multiprecision::cpp_int_check_type)0, std::allocator<unsigned long long> > >, (boost::multiprecision::expression_template_option)1>, boost::multiprecision::number<boost::multiprecision::backends::rational_adaptor<boost::multiprecision::backends::cpp_int_backend<0ul, 0ul, (boost::multiprecision::cpp_integer_type)1, (boost::multiprecision::cpp_int_check_type)0, std::allocator<unsigned long long> > >, (boost::multiprecision::expression_template_option)1>, void, void>, boost::multiprecision::detail::expression<boost::multiprecision::detail::multiply_immediates, boost::multiprecision::number<boost::multiprecision::backends::rational_adaptor<boost::multiprecision::backends::cpp_int_backend<0ul, 0ul, (boost::multiprecision::cpp_integer_type)1, (boost::multiprecision::cpp_int_check_type)0, std::allocator<unsigned long long> > >, (boost::multiprecision::expression_template_option)1>, boost::multiprecision::number<boost::multiprecision::backends::rational_adaptor<boost::multiprecision::backends::cpp_int_backend<0ul, 0ul, (boost::multiprecision::cpp_integer_type)1, (boost::multiprecision::cpp_int_check_type)0, std::allocator<unsigned long long> > >, (boost::multiprecision::expression_template_option)1>, void, void>, void, void> >(boost::multiprecision::detail::expression<boost::multiprecision::detail::minus, boost::multiprecision::detail::expression<boost::multiprecision::detail::multiply_immediates, boost::multiprecision::number<boost::multiprecision::backends::rational_adaptor<boost::multiprecision::backends::cpp_int_backend<0ul, 0ul, (boost::multiprecision::cpp_integer_type)1, (boost::multiprecision::cpp_int_check_type)0, std::allocator<unsigned long long> > >, (boost::multiprecision::expression_template_option)1>, boost::multiprecision::number<boost::multiprecision::backends::rational_adaptor<boost::multiprecision::backends::cpp_int_backend<0ul, 0ul, (boost::multiprecision::cpp_integer_type)1, (boost::multiprecision::cpp_int_check_type)0, std::allocator<unsigned long long> > >, (boost::multiprecision::expression_template_option)1>, void, void>, boost::multiprecision::detail::expression<boost::multiprecision::detail::multiply_immediates, boost::multiprecision::number<boost::multiprecision::backends::rational_adaptor<boost::multiprecision::backends::cpp_int_backend<0ul, 0ul, (boost::multiprecision::cpp_integer_type)1, (boost::multiprecision::cpp_int_check_type)0, std::allocator<unsigned long long> > >, (boost::multiprecision::expression_template_option)1>, boost::multiprecision::number<boost::multiprecision::backends::rational_adaptor<boost::multiprecision::backends::cpp_int_backend<0ul, 0ul, (boost::multiprecision::cpp_integer_type)1, (boost::multiprecision::cpp_int_check_type)0, std::allocator<unsigned long long> > >, (boost::multiprecision::expression_template_option)1>, void, void>, void, void> const&, boost::multiprecision::detail::minus const&) [clone .isra.0]","void boost::multiprecision::backends::eval_add_subtract_imp<boost::multiprecision::backends::cpp_int_backend<0ul, 0ul, (boost::multiprecision::cpp_integer_type)1, (boost::multiprecision::cpp_int_check_type)0, std::allocator<unsigned long long> > >(boost::multiprecision::backends::rational_adaptor<boost::multiprecision::backends::cpp_int_backend<0ul, 0ul, (boost::multiprecision::cpp_integer_type)1, (boost::multiprecision::cpp_int_check_type)0, std::allocator<unsigned long long> > >&, boost::multiprecision::backends::rational_adaptor<boost::multiprecision::backends::cpp_int_backend<0ul, 0ul, (boost::multiprecision::cpp_integer_type)1, (boost::multiprecision::cpp_int_check_type)0, std::allocator<unsigned long long> > > const&, boost::multiprecision::backends::rational_adaptor<boost::multiprecision::backends::cpp_int_backend<0ul, 0ul, (boost::multiprecision::cpp_integer_type)1, (boost::multiprecision::cpp_int_check_type)0, std::allocator<unsigned long long> > > const&, bool)",4008016,0.023277467411545624
"ParallelRoam::Algorithms::GreedyTransactionalLod::TransactionalQualityFaceEvidence::ExactHeight(std::array<boost::multiprecision::number<boost::multiprecision::backends::rational_adaptor<boost::multiprecision::backends::cpp_int_backend<0ul, 0ul, (boost::multiprecision::cpp_integer_type)1, (boost::multiprecision::cpp_int_check_type)0, std::allocator<unsigned long long> > >, (boost::multiprecision::expression_template_option)1>, 2ul> const&)","boost::multiprecision::backends::cpp_int_backend<0ul, 0ul, (boost::multiprecision::cpp_integer_type)1, (boost::multiprecision::cpp_int_check_type)0, std::allocator<unsigned long long> >::~cpp_int_backend()",4008016,0.023277467411545624
"ParallelRoam::Algorithms::GreedyTransactionalLod::TransactionalPriorityIndex<std::pair<double, long> >::PrepareRepair(std::map<unsigned int, std::optional<std::pair<double, long> >, std::less<unsigned int>, std::allocator<std::pair<unsigned int const, std::optional<std::pair<double, long> > > > >, unsigned long, ParallelRoam::Algorithms::GreedyTransactionalLod::WorkLedger&)","void std::__introsort_loop<__gnu_cxx::__normal_iterator<std::pair<double, long>*, std::vector<std::pair<double, long>, std::allocator<std::pair<double, long> > > >, long, __gnu_cxx::__ops::_Iter_comp_iter<ParallelRoam::Algorithms::GreedyTransactionalLod::TransactionalPriorityIndex<std::pair<double, long> >::Sort(std::vector<std::pair<double, long>, std::allocator<std::pair<double, long> > >&, ParallelRoam::Algorithms::GreedyTransactionalLod::WorkLedger&)::{lambda(std::pair<double, long> const&, std::pair<double, long> const&)#1}> >(__gnu_cxx::__normal_iterator<std::pair<double, long>*, std::vector<std::pair<double, long>, std::allocator<std::pair<double, long> > > >, __gnu_cxx::__normal_iterator<std::pair<double, long>*, std::vector<std::pair<double, long>, std::allocator<std::pair<double, long> > > >, long, __gnu_cxx::__ops::_Iter_comp_iter<ParallelRoam::Algorithms::GreedyTransactionalLod::TransactionalPriorityIndex<std::pair<double, long> >::Sort(std::vector<std::pair<double, long>, std::allocator<std::pair<double, long> > >&, ParallelRoam::Algorithms::GreedyTransactionalLod::WorkLedger&)::{lambda(std::pair<double, long> const&, std::pair<double, long> const&)#1}>)",4008016,0.023277467411545624
"void std::__introsort_loop<__gnu_cxx::__normal_iterator<std::pair<double, long>*, std::vector<std::pair<double, long>, std::allocator<std::pair<double, long> > > >, long, __gnu_cxx::__ops::_Iter_comp_iter<ParallelRoam::Algorithms::GreedyTransactionalLod::TransactionalPriorityIndex<std::pair<double, long> >::Sort(std::vector<std::pair<double, long>, std::allocator<std::pair<double, long> > >&, ParallelRoam::Algorithms::GreedyTransactionalLod::WorkLedger&)::{lambda(std::pair<double, long> const&, std::pair<double, long> const&)#1}> >(__gnu_cxx::__normal_iterator<std::pair<double, long>*, std::vector<std::pair<double, long>, std::allocator<std::pair<double, long> > > >, __gnu_cxx::__normal_iterator<std::pair<double, long>*, std::vector<std::pair<double, long>, std::allocator<std::pair<double, long> > > >, long, __gnu_cxx::__ops::_Iter_comp_iter<ParallelRoam::Algorithms::GreedyTransactionalLod::TransactionalPriorityIndex<std::pair<double, long> >::Sort(std::vector<std::pair<double, long>, std::allocator<std::pair<double, long> > >&, ParallelRoam::Algorithms::GreedyTransactionalLod::WorkLedger&)::{lambda(std::pair<double, long> const&, std::pair<double, long> const&)#1}>)","void std::__introsort_loop<__gnu_cxx::__normal_iterator<std::pair<double, long>*, std::vector<std::pair<double, long>, std::allocator<std::pair<double, long> > > >, long, __gnu_cxx::__ops::_Iter_comp_iter<ParallelRoam::Algorithms::GreedyTransactionalLod::TransactionalPriorityIndex<std::pair<double, long> >::Sort(std::vector<std::pair<double, long>, std::allocator<std::pair<double, long> > >&, ParallelRoam::Algorithms::GreedyTransactionalLod::WorkLedger&)::{lambda(std::pair<double, long> const&, std::pair<double, long> const&)#1}> >(__gnu_cxx::__normal_iterator<std::pair<double, long>*, std::vector<std::pair<double, long>, std::allocator<std::pair<double, long> > > >, __gnu_cxx::__normal_iterator<std::pair<double, long>*, std::vector<std::pair<double, long>, std::allocator<std::pair<double, long> > > >, long, __gnu_cxx::__ops::_Iter_comp_iter<ParallelRoam::Algorithms::GreedyTransactionalLod::TransactionalPriorityIndex<std::pair<double, long> >::Sort(std::vector<std::pair<double, long>, std::allocator<std::pair<double, long> > >&, ParallelRoam::Algorithms::GreedyTransactionalLod::WorkLedger&)::{lambda(std::pair<double, long> const&, std::pair<double, long> const&)#1}>)",4008016,0.023277467411545624
"ParallelRoam::Algorithms::GreedyTransactionalLod::QualityEvaluation::AddBounds(boost::multiprecision::number<boost::multiprecision::backends::rational_adaptor<boost::multiprecision::backends::cpp_int_backend<0ul, 0ul, (boost::multiprecision::cpp_integer_type)1, (boost::multiprecision::cpp_int_check_type)0, std::allocator<unsigned long long> > >, (boost::multiprecision::expression_template_option)1> const&, boost::multiprecision::number<boost::multiprecision::backends::rational_adaptor<boost::multiprecision::backends::cpp_int_backend<0ul, 0ul, (boost::multiprecision::cpp_integer_type)1, (boost::multiprecision::cpp_int_check_type)0, std::allocator<unsigned long long> > >, (boost::multiprecision::expression_template_option)1> const&, boost::multiprecision::number<boost::multiprecision::backends::cpp_int_backend<0ul, 0ul, (boost::multiprecision::cpp_integer_type)1, (boost::multiprecision::cpp_int_check_type)0, std::allocator<unsigned long long> >, (boost::multiprecision::expression_template_option)1>&, boost::multiprecision::number<boost::multiprecision::backends::cpp_int_backend<0ul, 0ul, (boost::multiprecision::cpp_integer_type)1, (boost::multiprecision::cpp_int_check_type)0, std::allocator<unsigned long long> >, (boost::multiprecision::expression_template_option)1>&)::{lambda(boost::multiprecision::number<boost::multiprecision::backends::rational_adaptor<boost::multiprecision::backends::cpp_int_backend<0ul, 0ul, (boost::multiprecision::cpp_integer_type)1, (boost::multiprecision::cpp_int_check_type)0, std::allocator<unsigned long long> > >, (boost::multiprecision::expression_template_option)1> const&)#1}::operator()(boost::multiprecision::number<boost::multiprecision::backends::rational_adaptor<boost::multiprecision::backends::cpp_int_backend<0ul, 0ul, (boost::multiprecision::cpp_integer_type)1, (boost::multiprecision::cpp_int_check_type)0, std::allocator<unsigned long long> > >, (boost::multiprecision::expression_template_option)1> const&) const [clone .isra.0]","void boost::multiprecision::backends::divide_unsigned_helper<boost::multiprecision::backends::cpp_int_backend<0ul, 0ul, (boost::multiprecision::cpp_integer_type)1, (boost::multiprecision::cpp_int_check_type)0, std::allocator<unsigned long long> >, boost::multiprecision::backends::cpp_int_backend<0ul, 0ul, (boost::multiprecision::cpp_integer_type)1, (boost::multiprecision::cpp_int_check_type)0, std::allocator<unsigned long long> >, boost::multiprecision::backends::cpp_int_backend<0ul, 0ul, (boost::multiprecision::cpp_integer_type)1, (boost::multiprecision::cpp_int_check_type)0, std::allocator<unsigned long long> > >(boost::multiprecision::backends::cpp_int_backend<0ul, 0ul, (boost::multiprecision::cpp_integer_type)1, (boost::multiprecision::cpp_int_check_type)0, std::allocator<unsigned long long> >*, boost::multiprecision::backends::cpp_int_backend<0ul, 0ul, (boost::multiprecision::cpp_integer_type)1, (boost::multiprecision::cpp_int_check_type)0, std::allocator<unsigned long long> > const&, boost::multiprecision::backends::cpp_int_backend<0ul, 0ul, (boost::multiprecision::cpp_integer_type)1, (boost::multiprecision::cpp_int_check_type)0, std::allocator<unsigned long long> > const&, boost::multiprecision::backends::cpp_int_backend<0ul, 0ul, (boost::multiprecision::cpp_integer_type)1, (boost::multiprecision::cpp_int_check_type)0, std::allocator<unsigned long long> >&)",4008016,0.023277467411545624
"std::enable_if<!boost::multiprecision::backends::is_trivial_cpp_int<boost::multiprecision::backends::cpp_int_backend<0ul, 0ul, (boost::multiprecision::cpp_integer_type)1, (boost::multiprecision::cpp_int_check_type)0, std::allocator<unsigned long long> > >::value, void>::type boost::multiprecision::backends::eval_gcd<0ul, 0ul, (boost::multiprecision::cpp_integer_type)1, (boost::multiprecision::cpp_int_check_type)0, std::allocator<unsigned long long> >(boost::multiprecision::backends::cpp_int_backend<0ul, 0ul, (boost::multiprecision::cpp_integer_type)1, (boost::multiprecision::cpp_int_check_type)0, std::allocator<unsigned long long> >&, boost::multiprecision::backends::cpp_int_backend<0ul, 0ul, (boost::multiprecision::cpp_integer_type)1, (boost::multiprecision::cpp_int_check_type)0, std::allocator<unsigned long long> > const&, boost::multiprecision::backends::cpp_int_backend<0ul, 0ul, (boost::multiprecision::cpp_integer_type)1, (boost::multiprecision::cpp_int_check_type)0, std::allocator<unsigned long long> > const&)",malloc,4008016,0.023277467411545624
"void boost::multiprecision::number<boost::multiprecision::backends::rational_adaptor<boost::multiprecision::backends::cpp_int_backend<0ul, 0ul, (boost::multiprecision::cpp_integer_type)1, (boost::multiprecision::cpp_int_check_type)0, std::allocator<unsigned long long> > >, (boost::multiprecision::expression_template_option)1>::do_assign<boost::multiprecision::detail::expression<boost::multiprecision::detail::multiplies, boost::multiprecision::detail::expression<boost::multiprecision::detail::subtract_immediates, boost::multiprecision::number<boost::multiprecision::backends::rational_adaptor<boost::multiprecision::backends::cpp_int_backend<0ul, 0ul, (boost::multiprecision::cpp_integer_type)1, (boost::multiprecision::cpp_int_check_type)0, std::allocator<unsigned long long> > >, (boost::multiprecision::expression_template_option)1>, boost::multiprecision::number<boost::multiprecision::backends::rational_adaptor<boost::multiprecision::backends::cpp_int_backend<0ul, 0ul, (boost::multiprecision::cpp_integer_type)1, (boost::multiprecision::cpp_int_check_type)0, std::allocator<unsigned long long> > >, (boost::multiprecision::expression_template_option)1>, void, void>, boost::multiprecision::detail::expression<boost::multiprecision::detail::subtract_immediates, boost::multiprecision::number<boost::multiprecision::backends::rational_adaptor<boost::multiprecision::backends::cpp_int_backend<0ul, 0ul, (boost::multiprecision::cpp_integer_type)1, (boost::multiprecision::cpp_int_check_type)0, std::allocator<unsigned long long> > >, (boost::multiprecision::expression_template_option)1>, boost::multiprecision::number<boost::multiprecision::backends::rational_adaptor<boost::multiprecision::backends::cpp_int_backend<0ul, 0ul, (boost::multiprecision::cpp_integer_type)1, (boost::multiprecision::cpp_int_check_type)0, std::allocator<unsigned long long> > >, (boost::multiprecision::expression_template_option)1>, void, void>, void, void> >(boost::multiprecision::detail::expression<boost::multiprecision::detail::multiplies, boost::multiprecision::detail::expression<boost::multiprecision::detail::subtract_immediates, boost::multiprecision::number<boost::multiprecision::backends::rational_adaptor<boost::multiprecision::backends::cpp_int_backend<0ul, 0ul, (boost::multiprecision::cpp_integer_type)1, (boost::multiprecision::cpp_int_check_type)0, std::allocator<unsigned long long> > >, (boost::multiprecision::expression_template_option)1>, boost::multiprecision::number<boost::multiprecision::backends::rational_adaptor<boost::multiprecision::backends::cpp_int_backend<0ul, 0ul, (boost::multiprecision::cpp_integer_type)1, (boost::multiprecision::cpp_int_check_type)0, std::allocator<unsigned long long> > >, (boost::multiprecision::expression_template_option)1>, void, void>, boost::multiprecision::detail::expression<boost::multiprecision::detail::subtract_immediates, boost::multiprecision::number<boost::multiprecision::backends::rational_adaptor<boost::multiprecision::backends::cpp_int_backend<0ul, 0ul, (boost::multiprecision::cpp_integer_type)1, (boost::multiprecision::cpp_int_check_type)0, std::allocator<unsigned long long> > >, (boost::multiprecision::expression_template_option)1>, boost::multiprecision::number<boost::multiprecision::backends::rational_adaptor<boost::multiprecision::backends::cpp_int_backend<0ul, 0ul, (boost::multiprecision::cpp_integer_type)1, (boost::multiprecision::cpp_int_check_type)0, std::allocator<unsigned long long> > >, (boost::multiprecision::expression_template_option)1>, void, void>, void, void> const&, boost::multiprecision::detail::multiplies const&) [clone .isra.0]","std::enable_if<!boost::multiprecision::backends::is_trivial_cpp_int<boost::multiprecision::backends::cpp_int_backend<0ul, 0ul, (boost::multiprecision::cpp_integer_type)1, (boost::multiprecision::cpp_int_check_type)0, std::allocator<unsigned long long> > >::value, void>::type boost::multiprecision::backends::eval_gcd<0ul, 0ul, (boost::multiprecision::cpp_integer_type)1, (boost::multiprecision::cpp_int_check_type)0, std::allocator<unsigned long long> >(boost::multiprecision::backends::cpp_int_backend<0ul, 0ul, (boost::multiprecision::cpp_integer_type)1, (boost::multiprecision::cpp_int_check_type)0, std::allocator<unsigned long long> >&, boost::multiprecision::backends::cpp_int_backend<0ul, 0ul, (boost::multiprecision::cpp_integer_type)1, (boost::multiprecision::cpp_int_check_type)0, std::allocator<unsigned long long> > const&, boost::multiprecision::backends::cpp_int_backend<0ul, 0ul, (boost::multiprecision::cpp_integer_type)1, (boost::multiprecision::cpp_int_check_type)0, std::allocator<unsigned long long> > const&)",4008016,0.023277467411545624
"void boost::multiprecision::backends::divide_unsigned_helper<boost::multiprecision::backends::cpp_int_backend<0ul, 0ul, (boost::multiprecision::cpp_integer_type)1, (boost::multiprecision::cpp_int_check_type)0, std::allocator<unsigned long long> >, boost::multiprecision::backends::cpp_int_backend<0ul, 0ul, (boost::multiprecision::cpp_integer_type)1, (boost::multiprecision::cpp_int_check_type)0, std::allocator<unsigned long long> >, boost::multiprecision::backends::cpp_int_backend<0ul, 0ul, (boost::multiprecision::cpp_integer_type)1, (boost::multiprecision::cpp_int_check_type)0, std::allocator<unsigned long long> > >(boost::multiprecision::backends::cpp_int_backend<0ul, 0ul, (boost::multiprecision::cpp_integer_type)1, (boost::multiprecision::cpp_int_check_type)0, std::allocator<unsigned long long> >*, boost::multiprecision::backends::cpp_int_backend<0ul, 0ul, (boost::multiprecision::cpp_integer_type)1, (boost::multiprecision::cpp_int_check_type)0, std::allocator<unsigned long long> > const&, boost::multiprecision::backends::cpp_int_backend<0ul, 0ul, (boost::multiprecision::cpp_integer_type)1, (boost::multiprecision::cpp_int_check_type)0, std::allocator<unsigned long long> > const&, boost::multiprecision::backends::cpp_int_backend<0ul, 0ul, (boost::multiprecision::cpp_integer_type)1, (boost::multiprecision::cpp_int_check_type)0, std::allocator<unsigned long long> >&)",malloc,4008016,0.023277467411545624
"ParallelRoam::Algorithms::GreedyTransactionalLod::TransactionalSamples::Prepare(ParallelRoam::Algorithms::GreedyTransactionalLod::TransactionalState const&, ParallelRoam::Algorithms::GreedyTransactionalLod::PreparedTopology const&, ParallelRoam::Algorithms::GreedyTransactionalLod::WorkLedger&)","ParallelRoam::Algorithms::GreedyTransactionalLod::TransactionalSamples::Project(ParallelRoam::Algorithms::GreedyTransactionalLod::Configuration const&, unsigned int, ParallelRoam::Algorithms::GreedyTransactionalLod::SampleValue, ParallelRoam::Algorithms::GreedyTransactionalLod::WorkLedger&) const",4008016,0.023277467411545624
"std::array<boost::multiprecision::number<boost::multiprecision::backends::rational_adaptor<boost::multiprecision::backends::cpp_int_backend<0ul, 0ul, (boost::multiprecision::cpp_integer_type)1, (boost::multiprecision::cpp_int_check_type)0, std::allocator<unsigned long long> > >, (boost::multiprecision::expression_template_option)1>, 3ul> ParallelRoam::Algorithms::GreedyTransactionalLod::QualityEvaluation::Reference<boost::multiprecision::number<boost::multiprecision::backends::rational_adaptor<boost::multiprecision::backends::cpp_int_backend<0ul, 0ul, (boost::multiprecision::cpp_integer_type)1, (boost::multiprecision::cpp_int_check_type)0, std::allocator<unsigned long long> > >, (boost::multiprecision::expression_template_option)1> >(ParallelRoam::Algorithms::GreedyTransactionalLod::TransactionalState const&, ParallelRoam::Algorithms::GreedyTransactionalLod::TransactionalSamples const&, unsigned int)","boost::multiprecision::backends::rational_adaptor<boost::multiprecision::backends::cpp_int_backend<0ul, 0ul, (boost::multiprecision::cpp_integer_type)1, (boost::multiprecision::cpp_int_check_type)0, std::allocator<unsigned long long> > >::rational_adaptor()",4008016,0.023277467411545624
"std::enable_if<!boost::multiprecision::backends::is_trivial_cpp_int<boost::multiprecision::backends::cpp_int_backend<0ul, 0ul, (boost::multiprecision::cpp_integer_type)1, (boost::multiprecision::cpp_int_check_type)0, std::allocator<unsigned long long> > >::value, void>::type boost::multiprecision::backends::eval_gcd<0ul, 0ul, (boost::multiprecision::cpp_integer_type)1, (boost::multiprecision::cpp_int_check_type)0, std::allocator<unsigned long long> >(boost::multiprecision::backends::cpp_int_backend<0ul, 0ul, (boost::multiprecision::cpp_integer_type)1, (boost::multiprecision::cpp_int_check_type)0, std::allocator<unsigned long long> >&, boost::multiprecision::backends::cpp_int_backend<0ul, 0ul, (boost::multiprecision::cpp_integer_type)1, (boost::multiprecision::cpp_int_check_type)0, std::allocator<unsigned long long> > const&, boost::multiprecision::backends::cpp_int_backend<0ul, 0ul, (boost::multiprecision::cpp_integer_type)1, (boost::multiprecision::cpp_int_check_type)0, std::allocator<unsigned long long> > const&)","std::enable_if<!boost::multiprecision::backends::is_trivial_cpp_int<boost::multiprecision::backends::cpp_int_backend<0ul, 0ul, (boost::multiprecision::cpp_integer_type)1, (boost::multiprecision::cpp_int_check_type)0, std::allocator<unsigned long long> > >::value, void>::type boost::multiprecision::backends::eval_left_shift<0ul, 0ul, (boost::multiprecision::cpp_integer_type)1, (boost::multiprecision::cpp_int_check_type)0, std::allocator<unsigned long long> >(boost::multiprecision::backends::cpp_int_backend<0ul, 0ul, (boost::multiprecision::cpp_integer_type)1, (boost::multiprecision::cpp_int_check_type)0, std::allocator<unsigned long long> >&, unsigned __int128) [clone .part.0]",4008016,0.023277467411545624
"ParallelRoam::Algorithms::GreedyTransactionalLod::TransactionalPointwiseQuality::Certify[abi:cxx11](ParallelRoam::Algorithms::GreedyTransactionalLod::TransactionalState const&, ParallelRoam::Algorithms::GreedyTransactionalLod::TransactionalSamples const&, ParallelRoam::Algorithms::GreedyTransactionalLod::Proposal&, bool, ParallelRoam::Algorithms::GreedyTransactionalLod::WorkLedger&)",ParallelRoam::Algorithms::GreedyTransactionalLod::TransactionalQualitySampleEvidence::ExactCoordinate(),4008016,0.023277467411545624
"ParallelRoam::Algorithms::GreedyTransactionalLod::TransactionalPredicates::Shape(ParallelRoam::Algorithms::GreedyTransactionalLod::Point const&, ParallelRoam::Algorithms::GreedyTransactionalLod::Point const&, ParallelRoam::Algorithms::GreedyTransactionalLod::Point const&)","boost::multiprecision::backends::rational_adaptor<boost::multiprecision::backends::cpp_int_backend<0ul, 0ul, (boost::multiprecision::cpp_integer_type)1, (boost::multiprecision::cpp_int_check_type)0, std::allocator<unsigned long long> > >::compare(boost::multiprecision::backends::rational_adaptor<boost::multiprecision::backends::cpp_int_backend<0ul, 0ul, (boost::multiprecision::cpp_integer_type)1, (boost::multiprecision::cpp_int_check_type)0, std::allocator<unsigned long long> > > const&) const",4008016,0.023277467411545624
"ParallelRoam::Algorithms::GreedyTransactionalLod::TransactionalQualityFaceEvidence::ExactHeight(std::array<boost::multiprecision::number<boost::multiprecision::backends::rational_adaptor<boost::multiprecision::backends::cpp_int_backend<0ul, 0ul, (boost::multiprecision::cpp_integer_type)1, (boost::multiprecision::cpp_int_check_type)0, std::allocator<unsigned long long> > >, (boost::multiprecision::expression_template_option)1>, 2ul> const&)",ParallelRoam::Algorithms::GreedyTransactionalLod::TransactionalQualityFaceEvidence::Exact(),4008016,0.023277467411545624
"ParallelRoam::Algorithms::GreedyTransactionalLod::TransactionalPointwiseQuality::Certify[abi:cxx11](ParallelRoam::Algorithms::GreedyTransactionalLod::TransactionalState const&, ParallelRoam::Algorithms::GreedyTransactionalLod::TransactionalSamples const&, ParallelRoam::Algorithms::GreedyTransactionalLod::Proposal&, bool, ParallelRoam::Algorithms::GreedyTransactionalLod::WorkLedger&)","void boost::multiprecision::backends::add_unsigned<boost::multiprecision::backends::cpp_int_backend<0ul, 0ul, (boost::multiprecision::cpp_integer_type)1, (boost::multiprecision::cpp_int_check_type)0, std::allocator<unsigned long long> >, boost::multiprecision::backends::cpp_int_backend<0ul, 0ul, (boost::multiprecision::cpp_integer_type)1, (boost::multiprecision::cpp_int_check_type)0, std::allocator<unsigned long long> >, boost::multiprecision::backends::cpp_int_backend<0ul, 0ul, (boost::multiprecision::cpp_integer_type)1, (boost::multiprecision::cpp_int_check_type)0, std::allocator<unsigned long long> > >(boost::multiprecision::backends::cpp_int_backend<0ul, 0ul, (boost::multiprecision::cpp_integer_type)1, (boost::multiprecision::cpp_int_check_type)0, std::allocator<unsigned long long> >&, boost::multiprecision::backends::cpp_int_backend<0ul, 0ul, (boost::multiprecision::cpp_integer_type)1, (boost::multiprecision::cpp_int_check_type)0, std::allocator<unsigned long long> > const&, boost::multiprecision::backends::cpp_int_backend<0ul, 0ul, (boost::multiprecision::cpp_integer_type)1, (boost::multiprecision::cpp_int_check_type)0, std::allocator<unsigned long long> > const&)",4008016,0.023277467411545624
"std::enable_if<((!boost::multiprecision::backends::is_trivial_cpp_int<boost::multiprecision::backends::cpp_int_backend<0ul, 0ul, (boost::multiprecision::cpp_integer_type)1, (boost::multiprecision::cpp_int_check_type)0, std::allocator<unsigned long long> > >::value)&&(!boost::multiprecision::backends::is_trivial_cpp_int<boost::multiprecision::backends::cpp_int_backend<0ul, 0ul, (boost::multiprecision::cpp_integer_type)1, (boost::multiprecision::cpp_int_check_type)0, std::allocator<unsigned long long> > >::value))&&(!boost::multiprecision::backends::is_trivial_cpp_int<boost::multiprecision::backends::cpp_int_backend<0ul, 0ul, (boost::multiprecision::cpp_integer_type)1, (boost::multiprecision::cpp_int_check_type)0, std::allocator<unsigned long long> > >::value), void>::type boost::multiprecision::backends::eval_multiply<0ul, 0ul, (boost::multiprecision::cpp_integer_type)1, (boost::multiprecision::cpp_int_check_type)0, std::allocator<unsigned long long>, 0ul, 0ul, (boost::multiprecision::cpp_integer_type)1, (boost::multiprecision::cpp_int_check_type)0, std::allocator<unsigned long long>, 0ul, 0ul, (boost::multiprecision::cpp_integer_type)1, (boost::multiprecision::cpp_int_check_type)0, std::allocator<unsigned long long> >(boost::multiprecision::backends::cpp_int_backend<0ul, 0ul, (boost::multiprecision::cpp_integer_type)1, (boost::multiprecision::cpp_int_check_type)0, std::allocator<unsigned long long> >&, boost::multiprecision::backends::cpp_int_backend<0ul, 0ul, (boost::multiprecision::cpp_integer_type)1, (boost::multiprecision::cpp_int_check_type)0, std::allocator<unsigned long long> > const&, boost::multiprecision::backends::cpp_int_backend<0ul, 0ul, (boost::multiprecision::cpp_integer_type)1, (boost::multiprecision::cpp_int_check_type)0, std::allocator<unsigned long long> > const&)",malloc,4008016,0.023277467411545624
"ParallelRoam::Algorithms::GreedyTransactionalLod::TransactionalSamples::StrictlyInside(unsigned int, ParallelRoam::Algorithms::GreedyTransactionalLod::Point const&, ParallelRoam::Algorithms::GreedyTransactionalLod::Point const&, ParallelRoam::Algorithms::GreedyTransactionalLod::Point const&) const","void boost::multiprecision::backends::eval_add_subtract_imp<boost::multiprecision::backends::cpp_int_backend<0ul, 0ul, (boost::multiprecision::cpp_integer_type)1, (boost::multiprecision::cpp_int_check_type)0, std::allocator<unsigned long long> > >(boost::multiprecision::backends::rational_adaptor<boost::multiprecision::backends::cpp_int_backend<0ul, 0ul, (boost::multiprecision::cpp_integer_type)1, (boost::multiprecision::cpp_int_check_type)0, std::allocator<unsigned long long> > >&, boost::multiprecision::backends::rational_adaptor<boost::multiprecision::backends::cpp_int_backend<0ul, 0ul, (boost::multiprecision::cpp_integer_type)1, (boost::multiprecision::cpp_int_check_type)0, std::allocator<unsigned long long> > > const&, boost::multiprecision::backends::rational_adaptor<boost::multiprecision::backends::cpp_int_backend<0ul, 0ul, (boost::multiprecision::cpp_integer_type)1, (boost::multiprecision::cpp_int_check_type)0, std::allocator<unsigned long long> > > const&, bool)",4008016,0.023277467411545624
"std::array<boost::multiprecision::number<boost::multiprecision::backends::rational_adaptor<boost::multiprecision::backends::cpp_int_backend<0ul, 0ul, (boost::multiprecision::cpp_integer_type)1, (boost::multiprecision::cpp_int_check_type)0, std::allocator<unsigned long long> > >, (boost::multiprecision::expression_template_option)1>, 3ul> ParallelRoam::Algorithms::GreedyTransactionalLod::QualityEvaluation::Reference<boost::multiprecision::number<boost::multiprecision::backends::rational_adaptor<boost::multiprecision::backends::cpp_int_backend<0ul, 0ul, (boost::multiprecision::cpp_integer_type)1, (boost::multiprecision::cpp_int_check_type)0, std::allocator<unsigned long long> > >, (boost::multiprecision::expression_template_option)1> >(ParallelRoam::Algorithms::GreedyTransactionalLod::TransactionalState const&, ParallelRoam::Algorithms::GreedyTransactionalLod::TransactionalSamples const&, unsigned int)","void boost::multiprecision::backends::divide_unsigned_helper<boost::multiprecision::backends::cpp_int_backend<0ul, 0ul, (boost::multiprecision::cpp_integer_type)1, (boost::multiprecision::cpp_int_check_type)0, std::allocator<unsigned long long> >, boost::multiprecision::backends::cpp_int_backend<0ul, 0ul, (boost::multiprecision::cpp_integer_type)1, (boost::multiprecision::cpp_int_check_type)0, std::allocator<unsigned long long> > >(boost::multiprecision::backends::cpp_int_backend<0ul, 0ul, (boost::multiprecision::cpp_integer_type)1, (boost::multiprecision::cpp_int_check_type)0, std::allocator<unsigned long long> >*, boost::multiprecision::backends::cpp_int_backend<0ul, 0ul, (boost::multiprecision::cpp_integer_type)1, (boost::multiprecision::cpp_int_check_type)0, std::allocator<unsigned long long> > const&, unsigned long long, boost::multiprecision::backends::cpp_int_backend<0ul, 0ul, (boost::multiprecision::cpp_integer_type)1, (boost::multiprecision::cpp_int_check_type)0, std::allocator<unsigned long long> >&)",4008016,0.023277467411545624
"void boost::multiprecision::backends::eval_gcd_lehmer<0ul, 0ul, (boost::multiprecision::cpp_integer_type)1, (boost::multiprecision::cpp_int_check_type)0, std::allocator<unsigned long long>, boost::multiprecision::backends::cpp_int_base<0ul, 18446744073709551615ul, (boost::multiprecision::cpp_integer_type)1, (boost::multiprecision::cpp_int_check_type)0, std::allocator<unsigned long long>, false>::scoped_shared_storage>(boost::multiprecision::backends::cpp_int_backend<0ul, 0ul, (boost::multiprecision::cpp_integer_type)1, (boost::multiprecision::cpp_int_check_type)0, std::allocator<unsigned long long> >&, boost::multiprecision::backends::cpp_int_backend<0ul, 0ul, (boost::multiprecision::cpp_integer_type)1, (boost::multiprecision::cpp_int_check_type)0, std::allocator<unsigned long long> >&, unsigned long, boost::multiprecision::backends::cpp_int_base<0ul, 18446744073709551615ul, (boost::multiprecision::cpp_integer_type)1, (boost::multiprecision::cpp_int_check_type)0, std::allocator<unsigned long long>, false>::scoped_shared_storage&)",__udivmodti4,4008016,0.023277467411545624
"std::enable_if<std::is_floating_point<long double>::value, boost::multiprecision::backends::rational_adaptor<boost::multiprecision::backends::cpp_int_backend<0ul, 0ul, (boost::multiprecision::cpp_integer_type)1, (boost::multiprecision::cpp_int_check_type)0, std::allocator<unsigned long long> > >&>::type boost::multiprecision::backends::rational_adaptor<boost::multiprecision::backends::cpp_int_backend<0ul, 0ul, (boost::multiprecision::cpp_integer_type)1, (boost::multiprecision::cpp_int_check_type)0, std::allocator<unsigned long long> > >::operator=<long double>(long double) [clone .isra.0]",ldexpl@plt,4008016,0.023277467411545624
ParallelRoam::Algorithms::GreedyTransactionalLod::TransactionalQualitySampleEvidence::ExactReference(),"boost::multiprecision::backends::rational_adaptor<boost::multiprecision::backends::cpp_int_backend<0ul, 0ul, (boost::multiprecision::cpp_integer_type)1, (boost::multiprecision::cpp_int_check_type)0, std::allocator<unsigned long long> > >::rational_adaptor<unsigned long long>(unsigned long long const&, std::enable_if<std::is_constructible<boost::multiprecision::backends::cpp_int_backend<0ul, 0ul, (boost::multiprecision::cpp_integer_type)1, (boost::multiprecision::cpp_int_check_type)0, std::allocator<unsigned long long> >, unsigned long long>::value&&(!std::is_floating_point<unsigned long long>::value), void>::type const*)",4008016,0.023277467411545624
"std::optional<boost::multiprecision::number<boost::multiprecision::backends::rational_adaptor<boost::multiprecision::backends::cpp_int_backend<0ul, 0ul, (boost::multiprecision::cpp_integer_type)1, (boost::multiprecision::cpp_int_check_type)0, std::allocator<unsigned long long> > >, (boost::multiprecision::expression_template_option)1> > ParallelRoam::Algorithms::GreedyTransactionalLod::QualityEvaluation::ScreenPrepared<boost::multiprecision::number<boost::multiprecision::backends::rational_adaptor<boost::multiprecision::backends::cpp_int_backend<0ul, 0ul, (boost::multiprecision::cpp_integer_type)1, (boost::multiprecision::cpp_int_check_type)0, std::allocator<unsigned long long> > >, (boost::multiprecision::expression_template_option)1> >(ParallelRoam::Algorithms::GreedyTransactionalLod::Configuration const&, std::array<boost::multiprecision::number<boost::multiprecision::backends::rational_adaptor<boost::multiprecision::backends::cpp_int_backend<0ul, 0ul, (boost::multiprecision::cpp_integer_type)1, (boost::multiprecision::cpp_int_check_type)0, std::allocator<unsigned long long> > >, (boost::multiprecision::expression_template_option)1>, 3ul> const&, std::array<boost::multiprecision::number<boost::multiprecision::backends::rational_adaptor<boost::multiprecision::backends::cpp_int_backend<0ul, 0ul, (boost::multiprecision::cpp_integer_type)1, (boost::multiprecision::cpp_int_check_type)0, std::allocator<unsigned long long> > >, (boost::multiprecision::expression_template_option)1>, 4ul> const&, boost::multiprecision::number<boost::multiprecision::backends::rational_adaptor<boost::multiprecision::backends::cpp_int_backend<0ul, 0ul, (boost::multiprecision::cpp_integer_type)1, (boost::multiprecision::cpp_int_check_type)0, std::allocator<unsigned long long> > >, (boost::multiprecision::expression_template_option)1> const&)","boost::multiprecision::backends::rational_adaptor<boost::multiprecision::backends::cpp_int_backend<0ul, 0ul, (boost::multiprecision::cpp_integer_type)1, (boost::multiprecision::cpp_int_check_type)0, std::allocator<unsigned long long> > >::compare(boost::multiprecision::backends::rational_adaptor<boost::multiprecision::backends::cpp_int_backend<0ul, 0ul, (boost::multiprecision::cpp_integer_type)1, (boost::multiprecision::cpp_int_check_type)0, std::allocator<unsigned long long> > > const&) const",4008016,0.023277467411545624
"ParallelRoam::Algorithms::GreedyTransactionalLod::TransactionalReservation::Plan(ParallelRoam::Algorithms::GreedyTransactionalLod::TransactionalState const&, ParallelRoam::Algorithms::GreedyTransactionalLod::TransactionalSamples const&, ParallelRoam::Algorithms::GreedyTransactionalLod::WorkLedger&, ParallelRoam::Algorithms::GreedyTransactionalLod::TransactionalExecution const&)",std::_Rb_tree_increment(std::_Rb_tree_node_base*),4008016,0.023277467411545624
ParallelRoam::Algorithms::GreedyTransactionalLod::TransactionalQualityFaceEvidence::Exact(),__memmove_avx512_unaligned_erms,4008016,0.023277467411545624
"ParallelRoam::Algorithms::GreedyTransactionalLod::TransactionalPointwiseQuality::Certify[abi:cxx11](ParallelRoam::Algorithms::GreedyTransactionalLod::TransactionalState const&, ParallelRoam::Algorithms::GreedyTransactionalLod::TransactionalSamples const&, ParallelRoam::Algorithms::GreedyTransactionalLod::Proposal&, bool, ParallelRoam::Algorithms::GreedyTransactionalLod::WorkLedger&)",operator new(unsigned long),4008016,0.023277467411545624
"ParallelRoam::Algorithms::GreedyTransactionalLod::TransactionalExecution::RunIndependent(std::__cxx11::basic_string<char, std::char_traits<char>, std::allocator<char> > const&, unsigned long, ParallelRoam::Algorithms::GreedyTransactionalLod::WorkLedger&, std::function<void (unsigned long, unsigned long, ParallelRoam::Algorithms::GreedyTransactionalLod::WorkLedger&)> const&) const","ParallelRoam::Algorithms::GreedyTransactionalLod::TransactionalExecution::Run(std::__cxx11::basic_string<char, std::char_traits<char>, std::allocator<char> > const&, unsigned long, ParallelRoam::Algorithms::GreedyTransactionalLod::WorkLedger&, std::function<void (unsigned long, unsigned long, ParallelRoam::Algorithms::GreedyTransactionalLod::WorkLedger&)> const&) const",4008016,0.023277467411545624
"ParallelRoam::Algorithms::GreedyTransactionalLod::TransactionalReservation::Plan(ParallelRoam::Algorithms::GreedyTransactionalLod::TransactionalState const&, ParallelRoam::Algorithms::GreedyTransactionalLod::TransactionalSamples const&, ParallelRoam::Algorithms::GreedyTransactionalLod::WorkLedger&, ParallelRoam::Algorithms::GreedyTransactionalLod::TransactionalExecution const&)","ParallelRoam::Algorithms::GreedyTransactionalLod::TransactionalExecution::RunIndependent(std::__cxx11::basic_string<char, std::char_traits<char>, std::allocator<char> > const&, unsigned long, ParallelRoam::Algorithms::GreedyTransactionalLod::WorkLedger&, std::function<void (unsigned long, unsigned long, ParallelRoam::Algorithms::GreedyTransactionalLod::WorkLedger&)> const&) const",4008016,0.023277467411545624
"ParallelRoam::Algorithms::GreedyTransactionalLod::TransactionalExecution::Run(std::__cxx11::basic_string<char, std::char_traits<char>, std::allocator<char> > const&, unsigned long, ParallelRoam::Algorithms::GreedyTransactionalLod::WorkLedger&, std::function<void (unsigned long, unsigned long, ParallelRoam::Algorithms::GreedyTransactionalLod::WorkLedger&)> const&) const",operator new(unsigned long),4008016,0.023277467411545624
"ParallelRoam::Algorithms::GreedyTransactionalLod::QualityEvaluation::AddBounds(boost::multiprecision::number<boost::multiprecision::backends::rational_adaptor<boost::multiprecision::backends::cpp_int_backend<0ul, 0ul, (boost::multiprecision::cpp_integer_type)1, (boost::multiprecision::cpp_int_check_type)0, std::allocator<unsigned long long> > >, (boost::multiprecision::expression_template_option)1> const&, boost::multiprecision::number<boost::multiprecision::backends::rational_adaptor<boost::multiprecision::backends::cpp_int_backend<0ul, 0ul, (boost::multiprecision::cpp_integer_type)1, (boost::multiprecision::cpp_int_check_type)0, std::allocator<unsigned long long> > >, (boost::multiprecision::expression_template_option)1> const&, boost::multiprecision::number<boost::multiprecision::backends::cpp_int_backend<0ul, 0ul, (boost::multiprecision::cpp_integer_type)1, (boost::multiprecision::cpp_int_check_type)0, std::allocator<unsigned long long> >, (boost::multiprecision::expression_template_option)1>&, boost::multiprecision::number<boost::multiprecision::backends::cpp_int_backend<0ul, 0ul, (boost::multiprecision::cpp_integer_type)1, (boost::multiprecision::cpp_int_check_type)0, std::allocator<unsigned long long> >, (boost::multiprecision::expression_template_option)1>&)",__memmove_chk_avx512_unaligned_erms,4008016,0.023277467411545624
"ParallelRoam::Algorithms::GreedyTransactionalLod::TransactionalQualityFaceEvidence::ExactHeight(std::array<boost::multiprecision::number<boost::multiprecision::backends::rational_adaptor<boost::multiprecision::backends::cpp_int_backend<0ul, 0ul, (boost::multiprecision::cpp_integer_type)1, (boost::multiprecision::cpp_int_check_type)0, std::allocator<unsigned long long> > >, (boost::multiprecision::expression_template_option)1>, 2ul> const&)","boost::multiprecision::backends::rational_adaptor<boost::multiprecision::backends::cpp_int_backend<0ul, 0ul, (boost::multiprecision::cpp_integer_type)1, (boost::multiprecision::cpp_int_check_type)0, std::allocator<unsigned long long> > >::rational_adaptor()",4008016,0.023277467411545624
"ParallelRoam::Algorithms::GreedyTransactionalLod::TransactionalPointwiseQuality::Certify[abi:cxx11](ParallelRoam::Algorithms::GreedyTransactionalLod::TransactionalState const&, ParallelRoam::Algorithms::GreedyTransactionalLod::TransactionalSamples const&, ParallelRoam::Algorithms::GreedyTransactionalLod::Proposal&, bool, ParallelRoam::Algorithms::GreedyTransactionalLod::WorkLedger&)","std::enable_if<!boost::multiprecision::backends::is_trivial_cpp_int<boost::multiprecision::backends::cpp_int_backend<0ul, 0ul, (boost::multiprecision::cpp_integer_type)1, (boost::multiprecision::cpp_int_check_type)0, std::allocator<unsigned long long> > >::value, void>::type boost::multiprecision::backends::eval_gcd<0ul, 0ul, (boost::multiprecision::cpp_integer_type)1, (boost::multiprecision::cpp_int_check_type)0, std::allocator<unsigned long long> >(boost::multiprecision::backends::cpp_int_backend<0ul, 0ul, (boost::multiprecision::cpp_integer_type)1, (boost::multiprecision::cpp_int_check_type)0, std::allocator<unsigned long long> >&, boost::multiprecision::backends::cpp_int_backend<0ul, 0ul, (boost::multiprecision::cpp_integer_type)1, (boost::multiprecision::cpp_int_check_type)0, std::allocator<unsigned long long> > const&, boost::multiprecision::backends::cpp_int_backend<0ul, 0ul, (boost::multiprecision::cpp_integer_type)1, (boost::multiprecision::cpp_int_check_type)0, std::allocator<unsigned long long> > const&)",4008016,0.023277467411545624
"std::_Function_handler<void (unsigned long), ParallelRoam::Algorithms::GreedyTransactionalLod::TransactionalExecution::Run(std::__cxx11::basic_string<char, std::char_traits<char>, std::allocator<char> > const&, unsigned long, ParallelRoam::Algorithms::GreedyTransactionalLod::WorkLedger&, std::function<void (unsigned long, unsigned long, ParallelRoam::Algorithms::GreedyTransactionalLod::WorkLedger&)> const&) const::{lambda(unsigned long)#1}>::_M_invoke(std::_Any_data const&, unsigned long&&)",ParallelRoam::Algorithms::GreedyTransactionalLod::WorkLedger::CheckLimit() const,4008016,0.023277467411545624
ParallelRoam::Algorithms::GreedyTransactionalLod::WorkLedger::CheckLimit() const,std::chrono::_V2::steady_clock::now(),4008016,0.023277467411545624
"std::enable_if<std::is_floating_point<long double>::value, boost::multiprecision::backends::rational_adaptor<boost::multiprecision::backends::cpp_int_backend<0ul, 0ul, (boost::multiprecision::cpp_integer_type)1, (boost::multiprecision::cpp_int_check_type)0, std::allocator<unsigned long long> > >&>::type boost::multiprecision::backends::rational_adaptor<boost::multiprecision::backends::cpp_int_backend<0ul, 0ul, (boost::multiprecision::cpp_integer_type)1, (boost::multiprecision::cpp_int_check_type)0, std::allocator<unsigned long long> > >::operator=<long double>(long double) [clone .isra.0]",__udivti3@plt,4008016,0.023277467411545624
"void boost::multiprecision::backends::eval_gcd_lehmer<0ul, 0ul, (boost::multiprecision::cpp_integer_type)1, (boost::multiprecision::cpp_int_check_type)0, std::allocator<unsigned long long>, boost::multiprecision::backends::cpp_int_base<0ul, 18446744073709551615ul, (boost::multiprecision::cpp_integer_type)1, (boost::multiprecision::cpp_int_check_type)0, std::allocator<unsigned long long>, false>::scoped_shared_storage>(boost::multiprecision::backends::cpp_int_backend<0ul, 0ul, (boost::multiprecision::cpp_integer_type)1, (boost::multiprecision::cpp_int_check_type)0, std::allocator<unsigned long long> >&, boost::multiprecision::backends::cpp_int_backend<0ul, 0ul, (boost::multiprecision::cpp_integer_type)1, (boost::multiprecision::cpp_int_check_type)0, std::allocator<unsigned long long> >&, unsigned long, boost::multiprecision::backends::cpp_int_base<0ul, 18446744073709551615ul, (boost::multiprecision::cpp_integer_type)1, (boost::multiprecision::cpp_int_check_type)0, std::allocator<unsigned long long>, false>::scoped_shared_storage&)",__udivti3,4008016,0.023277467411545624
"ParallelRoam::Algorithms::GreedyTransactionalLod::TransactionalPointwiseQuality::Certify[abi:cxx11](ParallelRoam::Algorithms::GreedyTransactionalLod::TransactionalState const&, ParallelRoam::Algorithms::GreedyTransactionalLod::TransactionalSamples const&, ParallelRoam::Algorithms::GreedyTransactionalLod::Proposal&, bool, ParallelRoam::Algorithms::GreedyTransactionalLod::WorkLedger&)","std::vector<ParallelRoam::Algorithms::GreedyTransactionalLod::TransactionalQualityFaceEvidence, std::allocator<ParallelRoam::Algorithms::GreedyTransactionalLod::TransactionalQualityFaceEvidence> >::~vector()",4008016,0.023277467411545624
"ParallelRoam::Algorithms::GreedyTransactionalLod::PreparedTopology::Geometry(ParallelRoam::Algorithms::GreedyTransactionalLod::TransactionalState const&, long) const",ParallelRoam::Algorithms::GreedyTransactionalLod::TransactionalState::Vertex(long) const,4008016,0.023277467411545624
"ParallelRoam::Algorithms::GreedyTransactionalLod::TransactionalSamples::Prepare(ParallelRoam::Algorithms::GreedyTransactionalLod::TransactionalState const&, ParallelRoam::Algorithms::GreedyTransactionalLod::PreparedTopology const&, ParallelRoam::Algorithms::GreedyTransactionalLod::WorkLedger&)","ParallelRoam::Algorithms::GreedyTransactionalLod::PreparedTopology::Geometry(ParallelRoam::Algorithms::GreedyTransactionalLod::TransactionalState const&, long) const",4008016,0.023277467411545624
"ParallelRoam::Algorithms::GreedyTransactionalLod::TransactionalSourceHeightReceiver::Prepare[abi:cxx11](ParallelRoam::Algorithms::GreedyTransactionalLod::TransactionalState const&, ParallelRoam::Algorithms::GreedyTransactionalLod::TransactionalSamples const&, ParallelRoam::Algorithms::GreedyTransactionalLod::Proposal&, ParallelRoam::Algorithms::GreedyTransactionalLod::WorkLedger&)","std::_Rb_tree<long, long, std::_Identity<long>, std::less<long>, std::allocator<long> >::_M_erase(std::_Rb_tree_node<long>*) [clone .isra.0]",4008016,0.023277467411545624
"void boost::multiprecision::backends::divide_unsigned_helper<boost::multiprecision::backends::cpp_int_backend<0ul, 0ul, (boost::multiprecision::cpp_integer_type)1, (boost::multiprecision::cpp_int_check_type)0, std::allocator<unsigned long long> >, boost::multiprecision::backends::cpp_int_backend<0ul, 0ul, (boost::multiprecision::cpp_integer_type)1, (boost::multiprecision::cpp_int_check_type)0, std::allocator<unsigned long long> >, boost::multiprecision::backends::cpp_int_backend<0ul, 0ul, (boost::multiprecision::cpp_integer_type)1, (boost::multiprecision::cpp_int_check_type)0, std::allocator<unsigned long long> > >(boost::multiprecision::backends::cpp_int_backend<0ul, 0ul, (boost::multiprecision::cpp_integer_type)1, (boost::multiprecision::cpp_int_check_type)0, std::allocator<unsigned long long> >*, boost::multiprecision::backends::cpp_int_backend<0ul, 0ul, (boost::multiprecision::cpp_integer_type)1, (boost::multiprecision::cpp_int_check_type)0, std::allocator<unsigned long long> > const&, boost::multiprecision::backends::cpp_int_backend<0ul, 0ul, (boost::multiprecision::cpp_integer_type)1, (boost::multiprecision::cpp_int_check_type)0, std::allocator<unsigned long long> > const&, boost::multiprecision::backends::cpp_int_backend<0ul, 0ul, (boost::multiprecision::cpp_integer_type)1, (boost::multiprecision::cpp_int_check_type)0, std::allocator<unsigned long long> >&)",__umodti3,4008016,0.023277467411545624
"void boost::multiprecision::backends::eval_add_subtract_imp<boost::multiprecision::backends::cpp_int_backend<0ul, 0ul, (boost::multiprecision::cpp_integer_type)1, (boost::multiprecision::cpp_int_check_type)0, std::allocator<unsigned long long> > >(boost::multiprecision::backends::rational_adaptor<boost::multiprecision::backends::cpp_int_backend<0ul, 0ul, (boost::multiprecision::cpp_integer_type)1, (boost::multiprecision::cpp_int_check_type)0, std::allocator<unsigned long long> > >&, boost::multiprecision::backends::rational_adaptor<boost::multiprecision::backends::cpp_int_backend<0ul, 0ul, (boost::multiprecision::cpp_integer_type)1, (boost::multiprecision::cpp_int_check_type)0, std::allocator<unsigned long long> > > const&, boost::multiprecision::backends::rational_adaptor<boost::multiprecision::backends::cpp_int_backend<0ul, 0ul, (boost::multiprecision::cpp_integer_type)1, (boost::multiprecision::cpp_int_check_type)0, std::allocator<unsigned long long> > > const&, bool)",__umodti3,4008016,0.023277467411545624
"std::enable_if<std::is_floating_point<long double>::value, boost::multiprecision::backends::rational_adaptor<boost::multiprecision::backends::cpp_int_backend<0ul, 0ul, (boost::multiprecision::cpp_integer_type)1, (boost::multiprecision::cpp_int_check_type)0, std::allocator<unsigned long long> > >&>::type boost::multiprecision::backends::rational_adaptor<boost::multiprecision::backends::cpp_int_backend<0ul, 0ul, (boost::multiprecision::cpp_integer_type)1, (boost::multiprecision::cpp_int_check_type)0, std::allocator<unsigned long long> > >::operator=<long double>(long double) [clone .isra.0]",frexpl@plt,4008016,0.023277467411545624
"void boost::multiprecision::backends::eval_multiply_imp<boost::multiprecision::backends::cpp_int_backend<0ul, 0ul, (boost::multiprecision::cpp_integer_type)1, (boost::multiprecision::cpp_int_check_type)0, std::allocator<unsigned long long> > >(boost::multiprecision::backends::rational_adaptor<boost::multiprecision::backends::cpp_int_backend<0ul, 0ul, (boost::multiprecision::cpp_integer_type)1, (boost::multiprecision::cpp_int_check_type)0, std::allocator<unsigned long long> > >&, boost::multiprecision::backends::rational_adaptor<boost::multiprecision::backends::cpp_int_backend<0ul, 0ul, (boost::multiprecision::cpp_integer_type)1, (boost::multiprecision::cpp_int_check_type)0, std::allocator<unsigned long long> > > const&, boost::multiprecision::backends::cpp_int_backend<0ul, 0ul, (boost::multiprecision::cpp_integer_type)1, (boost::multiprecision::cpp_int_check_type)0, std::allocator<unsigned long long> > const&, boost::multiprecision::backends::cpp_int_backend<0ul, 0ul, (boost::multiprecision::cpp_integer_type)1, (boost::multiprecision::cpp_int_check_type)0, std::allocator<unsigned long long> > const&)","boost::multiprecision::backends::cpp_int_base<0ul, 18446744073709551615ul, (boost::multiprecision::cpp_integer_type)1, (boost::multiprecision::cpp_int_check_type)0, std::allocator<unsigned long long>, false>::resize(unsigned long, unsigned long) [clone .constprop.0]",4008016,0.023277467411545624
"std::optional<boost::multiprecision::number<boost::multiprecision::backends::rational_adaptor<boost::multiprecision::backends::cpp_int_backend<0ul, 0ul, (boost::multiprecision::cpp_integer_type)1, (boost::multiprecision::cpp_int_check_type)0, std::allocator<unsigned long long> > >, (boost::multiprecision::expression_template_option)1> > ParallelRoam::Algorithms::GreedyTransactionalLod::QualityEvaluation::ScreenPrepared<boost::multiprecision::number<boost::multiprecision::backends::rational_adaptor<boost::multiprecision::backends::cpp_int_backend<0ul, 0ul, (boost::multiprecision::cpp_integer_type)1, (boost::multiprecision::cpp_int_check_type)0, std::allocator<unsigned long long> > >, (boost::multiprecision::expression_template_option)1> >(ParallelRoam::Algorithms::GreedyTransactionalLod::Configuration const&, std::array<boost::multiprecision::number<boost::multiprecision::backends::rational_adaptor<boost::multiprecision::backends::cpp_int_backend<0ul, 0ul, (boost::multiprecision::cpp_integer_type)1, (boost::multiprecision::cpp_int_check_type)0, std::allocator<unsigned long long> > >, (boost::multiprecision::expression_template_option)1>, 3ul> const&, std::array<boost::multiprecision::number<boost::multiprecision::backends::rational_adaptor<boost::multiprecision::backends::cpp_int_backend<0ul, 0ul, (boost::multiprecision::cpp_integer_type)1, (boost::multiprecision::cpp_int_check_type)0, std::allocator<unsigned long long> > >, (boost::multiprecision::expression_template_option)1>, 4ul> const&, boost::multiprecision::number<boost::multiprecision::backends::rational_adaptor<boost::multiprecision::backends::cpp_int_backend<0ul, 0ul, (boost::multiprecision::cpp_integer_type)1, (boost::multiprecision::cpp_int_check_type)0, std::allocator<unsigned long long> > >, (boost::multiprecision::expression_template_option)1> const&)","boost::multiprecision::backends::cpp_int_base<0ul, 18446744073709551615ul, (boost::multiprecision::cpp_integer_type)1, (boost::multiprecision::cpp_int_check_type)0, std::allocator<unsigned long long>, false>::cpp_int_base(boost::multiprecision::backends::cpp_int_base<0ul, 18446744073709551615ul, (boost::multiprecision::cpp_integer_type)1, (boost::multiprecision::cpp_int_check_type)0, std::allocator<unsigned long long>, false>&&)",4008016,0.023277467411545624
"std::_Function_handler<void (unsigned long, unsigned long, ParallelRoam::Algorithms::GreedyTransactionalLod::WorkLedger&), ParallelRoam::Algorithms::GreedyTransactionalLod::TransactionalExecution::RunIndependent(std::__cxx11::basic_string<char, std::char_traits<char>, std::allocator<char> > const&, unsigned long, ParallelRoam::Algorithms::GreedyTransactionalLod::WorkLedger&, std::function<void (unsigned long, unsigned long, ParallelRoam::Algorithms::GreedyTransactionalLod::WorkLedger&)> const&) const::{lambda(unsigned long, unsigned long, ParallelRoam::Algorithms::GreedyTransactionalLod::WorkLedger&)#1}>::_M_invoke(std::_Any_data const&, unsigned long&&, unsigned long&&, ParallelRoam::Algorithms::GreedyTransactionalLod::WorkLedger&)",cfree@GLIBC_2.2.5,4008016,0.023277467411545624
"ParallelRoam::Algorithms::GreedyTransactionalLod::TransactionalPointwiseQuality::Certify[abi:cxx11](ParallelRoam::Algorithms::GreedyTransactionalLod::TransactionalState const&, ParallelRoam::Algorithms::GreedyTransactionalLod::TransactionalSamples const&, ParallelRoam::Algorithms::GreedyTransactionalLod::Proposal&, bool, ParallelRoam::Algorithms::GreedyTransactionalLod::WorkLedger&)","ParallelRoam::Algorithms::GreedyTransactionalLod::TransactionalQualityFaceEvidence::HeightBounds(std::array<ParallelRoam::Algorithms::GreedyTransactionalLod::QualityEvaluation::Interval, 2ul> const&)",4008016,0.023277467411545624
ParallelRoam::Algorithms::GreedyTransactionalLod::TransactionalQualitySampleEvidence::ExactReference(),ParallelRoam::Algorithms::GreedyTransactionalLod::TransactionalSamples::Decode(unsigned int) const,4008016,0.023277467411545624
"ParallelRoam::Algorithms::GreedyTransactionalLod::TransactionalPipeline::Apply(ParallelRoam::Algorithms::GreedyTransactionalLod::CertifiedBatch const&, ParallelRoam::Algorithms::GreedyTransactionalLod::WorkLedger&)","std::_Rb_tree_insert_and_rebalance(bool, std::_Rb_tree_node_base*, std::_Rb_tree_node_base*, std::_Rb_tree_node_base&)",4008016,0.023277467411545624
"ParallelRoam::Algorithms::GreedyTransactionalLod::TransactionalPipeline::Apply(ParallelRoam::Algorithms::GreedyTransactionalLod::CertifiedBatch const&, ParallelRoam::Algorithms::GreedyTransactionalLod::WorkLedger&)","std::_Rb_tree<long, long, std::_Identity<long>, std::less<long>, std::allocator<long> >::_M_erase(std::_Rb_tree_node<long>*) [clone .isra.0]",4008016,0.023277467411545624
"ParallelRoam::Algorithms::GreedyTransactionalLod::TransactionalPredicates::Shape(ParallelRoam::Algorithms::GreedyTransactionalLod::Point const&, ParallelRoam::Algorithms::GreedyTransactionalLod::Point const&, ParallelRoam::Algorithms::GreedyTransactionalLod::Point const&)","boost::multiprecision::backends::rational_adaptor<boost::multiprecision::backends::cpp_int_backend<0ul, 0ul, (boost::multiprecision::cpp_integer_type)1, (boost::multiprecision::cpp_int_check_type)0, std::allocator<unsigned long long> > >::rational_adaptor()",4008016,0.023277467411545624
"auto ParallelRoam::Algorithms::GreedyTransactionalLod::TransactionalReservation::Plan(ParallelRoam::Algorithms::GreedyTransactionalLod::TransactionalState const&, ParallelRoam::Algorithms::GreedyTransactionalLod::TransactionalSamples const&, ParallelRoam::Algorithms::GreedyTransactionalLod::WorkLedger&, ParallelRoam::Algorithms::GreedyTransactionalLod::TransactionalExecution const&)::{lambda(auto:1, auto:2, ParallelRoam::Algorithms::GreedyTransactionalLod::WorkLedger&)#1}::operator()<unsigned long, unsigned long>(unsigned long, unsigned long, ParallelRoam::Algorithms::GreedyTransactionalLod::WorkLedger&) const","std::enable_if<((!boost::multiprecision::backends::is_trivial_cpp_int<boost::multiprecision::backends::cpp_int_backend<0ul, 0ul, (boost::multiprecision::cpp_integer_type)1, (boost::multiprecision::cpp_int_check_type)0, std::allocator<unsigned long long> > >::value)&&(!boost::multiprecision::backends::is_trivial_cpp_int<boost::multiprecision::backends::cpp_int_backend<0ul, 0ul, (boost::multiprecision::cpp_integer_type)1, (boost::multiprecision::cpp_int_check_type)0, std::allocator<unsigned long long> > >::value))&&(!boost::multiprecision::backends::is_trivial_cpp_int<boost::multiprecision::backends::cpp_int_backend<0ul, 0ul, (boost::multiprecision::cpp_integer_type)1, (boost::multiprecision::cpp_int_check_type)0, std::allocator<unsigned long long> > >::value), void>::type boost::multiprecision::backends::eval_multiply<0ul, 0ul, (boost::multiprecision::cpp_integer_type)1, (boost::multiprecision::cpp_int_check_type)0, std::allocator<unsigned long long>, 0ul, 0ul, (boost::multiprecision::cpp_integer_type)1, (boost::multiprecision::cpp_int_check_type)0, std::allocator<unsigned long long>, 0ul, 0ul, (boost::multiprecision::cpp_integer_type)1, (boost::multiprecision::cpp_int_check_type)0, std::allocator<unsigned long long> >(boost::multiprecision::backends::cpp_int_backend<0ul, 0ul, (boost::multiprecision::cpp_integer_type)1, (boost::multiprecision::cpp_int_check_type)0, std::allocator<unsigned long long> >&, boost::multiprecision::backends::cpp_int_backend<0ul, 0ul, (boost::multiprecision::cpp_integer_type)1, (boost::multiprecision::cpp_int_check_type)0, std::allocator<unsigned long long> > const&, boost::multiprecision::backends::cpp_int_backend<0ul, 0ul, (boost::multiprecision::cpp_integer_type)1, (boost::multiprecision::cpp_int_check_type)0, std::allocator<unsigned long long> > const&)",4008016,0.023277467411545624
"ParallelRoam::Algorithms::GreedyTransactionalLod::TransactionalQualitySampleEvidence::Cover(std::vector<ParallelRoam::Algorithms::GreedyTransactionalLod::TransactionalQualityFaceEvidence, std::allocator<ParallelRoam::Algorithms::GreedyTransactionalLod::TransactionalQualityFaceEvidence> >&)","std::array<boost::multiprecision::number<boost::multiprecision::backends::rational_adaptor<boost::multiprecision::backends::cpp_int_backend<0ul, 0ul, (boost::multiprecision::cpp_integer_type)1, (boost::multiprecision::cpp_int_check_type)0, std::allocator<unsigned long long> > >, (boost::multiprecision::expression_template_option)1>, 2ul> ParallelRoam::Algorithms::GreedyTransactionalLod::QualityEvaluation::Coordinate<boost::multiprecision::number<boost::multiprecision::backends::rational_adaptor<boost::multiprecision::backends::cpp_int_backend<0ul, 0ul, (boost::multiprecision::cpp_integer_type)1, (boost::multiprecision::cpp_int_check_type)0, std::allocator<unsigned long long> > >, (boost::multiprecision::expression_template_option)1> >(std::array<boost::multiprecision::number<boost::multiprecision::backends::rational_adaptor<boost::multiprecision::backends::cpp_int_backend<0ul, 0ul, (boost::multiprecision::cpp_integer_type)1, (boost::multiprecision::cpp_int_check_type)0, std::allocator<unsigned long long> > >, (boost::multiprecision::expression_template_option)1>, 3ul> const&, ParallelRoam::Algorithms::GreedyTransactionalLod::Configuration const&, bool)",4008016,0.023277467411545624
"ParallelRoam::Algorithms::GreedyTransactionalLod::TransactionalQualitySampleEvidence::Cover(std::vector<ParallelRoam::Algorithms::GreedyTransactionalLod::TransactionalQualityFaceEvidence, std::allocator<ParallelRoam::Algorithms::GreedyTransactionalLod::TransactionalQualityFaceEvidence> >&)","ParallelRoam::Algorithms::GreedyTransactionalLod::QualityEvaluation::operator*(ParallelRoam::Algorithms::GreedyTransactionalLod::QualityEvaluation::Interval, ParallelRoam::Algorithms::GreedyTransactionalLod::QualityEvaluation::Interval)",4008016,0.023277467411545624
"std::array<boost::multiprecision::number<boost::multiprecision::backends::rational_adaptor<boost::multiprecision::backends::cpp_int_backend<0ul, 0ul, (boost::multiprecision::cpp_integer_type)1, (boost::multiprecision::cpp_int_check_type)0, std::allocator<unsigned long long> > >, (boost::multiprecision::expression_template_option)1>, 3ul> ParallelRoam::Algorithms::GreedyTransactionalLod::QualityEvaluation::Reference<boost::multiprecision::number<boost::multiprecision::backends::rational_adaptor<boost::multiprecision::backends::cpp_int_backend<0ul, 0ul, (boost::multiprecision::cpp_integer_type)1, (boost::multiprecision::cpp_int_check_type)0, std::allocator<unsigned long long> > >, (boost::multiprecision::expression_template_option)1> >(ParallelRoam::Algorithms::GreedyTransactionalLod::TransactionalState const&, ParallelRoam::Algorithms::GreedyTransactionalLod::TransactionalSamples const&, unsigned int)","void boost::multiprecision::backends::subtract_unsigned<boost::multiprecision::backends::cpp_int_backend<0ul, 0ul, (boost::multiprecision::cpp_integer_type)1, (boost::multiprecision::cpp_int_check_type)0, std::allocator<unsigned long long> >, boost::multiprecision::backends::cpp_int_backend<0ul, 0ul, (boost::multiprecision::cpp_integer_type)1, (boost::multiprecision::cpp_int_check_type)0, std::allocator<unsigned long long> >, boost::multiprecision::backends::cpp_int_backend<0ul, 0ul, (boost::multiprecision::cpp_integer_type)1, (boost::multiprecision::cpp_int_check_type)0, std::allocator<unsigned long long> > >(boost::multiprecision::backends::cpp_int_backend<0ul, 0ul, (boost::multiprecision::cpp_integer_type)1, (boost::multiprecision::cpp_int_check_type)0, std::allocator<unsigned long long> >&, boost::multiprecision::backends::cpp_int_backend<0ul, 0ul, (boost::multiprecision::cpp_integer_type)1, (boost::multiprecision::cpp_int_check_type)0, std::allocator<unsigned long long> > const&, boost::multiprecision::backends::cpp_int_backend<0ul, 0ul, (boost::multiprecision::cpp_integer_type)1, (boost::multiprecision::cpp_int_check_type)0, std::allocator<unsigned long long> > const&)",4008016,0.023277467411545624
"std::array<boost::multiprecision::number<boost::multiprecision::backends::rational_adaptor<boost::multiprecision::backends::cpp_int_backend<0ul, 0ul, (boost::multiprecision::cpp_integer_type)1, (boost::multiprecision::cpp_int_check_type)0, std::allocator<unsigned long long> > >, (boost::multiprecision::expression_template_option)1>, 3ul> ParallelRoam::Algorithms::GreedyTransactionalLod::QualityEvaluation::Reference<boost::multiprecision::number<boost::multiprecision::backends::rational_adaptor<boost::multiprecision::backends::cpp_int_backend<0ul, 0ul, (boost::multiprecision::cpp_integer_type)1, (boost::multiprecision::cpp_int_check_type)0, std::allocator<unsigned long long> > >, (boost::multiprecision::expression_template_option)1> >(ParallelRoam::Algorithms::GreedyTransactionalLod::TransactionalState const&, ParallelRoam::Algorithms::GreedyTransactionalLod::TransactionalSamples const&, unsigned int)","boost::multiprecision::backends::cpp_int_base<0ul, 18446744073709551615ul, (boost::multiprecision::cpp_integer_type)1, (boost::multiprecision::cpp_int_check_type)0, std::allocator<unsigned long long>, false>::resize(unsigned long, unsigned long) [clone .isra.0]",4008016,0.023277467411545624
"ParallelRoam::Algorithms::GreedyTransactionalLod::TransactionalSamples::Weights(unsigned int, ParallelRoam::Algorithms::GreedyTransactionalLod::Point const&, ParallelRoam::Algorithms::GreedyTransactionalLod::Point const&, ParallelRoam::Algorithms::GreedyTransactionalLod::Point const&, std::array<double, 3ul>&) const","std::enable_if<((!boost::multiprecision::backends::is_trivial_cpp_int<boost::multiprecision::backends::cpp_int_backend<0ul, 0ul, (boost::multiprecision::cpp_integer_type)1, (boost::multiprecision::cpp_int_check_type)0, std::allocator<unsigned long long> > >::value)&&(!boost::multiprecision::backends::is_trivial_cpp_int<boost::multiprecision::backends::cpp_int_backend<0ul, 0ul, (boost::multiprecision::cpp_integer_type)1, (boost::multiprecision::cpp_int_check_type)0, std::allocator<unsigned long long> > >::value))&&(!boost::multiprecision::backends::is_trivial_cpp_int<boost::multiprecision::backends::cpp_int_backend<0ul, 0ul, (boost::multiprecision::cpp_integer_type)1, (boost::multiprecision::cpp_int_check_type)0, std::allocator<unsigned long long> > >::value), void>::type boost::multiprecision::backends::eval_multiply<0ul, 0ul, (boost::multiprecision::cpp_integer_type)1, (boost::multiprecision::cpp_int_check_type)0, std::allocator<unsigned long long>, 0ul, 0ul, (boost::multiprecision::cpp_integer_type)1, (boost::multiprecision::cpp_int_check_type)0, std::allocator<unsigned long long>, 0ul, 0ul, (boost::multiprecision::cpp_integer_type)1, (boost::multiprecision::cpp_int_check_type)0, std::allocator<unsigned long long> >(boost::multiprecision::backends::cpp_int_backend<0ul, 0ul, (boost::multiprecision::cpp_integer_type)1, (boost::multiprecision::cpp_int_check_type)0, std::allocator<unsigned long long> >&, boost::multiprecision::backends::cpp_int_backend<0ul, 0ul, (boost::multiprecision::cpp_integer_type)1, (boost::multiprecision::cpp_int_check_type)0, std::allocator<unsigned long long> > const&, boost::multiprecision::backends::cpp_int_backend<0ul, 0ul, (boost::multiprecision::cpp_integer_type)1, (boost::multiprecision::cpp_int_check_type)0, std::allocator<unsigned long long> > const&)",4008016,0.023277467411545624
"ParallelRoam::Algorithms::GreedyTransactionalLod::TransactionalSamples::VisibleSupport(std::vector<unsigned int, std::allocator<unsigned int> > const&) const",operator new(unsigned long),4008016,0.023277467411545624
"ParallelRoam::Algorithms::GreedyTransactionalLod::TransactionalPredicates::Orientation(ParallelRoam::Algorithms::GreedyTransactionalLod::Point const&, ParallelRoam::Algorithms::GreedyTransactionalLod::Point const&, ParallelRoam::Algorithms::GreedyTransactionalLod::Point const&)","void boost::multiprecision::backends::eval_add_subtract_imp<boost::multiprecision::backends::cpp_int_backend<0ul, 0ul, (boost::multiprecision::cpp_integer_type)1, (boost::multiprecision::cpp_int_check_type)0, std::allocator<unsigned long long> > >(boost::multiprecision::backends::rational_adaptor<boost::multiprecision::backends::cpp_int_backend<0ul, 0ul, (boost::multiprecision::cpp_integer_type)1, (boost::multiprecision::cpp_int_check_type)0, std::allocator<unsigned long long> > >&, boost::multiprecision::backends::rational_adaptor<boost::multiprecision::backends::cpp_int_backend<0ul, 0ul, (boost::multiprecision::cpp_integer_type)1, (boost::multiprecision::cpp_int_check_type)0, std::allocator<unsigned long long> > > const&, boost::multiprecision::backends::rational_adaptor<boost::multiprecision::backends::cpp_int_backend<0ul, 0ul, (boost::multiprecision::cpp_integer_type)1, (boost::multiprecision::cpp_int_check_type)0, std::allocator<unsigned long long> > > const&, bool)",4008016,0.023277467411545624
"ParallelRoam::Algorithms::GreedyTransactionalLod::TransactionalPointwiseQuality::Certify[abi:cxx11](ParallelRoam::Algorithms::GreedyTransactionalLod::TransactionalState const&, ParallelRoam::Algorithms::GreedyTransactionalLod::TransactionalSamples const&, ParallelRoam::Algorithms::GreedyTransactionalLod::Proposal&, bool, ParallelRoam::Algorithms::GreedyTransactionalLod::WorkLedger&)",std::chrono::_V2::steady_clock::now(),4008016,0.023277467411545624
"std::_Rb_tree<long, long, std::_Identity<long>, std::less<long>, std::allocator<long> >::_M_erase(std::_Rb_tree_node<long>*) [clone .isra.0]",_int_free_chunk,4008016,0.023277467411545624
_int_free_merge_chunk,unlink_chunk.isra.0,4008016,0.023277467411545624
"void boost::multiprecision::backends::cpp_int_backend<0ul, 0ul, (boost::multiprecision::cpp_integer_type)1, (boost::multiprecision::cpp_int_check_type)0, std::allocator<unsigned long long> >::do_assign_float<long double>(long double)",frexpl@plt,4008016,0.023277467411545624
ParallelRoam::Algorithms::GreedyTransactionalLod::TransactionalQualitySampleEvidence::ExactClip(),"void boost::multiprecision::backends::eval_multiply_imp<boost::multiprecision::backends::cpp_int_backend<0ul, 0ul, (boost::multiprecision::cpp_integer_type)1, (boost::multiprecision::cpp_int_check_type)0, std::allocator<unsigned long long> > >(boost::multiprecision::backends::rational_adaptor<boost::multiprecision::backends::cpp_int_backend<0ul, 0ul, (boost::multiprecision::cpp_integer_type)1, (boost::multiprecision::cpp_int_check_type)0, std::allocator<unsigned long long> > >&, boost::multiprecision::backends::rational_adaptor<boost::multiprecision::backends::cpp_int_backend<0ul, 0ul, (boost::multiprecision::cpp_integer_type)1, (boost::multiprecision::cpp_int_check_type)0, std::allocator<unsigned long long> > > const&, boost::multiprecision::backends::cpp_int_backend<0ul, 0ul, (boost::multiprecision::cpp_integer_type)1, (boost::multiprecision::cpp_int_check_type)0, std::allocator<unsigned long long> > const&, boost::multiprecision::backends::cpp_int_backend<0ul, 0ul, (boost::multiprecision::cpp_integer_type)1, (boost::multiprecision::cpp_int_check_type)0, std::allocator<unsigned long long> > const&)",4008016,0.023277467411545624
"ParallelRoam::Algorithms::GreedyTransactionalLod::TransactionalPointwiseQuality::Certify[abi:cxx11](ParallelRoam::Algorithms::GreedyTransactionalLod::TransactionalState const&, ParallelRoam::Algorithms::GreedyTransactionalLod::TransactionalSamples const&, ParallelRoam::Algorithms::GreedyTransactionalLod::Proposal&, bool, ParallelRoam::Algorithms::GreedyTransactionalLod::WorkLedger&)",ParallelRoam::Algorithms::GreedyTransactionalLod::TransactionalQualitySampleEvidence::ClipBounds(),4008016,0.023277467411545624
"ParallelRoam::Algorithms::GreedyTransactionalLod::QualityEvaluation::SameInterface(ParallelRoam::Algorithms::GreedyTransactionalLod::TransactionalState const&, ParallelRoam::Algorithms::GreedyTransactionalLod::Proposal const&, bool, std::vector<std::array<ParallelRoam::Algorithms::GreedyTransactionalLod::Point, 3ul>, std::allocator<std::array<ParallelRoam::Algorithms::GreedyTransactionalLod::Point, 3ul> > > const&, std::vector<std::array<ParallelRoam::Algorithms::GreedyTransactionalLod::Point, 3ul>, std::allocator<std::array<ParallelRoam::Algorithms::GreedyTransactionalLod::Point, 3ul> > > const&)",ParallelRoam::Algorithms::GreedyTransactionalLod::TransactionalState::Vertex(long) const,4008016,0.023277467411545624
"std::array<boost::multiprecision::number<boost::multiprecision::backends::rational_adaptor<boost::multiprecision::backends::cpp_int_backend<0ul, 0ul, (boost::multiprecision::cpp_integer_type)1, (boost::multiprecision::cpp_int_check_type)0, std::allocator<unsigned long long> > >, (boost::multiprecision::expression_template_option)1>, 3ul> ParallelRoam::Algorithms::GreedyTransactionalLod::QualityEvaluation::Reference<boost::multiprecision::number<boost::multiprecision::backends::rational_adaptor<boost::multiprecision::backends::cpp_int_backend<0ul, 0ul, (boost::multiprecision::cpp_integer_type)1, (boost::multiprecision::cpp_int_check_type)0, std::allocator<unsigned long long> > >, (boost::multiprecision::expression_template_option)1> >(ParallelRoam::Algorithms::GreedyTransactionalLod::TransactionalState const&, ParallelRoam::Algorithms::GreedyTransactionalLod::TransactionalSamples const&, unsigned int)",memcpy@plt,4008016,0.023277467411545624
"std::array<boost::multiprecision::number<boost::multiprecision::backends::rational_adaptor<boost::multiprecision::backends::cpp_int_backend<0ul, 0ul, (boost::multiprecision::cpp_integer_type)1, (boost::multiprecision::cpp_int_check_type)0, std::allocator<unsigned long long> > >, (boost::multiprecision::expression_template_option)1>, 4ul> ParallelRoam::Algorithms::GreedyTransactionalLod::QualityEvaluation::Clip<boost::multiprecision::number<boost::multiprecision::backends::rational_adaptor<boost::multiprecision::backends::cpp_int_backend<0ul, 0ul, (boost::multiprecision::cpp_integer_type)1, (boost::multiprecision::cpp_int_check_type)0, std::allocator<unsigned long long> > >, (boost::multiprecision::expression_template_option)1> >(ParallelRoam::Algorithms::GreedyTransactionalLod::Configuration const&, boost::multiprecision::number<boost::multiprecision::backends::rational_adaptor<boost::multiprecision::backends::cpp_int_backend<0ul, 0ul, (boost::multiprecision::cpp_integer_type)1, (boost::multiprecision::cpp_int_check_type)0, std::allocator<unsigned long long> > >, (boost::multiprecision::expression_template_option)1> const&, boost::multiprecision::number<boost::multiprecision::backends::rational_adaptor<boost::multiprecision::backends::cpp_int_backend<0ul, 0ul, (boost::multiprecision::cpp_integer_type)1, (boost::multiprecision::cpp_int_check_type)0, std::allocator<unsigned long long> > >, (boost::multiprecision::expression_template_option)1> const&, boost::multiprecision::number<boost::multiprecision::backends::rational_adaptor<boost::multiprecision::backends::cpp_int_backend<0ul, 0ul, (boost::multiprecision::cpp_integer_type)1, (boost::multiprecision::cpp_int_check_type)0, std::allocator<unsigned long long> > >, (boost::multiprecision::expression_template_option)1> const&)",__frexpl,4008016,0.023277467411545624
"ParallelRoam::Algorithms::GreedyTransactionalLod::QualityEvaluation::AddBinaryBounds(double, double, boost::multiprecision::number<boost::multiprecision::backends::cpp_int_backend<0ul, 0ul, (boost::multiprecision::cpp_integer_type)1, (boost::multiprecision::cpp_int_check_type)0, std::allocator<unsigned long long> >, (boost::multiprecision::expression_template_option)1>&, boost::multiprecision::number<boost::multiprecision::backends::cpp_int_backend<0ul, 0ul, (boost::multiprecision::cpp_integer_type)1, (boost::multiprecision::cpp_int_check_type)0, std::allocator<unsigned long long> >, (boost::multiprecision::expression_template_option)1>&)","void boost::multiprecision::backends::subtract_unsigned<boost::multiprecision::backends::cpp_int_backend<0ul, 0ul, (boost::multiprecision::cpp_integer_type)1, (boost::multiprecision::cpp_int_check_type)0, std::allocator<unsigned long long> >, boost::multiprecision::backends::cpp_int_backend<0ul, 0ul, (boost::multiprecision::cpp_integer_type)1, (boost::multiprecision::cpp_int_check_type)0, std::allocator<unsigned long long> >, boost::multiprecision::backends::cpp_int_backend<0ul, 0ul, (boost::multiprecision::cpp_integer_type)1, (boost::multiprecision::cpp_int_check_type)0, std::allocator<unsigned long long> > >(boost::multiprecision::backends::cpp_int_backend<0ul, 0ul, (boost::multiprecision::cpp_integer_type)1, (boost::multiprecision::cpp_int_check_type)0, std::allocator<unsigned long long> >&, boost::multiprecision::backends::cpp_int_backend<0ul, 0ul, (boost::multiprecision::cpp_integer_type)1, (boost::multiprecision::cpp_int_check_type)0, std::allocator<unsigned long long> > const&, boost::multiprecision::backends::cpp_int_backend<0ul, 0ul, (boost::multiprecision::cpp_integer_type)1, (boost::multiprecision::cpp_int_check_type)0, std::allocator<unsigned long long> > const&)",4008016,0.023277467411545624
ParallelRoam::Algorithms::GreedyTransactionalLod::TransactionalQualitySampleEvidence::ExactReference(),"boost::multiprecision::backends::cpp_int_base<0ul, 18446744073709551615ul, (boost::multiprecision::cpp_integer_type)1, (boost::multiprecision::cpp_int_check_type)0, std::allocator<unsigned long long>, false>::cpp_int_base(boost::multiprecision::backends::cpp_int_base<0ul, 18446744073709551615ul, (boost::multiprecision::cpp_integer_type)1, (boost::multiprecision::cpp_int_check_type)0, std::allocator<unsigned long long>, false>&&)",4008016,0.023277467411545624
"boost::multiprecision::number<boost::multiprecision::backends::rational_adaptor<boost::multiprecision::backends::cpp_int_backend<0ul, 0ul, (boost::multiprecision::cpp_integer_type)1, (boost::multiprecision::cpp_int_check_type)0, std::allocator<unsigned long long> > >, (boost::multiprecision::expression_template_option)1>::number<boost::multiprecision::detail::subtract_immediates, boost::multiprecision::number<boost::multiprecision::backends::rational_adaptor<boost::multiprecision::backends::cpp_int_backend<0ul, 0ul, (boost::multiprecision::cpp_integer_type)1, (boost::multiprecision::cpp_int_check_type)0, std::allocator<unsigned long long> > >, (boost::multiprecision::expression_template_option)1>, boost::multiprecision::number<boost::multiprecision::backends::rational_adaptor<boost::multiprecision::backends::cpp_int_backend<0ul, 0ul, (boost::multiprecision::cpp_integer_type)1, (boost::multiprecision::cpp_int_check_type)0, std::allocator<unsigned long long> > >, (boost::multiprecision::expression_template_option)1>, void, void>(boost::multiprecision::detail::expression<boost::multiprecision::detail::subtract_immediates, boost::multiprecision::number<boost::multiprecision::backends::rational_adaptor<boost::multiprecision::backends::cpp_int_backend<0ul, 0ul, (boost::multiprecision::cpp_integer_type)1, (boost::multiprecision::cpp_int_check_type)0, std::allocator<unsigned long long> > >, (boost::multiprecision::expression_template_option)1>, boost::multiprecision::number<boost::multiprecision::backends::rational_adaptor<boost::multiprecision::backends::cpp_int_backend<0ul, 0ul, (boost::multiprecision::cpp_integer_type)1, (boost::multiprecision::cpp_int_check_type)0, std::allocator<unsigned long long> > >, (boost::multiprecision::expression_template_option)1>, void, void> const&, std::enable_if<std::is_convertible<boost::multiprecision::detail::expression<boost::multiprecision::detail::subtract_immediates, boost::multiprecision::number<boost::multiprecision::backends::rational_adaptor<boost::multiprecision::backends::cpp_int_backend<0ul, 0ul, (boost::multiprecision::cpp_integer_type)1, (boost::multiprecision::cpp_int_check_type)0, std::allocator<unsigned long long> > >, (boost::multiprecision::expression_template_option)1>, boost::multiprecision::number<boost::multiprecision::backends::rational_adaptor<boost::multiprecision::backends::cpp_int_backend<0ul, 0ul, (boost::multiprecision::cpp_integer_type)1, (boost::multiprecision::cpp_int_check_type)0, std::allocator<unsigned long long> > >, (boost::multiprecision::expression_template_option)1>, void, void>::result_type, boost::multiprecision::number<boost::multiprecision::backends::rational_adaptor<boost::multiprecision::backends::cpp_int_backend<0ul, 0ul, (boost::multiprecision::cpp_integer_type)1, (boost::multiprecision::cpp_int_check_type)0, std::allocator<unsigned long long> > >, (boost::multiprecision::expression_template_option)1> >::value, void>::type*)",operator delete(void*),4008016,0.023277467411545624
"ParallelRoam::Algorithms::GreedyTransactionalLod::TransactionalQualityFaceEvidence::ExactSide(unsigned long, std::array<boost::multiprecision::number<boost::multiprecision::backends::rational_adaptor<boost::multiprecision::backends::cpp_int_backend<0ul, 0ul, (boost::multiprecision::cpp_integer_type)1, (boost::multiprecision::cpp_int_check_type)0, std::allocator<unsigned long long> > >, (boost::multiprecision::expression_template_option)1>, 2ul> const&)","boost::multiprecision::backends::rational_adaptor<boost::multiprecision::backends::cpp_int_backend<0ul, 0ul, (boost::multiprecision::cpp_integer_type)1, (boost::multiprecision::cpp_int_check_type)0, std::allocator<unsigned long long> > >::rational_adaptor()",4008016,0.023277467411545624
"ParallelRoam::Algorithms::GreedyTransactionalLod::TransactionalPipeline::Apply(ParallelRoam::Algorithms::GreedyTransactionalLod::CertifiedBatch const&, ParallelRoam::Algorithms::GreedyTransactionalLod::WorkLedger&)",ParallelRoam::Algorithms::GreedyTransactionalLod::TransactionalSamples::Publish(ParallelRoam::Algorithms::GreedyTransactionalLod::PreparedSamples&&),4008016,0.023277467411545624
"ParallelRoam::Algorithms::GreedyTransactionalLod::TransactionalCommit::Prepare(ParallelRoam::Algorithms::GreedyTransactionalLod::TransactionalState&, ParallelRoam::Algorithms::GreedyTransactionalLod::CertifiedBatch const&, ParallelRoam::Algorithms::GreedyTransactionalLod::WorkLedger&, ParallelRoam::Algorithms::GreedyTransactionalLod::TransactionalExecution const&, ParallelRoam::Algorithms::GreedyTransactionalLod::HeightSource const*)::{lambda(ParallelRoam::Algorithms::GreedyTransactionalLod::Proposal const&, bool)#1}::operator()(ParallelRoam::Algorithms::GreedyTransactionalLod::Proposal const&, bool) const","ParallelRoam::Algorithms::GreedyTransactionalLod::TransactionalPredicates::Shape(ParallelRoam::Algorithms::GreedyTransactionalLod::Point const&, ParallelRoam::Algorithms::GreedyTransactionalLod::Point const&, ParallelRoam::Algorithms::GreedyTransactionalLod::Point const&)",4008016,0.023277467411545624
"ParallelRoam::Algorithms::GreedyTransactionalLod::TransactionalPointwiseQuality::ValidateBatch(ParallelRoam::Algorithms::GreedyTransactionalLod::TransactionalState const&, ParallelRoam::Algorithms::GreedyTransactionalLod::TransactionalSamples const&, ParallelRoam::Algorithms::GreedyTransactionalLod::CertifiedBatch const&, ParallelRoam::Algorithms::GreedyTransactionalLod::WorkLedger&)","boost::multiprecision::number<boost::multiprecision::backends::rational_adaptor<boost::multiprecision::backends::cpp_int_backend<0ul, 0ul, (boost::multiprecision::cpp_integer_type)1, (boost::multiprecision::cpp_int_check_type)0, std::allocator<unsigned long long> > >, (boost::multiprecision::expression_template_option)1> ParallelRoam::Algorithms::GreedyTransactionalLod::QualityEvaluation::Height<boost::multiprecision::number<boost::multiprecision::backends::rational_adaptor<boost::multiprecision::backends::cpp_int_backend<0ul, 0ul, (boost::multiprecision::cpp_integer_type)1, (boost::multiprecision::cpp_int_check_type)0, std::allocator<unsigned long long> > >, (boost::multiprecision::expression_template_option)1> >(boost::multiprecision::number<boost::multiprecision::backends::rational_adaptor<boost::multiprecision::backends::cpp_int_backend<0ul, 0ul, (boost::multiprecision::cpp_integer_type)1, (boost::multiprecision::cpp_int_check_type)0, std::allocator<unsigned long long> > >, (boost::multiprecision::expression_template_option)1> const&, boost::multiprecision::number<boost::multiprecision::backends::rational_adaptor<boost::multiprecision::backends::cpp_int_backend<0ul, 0ul, (boost::multiprecision::cpp_integer_type)1, (boost::multiprecision::cpp_int_check_type)0, std::allocator<unsigned long long> > >, (boost::multiprecision::expression_template_option)1> const&, ParallelRoam::Algorithms::GreedyTransactionalLod::Point const&, ParallelRoam::Algorithms::GreedyTransactionalLod::Point const&, ParallelRoam::Algorithms::GreedyTransactionalLod::Point const&)",4008016,0.023277467411545624
"boost::multiprecision::number<boost::multiprecision::backends::rational_adaptor<boost::multiprecision::backends::cpp_int_backend<0ul, 0ul, (boost::multiprecision::cpp_integer_type)1, (boost::multiprecision::cpp_int_check_type)0, std::allocator<unsigned long long> > >, (boost::multiprecision::expression_template_option)1> ParallelRoam::Algorithms::GreedyTransactionalLod::QualityEvaluation::Height<boost::multiprecision::number<boost::multiprecision::backends::rational_adaptor<boost::multiprecision::backends::cpp_int_backend<0ul, 0ul, (boost::multiprecision::cpp_integer_type)1, (boost::multiprecision::cpp_int_check_type)0, std::allocator<unsigned long long> > >, (boost::multiprecision::expression_template_option)1> >(boost::multiprecision::number<boost::multiprecision::backends::rational_adaptor<boost::multiprecision::backends::cpp_int_backend<0ul, 0ul, (boost::multiprecision::cpp_integer_type)1, (boost::multiprecision::cpp_int_check_type)0, std::allocator<unsigned long long> > >, (boost::multiprecision::expression_template_option)1> const&, boost::multiprecision::number<boost::multiprecision::backends::rational_adaptor<boost::multiprecision::backends::cpp_int_backend<0ul, 0ul, (boost::multiprecision::cpp_integer_type)1, (boost::multiprecision::cpp_int_check_type)0, std::allocator<unsigned long long> > >, (boost::multiprecision::expression_template_option)1> const&, ParallelRoam::Algorithms::GreedyTransactionalLod::Point const&, ParallelRoam::Algorithms::GreedyTransactionalLod::Point const&, ParallelRoam::Algorithms::GreedyTransactionalLod::Point const&)","std::enable_if<std::is_floating_point<long double>::value, boost::multiprecision::backends::rational_adaptor<boost::multiprecision::backends::cpp_int_backend<0ul, 0ul, (boost::multiprecision::cpp_integer_type)1, (boost::multiprecision::cpp_int_check_type)0, std::allocator<unsigned long long> > >&>::type boost::multiprecision::backends::rational_adaptor<boost::multiprecision::backends::cpp_int_backend<0ul, 0ul, (boost::multiprecision::cpp_integer_type)1, (boost::multiprecision::cpp_int_check_type)0, std::allocator<unsigned long long> > >::operator=<long double>(long double) [clone .isra.0]",4008016,0.023277467411545624
"ParallelRoam::Algorithms::GreedyTransactionalLod::QualityEvaluation::ErrorBounds(ParallelRoam::Algorithms::GreedyTransactionalLod::TransactionalState const&, ParallelRoam::Algorithms::GreedyTransactionalLod::TransactionalSamples const&, unsigned int, ParallelRoam::Algorithms::GreedyTransactionalLod::Proposal const*, ParallelRoam::Algorithms::GreedyTransactionalLod::WorkLedger&, ParallelRoam::Algorithms::GreedyTransactionalLod::TransactionalProposalEvidence*)",__nextafter,4008016,0.023277467411545624
"ParallelRoam::Algorithms::GreedyTransactionalLod::TransactionalSamples::Prepare(ParallelRoam::Algorithms::GreedyTransactionalLod::TransactionalState const&, ParallelRoam::Algorithms::GreedyTransactionalLod::PreparedTopology const&, ParallelRoam::Algorithms::GreedyTransactionalLod::WorkLedger&)","std::pair<std::_Rb_tree_iterator<unsigned int>, bool> std::_Rb_tree<unsigned int, unsigned int, std::_Identity<unsigned int>, std::less<unsigned int>, std::allocator<unsigned int> >::_M_insert_unique<unsigned int const&>(unsigned int const&)",4008016,0.023277467411545624
"auto ParallelRoam::Algorithms::GreedyTransactionalLod::TransactionalReservation::Plan(ParallelRoam::Algorithms::GreedyTransactionalLod::TransactionalState const&, ParallelRoam::Algorithms::GreedyTransactionalLod::TransactionalSamples const&, ParallelRoam::Algorithms::GreedyTransactionalLod::WorkLedger&, ParallelRoam::Algorithms::GreedyTransactionalLod::TransactionalExecution const&)::{lambda(auto:1, auto:2, ParallelRoam::Algorithms::GreedyTransactionalLod::WorkLedger&)#1}::operator()<unsigned long, unsigned long>(unsigned long, unsigned long, ParallelRoam::Algorithms::GreedyTransactionalLod::WorkLedger&) const",nextafter@plt,2004008,0.011638733705772812
"ParallelRoam::Algorithms::GreedyTransactionalLod::TransactionalPredicates::Shape(ParallelRoam::Algorithms::GreedyTransactionalLod::Point const&, ParallelRoam::Algorithms::GreedyTransactionalLod::Point const&, ParallelRoam::Algorithms::GreedyTransactionalLod::Point const&)","std::enable_if<!boost::multiprecision::backends::is_trivial_cpp_int<boost::multiprecision::backends::cpp_int_backend<0ul, 0ul, (boost::multiprecision::cpp_integer_type)1, (boost::multiprecision::cpp_int_check_type)0, std::allocator<unsigned long long> > >::value, void>::type boost::multiprecision::backends::eval_gcd<0ul, 0ul, (boost::multiprecision::cpp_integer_type)1, (boost::multiprecision::cpp_int_check_type)0, std::allocator<unsigned long long> >(boost::multiprecision::backends::cpp_int_backend<0ul, 0ul, (boost::multiprecision::cpp_integer_type)1, (boost::multiprecision::cpp_int_check_type)0, std::allocator<unsigned long long> >&, boost::multiprecision::backends::cpp_int_backend<0ul, 0ul, (boost::multiprecision::cpp_integer_type)1, (boost::multiprecision::cpp_int_check_type)0, std::allocator<unsigned long long> > const&, boost::multiprecision::backends::cpp_int_backend<0ul, 0ul, (boost::multiprecision::cpp_integer_type)1, (boost::multiprecision::cpp_int_check_type)0, std::allocator<unsigned long long> > const&)",2004008,0.011638733705772812
"void boost::multiprecision::backends::eval_add_subtract_imp<boost::multiprecision::backends::cpp_int_backend<0ul, 0ul, (boost::multiprecision::cpp_integer_type)1, (boost::multiprecision::cpp_int_check_type)0, std::allocator<unsigned long long> > >(boost::multiprecision::backends::rational_adaptor<boost::multiprecision::backends::cpp_int_backend<0ul, 0ul, (boost::multiprecision::cpp_integer_type)1, (boost::multiprecision::cpp_int_check_type)0, std::allocator<unsigned long long> > >&, boost::multiprecision::backends::rational_adaptor<boost::multiprecision::backends::cpp_int_backend<0ul, 0ul, (boost::multiprecision::cpp_integer_type)1, (boost::multiprecision::cpp_int_check_type)0, std::allocator<unsigned long long> > > const&, boost::multiprecision::backends::rational_adaptor<boost::multiprecision::backends::cpp_int_backend<0ul, 0ul, (boost::multiprecision::cpp_integer_type)1, (boost::multiprecision::cpp_int_check_type)0, std::allocator<unsigned long long> > > const&, bool)","std::enable_if<!boost::multiprecision::backends::is_trivial_cpp_int<boost::multiprecision::backends::cpp_int_backend<0ul, 0ul, (boost::multiprecision::cpp_integer_type)1, (boost::multiprecision::cpp_int_check_type)0, std::allocator<unsigned long long> > >::value, void>::type boost::multiprecision::backends::eval_right_shift<0ul, 0ul, (boost::multiprecision::cpp_int_check_type)0, std::allocator<unsigned long long> >(boost::multiprecision::backends::cpp_int_backend<0ul, 0ul, (boost::multiprecision::cpp_integer_type)1, (boost::multiprecision::cpp_int_check_type)0, std::allocator<unsigned long long> >&, unsigned __int128)",2004008,0.011638733705772812
"ParallelRoam::Algorithms::GreedyTransactionalLod::TransactionalReservation::Plan(ParallelRoam::Algorithms::GreedyTransactionalLod::TransactionalState const&, ParallelRoam::Algorithms::GreedyTransactionalLod::TransactionalSamples const&, ParallelRoam::Algorithms::GreedyTransactionalLod::WorkLedger&, ParallelRoam::Algorithms::GreedyTransactionalLod::TransactionalExecution const&)","ParallelRoam::Algorithms::GreedyTransactionalLod::TransactionalReservation::Conflict(ParallelRoam::Algorithms::GreedyTransactionalLod::TransactionFootprint const&, ParallelRoam::Algorithms::GreedyTransactionalLod::TransactionFootprint const&)",2004008,0.011638733705772812
ParallelRoam::Algorithms::GreedyTransactionalLod::ReceiverCursor::Next(ParallelRoam::Algorithms::GreedyTransactionalLod::WorkLedger*),ParallelRoam::Algorithms::GreedyTransactionalLod::TransactionalState::Vertex(long) const,2004008,0.011638733705772812
"ParallelRoam::Algorithms::GreedyTransactionalLod::TransactionalQualityFaceEvidence::ExactHeight(std::array<boost::multiprecision::number<boost::multiprecision::backends::rational_adaptor<boost::multiprecision::backends::cpp_int_backend<0ul, 0ul, (boost::multiprecision::cpp_integer_type)1, (boost::multiprecision::cpp_int_check_type)0, std::allocator<unsigned long long> > >, (boost::multiprecision::expression_template_option)1>, 2ul> const&)",__memmove_avx512_unaligned_erms,2004008,0.011638733705772812
"ParallelRoam::Algorithms::GreedyTransactionalLod::TransactionalPointwiseQuality::Certify[abi:cxx11](ParallelRoam::Algorithms::GreedyTransactionalLod::TransactionalState const&, ParallelRoam::Algorithms::GreedyTransactionalLod::TransactionalSamples const&, ParallelRoam::Algorithms::GreedyTransactionalLod::Proposal&, bool, ParallelRoam::Algorithms::GreedyTransactionalLod::WorkLedger&)",ParallelRoam::Algorithms::GreedyTransactionalLod::TransactionalQualitySampleEvidence::ReferenceBounds(),2004008,0.011638733705772812
"ParallelRoam::Algorithms::GreedyTransactionalLod::TransactionalPipeline::Apply(ParallelRoam::Algorithms::GreedyTransactionalLod::CertifiedBatch const&, ParallelRoam::Algorithms::GreedyTransactionalLod::WorkLedger&)",std::_Rb_tree_increment(std::_Rb_tree_node_base*)@plt,2004008,0.011638733705772812
"std::enable_if<((!boost::multiprecision::backends::is_trivial_cpp_int<boost::multiprecision::backends::cpp_int_backend<0ul, 0ul, (boost::multiprecision::cpp_integer_type)1, (boost::multiprecision::cpp_int_check_type)0, std::allocator<unsigned long long> > >::value)&&(!boost::multiprecision::backends::is_trivial_cpp_int<boost::multiprecision::backends::cpp_int_backend<0ul, 0ul, (boost::multiprecision::cpp_integer_type)1, (boost::multiprecision::cpp_int_check_type)0, std::allocator<unsigned long long> > >::value))&&(!boost::multiprecision::backends::is_trivial_cpp_int<boost::multiprecision::backends::cpp_int_backend<0ul, 0ul, (boost::multiprecision::cpp_integer_type)1, (boost::multiprecision::cpp_int_check_type)0, std::allocator<unsigned long long> > >::value), void>::type boost::multiprecision::backends::eval_multiply<0ul, 0ul, (boost::multiprecision::cpp_integer_type)1, (boost::multiprecision::cpp_int_check_type)0, std::allocator<unsigned long long>, 0ul, 0ul, (boost::multiprecision::cpp_integer_type)1, (boost::multiprecision::cpp_int_check_type)0, std::allocator<unsigned long long>, 0ul, 0ul, (boost::multiprecision::cpp_integer_type)1, (boost::multiprecision::cpp_int_check_type)0, std::allocator<unsigned long long> >(boost::multiprecision::backends::cpp_int_backend<0ul, 0ul, (boost::multiprecision::cpp_integer_type)1, (boost::multiprecision::cpp_int_check_type)0, std::allocator<unsigned long long> >&, boost::multiprecision::backends::cpp_int_backend<0ul, 0ul, (boost::multiprecision::cpp_integer_type)1, (boost::multiprecision::cpp_int_check_type)0, std::allocator<unsigned long long> > const&, boost::multiprecision::backends::cpp_int_backend<0ul, 0ul, (boost::multiprecision::cpp_integer_type)1, (boost::multiprecision::cpp_int_check_type)0, std::allocator<unsigned long long> > const&)",__memmove_chk_avx512_unaligned_erms,2004008,0.011638733705772812
"ParallelRoam::Algorithms::GreedyTransactionalLod::TransactionalPredicates::Shape(ParallelRoam::Algorithms::GreedyTransactionalLod::Point const&, ParallelRoam::Algorithms::GreedyTransactionalLod::Point const&, ParallelRoam::Algorithms::GreedyTransactionalLod::Point const&)","void boost::multiprecision::backends::divide_unsigned_helper<boost::multiprecision::backends::cpp_int_backend<0ul, 0ul, (boost::multiprecision::cpp_integer_type)1, (boost::multiprecision::cpp_int_check_type)0, std::allocator<unsigned long long> >, boost::multiprecision::backends::cpp_int_backend<0ul, 0ul, (boost::multiprecision::cpp_integer_type)1, (boost::multiprecision::cpp_int_check_type)0, std::allocator<unsigned long long> > >(boost::multiprecision::backends::cpp_int_backend<0ul, 0ul, (boost::multiprecision::cpp_integer_type)1, (boost::multiprecision::cpp_int_check_type)0, std::allocator<unsigned long long> >*, boost::multiprecision::backends::cpp_int_backend<0ul, 0ul, (boost::multiprecision::cpp_integer_type)1, (boost::multiprecision::cpp_int_check_type)0, std::allocator<unsigned long long> > const&, unsigned long long, boost::multiprecision::backends::cpp_int_backend<0ul, 0ul, (boost::multiprecision::cpp_integer_type)1, (boost::multiprecision::cpp_int_check_type)0, std::allocator<unsigned long long> >&)",2004008,0.011638733705772812
"auto ParallelRoam::Algorithms::GreedyTransactionalLod::TransactionalReservation::Plan(ParallelRoam::Algorithms::GreedyTransactionalLod::TransactionalState const&, ParallelRoam::Algorithms::GreedyTransactionalLod::TransactionalSamples const&, ParallelRoam::Algorithms::GreedyTransactionalLod::WorkLedger&, ParallelRoam::Algorithms::GreedyTransactionalLod::TransactionalExecution const&)::{lambda(auto:1, auto:2, ParallelRoam::Algorithms::GreedyTransactionalLod::WorkLedger&)#1}::operator()<unsigned long, unsigned long>(unsigned long, unsigned long, ParallelRoam::Algorithms::GreedyTransactionalLod::WorkLedger&) const",std::_Rb_tree_decrement(std::_Rb_tree_node_base*),2004008,0.011638733705772812
"std::array<boost::multiprecision::number<boost::multiprecision::backends::rational_adaptor<boost::multiprecision::backends::cpp_int_backend<0ul, 0ul, (boost::multiprecision::cpp_integer_type)1, (boost::multiprecision::cpp_int_check_type)0, std::allocator<unsigned long long> > >, (boost::multiprecision::expression_template_option)1>, 4ul> ParallelRoam::Algorithms::GreedyTransactionalLod::QualityEvaluation::Clip<boost::multiprecision::number<boost::multiprecision::backends::rational_adaptor<boost::multiprecision::backends::cpp_int_backend<0ul, 0ul, (boost::multiprecision::cpp_integer_type)1, (boost::multiprecision::cpp_int_check_type)0, std::allocator<unsigned long long> > >, (boost::multiprecision::expression_template_option)1> >(ParallelRoam::Algorithms::GreedyTransactionalLod::Configuration const&, boost::multiprecision::number<boost::multiprecision::backends::rational_adaptor<boost::multiprecision::backends::cpp_int_backend<0ul, 0ul, (boost::multiprecision::cpp_integer_type)1, (boost::multiprecision::cpp_int_check_type)0, std::allocator<unsigned long long> > >, (boost::multiprecision::expression_template_option)1> const&, boost::multiprecision::number<boost::multiprecision::backends::rational_adaptor<boost::multiprecision::backends::cpp_int_backend<0ul, 0ul, (boost::multiprecision::cpp_integer_type)1, (boost::multiprecision::cpp_int_check_type)0, std::allocator<unsigned long long> > >, (boost::multiprecision::expression_template_option)1> const&, boost::multiprecision::number<boost::multiprecision::backends::rational_adaptor<boost::multiprecision::backends::cpp_int_backend<0ul, 0ul, (boost::multiprecision::cpp_integer_type)1, (boost::multiprecision::cpp_int_check_type)0, std::allocator<unsigned long long> > >, (boost::multiprecision::expression_template_option)1> const&)","void boost::multiprecision::backends::subtract_unsigned<boost::multiprecision::backends::cpp_int_backend<0ul, 0ul, (boost::multiprecision::cpp_integer_type)1, (boost::multiprecision::cpp_int_check_type)0, std::allocator<unsigned long long> >, boost::multiprecision::backends::cpp_int_backend<0ul, 0ul, (boost::multiprecision::cpp_integer_type)1, (boost::multiprecision::cpp_int_check_type)0, std::allocator<unsigned long long> >, boost::multiprecision::backends::cpp_int_backend<0ul, 0ul, (boost::multiprecision::cpp_integer_type)1, (boost::multiprecision::cpp_int_check_type)0, std::allocator<unsigned long long> > >(boost::multiprecision::backends::cpp_int_backend<0ul, 0ul, (boost::multiprecision::cpp_integer_type)1, (boost::multiprecision::cpp_int_check_type)0, std::allocator<unsigned long long> >&, boost::multiprecision::backends::cpp_int_backend<0ul, 0ul, (boost::multiprecision::cpp_integer_type)1, (boost::multiprecision::cpp_int_check_type)0, std::allocator<unsigned long long> > const&, boost::multiprecision::backends::cpp_int_backend<0ul, 0ul, (boost::multiprecision::cpp_integer_type)1, (boost::multiprecision::cpp_int_check_type)0, std::allocator<unsigned long long> > const&)",2004008,0.011638733705772812
"auto ParallelRoam::Algorithms::GreedyTransactionalLod::TransactionalReservation::Plan(ParallelRoam::Algorithms::GreedyTransactionalLod::TransactionalState const&, ParallelRoam::Algorithms::GreedyTransactionalLod::TransactionalSamples const&, ParallelRoam::Algorithms::GreedyTransactionalLod::WorkLedger&, ParallelRoam::Algorithms::GreedyTransactionalLod::TransactionalExecution const&)::{lambda(auto:1, auto:2, ParallelRoam::Algorithms::GreedyTransactionalLod::WorkLedger&)#1}::operator()<unsigned long, unsigned long>(unsigned long, unsigned long, ParallelRoam::Algorithms::GreedyTransactionalLod::WorkLedger&) const",__memmove_chk_avx512_unaligned_erms,2004008,0.011638733705772812
"auto ParallelRoam::Algorithms::GreedyTransactionalLod::TransactionalReservation::Plan(ParallelRoam::Algorithms::GreedyTransactionalLod::TransactionalState const&, ParallelRoam::Algorithms::GreedyTransactionalLod::TransactionalSamples const&, ParallelRoam::Algorithms::GreedyTransactionalLod::WorkLedger&, ParallelRoam::Algorithms::GreedyTransactionalLod::TransactionalExecution const&)::{lambda(auto:1, auto:2, ParallelRoam::Algorithms::GreedyTransactionalLod::WorkLedger&)#1}::operator()<unsigned long, unsigned long>(unsigned long, unsigned long, ParallelRoam::Algorithms::GreedyTransactionalLod::WorkLedger&) const","boost::multiprecision::backends::cpp_int_base<0ul, 18446744073709551615ul, (boost::multiprecision::cpp_integer_type)1, (boost::multiprecision::cpp_int_check_type)0, std::allocator<unsigned long long>, false>::cpp_int_base(boost::multiprecision::backends::cpp_int_base<0ul, 18446744073709551615ul, (boost::multiprecision::cpp_integer_type)1, (boost::multiprecision::cpp_int_check_type)0, std::allocator<unsigned long long>, false>&&)",2004008,0.011638733705772812
"ParallelRoam::Algorithms::GreedyTransactionalLod::TransactionalCommit::Prepare(ParallelRoam::Algorithms::GreedyTransactionalLod::TransactionalState&, ParallelRoam::Algorithms::GreedyTransactionalLod::CertifiedBatch const&, ParallelRoam::Algorithms::GreedyTransactionalLod::WorkLedger&, ParallelRoam::Algorithms::GreedyTransactionalLod::TransactionalExecution const&, ParallelRoam::Algorithms::GreedyTransactionalLod::HeightSource const*)",cfree@GLIBC_2.2.5,2004008,0.011638733705772812
"ParallelRoam::Algorithms::GreedyTransactionalLod::TransactionalSamples::Prepare(ParallelRoam::Algorithms::GreedyTransactionalLod::TransactionalState const&, ParallelRoam::Algorithms::GreedyTransactionalLod::PreparedTopology const&, ParallelRoam::Algorithms::GreedyTransactionalLod::WorkLedger&)","ParallelRoam::Algorithms::GreedyTransactionalLod::TransactionalSamples::Priority(ParallelRoam::Algorithms::GreedyTransactionalLod::Configuration const&, std::array<ParallelRoam::Algorithms::GreedyTransactionalLod::Point, 3ul> const&, double)",2004008,0.011638733705772812
"ParallelRoam::Algorithms::GreedyTransactionalLod::TransactionalExecution::Run(std::__cxx11::basic_string<char, std::char_traits<char>, std::allocator<char> > const&, unsigned long, ParallelRoam::Algorithms::GreedyTransactionalLod::WorkLedger&, std::function<void (unsigned long, unsigned long, ParallelRoam::Algorithms::GreedyTransactionalLod::WorkLedger&)> const&) const","std::_Rb_tree<std::__cxx11::basic_string<char, std::char_traits<char>, std::allocator<char> >, std::pair<std::__cxx11::basic_string<char, std::char_traits<char>, std::allocator<char> > const, double>, std::_Select1st<std::pair<std::__cxx11::basic_string<char, std::char_traits<char>, std::allocator<char> > const, double> >, std::less<std::__cxx11::basic_string<char, std::char_traits<char>, std::allocator<char> > >, std::allocator<std::pair<std::__cxx11::basic_string<char, std::char_traits<char>, std::allocator<char> > const, double> > >::_M_get_insert_hint_unique_pos(std::_Rb_tree_const_iterator<std::pair<std::__cxx11::basic_string<char, std::char_traits<char>, std::allocator<char> > const, double> >, std::__cxx11::basic_string<char, std::char_traits<char>, std::allocator<char> > const&) [clone .isra.0]",2004008,0.011638733705772812
"ParallelRoam::Algorithms::GreedyTransactionalLod::TransactionalSamples::PrepareView(ParallelRoam::Algorithms::GreedyTransactionalLod::TransactionalState const&, ParallelRoam::Algorithms::GreedyTransactionalLod::Configuration const&, ParallelRoam::Algorithms::GreedyTransactionalLod::WorkLedger&, ParallelRoam::Algorithms::GreedyTransactionalLod::TransactionalExecution const&)","ParallelRoam::Algorithms::GreedyTransactionalLod::TransactionalExecution::Run(std::__cxx11::basic_string<char, std::char_traits<char>, std::allocator<char> > const&, unsigned long, ParallelRoam::Algorithms::GreedyTransactionalLod::WorkLedger&, std::function<void (unsigned long, unsigned long, ParallelRoam::Algorithms::GreedyTransactionalLod::WorkLedger&)> const&) const",2004008,0.011638733705772812
"std::_Rb_tree_iterator<std::pair<long const, ParallelRoam::Algorithms::GreedyTransactionalLod::Point> > std::_Rb_tree<long, std::pair<long const, ParallelRoam::Algorithms::GreedyTransactionalLod::Point>, std::_Select1st<std::pair<long const, ParallelRoam::Algorithms::GreedyTransactionalLod::Point> >, std::less<long>, std::allocator<std::pair<long const, ParallelRoam::Algorithms::GreedyTransactionalLod::Point> > >::_M_emplace_hint_unique<long&, ParallelRoam::Algorithms::GreedyTransactionalLod::Point const&>(std::_Rb_tree_const_iterator<std::pair<long const, ParallelRoam::Algorithms::GreedyTransactionalLod::Point> >, long&, ParallelRoam::Algorithms::GreedyTransactionalLod::Point const&) [clone .isra.0]",malloc,2004008,0.011638733705772812
"ParallelRoam::Algorithms::GreedyTransactionalLod::TransactionalSourceHeightReceiver::Prepare[abi:cxx11](ParallelRoam::Algorithms::GreedyTransactionalLod::TransactionalState const&, ParallelRoam::Algorithms::GreedyTransactionalLod::TransactionalSamples const&, ParallelRoam::Algorithms::GreedyTransactionalLod::Proposal&, ParallelRoam::Algorithms::GreedyTransactionalLod::WorkLedger&)","void boost::multiprecision::backends::eval_add_subtract_imp<boost::multiprecision::backends::cpp_int_backend<0ul, 0ul, (boost::multiprecision::cpp_integer_type)1, (boost::multiprecision::cpp_int_check_type)0, std::allocator<unsigned long long> > >(boost::multiprecision::backends::rational_adaptor<boost::multiprecision::backends::cpp_int_backend<0ul, 0ul, (boost::multiprecision::cpp_integer_type)1, (boost::multiprecision::cpp_int_check_type)0, std::allocator<unsigned long long> > >&, boost::multiprecision::backends::rational_adaptor<boost::multiprecision::backends::cpp_int_backend<0ul, 0ul, (boost::multiprecision::cpp_integer_type)1, (boost::multiprecision::cpp_int_check_type)0, std::allocator<unsigned long long> > > const&, boost::multiprecision::backends::rational_adaptor<boost::multiprecision::backends::cpp_int_backend<0ul, 0ul, (boost::multiprecision::cpp_integer_type)1, (boost::multiprecision::cpp_int_check_type)0, std::allocator<unsigned long long> > > const&, bool)",2004008,0.011638733705772812
"ParallelRoam::Algorithms::GreedyTransactionalLod::TransactionalPointwiseQuality::Certify[abi:cxx11](ParallelRoam::Algorithms::GreedyTransactionalLod::TransactionalState const&, ParallelRoam::Algorithms::GreedyTransactionalLod::TransactionalSamples const&, ParallelRoam::Algorithms::GreedyTransactionalLod::Proposal&, bool, ParallelRoam::Algorithms::GreedyTransactionalLod::WorkLedger&)","std::_Rb_tree_insert_and_rebalance(bool, std::_Rb_tree_node_base*, std::_Rb_tree_node_base*, std::_Rb_tree_node_base&)",2004008,0.011638733705772812
"ParallelRoam::Algorithms::GreedyTransactionalLod::TransactionalPredicates::Shape(ParallelRoam::Algorithms::GreedyTransactionalLod::Point const&, ParallelRoam::Algorithms::GreedyTransactionalLod::Point const&, ParallelRoam::Algorithms::GreedyTransactionalLod::Point const&)","void boost::multiprecision::backends::eval_multiply_imp<boost::multiprecision::backends::cpp_int_backend<0ul, 0ul, (boost::multiprecision::cpp_integer_type)1, (boost::multiprecision::cpp_int_check_type)0, std::allocator<unsigned long long> >, long long>(boost::multiprecision::backends::cpp_int_backend<0ul, 0ul, (boost::multiprecision::cpp_integer_type)1, (boost::multiprecision::cpp_int_check_type)0, std::allocator<unsigned long long> >&, boost::multiprecision::backends::cpp_int_backend<0ul, 0ul, (boost::multiprecision::cpp_integer_type)1, (boost::multiprecision::cpp_int_check_type)0, std::allocator<unsigned long long> >&, long long)",2004008,0.011638733705772812
"void boost::multiprecision::backends::eval_add_subtract_imp<boost::multiprecision::backends::cpp_int_backend<0ul, 0ul, (boost::multiprecision::cpp_integer_type)1, (boost::multiprecision::cpp_int_check_type)0, std::allocator<unsigned long long> > >(boost::multiprecision::backends::rational_adaptor<boost::multiprecision::backends::cpp_int_backend<0ul, 0ul, (boost::multiprecision::cpp_integer_type)1, (boost::multiprecision::cpp_int_check_type)0, std::allocator<unsigned long long> > >&, boost::multiprecision::backends::rational_adaptor<boost::multiprecision::backends::cpp_int_backend<0ul, 0ul, (boost::multiprecision::cpp_integer_type)1, (boost::multiprecision::cpp_int_check_type)0, std::allocator<unsigned long long> > > const&, boost::multiprecision::backends::rational_adaptor<boost::multiprecision::backends::cpp_int_backend<0ul, 0ul, (boost::multiprecision::cpp_integer_type)1, (boost::multiprecision::cpp_int_check_type)0, std::allocator<unsigned long long> > > const&, bool)",__udivti3@plt,2004008,0.011638733705772812
"auto ParallelRoam::Algorithms::GreedyTransactionalLod::TransactionalReservation::Plan(ParallelRoam::Algorithms::GreedyTransactionalLod::TransactionalState const&, ParallelRoam::Algorithms::GreedyTransactionalLod::TransactionalSamples const&, ParallelRoam::Algorithms::GreedyTransactionalLod::WorkLedger&, ParallelRoam::Algorithms::GreedyTransactionalLod::TransactionalExecution const&)::{lambda(auto:1, auto:2, ParallelRoam::Algorithms::GreedyTransactionalLod::WorkLedger&)#1}::operator()<unsigned long, unsigned long>(unsigned long, unsigned long, ParallelRoam::Algorithms::GreedyTransactionalLod::WorkLedger&) const",ParallelRoam::Algorithms::GreedyTransactionalLod::TransactionalQualitySampleEvidence::ExactReference(),2004008,0.011638733705772812
ParallelRoam::Algorithms::GreedyTransactionalLod::TransactionalQualityFaceEvidence::Exact(),"boost::multiprecision::backends::rational_adaptor<boost::multiprecision::backends::cpp_int_backend<0ul, 0ul, (boost::multiprecision::cpp_integer_type)1, (boost::multiprecision::cpp_int_check_type)0, std::allocator<unsigned long long> > >::rational_adaptor()",2004008,0.011638733705772812
"boost::multiprecision::number<boost::multiprecision::backends::rational_adaptor<boost::multiprecision::backends::cpp_int_backend<0ul, 0ul, (boost::multiprecision::cpp_integer_type)1, (boost::multiprecision::cpp_int_check_type)0, std::allocator<unsigned long long> > >, (boost::multiprecision::expression_template_option)1>::number<boost::multiprecision::detail::subtract_immediates, boost::multiprecision::number<boost::multiprecision::backends::rational_adaptor<boost::multiprecision::backends::cpp_int_backend<0ul, 0ul, (boost::multiprecision::cpp_integer_type)1, (boost::multiprecision::cpp_int_check_type)0, std::allocator<unsigned long long> > >, (boost::multiprecision::expression_template_option)1>, boost::multiprecision::number<boost::multiprecision::backends::rational_adaptor<boost::multiprecision::backends::cpp_int_backend<0ul, 0ul, (boost::multiprecision::cpp_integer_type)1, (boost::multiprecision::cpp_int_check_type)0, std::allocator<unsigned long long> > >, (boost::multiprecision::expression_template_option)1>, void, void>(boost::multiprecision::detail::expression<boost::multiprecision::detail::subtract_immediates, boost::multiprecision::number<boost::multiprecision::backends::rational_adaptor<boost::multiprecision::backends::cpp_int_backend<0ul, 0ul, (boost::multiprecision::cpp_integer_type)1, (boost::multiprecision::cpp_int_check_type)0, std::allocator<unsigned long long> > >, (boost::multiprecision::expression_template_option)1>, boost::multiprecision::number<boost::multiprecision::backends::rational_adaptor<boost::multiprecision::backends::cpp_int_backend<0ul, 0ul, (boost::multiprecision::cpp_integer_type)1, (boost::multiprecision::cpp_int_check_type)0, std::allocator<unsigned long long> > >, (boost::multiprecision::expression_template_option)1>, void, void> const&, std::enable_if<std::is_convertible<boost::multiprecision::detail::expression<boost::multiprecision::detail::subtract_immediates, boost::multiprecision::number<boost::multiprecision::backends::rational_adaptor<boost::multiprecision::backends::cpp_int_backend<0ul, 0ul, (boost::multiprecision::cpp_integer_type)1, (boost::multiprecision::cpp_int_check_type)0, std::allocator<unsigned long long> > >, (boost::multiprecision::expression_template_option)1>, boost::multiprecision::number<boost::multiprecision::backends::rational_adaptor<boost::multiprecision::backends::cpp_int_backend<0ul, 0ul, (boost::multiprecision::cpp_integer_type)1, (boost::multiprecision::cpp_int_check_type)0, std::allocator<unsigned long long> > >, (boost::multiprecision::expression_template_option)1>, void, void>::result_type, boost::multiprecision::number<boost::multiprecision::backends::rational_adaptor<boost::multiprecision::backends::cpp_int_backend<0ul, 0ul, (boost::multiprecision::cpp_integer_type)1, (boost::multiprecision::cpp_int_check_type)0, std::allocator<unsigned long long> > >, (boost::multiprecision::expression_template_option)1> >::value, void>::type*)","boost::multiprecision::backends::rational_adaptor<boost::multiprecision::backends::cpp_int_backend<0ul, 0ul, (boost::multiprecision::cpp_integer_type)1, (boost::multiprecision::cpp_int_check_type)0, std::allocator<unsigned long long> > >::rational_adaptor()",2004008,0.011638733705772812
"ParallelRoam::Algorithms::GreedyTransactionalLod::QualityEvaluation::SameInterface(ParallelRoam::Algorithms::GreedyTransactionalLod::TransactionalState const&, ParallelRoam::Algorithms::GreedyTransactionalLod::Proposal const&, bool, std::vector<std::array<ParallelRoam::Algorithms::GreedyTransactionalLod::Point, 3ul>, std::allocator<std::array<ParallelRoam::Algorithms::GreedyTransactionalLod::Point, 3ul> > > const&, std::vector<std::array<ParallelRoam::Algorithms::GreedyTransactionalLod::Point, 3ul>, std::allocator<std::array<ParallelRoam::Algorithms::GreedyTransactionalLod::Point, 3ul> > > const&)",__memmove_chk_avx512_unaligned_erms,2004008,0.011638733705772812
"ParallelRoam::Algorithms::GreedyTransactionalLod::TransactionalPredicates::Shape(ParallelRoam::Algorithms::GreedyTransactionalLod::Point const&, ParallelRoam::Algorithms::GreedyTransactionalLod::Point const&, ParallelRoam::Algorithms::GreedyTransactionalLod::Point const&)","boost::multiprecision::backends::cpp_int_base<0ul, 18446744073709551615ul, (boost::multiprecision::cpp_integer_type)1, (boost::multiprecision::cpp_int_check_type)0, std::allocator<unsigned long long>, false>::resize(unsigned long, unsigned long) [clone .isra.0]",2004008,0.011638733705772812
"ParallelRoam::Algorithms::GreedyTransactionalLod::TransactionalPredicates::Shape(ParallelRoam::Algorithms::GreedyTransactionalLod::Point const&, ParallelRoam::Algorithms::GreedyTransactionalLod::Point const&, ParallelRoam::Algorithms::GreedyTransactionalLod::Point const&)",__memmove_avx512_unaligned_erms,2004008,0.011638733705772812
"ParallelRoam::Algorithms::GreedyTransactionalLod::TransactionalPointwiseQuality::Certify[abi:cxx11](ParallelRoam::Algorithms::GreedyTransactionalLod::TransactionalState const&, ParallelRoam::Algorithms::GreedyTransactionalLod::TransactionalSamples const&, ParallelRoam::Algorithms::GreedyTransactionalLod::Proposal&, bool, ParallelRoam::Algorithms::GreedyTransactionalLod::WorkLedger&)",__memmove_chk_avx512_unaligned_erms,2004008,0.011638733705772812
"ParallelRoam::Algorithms::GreedyTransactionalLod::TransactionalPointwiseQuality::Certify[abi:cxx11](ParallelRoam::Algorithms::GreedyTransactionalLod::TransactionalState const&, ParallelRoam::Algorithms::GreedyTransactionalLod::TransactionalSamples const&, ParallelRoam::Algorithms::GreedyTransactionalLod::Proposal&, bool, ParallelRoam::Algorithms::GreedyTransactionalLod::WorkLedger&)","ParallelRoam::Algorithms::GreedyTransactionalLod::TransactionalQualityFaceEvidence::TransactionalQualityFaceEvidence(std::array<ParallelRoam::Algorithms::GreedyTransactionalLod::Point, 3ul> const&, ParallelRoam::Algorithms::GreedyTransactionalLod::QualityFaceEvidenceWork*)",2004008,0.011638733705772812
"ParallelRoam::Algorithms::GreedyTransactionalLod::TransactionalPointwiseQuality::Certify[abi:cxx11](ParallelRoam::Algorithms::GreedyTransactionalLod::TransactionalState const&, ParallelRoam::Algorithms::GreedyTransactionalLod::TransactionalSamples const&, ParallelRoam::Algorithms::GreedyTransactionalLod::Proposal&, bool, ParallelRoam::Algorithms::GreedyTransactionalLod::WorkLedger&)",memcpy@plt,2004008,0.011638733705772812
ParallelRoam::Algorithms::GreedyTransactionalLod::TransactionalQualitySampleEvidence::ExactCoordinate(),"std::array<boost::multiprecision::number<boost::multiprecision::backends::rational_adaptor<boost::multiprecision::backends::cpp_int_backend<0ul, 0ul, (boost::multiprecision::cpp_integer_type)1, (boost::multiprecision::cpp_int_check_type)0, std::allocator<unsigned long long> > >, (boost::multiprecision::expression_template_option)1>, 3ul> ParallelRoam::Algorithms::GreedyTransactionalLod::QualityEvaluation::Reference<boost::multiprecision::number<boost::multiprecision::backends::rational_adaptor<boost::multiprecision::backends::cpp_int_backend<0ul, 0ul, (boost::multiprecision::cpp_integer_type)1, (boost::multiprecision::cpp_int_check_type)0, std::allocator<unsigned long long> > >, (boost::multiprecision::expression_template_option)1> >(ParallelRoam::Algorithms::GreedyTransactionalLod::TransactionalState const&, ParallelRoam::Algorithms::GreedyTransactionalLod::TransactionalSamples const&, unsigned int)",2004008,0.011638733705772812
ParallelRoam::Tools::CpuThreadPool::WorkerLoop(),"std::_Function_handler<void (), ParallelRoam::Tools::CpuThreadPool::ParallelFor(unsigned long, std::function<void (unsigned long)> const&)::{lambda()#1}>::_M_manager(std::_Any_data&, std::_Any_data const&, std::_Manager_operation)",2004008,0.011638733705772812
"ParallelRoam::Algorithms::GreedyTransactionalLod::TransactionalSamples::Prepare(ParallelRoam::Algorithms::GreedyTransactionalLod::TransactionalState const&, ParallelRoam::Algorithms::GreedyTransactionalLod::PreparedTopology const&, ParallelRoam::Algorithms::GreedyTransactionalLod::WorkLedger&)",ParallelRoam::Algorithms::GreedyTransactionalLod::TransactionalState::Vertex(long) const,2004008,0.011638733705772812
"ParallelRoam::Algorithms::GreedyTransactionalLod::TransactionalSourceHeightReceiver::Prepare[abi:cxx11](ParallelRoam::Algorithms::GreedyTransactionalLod::TransactionalState const&, ParallelRoam::Algorithms::GreedyTransactionalLod::TransactionalSamples const&, ParallelRoam::Algorithms::GreedyTransactionalLod::Proposal&, ParallelRoam::Algorithms::GreedyTransactionalLod::WorkLedger&)","boost::multiprecision::backends::rational_adaptor<boost::multiprecision::backends::cpp_int_backend<0ul, 0ul, (boost::multiprecision::cpp_integer_type)1, (boost::multiprecision::cpp_int_check_type)0, std::allocator<unsigned long long> > >::rational_adaptor()",2004008,0.011638733705772812
ParallelRoam::Algorithms::GreedyTransactionalLod::TransactionalQualitySampleEvidence::ExactClip(),[unknown],2004008,0.011638733705772812
"auto ParallelRoam::Algorithms::GreedyTransactionalLod::TransactionalReservation::Plan(ParallelRoam::Algorithms::GreedyTransactionalLod::TransactionalState const&, ParallelRoam::Algorithms::GreedyTransactionalLod::TransactionalSamples const&, ParallelRoam::Algorithms::GreedyTransactionalLod::WorkLedger&, ParallelRoam::Algorithms::GreedyTransactionalLod::TransactionalExecution const&)::{lambda(auto:1, auto:2, ParallelRoam::Algorithms::GreedyTransactionalLod::WorkLedger&)#1}::operator()<unsigned long, unsigned long>(unsigned long, unsigned long, ParallelRoam::Algorithms::GreedyTransactionalLod::WorkLedger&) const","operator delete(void*, unsigned long)",2004008,0.011638733705772812
"auto ParallelRoam::Algorithms::GreedyTransactionalLod::TransactionalReservation::Plan(ParallelRoam::Algorithms::GreedyTransactionalLod::TransactionalState const&, ParallelRoam::Algorithms::GreedyTransactionalLod::TransactionalSamples const&, ParallelRoam::Algorithms::GreedyTransactionalLod::WorkLedger&, ParallelRoam::Algorithms::GreedyTransactionalLod::TransactionalExecution const&)::{lambda(auto:1, auto:2, ParallelRoam::Algorithms::GreedyTransactionalLod::WorkLedger&)#1}::operator()<unsigned long, unsigned long>(unsigned long, unsigned long, ParallelRoam::Algorithms::GreedyTransactionalLod::WorkLedger&) const","void std::__introsort_loop<__gnu_cxx::__normal_iterator<unsigned int*, std::vector<unsigned int, std::allocator<unsigned int> > >, long, __gnu_cxx::__ops::_Iter_less_iter>(__gnu_cxx::__normal_iterator<unsigned int*, std::vector<unsigned int, std::allocator<unsigned int> > >, __gnu_cxx::__normal_iterator<unsigned int*, std::vector<unsigned int, std::allocator<unsigned int> > >, long, __gnu_cxx::__ops::_Iter_less_iter) [clone .isra.0]",2004008,0.011638733705772812
"auto ParallelRoam::Algorithms::GreedyTransactionalLod::TransactionalReservation::Plan(ParallelRoam::Algorithms::GreedyTransactionalLod::TransactionalState const&, ParallelRoam::Algorithms::GreedyTransactionalLod::TransactionalSamples const&, ParallelRoam::Algorithms::GreedyTransactionalLod::WorkLedger&, ParallelRoam::Algorithms::GreedyTransactionalLod::TransactionalExecution const&)::{lambda(auto:1, auto:2, ParallelRoam::Algorithms::GreedyTransactionalLod::WorkLedger&)#1}::operator()<unsigned long, unsigned long>(unsigned long, unsigned long, ParallelRoam::Algorithms::GreedyTransactionalLod::WorkLedger&) const",ParallelRoam::Algorithms::GreedyTransactionalLod::TransactionalState::Vertex(long) const,2004008,0.011638733705772812
"ParallelRoam::Algorithms::GreedyTransactionalLod::(anonymous namespace)::Prepare(ParallelRoam::Algorithms::GreedyTransactionalLod::TransactionalState const&, ParallelRoam::Algorithms::GreedyTransactionalLod::TransactionalSamples const&, unsigned int, char, std::vector<unsigned int, std::allocator<unsigned int> >, ParallelRoam::Algorithms::GreedyTransactionalLod::Point const&, long, unsigned long)",__memmove_avx512_unaligned_erms,2004008,0.011638733705772812
"void boost::multiprecision::backends::divide_unsigned_helper<boost::multiprecision::backends::cpp_int_backend<0ul, 0ul, (boost::multiprecision::cpp_integer_type)1, (boost::multiprecision::cpp_int_check_type)0, std::allocator<unsigned long long> >, boost::multiprecision::backends::cpp_int_backend<0ul, 0ul, (boost::multiprecision::cpp_integer_type)1, (boost::multiprecision::cpp_int_check_type)0, std::allocator<unsigned long long> >, boost::multiprecision::backends::cpp_int_backend<0ul, 0ul, (boost::multiprecision::cpp_integer_type)1, (boost::multiprecision::cpp_int_check_type)0, std::allocator<unsigned long long> > >(boost::multiprecision::backends::cpp_int_backend<0ul, 0ul, (boost::multiprecision::cpp_integer_type)1, (boost::multiprecision::cpp_int_check_type)0, std::allocator<unsigned long long> >*, boost::multiprecision::backends::cpp_int_backend<0ul, 0ul, (boost::multiprecision::cpp_integer_type)1, (boost::multiprecision::cpp_int_check_type)0, std::allocator<unsigned long long> > const&, boost::multiprecision::backends::cpp_int_backend<0ul, 0ul, (boost::multiprecision::cpp_integer_type)1, (boost::multiprecision::cpp_int_check_type)0, std::allocator<unsigned long long> > const&, boost::multiprecision::backends::cpp_int_backend<0ul, 0ul, (boost::multiprecision::cpp_integer_type)1, (boost::multiprecision::cpp_int_check_type)0, std::allocator<unsigned long long> >&)",operator new(unsigned long)@plt,2004008,0.011638733705772812
"ParallelRoam::Algorithms::GreedyTransactionalLod::(anonymous namespace)::Prepare(ParallelRoam::Algorithms::GreedyTransactionalLod::TransactionalState const&, ParallelRoam::Algorithms::GreedyTransactionalLod::TransactionalSamples const&, unsigned int, char, std::vector<unsigned int, std::allocator<unsigned int> >, ParallelRoam::Algorithms::GreedyTransactionalLod::Point const&, long, unsigned long)",cfree@GLIBC_2.2.5,2004008,0.011638733705772812
"auto ParallelRoam::Algorithms::GreedyTransactionalLod::TransactionalReservation::Plan(ParallelRoam::Algorithms::GreedyTransactionalLod::TransactionalState const&, ParallelRoam::Algorithms::GreedyTransactionalLod::TransactionalSamples const&, ParallelRoam::Algorithms::GreedyTransactionalLod::WorkLedger&, ParallelRoam::Algorithms::GreedyTransactionalLod::TransactionalExecution const&)::{lambda(auto:1, auto:2, ParallelRoam::Algorithms::GreedyTransactionalLod::WorkLedger&)#1}::operator()<unsigned long, unsigned long>(unsigned long, unsigned long, ParallelRoam::Algorithms::GreedyTransactionalLod::WorkLedger&) const",operator new(unsigned long),2004008,0.011638733705772812
"ParallelRoam::Algorithms::GreedyTransactionalLod::TransactionalQualityFaceEvidence::ExactHeight(std::array<boost::multiprecision::number<boost::multiprecision::backends::rational_adaptor<boost::multiprecision::backends::cpp_int_backend<0ul, 0ul, (boost::multiprecision::cpp_integer_type)1, (boost::multiprecision::cpp_int_check_type)0, std::allocator<unsigned long long> > >, (boost::multiprecision::expression_template_option)1>, 2ul> const&)","void boost::multiprecision::number<boost::multiprecision::backends::rational_adaptor<boost::multiprecision::backends::cpp_int_backend<0ul, 0ul, (boost::multiprecision::cpp_integer_type)1, (boost::multiprecision::cpp_int_check_type)0, std::allocator<unsigned long long> > >, (boost::multiprecision::expression_template_option)1>::do_assign<boost::multiprecision::detail::expression<boost::multiprecision::detail::minus, boost::multiprecision::detail::expression<boost::multiprecision::detail::multiplies, boost::multiprecision::detail::expression<boost::multiprecision::detail::subtract_immediates, boost::multiprecision::number<boost::multiprecision::backends::rational_adaptor<boost::multiprecision::backends::cpp_int_backend<0ul, 0ul, (boost::multiprecision::cpp_integer_type)1, (boost::multiprecision::cpp_int_check_type)0, std::allocator<unsigned long long> > >, (boost::multiprecision::expression_template_option)1>, boost::multiprecision::number<boost::multiprecision::backends::rational_adaptor<boost::multiprecision::backends::cpp_int_backend<0ul, 0ul, (boost::multiprecision::cpp_integer_type)1, (boost::multiprecision::cpp_int_check_type)0, std::allocator<unsigned long long> > >, (boost::multiprecision::expression_template_option)1>, void, void>, boost::multiprecision::detail::expression<boost::multiprecision::detail::subtract_immediates, boost::multiprecision::number<boost::multiprecision::backends::rational_adaptor<boost::multiprecision::backends::cpp_int_backend<0ul, 0ul, (boost::multiprecision::cpp_integer_type)1, (boost::multiprecision::cpp_int_check_type)0, std::allocator<unsigned long long> > >, (boost::multiprecision::expression_template_option)1>, boost::multiprecision::number<boost::multiprecision::backends::rational_adaptor<boost::multiprecision::backends::cpp_int_backend<0ul, 0ul, (boost::multiprecision::cpp_integer_type)1, (boost::multiprecision::cpp_int_check_type)0, std::allocator<unsigned long long> > >, (boost::multiprecision::expression_template_option)1>, void, void>, void, void>, boost::multiprecision::detail::expression<boost::multiprecision::detail::multiplies, boost::multiprecision::detail::expression<boost::multiprecision::detail::subtract_immediates, boost::multiprecision::number<boost::multiprecision::backends::rational_adaptor<boost::multiprecision::backends::cpp_int_backend<0ul, 0ul, (boost::multiprecision::cpp_integer_type)1, (boost::multiprecision::cpp_int_check_type)0, std::allocator<unsigned long long> > >, (boost::multiprecision::expression_template_option)1>, boost::multiprecision::number<boost::multiprecision::backends::rational_adaptor<boost::multiprecision::backends::cpp_int_backend<0ul, 0ul, (boost::multiprecision::cpp_integer_type)1, (boost::multiprecision::cpp_int_check_type)0, std::allocator<unsigned long long> > >, (boost::multiprecision::expression_template_option)1>, void, void>, boost::multiprecision::detail::expression<boost::multiprecision::detail::subtract_immediates, boost::multiprecision::number<boost::multiprecision::backends::rational_adaptor<boost::multiprecision::backends::cpp_int_backend<0ul, 0ul, (boost::multiprecision::cpp_integer_type)1, (boost::multiprecision::cpp_int_check_type)0, std::allocator<unsigned long long> > >, (boost::multiprecision::expression_template_option)1>, boost::multiprecision::number<boost::multiprecision::backends::rational_adaptor<boost::multiprecision::backends::cpp_int_backend<0ul, 0ul, (boost::multiprecision::cpp_integer_type)1, (boost::multiprecision::cpp_int_check_type)0, std::allocator<unsigned long long> > >, (boost::multiprecision::expression_template_option)1>, void, void>, void, void>, void, void> >(boost::multiprecision::detail::expression<boost::multiprecision::detail::minus, boost::multiprecision::detail::expression<boost::multiprecision::detail::multiplies, boost::multiprecision::detail::expression<boost::multiprecision::detail::subtract_immediates, boost::multiprecision::number<boost::multiprecision::backends::rational_adaptor<boost::multiprecision::backends::cpp_int_backend<0ul, 0ul, (boost::multiprecision::cpp_integer_type)1, (boost::multiprecision::cpp_int_check_type)0, std::allocator<unsigned long long> > >, (boost::multiprecision::expression_template_option)1>, boost::multiprecision::number<boost::multiprecision::backends::rational_adaptor<boost::multiprecision::backends::cpp_int_backend<0ul, 0ul, (boost::multiprecision::cpp_integer_type)1, (boost::multiprecision::cpp_int_check_type)0, std::allocator<unsigned long long> > >, (boost::multiprecision::expression_template_option)1>, void, void>, boost::multiprecision::detail::expression<boost::multiprecision::detail::subtract_immediates, boost::multiprecision::number<boost::multiprecision::backends::rational_adaptor<boost::multiprecision::backends::cpp_int_backend<0ul, 0ul, (boost::multiprecision::cpp_integer_type)1, (boost::multiprecision::cpp_int_check_type)0, std::allocator<unsigned long long> > >, (boost::multiprecision::expression_template_option)1>, boost::multiprecision::number<boost::multiprecision::backends::rational_adaptor<boost::multiprecision::backends::cpp_int_backend<0ul, 0ul, (boost::multiprecision::cpp_integer_type)1, (boost::multiprecision::cpp_int_check_type)0, std::allocator<unsigned long long> > >, (boost::multiprecision::expression_template_option)1>, void, void>, void, void>, boost::multiprecision::detail::expression<boost::multiprecision::detail::multiplies, boost::multiprecision::detail::expression<boost::multiprecision::detail::subtract_immediates, boost::multiprecision::number<boost::multiprecision::backends::rational_adaptor<boost::multiprecision::backends::cpp_int_backend<0ul, 0ul, (boost::multiprecision::cpp_integer_type)1, (boost::multiprecision::cpp_int_check_type)0, std::allocator<unsigned long long> > >, (boost::multiprecision::expression_template_option)1>, boost::multiprecision::number<boost::multiprecision::backends::rational_adaptor<boost::multiprecision::backends::cpp_int_backend<0ul, 0ul, (boost::multiprecision::cpp_integer_type)1, (boost::multiprecision::cpp_int_check_type)0, std::allocator<unsigned long long> > >, (boost::multiprecision::expression_template_option)1>, void, void>, boost::multiprecision::detail::expression<boost::multiprecision::detail::subtract_immediates, boost::multiprecision::number<boost::multiprecision::backends::rational_adaptor<boost::multiprecision::backends::cpp_int_backend<0ul, 0ul, (boost::multiprecision::cpp_integer_type)1, (boost::multiprecision::cpp_int_check_type)0, std::allocator<unsigned long long> > >, (boost::multiprecision::expression_template_option)1>, boost::multiprecision::number<boost::multiprecision::backends::rational_adaptor<boost::multiprecision::backends::cpp_int_backend<0ul, 0ul, (boost::multiprecision::cpp_integer_type)1, (boost::multiprecision::cpp_int_check_type)0, std::allocator<unsigned long long> > >, (boost::multiprecision::expression_template_option)1>, void, void>, void, void>, void, void> const&, boost::multiprecision::detail::minus const&) [clone .isra.0]",2004008,0.011638733705772812
"std::array<boost::multiprecision::number<boost::multiprecision::backends::rational_adaptor<boost::multiprecision::backends::cpp_int_backend<0ul, 0ul, (boost::multiprecision::cpp_integer_type)1, (boost::multiprecision::cpp_int_check_type)0, std::allocator<unsigned long long> > >, (boost::multiprecision::expression_template_option)1>, 4ul> ParallelRoam::Algorithms::GreedyTransactionalLod::QualityEvaluation::Clip<boost::multiprecision::number<boost::multiprecision::backends::rational_adaptor<boost::multiprecision::backends::cpp_int_backend<0ul, 0ul, (boost::multiprecision::cpp_integer_type)1, (boost::multiprecision::cpp_int_check_type)0, std::allocator<unsigned long long> > >, (boost::multiprecision::expression_template_option)1> >(ParallelRoam::Algorithms::GreedyTransactionalLod::Configuration const&, boost::multiprecision::number<boost::multiprecision::backends::rational_adaptor<boost::multiprecision::backends::cpp_int_backend<0ul, 0ul, (boost::multiprecision::cpp_integer_type)1, (boost::multiprecision::cpp_int_check_type)0, std::allocator<unsigned long long> > >, (boost::multiprecision::expression_template_option)1> const&, boost::multiprecision::number<boost::multiprecision::backends::rational_adaptor<boost::multiprecision::backends::cpp_int_backend<0ul, 0ul, (boost::multiprecision::cpp_integer_type)1, (boost::multiprecision::cpp_int_check_type)0, std::allocator<unsigned long long> > >, (boost::multiprecision::expression_template_option)1> const&, boost::multiprecision::number<boost::multiprecision::backends::rational_adaptor<boost::multiprecision::backends::cpp_int_backend<0ul, 0ul, (boost::multiprecision::cpp_integer_type)1, (boost::multiprecision::cpp_int_check_type)0, std::allocator<unsigned long long> > >, (boost::multiprecision::expression_template_option)1> const&)","void boost::multiprecision::backends::add_unsigned<boost::multiprecision::backends::cpp_int_backend<0ul, 0ul, (boost::multiprecision::cpp_integer_type)1, (boost::multiprecision::cpp_int_check_type)0, std::allocator<unsigned long long> >, boost::multiprecision::backends::cpp_int_backend<0ul, 0ul, (boost::multiprecision::cpp_integer_type)1, (boost::multiprecision::cpp_int_check_type)0, std::allocator<unsigned long long> >, boost::multiprecision::backends::cpp_int_backend<0ul, 0ul, (boost::multiprecision::cpp_integer_type)1, (boost::multiprecision::cpp_int_check_type)0, std::allocator<unsigned long long> > >(boost::multiprecision::backends::cpp_int_backend<0ul, 0ul, (boost::multiprecision::cpp_integer_type)1, (boost::multiprecision::cpp_int_check_type)0, std::allocator<unsigned long long> >&, boost::multiprecision::backends::cpp_int_backend<0ul, 0ul, (boost::multiprecision::cpp_integer_type)1, (boost::multiprecision::cpp_int_check_type)0, std::allocator<unsigned long long> > const&, boost::multiprecision::backends::cpp_int_backend<0ul, 0ul, (boost::multiprecision::cpp_integer_type)1, (boost::multiprecision::cpp_int_check_type)0, std::allocator<unsigned long long> > const&)",2004008,0.011638733705772812
"ParallelRoam::Algorithms::GreedyTransactionalLod::QualityEvaluation::SameInterface(ParallelRoam::Algorithms::GreedyTransactionalLod::TransactionalState const&, ParallelRoam::Algorithms::GreedyTransactionalLod::Proposal const&, bool, std::vector<std::array<ParallelRoam::Algorithms::GreedyTransactionalLod::Point, 3ul>, std::allocator<std::array<ParallelRoam::Algorithms::GreedyTransactionalLod::Point, 3ul> > > const&, std::vector<std::array<ParallelRoam::Algorithms::GreedyTransactionalLod::Point, 3ul>, std::allocator<std::array<ParallelRoam::Algorithms::GreedyTransactionalLod::Point, 3ul> > > const&)","std::enable_if<!boost::multiprecision::backends::is_trivial_cpp_int<boost::multiprecision::backends::cpp_int_backend<0ul, 0ul, (boost::multiprecision::cpp_integer_type)1, (boost::multiprecision::cpp_int_check_type)0, std::allocator<unsigned long long> > >::value, unsigned long>::type boost::multiprecision::backends::eval_msb<0ul, 0ul, (boost::multiprecision::cpp_integer_type)1, (boost::multiprecision::cpp_int_check_type)0, std::allocator<unsigned long long> >(boost::multiprecision::backends::cpp_int_backend<0ul, 0ul, (boost::multiprecision::cpp_integer_type)1, (boost::multiprecision::cpp_int_check_type)0, std::allocator<unsigned long long> > const&)",2004008,0.011638733705772812
"ParallelRoam::Algorithms::GreedyTransactionalLod::TransactionalPipeline::Apply(ParallelRoam::Algorithms::GreedyTransactionalLod::CertifiedBatch const&, ParallelRoam::Algorithms::GreedyTransactionalLod::WorkLedger&)","ParallelRoam::Algorithms::GreedyTransactionalLod::TransactionalSamples::SourceHeight(unsigned int, unsigned int, double) const",2004008,0.011638733705772812
"auto ParallelRoam::Algorithms::GreedyTransactionalLod::TransactionalReservation::Plan(ParallelRoam::Algorithms::GreedyTransactionalLod::TransactionalState const&, ParallelRoam::Algorithms::GreedyTransactionalLod::TransactionalSamples const&, ParallelRoam::Algorithms::GreedyTransactionalLod::WorkLedger&, ParallelRoam::Algorithms::GreedyTransactionalLod::TransactionalExecution const&)::{lambda(auto:1, auto:2, ParallelRoam::Algorithms::GreedyTransactionalLod::WorkLedger&)#1}::operator()<unsigned long, unsigned long>(unsigned long, unsigned long, ParallelRoam::Algorithms::GreedyTransactionalLod::WorkLedger&) const","std::_Rb_tree_iterator<std::pair<std::__cxx11::basic_string<char, std::char_traits<char>, std::allocator<char> > const, double> > std::_Rb_tree<std::__cxx11::basic_string<char, std::char_traits<char>, std::allocator<char> >, std::pair<std::__cxx11::basic_string<char, std::char_traits<char>, std::allocator<char> > const, double>, std::_Select1st<std::pair<std::__cxx11::basic_string<char, std::char_traits<char>, std::allocator<char> > const, double> >, std::less<std::__cxx11::basic_string<char, std::char_traits<char>, std::allocator<char> > >, std::allocator<std::pair<std::__cxx11::basic_string<char, std::char_traits<char>, std::allocator<char> > const, double> > >::_M_emplace_hint_unique<std::piecewise_construct_t const&, std::tuple<std::__cxx11::basic_string<char, std::char_traits<char>, std::allocator<char> >&&>, std::tuple<> >(std::_Rb_tree_const_iterator<std::pair<std::__cxx11::basic_string<char, std::char_traits<char>, std::allocator<char> > const, double> >, std::piecewise_construct_t const&, std::tuple<std::__cxx11::basic_string<char, std::char_traits<char>, std::allocator<char> >&&>&&, std::tuple<>&&) [clone .isra.0]",2004008,0.011638733705772812
"std::_Rb_tree_iterator<std::pair<std::__cxx11::basic_string<char, std::char_traits<char>, std::allocator<char> > const, double> > std::_Rb_tree<std::__cxx11::basic_string<char, std::char_traits<char>, std::allocator<char> >, std::pair<std::__cxx11::basic_string<char, std::char_traits<char>, std::allocator<char> > const, double>, std::_Select1st<std::pair<std::__cxx11::basic_string<char, std::char_traits<char>, std::allocator<char> > const, double> >, std::less<std::__cxx11::basic_string<char, std::char_traits<char>, std::allocator<char> > >, std::allocator<std::pair<std::__cxx11::basic_string<char, std::char_traits<char>, std::allocator<char> > const, double> > >::_M_emplace_hint_unique<std::piecewise_construct_t const&, std::tuple<std::__cxx11::basic_string<char, std::char_traits<char>, std::allocator<char> >&&>, std::tuple<> >(std::_Rb_tree_const_iterator<std::pair<std::__cxx11::basic_string<char, std::char_traits<char>, std::allocator<char> > const, double> >, std::piecewise_construct_t const&, std::tuple<std::__cxx11::basic_string<char, std::char_traits<char>, std::allocator<char> >&&>&&, std::tuple<>&&) [clone .isra.0]",malloc,2004008,0.011638733705772812
"std::array<boost::multiprecision::number<boost::multiprecision::backends::rational_adaptor<boost::multiprecision::backends::cpp_int_backend<0ul, 0ul, (boost::multiprecision::cpp_integer_type)1, (boost::multiprecision::cpp_int_check_type)0, std::allocator<unsigned long long> > >, (boost::multiprecision::expression_template_option)1>, 4ul> ParallelRoam::Algorithms::GreedyTransactionalLod::QualityEvaluation::Clip<boost::multiprecision::number<boost::multiprecision::backends::rational_adaptor<boost::multiprecision::backends::cpp_int_backend<0ul, 0ul, (boost::multiprecision::cpp_integer_type)1, (boost::multiprecision::cpp_int_check_type)0, std::allocator<unsigned long long> > >, (boost::multiprecision::expression_template_option)1> >(ParallelRoam::Algorithms::GreedyTransactionalLod::Configuration const&, boost::multiprecision::number<boost::multiprecision::backends::rational_adaptor<boost::multiprecision::backends::cpp_int_backend<0ul, 0ul, (boost::multiprecision::cpp_integer_type)1, (boost::multiprecision::cpp_int_check_type)0, std::allocator<unsigned long long> > >, (boost::multiprecision::expression_template_option)1> const&, boost::multiprecision::number<boost::multiprecision::backends::rational_adaptor<boost::multiprecision::backends::cpp_int_backend<0ul, 0ul, (boost::multiprecision::cpp_integer_type)1, (boost::multiprecision::cpp_int_check_type)0, std::allocator<unsigned long long> > >, (boost::multiprecision::expression_template_option)1> const&, boost::multiprecision::number<boost::multiprecision::backends::rational_adaptor<boost::multiprecision::backends::cpp_int_backend<0ul, 0ul, (boost::multiprecision::cpp_integer_type)1, (boost::multiprecision::cpp_int_check_type)0, std::allocator<unsigned long long> > >, (boost::multiprecision::expression_template_option)1> const&)",ldexpl@plt,2004008,0.011638733705772812
"std::array<boost::multiprecision::number<boost::multiprecision::backends::rational_adaptor<boost::multiprecision::backends::cpp_int_backend<0ul, 0ul, (boost::multiprecision::cpp_integer_type)1, (boost::multiprecision::cpp_int_check_type)0, std::allocator<unsigned long long> > >, (boost::multiprecision::expression_template_option)1>, 4ul> ParallelRoam::Algorithms::GreedyTransactionalLod::QualityEvaluation::Clip<boost::multiprecision::number<boost::multiprecision::backends::rational_adaptor<boost::multiprecision::backends::cpp_int_backend<0ul, 0ul, (boost::multiprecision::cpp_integer_type)1, (boost::multiprecision::cpp_int_check_type)0, std::allocator<unsigned long long> > >, (boost::multiprecision::expression_template_option)1> >(ParallelRoam::Algorithms::GreedyTransactionalLod::Configuration const&, boost::multiprecision::number<boost::multiprecision::backends::rational_adaptor<boost::multiprecision::backends::cpp_int_backend<0ul, 0ul, (boost::multiprecision::cpp_integer_type)1, (boost::multiprecision::cpp_int_check_type)0, std::allocator<unsigned long long> > >, (boost::multiprecision::expression_template_option)1> const&, boost::multiprecision::number<boost::multiprecision::backends::rational_adaptor<boost::multiprecision::backends::cpp_int_backend<0ul, 0ul, (boost::multiprecision::cpp_integer_type)1, (boost::multiprecision::cpp_int_check_type)0, std::allocator<unsigned long long> > >, (boost::multiprecision::expression_template_option)1> const&, boost::multiprecision::number<boost::multiprecision::backends::rational_adaptor<boost::multiprecision::backends::cpp_int_backend<0ul, 0ul, (boost::multiprecision::cpp_integer_type)1, (boost::multiprecision::cpp_int_check_type)0, std::allocator<unsigned long long> > >, (boost::multiprecision::expression_template_option)1> const&)","boost::multiprecision::backends::cpp_int_base<0ul, 18446744073709551615ul, (boost::multiprecision::cpp_integer_type)1, (boost::multiprecision::cpp_int_check_type)0, std::allocator<unsigned long long>, false>::assign(boost::multiprecision::backends::cpp_int_base<0ul, 18446744073709551615ul, (boost::multiprecision::cpp_integer_type)1, (boost::multiprecision::cpp_int_check_type)0, std::allocator<unsigned long long>, false> const&) [clone .part.0]",2004008,0.011638733705772812
"std::enable_if<(!boost::multiprecision::backends::is_trivial_cpp_int<boost::multiprecision::backends::cpp_int_backend<0ul, 0ul, (boost::multiprecision::cpp_integer_type)1, (boost::multiprecision::cpp_int_check_type)0, std::allocator<unsigned long long> > >::value)&&(!boost::multiprecision::backends::is_trivial_cpp_int<boost::multiprecision::backends::cpp_int_backend<0ul, 0ul, (boost::multiprecision::cpp_integer_type)1, (boost::multiprecision::cpp_int_check_type)0, std::allocator<unsigned long long> > >::value), void>::type boost::multiprecision::backends::eval_multiply<0ul, 0ul, (boost::multiprecision::cpp_integer_type)1, (boost::multiprecision::cpp_int_check_type)0, std::allocator<unsigned long long>, 0ul, 0ul, (boost::multiprecision::cpp_integer_type)1, (boost::multiprecision::cpp_int_check_type)0, std::allocator<unsigned long long> >(boost::multiprecision::backends::cpp_int_backend<0ul, 0ul, (boost::multiprecision::cpp_integer_type)1, (boost::multiprecision::cpp_int_check_type)0, std::allocator<unsigned long long> >&, boost::multiprecision::backends::cpp_int_backend<0ul, 0ul, (boost::multiprecision::cpp_integer_type)1, (boost::multiprecision::cpp_int_check_type)0, std::allocator<unsigned long long> > const&, unsigned long long const&)",malloc@plt,2004008,0.011638733705772812
"auto ParallelRoam::Algorithms::GreedyTransactionalLod::TransactionalReservation::Plan(ParallelRoam::Algorithms::GreedyTransactionalLod::TransactionalState const&, ParallelRoam::Algorithms::GreedyTransactionalLod::TransactionalSamples const&, ParallelRoam::Algorithms::GreedyTransactionalLod::WorkLedger&, ParallelRoam::Algorithms::GreedyTransactionalLod::TransactionalExecution const&)::{lambda(auto:1, auto:2, ParallelRoam::Algorithms::GreedyTransactionalLod::WorkLedger&)#1}::operator()<unsigned long, unsigned long>(unsigned long, unsigned long, ParallelRoam::Algorithms::GreedyTransactionalLod::WorkLedger&) const",_int_free_chunk,2004008,0.011638733705772812
"auto ParallelRoam::Algorithms::GreedyTransactionalLod::TransactionalReservation::Plan(ParallelRoam::Algorithms::GreedyTransactionalLod::TransactionalState const&, ParallelRoam::Algorithms::GreedyTransactionalLod::TransactionalSamples const&, ParallelRoam::Algorithms::GreedyTransactionalLod::WorkLedger&, ParallelRoam::Algorithms::GreedyTransactionalLod::TransactionalExecution const&)::{lambda(auto:1, auto:2, ParallelRoam::Algorithms::GreedyTransactionalLod::WorkLedger&)#1}::operator()<unsigned long, unsigned long>(unsigned long, unsigned long, ParallelRoam::Algorithms::GreedyTransactionalLod::WorkLedger&) const",memcpy@plt,2004008,0.011638733705772812
"ParallelRoam::Algorithms::GreedyTransactionalLod::TransactionalPipeline::Apply(ParallelRoam::Algorithms::GreedyTransactionalLod::CertifiedBatch const&, ParallelRoam::Algorithms::GreedyTransactionalLod::WorkLedger&)",cfree@GLIBC_2.2.5,2004008,0.011638733705772812
"ParallelRoam::Algorithms::GreedyTransactionalLod::TransactionalQualityFaceEvidence::Coefficients<boost::multiprecision::number<boost::multiprecision::backends::rational_adaptor<boost::multiprecision::backends::cpp_int_backend<0ul, 0ul, (boost::multiprecision::cpp_integer_type)1, (boost::multiprecision::cpp_int_check_type)0, std::allocator<unsigned long long> > >, (boost::multiprecision::expression_template_option)1> > ParallelRoam::Algorithms::GreedyTransactionalLod::TransactionalQualityFaceEvidence::Prepare<boost::multiprecision::number<boost::multiprecision::backends::rational_adaptor<boost::multiprecision::backends::cpp_int_backend<0ul, 0ul, (boost::multiprecision::cpp_integer_type)1, (boost::multiprecision::cpp_int_check_type)0, std::allocator<unsigned long long> > >, (boost::multiprecision::expression_template_option)1> >() const",memcpy@plt,2004008,0.011638733705772812
"ParallelRoam::Algorithms::GreedyTransactionalLod::TransactionalPredicates::Orientation(ParallelRoam::Algorithms::GreedyTransactionalLod::Point const&, ParallelRoam::Algorithms::GreedyTransactionalLod::Point const&, ParallelRoam::Algorithms::GreedyTransactionalLod::Point const&)",__frexpl,2004008,0.011638733705772812
"ParallelRoam::Algorithms::GreedyTransactionalLod::QualityEvaluation::SameInterface(ParallelRoam::Algorithms::GreedyTransactionalLod::TransactionalState const&, ParallelRoam::Algorithms::GreedyTransactionalLod::Proposal const&, bool, std::vector<std::array<ParallelRoam::Algorithms::GreedyTransactionalLod::Point, 3ul>, std::allocator<std::array<ParallelRoam::Algorithms::GreedyTransactionalLod::Point, 3ul> > > const&, std::vector<std::array<ParallelRoam::Algorithms::GreedyTransactionalLod::Point, 3ul>, std::allocator<std::array<ParallelRoam::Algorithms::GreedyTransactionalLod::Point, 3ul> > > const&)","void boost::multiprecision::backends::divide_unsigned_helper<boost::multiprecision::backends::cpp_int_backend<0ul, 0ul, (boost::multiprecision::cpp_integer_type)1, (boost::multiprecision::cpp_int_check_type)0, std::allocator<unsigned long long> >, boost::multiprecision::backends::cpp_int_backend<0ul, 0ul, (boost::multiprecision::cpp_integer_type)1, (boost::multiprecision::cpp_int_check_type)0, std::allocator<unsigned long long> > >(boost::multiprecision::backends::cpp_int_backend<0ul, 0ul, (boost::multiprecision::cpp_integer_type)1, (boost::multiprecision::cpp_int_check_type)0, std::allocator<unsigned long long> >*, boost::multiprecision::backends::cpp_int_backend<0ul, 0ul, (boost::multiprecision::cpp_integer_type)1, (boost::multiprecision::cpp_int_check_type)0, std::allocator<unsigned long long> > const&, unsigned long long, boost::multiprecision::backends::cpp_int_backend<0ul, 0ul, (boost::multiprecision::cpp_integer_type)1, (boost::multiprecision::cpp_int_check_type)0, std::allocator<unsigned long long> >&)",2004008,0.011638733705772812
"ParallelRoam::Algorithms::GreedyTransactionalLod::TransactionalPredicates::Shape(ParallelRoam::Algorithms::GreedyTransactionalLod::Point const&, ParallelRoam::Algorithms::GreedyTransactionalLod::Point const&, ParallelRoam::Algorithms::GreedyTransactionalLod::Point const&)","boost::multiprecision::backends::cpp_int_base<0ul, 18446744073709551615ul, (boost::multiprecision::cpp_integer_type)1, (boost::multiprecision::cpp_int_check_type)0, std::allocator<unsigned long long>, false>::assign(boost::multiprecision::backends::cpp_int_base<0ul, 18446744073709551615ul, (boost::multiprecision::cpp_integer_type)1, (boost::multiprecision::cpp_int_check_type)0, std::allocator<unsigned long long>, false> const&) [clone .part.0]",2004008,0.011638733705772812
"boost::multiprecision::number<boost::multiprecision::backends::rational_adaptor<boost::multiprecision::backends::cpp_int_backend<0ul, 0ul, (boost::multiprecision::cpp_integer_type)1, (boost::multiprecision::cpp_int_check_type)0, std::allocator<unsigned long long> > >, (boost::multiprecision::expression_template_option)1> ParallelRoam::Algorithms::GreedyTransactionalLod::TransactionalQualityFaceEvidence::Interpolate<boost::multiprecision::number<boost::multiprecision::backends::rational_adaptor<boost::multiprecision::backends::cpp_int_backend<0ul, 0ul, (boost::multiprecision::cpp_integer_type)1, (boost::multiprecision::cpp_int_check_type)0, std::allocator<unsigned long long> > >, (boost::multiprecision::expression_template_option)1> >(ParallelRoam::Algorithms::GreedyTransactionalLod::TransactionalQualityFaceEvidence::Coefficients<boost::multiprecision::number<boost::multiprecision::backends::rational_adaptor<boost::multiprecision::backends::cpp_int_backend<0ul, 0ul, (boost::multiprecision::cpp_integer_type)1, (boost::multiprecision::cpp_int_check_type)0, std::allocator<unsigned long long> > >, (boost::multiprecision::expression_template_option)1> > const&, std::array<boost::multiprecision::number<boost::multiprecision::backends::rational_adaptor<boost::multiprecision::backends::cpp_int_backend<0ul, 0ul, (boost::multiprecision::cpp_integer_type)1, (boost::multiprecision::cpp_int_check_type)0, std::allocator<unsigned long long> > >, (boost::multiprecision::expression_template_option)1>, 2ul> const&)","std::enable_if<((!boost::multiprecision::backends::is_trivial_cpp_int<boost::multiprecision::backends::cpp_int_backend<0ul, 0ul, (boost::multiprecision::cpp_integer_type)1, (boost::multiprecision::cpp_int_check_type)0, std::allocator<unsigned long long> > >::value)&&(!boost::multiprecision::backends::is_trivial_cpp_int<boost::multiprecision::backends::cpp_int_backend<0ul, 0ul, (boost::multiprecision::cpp_integer_type)1, (boost::multiprecision::cpp_int_check_type)0, std::allocator<unsigned long long> > >::value))&&(!boost::multiprecision::backends::is_trivial_cpp_int<boost::multiprecision::backends::cpp_int_backend<0ul, 0ul, (boost::multiprecision::cpp_integer_type)1, (boost::multiprecision::cpp_int_check_type)0, std::allocator<unsigned long long> > >::value), void>::type boost::multiprecision::backends::eval_multiply<0ul, 0ul, (boost::multiprecision::cpp_integer_type)1, (boost::multiprecision::cpp_int_check_type)0, std::allocator<unsigned long long>, 0ul, 0ul, (boost::multiprecision::cpp_integer_type)1, (boost::multiprecision::cpp_int_check_type)0, std::allocator<unsigned long long>, 0ul, 0ul, (boost::multiprecision::cpp_integer_type)1, (boost::multiprecision::cpp_int_check_type)0, std::allocator<unsigned long long> >(boost::multiprecision::backends::cpp_int_backend<0ul, 0ul, (boost::multiprecision::cpp_integer_type)1, (boost::multiprecision::cpp_int_check_type)0, std::allocator<unsigned long long> >&, boost::multiprecision::backends::cpp_int_backend<0ul, 0ul, (boost::multiprecision::cpp_integer_type)1, (boost::multiprecision::cpp_int_check_type)0, std::allocator<unsigned long long> > const&, boost::multiprecision::backends::cpp_int_backend<0ul, 0ul, (boost::multiprecision::cpp_integer_type)1, (boost::multiprecision::cpp_int_check_type)0, std::allocator<unsigned long long> > const&)",2004008,0.011638733705772812
"std::optional<boost::multiprecision::number<boost::multiprecision::backends::rational_adaptor<boost::multiprecision::backends::cpp_int_backend<0ul, 0ul, (boost::multiprecision::cpp_integer_type)1, (boost::multiprecision::cpp_int_check_type)0, std::allocator<unsigned long long> > >, (boost::multiprecision::expression_template_option)1> > ParallelRoam::Algorithms::GreedyTransactionalLod::QualityEvaluation::ScreenPrepared<boost::multiprecision::number<boost::multiprecision::backends::rational_adaptor<boost::multiprecision::backends::cpp_int_backend<0ul, 0ul, (boost::multiprecision::cpp_integer_type)1, (boost::multiprecision::cpp_int_check_type)0, std::allocator<unsigned long long> > >, (boost::multiprecision::expression_template_option)1> >(ParallelRoam::Algorithms::GreedyTransactionalLod::Configuration const&, std::array<boost::multiprecision::number<boost::multiprecision::backends::rational_adaptor<boost::multiprecision::backends::cpp_int_backend<0ul, 0ul, (boost::multiprecision::cpp_integer_type)1, (boost::multiprecision::cpp_int_check_type)0, std::allocator<unsigned long long> > >, (boost::multiprecision::expression_template_option)1>, 3ul> const&, std::array<boost::multiprecision::number<boost::multiprecision::backends::rational_adaptor<boost::multiprecision::backends::cpp_int_backend<0ul, 0ul, (boost::multiprecision::cpp_integer_type)1, (boost::multiprecision::cpp_int_check_type)0, std::allocator<unsigned long long> > >, (boost::multiprecision::expression_template_option)1>, 4ul> const&, boost::multiprecision::number<boost::multiprecision::backends::rational_adaptor<boost::multiprecision::backends::cpp_int_backend<0ul, 0ul, (boost::multiprecision::cpp_integer_type)1, (boost::multiprecision::cpp_int_check_type)0, std::allocator<unsigned long long> > >, (boost::multiprecision::expression_template_option)1> const&)","void boost::multiprecision::backends::eval_multiply_imp<boost::multiprecision::backends::cpp_int_backend<0ul, 0ul, (boost::multiprecision::cpp_integer_type)1, (boost::multiprecision::cpp_int_check_type)0, std::allocator<unsigned long long> > >(boost::multiprecision::backends::rational_adaptor<boost::multiprecision::backends::cpp_int_backend<0ul, 0ul, (boost::multiprecision::cpp_integer_type)1, (boost::multiprecision::cpp_int_check_type)0, std::allocator<unsigned long long> > >&, boost::multiprecision::backends::rational_adaptor<boost::multiprecision::backends::cpp_int_backend<0ul, 0ul, (boost::multiprecision::cpp_integer_type)1, (boost::multiprecision::cpp_int_check_type)0, std::allocator<unsigned long long> > > const&, boost::multiprecision::backends::cpp_int_backend<0ul, 0ul, (boost::multiprecision::cpp_integer_type)1, (boost::multiprecision::cpp_int_check_type)0, std::allocator<unsigned long long> > const&, boost::multiprecision::backends::cpp_int_backend<0ul, 0ul, (boost::multiprecision::cpp_integer_type)1, (boost::multiprecision::cpp_int_check_type)0, std::allocator<unsigned long long> > const&)",2004008,0.011638733705772812
"void boost::multiprecision::backends::subtract_unsigned<boost::multiprecision::backends::cpp_int_backend<0ul, 0ul, (boost::multiprecision::cpp_integer_type)1, (boost::multiprecision::cpp_int_check_type)0, std::allocator<unsigned long long> >, boost::multiprecision::backends::cpp_int_backend<0ul, 0ul, (boost::multiprecision::cpp_integer_type)1, (boost::multiprecision::cpp_int_check_type)0, std::allocator<unsigned long long> >, boost::multiprecision::backends::cpp_int_backend<0ul, 0ul, (boost::multiprecision::cpp_integer_type)1, (boost::multiprecision::cpp_int_check_type)0, std::allocator<unsigned long long> > >(boost::multiprecision::backends::cpp_int_backend<0ul, 0ul, (boost::multiprecision::cpp_integer_type)1, (boost::multiprecision::cpp_int_check_type)0, std::allocator<unsigned long long> >&, boost::multiprecision::backends::cpp_int_backend<0ul, 0ul, (boost::multiprecision::cpp_integer_type)1, (boost::multiprecision::cpp_int_check_type)0, std::allocator<unsigned long long> > const&, boost::multiprecision::backends::cpp_int_backend<0ul, 0ul, (boost::multiprecision::cpp_integer_type)1, (boost::multiprecision::cpp_int_check_type)0, std::allocator<unsigned long long> > const&)",malloc@plt,2004008,0.011638733705772812
ParallelRoam::Algorithms::GreedyTransactionalLod::QualityEvaluation::(anonymous namespace)::BinaryFloor(double),__memset_avx512_unaligned_erms,2004008,0.011638733705772812
"std::enable_if<std::is_convertible<unsigned long long, boost::multiprecision::backends::cpp_int_backend<0ul, 0ul, (boost::multiprecision::cpp_integer_type)1, (boost::multiprecision::cpp_int_check_type)0, std::allocator<unsigned long long> > >::value&&std::is_integral<unsigned long long>::value, void>::type boost::multiprecision::backends::eval_divide<boost::multiprecision::backends::cpp_int_backend<0ul, 0ul, (boost::multiprecision::cpp_integer_type)1, (boost::multiprecision::cpp_int_check_type)0, std::allocator<unsigned long long> >, unsigned long long>(boost::multiprecision::backends::rational_adaptor<boost::multiprecision::backends::cpp_int_backend<0ul, 0ul, (boost::multiprecision::cpp_integer_type)1, (boost::multiprecision::cpp_int_check_type)0, std::allocator<unsigned long long> > >&, unsigned long long)","void boost::multiprecision::backends::divide_unsigned_helper<boost::multiprecision::backends::cpp_int_backend<0ul, 0ul, (boost::multiprecision::cpp_integer_type)1, (boost::multiprecision::cpp_int_check_type)0, std::allocator<unsigned long long> >, boost::multiprecision::backends::cpp_int_backend<0ul, 0ul, (boost::multiprecision::cpp_integer_type)1, (boost::multiprecision::cpp_int_check_type)0, std::allocator<unsigned long long> > >(boost::multiprecision::backends::cpp_int_backend<0ul, 0ul, (boost::multiprecision::cpp_integer_type)1, (boost::multiprecision::cpp_int_check_type)0, std::allocator<unsigned long long> >*, boost::multiprecision::backends::cpp_int_backend<0ul, 0ul, (boost::multiprecision::cpp_integer_type)1, (boost::multiprecision::cpp_int_check_type)0, std::allocator<unsigned long long> > const&, unsigned long long, boost::multiprecision::backends::cpp_int_backend<0ul, 0ul, (boost::multiprecision::cpp_integer_type)1, (boost::multiprecision::cpp_int_check_type)0, std::allocator<unsigned long long> >&)",2004008,0.011638733705772812
ParallelRoam::Algorithms::GreedyTransactionalLod::(anonymous namespace)::QualityWork::~QualityWork(),std::chrono::_V2::steady_clock::now(),2004008,0.011638733705772812
"boost::multiprecision::number<boost::multiprecision::backends::rational_adaptor<boost::multiprecision::backends::cpp_int_backend<0ul, 0ul, (boost::multiprecision::cpp_integer_type)1, (boost::multiprecision::cpp_int_check_type)0, std::allocator<unsigned long long> > >, (boost::multiprecision::expression_template_option)1>::number<boost::multiprecision::detail::subtract_immediates, boost::multiprecision::number<boost::multiprecision::backends::rational_adaptor<boost::multiprecision::backends::cpp_int_backend<0ul, 0ul, (boost::multiprecision::cpp_integer_type)1, (boost::multiprecision::cpp_int_check_type)0, std::allocator<unsigned long long> > >, (boost::multiprecision::expression_template_option)1>, boost::multiprecision::number<boost::multiprecision::backends::rational_adaptor<boost::multiprecision::backends::cpp_int_backend<0ul, 0ul, (boost::multiprecision::cpp_integer_type)1, (boost::multiprecision::cpp_int_check_type)0, std::allocator<unsigned long long> > >, (boost::multiprecision::expression_template_option)1>, void, void>(boost::multiprecision::detail::expression<boost::multiprecision::detail::subtract_immediates, boost::multiprecision::number<boost::multiprecision::backends::rational_adaptor<boost::multiprecision::backends::cpp_int_backend<0ul, 0ul, (boost::multiprecision::cpp_integer_type)1, (boost::multiprecision::cpp_int_check_type)0, std::allocator<unsigned long long> > >, (boost::multiprecision::expression_template_option)1>, boost::multiprecision::number<boost::multiprecision::backends::rational_adaptor<boost::multiprecision::backends::cpp_int_backend<0ul, 0ul, (boost::multiprecision::cpp_integer_type)1, (boost::multiprecision::cpp_int_check_type)0, std::allocator<unsigned long long> > >, (boost::multiprecision::expression_template_option)1>, void, void> const&, std::enable_if<std::is_convertible<boost::multiprecision::detail::expression<boost::multiprecision::detail::subtract_immediates, boost::multiprecision::number<boost::multiprecision::backends::rational_adaptor<boost::multiprecision::backends::cpp_int_backend<0ul, 0ul, (boost::multiprecision::cpp_integer_type)1, (boost::multiprecision::cpp_int_check_type)0, std::allocator<unsigned long long> > >, (boost::multiprecision::expression_template_option)1>, boost::multiprecision::number<boost::multiprecision::backends::rational_adaptor<boost::multiprecision::backends::cpp_int_backend<0ul, 0ul, (boost::multiprecision::cpp_integer_type)1, (boost::multiprecision::cpp_int_check_type)0, std::allocator<unsigned long long> > >, (boost::multiprecision::expression_template_option)1>, void, void>::result_type, boost::multiprecision::number<boost::multiprecision::backends::rational_adaptor<boost::multiprecision::backends::cpp_int_backend<0ul, 0ul, (boost::multiprecision::cpp_integer_type)1, (boost::multiprecision::cpp_int_check_type)0, std::allocator<unsigned long long> > >, (boost::multiprecision::expression_template_option)1> >::value, void>::type*)",__memmove_avx512_unaligned_erms,2004008,0.011638733705772812
"void boost::multiprecision::backends::eval_gcd_lehmer<0ul, 0ul, (boost::multiprecision::cpp_integer_type)1, (boost::multiprecision::cpp_int_check_type)0, std::allocator<unsigned long long>, boost::multiprecision::backends::cpp_int_base<0ul, 18446744073709551615ul, (boost::multiprecision::cpp_integer_type)1, (boost::multiprecision::cpp_int_check_type)0, std::allocator<unsigned long long>, false>::scoped_shared_storage>(boost::multiprecision::backends::cpp_int_backend<0ul, 0ul, (boost::multiprecision::cpp_integer_type)1, (boost::multiprecision::cpp_int_check_type)0, std::allocator<unsigned long long> >&, boost::multiprecision::backends::cpp_int_backend<0ul, 0ul, (boost::multiprecision::cpp_integer_type)1, (boost::multiprecision::cpp_int_check_type)0, std::allocator<unsigned long long> >&, unsigned long, boost::multiprecision::backends::cpp_int_base<0ul, 18446744073709551615ul, (boost::multiprecision::cpp_integer_type)1, (boost::multiprecision::cpp_int_check_type)0, std::allocator<unsigned long long>, false>::scoped_shared_storage&)",cfree@GLIBC_2.2.5,2004008,0.011638733705772812
ParallelRoam::Algorithms::GreedyTransactionalLod::TransactionalQualitySampleEvidence::ExactClip(),"boost::multiprecision::backends::rational_adaptor<boost::multiprecision::backends::cpp_int_backend<0ul, 0ul, (boost::multiprecision::cpp_integer_type)1, (boost::multiprecision::cpp_int_check_type)0, std::allocator<unsigned long long> > >::rational_adaptor()",2004008,0.011638733705772812
"boost::multiprecision::backends::rational_adaptor<boost::multiprecision::backends::cpp_int_backend<0ul, 0ul, (boost::multiprecision::cpp_integer_type)1, (boost::multiprecision::cpp_int_check_type)0, std::allocator<unsigned long long> > >::compare(boost::multiprecision::backends::rational_adaptor<boost::multiprecision::backends::cpp_int_backend<0ul, 0ul, (boost::multiprecision::cpp_integer_type)1, (boost::multiprecision::cpp_int_check_type)0, std::allocator<unsigned long long> > > const&) const",__memmove_avx512_unaligned_erms,2004008,0.011638733705772812
"std::_Rb_tree<std::tuple<char, long, long>, std::tuple<char, long, long>, std::_Identity<std::tuple<char, long, long> >, std::less<std::tuple<char, long, long> >, std::allocator<std::tuple<char, long, long> > >::_M_erase(std::_Rb_tree_node<std::tuple<char, long, long> >*) [clone .isra.0]",_int_free_chunk,2004008,0.011638733705772812
"ParallelRoam::Algorithms::GreedyTransactionalLod::TransactionalCommit::Prepare(ParallelRoam::Algorithms::GreedyTransactionalLod::TransactionalState&, ParallelRoam::Algorithms::GreedyTransactionalLod::CertifiedBatch const&, ParallelRoam::Algorithms::GreedyTransactionalLod::WorkLedger&, ParallelRoam::Algorithms::GreedyTransactionalLod::TransactionalExecution const&, ParallelRoam::Algorithms::GreedyTransactionalLod::HeightSource const*)","std::_Rb_tree<std::tuple<char, long, long>, std::tuple<char, long, long>, std::_Identity<std::tuple<char, long, long> >, std::less<std::tuple<char, long, long> >, std::allocator<std::tuple<char, long, long> > >::_M_erase(std::_Rb_tree_node<std::tuple<char, long, long> >*) [clone .isra.0]",2004008,0.011638733705772812
"auto ParallelRoam::Algorithms::GreedyTransactionalLod::TransactionalReservation::Plan(ParallelRoam::Algorithms::GreedyTransactionalLod::TransactionalState const&, ParallelRoam::Algorithms::GreedyTransactionalLod::TransactionalSamples const&, ParallelRoam::Algorithms::GreedyTransactionalLod::WorkLedger&, ParallelRoam::Algorithms::GreedyTransactionalLod::TransactionalExecution const&)::{lambda(auto:1, auto:2, ParallelRoam::Algorithms::GreedyTransactionalLod::WorkLedger&)#1}::operator()<unsigned long, unsigned long>(unsigned long, unsigned long, ParallelRoam::Algorithms::GreedyTransactionalLod::WorkLedger&) const",ParallelRoam::Algorithms::GreedyTransactionalLod::TransactionalState::IsBoundary(long) const,2004008,0.011638733705772812
"void boost::multiprecision::number<boost::multiprecision::backends::rational_adaptor<boost::multiprecision::backends::cpp_int_backend<0ul, 0ul, (boost::multiprecision::cpp_integer_type)1, (boost::multiprecision::cpp_int_check_type)0, std::allocator<unsigned long long> > >, (boost::multiprecision::expression_template_option)1>::do_assign<boost::multiprecision::detail::expression<boost::multiprecision::detail::minus, boost::multiprecision::detail::expression<boost::multiprecision::detail::multiplies, boost::multiprecision::detail::expression<boost::multiprecision::detail::subtract_immediates, boost::multiprecision::number<boost::multiprecision::backends::rational_adaptor<boost::multiprecision::backends::cpp_int_backend<0ul, 0ul, (boost::multiprecision::cpp_integer_type)1, (boost::multiprecision::cpp_int_check_type)0, std::allocator<unsigned long long> > >, (boost::multiprecision::expression_template_option)1>, boost::multiprecision::number<boost::multiprecision::backends::rational_adaptor<boost::multiprecision::backends::cpp_int_backend<0ul, 0ul, (boost::multiprecision::cpp_integer_type)1, (boost::multiprecision::cpp_int_check_type)0, std::allocator<unsigned long long> > >, (boost::multiprecision::expression_template_option)1>, void, void>, boost::multiprecision::detail::expression<boost::multiprecision::detail::subtract_immediates, boost::multiprecision::number<boost::multiprecision::backends::rational_adaptor<boost::multiprecision::backends::cpp_int_backend<0ul, 0ul, (boost::multiprecision::cpp_integer_type)1, (boost::multiprecision::cpp_int_check_type)0, std::allocator<unsigned long long> > >, (boost::multiprecision::expression_template_option)1>, boost::multiprecision::number<boost::multiprecision::backends::rational_adaptor<boost::multiprecision::backends::cpp_int_backend<0ul, 0ul, (boost::multiprecision::cpp_integer_type)1, (boost::multiprecision::cpp_int_check_type)0, std::allocator<unsigned long long> > >, (boost::multiprecision::expression_template_option)1>, void, void>, void, void>, boost::multiprecision::detail::expression<boost::multiprecision::detail::multiplies, boost::multiprecision::detail::expression<boost::multiprecision::detail::subtract_immediates, boost::multiprecision::number<boost::multiprecision::backends::rational_adaptor<boost::multiprecision::backends::cpp_int_backend<0ul, 0ul, (boost::multiprecision::cpp_integer_type)1, (boost::multiprecision::cpp_int_check_type)0, std::allocator<unsigned long long> > >, (boost::multiprecision::expression_template_option)1>, boost::multiprecision::number<boost::multiprecision::backends::rational_adaptor<boost::multiprecision::backends::cpp_int_backend<0ul, 0ul, (boost::multiprecision::cpp_integer_type)1, (boost::multiprecision::cpp_int_check_type)0, std::allocator<unsigned long long> > >, (boost::multiprecision::expression_template_option)1>, void, void>, boost::multiprecision::detail::expression<boost::multiprecision::detail::subtract_immediates, boost::multiprecision::number<boost::multiprecision::backends::rational_adaptor<boost::multiprecision::backends::cpp_int_backend<0ul, 0ul, (boost::multiprecision::cpp_integer_type)1, (boost::multiprecision::cpp_int_check_type)0, std::allocator<unsigned long long> > >, (boost::multiprecision::expression_template_option)1>, boost::multiprecision::number<boost::multiprecision::backends::rational_adaptor<boost::multiprecision::backends::cpp_int_backend<0ul, 0ul, (boost::multiprecision::cpp_integer_type)1, (boost::multiprecision::cpp_int_check_type)0, std::allocator<unsigned long long> > >, (boost::multiprecision::expression_template_option)1>, void, void>, void, void>, void, void> >(boost::multiprecision::detail::expression<boost::multiprecision::detail::minus, boost::multiprecision::detail::expression<boost::multiprecision::detail::multiplies, boost::multiprecision::detail::expression<boost::multiprecision::detail::subtract_immediates, boost::multiprecision::number<boost::multiprecision::backends::rational_adaptor<boost::multiprecision::backends::cpp_int_backend<0ul, 0ul, (boost::multiprecision::cpp_integer_type)1, (boost::multiprecision::cpp_int_check_type)0, std::allocator<unsigned long long> > >, (boost::multiprecision::expression_template_option)1>, boost::multiprecision::number<boost::multiprecision::backends::rational_adaptor<boost::multiprecision::backends::cpp_int_backend<0ul, 0ul, (boost::multiprecision::cpp_integer_type)1, (boost::multiprecision::cpp_int_check_type)0, std::allocator<unsigned long long> > >, (boost::multiprecision::expression_template_option)1>, void, void>, boost::multiprecision::detail::expression<boost::multiprecision::detail::subtract_immediates, boost::multiprecision::number<boost::multiprecision::backends::rational_adaptor<boost::multiprecision::backends::cpp_int_backend<0ul, 0ul, (boost::multiprecision::cpp_integer_type)1, (boost::multiprecision::cpp_int_check_type)0, std::allocator<unsigned long long> > >, (boost::multiprecision::expression_template_option)1>, boost::multiprecision::number<boost::multiprecision::backends::rational_adaptor<boost::multiprecision::backends::cpp_int_backend<0ul, 0ul, (boost::multiprecision::cpp_integer_type)1, (boost::multiprecision::cpp_int_check_type)0, std::allocator<unsigned long long> > >, (boost::multiprecision::expression_template_option)1>, void, void>, void, void>, boost::multiprecision::detail::expression<boost::multiprecision::detail::multiplies, boost::multiprecision::detail::expression<boost::multiprecision::detail::subtract_immediates, boost::multiprecision::number<boost::multiprecision::backends::rational_adaptor<boost::multiprecision::backends::cpp_int_backend<0ul, 0ul, (boost::multiprecision::cpp_integer_type)1, (boost::multiprecision::cpp_int_check_type)0, std::allocator<unsigned long long> > >, (boost::multiprecision::expression_template_option)1>, boost::multiprecision::number<boost::multiprecision::backends::rational_adaptor<boost::multiprecision::backends::cpp_int_backend<0ul, 0ul, (boost::multiprecision::cpp_integer_type)1, (boost::multiprecision::cpp_int_check_type)0, std::allocator<unsigned long long> > >, (boost::multiprecision::expression_template_option)1>, void, void>, boost::multiprecision::detail::expression<boost::multiprecision::detail::subtract_immediates, boost::multiprecision::number<boost::multiprecision::backends::rational_adaptor<boost::multiprecision::backends::cpp_int_backend<0ul, 0ul, (boost::multiprecision::cpp_integer_type)1, (boost::multiprecision::cpp_int_check_type)0, std::allocator<unsigned long long> > >, (boost::multiprecision::expression_template_option)1>, boost::multiprecision::number<boost::multiprecision::backends::rational_adaptor<boost::multiprecision::backends::cpp_int_backend<0ul, 0ul, (boost::multiprecision::cpp_integer_type)1, (boost::multiprecision::cpp_int_check_type)0, std::allocator<unsigned long long> > >, (boost::multiprecision::expression_template_option)1>, void, void>, void, void>, void, void> const&, boost::multiprecision::detail::minus const&) [clone .isra.0]",__memmove_avx512_unaligned_erms,2004008,0.011638733705772812
"void boost::multiprecision::backends::eval_add_subtract_imp<boost::multiprecision::backends::cpp_int_backend<0ul, 0ul, (boost::multiprecision::cpp_integer_type)1, (boost::multiprecision::cpp_int_check_type)0, std::allocator<unsigned long long> > >(boost::multiprecision::backends::rational_adaptor<boost::multiprecision::backends::cpp_int_backend<0ul, 0ul, (boost::multiprecision::cpp_integer_type)1, (boost::multiprecision::cpp_int_check_type)0, std::allocator<unsigned long long> > >&, boost::multiprecision::backends::rational_adaptor<boost::multiprecision::backends::cpp_int_backend<0ul, 0ul, (boost::multiprecision::cpp_integer_type)1, (boost::multiprecision::cpp_int_check_type)0, std::allocator<unsigned long long> > > const&, boost::multiprecision::backends::rational_adaptor<boost::multiprecision::backends::cpp_int_backend<0ul, 0ul, (boost::multiprecision::cpp_integer_type)1, (boost::multiprecision::cpp_int_check_type)0, std::allocator<unsigned long long> > > const&, bool)",__memmove_chk_avx512_unaligned_erms,2004008,0.011638733705772812
"ParallelRoam::Algorithms::GreedyTransactionalLod::TransactionalPointwiseQuality::ValidateBatch(ParallelRoam::Algorithms::GreedyTransactionalLod::TransactionalState const&, ParallelRoam::Algorithms::GreedyTransactionalLod::TransactionalSamples const&, ParallelRoam::Algorithms::GreedyTransactionalLod::CertifiedBatch const&, ParallelRoam::Algorithms::GreedyTransactionalLod::WorkLedger&)",std::_Rb_tree_increment(std::_Rb_tree_node_base*),2004008,0.011638733705772812
"ParallelRoam::Algorithms::GreedyTransactionalLod::TransactionalSamples::Weights(unsigned int, ParallelRoam::Algorithms::GreedyTransactionalLod::Point const&, ParallelRoam::Algorithms::GreedyTransactionalLod::Point const&, ParallelRoam::Algorithms::GreedyTransactionalLod::Point const&, std::array<double, 3ul>&) const",__memmove_avx512_unaligned_erms,2004008,0.011638733705772812
"ParallelRoam::Algorithms::GreedyTransactionalLod::TransactionalSamples::Weights(unsigned int, ParallelRoam::Algorithms::GreedyTransactionalLod::Point const&, ParallelRoam::Algorithms::GreedyTransactionalLod::Point const&, ParallelRoam::Algorithms::GreedyTransactionalLod::Point const&, std::array<double, 3ul>&) const",ParallelRoam::Algorithms::GreedyTransactionalLod::TransactionalSamples::Decode(unsigned int) const,2004008,0.011638733705772812
"std::optional<boost::multiprecision::number<boost::multiprecision::backends::rational_adaptor<boost::multiprecision::backends::cpp_int_backend<0ul, 0ul, (boost::multiprecision::cpp_integer_type)1, (boost::multiprecision::cpp_int_check_type)0, std::allocator<unsigned long long> > >, (boost::multiprecision::expression_template_option)1> > ParallelRoam::Algorithms::GreedyTransactionalLod::QualityEvaluation::ScreenPrepared<boost::multiprecision::number<boost::multiprecision::backends::rational_adaptor<boost::multiprecision::backends::cpp_int_backend<0ul, 0ul, (boost::multiprecision::cpp_integer_type)1, (boost::multiprecision::cpp_int_check_type)0, std::allocator<unsigned long long> > >, (boost::multiprecision::expression_template_option)1> >(ParallelRoam::Algorithms::GreedyTransactionalLod::Configuration const&, std::array<boost::multiprecision::number<boost::multiprecision::backends::rational_adaptor<boost::multiprecision::backends::cpp_int_backend<0ul, 0ul, (boost::multiprecision::cpp_integer_type)1, (boost::multiprecision::cpp_int_check_type)0, std::allocator<unsigned long long> > >, (boost::multiprecision::expression_template_option)1>, 3ul> const&, std::array<boost::multiprecision::number<boost::multiprecision::backends::rational_adaptor<boost::multiprecision::backends::cpp_int_backend<0ul, 0ul, (boost::multiprecision::cpp_integer_type)1, (boost::multiprecision::cpp_int_check_type)0, std::allocator<unsigned long long> > >, (boost::multiprecision::expression_template_option)1>, 4ul> const&, boost::multiprecision::number<boost::multiprecision::backends::rational_adaptor<boost::multiprecision::backends::cpp_int_backend<0ul, 0ul, (boost::multiprecision::cpp_integer_type)1, (boost::multiprecision::cpp_int_check_type)0, std::allocator<unsigned long long> > >, (boost::multiprecision::expression_template_option)1> const&)","void boost::multiprecision::backends::eval_divide<boost::multiprecision::backends::cpp_int_backend<0ul, 0ul, (boost::multiprecision::cpp_integer_type)1, (boost::multiprecision::cpp_int_check_type)0, std::allocator<unsigned long long> > >(boost::multiprecision::backends::rational_adaptor<boost::multiprecision::backends::cpp_int_backend<0ul, 0ul, (boost::multiprecision::cpp_integer_type)1, (boost::multiprecision::cpp_int_check_type)0, std::allocator<unsigned long long> > >&, boost::multiprecision::backends::rational_adaptor<boost::multiprecision::backends::cpp_int_backend<0ul, 0ul, (boost::multiprecision::cpp_integer_type)1, (boost::multiprecision::cpp_int_check_type)0, std::allocator<unsigned long long> > > const&, boost::multiprecision::backends::rational_adaptor<boost::multiprecision::backends::cpp_int_backend<0ul, 0ul, (boost::multiprecision::cpp_integer_type)1, (boost::multiprecision::cpp_int_check_type)0, std::allocator<unsigned long long> > > const&)",2004008,0.011638733705772812
"ParallelRoam::Algorithms::GreedyTransactionalLod::QualityEvaluation::AddBounds(boost::multiprecision::number<boost::multiprecision::backends::rational_adaptor<boost::multiprecision::backends::cpp_int_backend<0ul, 0ul, (boost::multiprecision::cpp_integer_type)1, (boost::multiprecision::cpp_int_check_type)0, std::allocator<unsigned long long> > >, (boost::multiprecision::expression_template_option)1> const&, boost::multiprecision::number<boost::multiprecision::backends::rational_adaptor<boost::multiprecision::backends::cpp_int_backend<0ul, 0ul, (boost::multiprecision::cpp_integer_type)1, (boost::multiprecision::cpp_int_check_type)0, std::allocator<unsigned long long> > >, (boost::multiprecision::expression_template_option)1> const&, boost::multiprecision::number<boost::multiprecision::backends::cpp_int_backend<0ul, 0ul, (boost::multiprecision::cpp_integer_type)1, (boost::multiprecision::cpp_int_check_type)0, std::allocator<unsigned long long> >, (boost::multiprecision::expression_template_option)1>&, boost::multiprecision::number<boost::multiprecision::backends::cpp_int_backend<0ul, 0ul, (boost::multiprecision::cpp_integer_type)1, (boost::multiprecision::cpp_int_check_type)0, std::allocator<unsigned long long> >, (boost::multiprecision::expression_template_option)1>&)::{lambda(boost::multiprecision::number<boost::multiprecision::backends::rational_adaptor<boost::multiprecision::backends::cpp_int_backend<0ul, 0ul, (boost::multiprecision::cpp_integer_type)1, (boost::multiprecision::cpp_int_check_type)0, std::allocator<unsigned long long> > >, (boost::multiprecision::expression_template_option)1> const&)#1}::operator()(boost::multiprecision::number<boost::multiprecision::backends::rational_adaptor<boost::multiprecision::backends::cpp_int_backend<0ul, 0ul, (boost::multiprecision::cpp_integer_type)1, (boost::multiprecision::cpp_int_check_type)0, std::allocator<unsigned long long> > >, (boost::multiprecision::expression_template_option)1> const&) const [clone .isra.0]","void boost::multiprecision::backends::divide_unsigned_helper<boost::multiprecision::backends::cpp_int_backend<0ul, 0ul, (boost::multiprecision::cpp_integer_type)1, (boost::multiprecision::cpp_int_check_type)0, std::allocator<unsigned long long> >, boost::multiprecision::backends::cpp_int_backend<0ul, 0ul, (boost::multiprecision::cpp_integer_type)1, (boost::multiprecision::cpp_int_check_type)0, std::allocator<unsigned long long> > >(boost::multiprecision::backends::cpp_int_backend<0ul, 0ul, (boost::multiprecision::cpp_integer_type)1, (boost::multiprecision::cpp_int_check_type)0, std::allocator<unsigned long long> >*, boost::multiprecision::backends::cpp_int_backend<0ul, 0ul, (boost::multiprecision::cpp_integer_type)1, (boost::multiprecision::cpp_int_check_type)0, std::allocator<unsigned long long> > const&, unsigned long long, boost::multiprecision::backends::cpp_int_backend<0ul, 0ul, (boost::multiprecision::cpp_integer_type)1, (boost::multiprecision::cpp_int_check_type)0, std::allocator<unsigned long long> >&)",2004008,0.011638733705772812
"void boost::multiprecision::backends::eval_multiply_imp<boost::multiprecision::backends::cpp_int_backend<0ul, 0ul, (boost::multiprecision::cpp_integer_type)1, (boost::multiprecision::cpp_int_check_type)0, std::allocator<unsigned long long> > >(boost::multiprecision::backends::rational_adaptor<boost::multiprecision::backends::cpp_int_backend<0ul, 0ul, (boost::multiprecision::cpp_integer_type)1, (boost::multiprecision::cpp_int_check_type)0, std::allocator<unsigned long long> > >&, boost::multiprecision::backends::rational_adaptor<boost::multiprecision::backends::cpp_int_backend<0ul, 0ul, (boost::multiprecision::cpp_integer_type)1, (boost::multiprecision::cpp_int_check_type)0, std::allocator<unsigned long long> > > const&, boost::multiprecision::backends::cpp_int_backend<0ul, 0ul, (boost::multiprecision::cpp_integer_type)1, (boost::multiprecision::cpp_int_check_type)0, std::allocator<unsigned long long> > const&, boost::multiprecision::backends::cpp_int_backend<0ul, 0ul, (boost::multiprecision::cpp_integer_type)1, (boost::multiprecision::cpp_int_check_type)0, std::allocator<unsigned long long> > const&)",memcpy@plt,2004008,0.011638733705772812
ParallelRoam::Algorithms::GreedyTransactionalLod::TransactionalQualitySampleEvidence::VisibilityAgrees(),"ParallelRoam::Algorithms::GreedyTransactionalLod::QualityEvaluation::operator*(ParallelRoam::Algorithms::GreedyTransactionalLod::QualityEvaluation::Interval, ParallelRoam::Algorithms::GreedyTransactionalLod::QualityEvaluation::Interval)",2004008,0.011638733705772812
"ParallelRoam::Algorithms::GreedyTransactionalLod::(anonymous namespace)::Prepare(ParallelRoam::Algorithms::GreedyTransactionalLod::TransactionalState const&, ParallelRoam::Algorithms::GreedyTransactionalLod::TransactionalSamples const&, unsigned int, char, std::vector<unsigned int, std::allocator<unsigned int> >, ParallelRoam::Algorithms::GreedyTransactionalLod::Point const&, long, unsigned long)",operator new(unsigned long),2004008,0.011638733705772812
"std::enable_if<(!boost::multiprecision::backends::is_trivial_cpp_int<boost::multiprecision::backends::cpp_int_backend<0ul, 0ul, (boost::multiprecision::cpp_integer_type)1, (boost::multiprecision::cpp_int_check_type)0, std::allocator<unsigned long long> > >::value)&&(!boost::multiprecision::backends::is_trivial_cpp_int<boost::multiprecision::backends::cpp_int_backend<0ul, 0ul, (boost::multiprecision::cpp_integer_type)1, (boost::multiprecision::cpp_int_check_type)0, std::allocator<unsigned long long> > >::value), void>::type boost::multiprecision::backends::eval_multiply<0ul, 0ul, (boost::multiprecision::cpp_integer_type)1, (boost::multiprecision::cpp_int_check_type)0, std::allocator<unsigned long long>, 0ul, 0ul, (boost::multiprecision::cpp_integer_type)1, (boost::multiprecision::cpp_int_check_type)0, std::allocator<unsigned long long> >(boost::multiprecision::backends::cpp_int_backend<0ul, 0ul, (boost::multiprecision::cpp_integer_type)1, (boost::multiprecision::cpp_int_check_type)0, std::allocator<unsigned long long> >&, boost::multiprecision::backends::cpp_int_backend<0ul, 0ul, (boost::multiprecision::cpp_integer_type)1, (boost::multiprecision::cpp_int_check_type)0, std::allocator<unsigned long long> > const&, unsigned long long const&)",__libc_malloc2,2004008,0.011638733705772812
"ParallelRoam::Algorithms::GreedyTransactionalLod::TransactionalPredicates::Orientation(ParallelRoam::Algorithms::GreedyTransactionalLod::Point const&, ParallelRoam::Algorithms::GreedyTransactionalLod::Point const&, ParallelRoam::Algorithms::GreedyTransactionalLod::Point const&)","boost::multiprecision::backends::cpp_int_base<0ul, 18446744073709551615ul, (boost::multiprecision::cpp_integer_type)1, (boost::multiprecision::cpp_int_check_type)0, std::allocator<unsigned long long>, false>::resize(unsigned long, unsigned long) [clone .isra.0]",2004008,0.011638733705772812
ParallelRoam::Algorithms::GreedyTransactionalLod::(anonymous namespace)::QualityWork::~QualityWork(),strlen@plt,2004008,0.011638733705772812
"std::enable_if<std::is_floating_point<long double>::value, boost::multiprecision::backends::rational_adaptor<boost::multiprecision::backends::cpp_int_backend<0ul, 0ul, (boost::multiprecision::cpp_integer_type)1, (boost::multiprecision::cpp_int_check_type)0, std::allocator<unsigned long long> > >&>::type boost::multiprecision::backends::rational_adaptor<boost::multiprecision::backends::cpp_int_backend<0ul, 0ul, (boost::multiprecision::cpp_integer_type)1, (boost::multiprecision::cpp_int_check_type)0, std::allocator<unsigned long long> > >::operator=<long double>(long double) [clone .isra.0]",memset@plt,2004008,0.011638733705772812
"ParallelRoam::Algorithms::GreedyTransactionalLod::QualityEvaluation::Area(std::array<ParallelRoam::Algorithms::GreedyTransactionalLod::Point, 3ul> const&)","void boost::multiprecision::backends::divide_unsigned_helper<boost::multiprecision::backends::cpp_int_backend<0ul, 0ul, (boost::multiprecision::cpp_integer_type)1, (boost::multiprecision::cpp_int_check_type)0, std::allocator<unsigned long long> >, boost::multiprecision::backends::cpp_int_backend<0ul, 0ul, (boost::multiprecision::cpp_integer_type)1, (boost::multiprecision::cpp_int_check_type)0, std::allocator<unsigned long long> >, boost::multiprecision::backends::cpp_int_backend<0ul, 0ul, (boost::multiprecision::cpp_integer_type)1, (boost::multiprecision::cpp_int_check_type)0, std::allocator<unsigned long long> > >(boost::multiprecision::backends::cpp_int_backend<0ul, 0ul, (boost::multiprecision::cpp_integer_type)1, (boost::multiprecision::cpp_int_check_type)0, std::allocator<unsigned long long> >*, boost::multiprecision::backends::cpp_int_backend<0ul, 0ul, (boost::multiprecision::cpp_integer_type)1, (boost::multiprecision::cpp_int_check_type)0, std::allocator<unsigned long long> > const&, boost::multiprecision::backends::cpp_int_backend<0ul, 0ul, (boost::multiprecision::cpp_integer_type)1, (boost::multiprecision::cpp_int_check_type)0, std::allocator<unsigned long long> > const&, boost::multiprecision::backends::cpp_int_backend<0ul, 0ul, (boost::multiprecision::cpp_integer_type)1, (boost::multiprecision::cpp_int_check_type)0, std::allocator<unsigned long long> >&)",2004008,0.011638733705772812
"ParallelRoam::Algorithms::GreedyTransactionalLod::QualityEvaluation::Area(std::array<ParallelRoam::Algorithms::GreedyTransactionalLod::Point, 3ul> const&)","std::enable_if<((!boost::multiprecision::backends::is_trivial_cpp_int<boost::multiprecision::backends::cpp_int_backend<0ul, 0ul, (boost::multiprecision::cpp_integer_type)1, (boost::multiprecision::cpp_int_check_type)0, std::allocator<unsigned long long> > >::value)&&(!boost::multiprecision::backends::is_trivial_cpp_int<boost::multiprecision::backends::cpp_int_backend<0ul, 0ul, (boost::multiprecision::cpp_integer_type)1, (boost::multiprecision::cpp_int_check_type)0, std::allocator<unsigned long long> > >::value))&&(!boost::multiprecision::backends::is_trivial_cpp_int<boost::multiprecision::backends::cpp_int_backend<0ul, 0ul, (boost::multiprecision::cpp_integer_type)1, (boost::multiprecision::cpp_int_check_type)0, std::allocator<unsigned long long> > >::value), void>::type boost::multiprecision::backends::eval_multiply<0ul, 0ul, (boost::multiprecision::cpp_integer_type)1, (boost::multiprecision::cpp_int_check_type)0, std::allocator<unsigned long long>, 0ul, 0ul, (boost::multiprecision::cpp_integer_type)1, (boost::multiprecision::cpp_int_check_type)0, std::allocator<unsigned long long>, 0ul, 0ul, (boost::multiprecision::cpp_integer_type)1, (boost::multiprecision::cpp_int_check_type)0, std::allocator<unsigned long long> >(boost::multiprecision::backends::cpp_int_backend<0ul, 0ul, (boost::multiprecision::cpp_integer_type)1, (boost::multiprecision::cpp_int_check_type)0, std::allocator<unsigned long long> >&, boost::multiprecision::backends::cpp_int_backend<0ul, 0ul, (boost::multiprecision::cpp_integer_type)1, (boost::multiprecision::cpp_int_check_type)0, std::allocator<unsigned long long> > const&, boost::multiprecision::backends::cpp_int_backend<0ul, 0ul, (boost::multiprecision::cpp_integer_type)1, (boost::multiprecision::cpp_int_check_type)0, std::allocator<unsigned long long> > const&)",2004008,0.011638733705772812
"ParallelRoam::Algorithms::GreedyTransactionalLod::QualityEvaluation::SameInterface(ParallelRoam::Algorithms::GreedyTransactionalLod::TransactionalState const&, ParallelRoam::Algorithms::GreedyTransactionalLod::Proposal const&, bool, std::vector<std::array<ParallelRoam::Algorithms::GreedyTransactionalLod::Point, 3ul>, std::allocator<std::array<ParallelRoam::Algorithms::GreedyTransactionalLod::Point, 3ul> > > const&, std::vector<std::array<ParallelRoam::Algorithms::GreedyTransactionalLod::Point, 3ul>, std::allocator<std::array<ParallelRoam::Algorithms::GreedyTransactionalLod::Point, 3ul> > > const&)",cfree@GLIBC_2.2.5,2004008,0.011638733705772812
"void boost::multiprecision::backends::eval_multiply_imp<boost::multiprecision::backends::cpp_int_backend<0ul, 0ul, (boost::multiprecision::cpp_integer_type)1, (boost::multiprecision::cpp_int_check_type)0, std::allocator<unsigned long long> > >(boost::multiprecision::backends::rational_adaptor<boost::multiprecision::backends::cpp_int_backend<0ul, 0ul, (boost::multiprecision::cpp_integer_type)1, (boost::multiprecision::cpp_int_check_type)0, std::allocator<unsigned long long> > >&, boost::multiprecision::backends::rational_adaptor<boost::multiprecision::backends::cpp_int_backend<0ul, 0ul, (boost::multiprecision::cpp_integer_type)1, (boost::multiprecision::cpp_int_check_type)0, std::allocator<unsigned long long> > > const&, boost::multiprecision::backends::cpp_int_backend<0ul, 0ul, (boost::multiprecision::cpp_integer_type)1, (boost::multiprecision::cpp_int_check_type)0, std::allocator<unsigned long long> > const&, boost::multiprecision::backends::cpp_int_backend<0ul, 0ul, (boost::multiprecision::cpp_integer_type)1, (boost::multiprecision::cpp_int_check_type)0, std::allocator<unsigned long long> > const&)",__udivmodti4,2004008,0.011638733705772812
"std::enable_if<std::is_convertible<boost::multiprecision::detail::expression<boost::multiprecision::detail::minus, boost::multiprecision::detail::expression<boost::multiprecision::detail::divide_immediates, boost::multiprecision::number<boost::multiprecision::backends::rational_adaptor<boost::multiprecision::backends::cpp_int_backend<0ul, 0ul, (boost::multiprecision::cpp_integer_type)1, (boost::multiprecision::cpp_int_check_type)0, std::allocator<unsigned long long> > >, (boost::multiprecision::expression_template_option)1>, boost::multiprecision::number<boost::multiprecision::backends::rational_adaptor<boost::multiprecision::backends::cpp_int_backend<0ul, 0ul, (boost::multiprecision::cpp_integer_type)1, (boost::multiprecision::cpp_int_check_type)0, std::allocator<unsigned long long> > >, (boost::multiprecision::expression_template_option)1>, void, void>, boost::multiprecision::detail::expression<boost::multiprecision::detail::divide_immediates, boost::multiprecision::number<boost::multiprecision::backends::rational_adaptor<boost::multiprecision::backends::cpp_int_backend<0ul, 0ul, (boost::multiprecision::cpp_integer_type)1, (boost::multiprecision::cpp_int_check_type)0, std::allocator<unsigned long long> > >, (boost::multiprecision::expression_template_option)1>, boost::multiprecision::number<boost::multiprecision::backends::rational_adaptor<boost::multiprecision::backends::cpp_int_backend<0ul, 0ul, (boost::multiprecision::cpp_integer_type)1, (boost::multiprecision::cpp_int_check_type)0, std::allocator<unsigned long long> > >, (boost::multiprecision::expression_template_option)1>, void, void>, void, void>::result_type, boost::multiprecision::number<boost::multiprecision::backends::rational_adaptor<boost::multiprecision::backends::cpp_int_backend<0ul, 0ul, (boost::multiprecision::cpp_integer_type)1, (boost::multiprecision::cpp_int_check_type)0, std::allocator<unsigned long long> > >, (boost::multiprecision::expression_template_option)1> >::value, boost::multiprecision::number<boost::multiprecision::backends::rational_adaptor<boost::multiprecision::backends::cpp_int_backend<0ul, 0ul, (boost::multiprecision::cpp_integer_type)1, (boost::multiprecision::cpp_int_check_type)0, std::allocator<unsigned long long> > >, (boost::multiprecision::expression_template_option)1>&>::type boost::multiprecision::number<boost::multiprecision::backends::rational_adaptor<boost::multiprecision::backends::cpp_int_backend<0ul, 0ul, (boost::multiprecision::cpp_integer_type)1, (boost::multiprecision::cpp_int_check_type)0, std::allocator<unsigned long long> > >, (boost::multiprecision::expression_template_option)1>::operator*=<boost::multiprecision::detail::minus, boost::multiprecision::detail::expression<boost::multiprecision::detail::divide_immediates, boost::multiprecision::number<boost::multiprecision::backends::rational_adaptor<boost::multiprecision::backends::cpp_int_backend<0ul, 0ul, (boost::multiprecision::cpp_integer_type)1, (boost::multiprecision::cpp_int_check_type)0, std::allocator<unsigned long long> > >, (boost::multiprecision::expression_template_option)1>, boost::multiprecision::number<boost::multiprecision::backends::rational_adaptor<boost::multiprecision::backends::cpp_int_backend<0ul, 0ul, (boost::multiprecision::cpp_integer_type)1, (boost::multiprecision::cpp_int_check_type)0, std::allocator<unsigned long long> > >, (boost::multiprecision::expression_template_option)1>, void, void>, boost::multiprecision::detail::expression<boost::multiprecision::detail::divide_immediates, boost::multiprecision::number<boost::multiprecision::backends::rational_adaptor<boost::multiprecision::backends::cpp_int_backend<0ul, 0ul, (boost::multiprecision::cpp_integer_type)1, (boost::multiprecision::cpp_int_check_type)0, std::allocator<unsigned long long> > >, (boost::multiprecision::expression_template_option)1>, boost::multiprecision::number<boost::multiprecision::backends::rational_adaptor<boost::multiprecision::backends::cpp_int_backend<0ul, 0ul, (boost::multiprecision::cpp_integer_type)1, (boost::multiprecision::cpp_int_check_type)0, std::allocator<unsigned long long> > >, (boost::multiprecision::expression_template_option)1>, void, void>, void, void>(boost::multiprecision::detail::expression<boost::multiprecision::detail::minus, boost::multiprecision::detail::expression<boost::multiprecision::detail::divide_immediates, boost::multiprecision::number<boost::multiprecision::backends::rational_adaptor<boost::multiprecision::backends::cpp_int_backend<0ul, 0ul, (boost::multiprecision::cpp_integer_type)1, (boost::multiprecision::cpp_int_check_type)0, std::allocator<unsigned long long> > >, (boost::multiprecision::expression_template_option)1>, boost::multiprecision::number<boost::multiprecision::backends::rational_adaptor<boost::multiprecision::backends::cpp_int_backend<0ul, 0ul, (boost::multiprecision::cpp_integer_type)1, (boost::multiprecision::cpp_int_check_type)0, std::allocator<unsigned long long> > >, (boost::multiprecision::expression_template_option)1>, void, void>, boost::multiprecision::detail::expression<boost::multiprecision::detail::divide_immediates, boost::multiprecision::number<boost::multiprecision::backends::rational_adaptor<boost::multiprecision::backends::cpp_int_backend<0ul, 0ul, (boost::multiprecision::cpp_integer_type)1, (boost::multiprecision::cpp_int_check_type)0, std::allocator<unsigned long long> > >, (boost::multiprecision::expression_template_option)1>, boost::multiprecision::number<boost::multiprecision::backends::rational_adaptor<boost::multiprecision::backends::cpp_int_backend<0ul, 0ul, (boost::multiprecision::cpp_integer_type)1, (boost::multiprecision::cpp_int_check_type)0, std::allocator<unsigned long long> > >, (boost::multiprecision::expression_template_option)1>, void, void>, void, void> const&) [clone .isra.0]","void boost::multiprecision::backends::eval_divide<boost::multiprecision::backends::cpp_int_backend<0ul, 0ul, (boost::multiprecision::cpp_integer_type)1, (boost::multiprecision::cpp_int_check_type)0, std::allocator<unsigned long long> > >(boost::multiprecision::backends::rational_adaptor<boost::multiprecision::backends::cpp_int_backend<0ul, 0ul, (boost::multiprecision::cpp_integer_type)1, (boost::multiprecision::cpp_int_check_type)0, std::allocator<unsigned long long> > >&, boost::multiprecision::backends::rational_adaptor<boost::multiprecision::backends::cpp_int_backend<0ul, 0ul, (boost::multiprecision::cpp_integer_type)1, (boost::multiprecision::cpp_int_check_type)0, std::allocator<unsigned long long> > > const&, boost::multiprecision::backends::rational_adaptor<boost::multiprecision::backends::cpp_int_backend<0ul, 0ul, (boost::multiprecision::cpp_integer_type)1, (boost::multiprecision::cpp_int_check_type)0, std::allocator<unsigned long long> > > const&)",2004008,0.011638733705772812
"std::array<boost::multiprecision::number<boost::multiprecision::backends::rational_adaptor<boost::multiprecision::backends::cpp_int_backend<0ul, 0ul, (boost::multiprecision::cpp_integer_type)1, (boost::multiprecision::cpp_int_check_type)0, std::allocator<unsigned long long> > >, (boost::multiprecision::expression_template_option)1>, 2ul> ParallelRoam::Algorithms::GreedyTransactionalLod::QualityEvaluation::Coordinate<boost::multiprecision::number<boost::multiprecision::backends::rational_adaptor<boost::multiprecision::backends::cpp_int_backend<0ul, 0ul, (boost::multiprecision::cpp_integer_type)1, (boost::multiprecision::cpp_int_check_type)0, std::allocator<unsigned long long> > >, (boost::multiprecision::expression_template_option)1> >(std::array<boost::multiprecision::number<boost::multiprecision::backends::rational_adaptor<boost::multiprecision::backends::cpp_int_backend<0ul, 0ul, (boost::multiprecision::cpp_integer_type)1, (boost::multiprecision::cpp_int_check_type)0, std::allocator<unsigned long long> > >, (boost::multiprecision::expression_template_option)1>, 3ul> const&, ParallelRoam::Algorithms::GreedyTransactionalLod::Configuration const&, bool)",memcpy@plt,2004008,0.011638733705772812
"auto ParallelRoam::Algorithms::GreedyTransactionalLod::TransactionalReservation::Plan(ParallelRoam::Algorithms::GreedyTransactionalLod::TransactionalState const&, ParallelRoam::Algorithms::GreedyTransactionalLod::TransactionalSamples const&, ParallelRoam::Algorithms::GreedyTransactionalLod::WorkLedger&, ParallelRoam::Algorithms::GreedyTransactionalLod::TransactionalExecution const&)::{lambda(auto:1, auto:2, ParallelRoam::Algorithms::GreedyTransactionalLod::WorkLedger&)#1}::operator()<unsigned long, unsigned long>(unsigned long, unsigned long, ParallelRoam::Algorithms::GreedyTransactionalLod::WorkLedger&) const","boost::multiprecision::number<boost::multiprecision::backends::rational_adaptor<boost::multiprecision::backends::cpp_int_backend<0ul, 0ul, (boost::multiprecision::cpp_integer_type)1, (boost::multiprecision::cpp_int_check_type)0, std::allocator<unsigned long long> > >, (boost::multiprecision::expression_template_option)1>::number<boost::multiprecision::detail::subtract_immediates, boost::multiprecision::number<boost::multiprecision::backends::rational_adaptor<boost::multiprecision::backends::cpp_int_backend<0ul, 0ul, (boost::multiprecision::cpp_integer_type)1, (boost::multiprecision::cpp_int_check_type)0, std::allocator<unsigned long long> > >, (boost::multiprecision::expression_template_option)1>, boost::multiprecision::number<boost::multiprecision::backends::rational_adaptor<boost::multiprecision::backends::cpp_int_backend<0ul, 0ul, (boost::multiprecision::cpp_integer_type)1, (boost::multiprecision::cpp_int_check_type)0, std::allocator<unsigned long long> > >, (boost::multiprecision::expression_template_option)1>, void, void>(boost::multiprecision::detail::expression<boost::multiprecision::detail::subtract_immediates, boost::multiprecision::number<boost::multiprecision::backends::rational_adaptor<boost::multiprecision::backends::cpp_int_backend<0ul, 0ul, (boost::multiprecision::cpp_integer_type)1, (boost::multiprecision::cpp_int_check_type)0, std::allocator<unsigned long long> > >, (boost::multiprecision::expression_template_option)1>, boost::multiprecision::number<boost::multiprecision::backends::rational_adaptor<boost::multiprecision::backends::cpp_int_backend<0ul, 0ul, (boost::multiprecision::cpp_integer_type)1, (boost::multiprecision::cpp_int_check_type)0, std::allocator<unsigned long long> > >, (boost::multiprecision::expression_template_option)1>, void, void> const&, std::enable_if<std::is_convertible<boost::multiprecision::detail::expression<boost::multiprecision::detail::subtract_immediates, boost::multiprecision::number<boost::multiprecision::backends::rational_adaptor<boost::multiprecision::backends::cpp_int_backend<0ul, 0ul, (boost::multiprecision::cpp_integer_type)1, (boost::multiprecision::cpp_int_check_type)0, std::allocator<unsigned long long> > >, (boost::multiprecision::expression_template_option)1>, boost::multiprecision::number<boost::multiprecision::backends::rational_adaptor<boost::multiprecision::backends::cpp_int_backend<0ul, 0ul, (boost::multiprecision::cpp_integer_type)1, (boost::multiprecision::cpp_int_check_type)0, std::allocator<unsigned long long> > >, (boost::multiprecision::expression_template_option)1>, void, void>::result_type, boost::multiprecision::number<boost::multiprecision::backends::rational_adaptor<boost::multiprecision::backends::cpp_int_backend<0ul, 0ul, (boost::multiprecision::cpp_integer_type)1, (boost::multiprecision::cpp_int_check_type)0, std::allocator<unsigned long long> > >, (boost::multiprecision::expression_template_option)1> >::value, void>::type*)",2004008,0.011638733705772812
"void boost::multiprecision::number<boost::multiprecision::backends::rational_adaptor<boost::multiprecision::backends::cpp_int_backend<0ul, 0ul, (boost::multiprecision::cpp_integer_type)1, (boost::multiprecision::cpp_int_check_type)0, std::allocator<unsigned long long> > >, (boost::multiprecision::expression_template_option)1>::do_assign<boost::multiprecision::detail::expression<boost::multiprecision::detail::plus, boost::multiprecision::detail::expression<boost::multiprecision::detail::multiply_immediates, boost::multiprecision::number<boost::multiprecision::backends::rational_adaptor<boost::multiprecision::backends::cpp_int_backend<0ul, 0ul, (boost::multiprecision::cpp_integer_type)1, (boost::multiprecision::cpp_int_check_type)0, std::allocator<unsigned long long> > >, (boost::multiprecision::expression_template_option)1>, boost::multiprecision::number<boost::multiprecision::backends::rational_adaptor<boost::multiprecision::backends::cpp_int_backend<0ul, 0ul, (boost::multiprecision::cpp_integer_type)1, (boost::multiprecision::cpp_int_check_type)0, std::allocator<unsigned long long> > >, (boost::multiprecision::expression_template_option)1>, void, void>, boost::multiprecision::detail::expression<boost::multiprecision::detail::multiply_immediates, boost::multiprecision::number<boost::multiprecision::backends::rational_adaptor<boost::multiprecision::backends::cpp_int_backend<0ul, 0ul, (boost::multiprecision::cpp_integer_type)1, (boost::multiprecision::cpp_int_check_type)0, std::allocator<unsigned long long> > >, (boost::multiprecision::expression_template_option)1>, boost::multiprecision::number<boost::multiprecision::backends::rational_adaptor<boost::multiprecision::backends::cpp_int_backend<0ul, 0ul, (boost::multiprecision::cpp_integer_type)1, (boost::multiprecision::cpp_int_check_type)0, std::allocator<unsigned long long> > >, (boost::multiprecision::expression_template_option)1>, void, void>, void, void> >(boost::multiprecision::detail::expression<boost::multiprecision::detail::plus, boost::multiprecision::detail::expression<boost::multiprecision::detail::multiply_immediates, boost::multiprecision::number<boost::multiprecision::backends::rational_adaptor<boost::multiprecision::backends::cpp_int_backend<0ul, 0ul, (boost::multiprecision::cpp_integer_type)1, (boost::multiprecision::cpp_int_check_type)0, std::allocator<unsigned long long> > >, (boost::multiprecision::expression_template_option)1>, boost::multiprecision::number<boost::multiprecision::backends::rational_adaptor<boost::multiprecision::backends::cpp_int_backend<0ul, 0ul, (boost::multiprecision::cpp_integer_type)1, (boost::multiprecision::cpp_int_check_type)0, std::allocator<unsigned long long> > >, (boost::multiprecision::expression_template_option)1>, void, void>, boost::multiprecision::detail::expression<boost::multiprecision::detail::multiply_immediates, boost::multiprecision::number<boost::multiprecision::backends::rational_adaptor<boost::multiprecision::backends::cpp_int_backend<0ul, 0ul, (boost::multiprecision::cpp_integer_type)1, (boost::multiprecision::cpp_int_check_type)0, std::allocator<unsigned long long> > >, (boost::multiprecision::expression_template_option)1>, boost::multiprecision::number<boost::multiprecision::backends::rational_adaptor<boost::multiprecision::backends::cpp_int_backend<0ul, 0ul, (boost::multiprecision::cpp_integer_type)1, (boost::multiprecision::cpp_int_check_type)0, std::allocator<unsigned long long> > >, (boost::multiprecision::expression_template_option)1>, void, void>, void, void> const&, boost::multiprecision::detail::plus const&) [clone .isra.0]","void boost::multiprecision::backends::divide_unsigned_helper<boost::multiprecision::backends::cpp_int_backend<0ul, 0ul, (boost::multiprecision::cpp_integer_type)1, (boost::multiprecision::cpp_int_check_type)0, std::allocator<unsigned long long> >, boost::multiprecision::backends::cpp_int_backend<0ul, 0ul, (boost::multiprecision::cpp_integer_type)1, (boost::multiprecision::cpp_int_check_type)0, std::allocator<unsigned long long> >, boost::multiprecision::backends::cpp_int_backend<0ul, 0ul, (boost::multiprecision::cpp_integer_type)1, (boost::multiprecision::cpp_int_check_type)0, std::allocator<unsigned long long> > >(boost::multiprecision::backends::cpp_int_backend<0ul, 0ul, (boost::multiprecision::cpp_integer_type)1, (boost::multiprecision::cpp_int_check_type)0, std::allocator<unsigned long long> >*, boost::multiprecision::backends::cpp_int_backend<0ul, 0ul, (boost::multiprecision::cpp_integer_type)1, (boost::multiprecision::cpp_int_check_type)0, std::allocator<unsigned long long> > const&, boost::multiprecision::backends::cpp_int_backend<0ul, 0ul, (boost::multiprecision::cpp_integer_type)1, (boost::multiprecision::cpp_int_check_type)0, std::allocator<unsigned long long> > const&, boost::multiprecision::backends::cpp_int_backend<0ul, 0ul, (boost::multiprecision::cpp_integer_type)1, (boost::multiprecision::cpp_int_check_type)0, std::allocator<unsigned long long> >&)",2004008,0.011638733705772812
"ParallelRoam::Algorithms::GreedyTransactionalLod::TransactionalPointwiseQuality::ValidateBatch(ParallelRoam::Algorithms::GreedyTransactionalLod::TransactionalState const&, ParallelRoam::Algorithms::GreedyTransactionalLod::TransactionalSamples const&, ParallelRoam::Algorithms::GreedyTransactionalLod::CertifiedBatch const&, ParallelRoam::Algorithms::GreedyTransactionalLod::WorkLedger&)",std::_Rb_tree_decrement(std::_Rb_tree_node_base*),2004008,0.011638733705772812
pthread_cond_wait@@GLIBC_2.3.2,__GI___futex_abstimed_wait_cancelable64,2004008,0.011638733705772812
ParallelRoam::Tools::CpuThreadPool::WorkerLoop(),pthread_cond_wait@@GLIBC_2.3.2,2004008,0.011638733705772812
__GI___futex_abstimed_wait_cancelable64,__internal_syscall_cancel,2004008,0.011638733705772812
"std::_Function_handler<void (unsigned long, unsigned long, ParallelRoam::Algorithms::GreedyTransactionalLod::WorkLedger&), ParallelRoam::Algorithms::GreedyTransactionalLod::TransactionalSamples::PrepareView(ParallelRoam::Algorithms::GreedyTransactionalLod::TransactionalState const&, ParallelRoam::Algorithms::GreedyTransactionalLod::Configuration const&, ParallelRoam::Algorithms::GreedyTransactionalLod::WorkLedger&, ParallelRoam::Algorithms::GreedyTransactionalLod::TransactionalExecution const&)::{lambda(auto:1, auto:2, ParallelRoam::Algorithms::GreedyTransactionalLod::WorkLedger&)#2}>::_M_invoke(std::_Any_data const&, unsigned long&&, unsigned long&&, ParallelRoam::Algorithms::GreedyTransactionalLod::WorkLedger&)",ParallelRoam::Algorithms::GreedyTransactionalLod::TransactionalState::Face(unsigned int) const,2004008,0.011638733705772812
ParallelRoam::Algorithms::GreedyTransactionalLod::TransactionalQualitySampleEvidence::ExactReference(),"void boost::multiprecision::backends::eval_divide<boost::multiprecision::backends::cpp_int_backend<0ul, 0ul, (boost::multiprecision::cpp_integer_type)1, (boost::multiprecision::cpp_int_check_type)0, std::allocator<unsigned long long> > >(boost::multiprecision::backends::rational_adaptor<boost::multiprecision::backends::cpp_int_backend<0ul, 0ul, (boost::multiprecision::cpp_integer_type)1, (boost::multiprecision::cpp_int_check_type)0, std::allocator<unsigned long long> > >&, boost::multiprecision::backends::rational_adaptor<boost::multiprecision::backends::cpp_int_backend<0ul, 0ul, (boost::multiprecision::cpp_integer_type)1, (boost::multiprecision::cpp_int_check_type)0, std::allocator<unsigned long long> > > const&)",2004008,0.011638733705772812
"ParallelRoam::Algorithms::GreedyTransactionalLod::TransactionalPointwiseQuality::Certify[abi:cxx11](ParallelRoam::Algorithms::GreedyTransactionalLod::TransactionalState const&, ParallelRoam::Algorithms::GreedyTransactionalLod::TransactionalSamples const&, ParallelRoam::Algorithms::GreedyTransactionalLod::Proposal&, bool, ParallelRoam::Algorithms::GreedyTransactionalLod::WorkLedger&)","std::array<boost::multiprecision::number<boost::multiprecision::backends::rational_adaptor<boost::multiprecision::backends::cpp_int_backend<0ul, 0ul, (boost::multiprecision::cpp_integer_type)1, (boost::multiprecision::cpp_int_check_type)0, std::allocator<unsigned long long> > >, (boost::multiprecision::expression_template_option)1>, 2ul> ParallelRoam::Algorithms::GreedyTransactionalLod::QualityEvaluation::Coordinate<boost::multiprecision::number<boost::multiprecision::backends::rational_adaptor<boost::multiprecision::backends::cpp_int_backend<0ul, 0ul, (boost::multiprecision::cpp_integer_type)1, (boost::multiprecision::cpp_int_check_type)0, std::allocator<unsigned long long> > >, (boost::multiprecision::expression_template_option)1> >(std::array<boost::multiprecision::number<boost::multiprecision::backends::rational_adaptor<boost::multiprecision::backends::cpp_int_backend<0ul, 0ul, (boost::multiprecision::cpp_integer_type)1, (boost::multiprecision::cpp_int_check_type)0, std::allocator<unsigned long long> > >, (boost::multiprecision::expression_template_option)1>, 3ul> const&, ParallelRoam::Algorithms::GreedyTransactionalLod::Configuration const&, bool)",2004008,0.011638733705772812
"ParallelRoam::Algorithms::GreedyTransactionalLod::TransactionalPointwiseQuality::ValidateBatch(ParallelRoam::Algorithms::GreedyTransactionalLod::TransactionalState const&, ParallelRoam::Algorithms::GreedyTransactionalLod::TransactionalSamples const&, ParallelRoam::Algorithms::GreedyTransactionalLod::CertifiedBatch const&, ParallelRoam::Algorithms::GreedyTransactionalLod::WorkLedger&)",cfree@GLIBC_2.2.5,2004008,0.011638733705772812
"ParallelRoam::Algorithms::GreedyTransactionalLod::QualityEvaluation::AddBounds(boost::multiprecision::number<boost::multiprecision::backends::rational_adaptor<boost::multiprecision::backends::cpp_int_backend<0ul, 0ul, (boost::multiprecision::cpp_integer_type)1, (boost::multiprecision::cpp_int_check_type)0, std::allocator<unsigned long long> > >, (boost::multiprecision::expression_template_option)1> const&, boost::multiprecision::number<boost::multiprecision::backends::rational_adaptor<boost::multiprecision::backends::cpp_int_backend<0ul, 0ul, (boost::multiprecision::cpp_integer_type)1, (boost::multiprecision::cpp_int_check_type)0, std::allocator<unsigned long long> > >, (boost::multiprecision::expression_template_option)1> const&, boost::multiprecision::number<boost::multiprecision::backends::cpp_int_backend<0ul, 0ul, (boost::multiprecision::cpp_integer_type)1, (boost::multiprecision::cpp_int_check_type)0, std::allocator<unsigned long long> >, (boost::multiprecision::expression_template_option)1>&, boost::multiprecision::number<boost::multiprecision::backends::cpp_int_backend<0ul, 0ul, (boost::multiprecision::cpp_integer_type)1, (boost::multiprecision::cpp_int_check_type)0, std::allocator<unsigned long long> >, (boost::multiprecision::expression_template_option)1>&)::{lambda(boost::multiprecision::number<boost::multiprecision::backends::rational_adaptor<boost::multiprecision::backends::cpp_int_backend<0ul, 0ul, (boost::multiprecision::cpp_integer_type)1, (boost::multiprecision::cpp_int_check_type)0, std::allocator<unsigned long long> > >, (boost::multiprecision::expression_template_option)1> const&)#1}::operator()(boost::multiprecision::number<boost::multiprecision::backends::rational_adaptor<boost::multiprecision::backends::cpp_int_backend<0ul, 0ul, (boost::multiprecision::cpp_integer_type)1, (boost::multiprecision::cpp_int_check_type)0, std::allocator<unsigned long long> > >, (boost::multiprecision::expression_template_option)1> const&) const [clone .isra.0]","boost::multiprecision::backends::cpp_int_base<0ul, 18446744073709551615ul, (boost::multiprecision::cpp_integer_type)1, (boost::multiprecision::cpp_int_check_type)0, std::allocator<unsigned long long>, false>::resize(unsigned long, unsigned long) [clone .isra.0]",2004008,0.011638733705772812
"ParallelRoam::Algorithms::GreedyTransactionalLod::TransactionalSourceHeightReceiver::Prepare[abi:cxx11](ParallelRoam::Algorithms::GreedyTransactionalLod::TransactionalState const&, ParallelRoam::Algorithms::GreedyTransactionalLod::TransactionalSamples const&, ParallelRoam::Algorithms::GreedyTransactionalLod::Proposal&, ParallelRoam::Algorithms::GreedyTransactionalLod::WorkLedger&)",__memmove_avx512_unaligned_erms,2004008,0.011638733705772812
"ParallelRoam::Algorithms::GreedyTransactionalLod::TransactionalPointwiseQuality::Certify[abi:cxx11](ParallelRoam::Algorithms::GreedyTransactionalLod::TransactionalState const&, ParallelRoam::Algorithms::GreedyTransactionalLod::TransactionalSamples const&, ParallelRoam::Algorithms::GreedyTransactionalLod::Proposal&, bool, ParallelRoam::Algorithms::GreedyTransactionalLod::WorkLedger&)","operator delete(void*, unsigned long)@plt",2004008,0.011638733705772812
"std::enable_if<!boost::multiprecision::backends::is_trivial_cpp_int<boost::multiprecision::backends::cpp_int_backend<0ul, 0ul, (boost::multiprecision::cpp_integer_type)1, (boost::multiprecision::cpp_int_check_type)0, std::allocator<unsigned long long> > >::value, void>::type boost::multiprecision::backends::eval_gcd<0ul, 0ul, (boost::multiprecision::cpp_integer_type)1, (boost::multiprecision::cpp_int_check_type)0, std::allocator<unsigned long long> >(boost::multiprecision::backends::cpp_int_backend<0ul, 0ul, (boost::multiprecision::cpp_integer_type)1, (boost::multiprecision::cpp_int_check_type)0, std::allocator<unsigned long long> >&, boost::multiprecision::backends::cpp_int_backend<0ul, 0ul, (boost::multiprecision::cpp_integer_type)1, (boost::multiprecision::cpp_int_check_type)0, std::allocator<unsigned long long> > const&, boost::multiprecision::backends::cpp_int_backend<0ul, 0ul, (boost::multiprecision::cpp_integer_type)1, (boost::multiprecision::cpp_int_check_type)0, std::allocator<unsigned long long> > const&)","boost::multiprecision::backends::cpp_int_base<0ul, 18446744073709551615ul, (boost::multiprecision::cpp_integer_type)1, (boost::multiprecision::cpp_int_check_type)0, std::allocator<unsigned long long>, false>::assign(boost::multiprecision::backends::cpp_int_base<0ul, 18446744073709551615ul, (boost::multiprecision::cpp_integer_type)1, (boost::multiprecision::cpp_int_check_type)0, std::allocator<unsigned long long>, false> const&) [clone .part.0]",2004008,0.011638733705772812
"ParallelRoam::Algorithms::GreedyTransactionalLod::QualityEvaluation::RecordBits(boost::multiprecision::number<boost::multiprecision::backends::rational_adaptor<boost::multiprecision::backends::cpp_int_backend<0ul, 0ul, (boost::multiprecision::cpp_integer_type)1, (boost::multiprecision::cpp_int_check_type)0, std::allocator<unsigned long long> > >, (boost::multiprecision::expression_template_option)1> const&, ParallelRoam::Algorithms::GreedyTransactionalLod::WorkLedger&)","boost::multiprecision::backends::cpp_int_base<0ul, 18446744073709551615ul, (boost::multiprecision::cpp_integer_type)1, (boost::multiprecision::cpp_int_check_type)0, std::allocator<unsigned long long>, false>::assign(boost::multiprecision::backends::cpp_int_base<0ul, 18446744073709551615ul, (boost::multiprecision::cpp_integer_type)1, (boost::multiprecision::cpp_int_check_type)0, std::allocator<unsigned long long>, false> const&) [clone .part.0]",2004008,0.011638733705772812
"ParallelRoam::Algorithms::GreedyTransactionalLod::QualityEvaluation::Area(std::array<ParallelRoam::Algorithms::GreedyTransactionalLod::Point, 3ul> const&)","boost::multiprecision::backends::rational_adaptor<boost::multiprecision::backends::cpp_int_backend<0ul, 0ul, (boost::multiprecision::cpp_integer_type)1, (boost::multiprecision::cpp_int_check_type)0, std::allocator<unsigned long long> > >::rational_adaptor()",2004008,0.011638733705772812
"auto ParallelRoam::Algorithms::GreedyTransactionalLod::TransactionalReservation::Plan(ParallelRoam::Algorithms::GreedyTransactionalLod::TransactionalState const&, ParallelRoam::Algorithms::GreedyTransactionalLod::TransactionalSamples const&, ParallelRoam::Algorithms::GreedyTransactionalLod::WorkLedger&, ParallelRoam::Algorithms::GreedyTransactionalLod::TransactionalExecution const&)::{lambda(auto:1, auto:2, ParallelRoam::Algorithms::GreedyTransactionalLod::WorkLedger&)#1}::operator()<unsigned long, unsigned long>(unsigned long, unsigned long, ParallelRoam::Algorithms::GreedyTransactionalLod::WorkLedger&) const","std::vector<ParallelRoam::Algorithms::GreedyTransactionalLod::TransactionalQualityFaceEvidence, std::allocator<ParallelRoam::Algorithms::GreedyTransactionalLod::TransactionalQualityFaceEvidence> >::~vector()",2004008,0.011638733705772812
"boost::multiprecision::number<boost::multiprecision::backends::rational_adaptor<boost::multiprecision::backends::cpp_int_backend<0ul, 0ul, (boost::multiprecision::cpp_integer_type)1, (boost::multiprecision::cpp_int_check_type)0, std::allocator<unsigned long long> > >, (boost::multiprecision::expression_template_option)1> ParallelRoam::Algorithms::GreedyTransactionalLod::TransactionalQualityFaceEvidence::Interpolate<boost::multiprecision::number<boost::multiprecision::backends::rational_adaptor<boost::multiprecision::backends::cpp_int_backend<0ul, 0ul, (boost::multiprecision::cpp_integer_type)1, (boost::multiprecision::cpp_int_check_type)0, std::allocator<unsigned long long> > >, (boost::multiprecision::expression_template_option)1> >(ParallelRoam::Algorithms::GreedyTransactionalLod::TransactionalQualityFaceEvidence::Coefficients<boost::multiprecision::number<boost::multiprecision::backends::rational_adaptor<boost::multiprecision::backends::cpp_int_backend<0ul, 0ul, (boost::multiprecision::cpp_integer_type)1, (boost::multiprecision::cpp_int_check_type)0, std::allocator<unsigned long long> > >, (boost::multiprecision::expression_template_option)1> > const&, std::array<boost::multiprecision::number<boost::multiprecision::backends::rational_adaptor<boost::multiprecision::backends::cpp_int_backend<0ul, 0ul, (boost::multiprecision::cpp_integer_type)1, (boost::multiprecision::cpp_int_check_type)0, std::allocator<unsigned long long> > >, (boost::multiprecision::expression_template_option)1>, 2ul> const&)","void boost::multiprecision::number<boost::multiprecision::backends::rational_adaptor<boost::multiprecision::backends::cpp_int_backend<0ul, 0ul, (boost::multiprecision::cpp_integer_type)1, (boost::multiprecision::cpp_int_check_type)0, std::allocator<unsigned long long> > >, (boost::multiprecision::expression_template_option)1>::do_assign<boost::multiprecision::detail::expression<boost::multiprecision::detail::multiplies, boost::multiprecision::detail::expression<boost::multiprecision::detail::subtract_immediates, boost::multiprecision::number<boost::multiprecision::backends::rational_adaptor<boost::multiprecision::backends::cpp_int_backend<0ul, 0ul, (boost::multiprecision::cpp_integer_type)1, (boost::multiprecision::cpp_int_check_type)0, std::allocator<unsigned long long> > >, (boost::multiprecision::expression_template_option)1>, boost::multiprecision::number<boost::multiprecision::backends::rational_adaptor<boost::multiprecision::backends::cpp_int_backend<0ul, 0ul, (boost::multiprecision::cpp_integer_type)1, (boost::multiprecision::cpp_int_check_type)0, std::allocator<unsigned long long> > >, (boost::multiprecision::expression_template_option)1>, void, void>, boost::multiprecision::number<boost::multiprecision::backends::rational_adaptor<boost::multiprecision::backends::cpp_int_backend<0ul, 0ul, (boost::multiprecision::cpp_integer_type)1, (boost::multiprecision::cpp_int_check_type)0, std::allocator<unsigned long long> > >, (boost::multiprecision::expression_template_option)1>, void, void> >(boost::multiprecision::detail::expression<boost::multiprecision::detail::multiplies, boost::multiprecision::detail::expression<boost::multiprecision::detail::subtract_immediates, boost::multiprecision::number<boost::multiprecision::backends::rational_adaptor<boost::multiprecision::backends::cpp_int_backend<0ul, 0ul, (boost::multiprecision::cpp_integer_type)1, (boost::multiprecision::cpp_int_check_type)0, std::allocator<unsigned long long> > >, (boost::multiprecision::expression_template_option)1>, boost::multiprecision::number<boost::multiprecision::backends::rational_adaptor<boost::multiprecision::backends::cpp_int_backend<0ul, 0ul, (boost::multiprecision::cpp_integer_type)1, (boost::multiprecision::cpp_int_check_type)0, std::allocator<unsigned long long> > >, (boost::multiprecision::expression_template_option)1>, void, void>, boost::multiprecision::number<boost::multiprecision::backends::rational_adaptor<boost::multiprecision::backends::cpp_int_backend<0ul, 0ul, (boost::multiprecision::cpp_integer_type)1, (boost::multiprecision::cpp_int_check_type)0, std::allocator<unsigned long long> > >, (boost::multiprecision::expression_template_option)1>, void, void> const&, boost::multiprecision::detail::multiplies const&) [clone .isra.0]",2004008,0.011638733705772812
"std::optional<boost::multiprecision::number<boost::multiprecision::backends::rational_adaptor<boost::multiprecision::backends::cpp_int_backend<0ul, 0ul, (boost::multiprecision::cpp_integer_type)1, (boost::multiprecision::cpp_int_check_type)0, std::allocator<unsigned long long> > >, (boost::multiprecision::expression_template_option)1> > ParallelRoam::Algorithms::GreedyTransactionalLod::QualityEvaluation::ScreenPrepared<boost::multiprecision::number<boost::multiprecision::backends::rational_adaptor<boost::multiprecision::backends::cpp_int_backend<0ul, 0ul, (boost::multiprecision::cpp_integer_type)1, (boost::multiprecision::cpp_int_check_type)0, std::allocator<unsigned long long> > >, (boost::multiprecision::expression_template_option)1> >(ParallelRoam::Algorithms::GreedyTransactionalLod::Configuration const&, std::array<boost::multiprecision::number<boost::multiprecision::backends::rational_adaptor<boost::multiprecision::backends::cpp_int_backend<0ul, 0ul, (boost::multiprecision::cpp_integer_type)1, (boost::multiprecision::cpp_int_check_type)0, std::allocator<unsigned long long> > >, (boost::multiprecision::expression_template_option)1>, 3ul> const&, std::array<boost::multiprecision::number<boost::multiprecision::backends::rational_adaptor<boost::multiprecision::backends::cpp_int_backend<0ul, 0ul, (boost::multiprecision::cpp_integer_type)1, (boost::multiprecision::cpp_int_check_type)0, std::allocator<unsigned long long> > >, (boost::multiprecision::expression_template_option)1>, 4ul> const&, boost::multiprecision::number<boost::multiprecision::backends::rational_adaptor<boost::multiprecision::backends::cpp_int_backend<0ul, 0ul, (boost::multiprecision::cpp_integer_type)1, (boost::multiprecision::cpp_int_check_type)0, std::allocator<unsigned long long> > >, (boost::multiprecision::expression_template_option)1> const&)",__memset_avx512_unaligned,2004008,0.011638733705772812
"auto ParallelRoam::Algorithms::GreedyTransactionalLod::TransactionalReservation::Plan(ParallelRoam::Algorithms::GreedyTransactionalLod::TransactionalState const&, ParallelRoam::Algorithms::GreedyTransactionalLod::TransactionalSamples const&, ParallelRoam::Algorithms::GreedyTransactionalLod::WorkLedger&, ParallelRoam::Algorithms::GreedyTransactionalLod::TransactionalExecution const&)::{lambda(auto:1, auto:2, ParallelRoam::Algorithms::GreedyTransactionalLod::WorkLedger&)#1}::operator()<unsigned long, unsigned long>(unsigned long, unsigned long, ParallelRoam::Algorithms::GreedyTransactionalLod::WorkLedger&) const","ParallelRoam::Algorithms::GreedyTransactionalLod::TransactionalQualitySampleEvidence::TransactionalQualitySampleEvidence(ParallelRoam::Algorithms::GreedyTransactionalLod::TransactionalState const&, ParallelRoam::Algorithms::GreedyTransactionalLod::TransactionalSamples const&, unsigned int, bool, ParallelRoam::Algorithms::GreedyTransactionalLod::QualityEvidenceWork*)",2004008,0.011638733705772812
"std::array<boost::multiprecision::number<boost::multiprecision::backends::rational_adaptor<boost::multiprecision::backends::cpp_int_backend<0ul, 0ul, (boost::multiprecision::cpp_integer_type)1, (boost::multiprecision::cpp_int_check_type)0, std::allocator<unsigned long long> > >, (boost::multiprecision::expression_template_option)1>, 4ul> ParallelRoam::Algorithms::GreedyTransactionalLod::QualityEvaluation::Clip<boost::multiprecision::number<boost::multiprecision::backends::rational_adaptor<boost::multiprecision::backends::cpp_int_backend<0ul, 0ul, (boost::multiprecision::cpp_integer_type)1, (boost::multiprecision::cpp_int_check_type)0, std::allocator<unsigned long long> > >, (boost::multiprecision::expression_template_option)1> >(ParallelRoam::Algorithms::GreedyTransactionalLod::Configuration const&, boost::multiprecision::number<boost::multiprecision::backends::rational_adaptor<boost::multiprecision::backends::cpp_int_backend<0ul, 0ul, (boost::multiprecision::cpp_integer_type)1, (boost::multiprecision::cpp_int_check_type)0, std::allocator<unsigned long long> > >, (boost::multiprecision::expression_template_option)1> const&, boost::multiprecision::number<boost::multiprecision::backends::rational_adaptor<boost::multiprecision::backends::cpp_int_backend<0ul, 0ul, (boost::multiprecision::cpp_integer_type)1, (boost::multiprecision::cpp_int_check_type)0, std::allocator<unsigned long long> > >, (boost::multiprecision::expression_template_option)1> const&, boost::multiprecision::number<boost::multiprecision::backends::rational_adaptor<boost::multiprecision::backends::cpp_int_backend<0ul, 0ul, (boost::multiprecision::cpp_integer_type)1, (boost::multiprecision::cpp_int_check_type)0, std::allocator<unsigned long long> > >, (boost::multiprecision::expression_template_option)1> const&)","void boost::multiprecision::backends::cpp_int_backend<0ul, 0ul, (boost::multiprecision::cpp_integer_type)1, (boost::multiprecision::cpp_int_check_type)0, std::allocator<unsigned long long> >::do_assign_float<long double>(long double)",2004008,0.011638733705772812
"ParallelRoam::Algorithms::GreedyTransactionalLod::TransactionalQualityFaceEvidence::ExactHeight(std::array<boost::multiprecision::number<boost::multiprecision::backends::rational_adaptor<boost::multiprecision::backends::cpp_int_backend<0ul, 0ul, (boost::multiprecision::cpp_integer_type)1, (boost::multiprecision::cpp_int_check_type)0, std::allocator<unsigned long long> > >, (boost::multiprecision::expression_template_option)1>, 2ul> const&)",__memmove_chk_avx512_unaligned_erms,2004008,0.011638733705772812
"ParallelRoam::Algorithms::GreedyTransactionalLod::TransactionalReservation::Plan(ParallelRoam::Algorithms::GreedyTransactionalLod::TransactionalState const&, ParallelRoam::Algorithms::GreedyTransactionalLod::TransactionalSamples const&, ParallelRoam::Algorithms::GreedyTransactionalLod::WorkLedger&, ParallelRoam::Algorithms::GreedyTransactionalLod::TransactionalExecution const&)",ParallelRoam::Algorithms::GreedyTransactionalLod::Proposal::Proposal(ParallelRoam::Algorithms::GreedyTransactionalLod::Proposal const&),2004008,0.011638733705772812
ParallelRoam::Algorithms::GreedyTransactionalLod::Proposal::Proposal(ParallelRoam::Algorithms::GreedyTransactionalLod::Proposal const&),operator new(unsigned long),2004008,0.011638733705772812
"ParallelRoam::Algorithms::GreedyTransactionalLod::TransactionalPipeline::Apply(ParallelRoam::Algorithms::GreedyTransactionalLod::CertifiedBatch const&, ParallelRoam::Algorithms::GreedyTransactionalLod::WorkLedger&)","std::_Rb_tree<unsigned int, std::pair<unsigned int const, unsigned int>, std::_Select1st<std::pair<unsigned int const, unsigned int> >, std::less<unsigned int>, std::allocator<std::pair<unsigned int const, unsigned int> > >::_M_erase(std::_Rb_tree_node<std::pair<unsigned int const, unsigned int> >*) [clone .isra.0]",2004008,0.011638733705772812
"std::_Rb_tree<unsigned int, std::pair<unsigned int const, unsigned int>, std::_Select1st<std::pair<unsigned int const, unsigned int> >, std::less<unsigned int>, std::allocator<std::pair<unsigned int const, unsigned int> > >::_M_erase(std::_Rb_tree_node<std::pair<unsigned int const, unsigned int> >*) [clone .isra.0]",_int_free_chunk,2004008,0.011638733705772812
"ParallelRoam::Algorithms::GreedyTransactionalLod::TransactionalPointwiseQuality::Certify[abi:cxx11](ParallelRoam::Algorithms::GreedyTransactionalLod::TransactionalState const&, ParallelRoam::Algorithms::GreedyTransactionalLod::TransactionalSamples const&, ParallelRoam::Algorithms::GreedyTransactionalLod::Proposal&, bool, ParallelRoam::Algorithms::GreedyTransactionalLod::WorkLedger&)",ParallelRoam::Algorithms::GreedyTransactionalLod::TransactionalState::Vertex(long) const,2004008,0.011638733705772812
"std::enable_if<std::is_convertible<boost::multiprecision::detail::expression<boost::multiprecision::detail::minus, boost::multiprecision::detail::expression<boost::multiprecision::detail::divide_immediates, boost::multiprecision::number<boost::multiprecision::backends::rational_adaptor<boost::multiprecision::backends::cpp_int_backend<0ul, 0ul, (boost::multiprecision::cpp_integer_type)1, (boost::multiprecision::cpp_int_check_type)0, std::allocator<unsigned long long> > >, (boost::multiprecision::expression_template_option)1>, boost::multiprecision::number<boost::multiprecision::backends::rational_adaptor<boost::multiprecision::backends::cpp_int_backend<0ul, 0ul, (boost::multiprecision::cpp_integer_type)1, (boost::multiprecision::cpp_int_check_type)0, std::allocator<unsigned long long> > >, (boost::multiprecision::expression_template_option)1>, void, void>, boost::multiprecision::detail::expression<boost::multiprecision::detail::divide_immediates, boost::multiprecision::number<boost::multiprecision::backends::rational_adaptor<boost::multiprecision::backends::cpp_int_backend<0ul, 0ul, (boost::multiprecision::cpp_integer_type)1, (boost::multiprecision::cpp_int_check_type)0, std::allocator<unsigned long long> > >, (boost::multiprecision::expression_template_option)1>, boost::multiprecision::number<boost::multiprecision::backends::rational_adaptor<boost::multiprecision::backends::cpp_int_backend<0ul, 0ul, (boost::multiprecision::cpp_integer_type)1, (boost::multiprecision::cpp_int_check_type)0, std::allocator<unsigned long long> > >, (boost::multiprecision::expression_template_option)1>, void, void>, void, void>::result_type, boost::multiprecision::number<boost::multiprecision::backends::rational_adaptor<boost::multiprecision::backends::cpp_int_backend<0ul, 0ul, (boost::multiprecision::cpp_integer_type)1, (boost::multiprecision::cpp_int_check_type)0, std::allocator<unsigned long long> > >, (boost::multiprecision::expression_template_option)1> >::value, boost::multiprecision::number<boost::multiprecision::backends::rational_adaptor<boost::multiprecision::backends::cpp_int_backend<0ul, 0ul, (boost::multiprecision::cpp_integer_type)1, (boost::multiprecision::cpp_int_check_type)0, std::allocator<unsigned long long> > >, (boost::multiprecision::expression_template_option)1>&>::type boost::multiprecision::number<boost::multiprecision::backends::rational_adaptor<boost::multiprecision::backends::cpp_int_backend<0ul, 0ul, (boost::multiprecision::cpp_integer_type)1, (boost::multiprecision::cpp_int_check_type)0, std::allocator<unsigned long long> > >, (boost::multiprecision::expression_template_option)1>::operator*=<boost::multiprecision::detail::minus, boost::multiprecision::detail::expression<boost::multiprecision::detail::divide_immediates, boost::multiprecision::number<boost::multiprecision::backends::rational_adaptor<boost::multiprecision::backends::cpp_int_backend<0ul, 0ul, (boost::multiprecision::cpp_integer_type)1, (boost::multiprecision::cpp_int_check_type)0, std::allocator<unsigned long long> > >, (boost::multiprecision::expression_template_option)1>, boost::multiprecision::number<boost::multiprecision::backends::rational_adaptor<boost::multiprecision::backends::cpp_int_backend<0ul, 0ul, (boost::multiprecision::cpp_integer_type)1, (boost::multiprecision::cpp_int_check_type)0, std::allocator<unsigned long long> > >, (boost::multiprecision::expression_template_option)1>, void, void>, boost::multiprecision::detail::expression<boost::multiprecision::detail::divide_immediates, boost::multiprecision::number<boost::multiprecision::backends::rational_adaptor<boost::multiprecision::backends::cpp_int_backend<0ul, 0ul, (boost::multiprecision::cpp_integer_type)1, (boost::multiprecision::cpp_int_check_type)0, std::allocator<unsigned long long> > >, (boost::multiprecision::expression_template_option)1>, boost::multiprecision::number<boost::multiprecision::backends::rational_adaptor<boost::multiprecision::backends::cpp_int_backend<0ul, 0ul, (boost::multiprecision::cpp_integer_type)1, (boost::multiprecision::cpp_int_check_type)0, std::allocator<unsigned long long> > >, (boost::multiprecision::expression_template_option)1>, void, void>, void, void>(boost::multiprecision::detail::expression<boost::multiprecision::detail::minus, boost::multiprecision::detail::expression<boost::multiprecision::detail::divide_immediates, boost::multiprecision::number<boost::multiprecision::backends::rational_adaptor<boost::multiprecision::backends::cpp_int_backend<0ul, 0ul, (boost::multiprecision::cpp_integer_type)1, (boost::multiprecision::cpp_int_check_type)0, std::allocator<unsigned long long> > >, (boost::multiprecision::expression_template_option)1>, boost::multiprecision::number<boost::multiprecision::backends::rational_adaptor<boost::multiprecision::backends::cpp_int_backend<0ul, 0ul, (boost::multiprecision::cpp_integer_type)1, (boost::multiprecision::cpp_int_check_type)0, std::allocator<unsigned long long> > >, (boost::multiprecision::expression_template_option)1>, void, void>, boost::multiprecision::detail::expression<boost::multiprecision::detail::divide_immediates, boost::multiprecision::number<boost::multiprecision::backends::rational_adaptor<boost::multiprecision::backends::cpp_int_backend<0ul, 0ul, (boost::multiprecision::cpp_integer_type)1, (boost::multiprecision::cpp_int_check_type)0, std::allocator<unsigned long long> > >, (boost::multiprecision::expression_template_option)1>, boost::multiprecision::number<boost::multiprecision::backends::rational_adaptor<boost::multiprecision::backends::cpp_int_backend<0ul, 0ul, (boost::multiprecision::cpp_integer_type)1, (boost::multiprecision::cpp_int_check_type)0, std::allocator<unsigned long long> > >, (boost::multiprecision::expression_template_option)1>, void, void>, void, void> const&) [clone .isra.0]","std::enable_if<((!boost::multiprecision::backends::is_trivial_cpp_int<boost::multiprecision::backends::cpp_int_backend<0ul, 0ul, (boost::multiprecision::cpp_integer_type)1, (boost::multiprecision::cpp_int_check_type)0, std::allocator<unsigned long long> > >::value)&&(!boost::multiprecision::backends::is_trivial_cpp_int<boost::multiprecision::backends::cpp_int_backend<0ul, 0ul, (boost::multiprecision::cpp_integer_type)1, (boost::multiprecision::cpp_int_check_type)0, std::allocator<unsigned long long> > >::value))&&(!boost::multiprecision::backends::is_trivial_cpp_int<boost::multiprecision::backends::cpp_int_backend<0ul, 0ul, (boost::multiprecision::cpp_integer_type)1, (boost::multiprecision::cpp_int_check_type)0, std::allocator<unsigned long long> > >::value), void>::type boost::multiprecision::backends::eval_multiply<0ul, 0ul, (boost::multiprecision::cpp_integer_type)1, (boost::multiprecision::cpp_int_check_type)0, std::allocator<unsigned long long>, 0ul, 0ul, (boost::multiprecision::cpp_integer_type)1, (boost::multiprecision::cpp_int_check_type)0, std::allocator<unsigned long long>, 0ul, 0ul, (boost::multiprecision::cpp_integer_type)1, (boost::multiprecision::cpp_int_check_type)0, std::allocator<unsigned long long> >(boost::multiprecision::backends::cpp_int_backend<0ul, 0ul, (boost::multiprecision::cpp_integer_type)1, (boost::multiprecision::cpp_int_check_type)0, std::allocator<unsigned long long> >&, boost::multiprecision::backends::cpp_int_backend<0ul, 0ul, (boost::multiprecision::cpp_integer_type)1, (boost::multiprecision::cpp_int_check_type)0, std::allocator<unsigned long long> > const&, boost::multiprecision::backends::cpp_int_backend<0ul, 0ul, (boost::multiprecision::cpp_integer_type)1, (boost::multiprecision::cpp_int_check_type)0, std::allocator<unsigned long long> > const&)",2004008,0.011638733705772812
"void boost::multiprecision::number<boost::multiprecision::backends::rational_adaptor<boost::multiprecision::backends::cpp_int_backend<0ul, 0ul, (boost::multiprecision::cpp_integer_type)1, (boost::multiprecision::cpp_int_check_type)0, std::allocator<unsigned long long> > >, (boost::multiprecision::expression_template_option)1>::do_assign<boost::multiprecision::detail::expression<boost::multiprecision::detail::multiplies, boost::multiprecision::number<boost::multiprecision::backends::rational_adaptor<boost::multiprecision::backends::cpp_int_backend<0ul, 0ul, (boost::multiprecision::cpp_integer_type)1, (boost::multiprecision::cpp_int_check_type)0, std::allocator<unsigned long long> > >, (boost::multiprecision::expression_template_option)1>, boost::multiprecision::detail::expression<boost::multiprecision::detail::subtract_immediates, boost::multiprecision::number<boost::multiprecision::backends::rational_adaptor<boost::multiprecision::backends::cpp_int_backend<0ul, 0ul, (boost::multiprecision::cpp_integer_type)1, (boost::multiprecision::cpp_int_check_type)0, std::allocator<unsigned long long> > >, (boost::multiprecision::expression_template_option)1>, boost::multiprecision::number<boost::multiprecision::backends::rational_adaptor<boost::multiprecision::backends::cpp_int_backend<0ul, 0ul, (boost::multiprecision::cpp_integer_type)1, (boost::multiprecision::cpp_int_check_type)0, std::allocator<unsigned long long> > >, (boost::multiprecision::expression_template_option)1>, void, void>, void, void> >(boost::multiprecision::detail::expression<boost::multiprecision::detail::multiplies, boost::multiprecision::number<boost::multiprecision::backends::rational_adaptor<boost::multiprecision::backends::cpp_int_backend<0ul, 0ul, (boost::multiprecision::cpp_integer_type)1, (boost::multiprecision::cpp_int_check_type)0, std::allocator<unsigned long long> > >, (boost::multiprecision::expression_template_option)1>, boost::multiprecision::detail::expression<boost::multiprecision::detail::subtract_immediates, boost::multiprecision::number<boost::multiprecision::backends::rational_adaptor<boost::multiprecision::backends::cpp_int_backend<0ul, 0ul, (boost::multiprecision::cpp_integer_type)1, (boost::multiprecision::cpp_int_check_type)0, std::allocator<unsigned long long> > >, (boost::multiprecision::expression_template_option)1>, boost::multiprecision::number<boost::multiprecision::backends::rational_adaptor<boost::multiprecision::backends::cpp_int_backend<0ul, 0ul, (boost::multiprecision::cpp_integer_type)1, (boost::multiprecision::cpp_int_check_type)0, std::allocator<unsigned long long> > >, (boost::multiprecision::expression_template_option)1>, void, void>, void, void> const&, boost::multiprecision::detail::multiplies const&) [clone .isra.0]","void boost::multiprecision::backends::divide_unsigned_helper<boost::multiprecision::backends::cpp_int_backend<0ul, 0ul, (boost::multiprecision::cpp_integer_type)1, (boost::multiprecision::cpp_int_check_type)0, std::allocator<unsigned long long> >, boost::multiprecision::backends::cpp_int_backend<0ul, 0ul, (boost::multiprecision::cpp_integer_type)1, (boost::multiprecision::cpp_int_check_type)0, std::allocator<unsigned long long> >, boost::multiprecision::backends::cpp_int_backend<0ul, 0ul, (boost::multiprecision::cpp_integer_type)1, (boost::multiprecision::cpp_int_check_type)0, std::allocator<unsigned long long> > >(boost::multiprecision::backends::cpp_int_backend<0ul, 0ul, (boost::multiprecision::cpp_integer_type)1, (boost::multiprecision::cpp_int_check_type)0, std::allocator<unsigned long long> >*, boost::multiprecision::backends::cpp_int_backend<0ul, 0ul, (boost::multiprecision::cpp_integer_type)1, (boost::multiprecision::cpp_int_check_type)0, std::allocator<unsigned long long> > const&, boost::multiprecision::backends::cpp_int_backend<0ul, 0ul, (boost::multiprecision::cpp_integer_type)1, (boost::multiprecision::cpp_int_check_type)0, std::allocator<unsigned long long> > const&, boost::multiprecision::backends::cpp_int_backend<0ul, 0ul, (boost::multiprecision::cpp_integer_type)1, (boost::multiprecision::cpp_int_check_type)0, std::allocator<unsigned long long> >&)",2004008,0.011638733705772812
"ParallelRoam::Algorithms::GreedyTransactionalLod::TransactionalPredicates::Shape(ParallelRoam::Algorithms::GreedyTransactionalLod::Point const&, ParallelRoam::Algorithms::GreedyTransactionalLod::Point const&, ParallelRoam::Algorithms::GreedyTransactionalLod::Point const&)","ParallelRoam::Algorithms::GreedyTransactionalLod::TransactionalPredicates::Orientation(ParallelRoam::Algorithms::GreedyTransactionalLod::Point const&, ParallelRoam::Algorithms::GreedyTransactionalLod::Point const&, ParallelRoam::Algorithms::GreedyTransactionalLod::Point const&)",2004008,0.011638733705772812
"ParallelRoam::Algorithms::GreedyTransactionalLod::QualityEvaluation::AddBounds(boost::multiprecision::number<boost::multiprecision::backends::rational_adaptor<boost::multiprecision::backends::cpp_int_backend<0ul, 0ul, (boost::multiprecision::cpp_integer_type)1, (boost::multiprecision::cpp_int_check_type)0, std::allocator<unsigned long long> > >, (boost::multiprecision::expression_template_option)1> const&, boost::multiprecision::number<boost::multiprecision::backends::rational_adaptor<boost::multiprecision::backends::cpp_int_backend<0ul, 0ul, (boost::multiprecision::cpp_integer_type)1, (boost::multiprecision::cpp_int_check_type)0, std::allocator<unsigned long long> > >, (boost::multiprecision::expression_template_option)1> const&, boost::multiprecision::number<boost::multiprecision::backends::cpp_int_backend<0ul, 0ul, (boost::multiprecision::cpp_integer_type)1, (boost::multiprecision::cpp_int_check_type)0, std::allocator<unsigned long long> >, (boost::multiprecision::expression_template_option)1>&, boost::multiprecision::number<boost::multiprecision::backends::cpp_int_backend<0ul, 0ul, (boost::multiprecision::cpp_integer_type)1, (boost::multiprecision::cpp_int_check_type)0, std::allocator<unsigned long long> >, (boost::multiprecision::expression_template_option)1>&)","boost::multiprecision::backends::rational_adaptor<boost::multiprecision::backends::cpp_int_backend<0ul, 0ul, (boost::multiprecision::cpp_integer_type)1, (boost::multiprecision::cpp_int_check_type)0, std::allocator<unsigned long long> > >::rational_adaptor()",2004008,0.011638733705772812
"ParallelRoam::Algorithms::GreedyTransactionalLod::TransactionalQualityFaceEvidence::ExactSide(unsigned long, std::array<boost::multiprecision::number<boost::multiprecision::backends::rational_adaptor<boost::multiprecision::backends::cpp_int_backend<0ul, 0ul, (boost::multiprecision::cpp_integer_type)1, (boost::multiprecision::cpp_int_check_type)0, std::allocator<unsigned long long> > >, (boost::multiprecision::expression_template_option)1>, 2ul> const&)","std::enable_if<!boost::multiprecision::backends::is_trivial_cpp_int<boost::multiprecision::backends::cpp_int_backend<0ul, 0ul, (boost::multiprecision::cpp_integer_type)1, (boost::multiprecision::cpp_int_check_type)0, std::allocator<unsigned long long> > >::value, void>::type boost::multiprecision::backends::eval_gcd<0ul, 0ul, (boost::multiprecision::cpp_integer_type)1, (boost::multiprecision::cpp_int_check_type)0, std::allocator<unsigned long long> >(boost::multiprecision::backends::cpp_int_backend<0ul, 0ul, (boost::multiprecision::cpp_integer_type)1, (boost::multiprecision::cpp_int_check_type)0, std::allocator<unsigned long long> >&, boost::multiprecision::backends::cpp_int_backend<0ul, 0ul, (boost::multiprecision::cpp_integer_type)1, (boost::multiprecision::cpp_int_check_type)0, std::allocator<unsigned long long> > const&, boost::multiprecision::backends::cpp_int_backend<0ul, 0ul, (boost::multiprecision::cpp_integer_type)1, (boost::multiprecision::cpp_int_check_type)0, std::allocator<unsigned long long> > const&)",2004008,0.011638733705772812
"auto ParallelRoam::Algorithms::GreedyTransactionalLod::TransactionalReservation::Plan(ParallelRoam::Algorithms::GreedyTransactionalLod::TransactionalState const&, ParallelRoam::Algorithms::GreedyTransactionalLod::TransactionalSamples const&, ParallelRoam::Algorithms::GreedyTransactionalLod::WorkLedger&, ParallelRoam::Algorithms::GreedyTransactionalLod::TransactionalExecution const&)::{lambda(auto:1, auto:2, ParallelRoam::Algorithms::GreedyTransactionalLod::WorkLedger&)#1}::operator()<unsigned long, unsigned long>(unsigned long, unsigned long, ParallelRoam::Algorithms::GreedyTransactionalLod::WorkLedger&) const",ParallelRoam::Algorithms::GreedyTransactionalLod::TransactionalQualitySampleEvidence::CoordinateBounds(),2004008,0.011638733705772812
"void boost::multiprecision::backends::eval_add_subtract_imp<boost::multiprecision::backends::cpp_int_backend<0ul, 0ul, (boost::multiprecision::cpp_integer_type)1, (boost::multiprecision::cpp_int_check_type)0, std::allocator<unsigned long long> > >(boost::multiprecision::backends::rational_adaptor<boost::multiprecision::backends::cpp_int_backend<0ul, 0ul, (boost::multiprecision::cpp_integer_type)1, (boost::multiprecision::cpp_int_check_type)0, std::allocator<unsigned long long> > >&, boost::multiprecision::backends::rational_adaptor<boost::multiprecision::backends::cpp_int_backend<0ul, 0ul, (boost::multiprecision::cpp_integer_type)1, (boost::multiprecision::cpp_int_check_type)0, std::allocator<unsigned long long> > > const&, boost::multiprecision::backends::rational_adaptor<boost::multiprecision::backends::cpp_int_backend<0ul, 0ul, (boost::multiprecision::cpp_integer_type)1, (boost::multiprecision::cpp_int_check_type)0, std::allocator<unsigned long long> > > const&, bool)","std::enable_if<(!boost::multiprecision::backends::is_trivial_cpp_int<boost::multiprecision::backends::cpp_int_backend<0ul, 0ul, (boost::multiprecision::cpp_integer_type)1, (boost::multiprecision::cpp_int_check_type)0, std::allocator<unsigned long long> > >::value)&&(!boost::multiprecision::backends::is_trivial_cpp_int<boost::multiprecision::backends::cpp_int_backend<0ul, 0ul, (boost::multiprecision::cpp_integer_type)1, (boost::multiprecision::cpp_int_check_type)0, std::allocator<unsigned long long> > >::value), void>::type boost::multiprecision::backends::eval_multiply<0ul, 0ul, (boost::multiprecision::cpp_integer_type)1, (boost::multiprecision::cpp_int_check_type)0, std::allocator<unsigned long long>, 0ul, 0ul, (boost::multiprecision::cpp_integer_type)1, (boost::multiprecision::cpp_int_check_type)0, std::allocator<unsigned long long> >(boost::multiprecision::backends::cpp_int_backend<0ul, 0ul, (boost::multiprecision::cpp_integer_type)1, (boost::multiprecision::cpp_int_check_type)0, std::allocator<unsigned long long> >&, boost::multiprecision::backends::cpp_int_backend<0ul, 0ul, (boost::multiprecision::cpp_integer_type)1, (boost::multiprecision::cpp_int_check_type)0, std::allocator<unsigned long long> > const&, unsigned long long const&)",2004008,0.011638733705772812
"ParallelRoam::Algorithms::GreedyTransactionalLod::TransactionalSamples::Weights(unsigned int, ParallelRoam::Algorithms::GreedyTransactionalLod::Point const&, ParallelRoam::Algorithms::GreedyTransactionalLod::Point const&, ParallelRoam::Algorithms::GreedyTransactionalLod::Point const&, std::array<double, 3ul>&) const","std::enable_if<!boost::multiprecision::backends::is_trivial_cpp_int<boost::multiprecision::backends::cpp_int_backend<0ul, 0ul, (boost::multiprecision::cpp_integer_type)1, (boost::multiprecision::cpp_int_check_type)0, std::allocator<unsigned long long> > >::value, void>::type boost::multiprecision::backends::eval_gcd<0ul, 0ul, (boost::multiprecision::cpp_integer_type)1, (boost::multiprecision::cpp_int_check_type)0, std::allocator<unsigned long long> >(boost::multiprecision::backends::cpp_int_backend<0ul, 0ul, (boost::multiprecision::cpp_integer_type)1, (boost::multiprecision::cpp_int_check_type)0, std::allocator<unsigned long long> >&, boost::multiprecision::backends::cpp_int_backend<0ul, 0ul, (boost::multiprecision::cpp_integer_type)1, (boost::multiprecision::cpp_int_check_type)0, std::allocator<unsigned long long> > const&, boost::multiprecision::backends::cpp_int_backend<0ul, 0ul, (boost::multiprecision::cpp_integer_type)1, (boost::multiprecision::cpp_int_check_type)0, std::allocator<unsigned long long> > const&)",2004008,0.011638733705772812
ParallelRoam::Algorithms::GreedyTransactionalLod::TransactionalQualitySampleEvidence::ExactClip(),"boost::multiprecision::backends::cpp_int_base<0ul, 18446744073709551615ul, (boost::multiprecision::cpp_integer_type)1, (boost::multiprecision::cpp_int_check_type)0, std::allocator<unsigned long long>, false>::cpp_int_base(boost::multiprecision::backends::cpp_int_base<0ul, 18446744073709551615ul, (boost::multiprecision::cpp_integer_type)1, (boost::multiprecision::cpp_int_check_type)0, std::allocator<unsigned long long>, false>&&)",2004008,0.011638733705772812
"auto ParallelRoam::Algorithms::GreedyTransactionalLod::TransactionalReservation::Plan(ParallelRoam::Algorithms::GreedyTransactionalLod::TransactionalState const&, ParallelRoam::Algorithms::GreedyTransactionalLod::TransactionalSamples const&, ParallelRoam::Algorithms::GreedyTransactionalLod::WorkLedger&, ParallelRoam::Algorithms::GreedyTransactionalLod::TransactionalExecution const&)::{lambda(auto:1, auto:2, ParallelRoam::Algorithms::GreedyTransactionalLod::WorkLedger&)#1}::operator()<unsigned long, unsigned long>(unsigned long, unsigned long, ParallelRoam::Algorithms::GreedyTransactionalLod::WorkLedger&) const","ParallelRoam::Algorithms::GreedyTransactionalLod::TransactionalQualityFaceEvidence::HeightBounds(std::array<ParallelRoam::Algorithms::GreedyTransactionalLod::QualityEvaluation::Interval, 2ul> const&)",2004008,0.011638733705772812
"ParallelRoam::Algorithms::GreedyTransactionalLod::TransactionalPointwiseQuality::Certify[abi:cxx11](ParallelRoam::Algorithms::GreedyTransactionalLod::TransactionalState const&, ParallelRoam::Algorithms::GreedyTransactionalLod::TransactionalSamples const&, ParallelRoam::Algorithms::GreedyTransactionalLod::Proposal&, bool, ParallelRoam::Algorithms::GreedyTransactionalLod::WorkLedger&)","std::map<std::__cxx11::basic_string<char, std::char_traits<char>, std::allocator<char> >, unsigned long, std::less<std::__cxx11::basic_string<char, std::char_traits<char>, std::allocator<char> > >, std::allocator<std::pair<std::__cxx11::basic_string<char, std::char_traits<char>, std::allocator<char> > const, unsigned long> > >::operator[](std::__cxx11::basic_string<char, std::char_traits<char>, std::allocator<char> >&&)",2004008,0.011638733705772812
"void boost::multiprecision::backends::eval_add_subtract_imp<boost::multiprecision::backends::cpp_int_backend<0ul, 0ul, (boost::multiprecision::cpp_integer_type)1, (boost::multiprecision::cpp_int_check_type)0, std::allocator<unsigned long long> > >(boost::multiprecision::backends::rational_adaptor<boost::multiprecision::backends::cpp_int_backend<0ul, 0ul, (boost::multiprecision::cpp_integer_type)1, (boost::multiprecision::cpp_int_check_type)0, std::allocator<unsigned long long> > >&, boost::multiprecision::backends::rational_adaptor<boost::multiprecision::backends::cpp_int_backend<0ul, 0ul, (boost::multiprecision::cpp_integer_type)1, (boost::multiprecision::cpp_int_check_type)0, std::allocator<unsigned long long> > > const&, boost::multiprecision::backends::rational_adaptor<boost::multiprecision::backends::cpp_int_backend<0ul, 0ul, (boost::multiprecision::cpp_integer_type)1, (boost::multiprecision::cpp_int_check_type)0, std::allocator<unsigned long long> > > const&, bool)","std::enable_if<!boost::multiprecision::backends::is_trivial_cpp_int<boost::multiprecision::backends::cpp_int_backend<0ul, 0ul, (boost::multiprecision::cpp_integer_type)1, (boost::multiprecision::cpp_int_check_type)0, std::allocator<unsigned long long> > >::value, void>::type boost::multiprecision::backends::eval_left_shift<0ul, 0ul, (boost::multiprecision::cpp_integer_type)1, (boost::multiprecision::cpp_int_check_type)0, std::allocator<unsigned long long> >(boost::multiprecision::backends::cpp_int_backend<0ul, 0ul, (boost::multiprecision::cpp_integer_type)1, (boost::multiprecision::cpp_int_check_type)0, std::allocator<unsigned long long> >&, unsigned __int128) [clone .part.0]",2004008,0.011638733705772812
"std::enable_if<((!boost::multiprecision::backends::is_trivial_cpp_int<boost::multiprecision::backends::cpp_int_backend<0ul, 0ul, (boost::multiprecision::cpp_integer_type)1, (boost::multiprecision::cpp_int_check_type)0, std::allocator<unsigned long long> > >::value)&&(!boost::multiprecision::backends::is_trivial_cpp_int<boost::multiprecision::backends::cpp_int_backend<0ul, 0ul, (boost::multiprecision::cpp_integer_type)1, (boost::multiprecision::cpp_int_check_type)0, std::allocator<unsigned long long> > >::value))&&(!boost::multiprecision::backends::is_trivial_cpp_int<boost::multiprecision::backends::cpp_int_backend<0ul, 0ul, (boost::multiprecision::cpp_integer_type)1, (boost::multiprecision::cpp_int_check_type)0, std::allocator<unsigned long long> > >::value), void>::type boost::multiprecision::backends::eval_multiply<0ul, 0ul, (boost::multiprecision::cpp_integer_type)1, (boost::multiprecision::cpp_int_check_type)0, std::allocator<unsigned long long>, 0ul, 0ul, (boost::multiprecision::cpp_integer_type)1, (boost::multiprecision::cpp_int_check_type)0, std::allocator<unsigned long long>, 0ul, 0ul, (boost::multiprecision::cpp_integer_type)1, (boost::multiprecision::cpp_int_check_type)0, std::allocator<unsigned long long> >(boost::multiprecision::backends::cpp_int_backend<0ul, 0ul, (boost::multiprecision::cpp_integer_type)1, (boost::multiprecision::cpp_int_check_type)0, std::allocator<unsigned long long> >&, boost::multiprecision::backends::cpp_int_backend<0ul, 0ul, (boost::multiprecision::cpp_integer_type)1, (boost::multiprecision::cpp_int_check_type)0, std::allocator<unsigned long long> > const&, boost::multiprecision::backends::cpp_int_backend<0ul, 0ul, (boost::multiprecision::cpp_integer_type)1, (boost::multiprecision::cpp_int_check_type)0, std::allocator<unsigned long long> > const&)",[unknown],2004008,0.011638733705772812
"void boost::multiprecision::number<boost::multiprecision::backends::rational_adaptor<boost::multiprecision::backends::cpp_int_backend<0ul, 0ul, (boost::multiprecision::cpp_integer_type)1, (boost::multiprecision::cpp_int_check_type)0, std::allocator<unsigned long long> > >, (boost::multiprecision::expression_template_option)1>::do_assign<boost::multiprecision::detail::expression<boost::multiprecision::detail::multiplies, boost::multiprecision::detail::expression<boost::multiprecision::detail::subtract_immediates, boost::multiprecision::number<boost::multiprecision::backends::rational_adaptor<boost::multiprecision::backends::cpp_int_backend<0ul, 0ul, (boost::multiprecision::cpp_integer_type)1, (boost::multiprecision::cpp_int_check_type)0, std::allocator<unsigned long long> > >, (boost::multiprecision::expression_template_option)1>, boost::multiprecision::number<boost::multiprecision::backends::rational_adaptor<boost::multiprecision::backends::cpp_int_backend<0ul, 0ul, (boost::multiprecision::cpp_integer_type)1, (boost::multiprecision::cpp_int_check_type)0, std::allocator<unsigned long long> > >, (boost::multiprecision::expression_template_option)1>, void, void>, boost::multiprecision::detail::expression<boost::multiprecision::detail::subtract_immediates, boost::multiprecision::number<boost::multiprecision::backends::rational_adaptor<boost::multiprecision::backends::cpp_int_backend<0ul, 0ul, (boost::multiprecision::cpp_integer_type)1, (boost::multiprecision::cpp_int_check_type)0, std::allocator<unsigned long long> > >, (boost::multiprecision::expression_template_option)1>, boost::multiprecision::number<boost::multiprecision::backends::rational_adaptor<boost::multiprecision::backends::cpp_int_backend<0ul, 0ul, (boost::multiprecision::cpp_integer_type)1, (boost::multiprecision::cpp_int_check_type)0, std::allocator<unsigned long long> > >, (boost::multiprecision::expression_template_option)1>, void, void>, void, void> >(boost::multiprecision::detail::expression<boost::multiprecision::detail::multiplies, boost::multiprecision::detail::expression<boost::multiprecision::detail::subtract_immediates, boost::multiprecision::number<boost::multiprecision::backends::rational_adaptor<boost::multiprecision::backends::cpp_int_backend<0ul, 0ul, (boost::multiprecision::cpp_integer_type)1, (boost::multiprecision::cpp_int_check_type)0, std::allocator<unsigned long long> > >, (boost::multiprecision::expression_template_option)1>, boost::multiprecision::number<boost::multiprecision::backends::rational_adaptor<boost::multiprecision::backends::cpp_int_backend<0ul, 0ul, (boost::multiprecision::cpp_integer_type)1, (boost::multiprecision::cpp_int_check_type)0, std::allocator<unsigned long long> > >, (boost::multiprecision::expression_template_option)1>, void, void>, boost::multiprecision::detail::expression<boost::multiprecision::detail::subtract_immediates, boost::multiprecision::number<boost::multiprecision::backends::rational_adaptor<boost::multiprecision::backends::cpp_int_backend<0ul, 0ul, (boost::multiprecision::cpp_integer_type)1, (boost::multiprecision::cpp_int_check_type)0, std::allocator<unsigned long long> > >, (boost::multiprecision::expression_template_option)1>, boost::multiprecision::number<boost::multiprecision::backends::rational_adaptor<boost::multiprecision::backends::cpp_int_backend<0ul, 0ul, (boost::multiprecision::cpp_integer_type)1, (boost::multiprecision::cpp_int_check_type)0, std::allocator<unsigned long long> > >, (boost::multiprecision::expression_template_option)1>, void, void>, void, void> const&, boost::multiprecision::detail::multiplies const&) [clone .isra.0]","boost::multiprecision::backends::rational_adaptor<boost::multiprecision::backends::cpp_int_backend<0ul, 0ul, (boost::multiprecision::cpp_integer_type)1, (boost::multiprecision::cpp_int_check_type)0, std::allocator<unsigned long long> > >::rational_adaptor()",2004008,0.011638733705772812
"ParallelRoam::Algorithms::GreedyTransactionalLod::QualityEvaluation::SameInterface(ParallelRoam::Algorithms::GreedyTransactionalLod::TransactionalState const&, ParallelRoam::Algorithms::GreedyTransactionalLod::Proposal const&, bool, std::vector<std::array<ParallelRoam::Algorithms::GreedyTransactionalLod::Point, 3ul>, std::allocator<std::array<ParallelRoam::Algorithms::GreedyTransactionalLod::Point, 3ul> > > const&, std::vector<std::array<ParallelRoam::Algorithms::GreedyTransactionalLod::Point, 3ul>, std::allocator<std::array<ParallelRoam::Algorithms::GreedyTransactionalLod::Point, 3ul> > > const&)","boost::multiprecision::backends::cpp_int_backend<0ul, 0ul, (boost::multiprecision::cpp_integer_type)1, (boost::multiprecision::cpp_int_check_type)0, std::allocator<unsigned long long> >::~cpp_int_backend()",2004008,0.011638733705772812
ParallelRoam::Algorithms::GreedyTransactionalLod::QualityEvaluation::(anonymous namespace)::BinaryFloor(double),__memmove_avx512_unaligned_erms,2004008,0.011638733705772812
"std::_Rb_tree_node_base* std::_Rb_tree<long, std::pair<long const, ParallelRoam::Algorithms::GreedyTransactionalLod::Point>, std::_Select1st<std::pair<long const, ParallelRoam::Algorithms::GreedyTransactionalLod::Point> >, std::less<long>, std::allocator<std::pair<long const, ParallelRoam::Algorithms::GreedyTransactionalLod::Point> > >::_M_copy<false, std::_Rb_tree<long, std::pair<long const, ParallelRoam::Algorithms::GreedyTransactionalLod::Point>, std::_Select1st<std::pair<long const, ParallelRoam::Algorithms::GreedyTransactionalLod::Point> >, std::less<long>, std::allocator<std::pair<long const, ParallelRoam::Algorithms::GreedyTransactionalLod::Point> > >::_Reuse_or_alloc_node>(std::_Rb_tree_node<std::pair<long const, ParallelRoam::Algorithms::GreedyTransactionalLod::Point> >*, std::_Rb_tree_node_base*, std::_Rb_tree<long, std::pair<long const, ParallelRoam::Algorithms::GreedyTransactionalLod::Point>, std::_Select1st<std::pair<long const, ParallelRoam::Algorithms::GreedyTransactionalLod::Point> >, std::less<long>, std::allocator<std::pair<long const, ParallelRoam::Algorithms::GreedyTransactionalLod::Point> > >::_Reuse_or_alloc_node&) [clone .isra.0]","std::_Rb_tree_node_base* std::_Rb_tree<long, std::pair<long const, ParallelRoam::Algorithms::GreedyTransactionalLod::Point>, std::_Select1st<std::pair<long const, ParallelRoam::Algorithms::GreedyTransactionalLod::Point> >, std::less<long>, std::allocator<std::pair<long const, ParallelRoam::Algorithms::GreedyTransactionalLod::Point> > >::_M_copy<false, std::_Rb_tree<long, std::pair<long const, ParallelRoam::Algorithms::GreedyTransactionalLod::Point>, std::_Select1st<std::pair<long const, ParallelRoam::Algorithms::GreedyTransactionalLod::Point> >, std::less<long>, std::allocator<std::pair<long const, ParallelRoam::Algorithms::GreedyTransactionalLod::Point> > >::_Reuse_or_alloc_node>(std::_Rb_tree_node<std::pair<long const, ParallelRoam::Algorithms::GreedyTransactionalLod::Point> >*, std::_Rb_tree_node_base*, std::_Rb_tree<long, std::pair<long const, ParallelRoam::Algorithms::GreedyTransactionalLod::Point>, std::_Select1st<std::pair<long const, ParallelRoam::Algorithms::GreedyTransactionalLod::Point> >, std::less<long>, std::allocator<std::pair<long const, ParallelRoam::Algorithms::GreedyTransactionalLod::Point> > >::_Reuse_or_alloc_node&) [clone .isra.0]",2004008,0.011638733705772812
"std::_Rb_tree_node_base* std::_Rb_tree<long, std::pair<long const, ParallelRoam::Algorithms::GreedyTransactionalLod::Point>, std::_Select1st<std::pair<long const, ParallelRoam::Algorithms::GreedyTransactionalLod::Point> >, std::less<long>, std::allocator<std::pair<long const, ParallelRoam::Algorithms::GreedyTransactionalLod::Point> > >::_M_copy<false, std::_Rb_tree<long, std::pair<long const, ParallelRoam::Algorithms::GreedyTransactionalLod::Point>, std::_Select1st<std::pair<long const, ParallelRoam::Algorithms::GreedyTransactionalLod::Point> >, std::less<long>, std::allocator<std::pair<long const, ParallelRoam::Algorithms::GreedyTransactionalLod::Point> > >::_Reuse_or_alloc_node>(std::_Rb_tree_node<std::pair<long const, ParallelRoam::Algorithms::GreedyTransactionalLod::Point> >*, std::_Rb_tree_node_base*, std::_Rb_tree<long, std::pair<long const, ParallelRoam::Algorithms::GreedyTransactionalLod::Point>, std::_Select1st<std::pair<long const, ParallelRoam::Algorithms::GreedyTransactionalLod::Point> >, std::less<long>, std::allocator<std::pair<long const, ParallelRoam::Algorithms::GreedyTransactionalLod::Point> > >::_Reuse_or_alloc_node&) [clone .isra.0]",operator new(unsigned long),2004008,0.011638733705772812
"ParallelRoam::Algorithms::GreedyTransactionalLod::TransactionalPointwiseQuality::Certify[abi:cxx11](ParallelRoam::Algorithms::GreedyTransactionalLod::TransactionalState const&, ParallelRoam::Algorithms::GreedyTransactionalLod::TransactionalSamples const&, ParallelRoam::Algorithms::GreedyTransactionalLod::Proposal&, bool, ParallelRoam::Algorithms::GreedyTransactionalLod::WorkLedger&)","std::_Rb_tree_node_base* std::_Rb_tree<long, std::pair<long const, ParallelRoam::Algorithms::GreedyTransactionalLod::Point>, std::_Select1st<std::pair<long const, ParallelRoam::Algorithms::GreedyTransactionalLod::Point> >, std::less<long>, std::allocator<std::pair<long const, ParallelRoam::Algorithms::GreedyTransactionalLod::Point> > >::_M_copy<false, std::_Rb_tree<long, std::pair<long const, ParallelRoam::Algorithms::GreedyTransactionalLod::Point>, std::_Select1st<std::pair<long const, ParallelRoam::Algorithms::GreedyTransactionalLod::Point> >, std::less<long>, std::allocator<std::pair<long const, ParallelRoam::Algorithms::GreedyTransactionalLod::Point> > >::_Reuse_or_alloc_node>(std::_Rb_tree_node<std::pair<long const, ParallelRoam::Algorithms::GreedyTransactionalLod::Point> >*, std::_Rb_tree_node_base*, std::_Rb_tree<long, std::pair<long const, ParallelRoam::Algorithms::GreedyTransactionalLod::Point>, std::_Select1st<std::pair<long const, ParallelRoam::Algorithms::GreedyTransactionalLod::Point> >, std::less<long>, std::allocator<std::pair<long const, ParallelRoam::Algorithms::GreedyTransactionalLod::Point> > >::_Reuse_or_alloc_node&) [clone .isra.0]",2004008,0.011638733705772812
"ParallelRoam::Algorithms::GreedyTransactionalLod::TransactionalQualityFaceEvidence::HeightBounds(std::array<ParallelRoam::Algorithms::GreedyTransactionalLod::QualityEvaluation::Interval, 2ul> const&)",ParallelRoam::Algorithms::GreedyTransactionalLod::TransactionalQualityFaceEvidence::Bounds(),2004008,0.011638733705772812
"boost::multiprecision::number<boost::multiprecision::backends::rational_adaptor<boost::multiprecision::backends::cpp_int_backend<0ul, 0ul, (boost::multiprecision::cpp_integer_type)1, (boost::multiprecision::cpp_int_check_type)0, std::allocator<unsigned long long> > >, (boost::multiprecision::expression_template_option)1> ParallelRoam::Algorithms::GreedyTransactionalLod::TransactionalQualityFaceEvidence::Interpolate<boost::multiprecision::number<boost::multiprecision::backends::rational_adaptor<boost::multiprecision::backends::cpp_int_backend<0ul, 0ul, (boost::multiprecision::cpp_integer_type)1, (boost::multiprecision::cpp_int_check_type)0, std::allocator<unsigned long long> > >, (boost::multiprecision::expression_template_option)1> >(ParallelRoam::Algorithms::GreedyTransactionalLod::TransactionalQualityFaceEvidence::Coefficients<boost::multiprecision::number<boost::multiprecision::backends::rational_adaptor<boost::multiprecision::backends::cpp_int_backend<0ul, 0ul, (boost::multiprecision::cpp_integer_type)1, (boost::multiprecision::cpp_int_check_type)0, std::allocator<unsigned long long> > >, (boost::multiprecision::expression_template_option)1> > const&, std::array<boost::multiprecision::number<boost::multiprecision::backends::rational_adaptor<boost::multiprecision::backends::cpp_int_backend<0ul, 0ul, (boost::multiprecision::cpp_integer_type)1, (boost::multiprecision::cpp_int_check_type)0, std::allocator<unsigned long long> > >, (boost::multiprecision::expression_template_option)1>, 2ul> const&)",memcpy@plt,2004008,0.011638733705772812
"ParallelRoam::Algorithms::GreedyTransactionalLod::QualityEvaluation::SameInterface(ParallelRoam::Algorithms::GreedyTransactionalLod::TransactionalState const&, ParallelRoam::Algorithms::GreedyTransactionalLod::Proposal const&, bool, std::vector<std::array<ParallelRoam::Algorithms::GreedyTransactionalLod::Point, 3ul>, std::allocator<std::array<ParallelRoam::Algorithms::GreedyTransactionalLod::Point, 3ul> > > const&, std::vector<std::array<ParallelRoam::Algorithms::GreedyTransactionalLod::Point, 3ul>, std::allocator<std::array<ParallelRoam::Algorithms::GreedyTransactionalLod::Point, 3ul> > > const&)",operator new(unsigned long),2004008,0.011638733705772812
"std::_Function_handler<void (unsigned long, unsigned long, ParallelRoam::Algorithms::GreedyTransactionalLod::WorkLedger&), ParallelRoam::Algorithms::GreedyTransactionalLod::TransactionalExecution::RunIndependent(std::__cxx11::basic_string<char, std::char_traits<char>, std::allocator<char> > const&, unsigned long, ParallelRoam::Algorithms::GreedyTransactionalLod::WorkLedger&, std::function<void (unsigned long, unsigned long, ParallelRoam::Algorithms::GreedyTransactionalLod::WorkLedger&)> const&) const::{lambda(unsigned long, unsigned long, ParallelRoam::Algorithms::GreedyTransactionalLod::WorkLedger&)#1}>::_M_invoke(std::_Any_data const&, unsigned long&&, unsigned long&&, ParallelRoam::Algorithms::GreedyTransactionalLod::WorkLedger&)",_int_free_chunk,2004008,0.011638733705772812
"void boost::multiprecision::backends::subtract_unsigned<boost::multiprecision::backends::cpp_int_backend<0ul, 0ul, (boost::multiprecision::cpp_integer_type)1, (boost::multiprecision::cpp_int_check_type)0, std::allocator<unsigned long long> >, boost::multiprecision::backends::cpp_int_backend<0ul, 0ul, (boost::multiprecision::cpp_integer_type)1, (boost::multiprecision::cpp_int_check_type)0, std::allocator<unsigned long long> >, boost::multiprecision::backends::cpp_int_backend<0ul, 0ul, (boost::multiprecision::cpp_integer_type)1, (boost::multiprecision::cpp_int_check_type)0, std::allocator<unsigned long long> > >(boost::multiprecision::backends::cpp_int_backend<0ul, 0ul, (boost::multiprecision::cpp_integer_type)1, (boost::multiprecision::cpp_int_check_type)0, std::allocator<unsigned long long> >&, boost::multiprecision::backends::cpp_int_backend<0ul, 0ul, (boost::multiprecision::cpp_integer_type)1, (boost::multiprecision::cpp_int_check_type)0, std::allocator<unsigned long long> > const&, boost::multiprecision::backends::cpp_int_backend<0ul, 0ul, (boost::multiprecision::cpp_integer_type)1, (boost::multiprecision::cpp_int_check_type)0, std::allocator<unsigned long long> > const&)",malloc,2004008,0.011638733705772812
"ParallelRoam::Algorithms::GreedyTransactionalLod::TransactionalCommit::Prepare(ParallelRoam::Algorithms::GreedyTransactionalLod::TransactionalState&, ParallelRoam::Algorithms::GreedyTransactionalLod::CertifiedBatch const&, ParallelRoam::Algorithms::GreedyTransactionalLod::WorkLedger&, ParallelRoam::Algorithms::GreedyTransactionalLod::TransactionalExecution const&, ParallelRoam::Algorithms::GreedyTransactionalLod::HeightSource const*)::{lambda(ParallelRoam::Algorithms::GreedyTransactionalLod::Proposal const&, bool)#1}::operator()(ParallelRoam::Algorithms::GreedyTransactionalLod::Proposal const&, bool) const","std::_Rb_tree<std::tuple<char, long, long>, std::tuple<char, long, long>, std::_Identity<std::tuple<char, long, long> >, std::less<std::tuple<char, long, long> >, std::allocator<std::tuple<char, long, long> > >::find(std::tuple<char, long, long> const&) const",2004008,0.011638733705772812
"ParallelRoam::Algorithms::GreedyTransactionalLod::TransactionalSamples::Prepare(ParallelRoam::Algorithms::GreedyTransactionalLod::TransactionalState const&, ParallelRoam::Algorithms::GreedyTransactionalLod::PreparedTopology const&, ParallelRoam::Algorithms::GreedyTransactionalLod::WorkLedger&)","std::_Rb_tree<long, long, std::_Identity<long>, std::less<long>, std::allocator<long> >::_M_erase(std::_Rb_tree_node<long>*) [clone .isra.0]",2004008,0.011638733705772812
"std::_Function_handler<void (unsigned long, unsigned long, ParallelRoam::Algorithms::GreedyTransactionalLod::WorkLedger&), ParallelRoam::Algorithms::GreedyTransactionalLod::TransactionalSamples::PrepareView(ParallelRoam::Algorithms::GreedyTransactionalLod::TransactionalState const&, ParallelRoam::Algorithms::GreedyTransactionalLod::Configuration const&, ParallelRoam::Algorithms::GreedyTransactionalLod::WorkLedger&, ParallelRoam::Algorithms::GreedyTransactionalLod::TransactionalExecution const&)::{lambda(auto:1, auto:2, ParallelRoam::Algorithms::GreedyTransactionalLod::WorkLedger&)#2}>::_M_invoke(std::_Any_data const&, unsigned long&&, unsigned long&&, ParallelRoam::Algorithms::GreedyTransactionalLod::WorkLedger&)","ParallelRoam::Algorithms::GreedyTransactionalLod::TransactionalSamples::Priority(ParallelRoam::Algorithms::GreedyTransactionalLod::Configuration const&, std::array<ParallelRoam::Algorithms::GreedyTransactionalLod::Point, 3ul> const&, double)",2004008,0.011638733705772812
"auto ParallelRoam::Algorithms::GreedyTransactionalLod::TransactionalReservation::Plan(ParallelRoam::Algorithms::GreedyTransactionalLod::TransactionalState const&, ParallelRoam::Algorithms::GreedyTransactionalLod::TransactionalSamples const&, ParallelRoam::Algorithms::GreedyTransactionalLod::WorkLedger&, ParallelRoam::Algorithms::GreedyTransactionalLod::TransactionalExecution const&)::{lambda(auto:1, auto:2, ParallelRoam::Algorithms::GreedyTransactionalLod::WorkLedger&)#1}::operator()<unsigned long, unsigned long>(unsigned long, unsigned long, ParallelRoam::Algorithms::GreedyTransactionalLod::WorkLedger&) const","ParallelRoam::Algorithms::GreedyTransactionalLod::TransactionalQualitySampleEvidence::Cover(std::vector<ParallelRoam::Algorithms::GreedyTransactionalLod::TransactionalQualityFaceEvidence, std::allocator<ParallelRoam::Algorithms::GreedyTransactionalLod::TransactionalQualityFaceEvidence> >&)",2004008,0.011638733705772812
"boost::multiprecision::number<boost::multiprecision::backends::rational_adaptor<boost::multiprecision::backends::cpp_int_backend<0ul, 0ul, (boost::multiprecision::cpp_integer_type)1, (boost::multiprecision::cpp_int_check_type)0, std::allocator<unsigned long long> > >, (boost::multiprecision::expression_template_option)1>::number<boost::multiprecision::detail::subtract_immediates, boost::multiprecision::number<boost::multiprecision::backends::rational_adaptor<boost::multiprecision::backends::cpp_int_backend<0ul, 0ul, (boost::multiprecision::cpp_integer_type)1, (boost::multiprecision::cpp_int_check_type)0, std::allocator<unsigned long long> > >, (boost::multiprecision::expression_template_option)1>, boost::multiprecision::number<boost::multiprecision::backends::rational_adaptor<boost::multiprecision::backends::cpp_int_backend<0ul, 0ul, (boost::multiprecision::cpp_integer_type)1, (boost::multiprecision::cpp_int_check_type)0, std::allocator<unsigned long long> > >, (boost::multiprecision::expression_template_option)1>, void, void>(boost::multiprecision::detail::expression<boost::multiprecision::detail::subtract_immediates, boost::multiprecision::number<boost::multiprecision::backends::rational_adaptor<boost::multiprecision::backends::cpp_int_backend<0ul, 0ul, (boost::multiprecision::cpp_integer_type)1, (boost::multiprecision::cpp_int_check_type)0, std::allocator<unsigned long long> > >, (boost::multiprecision::expression_template_option)1>, boost::multiprecision::number<boost::multiprecision::backends::rational_adaptor<boost::multiprecision::backends::cpp_int_backend<0ul, 0ul, (boost::multiprecision::cpp_integer_type)1, (boost::multiprecision::cpp_int_check_type)0, std::allocator<unsigned long long> > >, (boost::multiprecision::expression_template_option)1>, void, void> const&, std::enable_if<std::is_convertible<boost::multiprecision::detail::expression<boost::multiprecision::detail::subtract_immediates, boost::multiprecision::number<boost::multiprecision::backends::rational_adaptor<boost::multiprecision::backends::cpp_int_backend<0ul, 0ul, (boost::multiprecision::cpp_integer_type)1, (boost::multiprecision::cpp_int_check_type)0, std::allocator<unsigned long long> > >, (boost::multiprecision::expression_template_option)1>, boost::multiprecision::number<boost::multiprecision::backends::rational_adaptor<boost::multiprecision::backends::cpp_int_backend<0ul, 0ul, (boost::multiprecision::cpp_integer_type)1, (boost::multiprecision::cpp_int_check_type)0, std::allocator<unsigned long long> > >, (boost::multiprecision::expression_template_option)1>, void, void>::result_type, boost::multiprecision::number<boost::multiprecision::backends::rational_adaptor<boost::multiprecision::backends::cpp_int_backend<0ul, 0ul, (boost::multiprecision::cpp_integer_type)1, (boost::multiprecision::cpp_int_check_type)0, std::allocator<unsigned long long> > >, (boost::multiprecision::expression_template_option)1> >::value, void>::type*)","operator delete(void*, unsigned long)",2004008,0.011638733705772812
"std::enable_if<!boost::multiprecision::backends::is_trivial_cpp_int<boost::multiprecision::backends::cpp_int_backend<0ul, 0ul, (boost::multiprecision::cpp_integer_type)1, (boost::multiprecision::cpp_int_check_type)0, std::allocator<unsigned long long> > >::value, void>::type boost::multiprecision::backends::eval_gcd<0ul, 0ul, (boost::multiprecision::cpp_integer_type)1, (boost::multiprecision::cpp_int_check_type)0, std::allocator<unsigned long long> >(boost::multiprecision::backends::cpp_int_backend<0ul, 0ul, (boost::multiprecision::cpp_integer_type)1, (boost::multiprecision::cpp_int_check_type)0, std::allocator<unsigned long long> >&, boost::multiprecision::backends::cpp_int_backend<0ul, 0ul, (boost::multiprecision::cpp_integer_type)1, (boost::multiprecision::cpp_int_check_type)0, std::allocator<unsigned long long> > const&, boost::multiprecision::backends::cpp_int_backend<0ul, 0ul, (boost::multiprecision::cpp_integer_type)1, (boost::multiprecision::cpp_int_check_type)0, std::allocator<unsigned long long> > const&)","std::enable_if<(!boost::multiprecision::backends::is_trivial_cpp_int<boost::multiprecision::backends::cpp_int_backend<0ul, 0ul, (boost::multiprecision::cpp_integer_type)1, (boost::multiprecision::cpp_int_check_type)0, std::allocator<unsigned long long> > >::value)&&(!boost::multiprecision::backends::is_trivial_cpp_int<boost::multiprecision::backends::cpp_int_backend<0ul, 0ul, (boost::multiprecision::cpp_integer_type)1, (boost::multiprecision::cpp_int_check_type)0, std::allocator<unsigned long long> > >::value), void>::type boost::multiprecision::backends::eval_multiply<0ul, 0ul, (boost::multiprecision::cpp_integer_type)1, (boost::multiprecision::cpp_int_check_type)0, std::allocator<unsigned long long>, 0ul, 0ul, (boost::multiprecision::cpp_integer_type)1, (boost::multiprecision::cpp_int_check_type)0, std::allocator<unsigned long long> >(boost::multiprecision::backends::cpp_int_backend<0ul, 0ul, (boost::multiprecision::cpp_integer_type)1, (boost::multiprecision::cpp_int_check_type)0, std::allocator<unsigned long long> >&, boost::multiprecision::backends::cpp_int_backend<0ul, 0ul, (boost::multiprecision::cpp_integer_type)1, (boost::multiprecision::cpp_int_check_type)0, std::allocator<unsigned long long> > const&, unsigned long long const&)",2004008,0.011638733705772812
"void boost::multiprecision::number<boost::multiprecision::backends::rational_adaptor<boost::multiprecision::backends::cpp_int_backend<0ul, 0ul, (boost::multiprecision::cpp_integer_type)1, (boost::multiprecision::cpp_int_check_type)0, std::allocator<unsigned long long> > >, (boost::multiprecision::expression_template_option)1>::do_assign<boost::multiprecision::detail::expression<boost::multiprecision::detail::minus, boost::multiprecision::detail::expression<boost::multiprecision::detail::multiply_immediates, boost::multiprecision::number<boost::multiprecision::backends::rational_adaptor<boost::multiprecision::backends::cpp_int_backend<0ul, 0ul, (boost::multiprecision::cpp_integer_type)1, (boost::multiprecision::cpp_int_check_type)0, std::allocator<unsigned long long> > >, (boost::multiprecision::expression_template_option)1>, boost::multiprecision::number<boost::multiprecision::backends::rational_adaptor<boost::multiprecision::backends::cpp_int_backend<0ul, 0ul, (boost::multiprecision::cpp_integer_type)1, (boost::multiprecision::cpp_int_check_type)0, std::allocator<unsigned long long> > >, (boost::multiprecision::expression_template_option)1>, void, void>, boost::multiprecision::detail::expression<boost::multiprecision::detail::multiply_immediates, boost::multiprecision::number<boost::multiprecision::backends::rational_adaptor<boost::multiprecision::backends::cpp_int_backend<0ul, 0ul, (boost::multiprecision::cpp_integer_type)1, (boost::multiprecision::cpp_int_check_type)0, std::allocator<unsigned long long> > >, (boost::multiprecision::expression_template_option)1>, boost::multiprecision::number<boost::multiprecision::backends::rational_adaptor<boost::multiprecision::backends::cpp_int_backend<0ul, 0ul, (boost::multiprecision::cpp_integer_type)1, (boost::multiprecision::cpp_int_check_type)0, std::allocator<unsigned long long> > >, (boost::multiprecision::expression_template_option)1>, void, void>, void, void> >(boost::multiprecision::detail::expression<boost::multiprecision::detail::minus, boost::multiprecision::detail::expression<boost::multiprecision::detail::multiply_immediates, boost::multiprecision::number<boost::multiprecision::backends::rational_adaptor<boost::multiprecision::backends::cpp_int_backend<0ul, 0ul, (boost::multiprecision::cpp_integer_type)1, (boost::multiprecision::cpp_int_check_type)0, std::allocator<unsigned long long> > >, (boost::multiprecision::expression_template_option)1>, boost::multiprecision::number<boost::multiprecision::backends::rational_adaptor<boost::multiprecision::backends::cpp_int_backend<0ul, 0ul, (boost::multiprecision::cpp_integer_type)1, (boost::multiprecision::cpp_int_check_type)0, std::allocator<unsigned long long> > >, (boost::multiprecision::expression_template_option)1>, void, void>, boost::multiprecision::detail::expression<boost::multiprecision::detail::multiply_immediates, boost::multiprecision::number<boost::multiprecision::backends::rational_adaptor<boost::multiprecision::backends::cpp_int_backend<0ul, 0ul, (boost::multiprecision::cpp_integer_type)1, (boost::multiprecision::cpp_int_check_type)0, std::allocator<unsigned long long> > >, (boost::multiprecision::expression_template_option)1>, boost::multiprecision::number<boost::multiprecision::backends::rational_adaptor<boost::multiprecision::backends::cpp_int_backend<0ul, 0ul, (boost::multiprecision::cpp_integer_type)1, (boost::multiprecision::cpp_int_check_type)0, std::allocator<unsigned long long> > >, (boost::multiprecision::expression_template_option)1>, void, void>, void, void> const&, boost::multiprecision::detail::minus const&) [clone .isra.0]","boost::multiprecision::backends::rational_adaptor<boost::multiprecision::backends::cpp_int_backend<0ul, 0ul, (boost::multiprecision::cpp_integer_type)1, (boost::multiprecision::cpp_int_check_type)0, std::allocator<unsigned long long> > >::rational_adaptor()",2004008,0.011638733705772812
ParallelRoam::Algorithms::GreedyTransactionalLod::ReceiverCursor::Next(ParallelRoam::Algorithms::GreedyTransactionalLod::WorkLedger*),operator delete(void*),2004008,0.011638733705772812
"void boost::multiprecision::backends::eval_multiply_imp<boost::multiprecision::backends::cpp_int_backend<0ul, 0ul, (boost::multiprecision::cpp_integer_type)1, (boost::multiprecision::cpp_int_check_type)0, std::allocator<unsigned long long> > >(boost::multiprecision::backends::rational_adaptor<boost::multiprecision::backends::cpp_int_backend<0ul, 0ul, (boost::multiprecision::cpp_integer_type)1, (boost::multiprecision::cpp_int_check_type)0, std::allocator<unsigned long long> > >&, boost::multiprecision::backends::rational_adaptor<boost::multiprecision::backends::cpp_int_backend<0ul, 0ul, (boost::multiprecision::cpp_integer_type)1, (boost::multiprecision::cpp_int_check_type)0, std::allocator<unsigned long long> > > const&, boost::multiprecision::backends::cpp_int_backend<0ul, 0ul, (boost::multiprecision::cpp_integer_type)1, (boost::multiprecision::cpp_int_check_type)0, std::allocator<unsigned long long> > const&, boost::multiprecision::backends::cpp_int_backend<0ul, 0ul, (boost::multiprecision::cpp_integer_type)1, (boost::multiprecision::cpp_int_check_type)0, std::allocator<unsigned long long> > const&)",__udivti3,2004008,0.011638733705772812
"boost::multiprecision::number<boost::multiprecision::backends::rational_adaptor<boost::multiprecision::backends::cpp_int_backend<0ul, 0ul, (boost::multiprecision::cpp_integer_type)1, (boost::multiprecision::cpp_int_check_type)0, std::allocator<unsigned long long> > >, (boost::multiprecision::expression_template_option)1>::number<boost::multiprecision::detail::subtract_immediates, boost::multiprecision::number<boost::multiprecision::backends::rational_adaptor<boost::multiprecision::backends::cpp_int_backend<0ul, 0ul, (boost::multiprecision::cpp_integer_type)1, (boost::multiprecision::cpp_int_check_type)0, std::allocator<unsigned long long> > >, (boost::multiprecision::expression_template_option)1>, boost::multiprecision::number<boost::multiprecision::backends::rational_adaptor<boost::multiprecision::backends::cpp_int_backend<0ul, 0ul, (boost::multiprecision::cpp_integer_type)1, (boost::multiprecision::cpp_int_check_type)0, std::allocator<unsigned long long> > >, (boost::multiprecision::expression_template_option)1>, void, void>(boost::multiprecision::detail::expression<boost::multiprecision::detail::subtract_immediates, boost::multiprecision::number<boost::multiprecision::backends::rational_adaptor<boost::multiprecision::backends::cpp_int_backend<0ul, 0ul, (boost::multiprecision::cpp_integer_type)1, (boost::multiprecision::cpp_int_check_type)0, std::allocator<unsigned long long> > >, (boost::multiprecision::expression_template_option)1>, boost::multiprecision::number<boost::multiprecision::backends::rational_adaptor<boost::multiprecision::backends::cpp_int_backend<0ul, 0ul, (boost::multiprecision::cpp_integer_type)1, (boost::multiprecision::cpp_int_check_type)0, std::allocator<unsigned long long> > >, (boost::multiprecision::expression_template_option)1>, void, void> const&, std::enable_if<std::is_convertible<boost::multiprecision::detail::expression<boost::multiprecision::detail::subtract_immediates, boost::multiprecision::number<boost::multiprecision::backends::rational_adaptor<boost::multiprecision::backends::cpp_int_backend<0ul, 0ul, (boost::multiprecision::cpp_integer_type)1, (boost::multiprecision::cpp_int_check_type)0, std::allocator<unsigned long long> > >, (boost::multiprecision::expression_template_option)1>, boost::multiprecision::number<boost::multiprecision::backends::rational_adaptor<boost::multiprecision::backends::cpp_int_backend<0ul, 0ul, (boost::multiprecision::cpp_integer_type)1, (boost::multiprecision::cpp_int_check_type)0, std::allocator<unsigned long long> > >, (boost::multiprecision::expression_template_option)1>, void, void>::result_type, boost::multiprecision::number<boost::multiprecision::backends::rational_adaptor<boost::multiprecision::backends::cpp_int_backend<0ul, 0ul, (boost::multiprecision::cpp_integer_type)1, (boost::multiprecision::cpp_int_check_type)0, std::allocator<unsigned long long> > >, (boost::multiprecision::expression_template_option)1> >::value, void>::type*)","std::enable_if<((!boost::multiprecision::backends::is_trivial_cpp_int<boost::multiprecision::backends::cpp_int_backend<0ul, 0ul, (boost::multiprecision::cpp_integer_type)1, (boost::multiprecision::cpp_int_check_type)0, std::allocator<unsigned long long> > >::value)&&(!boost::multiprecision::backends::is_trivial_cpp_int<boost::multiprecision::backends::cpp_int_backend<0ul, 0ul, (boost::multiprecision::cpp_integer_type)1, (boost::multiprecision::cpp_int_check_type)0, std::allocator<unsigned long long> > >::value))&&(!boost::multiprecision::backends::is_trivial_cpp_int<boost::multiprecision::backends::cpp_int_backend<0ul, 0ul, (boost::multiprecision::cpp_integer_type)1, (boost::multiprecision::cpp_int_check_type)0, std::allocator<unsigned long long> > >::value), void>::type boost::multiprecision::backends::eval_multiply<0ul, 0ul, (boost::multiprecision::cpp_integer_type)1, (boost::multiprecision::cpp_int_check_type)0, std::allocator<unsigned long long>, 0ul, 0ul, (boost::multiprecision::cpp_integer_type)1, (boost::multiprecision::cpp_int_check_type)0, std::allocator<unsigned long long>, 0ul, 0ul, (boost::multiprecision::cpp_integer_type)1, (boost::multiprecision::cpp_int_check_type)0, std::allocator<unsigned long long> >(boost::multiprecision::backends::cpp_int_backend<0ul, 0ul, (boost::multiprecision::cpp_integer_type)1, (boost::multiprecision::cpp_int_check_type)0, std::allocator<unsigned long long> >&, boost::multiprecision::backends::cpp_int_backend<0ul, 0ul, (boost::multiprecision::cpp_integer_type)1, (boost::multiprecision::cpp_int_check_type)0, std::allocator<unsigned long long> > const&, boost::multiprecision::backends::cpp_int_backend<0ul, 0ul, (boost::multiprecision::cpp_integer_type)1, (boost::multiprecision::cpp_int_check_type)0, std::allocator<unsigned long long> > const&)",2004008,0.011638733705772812
"void boost::multiprecision::backends::eval_divide<boost::multiprecision::backends::cpp_int_backend<0ul, 0ul, (boost::multiprecision::cpp_integer_type)1, (boost::multiprecision::cpp_int_check_type)0, std::allocator<unsigned long long> > >(boost::multiprecision::backends::rational_adaptor<boost::multiprecision::backends::cpp_int_backend<0ul, 0ul, (boost::multiprecision::cpp_integer_type)1, (boost::multiprecision::cpp_int_check_type)0, std::allocator<unsigned long long> > >&, boost::multiprecision::backends::rational_adaptor<boost::multiprecision::backends::cpp_int_backend<0ul, 0ul, (boost::multiprecision::cpp_integer_type)1, (boost::multiprecision::cpp_int_check_type)0, std::allocator<unsigned long long> > > const&)",cfree@GLIBC_2.2.5,2004008,0.011638733705772812
"void boost::multiprecision::number<boost::multiprecision::backends::rational_adaptor<boost::multiprecision::backends::cpp_int_backend<0ul, 0ul, (boost::multiprecision::cpp_integer_type)1, (boost::multiprecision::cpp_int_check_type)0, std::allocator<unsigned long long> > >, (boost::multiprecision::expression_template_option)1>::do_assign<boost::multiprecision::detail::expression<boost::multiprecision::detail::minus, boost::multiprecision::detail::expression<boost::multiprecision::detail::multiply_immediates, boost::multiprecision::number<boost::multiprecision::backends::rational_adaptor<boost::multiprecision::backends::cpp_int_backend<0ul, 0ul, (boost::multiprecision::cpp_integer_type)1, (boost::multiprecision::cpp_int_check_type)0, std::allocator<unsigned long long> > >, (boost::multiprecision::expression_template_option)1>, boost::multiprecision::number<boost::multiprecision::backends::rational_adaptor<boost::multiprecision::backends::cpp_int_backend<0ul, 0ul, (boost::multiprecision::cpp_integer_type)1, (boost::multiprecision::cpp_int_check_type)0, std::allocator<unsigned long long> > >, (boost::multiprecision::expression_template_option)1>, void, void>, boost::multiprecision::detail::expression<boost::multiprecision::detail::multiply_immediates, boost::multiprecision::number<boost::multiprecision::backends::rational_adaptor<boost::multiprecision::backends::cpp_int_backend<0ul, 0ul, (boost::multiprecision::cpp_integer_type)1, (boost::multiprecision::cpp_int_check_type)0, std::allocator<unsigned long long> > >, (boost::multiprecision::expression_template_option)1>, boost::multiprecision::number<boost::multiprecision::backends::rational_adaptor<boost::multiprecision::backends::cpp_int_backend<0ul, 0ul, (boost::multiprecision::cpp_integer_type)1, (boost::multiprecision::cpp_int_check_type)0, std::allocator<unsigned long long> > >, (boost::multiprecision::expression_template_option)1>, void, void>, void, void> >(boost::multiprecision::detail::expression<boost::multiprecision::detail::minus, boost::multiprecision::detail::expression<boost::multiprecision::detail::multiply_immediates, boost::multiprecision::number<boost::multiprecision::backends::rational_adaptor<boost::multiprecision::backends::cpp_int_backend<0ul, 0ul, (boost::multiprecision::cpp_integer_type)1, (boost::multiprecision::cpp_int_check_type)0, std::allocator<unsigned long long> > >, (boost::multiprecision::expression_template_option)1>, boost::multiprecision::number<boost::multiprecision::backends::rational_adaptor<boost::multiprecision::backends::cpp_int_backend<0ul, 0ul, (boost::multiprecision::cpp_integer_type)1, (boost::multiprecision::cpp_int_check_type)0, std::allocator<unsigned long long> > >, (boost::multiprecision::expression_template_option)1>, void, void>, boost::multiprecision::detail::expression<boost::multiprecision::detail::multiply_immediates, boost::multiprecision::number<boost::multiprecision::backends::rational_adaptor<boost::multiprecision::backends::cpp_int_backend<0ul, 0ul, (boost::multiprecision::cpp_integer_type)1, (boost::multiprecision::cpp_int_check_type)0, std::allocator<unsigned long long> > >, (boost::multiprecision::expression_template_option)1>, boost::multiprecision::number<boost::multiprecision::backends::rational_adaptor<boost::multiprecision::backends::cpp_int_backend<0ul, 0ul, (boost::multiprecision::cpp_integer_type)1, (boost::multiprecision::cpp_int_check_type)0, std::allocator<unsigned long long> > >, (boost::multiprecision::expression_template_option)1>, void, void>, void, void> const&, boost::multiprecision::detail::minus const&) [clone .isra.0]","void boost::multiprecision::backends::eval_multiply_imp<boost::multiprecision::backends::cpp_int_backend<0ul, 0ul, (boost::multiprecision::cpp_integer_type)1, (boost::multiprecision::cpp_int_check_type)0, std::allocator<unsigned long long> > >(boost::multiprecision::backends::rational_adaptor<boost::multiprecision::backends::cpp_int_backend<0ul, 0ul, (boost::multiprecision::cpp_integer_type)1, (boost::multiprecision::cpp_int_check_type)0, std::allocator<unsigned long long> > >&, boost::multiprecision::backends::rational_adaptor<boost::multiprecision::backends::cpp_int_backend<0ul, 0ul, (boost::multiprecision::cpp_integer_type)1, (boost::multiprecision::cpp_int_check_type)0, std::allocator<unsigned long long> > > const&, boost::multiprecision::backends::cpp_int_backend<0ul, 0ul, (boost::multiprecision::cpp_integer_type)1, (boost::multiprecision::cpp_int_check_type)0, std::allocator<unsigned long long> > const&, boost::multiprecision::backends::cpp_int_backend<0ul, 0ul, (boost::multiprecision::cpp_integer_type)1, (boost::multiprecision::cpp_int_check_type)0, std::allocator<unsigned long long> > const&)",2004008,0.011638733705772812
ParallelRoam::Algorithms::GreedyTransactionalLod::TransactionalQualitySampleEvidence::ExactCoordinate(),"void boost::multiprecision::backends::eval_multiply_imp<boost::multiprecision::backends::cpp_int_backend<0ul, 0ul, (boost::multiprecision::cpp_integer_type)1, (boost::multiprecision::cpp_int_check_type)0, std::allocator<unsigned long long> > >(boost::multiprecision::backends::rational_adaptor<boost::multiprecision::backends::cpp_int_backend<0ul, 0ul, (boost::multiprecision::cpp_integer_type)1, (boost::multiprecision::cpp_int_check_type)0, std::allocator<unsigned long long> > >&, boost::multiprecision::backends::rational_adaptor<boost::multiprecision::backends::cpp_int_backend<0ul, 0ul, (boost::multiprecision::cpp_integer_type)1, (boost::multiprecision::cpp_int_check_type)0, std::allocator<unsigned long long> > > const&, boost::multiprecision::backends::cpp_int_backend<0ul, 0ul, (boost::multiprecision::cpp_integer_type)1, (boost::multiprecision::cpp_int_check_type)0, std::allocator<unsigned long long> > const&, boost::multiprecision::backends::cpp_int_backend<0ul, 0ul, (boost::multiprecision::cpp_integer_type)1, (boost::multiprecision::cpp_int_check_type)0, std::allocator<unsigned long long> > const&)",2004008,0.011638733705772812
"ParallelRoam::Algorithms::GreedyTransactionalLod::TransactionalSamples::BoxCandidates(double, double, double, double, ParallelRoam::Algorithms::GreedyTransactionalLod::WorkLedger&) const",malloc,2004008,0.011638733705772812
"ParallelRoam::Algorithms::GreedyTransactionalLod::TransactionalSamples::Weights(unsigned int, ParallelRoam::Algorithms::GreedyTransactionalLod::Point const&, ParallelRoam::Algorithms::GreedyTransactionalLod::Point const&, ParallelRoam::Algorithms::GreedyTransactionalLod::Point const&, std::array<double, 3ul>&) const","void boost::multiprecision::backends::divide_unsigned_helper<boost::multiprecision::backends::cpp_int_backend<0ul, 0ul, (boost::multiprecision::cpp_integer_type)1, (boost::multiprecision::cpp_int_check_type)0, std::allocator<unsigned long long> >, boost::multiprecision::backends::cpp_int_backend<0ul, 0ul, (boost::multiprecision::cpp_integer_type)1, (boost::multiprecision::cpp_int_check_type)0, std::allocator<unsigned long long> >, boost::multiprecision::backends::cpp_int_backend<0ul, 0ul, (boost::multiprecision::cpp_integer_type)1, (boost::multiprecision::cpp_int_check_type)0, std::allocator<unsigned long long> > >(boost::multiprecision::backends::cpp_int_backend<0ul, 0ul, (boost::multiprecision::cpp_integer_type)1, (boost::multiprecision::cpp_int_check_type)0, std::allocator<unsigned long long> >*, boost::multiprecision::backends::cpp_int_backend<0ul, 0ul, (boost::multiprecision::cpp_integer_type)1, (boost::multiprecision::cpp_int_check_type)0, std::allocator<unsigned long long> > const&, boost::multiprecision::backends::cpp_int_backend<0ul, 0ul, (boost::multiprecision::cpp_integer_type)1, (boost::multiprecision::cpp_int_check_type)0, std::allocator<unsigned long long> > const&, boost::multiprecision::backends::cpp_int_backend<0ul, 0ul, (boost::multiprecision::cpp_integer_type)1, (boost::multiprecision::cpp_int_check_type)0, std::allocator<unsigned long long> >&)",2004008,0.011638733705772812
"ParallelRoam::Algorithms::GreedyTransactionalLod::TransactionalSamples::Weights(unsigned int, ParallelRoam::Algorithms::GreedyTransactionalLod::Point const&, ParallelRoam::Algorithms::GreedyTransactionalLod::Point const&, ParallelRoam::Algorithms::GreedyTransactionalLod::Point const&, std::array<double, 3ul>&) const","std::enable_if<!boost::multiprecision::backends::is_trivial_cpp_int<boost::multiprecision::backends::cpp_int_backend<0ul, 0ul, (boost::multiprecision::cpp_integer_type)1, (boost::multiprecision::cpp_int_check_type)0, std::allocator<unsigned long long> > >::value, void>::type boost::multiprecision::backends::eval_left_shift<0ul, 0ul, (boost::multiprecision::cpp_integer_type)1, (boost::multiprecision::cpp_int_check_type)0, std::allocator<unsigned long long> >(boost::multiprecision::backends::cpp_int_backend<0ul, 0ul, (boost::multiprecision::cpp_integer_type)1, (boost::multiprecision::cpp_int_check_type)0, std::allocator<unsigned long long> >&, unsigned __int128) [clone .part.0]",2004008,0.011638733705772812
ParallelRoam::Algorithms::GreedyTransactionalLod::TransactionalQualitySampleEvidence::ExactCoordinate(),"boost::multiprecision::backends::cpp_int_base<0ul, 18446744073709551615ul, (boost::multiprecision::cpp_integer_type)1, (boost::multiprecision::cpp_int_check_type)0, std::allocator<unsigned long long>, false>::cpp_int_base(boost::multiprecision::backends::cpp_int_base<0ul, 18446744073709551615ul, (boost::multiprecision::cpp_integer_type)1, (boost::multiprecision::cpp_int_check_type)0, std::allocator<unsigned long long>, false>&&)",2004008,0.011638733705772812
"void boost::multiprecision::number<boost::multiprecision::backends::rational_adaptor<boost::multiprecision::backends::cpp_int_backend<0ul, 0ul, (boost::multiprecision::cpp_integer_type)1, (boost::multiprecision::cpp_int_check_type)0, std::allocator<unsigned long long> > >, (boost::multiprecision::expression_template_option)1>::do_assign<boost::multiprecision::detail::expression<boost::multiprecision::detail::multiplies, boost::multiprecision::detail::expression<boost::multiprecision::detail::subtract_immediates, boost::multiprecision::number<boost::multiprecision::backends::rational_adaptor<boost::multiprecision::backends::cpp_int_backend<0ul, 0ul, (boost::multiprecision::cpp_integer_type)1, (boost::multiprecision::cpp_int_check_type)0, std::allocator<unsigned long long> > >, (boost::multiprecision::expression_template_option)1>, boost::multiprecision::number<boost::multiprecision::backends::rational_adaptor<boost::multiprecision::backends::cpp_int_backend<0ul, 0ul, (boost::multiprecision::cpp_integer_type)1, (boost::multiprecision::cpp_int_check_type)0, std::allocator<unsigned long long> > >, (boost::multiprecision::expression_template_option)1>, void, void>, boost::multiprecision::number<boost::multiprecision::backends::rational_adaptor<boost::multiprecision::backends::cpp_int_backend<0ul, 0ul, (boost::multiprecision::cpp_integer_type)1, (boost::multiprecision::cpp_int_check_type)0, std::allocator<unsigned long long> > >, (boost::multiprecision::expression_template_option)1>, void, void> >(boost::multiprecision::detail::expression<boost::multiprecision::detail::multiplies, boost::multiprecision::detail::expression<boost::multiprecision::detail::subtract_immediates, boost::multiprecision::number<boost::multiprecision::backends::rational_adaptor<boost::multiprecision::backends::cpp_int_backend<0ul, 0ul, (boost::multiprecision::cpp_integer_type)1, (boost::multiprecision::cpp_int_check_type)0, std::allocator<unsigned long long> > >, (boost::multiprecision::expression_template_option)1>, boost::multiprecision::number<boost::multiprecision::backends::rational_adaptor<boost::multiprecision::backends::cpp_int_backend<0ul, 0ul, (boost::multiprecision::cpp_integer_type)1, (boost::multiprecision::cpp_int_check_type)0, std::allocator<unsigned long long> > >, (boost::multiprecision::expression_template_option)1>, void, void>, boost::multiprecision::number<boost::multiprecision::backends::rational_adaptor<boost::multiprecision::backends::cpp_int_backend<0ul, 0ul, (boost::multiprecision::cpp_integer_type)1, (boost::multiprecision::cpp_int_check_type)0, std::allocator<unsigned long long> > >, (boost::multiprecision::expression_template_option)1>, void, void> const&, boost::multiprecision::detail::multiplies const&) [clone .isra.0]","std::enable_if<!boost::multiprecision::backends::is_trivial_cpp_int<boost::multiprecision::backends::cpp_int_backend<0ul, 0ul, (boost::multiprecision::cpp_integer_type)1, (boost::multiprecision::cpp_int_check_type)0, std::allocator<unsigned long long> > >::value, void>::type boost::multiprecision::backends::eval_gcd<0ul, 0ul, (boost::multiprecision::cpp_integer_type)1, (boost::multiprecision::cpp_int_check_type)0, std::allocator<unsigned long long> >(boost::multiprecision::backends::cpp_int_backend<0ul, 0ul, (boost::multiprecision::cpp_integer_type)1, (boost::multiprecision::cpp_int_check_type)0, std::allocator<unsigned long long> >&, boost::multiprecision::backends::cpp_int_backend<0ul, 0ul, (boost::multiprecision::cpp_integer_type)1, (boost::multiprecision::cpp_int_check_type)0, std::allocator<unsigned long long> > const&, boost::multiprecision::backends::cpp_int_backend<0ul, 0ul, (boost::multiprecision::cpp_integer_type)1, (boost::multiprecision::cpp_int_check_type)0, std::allocator<unsigned long long> > const&)",2004008,0.011638733705772812
"std::optional<boost::multiprecision::number<boost::multiprecision::backends::rational_adaptor<boost::multiprecision::backends::cpp_int_backend<0ul, 0ul, (boost::multiprecision::cpp_integer_type)1, (boost::multiprecision::cpp_int_check_type)0, std::allocator<unsigned long long> > >, (boost::multiprecision::expression_template_option)1> > ParallelRoam::Algorithms::GreedyTransactionalLod::QualityEvaluation::ScreenPrepared<boost::multiprecision::number<boost::multiprecision::backends::rational_adaptor<boost::multiprecision::backends::cpp_int_backend<0ul, 0ul, (boost::multiprecision::cpp_integer_type)1, (boost::multiprecision::cpp_int_check_type)0, std::allocator<unsigned long long> > >, (boost::multiprecision::expression_template_option)1> >(ParallelRoam::Algorithms::GreedyTransactionalLod::Configuration const&, std::array<boost::multiprecision::number<boost::multiprecision::backends::rational_adaptor<boost::multiprecision::backends::cpp_int_backend<0ul, 0ul, (boost::multiprecision::cpp_integer_type)1, (boost::multiprecision::cpp_int_check_type)0, std::allocator<unsigned long long> > >, (boost::multiprecision::expression_template_option)1>, 3ul> const&, std::array<boost::multiprecision::number<boost::multiprecision::backends::rational_adaptor<boost::multiprecision::backends::cpp_int_backend<0ul, 0ul, (boost::multiprecision::cpp_integer_type)1, (boost::multiprecision::cpp_int_check_type)0, std::allocator<unsigned long long> > >, (boost::multiprecision::expression_template_option)1>, 4ul> const&, boost::multiprecision::number<boost::multiprecision::backends::rational_adaptor<boost::multiprecision::backends::cpp_int_backend<0ul, 0ul, (boost::multiprecision::cpp_integer_type)1, (boost::multiprecision::cpp_int_check_type)0, std::allocator<unsigned long long> > >, (boost::multiprecision::expression_template_option)1> const&)",[unknown],2004008,0.011638733705772812
"auto ParallelRoam::Algorithms::GreedyTransactionalLod::TransactionalPointwiseQuality::Certify[abi:cxx11](ParallelRoam::Algorithms::GreedyTransactionalLod::TransactionalState const&, ParallelRoam::Algorithms::GreedyTransactionalLod::TransactionalSamples const&, ParallelRoam::Algorithms::GreedyTransactionalLod::Proposal&, bool, ParallelRoam::Algorithms::GreedyTransactionalLod::WorkLedger&)::{lambda(auto:1 const&)#1}::operator()<std::vector<std::array<ParallelRoam::Algorithms::GreedyTransactionalLod::Point, 3ul>, std::allocator<std::array<ParallelRoam::Algorithms::GreedyTransactionalLod::Point, 3ul> > > >(std::vector<std::array<ParallelRoam::Algorithms::GreedyTransactionalLod::Point, 3ul>, std::allocator<std::array<ParallelRoam::Algorithms::GreedyTransactionalLod::Point, 3ul> > > const&) const",operator new(unsigned long),2004008,0.011638733705772812
"std::_Rb_tree<long, std::pair<long const, ParallelRoam::Algorithms::GreedyTransactionalLod::Point>, std::_Select1st<std::pair<long const, ParallelRoam::Algorithms::GreedyTransactionalLod::Point> >, std::less<long>, std::allocator<std::pair<long const, ParallelRoam::Algorithms::GreedyTransactionalLod::Point> > >::_M_erase(std::_Rb_tree_node<std::pair<long const, ParallelRoam::Algorithms::GreedyTransactionalLod::Point> >*) [clone .isra.0]",_int_free_chunk,2004008,0.011638733705772812
"void boost::multiprecision::number<boost::multiprecision::backends::rational_adaptor<boost::multiprecision::backends::cpp_int_backend<0ul, 0ul, (boost::multiprecision::cpp_integer_type)1, (boost::multiprecision::cpp_int_check_type)0, std::allocator<unsigned long long> > >, (boost::multiprecision::expression_template_option)1>::do_assign<boost::multiprecision::detail::expression<boost::multiprecision::detail::multiplies, boost::multiprecision::detail::expression<boost::multiprecision::detail::subtract_immediates, boost::multiprecision::number<boost::multiprecision::backends::rational_adaptor<boost::multiprecision::backends::cpp_int_backend<0ul, 0ul, (boost::multiprecision::cpp_integer_type)1, (boost::multiprecision::cpp_int_check_type)0, std::allocator<unsigned long long> > >, (boost::multiprecision::expression_template_option)1>, boost::multiprecision::number<boost::multiprecision::backends::rational_adaptor<boost::multiprecision::backends::cpp_int_backend<0ul, 0ul, (boost::multiprecision::cpp_integer_type)1, (boost::multiprecision::cpp_int_check_type)0, std::allocator<unsigned long long> > >, (boost::multiprecision::expression_template_option)1>, void, void>, boost::multiprecision::detail::expression<boost::multiprecision::detail::subtract_immediates, boost::multiprecision::number<boost::multiprecision::backends::rational_adaptor<boost::multiprecision::backends::cpp_int_backend<0ul, 0ul, (boost::multiprecision::cpp_integer_type)1, (boost::multiprecision::cpp_int_check_type)0, std::allocator<unsigned long long> > >, (boost::multiprecision::expression_template_option)1>, boost::multiprecision::number<boost::multiprecision::backends::rational_adaptor<boost::multiprecision::backends::cpp_int_backend<0ul, 0ul, (boost::multiprecision::cpp_integer_type)1, (boost::multiprecision::cpp_int_check_type)0, std::allocator<unsigned long long> > >, (boost::multiprecision::expression_template_option)1>, void, void>, void, void> >(boost::multiprecision::detail::expression<boost::multiprecision::detail::multiplies, boost::multiprecision::detail::expression<boost::multiprecision::detail::subtract_immediates, boost::multiprecision::number<boost::multiprecision::backends::rational_adaptor<boost::multiprecision::backends::cpp_int_backend<0ul, 0ul, (boost::multiprecision::cpp_integer_type)1, (boost::multiprecision::cpp_int_check_type)0, std::allocator<unsigned long long> > >, (boost::multiprecision::expression_template_option)1>, boost::multiprecision::number<boost::multiprecision::backends::rational_adaptor<boost::multiprecision::backends::cpp_int_backend<0ul, 0ul, (boost::multiprecision::cpp_integer_type)1, (boost::multiprecision::cpp_int_check_type)0, std::allocator<unsigned long long> > >, (boost::multiprecision::expression_template_option)1>, void, void>, boost::multiprecision::detail::expression<boost::multiprecision::detail::subtract_immediates, boost::multiprecision::number<boost::multiprecision::backends::rational_adaptor<boost::multiprecision::backends::cpp_int_backend<0ul, 0ul, (boost::multiprecision::cpp_integer_type)1, (boost::multiprecision::cpp_int_check_type)0, std::allocator<unsigned long long> > >, (boost::multiprecision::expression_template_option)1>, boost::multiprecision::number<boost::multiprecision::backends::rational_adaptor<boost::multiprecision::backends::cpp_int_backend<0ul, 0ul, (boost::multiprecision::cpp_integer_type)1, (boost::multiprecision::cpp_int_check_type)0, std::allocator<unsigned long long> > >, (boost::multiprecision::expression_template_option)1>, void, void>, void, void> const&, boost::multiprecision::detail::multiplies const&) [clone .isra.0]","std::enable_if<((!boost::multiprecision::backends::is_trivial_cpp_int<boost::multiprecision::backends::cpp_int_backend<0ul, 0ul, (boost::multiprecision::cpp_integer_type)1, (boost::multiprecision::cpp_int_check_type)0, std::allocator<unsigned long long> > >::value)&&(!boost::multiprecision::backends::is_trivial_cpp_int<boost::multiprecision::backends::cpp_int_backend<0ul, 0ul, (boost::multiprecision::cpp_integer_type)1, (boost::multiprecision::cpp_int_check_type)0, std::allocator<unsigned long long> > >::value))&&(!boost::multiprecision::backends::is_trivial_cpp_int<boost::multiprecision::backends::cpp_int_backend<0ul, 0ul, (boost::multiprecision::cpp_integer_type)1, (boost::multiprecision::cpp_int_check_type)0, std::allocator<unsigned long long> > >::value), void>::type boost::multiprecision::backends::eval_multiply<0ul, 0ul, (boost::multiprecision::cpp_integer_type)1, (boost::multiprecision::cpp_int_check_type)0, std::allocator<unsigned long long>, 0ul, 0ul, (boost::multiprecision::cpp_integer_type)1, (boost::multiprecision::cpp_int_check_type)0, std::allocator<unsigned long long>, 0ul, 0ul, (boost::multiprecision::cpp_integer_type)1, (boost::multiprecision::cpp_int_check_type)0, std::allocator<unsigned long long> >(boost::multiprecision::backends::cpp_int_backend<0ul, 0ul, (boost::multiprecision::cpp_integer_type)1, (boost::multiprecision::cpp_int_check_type)0, std::allocator<unsigned long long> >&, boost::multiprecision::backends::cpp_int_backend<0ul, 0ul, (boost::multiprecision::cpp_integer_type)1, (boost::multiprecision::cpp_int_check_type)0, std::allocator<unsigned long long> > const&, boost::multiprecision::backends::cpp_int_backend<0ul, 0ul, (boost::multiprecision::cpp_integer_type)1, (boost::multiprecision::cpp_int_check_type)0, std::allocator<unsigned long long> > const&)",2004008,0.011638733705772812
"std::enable_if<std::is_convertible<boost::multiprecision::detail::expression<boost::multiprecision::detail::minus, boost::multiprecision::detail::expression<boost::multiprecision::detail::divide_immediates, boost::multiprecision::number<boost::multiprecision::backends::rational_adaptor<boost::multiprecision::backends::cpp_int_backend<0ul, 0ul, (boost::multiprecision::cpp_integer_type)1, (boost::multiprecision::cpp_int_check_type)0, std::allocator<unsigned long long> > >, (boost::multiprecision::expression_template_option)1>, boost::multiprecision::number<boost::multiprecision::backends::rational_adaptor<boost::multiprecision::backends::cpp_int_backend<0ul, 0ul, (boost::multiprecision::cpp_integer_type)1, (boost::multiprecision::cpp_int_check_type)0, std::allocator<unsigned long long> > >, (boost::multiprecision::expression_template_option)1>, void, void>, boost::multiprecision::detail::expression<boost::multiprecision::detail::divide_immediates, boost::multiprecision::number<boost::multiprecision::backends::rational_adaptor<boost::multiprecision::backends::cpp_int_backend<0ul, 0ul, (boost::multiprecision::cpp_integer_type)1, (boost::multiprecision::cpp_int_check_type)0, std::allocator<unsigned long long> > >, (boost::multiprecision::expression_template_option)1>, boost::multiprecision::number<boost::multiprecision::backends::rational_adaptor<boost::multiprecision::backends::cpp_int_backend<0ul, 0ul, (boost::multiprecision::cpp_integer_type)1, (boost::multiprecision::cpp_int_check_type)0, std::allocator<unsigned long long> > >, (boost::multiprecision::expression_template_option)1>, void, void>, void, void>::result_type, boost::multiprecision::number<boost::multiprecision::backends::rational_adaptor<boost::multiprecision::backends::cpp_int_backend<0ul, 0ul, (boost::multiprecision::cpp_integer_type)1, (boost::multiprecision::cpp_int_check_type)0, std::allocator<unsigned long long> > >, (boost::multiprecision::expression_template_option)1> >::value, boost::multiprecision::number<boost::multiprecision::backends::rational_adaptor<boost::multiprecision::backends::cpp_int_backend<0ul, 0ul, (boost::multiprecision::cpp_integer_type)1, (boost::multiprecision::cpp_int_check_type)0, std::allocator<unsigned long long> > >, (boost::multiprecision::expression_template_option)1>&>::type boost::multiprecision::number<boost::multiprecision::backends::rational_adaptor<boost::multiprecision::backends::cpp_int_backend<0ul, 0ul, (boost::multiprecision::cpp_integer_type)1, (boost::multiprecision::cpp_int_check_type)0, std::allocator<unsigned long long> > >, (boost::multiprecision::expression_template_option)1>::operator*=<boost::multiprecision::detail::minus, boost::multiprecision::detail::expression<boost::multiprecision::detail::divide_immediates, boost::multiprecision::number<boost::multiprecision::backends::rational_adaptor<boost::multiprecision::backends::cpp_int_backend<0ul, 0ul, (boost::multiprecision::cpp_integer_type)1, (boost::multiprecision::cpp_int_check_type)0, std::allocator<unsigned long long> > >, (boost::multiprecision::expression_template_option)1>, boost::multiprecision::number<boost::multiprecision::backends::rational_adaptor<boost::multiprecision::backends::cpp_int_backend<0ul, 0ul, (boost::multiprecision::cpp_integer_type)1, (boost::multiprecision::cpp_int_check_type)0, std::allocator<unsigned long long> > >, (boost::multiprecision::expression_template_option)1>, void, void>, boost::multiprecision::detail::expression<boost::multiprecision::detail::divide_immediates, boost::multiprecision::number<boost::multiprecision::backends::rational_adaptor<boost::multiprecision::backends::cpp_int_backend<0ul, 0ul, (boost::multiprecision::cpp_integer_type)1, (boost::multiprecision::cpp_int_check_type)0, std::allocator<unsigned long long> > >, (boost::multiprecision::expression_template_option)1>, boost::multiprecision::number<boost::multiprecision::backends::rational_adaptor<boost::multiprecision::backends::cpp_int_backend<0ul, 0ul, (boost::multiprecision::cpp_integer_type)1, (boost::multiprecision::cpp_int_check_type)0, std::allocator<unsigned long long> > >, (boost::multiprecision::expression_template_option)1>, void, void>, void, void>(boost::multiprecision::detail::expression<boost::multiprecision::detail::minus, boost::multiprecision::detail::expression<boost::multiprecision::detail::divide_immediates, boost::multiprecision::number<boost::multiprecision::backends::rational_adaptor<boost::multiprecision::backends::cpp_int_backend<0ul, 0ul, (boost::multiprecision::cpp_integer_type)1, (boost::multiprecision::cpp_int_check_type)0, std::allocator<unsigned long long> > >, (boost::multiprecision::expression_template_option)1>, boost::multiprecision::number<boost::multiprecision::backends::rational_adaptor<boost::multiprecision::backends::cpp_int_backend<0ul, 0ul, (boost::multiprecision::cpp_integer_type)1, (boost::multiprecision::cpp_int_check_type)0, std::allocator<unsigned long long> > >, (boost::multiprecision::expression_template_option)1>, void, void>, boost::multiprecision::detail::expression<boost::multiprecision::detail::divide_immediates, boost::multiprecision::number<boost::multiprecision::backends::rational_adaptor<boost::multiprecision::backends::cpp_int_backend<0ul, 0ul, (boost::multiprecision::cpp_integer_type)1, (boost::multiprecision::cpp_int_check_type)0, std::allocator<unsigned long long> > >, (boost::multiprecision::expression_template_option)1>, boost::multiprecision::number<boost::multiprecision::backends::rational_adaptor<boost::multiprecision::backends::cpp_int_backend<0ul, 0ul, (boost::multiprecision::cpp_integer_type)1, (boost::multiprecision::cpp_int_check_type)0, std::allocator<unsigned long long> > >, (boost::multiprecision::expression_template_option)1>, void, void>, void, void> const&) [clone .isra.0]",__memmove_avx512_unaligned_erms,2004008,0.011638733705772812
"ParallelRoam::Algorithms::GreedyTransactionalLod::TransactionalQualityFaceEvidence::ExactHeight(std::array<boost::multiprecision::number<boost::multiprecision::backends::rational_adaptor<boost::multiprecision::backends::cpp_int_backend<0ul, 0ul, (boost::multiprecision::cpp_integer_type)1, (boost::multiprecision::cpp_int_check_type)0, std::allocator<unsigned long long> > >, (boost::multiprecision::expression_template_option)1>, 2ul> const&)","void boost::multiprecision::backends::eval_add_subtract_imp<boost::multiprecision::backends::cpp_int_backend<0ul, 0ul, (boost::multiprecision::cpp_integer_type)1, (boost::multiprecision::cpp_int_check_type)0, std::allocator<unsigned long long> > >(boost::multiprecision::backends::rational_adaptor<boost::multiprecision::backends::cpp_int_backend<0ul, 0ul, (boost::multiprecision::cpp_integer_type)1, (boost::multiprecision::cpp_int_check_type)0, std::allocator<unsigned long long> > >&, boost::multiprecision::backends::rational_adaptor<boost::multiprecision::backends::cpp_int_backend<0ul, 0ul, (boost::multiprecision::cpp_integer_type)1, (boost::multiprecision::cpp_int_check_type)0, std::allocator<unsigned long long> > > const&, boost::multiprecision::backends::rational_adaptor<boost::multiprecision::backends::cpp_int_backend<0ul, 0ul, (boost::multiprecision::cpp_integer_type)1, (boost::multiprecision::cpp_int_check_type)0, std::allocator<unsigned long long> > > const&, bool)",2004008,0.011638733705772812
"ParallelRoam::Algorithms::GreedyTransactionalLod::QualityEvaluation::ErrorBounds(ParallelRoam::Algorithms::GreedyTransactionalLod::TransactionalState const&, ParallelRoam::Algorithms::GreedyTransactionalLod::TransactionalSamples const&, unsigned int, ParallelRoam::Algorithms::GreedyTransactionalLod::Proposal const*, ParallelRoam::Algorithms::GreedyTransactionalLod::WorkLedger&, ParallelRoam::Algorithms::GreedyTransactionalLod::TransactionalProposalEvidence*)","std::array<ParallelRoam::Algorithms::GreedyTransactionalLod::QualityEvaluation::Interval, 3ul> ParallelRoam::Algorithms::GreedyTransactionalLod::QualityEvaluation::Reference<ParallelRoam::Algorithms::GreedyTransactionalLod::QualityEvaluation::Interval>(ParallelRoam::Algorithms::GreedyTransactionalLod::TransactionalState const&, ParallelRoam::Algorithms::GreedyTransactionalLod::TransactionalSamples const&, unsigned int)",2004008,0.011638733705772812
ParallelRoam::Algorithms::GreedyTransactionalLod::TransactionalQualitySampleEvidence::ExactCoordinate(),memcpy@plt,2004008,0.011638733705772812
"boost::multiprecision::backends::rational_adaptor<boost::multiprecision::backends::cpp_int_backend<0ul, 0ul, (boost::multiprecision::cpp_integer_type)1, (boost::multiprecision::cpp_int_check_type)0, std::allocator<unsigned long long> > >::rational_adaptor(boost::multiprecision::backends::rational_adaptor<boost::multiprecision::backends::cpp_int_backend<0ul, 0ul, (boost::multiprecision::cpp_integer_type)1, (boost::multiprecision::cpp_int_check_type)0, std::allocator<unsigned long long> > > const&)","boost::multiprecision::backends::cpp_int_base<0ul, 18446744073709551615ul, (boost::multiprecision::cpp_integer_type)1, (boost::multiprecision::cpp_int_check_type)0, std::allocator<unsigned long long>, false>::resize(unsigned long, unsigned long) [clone .isra.0]",2004008,0.011638733705772812
"std::array<boost::multiprecision::number<boost::multiprecision::backends::rational_adaptor<boost::multiprecision::backends::cpp_int_backend<0ul, 0ul, (boost::multiprecision::cpp_integer_type)1, (boost::multiprecision::cpp_int_check_type)0, std::allocator<unsigned long long> > >, (boost::multiprecision::expression_template_option)1>, 2ul> ParallelRoam::Algorithms::GreedyTransactionalLod::QualityEvaluation::Coordinate<boost::multiprecision::number<boost::multiprecision::backends::rational_adaptor<boost::multiprecision::backends::cpp_int_backend<0ul, 0ul, (boost::multiprecision::cpp_integer_type)1, (boost::multiprecision::cpp_int_check_type)0, std::allocator<unsigned long long> > >, (boost::multiprecision::expression_template_option)1> >(std::array<boost::multiprecision::number<boost::multiprecision::backends::rational_adaptor<boost::multiprecision::backends::cpp_int_backend<0ul, 0ul, (boost::multiprecision::cpp_integer_type)1, (boost::multiprecision::cpp_int_check_type)0, std::allocator<unsigned long long> > >, (boost::multiprecision::expression_template_option)1>, 3ul> const&, ParallelRoam::Algorithms::GreedyTransactionalLod::Configuration const&, bool)","boost::multiprecision::backends::rational_adaptor<boost::multiprecision::backends::cpp_int_backend<0ul, 0ul, (boost::multiprecision::cpp_integer_type)1, (boost::multiprecision::cpp_int_check_type)0, std::allocator<unsigned long long> > >::rational_adaptor(boost::multiprecision::backends::rational_adaptor<boost::multiprecision::backends::cpp_int_backend<0ul, 0ul, (boost::multiprecision::cpp_integer_type)1, (boost::multiprecision::cpp_int_check_type)0, std::allocator<unsigned long long> > > const&)",2004008,0.011638733705772812
"ParallelRoam::Algorithms::GreedyTransactionalLod::TransactionalQualityFaceEvidence::ExactSide(unsigned long, std::array<boost::multiprecision::number<boost::multiprecision::backends::rational_adaptor<boost::multiprecision::backends::cpp_int_backend<0ul, 0ul, (boost::multiprecision::cpp_integer_type)1, (boost::multiprecision::cpp_int_check_type)0, std::allocator<unsigned long long> > >, (boost::multiprecision::expression_template_option)1>, 2ul> const&)","std::enable_if<((!boost::multiprecision::backends::is_trivial_cpp_int<boost::multiprecision::backends::cpp_int_backend<0ul, 0ul, (boost::multiprecision::cpp_integer_type)1, (boost::multiprecision::cpp_int_check_type)0, std::allocator<unsigned long long> > >::value)&&(!boost::multiprecision::backends::is_trivial_cpp_int<boost::multiprecision::backends::cpp_int_backend<0ul, 0ul, (boost::multiprecision::cpp_integer_type)1, (boost::multiprecision::cpp_int_check_type)0, std::allocator<unsigned long long> > >::value))&&(!boost::multiprecision::backends::is_trivial_cpp_int<boost::multiprecision::backends::cpp_int_backend<0ul, 0ul, (boost::multiprecision::cpp_integer_type)1, (boost::multiprecision::cpp_int_check_type)0, std::allocator<unsigned long long> > >::value), void>::type boost::multiprecision::backends::eval_multiply<0ul, 0ul, (boost::multiprecision::cpp_integer_type)1, (boost::multiprecision::cpp_int_check_type)0, std::allocator<unsigned long long>, 0ul, 0ul, (boost::multiprecision::cpp_integer_type)1, (boost::multiprecision::cpp_int_check_type)0, std::allocator<unsigned long long>, 0ul, 0ul, (boost::multiprecision::cpp_integer_type)1, (boost::multiprecision::cpp_int_check_type)0, std::allocator<unsigned long long> >(boost::multiprecision::backends::cpp_int_backend<0ul, 0ul, (boost::multiprecision::cpp_integer_type)1, (boost::multiprecision::cpp_int_check_type)0, std::allocator<unsigned long long> >&, boost::multiprecision::backends::cpp_int_backend<0ul, 0ul, (boost::multiprecision::cpp_integer_type)1, (boost::multiprecision::cpp_int_check_type)0, std::allocator<unsigned long long> > const&, boost::multiprecision::backends::cpp_int_backend<0ul, 0ul, (boost::multiprecision::cpp_integer_type)1, (boost::multiprecision::cpp_int_check_type)0, std::allocator<unsigned long long> > const&)",2004008,0.011638733705772812
"std::enable_if<((!boost::multiprecision::backends::is_trivial_cpp_int<boost::multiprecision::backends::cpp_int_backend<0ul, 0ul, (boost::multiprecision::cpp_integer_type)1, (boost::multiprecision::cpp_int_check_type)0, std::allocator<unsigned long long> > >::value)&&(!boost::multiprecision::backends::is_trivial_cpp_int<boost::multiprecision::backends::cpp_int_backend<0ul, 0ul, (boost::multiprecision::cpp_integer_type)1, (boost::multiprecision::cpp_int_check_type)0, std::allocator<unsigned long long> > >::value))&&(!boost::multiprecision::backends::is_trivial_cpp_int<boost::multiprecision::backends::cpp_int_backend<0ul, 0ul, (boost::multiprecision::cpp_integer_type)1, (boost::multiprecision::cpp_int_check_type)0, std::allocator<unsigned long long> > >::value), void>::type boost::multiprecision::backends::eval_multiply<0ul, 0ul, (boost::multiprecision::cpp_integer_type)1, (boost::multiprecision::cpp_int_check_type)0, std::allocator<unsigned long long>, 0ul, 0ul, (boost::multiprecision::cpp_integer_type)1, (boost::multiprecision::cpp_int_check_type)0, std::allocator<unsigned long long>, 0ul, 0ul, (boost::multiprecision::cpp_integer_type)1, (boost::multiprecision::cpp_int_check_type)0, std::allocator<unsigned long long> >(boost::multiprecision::backends::cpp_int_backend<0ul, 0ul, (boost::multiprecision::cpp_integer_type)1, (boost::multiprecision::cpp_int_check_type)0, std::allocator<unsigned long long> >&, boost::multiprecision::backends::cpp_int_backend<0ul, 0ul, (boost::multiprecision::cpp_integer_type)1, (boost::multiprecision::cpp_int_check_type)0, std::allocator<unsigned long long> > const&, boost::multiprecision::backends::cpp_int_backend<0ul, 0ul, (boost::multiprecision::cpp_integer_type)1, (boost::multiprecision::cpp_int_check_type)0, std::allocator<unsigned long long> > const&)",__memmove_avx512_unaligned_erms,2004008,0.011638733705772812
"void boost::multiprecision::backends::eval_add_subtract_imp<boost::multiprecision::backends::cpp_int_backend<0ul, 0ul, (boost::multiprecision::cpp_integer_type)1, (boost::multiprecision::cpp_int_check_type)0, std::allocator<unsigned long long> > >(boost::multiprecision::backends::rational_adaptor<boost::multiprecision::backends::cpp_int_backend<0ul, 0ul, (boost::multiprecision::cpp_integer_type)1, (boost::multiprecision::cpp_int_check_type)0, std::allocator<unsigned long long> > >&, boost::multiprecision::backends::rational_adaptor<boost::multiprecision::backends::cpp_int_backend<0ul, 0ul, (boost::multiprecision::cpp_integer_type)1, (boost::multiprecision::cpp_int_check_type)0, std::allocator<unsigned long long> > > const&, boost::multiprecision::backends::rational_adaptor<boost::multiprecision::backends::cpp_int_backend<0ul, 0ul, (boost::multiprecision::cpp_integer_type)1, (boost::multiprecision::cpp_int_check_type)0, std::allocator<unsigned long long> > > const&, bool)","operator delete(void*, unsigned long)@plt",2004008,0.011638733705772812
"std::array<boost::multiprecision::number<boost::multiprecision::backends::rational_adaptor<boost::multiprecision::backends::cpp_int_backend<0ul, 0ul, (boost::multiprecision::cpp_integer_type)1, (boost::multiprecision::cpp_int_check_type)0, std::allocator<unsigned long long> > >, (boost::multiprecision::expression_template_option)1>, 2ul> ParallelRoam::Algorithms::GreedyTransactionalLod::QualityEvaluation::Coordinate<boost::multiprecision::number<boost::multiprecision::backends::rational_adaptor<boost::multiprecision::backends::cpp_int_backend<0ul, 0ul, (boost::multiprecision::cpp_integer_type)1, (boost::multiprecision::cpp_int_check_type)0, std::allocator<unsigned long long> > >, (boost::multiprecision::expression_template_option)1> >(std::array<boost::multiprecision::number<boost::multiprecision::backends::rational_adaptor<boost::multiprecision::backends::cpp_int_backend<0ul, 0ul, (boost::multiprecision::cpp_integer_type)1, (boost::multiprecision::cpp_int_check_type)0, std::allocator<unsigned long long> > >, (boost::multiprecision::expression_template_option)1>, 3ul> const&, ParallelRoam::Algorithms::GreedyTransactionalLod::Configuration const&, bool)","boost::multiprecision::backends::rational_adaptor<boost::multiprecision::backends::cpp_int_backend<0ul, 0ul, (boost::multiprecision::cpp_integer_type)1, (boost::multiprecision::cpp_int_check_type)0, std::allocator<unsigned long long> > >::rational_adaptor()",2004008,0.011638733705772812
"void boost::multiprecision::number<boost::multiprecision::backends::rational_adaptor<boost::multiprecision::backends::cpp_int_backend<0ul, 0ul, (boost::multiprecision::cpp_integer_type)1, (boost::multiprecision::cpp_int_check_type)0, std::allocator<unsigned long long> > >, (boost::multiprecision::expression_template_option)1>::do_assign<boost::multiprecision::detail::expression<boost::multiprecision::detail::minus, boost::multiprecision::detail::expression<boost::multiprecision::detail::multiplies, boost::multiprecision::detail::expression<boost::multiprecision::detail::subtract_immediates, boost::multiprecision::number<boost::multiprecision::backends::rational_adaptor<boost::multiprecision::backends::cpp_int_backend<0ul, 0ul, (boost::multiprecision::cpp_integer_type)1, (boost::multiprecision::cpp_int_check_type)0, std::allocator<unsigned long long> > >, (boost::multiprecision::expression_template_option)1>, boost::multiprecision::number<boost::multiprecision::backends::rational_adaptor<boost::multiprecision::backends::cpp_int_backend<0ul, 0ul, (boost::multiprecision::cpp_integer_type)1, (boost::multiprecision::cpp_int_check_type)0, std::allocator<unsigned long long> > >, (boost::multiprecision::expression_template_option)1>, void, void>, boost::multiprecision::number<boost::multiprecision::backends::rational_adaptor<boost::multiprecision::backends::cpp_int_backend<0ul, 0ul, (boost::multiprecision::cpp_integer_type)1, (boost::multiprecision::cpp_int_check_type)0, std::allocator<unsigned long long> > >, (boost::multiprecision::expression_template_option)1>, void, void>, boost::multiprecision::detail::expression<boost::multiprecision::detail::multiplies, boost::multiprecision::detail::expression<boost::multiprecision::detail::subtract_immediates, boost::multiprecision::number<boost::multiprecision::backends::rational_adaptor<boost::multiprecision::backends::cpp_int_backend<0ul, 0ul, (boost::multiprecision::cpp_integer_type)1, (boost::multiprecision::cpp_int_check_type)0, std::allocator<unsigned long long> > >, (boost::multiprecision::expression_template_option)1>, boost::multiprecision::number<boost::multiprecision::backends::rational_adaptor<boost::multiprecision::backends::cpp_int_backend<0ul, 0ul, (boost::multiprecision::cpp_integer_type)1, (boost::multiprecision::cpp_int_check_type)0, std::allocator<unsigned long long> > >, (boost::multiprecision::expression_template_option)1>, void, void>, boost::multiprecision::number<boost::multiprecision::backends::rational_adaptor<boost::multiprecision::backends::cpp_int_backend<0ul, 0ul, (boost::multiprecision::cpp_integer_type)1, (boost::multiprecision::cpp_int_check_type)0, std::allocator<unsigned long long> > >, (boost::multiprecision::expression_template_option)1>, void, void>, void, void> >(boost::multiprecision::detail::expression<boost::multiprecision::detail::minus, boost::multiprecision::detail::expression<boost::multiprecision::detail::multiplies, boost::multiprecision::detail::expression<boost::multiprecision::detail::subtract_immediates, boost::multiprecision::number<boost::multiprecision::backends::rational_adaptor<boost::multiprecision::backends::cpp_int_backend<0ul, 0ul, (boost::multiprecision::cpp_integer_type)1, (boost::multiprecision::cpp_int_check_type)0, std::allocator<unsigned long long> > >, (boost::multiprecision::expression_template_option)1>, boost::multiprecision::number<boost::multiprecision::backends::rational_adaptor<boost::multiprecision::backends::cpp_int_backend<0ul, 0ul, (boost::multiprecision::cpp_integer_type)1, (boost::multiprecision::cpp_int_check_type)0, std::allocator<unsigned long long> > >, (boost::multiprecision::expression_template_option)1>, void, void>, boost::multiprecision::number<boost::multiprecision::backends::rational_adaptor<boost::multiprecision::backends::cpp_int_backend<0ul, 0ul, (boost::multiprecision::cpp_integer_type)1, (boost::multiprecision::cpp_int_check_type)0, std::allocator<unsigned long long> > >, (boost::multiprecision::expression_template_option)1>, void, void>, boost::multiprecision::detail::expression<boost::multiprecision::detail::multiplies, boost::multiprecision::detail::expression<boost::multiprecision::detail::subtract_immediates, boost::multiprecision::number<boost::multiprecision::backends::rational_adaptor<boost::multiprecision::backends::cpp_int_backend<0ul, 0ul, (boost::multiprecision::cpp_integer_type)1, (boost::multiprecision::cpp_int_check_type)0, std::allocator<unsigned long long> > >, (boost::multiprecision::expression_template_option)1>, boost::multiprecision::number<boost::multiprecision::backends::rational_adaptor<boost::multiprecision::backends::cpp_int_backend<0ul, 0ul, (boost::multiprecision::cpp_integer_type)1, (boost::multiprecision::cpp_int_check_type)0, std::allocator<unsigned long long> > >, (boost::multiprecision::expression_template_option)1>, void, void>, boost::multiprecision::number<boost::multiprecision::backends::rational_adaptor<boost::multiprecision::backends::cpp_int_backend<0ul, 0ul, (boost::multiprecision::cpp_integer_type)1, (boost::multiprecision::cpp_int_check_type)0, std::allocator<unsigned long long> > >, (boost::multiprecision::expression_template_option)1>, void, void>, void, void> const&, boost::multiprecision::detail::minus const&) [clone .isra.0]","std::enable_if<!boost::multiprecision::backends::is_trivial_cpp_int<boost::multiprecision::backends::cpp_int_backend<0ul, 0ul, (boost::multiprecision::cpp_integer_type)1, (boost::multiprecision::cpp_int_check_type)0, std::allocator<unsigned long long> > >::value, void>::type boost::multiprecision::backends::eval_gcd<0ul, 0ul, (boost::multiprecision::cpp_integer_type)1, (boost::multiprecision::cpp_int_check_type)0, std::allocator<unsigned long long> >(boost::multiprecision::backends::cpp_int_backend<0ul, 0ul, (boost::multiprecision::cpp_integer_type)1, (boost::multiprecision::cpp_int_check_type)0, std::allocator<unsigned long long> >&, boost::multiprecision::backends::cpp_int_backend<0ul, 0ul, (boost::multiprecision::cpp_integer_type)1, (boost::multiprecision::cpp_int_check_type)0, std::allocator<unsigned long long> > const&, boost::multiprecision::backends::cpp_int_backend<0ul, 0ul, (boost::multiprecision::cpp_integer_type)1, (boost::multiprecision::cpp_int_check_type)0, std::allocator<unsigned long long> > const&)",2004008,0.011638733705772812
"std::pair<std::_Rb_tree_iterator<unsigned int>, bool> std::_Rb_tree<unsigned int, unsigned int, std::_Identity<unsigned int>, std::less<unsigned int>, std::allocator<unsigned int> >::_M_insert_unique<unsigned int const&>(unsigned int const&)",operator new(unsigned long),2004008,0.011638733705772812
"boost::multiprecision::backends::rational_adaptor<boost::multiprecision::backends::cpp_int_backend<0ul, 0ul, (boost::multiprecision::cpp_integer_type)1, (boost::multiprecision::cpp_int_check_type)0, std::allocator<unsigned long long> > >::compare(boost::multiprecision::backends::rational_adaptor<boost::multiprecision::backends::cpp_int_backend<0ul, 0ul, (boost::multiprecision::cpp_integer_type)1, (boost::multiprecision::cpp_int_check_type)0, std::allocator<unsigned long long> > > const&) const","std::enable_if<(!boost::multiprecision::backends::is_trivial_cpp_int<boost::multiprecision::backends::cpp_int_backend<0ul, 0ul, (boost::multiprecision::cpp_integer_type)1, (boost::multiprecision::cpp_int_check_type)0, std::allocator<unsigned long long> > >::value)&&(!boost::multiprecision::backends::is_trivial_cpp_int<boost::multiprecision::backends::cpp_int_backend<0ul, 0ul, (boost::multiprecision::cpp_integer_type)1, (boost::multiprecision::cpp_int_check_type)0, std::allocator<unsigned long long> > >::value), void>::type boost::multiprecision::backends::eval_multiply<0ul, 0ul, (boost::multiprecision::cpp_integer_type)1, (boost::multiprecision::cpp_int_check_type)0, std::allocator<unsigned long long>, 0ul, 0ul, (boost::multiprecision::cpp_integer_type)1, (boost::multiprecision::cpp_int_check_type)0, std::allocator<unsigned long long> >(boost::multiprecision::backends::cpp_int_backend<0ul, 0ul, (boost::multiprecision::cpp_integer_type)1, (boost::multiprecision::cpp_int_check_type)0, std::allocator<unsigned long long> >&, boost::multiprecision::backends::cpp_int_backend<0ul, 0ul, (boost::multiprecision::cpp_integer_type)1, (boost::multiprecision::cpp_int_check_type)0, std::allocator<unsigned long long> > const&, unsigned long long const&)",2004008,0.011638733705772812
"ParallelRoam::Algorithms::GreedyTransactionalLod::TransactionalReservation::Plan(ParallelRoam::Algorithms::GreedyTransactionalLod::TransactionalState const&, ParallelRoam::Algorithms::GreedyTransactionalLod::TransactionalSamples const&, ParallelRoam::Algorithms::GreedyTransactionalLod::WorkLedger&, ParallelRoam::Algorithms::GreedyTransactionalLod::TransactionalExecution const&)","std::_Rb_tree<std::tuple<char, long, long>, std::tuple<char, long, long>, std::_Identity<std::tuple<char, long, long> >, std::less<std::tuple<char, long, long> >, std::allocator<std::tuple<char, long, long> > >::find(std::tuple<char, long, long> const&) const",2004008,0.011638733705772812
"ParallelRoam::Algorithms::GreedyTransactionalLod::(anonymous namespace)::Prepare(ParallelRoam::Algorithms::GreedyTransactionalLod::TransactionalState const&, ParallelRoam::Algorithms::GreedyTransactionalLod::TransactionalSamples const&, unsigned int, char, std::vector<unsigned int, std::allocator<unsigned int> >, ParallelRoam::Algorithms::GreedyTransactionalLod::Point const&, long, unsigned long)",malloc,2004008,0.011638733705772812
"ParallelRoam::Algorithms::GreedyTransactionalLod::QualityEvaluation::Area(std::array<ParallelRoam::Algorithms::GreedyTransactionalLod::Point, 3ul> const&)","std::enable_if<!boost::multiprecision::backends::is_trivial_cpp_int<boost::multiprecision::backends::cpp_int_backend<0ul, 0ul, (boost::multiprecision::cpp_integer_type)1, (boost::multiprecision::cpp_int_check_type)0, std::allocator<unsigned long long> > >::value, void>::type boost::multiprecision::backends::eval_gcd<0ul, 0ul, (boost::multiprecision::cpp_integer_type)1, (boost::multiprecision::cpp_int_check_type)0, std::allocator<unsigned long long> >(boost::multiprecision::backends::cpp_int_backend<0ul, 0ul, (boost::multiprecision::cpp_integer_type)1, (boost::multiprecision::cpp_int_check_type)0, std::allocator<unsigned long long> >&, boost::multiprecision::backends::cpp_int_backend<0ul, 0ul, (boost::multiprecision::cpp_integer_type)1, (boost::multiprecision::cpp_int_check_type)0, std::allocator<unsigned long long> > const&, boost::multiprecision::backends::cpp_int_backend<0ul, 0ul, (boost::multiprecision::cpp_integer_type)1, (boost::multiprecision::cpp_int_check_type)0, std::allocator<unsigned long long> > const&)",2004008,0.011638733705772812
"ParallelRoam::Algorithms::GreedyTransactionalLod::TransactionalSourceHeightReceiver::Prepare[abi:cxx11](ParallelRoam::Algorithms::GreedyTransactionalLod::TransactionalState const&, ParallelRoam::Algorithms::GreedyTransactionalLod::TransactionalSamples const&, ParallelRoam::Algorithms::GreedyTransactionalLod::Proposal&, ParallelRoam::Algorithms::GreedyTransactionalLod::WorkLedger&)","void boost::multiprecision::backends::eval_multiply_imp<boost::multiprecision::backends::cpp_int_backend<0ul, 0ul, (boost::multiprecision::cpp_integer_type)1, (boost::multiprecision::cpp_int_check_type)0, std::allocator<unsigned long long> > >(boost::multiprecision::backends::rational_adaptor<boost::multiprecision::backends::cpp_int_backend<0ul, 0ul, (boost::multiprecision::cpp_integer_type)1, (boost::multiprecision::cpp_int_check_type)0, std::allocator<unsigned long long> > >&, boost::multiprecision::backends::rational_adaptor<boost::multiprecision::backends::cpp_int_backend<0ul, 0ul, (boost::multiprecision::cpp_integer_type)1, (boost::multiprecision::cpp_int_check_type)0, std::allocator<unsigned long long> > > const&, boost::multiprecision::backends::cpp_int_backend<0ul, 0ul, (boost::multiprecision::cpp_integer_type)1, (boost::multiprecision::cpp_int_check_type)0, std::allocator<unsigned long long> > const&, boost::multiprecision::backends::cpp_int_backend<0ul, 0ul, (boost::multiprecision::cpp_integer_type)1, (boost::multiprecision::cpp_int_check_type)0, std::allocator<unsigned long long> > const&)",2004008,0.011638733705772812
operator new(unsigned long),_int_malloc,2004008,0.011638733705772812
"ParallelRoam::Algorithms::GreedyTransactionalLod::TransactionalSamples::BoxCandidates(double, double, double, double, ParallelRoam::Algorithms::GreedyTransactionalLod::WorkLedger&) const",operator new(unsigned long),2004008,0.011638733705772812
"ParallelRoam::Algorithms::GreedyTransactionalLod::TransactionalPointwiseQuality::ValidateBatch(ParallelRoam::Algorithms::GreedyTransactionalLod::TransactionalState const&, ParallelRoam::Algorithms::GreedyTransactionalLod::TransactionalSamples const&, ParallelRoam::Algorithms::GreedyTransactionalLod::CertifiedBatch const&, ParallelRoam::Algorithms::GreedyTransactionalLod::WorkLedger&)","ParallelRoam::Algorithms::GreedyTransactionalLod::QualityEvaluation::Cover(ParallelRoam::Algorithms::GreedyTransactionalLod::TransactionalState const&, ParallelRoam::Algorithms::GreedyTransactionalLod::TransactionalSamples const&, unsigned int, bool, std::vector<std::array<ParallelRoam::Algorithms::GreedyTransactionalLod::Point, 3ul>, std::allocator<std::array<ParallelRoam::Algorithms::GreedyTransactionalLod::Point, 3ul> > > const&)",2004008,0.011638733705772812
"ParallelRoam::Algorithms::GreedyTransactionalLod::QualityEvaluation::Cover(ParallelRoam::Algorithms::GreedyTransactionalLod::TransactionalState const&, ParallelRoam::Algorithms::GreedyTransactionalLod::TransactionalSamples const&, unsigned int, bool, std::vector<std::array<ParallelRoam::Algorithms::GreedyTransactionalLod::Point, 3ul>, std::allocator<std::array<ParallelRoam::Algorithms::GreedyTransactionalLod::Point, 3ul> > > const&)","std::array<boost::multiprecision::number<boost::multiprecision::backends::rational_adaptor<boost::multiprecision::backends::cpp_int_backend<0ul, 0ul, (boost::multiprecision::cpp_integer_type)1, (boost::multiprecision::cpp_int_check_type)0, std::allocator<unsigned long long> > >, (boost::multiprecision::expression_template_option)1>, 3ul> ParallelRoam::Algorithms::GreedyTransactionalLod::QualityEvaluation::Reference<boost::multiprecision::number<boost::multiprecision::backends::rational_adaptor<boost::multiprecision::backends::cpp_int_backend<0ul, 0ul, (boost::multiprecision::cpp_integer_type)1, (boost::multiprecision::cpp_int_check_type)0, std::allocator<unsigned long long> > >, (boost::multiprecision::expression_template_option)1> >(ParallelRoam::Algorithms::GreedyTransactionalLod::TransactionalState const&, ParallelRoam::Algorithms::GreedyTransactionalLod::TransactionalSamples const&, unsigned int)",2004008,0.011638733705772812
