function,selfPercent,inclusivePercent,selfSamples,selfWeight,inclusiveWeight
__nextafter,21.203319502074688,21.203319502074688,1022,2048096176,2048096176
"std::enable_if<!boost::multiprecision::backends::is_trivial_cpp_int<boost::multiprecision::backends::cpp_int_backend<0ul, 0ul, (boost::multiprecision::cpp_integer_type)1, (boost::multiprecision::cpp_int_check_type)0, std::allocator<unsigned long long> > >::value, void>::type boost::multiprecision::backends::eval_gcd<0ul, 0ul, (boost::multiprecision::cpp_integer_type)1, (boost::multiprecision::cpp_int_check_type)0, std::allocator<unsigned long long> >(boost::multiprecision::backends::cpp_int_backend<0ul, 0ul, (boost::multiprecision::cpp_integer_type)1, (boost::multiprecision::cpp_int_check_type)0, std::allocator<unsigned long long> >&, boost::multiprecision::backends::cpp_int_backend<0ul, 0ul, (boost::multiprecision::cpp_integer_type)1, (boost::multiprecision::cpp_int_check_type)0, std::allocator<unsigned long long> > const&, boost::multiprecision::backends::cpp_int_backend<0ul, 0ul, (boost::multiprecision::cpp_integer_type)1, (boost::multiprecision::cpp_int_check_type)0, std::allocator<unsigned long long> > const&)",7.8838174273858925,9.1701244813278,380,761523040,885771536
"ParallelRoam::Algorithms::GreedyTransactionalLod::TransactionalSamples::Project(ParallelRoam::Algorithms::GreedyTransactionalLod::Configuration const&, unsigned int, ParallelRoam::Algorithms::GreedyTransactionalLod::SampleValue, ParallelRoam::Algorithms::GreedyTransactionalLod::WorkLedger&) const",4.419087136929461,4.419087136929461,213,426853704,426853704
"void boost::multiprecision::backends::cpp_int_backend<0ul, 0ul, (boost::multiprecision::cpp_integer_type)1, (boost::multiprecision::cpp_int_check_type)0, std::allocator<unsigned long long> >::do_assign_float<long double>(long double)",4.33609958506224,6.1203319502074685,209,418837672,591182360
"void boost::multiprecision::backends::divide_unsigned_helper<boost::multiprecision::backends::cpp_int_backend<0ul, 0ul, (boost::multiprecision::cpp_integer_type)1, (boost::multiprecision::cpp_int_check_type)0, std::allocator<unsigned long long> >, boost::multiprecision::backends::cpp_int_backend<0ul, 0ul, (boost::multiprecision::cpp_integer_type)1, (boost::multiprecision::cpp_int_check_type)0, std::allocator<unsigned long long> > >(boost::multiprecision::backends::cpp_int_backend<0ul, 0ul, (boost::multiprecision::cpp_integer_type)1, (boost::multiprecision::cpp_int_check_type)0, std::allocator<unsigned long long> >*, boost::multiprecision::backends::cpp_int_backend<0ul, 0ul, (boost::multiprecision::cpp_integer_type)1, (boost::multiprecision::cpp_int_check_type)0, std::allocator<unsigned long long> > const&, unsigned long long, boost::multiprecision::backends::cpp_int_backend<0ul, 0ul, (boost::multiprecision::cpp_integer_type)1, (boost::multiprecision::cpp_int_check_type)0, std::allocator<unsigned long long> >&)",4.2946058091286305,4.419087136929461,207,414829656,426853704
"std::_Function_handler<void (unsigned long, unsigned long, ParallelRoam::Algorithms::GreedyTransactionalLod::WorkLedger&), ParallelRoam::Algorithms::GreedyTransactionalLod::TransactionalSamples::PrepareView(ParallelRoam::Algorithms::GreedyTransactionalLod::TransactionalState const&, ParallelRoam::Algorithms::GreedyTransactionalLod::Configuration const&, ParallelRoam::Algorithms::GreedyTransactionalLod::WorkLedger&, ParallelRoam::Algorithms::GreedyTransactionalLod::TransactionalExecution const&)::{lambda(auto:1, auto:2, ParallelRoam::Algorithms::GreedyTransactionalLod::WorkLedger&)#2}>::_M_invoke(std::_Any_data const&, unsigned long&&, unsigned long&&, ParallelRoam::Algorithms::GreedyTransactionalLod::WorkLedger&)",3.4854771784232366,3.879668049792531,168,336673344,374749496
"ParallelRoam::Algorithms::GreedyTransactionalLod::TransactionalQualityFaceEvidence::SideBounds(unsigned long, std::array<ParallelRoam::Algorithms::GreedyTransactionalLod::QualityEvaluation::Interval, 2ul> const&)",3.3609958506224067,3.775933609958506,162,324649296,364729456
"void std::__introsort_loop<__gnu_cxx::__normal_iterator<unsigned int*, std::vector<unsigned int, std::allocator<unsigned int> > >, long, __gnu_cxx::__ops::_Iter_less_iter>(__gnu_cxx::__normal_iterator<unsigned int*, std::vector<unsigned int, std::allocator<unsigned int> > >, __gnu_cxx::__normal_iterator<unsigned int*, std::vector<unsigned int, std::allocator<unsigned int> > >, long, __gnu_cxx::__ops::_Iter_less_iter) [clone .isra.0]",2.6556016597510372,2.6556016597510372,128,256513024,256513024
"ParallelRoam::Algorithms::GreedyTransactionalLod::QualityEvaluation::operator*(ParallelRoam::Algorithms::GreedyTransactionalLod::QualityEvaluation::Interval, ParallelRoam::Algorithms::GreedyTransactionalLod::QualityEvaluation::Interval)",2.6141078838174274,2.6141078838174274,126,252505008,252505008
"std::_Function_handler<void (unsigned long, unsigned long, ParallelRoam::Algorithms::GreedyTransactionalLod::WorkLedger&), ParallelRoam::Algorithms::GreedyTransactionalLod::TransactionalSamples::PrepareView(ParallelRoam::Algorithms::GreedyTransactionalLod::TransactionalState const&, ParallelRoam::Algorithms::GreedyTransactionalLod::Configuration const&, ParallelRoam::Algorithms::GreedyTransactionalLod::WorkLedger&, ParallelRoam::Algorithms::GreedyTransactionalLod::TransactionalExecution const&)::{lambda(auto:1, auto:2, ParallelRoam::Algorithms::GreedyTransactionalLod::WorkLedger&)#1}>::_M_invoke(std::_Any_data const&, unsigned long&&, unsigned long&&, ParallelRoam::Algorithms::GreedyTransactionalLod::WorkLedger&)",2.6141078838174274,7.261410788381743,126,252505008,701402800
"std::enable_if<((!boost::multiprecision::backends::is_trivial_cpp_int<boost::multiprecision::backends::cpp_int_backend<0ul, 0ul, (boost::multiprecision::cpp_integer_type)1, (boost::multiprecision::cpp_int_check_type)0, std::allocator<unsigned long long> > >::value)&&(!boost::multiprecision::backends::is_trivial_cpp_int<boost::multiprecision::backends::cpp_int_backend<0ul, 0ul, (boost::multiprecision::cpp_integer_type)1, (boost::multiprecision::cpp_int_check_type)0, std::allocator<unsigned long long> > >::value))&&(!boost::multiprecision::backends::is_trivial_cpp_int<boost::multiprecision::backends::cpp_int_backend<0ul, 0ul, (boost::multiprecision::cpp_integer_type)1, (boost::multiprecision::cpp_int_check_type)0, std::allocator<unsigned long long> > >::value), void>::type boost::multiprecision::backends::eval_multiply<0ul, 0ul, (boost::multiprecision::cpp_integer_type)1, (boost::multiprecision::cpp_int_check_type)0, std::allocator<unsigned long long>, 0ul, 0ul, (boost::multiprecision::cpp_integer_type)1, (boost::multiprecision::cpp_int_check_type)0, std::allocator<unsigned long long>, 0ul, 0ul, (boost::multiprecision::cpp_integer_type)1, (boost::multiprecision::cpp_int_check_type)0, std::allocator<unsigned long long> >(boost::multiprecision::backends::cpp_int_backend<0ul, 0ul, (boost::multiprecision::cpp_integer_type)1, (boost::multiprecision::cpp_int_check_type)0, std::allocator<unsigned long long> >&, boost::multiprecision::backends::cpp_int_backend<0ul, 0ul, (boost::multiprecision::cpp_integer_type)1, (boost::multiprecision::cpp_int_check_type)0, std::allocator<unsigned long long> > const&, boost::multiprecision::backends::cpp_int_backend<0ul, 0ul, (boost::multiprecision::cpp_integer_type)1, (boost::multiprecision::cpp_int_check_type)0, std::allocator<unsigned long long> > const&)",2.2821576763485476,3.1742738589211617,110,220440880,306613224
__memmove_avx512_unaligned_erms,2.033195020746888,2.033195020746888,98,196392784,196392784
"std::enable_if<std::is_floating_point<long double>::value, boost::multiprecision::backends::rational_adaptor<boost::multiprecision::backends::cpp_int_backend<0ul, 0ul, (boost::multiprecision::cpp_integer_type)1, (boost::multiprecision::cpp_int_check_type)0, std::allocator<unsigned long long> > >&>::type boost::multiprecision::backends::rational_adaptor<boost::multiprecision::backends::cpp_int_backend<0ul, 0ul, (boost::multiprecision::cpp_integer_type)1, (boost::multiprecision::cpp_int_check_type)0, std::allocator<unsigned long long> > >::operator=<long double>(long double) [clone .isra.0]",2.012448132780083,16.6597510373444,97,194388776,1609218424
__wrap_scalbnl,1.7842323651452283,1.7842323651452283,86,172344688,172344688
"void boost::multiprecision::backends::divide_unsigned_helper<boost::multiprecision::backends::cpp_int_backend<0ul, 0ul, (boost::multiprecision::cpp_integer_type)1, (boost::multiprecision::cpp_int_check_type)0, std::allocator<unsigned long long> >, boost::multiprecision::backends::cpp_int_backend<0ul, 0ul, (boost::multiprecision::cpp_integer_type)1, (boost::multiprecision::cpp_int_check_type)0, std::allocator<unsigned long long> >, boost::multiprecision::backends::cpp_int_backend<0ul, 0ul, (boost::multiprecision::cpp_integer_type)1, (boost::multiprecision::cpp_int_check_type)0, std::allocator<unsigned long long> > >(boost::multiprecision::backends::cpp_int_backend<0ul, 0ul, (boost::multiprecision::cpp_integer_type)1, (boost::multiprecision::cpp_int_check_type)0, std::allocator<unsigned long long> >*, boost::multiprecision::backends::cpp_int_backend<0ul, 0ul, (boost::multiprecision::cpp_integer_type)1, (boost::multiprecision::cpp_int_check_type)0, std::allocator<unsigned long long> > const&, boost::multiprecision::backends::cpp_int_backend<0ul, 0ul, (boost::multiprecision::cpp_integer_type)1, (boost::multiprecision::cpp_int_check_type)0, std::allocator<unsigned long long> > const&, boost::multiprecision::backends::cpp_int_backend<0ul, 0ul, (boost::multiprecision::cpp_integer_type)1, (boost::multiprecision::cpp_int_check_type)0, std::allocator<unsigned long long> >&)",1.7012448132780082,1.929460580912863,82,164328656,186372744
"void boost::multiprecision::backends::eval_multiply_imp<boost::multiprecision::backends::cpp_int_backend<0ul, 0ul, (boost::multiprecision::cpp_integer_type)1, (boost::multiprecision::cpp_int_check_type)0, std::allocator<unsigned long long> > >(boost::multiprecision::backends::rational_adaptor<boost::multiprecision::backends::cpp_int_backend<0ul, 0ul, (boost::multiprecision::cpp_integer_type)1, (boost::multiprecision::cpp_int_check_type)0, std::allocator<unsigned long long> > >&, boost::multiprecision::backends::rational_adaptor<boost::multiprecision::backends::cpp_int_backend<0ul, 0ul, (boost::multiprecision::cpp_integer_type)1, (boost::multiprecision::cpp_int_check_type)0, std::allocator<unsigned long long> > > const&, boost::multiprecision::backends::cpp_int_backend<0ul, 0ul, (boost::multiprecision::cpp_integer_type)1, (boost::multiprecision::cpp_int_check_type)0, std::allocator<unsigned long long> > const&, boost::multiprecision::backends::cpp_int_backend<0ul, 0ul, (boost::multiprecision::cpp_integer_type)1, (boost::multiprecision::cpp_int_check_type)0, std::allocator<unsigned long long> > const&)",1.6804979253112033,7.614107883817427,81,162324648,735470936
__frexpl,1.5975103734439835,1.5975103734439835,77,154308616,154308616
"boost::multiprecision::backends::cpp_int_base<0ul, 18446744073709551615ul, (boost::multiprecision::cpp_integer_type)1, (boost::multiprecision::cpp_int_check_type)0, std::allocator<unsigned long long>, false>::resize(unsigned long, unsigned long) [clone .isra.0]",1.5767634854771784,1.5767634854771784,76,152304608,152304608
"ParallelRoam::Algorithms::GreedyTransactionalLod::TransactionalSamples::VisibleSupport(std::vector<unsigned int, std::allocator<unsigned int> > const&) const",1.4315352697095436,3.070539419087137,69,138276552,296593184
"ParallelRoam::Algorithms::GreedyTransactionalLod::TransactionalSamples::Prepare(ParallelRoam::Algorithms::GreedyTransactionalLod::TransactionalState const&, ParallelRoam::Algorithms::GreedyTransactionalLod::PreparedTopology const&, ParallelRoam::Algorithms::GreedyTransactionalLod::WorkLedger&)",1.4107883817427387,3.9419087136929463,68,136272544,380761520
"void boost::multiprecision::backends::eval_add_subtract_imp<boost::multiprecision::backends::cpp_int_backend<0ul, 0ul, (boost::multiprecision::cpp_integer_type)1, (boost::multiprecision::cpp_int_check_type)0, std::allocator<unsigned long long> > >(boost::multiprecision::backends::rational_adaptor<boost::multiprecision::backends::cpp_int_backend<0ul, 0ul, (boost::multiprecision::cpp_integer_type)1, (boost::multiprecision::cpp_int_check_type)0, std::allocator<unsigned long long> > >&, boost::multiprecision::backends::rational_adaptor<boost::multiprecision::backends::cpp_int_backend<0ul, 0ul, (boost::multiprecision::cpp_integer_type)1, (boost::multiprecision::cpp_int_check_type)0, std::allocator<unsigned long long> > > const&, boost::multiprecision::backends::rational_adaptor<boost::multiprecision::backends::cpp_int_backend<0ul, 0ul, (boost::multiprecision::cpp_integer_type)1, (boost::multiprecision::cpp_int_check_type)0, std::allocator<unsigned long long> > > const&, bool)",1.4107883817427387,10.933609958506224,68,136272544,1056112216
"std::array<ParallelRoam::Algorithms::GreedyTransactionalLod::QualityEvaluation::Interval, 4ul> ParallelRoam::Algorithms::GreedyTransactionalLod::QualityEvaluation::Clip<ParallelRoam::Algorithms::GreedyTransactionalLod::QualityEvaluation::Interval>(ParallelRoam::Algorithms::GreedyTransactionalLod::Configuration const&, ParallelRoam::Algorithms::GreedyTransactionalLod::QualityEvaluation::Interval const&, ParallelRoam::Algorithms::GreedyTransactionalLod::QualityEvaluation::Interval const&, ParallelRoam::Algorithms::GreedyTransactionalLod::QualityEvaluation::Interval const&)",1.3070539419087137,1.6804979253112033,63,126252504,162324648
"std::enable_if<!boost::multiprecision::backends::is_trivial_cpp_int<boost::multiprecision::backends::cpp_int_backend<0ul, 0ul, (boost::multiprecision::cpp_integer_type)1, (boost::multiprecision::cpp_int_check_type)0, std::allocator<unsigned long long> > >::value, void>::type boost::multiprecision::backends::eval_left_shift<0ul, 0ul, (boost::multiprecision::cpp_integer_type)1, (boost::multiprecision::cpp_int_check_type)0, std::allocator<unsigned long long> >(boost::multiprecision::backends::cpp_int_backend<0ul, 0ul, (boost::multiprecision::cpp_integer_type)1, (boost::multiprecision::cpp_int_check_type)0, std::allocator<unsigned long long> >&, unsigned __int128) [clone .part.0]",1.2240663900414939,1.3692946058091287,59,118236472,132264528
__scalbnl,1.037344398340249,1.037344398340249,50,100200400,100200400
"ParallelRoam::Algorithms::GreedyTransactionalLod::TransactionalPointwiseQuality::Certify[abi:cxx11](ParallelRoam::Algorithms::GreedyTransactionalLod::TransactionalState const&, ParallelRoam::Algorithms::GreedyTransactionalLod::TransactionalSamples const&, ParallelRoam::Algorithms::GreedyTransactionalLod::Proposal&, bool, ParallelRoam::Algorithms::GreedyTransactionalLod::WorkLedger&, ParallelRoam::Algorithms::GreedyTransactionalLod::HeightRejectionContext*)",0.975103734439834,75.45643153526972,47,94188376,7288577096
"void boost::multiprecision::backends::subtract_unsigned<boost::multiprecision::backends::cpp_int_backend<0ul, 0ul, (boost::multiprecision::cpp_integer_type)1, (boost::multiprecision::cpp_int_check_type)0, std::allocator<unsigned long long> >, boost::multiprecision::backends::cpp_int_backend<0ul, 0ul, (boost::multiprecision::cpp_integer_type)1, (boost::multiprecision::cpp_int_check_type)0, std::allocator<unsigned long long> >, boost::multiprecision::backends::cpp_int_backend<0ul, 0ul, (boost::multiprecision::cpp_integer_type)1, (boost::multiprecision::cpp_int_check_type)0, std::allocator<unsigned long long> > >(boost::multiprecision::backends::cpp_int_backend<0ul, 0ul, (boost::multiprecision::cpp_integer_type)1, (boost::multiprecision::cpp_int_check_type)0, std::allocator<unsigned long long> >&, boost::multiprecision::backends::cpp_int_backend<0ul, 0ul, (boost::multiprecision::cpp_integer_type)1, (boost::multiprecision::cpp_int_check_type)0, std::allocator<unsigned long long> > const&, boost::multiprecision::backends::cpp_int_backend<0ul, 0ul, (boost::multiprecision::cpp_integer_type)1, (boost::multiprecision::cpp_int_check_type)0, std::allocator<unsigned long long> > const&)",0.8713692946058091,0.8713692946058091,42,84168336,84168336
"ParallelRoam::Algorithms::GreedyTransactionalLod::QualityEvaluation::Interval ParallelRoam::Algorithms::GreedyTransactionalLod::TransactionalQualityFaceEvidence::Interpolate<ParallelRoam::Algorithms::GreedyTransactionalLod::QualityEvaluation::Interval>(ParallelRoam::Algorithms::GreedyTransactionalLod::TransactionalQualityFaceEvidence::Coefficients<ParallelRoam::Algorithms::GreedyTransactionalLod::QualityEvaluation::Interval> const&, std::array<ParallelRoam::Algorithms::GreedyTransactionalLod::QualityEvaluation::Interval, 2ul> const&)",0.7883817427385892,2.3651452282157677,38,76152304,228456912
ParallelRoam::Algorithms::GreedyTransactionalLod::TransactionalState::Vertex(long) const,0.7883817427385892,0.7883817427385892,38,76152304,76152304
"std::array<ParallelRoam::Algorithms::GreedyTransactionalLod::QualityEvaluation::Interval, 3ul> ParallelRoam::Algorithms::GreedyTransactionalLod::QualityEvaluation::Reference<ParallelRoam::Algorithms::GreedyTransactionalLod::QualityEvaluation::Interval>(ParallelRoam::Algorithms::GreedyTransactionalLod::TransactionalState const&, ParallelRoam::Algorithms::GreedyTransactionalLod::TransactionalSamples const&, unsigned int)",0.7676348547717843,2.074688796680498,37,74148296,200400800
"std::array<boost::multiprecision::number<boost::multiprecision::backends::rational_adaptor<boost::multiprecision::backends::cpp_int_backend<0ul, 0ul, (boost::multiprecision::cpp_integer_type)1, (boost::multiprecision::cpp_int_check_type)0, std::allocator<unsigned long long> > >, (boost::multiprecision::expression_template_option)1>, 4ul> ParallelRoam::Algorithms::GreedyTransactionalLod::QualityEvaluation::Clip<boost::multiprecision::number<boost::multiprecision::backends::rational_adaptor<boost::multiprecision::backends::cpp_int_backend<0ul, 0ul, (boost::multiprecision::cpp_integer_type)1, (boost::multiprecision::cpp_int_check_type)0, std::allocator<unsigned long long> > >, (boost::multiprecision::expression_template_option)1> >(ParallelRoam::Algorithms::GreedyTransactionalLod::Configuration const&, boost::multiprecision::number<boost::multiprecision::backends::rational_adaptor<boost::multiprecision::backends::cpp_int_backend<0ul, 0ul, (boost::multiprecision::cpp_integer_type)1, (boost::multiprecision::cpp_int_check_type)0, std::allocator<unsigned long long> > >, (boost::multiprecision::expression_template_option)1> const&, boost::multiprecision::number<boost::multiprecision::backends::rational_adaptor<boost::multiprecision::backends::cpp_int_backend<0ul, 0ul, (boost::multiprecision::cpp_integer_type)1, (boost::multiprecision::cpp_int_check_type)0, std::allocator<unsigned long long> > >, (boost::multiprecision::expression_template_option)1> const&, boost::multiprecision::number<boost::multiprecision::backends::rational_adaptor<boost::multiprecision::backends::cpp_int_backend<0ul, 0ul, (boost::multiprecision::cpp_integer_type)1, (boost::multiprecision::cpp_int_check_type)0, std::allocator<unsigned long long> > >, (boost::multiprecision::expression_template_option)1> const&)",0.7053941908713693,11.514522821576763,34,68136272,1112224440
"void boost::multiprecision::backends::eval_gcd_lehmer<0ul, 0ul, (boost::multiprecision::cpp_integer_type)1, (boost::multiprecision::cpp_int_check_type)0, std::allocator<unsigned long long>, boost::multiprecision::backends::cpp_int_base<0ul, 18446744073709551615ul, (boost::multiprecision::cpp_integer_type)1, (boost::multiprecision::cpp_int_check_type)0, std::allocator<unsigned long long>, false>::scoped_shared_storage>(boost::multiprecision::backends::cpp_int_backend<0ul, 0ul, (boost::multiprecision::cpp_integer_type)1, (boost::multiprecision::cpp_int_check_type)0, std::allocator<unsigned long long> >&, boost::multiprecision::backends::cpp_int_backend<0ul, 0ul, (boost::multiprecision::cpp_integer_type)1, (boost::multiprecision::cpp_int_check_type)0, std::allocator<unsigned long long> >&, unsigned long, boost::multiprecision::backends::cpp_int_base<0ul, 18446744073709551615ul, (boost::multiprecision::cpp_integer_type)1, (boost::multiprecision::cpp_int_check_type)0, std::allocator<unsigned long long>, false>::scoped_shared_storage&)",0.7053941908713693,1.120331950207469,34,68136272,108216432
"std::array<boost::multiprecision::number<boost::multiprecision::backends::rational_adaptor<boost::multiprecision::backends::cpp_int_backend<0ul, 0ul, (boost::multiprecision::cpp_integer_type)1, (boost::multiprecision::cpp_int_check_type)0, std::allocator<unsigned long long> > >, (boost::multiprecision::expression_template_option)1>, 3ul> ParallelRoam::Algorithms::GreedyTransactionalLod::QualityEvaluation::Reference<boost::multiprecision::number<boost::multiprecision::backends::rational_adaptor<boost::multiprecision::backends::cpp_int_backend<0ul, 0ul, (boost::multiprecision::cpp_integer_type)1, (boost::multiprecision::cpp_int_check_type)0, std::allocator<unsigned long long> > >, (boost::multiprecision::expression_template_option)1> >(ParallelRoam::Algorithms::GreedyTransactionalLod::TransactionalState const&, ParallelRoam::Algorithms::GreedyTransactionalLod::TransactionalSamples const&, unsigned int)",0.6224066390041494,5.726141078838174,30,60120240,553106208
ParallelRoam::Algorithms::GreedyTransactionalLod::TransactionalSamples::Decode(unsigned int) const,0.6016597510373444,0.6016597510373444,29,58116232,58116232
__vdso_clock_gettime,0.5601659751037344,0.5601659751037344,27,54108216,54108216
nextafter@plt,0.5601659751037344,0.5601659751037344,27,54108216,54108216
"std::optional<ParallelRoam::Algorithms::GreedyTransactionalLod::QualityEvaluation::Interval> ParallelRoam::Algorithms::GreedyTransactionalLod::QualityEvaluation::ScreenPrepared<ParallelRoam::Algorithms::GreedyTransactionalLod::QualityEvaluation::Interval>(ParallelRoam::Algorithms::GreedyTransactionalLod::Configuration const&, std::array<ParallelRoam::Algorithms::GreedyTransactionalLod::QualityEvaluation::Interval, 3ul> const&, std::array<ParallelRoam::Algorithms::GreedyTransactionalLod::QualityEvaluation::Interval, 4ul> const&, ParallelRoam::Algorithms::GreedyTransactionalLod::QualityEvaluation::Interval const&)",0.5601659751037344,6.410788381742739,27,54108216,619238472
"boost::multiprecision::backends::rational_adaptor<boost::multiprecision::backends::cpp_int_backend<0ul, 0ul, (boost::multiprecision::cpp_integer_type)1, (boost::multiprecision::cpp_int_check_type)0, std::allocator<unsigned long long> > >::rational_adaptor()",0.45643153526970953,0.45643153526970953,22,44088176,44088176
"ParallelRoam::Algorithms::GreedyTransactionalLod::QualityEvaluation::SameInterface(ParallelRoam::Algorithms::GreedyTransactionalLod::TransactionalState const&, ParallelRoam::Algorithms::GreedyTransactionalLod::Proposal const&, bool, std::vector<std::array<ParallelRoam::Algorithms::GreedyTransactionalLod::Point, 3ul>, std::allocator<std::array<ParallelRoam::Algorithms::GreedyTransactionalLod::Point, 3ul> > > const&, std::vector<std::array<ParallelRoam::Algorithms::GreedyTransactionalLod::Point, 3ul>, std::allocator<std::array<ParallelRoam::Algorithms::GreedyTransactionalLod::Point, 3ul> > > const&)",0.4149377593360996,7.095435684647303,20,40080160,685370736
"ParallelRoam::Algorithms::GreedyTransactionalLod::(anonymous namespace)::CheckSample(ParallelRoam::Algorithms::GreedyTransactionalLod::TransactionalState const&, ParallelRoam::Algorithms::GreedyTransactionalLod::TransactionalSamples const&, unsigned int, ParallelRoam::Algorithms::GreedyTransactionalLod::TransactionalQualitySampleEvidence&, ParallelRoam::Algorithms::GreedyTransactionalLod::TransactionalQualityFaceEvidence&, ParallelRoam::Algorithms::GreedyTransactionalLod::TransactionalQualityFaceEvidence&, ParallelRoam::Algorithms::GreedyTransactionalLod::(anonymous namespace)::QualityWork&, boost::multiprecision::number<boost::multiprecision::backends::cpp_int_backend<0ul, 0ul, (boost::multiprecision::cpp_integer_type)1, (boost::multiprecision::cpp_int_check_type)0, std::allocator<unsigned long long> >, (boost::multiprecision::expression_template_option)1>&, boost::multiprecision::number<boost::multiprecision::backends::cpp_int_backend<0ul, 0ul, (boost::multiprecision::cpp_integer_type)1, (boost::multiprecision::cpp_int_check_type)0, std::allocator<unsigned long long> >, (boost::multiprecision::expression_template_option)1>&, ParallelRoam::Algorithms::GreedyTransactionalLod::HeightRejectionContext*)",0.3941908713692946,36.45228215767635,19,38076152,3521042056
"ParallelRoam::Algorithms::GreedyTransactionalLod::TransactionalQualitySampleEvidence::Cover(std::vector<ParallelRoam::Algorithms::GreedyTransactionalLod::TransactionalQualityFaceEvidence, std::allocator<ParallelRoam::Algorithms::GreedyTransactionalLod::TransactionalQualityFaceEvidence> >&)",0.35269709543568467,27.69709543568465,17,34068136,2675350680
__umodti3,0.35269709543568467,0.35269709543568467,17,34068136,34068136
memcpy@plt,0.33195020746887965,0.33195020746887965,16,32064128,32064128
"void boost::multiprecision::backends::add_unsigned<boost::multiprecision::backends::cpp_int_backend<0ul, 0ul, (boost::multiprecision::cpp_integer_type)1, (boost::multiprecision::cpp_int_check_type)0, std::allocator<unsigned long long> >, boost::multiprecision::backends::cpp_int_backend<0ul, 0ul, (boost::multiprecision::cpp_integer_type)1, (boost::multiprecision::cpp_int_check_type)0, std::allocator<unsigned long long> >, boost::multiprecision::backends::cpp_int_backend<0ul, 0ul, (boost::multiprecision::cpp_integer_type)1, (boost::multiprecision::cpp_int_check_type)0, std::allocator<unsigned long long> > >(boost::multiprecision::backends::cpp_int_backend<0ul, 0ul, (boost::multiprecision::cpp_integer_type)1, (boost::multiprecision::cpp_int_check_type)0, std::allocator<unsigned long long> >&, boost::multiprecision::backends::cpp_int_backend<0ul, 0ul, (boost::multiprecision::cpp_integer_type)1, (boost::multiprecision::cpp_int_check_type)0, std::allocator<unsigned long long> > const&, boost::multiprecision::backends::cpp_int_backend<0ul, 0ul, (boost::multiprecision::cpp_integer_type)1, (boost::multiprecision::cpp_int_check_type)0, std::allocator<unsigned long long> > const&)",0.3112033195020747,0.3112033195020747,15,30060120,30060120
ParallelRoam::Algorithms::GreedyTransactionalLod::TransactionalQualityFaceEvidence::Bounds(),0.29045643153526973,0.45643153526970953,14,28056112,44088176
_int_malloc,0.24896265560165975,0.35269709543568467,12,24048096,34068136
"ParallelRoam::Algorithms::GreedyTransactionalLod::(anonymous namespace)::Prepare(ParallelRoam::Algorithms::GreedyTransactionalLod::TransactionalState const&, ParallelRoam::Algorithms::GreedyTransactionalLod::TransactionalSamples const&, unsigned int, char, std::vector<unsigned int, std::allocator<unsigned int> >, ParallelRoam::Algorithms::GreedyTransactionalLod::Point const&, long, unsigned long)",0.22821576763485477,3.7344398340248963,11,22044088,360721440
"std::enable_if<(!boost::multiprecision::backends::is_trivial_cpp_int<boost::multiprecision::backends::cpp_int_backend<0ul, 0ul, (boost::multiprecision::cpp_integer_type)1, (boost::multiprecision::cpp_int_check_type)0, std::allocator<unsigned long long> > >::value)&&(!boost::multiprecision::backends::is_trivial_cpp_int<boost::multiprecision::backends::cpp_int_backend<0ul, 0ul, (boost::multiprecision::cpp_integer_type)1, (boost::multiprecision::cpp_int_check_type)0, std::allocator<unsigned long long> > >::value), void>::type boost::multiprecision::backends::eval_multiply<0ul, 0ul, (boost::multiprecision::cpp_integer_type)1, (boost::multiprecision::cpp_int_check_type)0, std::allocator<unsigned long long>, 0ul, 0ul, (boost::multiprecision::cpp_integer_type)1, (boost::multiprecision::cpp_int_check_type)0, std::allocator<unsigned long long> >(boost::multiprecision::backends::cpp_int_backend<0ul, 0ul, (boost::multiprecision::cpp_integer_type)1, (boost::multiprecision::cpp_int_check_type)0, std::allocator<unsigned long long> >&, boost::multiprecision::backends::cpp_int_backend<0ul, 0ul, (boost::multiprecision::cpp_integer_type)1, (boost::multiprecision::cpp_int_check_type)0, std::allocator<unsigned long long> > const&, unsigned long long const&)",0.22821576763485477,0.24896265560165975,11,22044088,24048096
ParallelRoam::Algorithms::GreedyTransactionalLod::QualityEvaluation::(anonymous namespace)::BinaryFloor(double),0.2074688796680498,0.6016597510373444,10,20040080,58116232
std::_Rb_tree_increment(std::_Rb_tree_node_base*),0.2074688796680498,0.2074688796680498,10,20040080,20040080
ParallelRoam::Algorithms::GreedyTransactionalLod::TransactionalQualitySampleEvidence::VisibilityAgrees(),0.18672199170124482,2.8215767634854774,9,18036072,272545088
__udivti3,0.18672199170124482,0.18672199170124482,9,18036072,18036072
"boost::multiprecision::backends::cpp_int_backend<0ul, 0ul, (boost::multiprecision::cpp_integer_type)1, (boost::multiprecision::cpp_int_check_type)0, std::allocator<unsigned long long> >::~cpp_int_backend()",0.18672199170124482,0.18672199170124482,9,18036072,18036072
cfree@GLIBC_2.2.5,0.18672199170124482,0.18672199170124482,9,18036072,18036072
"ParallelRoam::Algorithms::GreedyTransactionalLod::TransactionalSamples::Weights(unsigned int, ParallelRoam::Algorithms::GreedyTransactionalLod::Point const&, ParallelRoam::Algorithms::GreedyTransactionalLod::Point const&, ParallelRoam::Algorithms::GreedyTransactionalLod::Point const&, std::array<double, 3ul>&) const",0.16597510373443983,1.7427385892116183,8,16032064,168336672
__memmove_chk_avx512_unaligned_erms,0.16597510373443983,0.16597510373443983,8,16032064,16032064
_int_free_merge_chunk,0.16597510373443983,0.16597510373443983,8,16032064,16032064
"boost::multiprecision::backends::cpp_int_base<0ul, 18446744073709551615ul, (boost::multiprecision::cpp_integer_type)1, (boost::multiprecision::cpp_int_check_type)0, std::allocator<unsigned long long>, false>::assign(boost::multiprecision::backends::cpp_int_base<0ul, 18446744073709551615ul, (boost::multiprecision::cpp_integer_type)1, (boost::multiprecision::cpp_int_check_type)0, std::allocator<unsigned long long>, false> const&) [clone .part.0]",0.16597510373443983,0.16597510373443983,8,16032064,16032064
"boost::multiprecision::backends::rational_adaptor<boost::multiprecision::backends::cpp_int_backend<0ul, 0ul, (boost::multiprecision::cpp_integer_type)1, (boost::multiprecision::cpp_int_check_type)0, std::allocator<unsigned long long> > >::compare(boost::multiprecision::backends::rational_adaptor<boost::multiprecision::backends::cpp_int_backend<0ul, 0ul, (boost::multiprecision::cpp_integer_type)1, (boost::multiprecision::cpp_int_check_type)0, std::allocator<unsigned long long> > > const&) const",0.16597510373443983,0.3941908713692946,8,16032064,38076152
"boost::multiprecision::backends::rational_adaptor<boost::multiprecision::backends::cpp_int_backend<0ul, 0ul, (boost::multiprecision::cpp_integer_type)1, (boost::multiprecision::cpp_int_check_type)0, std::allocator<unsigned long long> > >::rational_adaptor<long long>(long long const&, std::enable_if<std::is_constructible<boost::multiprecision::backends::cpp_int_backend<0ul, 0ul, (boost::multiprecision::cpp_integer_type)1, (boost::multiprecision::cpp_int_check_type)0, std::allocator<unsigned long long> >, long long>::value&&(!std::is_floating_point<long long>::value), void>::type const*)",0.16597510373443983,0.22821576763485477,8,16032064,22044088
"void boost::multiprecision::backends::add_unsigned<boost::multiprecision::backends::cpp_int_backend<0ul, 0ul, (boost::multiprecision::cpp_integer_type)1, (boost::multiprecision::cpp_int_check_type)0, std::allocator<unsigned long long> >, boost::multiprecision::backends::cpp_int_backend<0ul, 0ul, (boost::multiprecision::cpp_integer_type)1, (boost::multiprecision::cpp_int_check_type)0, std::allocator<unsigned long long> > >(boost::multiprecision::backends::cpp_int_backend<0ul, 0ul, (boost::multiprecision::cpp_integer_type)1, (boost::multiprecision::cpp_int_check_type)0, std::allocator<unsigned long long> >&, boost::multiprecision::backends::cpp_int_backend<0ul, 0ul, (boost::multiprecision::cpp_integer_type)1, (boost::multiprecision::cpp_int_check_type)0, std::allocator<unsigned long long> > const&, unsigned long long const&)",0.16597510373443983,0.16597510373443983,8,16032064,16032064
"void boost::multiprecision::backends::eval_divide<boost::multiprecision::backends::cpp_int_backend<0ul, 0ul, (boost::multiprecision::cpp_integer_type)1, (boost::multiprecision::cpp_int_check_type)0, std::allocator<unsigned long long> > >(boost::multiprecision::backends::rational_adaptor<boost::multiprecision::backends::cpp_int_backend<0ul, 0ul, (boost::multiprecision::cpp_integer_type)1, (boost::multiprecision::cpp_int_check_type)0, std::allocator<unsigned long long> > >&, boost::multiprecision::backends::rational_adaptor<boost::multiprecision::backends::cpp_int_backend<0ul, 0ul, (boost::multiprecision::cpp_integer_type)1, (boost::multiprecision::cpp_int_check_type)0, std::allocator<unsigned long long> > > const&)",0.16597510373443983,2.1576763485477177,8,16032064,208416832
"ParallelRoam::Algorithms::GreedyTransactionalLod::QualityEvaluation::VisibleBounds(ParallelRoam::Algorithms::GreedyTransactionalLod::Configuration const&, std::array<ParallelRoam::Algorithms::GreedyTransactionalLod::QualityEvaluation::Interval, 4ul> const&)",0.14522821576763487,0.14522821576763487,7,14028056,14028056
ParallelRoam::Algorithms::GreedyTransactionalLod::ReceiverCursor::Next(ParallelRoam::Algorithms::GreedyTransactionalLod::WorkLedger*),0.14522821576763487,4.024896265560166,7,14028056,388777552
ParallelRoam::Algorithms::GreedyTransactionalLod::TransactionalQualitySampleEvidence::CoordinateBounds(),0.14522821576763487,4.253112033195021,7,14028056,410821640
"ParallelRoam::Algorithms::GreedyTransactionalLod::TransactionalSourceHeightReceiver::Prepare[abi:cxx11](ParallelRoam::Algorithms::GreedyTransactionalLod::TransactionalState const&, ParallelRoam::Algorithms::GreedyTransactionalLod::TransactionalSamples const&, ParallelRoam::Algorithms::GreedyTransactionalLod::Proposal&, ParallelRoam::Algorithms::GreedyTransactionalLod::WorkLedger&)",0.14522821576763487,2.883817427385892,7,14028056,278557112
__libc_malloc2,0.14522821576763487,0.4979253112033195,7,14028056,48096192
"boost::multiprecision::backends::rational_adaptor<boost::multiprecision::backends::cpp_int_backend<0ul, 0ul, (boost::multiprecision::cpp_integer_type)1, (boost::multiprecision::cpp_int_check_type)0, std::allocator<unsigned long long> > >::rational_adaptor<unsigned long long>(unsigned long long const&, std::enable_if<std::is_constructible<boost::multiprecision::backends::cpp_int_backend<0ul, 0ul, (boost::multiprecision::cpp_integer_type)1, (boost::multiprecision::cpp_int_check_type)0, std::allocator<unsigned long long> >, unsigned long long>::value&&(!std::is_floating_point<unsigned long long>::value), void>::type const*)",0.14522821576763487,0.18672199170124482,7,14028056,18036072
"std::_Rb_tree_insert_and_rebalance(bool, std::_Rb_tree_node_base*, std::_Rb_tree_node_base*, std::_Rb_tree_node_base&)",0.14522821576763487,0.14522821576763487,7,14028056,14028056
"std::array<boost::multiprecision::number<boost::multiprecision::backends::rational_adaptor<boost::multiprecision::backends::cpp_int_backend<0ul, 0ul, (boost::multiprecision::cpp_integer_type)1, (boost::multiprecision::cpp_int_check_type)0, std::allocator<unsigned long long> > >, (boost::multiprecision::expression_template_option)1>, 2ul> ParallelRoam::Algorithms::GreedyTransactionalLod::QualityEvaluation::Coordinate<boost::multiprecision::number<boost::multiprecision::backends::rational_adaptor<boost::multiprecision::backends::cpp_int_backend<0ul, 0ul, (boost::multiprecision::cpp_integer_type)1, (boost::multiprecision::cpp_int_check_type)0, std::allocator<unsigned long long> > >, (boost::multiprecision::expression_template_option)1> >(std::array<boost::multiprecision::number<boost::multiprecision::backends::rational_adaptor<boost::multiprecision::backends::cpp_int_backend<0ul, 0ul, (boost::multiprecision::cpp_integer_type)1, (boost::multiprecision::cpp_int_check_type)0, std::allocator<unsigned long long> > >, (boost::multiprecision::expression_template_option)1>, 3ul> const&, ParallelRoam::Algorithms::GreedyTransactionalLod::Configuration const&, bool)",0.14522821576763487,2.095435684647303,7,14028056,202404808
"void std::__introsort_loop<__gnu_cxx::__normal_iterator<std::pair<double, long>*, std::vector<std::pair<double, long>, std::allocator<std::pair<double, long> > > >, long, __gnu_cxx::__ops::_Iter_comp_iter<ParallelRoam::Algorithms::GreedyTransactionalLod::TransactionalPriorityIndex<std::pair<double, long> >::Sort(std::vector<std::pair<double, long>, std::allocator<std::pair<double, long> > >&, ParallelRoam::Algorithms::GreedyTransactionalLod::WorkLedger&)::{lambda(std::pair<double, long> const&, std::pair<double, long> const&)#1}> >(__gnu_cxx::__normal_iterator<std::pair<double, long>*, std::vector<std::pair<double, long>, std::allocator<std::pair<double, long> > > >, __gnu_cxx::__normal_iterator<std::pair<double, long>*, std::vector<std::pair<double, long>, std::allocator<std::pair<double, long> > > >, long, __gnu_cxx::__ops::_Iter_comp_iter<ParallelRoam::Algorithms::GreedyTransactionalLod::TransactionalPriorityIndex<std::pair<double, long> >::Sort(std::vector<std::pair<double, long>, std::allocator<std::pair<double, long> > >&, ParallelRoam::Algorithms::GreedyTransactionalLod::WorkLedger&)::{lambda(std::pair<double, long> const&, std::pair<double, long> const&)#1}>)",0.14522821576763487,0.14522821576763487,7,14028056,14028056
ParallelRoam::Algorithms::GreedyTransactionalLod::QualityEvaluation::Finite(ParallelRoam::Algorithms::GreedyTransactionalLod::QualityEvaluation::Interval),0.12448132780082988,0.12448132780082988,6,12024048,12024048
"ParallelRoam::Algorithms::GreedyTransactionalLod::TransactionalPointwiseQuality::ValidateBatch(ParallelRoam::Algorithms::GreedyTransactionalLod::TransactionalState const&, ParallelRoam::Algorithms::GreedyTransactionalLod::TransactionalSamples const&, ParallelRoam::Algorithms::GreedyTransactionalLod::CertifiedBatch const&, ParallelRoam::Algorithms::GreedyTransactionalLod::WorkLedger&)::{lambda(ParallelRoam::Algorithms::GreedyTransactionalLod::Proposal const&, bool)#1}::operator()(ParallelRoam::Algorithms::GreedyTransactionalLod::Proposal const&, bool) const",0.12448132780082988,0.3941908713692946,6,12024048,38076152
"ParallelRoam::Algorithms::GreedyTransactionalLod::TransactionalPredicates::Shape(ParallelRoam::Algorithms::GreedyTransactionalLod::Point const&, ParallelRoam::Algorithms::GreedyTransactionalLod::Point const&, ParallelRoam::Algorithms::GreedyTransactionalLod::Point const&)",0.12448132780082988,2.5726141078838176,6,12024048,248496992
"ParallelRoam::Algorithms::GreedyTransactionalLod::TransactionalQualityFaceEvidence::Coefficients<boost::multiprecision::number<boost::multiprecision::backends::rational_adaptor<boost::multiprecision::backends::cpp_int_backend<0ul, 0ul, (boost::multiprecision::cpp_integer_type)1, (boost::multiprecision::cpp_int_check_type)0, std::allocator<unsigned long long> > >, (boost::multiprecision::expression_template_option)1> > ParallelRoam::Algorithms::GreedyTransactionalLod::TransactionalQualityFaceEvidence::Prepare<boost::multiprecision::number<boost::multiprecision::backends::rational_adaptor<boost::multiprecision::backends::cpp_int_backend<0ul, 0ul, (boost::multiprecision::cpp_integer_type)1, (boost::multiprecision::cpp_int_check_type)0, std::allocator<unsigned long long> > >, (boost::multiprecision::expression_template_option)1> >() const",0.12448132780082988,0.8298755186721992,6,12024048,80160320
ParallelRoam::Algorithms::GreedyTransactionalLod::TransactionalQualitySampleEvidence::ExactReference(),0.12448132780082988,6.348547717842323,6,12024048,613226448
ParallelRoam::Algorithms::GreedyTransactionalLod::TransactionalQualityFaceEvidence::Exact(),0.1037344398340249,0.9543568464730291,5,10020040,92184368
ParallelRoam::Algorithms::GreedyTransactionalLod::TransactionalQualitySampleEvidence::ExactCoordinate(),0.1037344398340249,8.485477178423237,5,10020040,819639272
__memset_avx512_unaligned,0.1037344398340249,0.1037344398340249,5,10020040,10020040
_int_free_chunk,0.1037344398340249,0.2697095435684647,5,10020040,26052104
"auto ParallelRoam::Algorithms::GreedyTransactionalLod::TransactionalReservation::Plan(ParallelRoam::Algorithms::GreedyTransactionalLod::TransactionalState const&, ParallelRoam::Algorithms::GreedyTransactionalLod::TransactionalSamples const&, ParallelRoam::Algorithms::GreedyTransactionalLod::WorkLedger&, ParallelRoam::Algorithms::GreedyTransactionalLod::TransactionalExecution const&, ParallelRoam::Algorithms::GreedyTransactionalLod::TransactionalRejectionHints const*, std::vector<ParallelRoam::Algorithms::GreedyTransactionalLod::RejectionHint, std::allocator<ParallelRoam::Algorithms::GreedyTransactionalLod::RejectionHint> >*)::{lambda(auto:1, auto:2, ParallelRoam::Algorithms::GreedyTransactionalLod::WorkLedger&)#1}::operator()<unsigned long, unsigned long>(unsigned long, unsigned long, ParallelRoam::Algorithms::GreedyTransactionalLod::WorkLedger&) const",0.1037344398340249,83.00829875518673,5,10020040,8018036008
malloc,0.1037344398340249,0.1037344398340249,5,10020040,10020040
operator new(unsigned long),0.1037344398340249,0.6016597510373444,5,10020040,58116232
"std::enable_if<!boost::multiprecision::backends::is_trivial_cpp_int<boost::multiprecision::backends::cpp_int_backend<0ul, 0ul, (boost::multiprecision::cpp_integer_type)1, (boost::multiprecision::cpp_int_check_type)0, std::allocator<unsigned long long> > >::value, unsigned long>::type boost::multiprecision::backends::eval_msb<0ul, 0ul, (boost::multiprecision::cpp_integer_type)1, (boost::multiprecision::cpp_int_check_type)0, std::allocator<unsigned long long> >(boost::multiprecision::backends::cpp_int_backend<0ul, 0ul, (boost::multiprecision::cpp_integer_type)1, (boost::multiprecision::cpp_int_check_type)0, std::allocator<unsigned long long> > const&)",0.1037344398340249,0.1037344398340249,5,10020040,10020040
"std::optional<boost::multiprecision::number<boost::multiprecision::backends::rational_adaptor<boost::multiprecision::backends::cpp_int_backend<0ul, 0ul, (boost::multiprecision::cpp_integer_type)1, (boost::multiprecision::cpp_int_check_type)0, std::allocator<unsigned long long> > >, (boost::multiprecision::expression_template_option)1> > ParallelRoam::Algorithms::GreedyTransactionalLod::QualityEvaluation::ScreenPrepared<boost::multiprecision::number<boost::multiprecision::backends::rational_adaptor<boost::multiprecision::backends::cpp_int_backend<0ul, 0ul, (boost::multiprecision::cpp_integer_type)1, (boost::multiprecision::cpp_int_check_type)0, std::allocator<unsigned long long> > >, (boost::multiprecision::expression_template_option)1> >(ParallelRoam::Algorithms::GreedyTransactionalLod::Configuration const&, std::array<boost::multiprecision::number<boost::multiprecision::backends::rational_adaptor<boost::multiprecision::backends::cpp_int_backend<0ul, 0ul, (boost::multiprecision::cpp_integer_type)1, (boost::multiprecision::cpp_int_check_type)0, std::allocator<unsigned long long> > >, (boost::multiprecision::expression_template_option)1>, 3ul> const&, std::array<boost::multiprecision::number<boost::multiprecision::backends::rational_adaptor<boost::multiprecision::backends::cpp_int_backend<0ul, 0ul, (boost::multiprecision::cpp_integer_type)1, (boost::multiprecision::cpp_int_check_type)0, std::allocator<unsigned long long> > >, (boost::multiprecision::expression_template_option)1>, 4ul> const&, boost::multiprecision::number<boost::multiprecision::backends::rational_adaptor<boost::multiprecision::backends::cpp_int_backend<0ul, 0ul, (boost::multiprecision::cpp_integer_type)1, (boost::multiprecision::cpp_int_check_type)0, std::allocator<unsigned long long> > >, (boost::multiprecision::expression_template_option)1> const&)",0.1037344398340249,10.663900414937759,5,10020040,1030060112
unlink_chunk.isra.0,0.1037344398340249,0.1037344398340249,5,10020040,10020040
"ParallelRoam::Algorithms::GreedyTransactionalLod::QualityEvaluation::Area(std::array<ParallelRoam::Algorithms::GreedyTransactionalLod::Point, 3ul> const&)",0.08298755186721991,1.3692946058091287,4,8016032,132264528
"ParallelRoam::Algorithms::GreedyTransactionalLod::QualityEvaluation::Faces(ParallelRoam::Algorithms::GreedyTransactionalLod::TransactionalState const&, ParallelRoam::Algorithms::GreedyTransactionalLod::Proposal const&, bool, bool)",0.08298755186721991,0.12448132780082988,4,8016032,12024048
"ParallelRoam::Algorithms::GreedyTransactionalLod::TransactionalSamples::BuildOrders(ParallelRoam::Algorithms::GreedyTransactionalLod::TransactionalState const&, std::vector<double, std::allocator<double> > const&, std::vector<std::optional<std::tuple<double, long, unsigned int> >, std::allocator<std::optional<std::tuple<double, long, unsigned int> > > >, ParallelRoam::Algorithms::GreedyTransactionalLod::TransactionalPriorityIndex<std::tuple<double, long, unsigned int> >&, ParallelRoam::Algorithms::GreedyTransactionalLod::TransactionalPriorityIndex<std::pair<double, long> >&, ParallelRoam::Algorithms::GreedyTransactionalLod::WorkLedger&)",0.08298755186721991,0.16597510373443983,4,8016032,16032064
__memcmp_evex_movbe,0.08298755186721991,0.08298755186721991,4,8016032,8016032
"boost::multiprecision::backends::cpp_int_base<0ul, 18446744073709551615ul, (boost::multiprecision::cpp_integer_type)1, (boost::multiprecision::cpp_int_check_type)0, std::allocator<unsigned long long>, false>::cpp_int_base(boost::multiprecision::backends::cpp_int_base<0ul, 18446744073709551615ul, (boost::multiprecision::cpp_integer_type)1, (boost::multiprecision::cpp_int_check_type)0, std::allocator<unsigned long long>, false>&&)",0.08298755186721991,0.08298755186721991,4,8016032,8016032
"ParallelRoam::Algorithms::GreedyTransactionalLod::QualityEvaluation::AddBinaryBounds(double, double, boost::multiprecision::number<boost::multiprecision::backends::cpp_int_backend<0ul, 0ul, (boost::multiprecision::cpp_integer_type)1, (boost::multiprecision::cpp_int_check_type)0, std::allocator<unsigned long long> >, (boost::multiprecision::expression_template_option)1>&, boost::multiprecision::number<boost::multiprecision::backends::cpp_int_backend<0ul, 0ul, (boost::multiprecision::cpp_integer_type)1, (boost::multiprecision::cpp_int_check_type)0, std::allocator<unsigned long long> >, (boost::multiprecision::expression_template_option)1>&)",0.06224066390041494,0.8921161825726142,3,6012024,86172344
"ParallelRoam::Algorithms::GreedyTransactionalLod::TransactionalPriorityIndex<std::tuple<double, long, unsigned int> >::PrepareRepair(std::map<unsigned int, std::optional<std::tuple<double, long, unsigned int> >, std::less<unsigned int>, std::allocator<std::pair<unsigned int const, std::optional<std::tuple<double, long, unsigned int> > > > >, unsigned long, ParallelRoam::Algorithms::GreedyTransactionalLod::WorkLedger&)",0.06224066390041494,0.06224066390041494,3,6012024,6012024
ParallelRoam::Algorithms::GreedyTransactionalLod::TransactionalQualityFaceEvidence::Coefficients<ParallelRoam::Algorithms::GreedyTransactionalLod::QualityEvaluation::Interval> ParallelRoam::Algorithms::GreedyTransactionalLod::TransactionalQualityFaceEvidence::Prepare<ParallelRoam::Algorithms::GreedyTransactionalLod::QualityEvaluation::Interval>() const,0.06224066390041494,0.06224066390041494,3,6012024,6012024
"ParallelRoam::Algorithms::GreedyTransactionalLod::TransactionalQualityFaceEvidence::ExactSide(unsigned long, std::array<boost::multiprecision::number<boost::multiprecision::backends::rational_adaptor<boost::multiprecision::backends::cpp_int_backend<0ul, 0ul, (boost::multiprecision::cpp_integer_type)1, (boost::multiprecision::cpp_int_check_type)0, std::allocator<unsigned long long> > >, (boost::multiprecision::expression_template_option)1>, 2ul> const&)",0.06224066390041494,3.3817427385892116,3,6012024,326653304
ParallelRoam::Algorithms::GreedyTransactionalLod::TransactionalState::Face(unsigned int) const,0.06224066390041494,0.06224066390041494,3,6012024,6012024
ParallelRoam::Algorithms::GreedyTransactionalLod::WorkLedger::Touch(),0.06224066390041494,0.6224066390041494,3,6012024,60120240
__memcpy_chk@plt,0.06224066390041494,0.06224066390041494,3,6012024,6012024
__memset_avx512_unaligned_erms,0.06224066390041494,0.06224066390041494,3,6012024,6012024
"boost::multiprecision::number<boost::multiprecision::backends::rational_adaptor<boost::multiprecision::backends::cpp_int_backend<0ul, 0ul, (boost::multiprecision::cpp_integer_type)1, (boost::multiprecision::cpp_int_check_type)0, std::allocator<unsigned long long> > >, (boost::multiprecision::expression_template_option)1> ParallelRoam::Algorithms::GreedyTransactionalLod::TransactionalQualityFaceEvidence::Interpolate<boost::multiprecision::number<boost::multiprecision::backends::rational_adaptor<boost::multiprecision::backends::cpp_int_backend<0ul, 0ul, (boost::multiprecision::cpp_integer_type)1, (boost::multiprecision::cpp_int_check_type)0, std::allocator<unsigned long long> > >, (boost::multiprecision::expression_template_option)1> >(ParallelRoam::Algorithms::GreedyTransactionalLod::TransactionalQualityFaceEvidence::Coefficients<boost::multiprecision::number<boost::multiprecision::backends::rational_adaptor<boost::multiprecision::backends::cpp_int_backend<0ul, 0ul, (boost::multiprecision::cpp_integer_type)1, (boost::multiprecision::cpp_int_check_type)0, std::allocator<unsigned long long> > >, (boost::multiprecision::expression_template_option)1> > const&, std::array<boost::multiprecision::number<boost::multiprecision::backends::rational_adaptor<boost::multiprecision::backends::cpp_int_backend<0ul, 0ul, (boost::multiprecision::cpp_integer_type)1, (boost::multiprecision::cpp_int_check_type)0, std::allocator<unsigned long long> > >, (boost::multiprecision::expression_template_option)1>, 2ul> const&)",0.06224066390041494,1.5560165975103735,3,6012024,150300600
ldexpl@plt,0.06224066390041494,0.06224066390041494,3,6012024,6012024
"std::_Rb_tree<std::tuple<char, long, long>, std::tuple<char, long, long>, std::_Identity<std::tuple<char, long, long> >, std::less<std::tuple<char, long, long> >, std::allocator<std::tuple<char, long, long> > >::find(std::tuple<char, long, long> const&) const",0.06224066390041494,0.06224066390041494,3,6012024,6012024
std::_Rb_tree_decrement(std::_Rb_tree_node_base*),0.06224066390041494,0.06224066390041494,3,6012024,6012024
"std::pair<std::_Rb_tree_iterator<long>, bool> std::_Rb_tree<long, long, std::_Identity<long>, std::less<long>, std::allocator<long> >::_M_insert_unique<long const&>(long const&)",0.06224066390041494,0.06224066390041494,3,6012024,6012024
"ParallelRoam::Algorithms::GreedyTransactionalLod::PreparedTopology::Geometry(ParallelRoam::Algorithms::GreedyTransactionalLod::TransactionalState const&, long) const",0.04149377593360996,0.04149377593360996,2,4008016,4008016
"ParallelRoam::Algorithms::GreedyTransactionalLod::QualityEvaluation::AddBounds(boost::multiprecision::number<boost::multiprecision::backends::rational_adaptor<boost::multiprecision::backends::cpp_int_backend<0ul, 0ul, (boost::multiprecision::cpp_integer_type)1, (boost::multiprecision::cpp_int_check_type)0, std::allocator<unsigned long long> > >, (boost::multiprecision::expression_template_option)1> const&, boost::multiprecision::number<boost::multiprecision::backends::rational_adaptor<boost::multiprecision::backends::cpp_int_backend<0ul, 0ul, (boost::multiprecision::cpp_integer_type)1, (boost::multiprecision::cpp_int_check_type)0, std::allocator<unsigned long long> > >, (boost::multiprecision::expression_template_option)1> const&, boost::multiprecision::number<boost::multiprecision::backends::cpp_int_backend<0ul, 0ul, (boost::multiprecision::cpp_integer_type)1, (boost::multiprecision::cpp_int_check_type)0, std::allocator<unsigned long long> >, (boost::multiprecision::expression_template_option)1>&, boost::multiprecision::number<boost::multiprecision::backends::cpp_int_backend<0ul, 0ul, (boost::multiprecision::cpp_integer_type)1, (boost::multiprecision::cpp_int_check_type)0, std::allocator<unsigned long long> >, (boost::multiprecision::expression_template_option)1>&)::{lambda(boost::multiprecision::number<boost::multiprecision::backends::rational_adaptor<boost::multiprecision::backends::cpp_int_backend<0ul, 0ul, (boost::multiprecision::cpp_integer_type)1, (boost::multiprecision::cpp_int_check_type)0, std::allocator<unsigned long long> > >, (boost::multiprecision::expression_template_option)1> const&)#1}::operator()(boost::multiprecision::number<boost::multiprecision::backends::rational_adaptor<boost::multiprecision::backends::cpp_int_backend<0ul, 0ul, (boost::multiprecision::cpp_integer_type)1, (boost::multiprecision::cpp_int_check_type)0, std::allocator<unsigned long long> > >, (boost::multiprecision::expression_template_option)1> const&) const [clone .isra.0]",0.04149377593360996,0.04149377593360996,2,4008016,4008016
"ParallelRoam::Algorithms::GreedyTransactionalLod::QualityEvaluation::operator/(ParallelRoam::Algorithms::GreedyTransactionalLod::QualityEvaluation::Interval, ParallelRoam::Algorithms::GreedyTransactionalLod::QualityEvaluation::Interval)",0.04149377593360996,0.04149377593360996,2,4008016,4008016
"ParallelRoam::Algorithms::GreedyTransactionalLod::TransactionalHeightRejection::ProvesDamage(ParallelRoam::Algorithms::GreedyTransactionalLod::QualityEvaluation::Interval const&, ParallelRoam::Algorithms::GreedyTransactionalLod::QualityEvaluation::Interval const&, ParallelRoam::Algorithms::GreedyTransactionalLod::QualityEvaluation::Interval const&)",0.04149377593360996,0.04149377593360996,2,4008016,4008016
"ParallelRoam::Algorithms::GreedyTransactionalLod::TransactionalPointwiseQuality::ValidateBatch(ParallelRoam::Algorithms::GreedyTransactionalLod::TransactionalState const&, ParallelRoam::Algorithms::GreedyTransactionalLod::TransactionalSamples const&, ParallelRoam::Algorithms::GreedyTransactionalLod::CertifiedBatch const&, ParallelRoam::Algorithms::GreedyTransactionalLod::WorkLedger&)",0.04149377593360996,0.9336099585062241,2,4008016,90180360
"ParallelRoam::Algorithms::GreedyTransactionalLod::TransactionalPriorityIndex<std::pair<double, long> >::PrepareRepair(std::map<unsigned int, std::optional<std::pair<double, long> >, std::less<unsigned int>, std::allocator<std::pair<unsigned int const, std::optional<std::pair<double, long> > > > >, unsigned long, ParallelRoam::Algorithms::GreedyTransactionalLod::WorkLedger&)",0.04149377593360996,0.12448132780082988,2,4008016,12024048
"ParallelRoam::Algorithms::GreedyTransactionalLod::TransactionalPriorityIndex<std::tuple<double, long, unsigned int> >::Prefix(unsigned long, ParallelRoam::Algorithms::GreedyTransactionalLod::WorkLedger*) const",0.04149377593360996,0.04149377593360996,2,4008016,4008016
ParallelRoam::Algorithms::GreedyTransactionalLod::TransactionalQualitySampleEvidence::ExactClip(),0.04149377593360996,4.626556016597511,2,4008016,446893784
"ParallelRoam::Algorithms::GreedyTransactionalLod::TransactionalQualitySampleEvidence::TransactionalQualitySampleEvidence(ParallelRoam::Algorithms::GreedyTransactionalLod::TransactionalState const&, ParallelRoam::Algorithms::GreedyTransactionalLod::TransactionalSamples const&, unsigned int, bool, ParallelRoam::Algorithms::GreedyTransactionalLod::QualityEvidenceWork*)",0.04149377593360996,0.04149377593360996,2,4008016,4008016
"ParallelRoam::Algorithms::GreedyTransactionalLod::TransactionalRejectionHints::Find(long, char, unsigned long) const",0.04149377593360996,0.04149377593360996,2,4008016,4008016
"ParallelRoam::Algorithms::GreedyTransactionalLod::TransactionalReservation::Conflict(ParallelRoam::Algorithms::GreedyTransactionalLod::TransactionFootprint const&, ParallelRoam::Algorithms::GreedyTransactionalLod::TransactionFootprint const&)",0.04149377593360996,0.04149377593360996,2,4008016,4008016
"ParallelRoam::Algorithms::GreedyTransactionalLod::TransactionalSamples::BoxCandidates(double, double, double, double, ParallelRoam::Algorithms::GreedyTransactionalLod::WorkLedger&) const",0.04149377593360996,0.33195020746887965,2,4008016,32064128
"ParallelRoam::Algorithms::GreedyTransactionalLod::TransactionalSamples::Enumerate(std::array<ParallelRoam::Algorithms::GreedyTransactionalLod::Point, 3ul> const&, ParallelRoam::Algorithms::GreedyTransactionalLod::WorkLedger&) const",0.04149377593360996,1.8464730290456433,2,4008016,178356712
"ParallelRoam::Algorithms::GreedyTransactionalLod::TransactionalSamples::SourceHeight(unsigned int, unsigned int, double) const",0.04149377593360996,0.04149377593360996,2,4008016,4008016
"ParallelRoam::Algorithms::GreedyTransactionalLod::TransactionalSamples::StoredWeights(unsigned int, ParallelRoam::Algorithms::GreedyTransactionalLod::Point const&, ParallelRoam::Algorithms::GreedyTransactionalLod::Point const&, ParallelRoam::Algorithms::GreedyTransactionalLod::Point const&) const",0.04149377593360996,0.04149377593360996,2,4008016,4008016
__udivmodti4,0.04149377593360996,0.04149377593360996,2,4008016,4008016
__udivti3@plt,0.04149377593360996,0.04149377593360996,2,4008016,4008016
"boost::multiprecision::backends::cpp_int_base<0ul, 18446744073709551615ul, (boost::multiprecision::cpp_integer_type)1, (boost::multiprecision::cpp_int_check_type)0, std::allocator<unsigned long long>, false>::resize(unsigned long, unsigned long) [clone .constprop.0]",0.04149377593360996,0.04149377593360996,2,4008016,4008016
clock_gettime@@GLIBC_2.17,0.04149377593360996,0.6016597510373444,2,4008016,58116232
frexpl@plt,0.04149377593360996,0.04149377593360996,2,4008016,4008016
operator delete(void*),0.04149377593360996,0.04149377593360996,2,4008016,4008016
"std::_Rb_tree<unsigned int, std::pair<unsigned int const, ParallelRoam::Algorithms::GreedyTransactionalLod::SampleValue>, std::_Select1st<std::pair<unsigned int const, ParallelRoam::Algorithms::GreedyTransactionalLod::SampleValue> >, std::less<unsigned int>, std::allocator<std::pair<unsigned int const, ParallelRoam::Algorithms::GreedyTransactionalLod::SampleValue> > >::_M_get_insert_hint_unique_pos(std::_Rb_tree_const_iterator<std::pair<unsigned int const, ParallelRoam::Algorithms::GreedyTransactionalLod::SampleValue> >, unsigned int const&) [clone .isra.0]",0.04149377593360996,0.04149377593360996,2,4008016,4008016
"std::_Rb_tree_insert_and_rebalance(bool, std::_Rb_tree_node_base*, std::_Rb_tree_node_base*, std::_Rb_tree_node_base&)@plt",0.04149377593360996,0.04149377593360996,2,4008016,4008016
"std::__cxx11::basic_string<char, std::char_traits<char>, std::allocator<char> >::basic_string<std::allocator<char> >(char const*, std::allocator<char> const&) [clone .constprop.0]",0.04149377593360996,0.04149377593360996,2,4008016,4008016
std::chrono::_V2::steady_clock::now(),0.04149377593360996,0.6016597510373444,2,4008016,58116232
"std::enable_if<!boost::multiprecision::backends::is_trivial_cpp_int<boost::multiprecision::backends::cpp_int_backend<0ul, 0ul, (boost::multiprecision::cpp_integer_type)1, (boost::multiprecision::cpp_int_check_type)0, std::allocator<unsigned long long> > >::value, void>::type boost::multiprecision::backends::eval_right_shift<0ul, 0ul, (boost::multiprecision::cpp_int_check_type)0, std::allocator<unsigned long long> >(boost::multiprecision::backends::cpp_int_backend<0ul, 0ul, (boost::multiprecision::cpp_integer_type)1, (boost::multiprecision::cpp_int_check_type)0, std::allocator<unsigned long long> >&, unsigned __int128)",0.04149377593360996,0.04149377593360996,2,4008016,4008016
"std::map<std::__cxx11::basic_string<char, std::char_traits<char>, std::allocator<char> >, unsigned long, std::less<std::__cxx11::basic_string<char, std::char_traits<char>, std::allocator<char> > >, std::allocator<std::pair<std::__cxx11::basic_string<char, std::char_traits<char>, std::allocator<char> > const, unsigned long> > >::operator[](std::__cxx11::basic_string<char, std::char_traits<char>, std::allocator<char> >&&)",0.04149377593360996,0.04149377593360996,2,4008016,4008016
"void boost::multiprecision::number<boost::multiprecision::backends::rational_adaptor<boost::multiprecision::backends::cpp_int_backend<0ul, 0ul, (boost::multiprecision::cpp_integer_type)1, (boost::multiprecision::cpp_int_check_type)0, std::allocator<unsigned long long> > >, (boost::multiprecision::expression_template_option)1>::do_assign<boost::multiprecision::detail::expression<boost::multiprecision::detail::multiplies, boost::multiprecision::detail::expression<boost::multiprecision::detail::subtract_immediates, boost::multiprecision::number<boost::multiprecision::backends::rational_adaptor<boost::multiprecision::backends::cpp_int_backend<0ul, 0ul, (boost::multiprecision::cpp_integer_type)1, (boost::multiprecision::cpp_int_check_type)0, std::allocator<unsigned long long> > >, (boost::multiprecision::expression_template_option)1>, boost::multiprecision::number<boost::multiprecision::backends::rational_adaptor<boost::multiprecision::backends::cpp_int_backend<0ul, 0ul, (boost::multiprecision::cpp_integer_type)1, (boost::multiprecision::cpp_int_check_type)0, std::allocator<unsigned long long> > >, (boost::multiprecision::expression_template_option)1>, void, void>, boost::multiprecision::detail::expression<boost::multiprecision::detail::subtract_immediates, boost::multiprecision::number<boost::multiprecision::backends::rational_adaptor<boost::multiprecision::backends::cpp_int_backend<0ul, 0ul, (boost::multiprecision::cpp_integer_type)1, (boost::multiprecision::cpp_int_check_type)0, std::allocator<unsigned long long> > >, (boost::multiprecision::expression_template_option)1>, boost::multiprecision::number<boost::multiprecision::backends::rational_adaptor<boost::multiprecision::backends::cpp_int_backend<0ul, 0ul, (boost::multiprecision::cpp_integer_type)1, (boost::multiprecision::cpp_int_check_type)0, std::allocator<unsigned long long> > >, (boost::multiprecision::expression_template_option)1>, void, void>, void, void> >(boost::multiprecision::detail::expression<boost::multiprecision::detail::multiplies, boost::multiprecision::detail::expression<boost::multiprecision::detail::subtract_immediates, boost::multiprecision::number<boost::multiprecision::backends::rational_adaptor<boost::multiprecision::backends::cpp_int_backend<0ul, 0ul, (boost::multiprecision::cpp_integer_type)1, (boost::multiprecision::cpp_int_check_type)0, std::allocator<unsigned long long> > >, (boost::multiprecision::expression_template_option)1>, boost::multiprecision::number<boost::multiprecision::backends::rational_adaptor<boost::multiprecision::backends::cpp_int_backend<0ul, 0ul, (boost::multiprecision::cpp_integer_type)1, (boost::multiprecision::cpp_int_check_type)0, std::allocator<unsigned long long> > >, (boost::multiprecision::expression_template_option)1>, void, void>, boost::multiprecision::detail::expression<boost::multiprecision::detail::subtract_immediates, boost::multiprecision::number<boost::multiprecision::backends::rational_adaptor<boost::multiprecision::backends::cpp_int_backend<0ul, 0ul, (boost::multiprecision::cpp_integer_type)1, (boost::multiprecision::cpp_int_check_type)0, std::allocator<unsigned long long> > >, (boost::multiprecision::expression_template_option)1>, boost::multiprecision::number<boost::multiprecision::backends::rational_adaptor<boost::multiprecision::backends::cpp_int_backend<0ul, 0ul, (boost::multiprecision::cpp_integer_type)1, (boost::multiprecision::cpp_int_check_type)0, std::allocator<unsigned long long> > >, (boost::multiprecision::expression_template_option)1>, void, void>, void, void> const&, boost::multiprecision::detail::multiplies const&) [clone .isra.0]",0.04149377593360996,0.47717842323651455,2,4008016,46092184
ParallelRoam::Algorithms::GreedyTransactionalLod::(anonymous namespace)::QualityWork::~QualityWork(),0.02074688796680498,0.16597510373443983,1,2004008,16032064
"ParallelRoam::Algorithms::GreedyTransactionalLod::QualityEvaluation::AddBounds(boost::multiprecision::number<boost::multiprecision::backends::rational_adaptor<boost::multiprecision::backends::cpp_int_backend<0ul, 0ul, (boost::multiprecision::cpp_integer_type)1, (boost::multiprecision::cpp_int_check_type)0, std::allocator<unsigned long long> > >, (boost::multiprecision::expression_template_option)1> const&, boost::multiprecision::number<boost::multiprecision::backends::rational_adaptor<boost::multiprecision::backends::cpp_int_backend<0ul, 0ul, (boost::multiprecision::cpp_integer_type)1, (boost::multiprecision::cpp_int_check_type)0, std::allocator<unsigned long long> > >, (boost::multiprecision::expression_template_option)1> const&, boost::multiprecision::number<boost::multiprecision::backends::cpp_int_backend<0ul, 0ul, (boost::multiprecision::cpp_integer_type)1, (boost::multiprecision::cpp_int_check_type)0, std::allocator<unsigned long long> >, (boost::multiprecision::expression_template_option)1>&, boost::multiprecision::number<boost::multiprecision::backends::cpp_int_backend<0ul, 0ul, (boost::multiprecision::cpp_integer_type)1, (boost::multiprecision::cpp_int_check_type)0, std::allocator<unsigned long long> >, (boost::multiprecision::expression_template_option)1>&)",0.02074688796680498,0.04149377593360996,1,2004008,4008016
"ParallelRoam::Algorithms::GreedyTransactionalLod::TransactionalCommit::Prepare(ParallelRoam::Algorithms::GreedyTransactionalLod::TransactionalState&, ParallelRoam::Algorithms::GreedyTransactionalLod::CertifiedBatch const&, ParallelRoam::Algorithms::GreedyTransactionalLod::WorkLedger&, ParallelRoam::Algorithms::GreedyTransactionalLod::TransactionalExecution const&, ParallelRoam::Algorithms::GreedyTransactionalLod::HeightSource const*)",0.02074688796680498,0.1037344398340249,1,2004008,10020040
"ParallelRoam::Algorithms::GreedyTransactionalLod::TransactionalPriorityIndex<std::pair<double, long> >::Prefix(unsigned long, ParallelRoam::Algorithms::GreedyTransactionalLod::WorkLedger*) const",0.02074688796680498,0.02074688796680498,1,2004008,2004008
"ParallelRoam::Algorithms::GreedyTransactionalLod::TransactionalQualityFaceEvidence::HeightBounds(std::array<ParallelRoam::Algorithms::GreedyTransactionalLod::QualityEvaluation::Interval, 2ul> const&)",0.02074688796680498,0.02074688796680498,1,2004008,2004008
ParallelRoam::Algorithms::GreedyTransactionalLod::TransactionalQualitySampleEvidence::ClipBounds(),0.02074688796680498,0.02074688796680498,1,2004008,2004008
"ParallelRoam::Algorithms::GreedyTransactionalLod::TransactionalReservation::Footprint(ParallelRoam::Algorithms::GreedyTransactionalLod::TransactionalState const&, ParallelRoam::Algorithms::GreedyTransactionalLod::Proposal const&)",0.02074688796680498,0.04149377593360996,1,2004008,4008016
"ParallelRoam::Algorithms::GreedyTransactionalLod::TransactionalSamples::Priority(ParallelRoam::Algorithms::GreedyTransactionalLod::Configuration const&, std::array<ParallelRoam::Algorithms::GreedyTransactionalLod::Point, 3ul> const&, double)",0.02074688796680498,0.02074688796680498,1,2004008,2004008
ParallelRoam::Algorithms::GreedyTransactionalLod::TransactionalSamples::Publish(ParallelRoam::Algorithms::GreedyTransactionalLod::PreparedSamples&&),0.02074688796680498,0.02074688796680498,1,2004008,2004008
"ParallelRoam::Algorithms::GreedyTransactionalLod::TransactionalSamples::SourceHeightAt(ParallelRoam::Algorithms::GreedyTransactionalLod::HeightSource const&, double, double, double)",0.02074688796680498,0.02074688796680498,1,2004008,2004008
[unknown],0.02074688796680498,94.23236514522821,1,2004008,9102204336
"auto ParallelRoam::Algorithms::GreedyTransactionalLod::TransactionalPointwiseQuality::Certify[abi:cxx11](ParallelRoam::Algorithms::GreedyTransactionalLod::TransactionalState const&, ParallelRoam::Algorithms::GreedyTransactionalLod::TransactionalSamples const&, ParallelRoam::Algorithms::GreedyTransactionalLod::Proposal&, bool, ParallelRoam::Algorithms::GreedyTransactionalLod::WorkLedger&, ParallelRoam::Algorithms::GreedyTransactionalLod::HeightRejectionContext*)::{lambda(auto:1 const&)#1}::operator()<std::vector<std::array<ParallelRoam::Algorithms::GreedyTransactionalLod::Point, 3ul>, std::allocator<std::array<ParallelRoam::Algorithms::GreedyTransactionalLod::Point, 3ul> > > >(std::vector<std::array<ParallelRoam::Algorithms::GreedyTransactionalLod::Point, 3ul>, std::allocator<std::array<ParallelRoam::Algorithms::GreedyTransactionalLod::Point, 3ul> > > const&) const",0.02074688796680498,0.04149377593360996,1,2004008,4008016
"bool boost::multiprecision::backends::eval_eq<boost::multiprecision::backends::cpp_int_backend<0ul, 0ul, (boost::multiprecision::cpp_integer_type)1, (boost::multiprecision::cpp_int_check_type)0, std::allocator<unsigned long long> > >(boost::multiprecision::backends::rational_adaptor<boost::multiprecision::backends::cpp_int_backend<0ul, 0ul, (boost::multiprecision::cpp_integer_type)1, (boost::multiprecision::cpp_int_check_type)0, std::allocator<unsigned long long> > > const&, boost::multiprecision::backends::rational_adaptor<boost::multiprecision::backends::cpp_int_backend<0ul, 0ul, (boost::multiprecision::cpp_integer_type)1, (boost::multiprecision::cpp_int_check_type)0, std::allocator<unsigned long long> > > const&)",0.02074688796680498,0.02074688796680498,1,2004008,2004008
"boost::multiprecision::backends::rational_adaptor<boost::multiprecision::backends::cpp_int_backend<0ul, 0ul, (boost::multiprecision::cpp_integer_type)1, (boost::multiprecision::cpp_int_check_type)0, std::allocator<unsigned long long> > >::one()",0.02074688796680498,0.02074688796680498,1,2004008,2004008
free@plt,0.02074688796680498,0.02074688796680498,1,2004008,2004008
malloc@plt,0.02074688796680498,0.02074688796680498,1,2004008,2004008
memcmp@plt,0.02074688796680498,0.02074688796680498,1,2004008,2004008
memset@plt,0.02074688796680498,0.02074688796680498,1,2004008,2004008
"operator delete(void*, unsigned long)",0.02074688796680498,0.02074688796680498,1,2004008,2004008
"operator delete(void*, unsigned long)@plt",0.02074688796680498,0.02074688796680498,1,2004008,2004008
operator new(unsigned long)@plt,0.02074688796680498,0.02074688796680498,1,2004008,2004008
"std::_Rb_tree<std::array<long, 2ul>, std::pair<std::array<long, 2ul> const, int>, std::_Select1st<std::pair<std::array<long, 2ul> const, int> >, std::less<std::array<long, 2ul> >, std::allocator<std::pair<std::array<long, 2ul> const, int> > >::_M_erase(std::_Rb_tree_node<std::pair<std::array<long, 2ul> const, int> >*) [clone .isra.0]",0.02074688796680498,0.02074688796680498,1,2004008,2004008
std::_Rb_tree_increment(std::_Rb_tree_node_base*)@plt,0.02074688796680498,0.02074688796680498,1,2004008,2004008
"std::_Rb_tree_iterator<std::pair<long const, ParallelRoam::Algorithms::GreedyTransactionalLod::Point> > std::_Rb_tree<long, std::pair<long const, ParallelRoam::Algorithms::GreedyTransactionalLod::Point>, std::_Select1st<std::pair<long const, ParallelRoam::Algorithms::GreedyTransactionalLod::Point> >, std::less<long>, std::allocator<std::pair<long const, ParallelRoam::Algorithms::GreedyTransactionalLod::Point> > >::_M_emplace_hint_unique<long&, ParallelRoam::Algorithms::GreedyTransactionalLod::Point const&>(std::_Rb_tree_const_iterator<std::pair<long const, ParallelRoam::Algorithms::GreedyTransactionalLod::Point> >, long&, ParallelRoam::Algorithms::GreedyTransactionalLod::Point const&) [clone .isra.0]",0.02074688796680498,0.02074688796680498,1,2004008,2004008
"std::enable_if<!boost::multiprecision::backends::is_trivial_cpp_int<boost::multiprecision::backends::cpp_int_backend<0ul, 0ul, (boost::multiprecision::cpp_integer_type)1, (boost::multiprecision::cpp_int_check_type)0, std::allocator<unsigned long long> > >::value, unsigned long>::type boost::multiprecision::backends::eval_lsb<0ul, 0ul, (boost::multiprecision::cpp_integer_type)1, (boost::multiprecision::cpp_int_check_type)0, std::allocator<unsigned long long> >(boost::multiprecision::backends::cpp_int_backend<0ul, 0ul, (boost::multiprecision::cpp_integer_type)1, (boost::multiprecision::cpp_int_check_type)0, std::allocator<unsigned long long> > const&)",0.02074688796680498,0.02074688796680498,1,2004008,2004008
"std::enable_if<!boost::multiprecision::backends::is_trivial_cpp_int<boost::multiprecision::backends::cpp_int_backend<0ul, 0ul, (boost::multiprecision::cpp_integer_type)1, (boost::multiprecision::cpp_int_check_type)0, std::allocator<unsigned long long> > >::value, void>::type boost::multiprecision::backends::eval_gcd<0ul, 0ul, (boost::multiprecision::cpp_integer_type)1, (boost::multiprecision::cpp_int_check_type)0, std::allocator<unsigned long long> >(boost::multiprecision::backends::cpp_int_backend<0ul, 0ul, (boost::multiprecision::cpp_integer_type)1, (boost::multiprecision::cpp_int_check_type)0, std::allocator<unsigned long long> >&, boost::multiprecision::backends::cpp_int_backend<0ul, 0ul, (boost::multiprecision::cpp_integer_type)1, (boost::multiprecision::cpp_int_check_type)0, std::allocator<unsigned long long> > const&, unsigned long long)",0.02074688796680498,0.02074688796680498,1,2004008,2004008
"std::enable_if<std::is_convertible<boost::multiprecision::detail::expression<boost::multiprecision::detail::minus, boost::multiprecision::detail::expression<boost::multiprecision::detail::divide_immediates, boost::multiprecision::number<boost::multiprecision::backends::rational_adaptor<boost::multiprecision::backends::cpp_int_backend<0ul, 0ul, (boost::multiprecision::cpp_integer_type)1, (boost::multiprecision::cpp_int_check_type)0, std::allocator<unsigned long long> > >, (boost::multiprecision::expression_template_option)1>, boost::multiprecision::number<boost::multiprecision::backends::rational_adaptor<boost::multiprecision::backends::cpp_int_backend<0ul, 0ul, (boost::multiprecision::cpp_integer_type)1, (boost::multiprecision::cpp_int_check_type)0, std::allocator<unsigned long long> > >, (boost::multiprecision::expression_template_option)1>, void, void>, boost::multiprecision::detail::expression<boost::multiprecision::detail::divide_immediates, boost::multiprecision::number<boost::multiprecision::backends::rational_adaptor<boost::multiprecision::backends::cpp_int_backend<0ul, 0ul, (boost::multiprecision::cpp_integer_type)1, (boost::multiprecision::cpp_int_check_type)0, std::allocator<unsigned long long> > >, (boost::multiprecision::expression_template_option)1>, boost::multiprecision::number<boost::multiprecision::backends::rational_adaptor<boost::multiprecision::backends::cpp_int_backend<0ul, 0ul, (boost::multiprecision::cpp_integer_type)1, (boost::multiprecision::cpp_int_check_type)0, std::allocator<unsigned long long> > >, (boost::multiprecision::expression_template_option)1>, void, void>, void, void>::result_type, boost::multiprecision::number<boost::multiprecision::backends::rational_adaptor<boost::multiprecision::backends::cpp_int_backend<0ul, 0ul, (boost::multiprecision::cpp_integer_type)1, (boost::multiprecision::cpp_int_check_type)0, std::allocator<unsigned long long> > >, (boost::multiprecision::expression_template_option)1> >::value, boost::multiprecision::number<boost::multiprecision::backends::rational_adaptor<boost::multiprecision::backends::cpp_int_backend<0ul, 0ul, (boost::multiprecision::cpp_integer_type)1, (boost::multiprecision::cpp_int_check_type)0, std::allocator<unsigned long long> > >, (boost::multiprecision::expression_template_option)1>&>::type boost::multiprecision::number<boost::multiprecision::backends::rational_adaptor<boost::multiprecision::backends::cpp_int_backend<0ul, 0ul, (boost::multiprecision::cpp_integer_type)1, (boost::multiprecision::cpp_int_check_type)0, std::allocator<unsigned long long> > >, (boost::multiprecision::expression_template_option)1>::operator*=<boost::multiprecision::detail::minus, boost::multiprecision::detail::expression<boost::multiprecision::detail::divide_immediates, boost::multiprecision::number<boost::multiprecision::backends::rational_adaptor<boost::multiprecision::backends::cpp_int_backend<0ul, 0ul, (boost::multiprecision::cpp_integer_type)1, (boost::multiprecision::cpp_int_check_type)0, std::allocator<unsigned long long> > >, (boost::multiprecision::expression_template_option)1>, boost::multiprecision::number<boost::multiprecision::backends::rational_adaptor<boost::multiprecision::backends::cpp_int_backend<0ul, 0ul, (boost::multiprecision::cpp_integer_type)1, (boost::multiprecision::cpp_int_check_type)0, std::allocator<unsigned long long> > >, (boost::multiprecision::expression_template_option)1>, void, void>, boost::multiprecision::detail::expression<boost::multiprecision::detail::divide_immediates, boost::multiprecision::number<boost::multiprecision::backends::rational_adaptor<boost::multiprecision::backends::cpp_int_backend<0ul, 0ul, (boost::multiprecision::cpp_integer_type)1, (boost::multiprecision::cpp_int_check_type)0, std::allocator<unsigned long long> > >, (boost::multiprecision::expression_template_option)1>, boost::multiprecision::number<boost::multiprecision::backends::rational_adaptor<boost::multiprecision::backends::cpp_int_backend<0ul, 0ul, (boost::multiprecision::cpp_integer_type)1, (boost::multiprecision::cpp_int_check_type)0, std::allocator<unsigned long long> > >, (boost::multiprecision::expression_template_option)1>, void, void>, void, void>(boost::multiprecision::detail::expression<boost::multiprecision::detail::minus, boost::multiprecision::detail::expression<boost::multiprecision::detail::divide_immediates, boost::multiprecision::number<boost::multiprecision::backends::rational_adaptor<boost::multiprecision::backends::cpp_int_backend<0ul, 0ul, (boost::multiprecision::cpp_integer_type)1, (boost::multiprecision::cpp_int_check_type)0, std::allocator<unsigned long long> > >, (boost::multiprecision::expression_template_option)1>, boost::multiprecision::number<boost::multiprecision::backends::rational_adaptor<boost::multiprecision::backends::cpp_int_backend<0ul, 0ul, (boost::multiprecision::cpp_integer_type)1, (boost::multiprecision::cpp_int_check_type)0, std::allocator<unsigned long long> > >, (boost::multiprecision::expression_template_option)1>, void, void>, boost::multiprecision::detail::expression<boost::multiprecision::detail::divide_immediates, boost::multiprecision::number<boost::multiprecision::backends::rational_adaptor<boost::multiprecision::backends::cpp_int_backend<0ul, 0ul, (boost::multiprecision::cpp_integer_type)1, (boost::multiprecision::cpp_int_check_type)0, std::allocator<unsigned long long> > >, (boost::multiprecision::expression_template_option)1>, boost::multiprecision::number<boost::multiprecision::backends::rational_adaptor<boost::multiprecision::backends::cpp_int_backend<0ul, 0ul, (boost::multiprecision::cpp_integer_type)1, (boost::multiprecision::cpp_int_check_type)0, std::allocator<unsigned long long> > >, (boost::multiprecision::expression_template_option)1>, void, void>, void, void> const&) [clone .isra.0]",0.02074688796680498,0.8921161825726142,1,2004008,86172344
"std::enable_if<std::is_convertible<long long, boost::multiprecision::backends::cpp_int_backend<0ul, 0ul, (boost::multiprecision::cpp_integer_type)1, (boost::multiprecision::cpp_int_check_type)0, std::allocator<unsigned long long> > >::value&&std::is_integral<long long>::value, void>::type boost::multiprecision::backends::eval_multiply_imp<boost::multiprecision::backends::cpp_int_backend<0ul, 0ul, (boost::multiprecision::cpp_integer_type)1, (boost::multiprecision::cpp_int_check_type)0, std::allocator<unsigned long long> >, long long>(boost::multiprecision::backends::rational_adaptor<boost::multiprecision::backends::cpp_int_backend<0ul, 0ul, (boost::multiprecision::cpp_integer_type)1, (boost::multiprecision::cpp_int_check_type)0, std::allocator<unsigned long long> > >&, boost::multiprecision::backends::cpp_int_backend<0ul, 0ul, (boost::multiprecision::cpp_integer_type)1, (boost::multiprecision::cpp_int_check_type)0, std::allocator<unsigned long long> > const&, boost::multiprecision::backends::cpp_int_backend<0ul, 0ul, (boost::multiprecision::cpp_integer_type)1, (boost::multiprecision::cpp_int_check_type)0, std::allocator<unsigned long long> > const&, long long)",0.02074688796680498,0.02074688796680498,1,2004008,2004008
"std::map<long, ParallelRoam::Algorithms::GreedyTransactionalLod::Point, std::less<long>, std::allocator<std::pair<long const, ParallelRoam::Algorithms::GreedyTransactionalLod::Point> > >::at(long const&) [clone .isra.0]",0.02074688796680498,0.02074688796680498,1,2004008,2004008
"std::vector<ParallelRoam::Algorithms::GreedyTransactionalLod::TransactionalQualityFaceEvidence, std::allocator<ParallelRoam::Algorithms::GreedyTransactionalLod::TransactionalQualityFaceEvidence> >::~vector()",0.02074688796680498,0.02074688796680498,1,2004008,2004008
"void boost::multiprecision::backends::eval_divide<boost::multiprecision::backends::cpp_int_backend<0ul, 0ul, (boost::multiprecision::cpp_integer_type)1, (boost::multiprecision::cpp_int_check_type)0, std::allocator<unsigned long long> > >(boost::multiprecision::backends::rational_adaptor<boost::multiprecision::backends::cpp_int_backend<0ul, 0ul, (boost::multiprecision::cpp_integer_type)1, (boost::multiprecision::cpp_int_check_type)0, std::allocator<unsigned long long> > >&, boost::multiprecision::backends::rational_adaptor<boost::multiprecision::backends::cpp_int_backend<0ul, 0ul, (boost::multiprecision::cpp_integer_type)1, (boost::multiprecision::cpp_int_check_type)0, std::allocator<unsigned long long> > > const&, boost::multiprecision::backends::rational_adaptor<boost::multiprecision::backends::cpp_int_backend<0ul, 0ul, (boost::multiprecision::cpp_integer_type)1, (boost::multiprecision::cpp_int_check_type)0, std::allocator<unsigned long long> > > const&)",0.02074688796680498,0.02074688796680498,1,2004008,2004008
"void boost::multiprecision::number<boost::multiprecision::backends::rational_adaptor<boost::multiprecision::backends::cpp_int_backend<0ul, 0ul, (boost::multiprecision::cpp_integer_type)1, (boost::multiprecision::cpp_int_check_type)0, std::allocator<unsigned long long> > >, (boost::multiprecision::expression_template_option)1>::do_assign<boost::multiprecision::detail::expression<boost::multiprecision::detail::multiplies, boost::multiprecision::detail::expression<boost::multiprecision::detail::subtract_immediates, boost::multiprecision::number<boost::multiprecision::backends::rational_adaptor<boost::multiprecision::backends::cpp_int_backend<0ul, 0ul, (boost::multiprecision::cpp_integer_type)1, (boost::multiprecision::cpp_int_check_type)0, std::allocator<unsigned long long> > >, (boost::multiprecision::expression_template_option)1>, boost::multiprecision::number<boost::multiprecision::backends::rational_adaptor<boost::multiprecision::backends::cpp_int_backend<0ul, 0ul, (boost::multiprecision::cpp_integer_type)1, (boost::multiprecision::cpp_int_check_type)0, std::allocator<unsigned long long> > >, (boost::multiprecision::expression_template_option)1>, void, void>, boost::multiprecision::number<boost::multiprecision::backends::rational_adaptor<boost::multiprecision::backends::cpp_int_backend<0ul, 0ul, (boost::multiprecision::cpp_integer_type)1, (boost::multiprecision::cpp_int_check_type)0, std::allocator<unsigned long long> > >, (boost::multiprecision::expression_template_option)1>, void, void> >(boost::multiprecision::detail::expression<boost::multiprecision::detail::multiplies, boost::multiprecision::detail::expression<boost::multiprecision::detail::subtract_immediates, boost::multiprecision::number<boost::multiprecision::backends::rational_adaptor<boost::multiprecision::backends::cpp_int_backend<0ul, 0ul, (boost::multiprecision::cpp_integer_type)1, (boost::multiprecision::cpp_int_check_type)0, std::allocator<unsigned long long> > >, (boost::multiprecision::expression_template_option)1>, boost::multiprecision::number<boost::multiprecision::backends::rational_adaptor<boost::multiprecision::backends::cpp_int_backend<0ul, 0ul, (boost::multiprecision::cpp_integer_type)1, (boost::multiprecision::cpp_int_check_type)0, std::allocator<unsigned long long> > >, (boost::multiprecision::expression_template_option)1>, void, void>, boost::multiprecision::number<boost::multiprecision::backends::rational_adaptor<boost::multiprecision::backends::cpp_int_backend<0ul, 0ul, (boost::multiprecision::cpp_integer_type)1, (boost::multiprecision::cpp_int_check_type)0, std::allocator<unsigned long long> > >, (boost::multiprecision::expression_template_option)1>, void, void> const&, boost::multiprecision::detail::multiplies const&) [clone .isra.0]",0.02074688796680498,0.06224066390041494,1,2004008,6012024
"void boost::multiprecision::number<boost::multiprecision::backends::rational_adaptor<boost::multiprecision::backends::cpp_int_backend<0ul, 0ul, (boost::multiprecision::cpp_integer_type)1, (boost::multiprecision::cpp_int_check_type)0, std::allocator<unsigned long long> > >, (boost::multiprecision::expression_template_option)1>::do_assign<boost::multiprecision::detail::expression<boost::multiprecision::detail::multiplies, boost::multiprecision::number<boost::multiprecision::backends::rational_adaptor<boost::multiprecision::backends::cpp_int_backend<0ul, 0ul, (boost::multiprecision::cpp_integer_type)1, (boost::multiprecision::cpp_int_check_type)0, std::allocator<unsigned long long> > >, (boost::multiprecision::expression_template_option)1>, boost::multiprecision::detail::expression<boost::multiprecision::detail::subtract_immediates, boost::multiprecision::number<boost::multiprecision::backends::rational_adaptor<boost::multiprecision::backends::cpp_int_backend<0ul, 0ul, (boost::multiprecision::cpp_integer_type)1, (boost::multiprecision::cpp_int_check_type)0, std::allocator<unsigned long long> > >, (boost::multiprecision::expression_template_option)1>, boost::multiprecision::number<boost::multiprecision::backends::rational_adaptor<boost::multiprecision::backends::cpp_int_backend<0ul, 0ul, (boost::multiprecision::cpp_integer_type)1, (boost::multiprecision::cpp_int_check_type)0, std::allocator<unsigned long long> > >, (boost::multiprecision::expression_template_option)1>, void, void>, void, void> >(boost::multiprecision::detail::expression<boost::multiprecision::detail::multiplies, boost::multiprecision::number<boost::multiprecision::backends::rational_adaptor<boost::multiprecision::backends::cpp_int_backend<0ul, 0ul, (boost::multiprecision::cpp_integer_type)1, (boost::multiprecision::cpp_int_check_type)0, std::allocator<unsigned long long> > >, (boost::multiprecision::expression_template_option)1>, boost::multiprecision::detail::expression<boost::multiprecision::detail::subtract_immediates, boost::multiprecision::number<boost::multiprecision::backends::rational_adaptor<boost::multiprecision::backends::cpp_int_backend<0ul, 0ul, (boost::multiprecision::cpp_integer_type)1, (boost::multiprecision::cpp_int_check_type)0, std::allocator<unsigned long long> > >, (boost::multiprecision::expression_template_option)1>, boost::multiprecision::number<boost::multiprecision::backends::rational_adaptor<boost::multiprecision::backends::cpp_int_backend<0ul, 0ul, (boost::multiprecision::cpp_integer_type)1, (boost::multiprecision::cpp_int_check_type)0, std::allocator<unsigned long long> > >, (boost::multiprecision::expression_template_option)1>, void, void>, void, void> const&, boost::multiprecision::detail::multiplies const&) [clone .isra.0]",0.02074688796680498,1.2240663900414939,1,2004008,118236472
ParallelRoam::Algorithms::GreedyTransactionalLod::CertifiedBatch::~CertifiedBatch(),0.0,0.02074688796680498,0,0,2004008
ParallelRoam::Algorithms::GreedyTransactionalLod::Proposal::Proposal(ParallelRoam::Algorithms::GreedyTransactionalLod::Proposal const&),0.0,0.02074688796680498,0,0,2004008
"ParallelRoam::Algorithms::GreedyTransactionalLod::QualityEvaluation::Cover(ParallelRoam::Algorithms::GreedyTransactionalLod::TransactionalState const&, ParallelRoam::Algorithms::GreedyTransactionalLod::TransactionalSamples const&, unsigned int, bool, std::vector<std::array<ParallelRoam::Algorithms::GreedyTransactionalLod::Point, 3ul>, std::allocator<std::array<ParallelRoam::Algorithms::GreedyTransactionalLod::Point, 3ul> > > const&)",0.0,0.04149377593360996,0,0,4008016
"ParallelRoam::Algorithms::GreedyTransactionalLod::QualityEvaluation::ErrorBounds(ParallelRoam::Algorithms::GreedyTransactionalLod::TransactionalState const&, ParallelRoam::Algorithms::GreedyTransactionalLod::TransactionalSamples const&, unsigned int, ParallelRoam::Algorithms::GreedyTransactionalLod::Proposal const*, ParallelRoam::Algorithms::GreedyTransactionalLod::WorkLedger&, ParallelRoam::Algorithms::GreedyTransactionalLod::TransactionalProposalEvidence*)",0.0,0.12448132780082988,0,0,12024048
"ParallelRoam::Algorithms::GreedyTransactionalLod::QualityEvaluation::ExactError(ParallelRoam::Algorithms::GreedyTransactionalLod::TransactionalState const&, ParallelRoam::Algorithms::GreedyTransactionalLod::TransactionalSamples const&, unsigned int, ParallelRoam::Algorithms::GreedyTransactionalLod::Proposal const*, ParallelRoam::Algorithms::GreedyTransactionalLod::TransactionalProposalEvidence*, ParallelRoam::Algorithms::GreedyTransactionalLod::WorkLedger*)",0.0,0.02074688796680498,0,0,2004008
"ParallelRoam::Algorithms::GreedyTransactionalLod::QualityEvaluation::RecordBits(boost::multiprecision::number<boost::multiprecision::backends::rational_adaptor<boost::multiprecision::backends::cpp_int_backend<0ul, 0ul, (boost::multiprecision::cpp_integer_type)1, (boost::multiprecision::cpp_int_check_type)0, std::allocator<unsigned long long> > >, (boost::multiprecision::expression_template_option)1> const&, ParallelRoam::Algorithms::GreedyTransactionalLod::WorkLedger&)",0.0,0.02074688796680498,0,0,2004008
"ParallelRoam::Algorithms::GreedyTransactionalLod::ReceiverCursor::ReceiverCursor(ParallelRoam::Algorithms::GreedyTransactionalLod::TransactionalState const&, ParallelRoam::Algorithms::GreedyTransactionalLod::TransactionalSamples const&, unsigned int)",0.0,0.06224066390041494,0,0,6012024
"ParallelRoam::Algorithms::GreedyTransactionalLod::TransactionalCertification::Measure(ParallelRoam::Algorithms::GreedyTransactionalLod::TransactionalState const&, ParallelRoam::Algorithms::GreedyTransactionalLod::TransactionalSamples const&, ParallelRoam::Algorithms::GreedyTransactionalLod::Proposal&, ParallelRoam::Algorithms::GreedyTransactionalLod::WorkLedger&)",0.0,0.12448132780082988,0,0,12024048
"ParallelRoam::Algorithms::GreedyTransactionalLod::TransactionalCertification::SetProgressTarget[abi:cxx11](ParallelRoam::Algorithms::GreedyTransactionalLod::TransactionalState const&, ParallelRoam::Algorithms::GreedyTransactionalLod::TransactionalSamples const&, ParallelRoam::Algorithms::GreedyTransactionalLod::Proposal&, ParallelRoam::Algorithms::GreedyTransactionalLod::WorkLedger&)",0.0,0.02074688796680498,0,0,2004008
"ParallelRoam::Algorithms::GreedyTransactionalLod::TransactionalCommit::Prepare(ParallelRoam::Algorithms::GreedyTransactionalLod::TransactionalState&, ParallelRoam::Algorithms::GreedyTransactionalLod::CertifiedBatch const&, ParallelRoam::Algorithms::GreedyTransactionalLod::WorkLedger&, ParallelRoam::Algorithms::GreedyTransactionalLod::TransactionalExecution const&, ParallelRoam::Algorithms::GreedyTransactionalLod::HeightSource const*)::{lambda(ParallelRoam::Algorithms::GreedyTransactionalLod::Proposal const&, bool)#1}::operator()(ParallelRoam::Algorithms::GreedyTransactionalLod::Proposal const&, bool) const",0.0,0.08298755186721991,0,0,8016032
"ParallelRoam::Algorithms::GreedyTransactionalLod::TransactionalFlipRecovery::FirstCertified(ParallelRoam::Algorithms::GreedyTransactionalLod::TransactionalState const&, ParallelRoam::Algorithms::GreedyTransactionalLod::TransactionalSamples const&, unsigned int, ParallelRoam::Algorithms::GreedyTransactionalLod::WorkLedger&, std::vector<std::pair<char, std::__cxx11::basic_string<char, std::char_traits<char>, std::allocator<char> > >, std::allocator<std::pair<char, std::__cxx11::basic_string<char, std::char_traits<char>, std::allocator<char> > > > >&)",0.0,0.2074688796680498,0,0,20040080
"ParallelRoam::Algorithms::GreedyTransactionalLod::TransactionalHeightRejection::Recheck(ParallelRoam::Algorithms::GreedyTransactionalLod::Configuration const&, ParallelRoam::Algorithms::GreedyTransactionalLod::TransactionalQualitySampleEvidence&, std::vector<ParallelRoam::Algorithms::GreedyTransactionalLod::TransactionalQualityFaceEvidence, std::allocator<ParallelRoam::Algorithms::GreedyTransactionalLod::TransactionalQualityFaceEvidence> >&, std::vector<ParallelRoam::Algorithms::GreedyTransactionalLod::TransactionalQualityFaceEvidence, std::allocator<ParallelRoam::Algorithms::GreedyTransactionalLod::TransactionalQualityFaceEvidence> >&)",0.0,0.45643153526970953,0,0,44088176
"ParallelRoam::Algorithms::GreedyTransactionalLod::TransactionalPipeline::Apply(ParallelRoam::Algorithms::GreedyTransactionalLod::CertifiedBatch const&, ParallelRoam::Algorithms::GreedyTransactionalLod::WorkLedger&)",0.0,5.352697095435684,0,0,517034064
"ParallelRoam::Algorithms::GreedyTransactionalLod::TransactionalPipeline::SetView(ParallelRoam::Algorithms::GreedyTransactionalLod::Configuration const&, ParallelRoam::Algorithms::GreedyTransactionalLod::WorkLedger&)",0.0,0.16597510373443983,0,0,16032064
ParallelRoam::Algorithms::GreedyTransactionalLod::TransactionalPipeline::Update(ParallelRoam::Algorithms::GreedyTransactionalLod::WorkLedger&),0.0,5.580912863070539,0,0,539078152
"ParallelRoam::Algorithms::GreedyTransactionalLod::TransactionalPredicates::Orientation(ParallelRoam::Algorithms::GreedyTransactionalLod::Point const&, ParallelRoam::Algorithms::GreedyTransactionalLod::Point const&, ParallelRoam::Algorithms::GreedyTransactionalLod::Point const&)",0.0,0.24896265560165975,0,0,24048096
"ParallelRoam::Algorithms::GreedyTransactionalLod::TransactionalQualityFaceEvidence::ExactHeight(std::array<boost::multiprecision::number<boost::multiprecision::backends::rational_adaptor<boost::multiprecision::backends::cpp_int_backend<0ul, 0ul, (boost::multiprecision::cpp_integer_type)1, (boost::multiprecision::cpp_int_check_type)0, std::allocator<unsigned long long> > >, (boost::multiprecision::expression_template_option)1>, 2ul> const&)",0.0,1.6182572614107884,0,0,156312624
"ParallelRoam::Algorithms::GreedyTransactionalLod::TransactionalReservation::Plan(ParallelRoam::Algorithms::GreedyTransactionalLod::TransactionalState const&, ParallelRoam::Algorithms::GreedyTransactionalLod::TransactionalSamples const&, ParallelRoam::Algorithms::GreedyTransactionalLod::WorkLedger&, ParallelRoam::Algorithms::GreedyTransactionalLod::TransactionalExecution const&, ParallelRoam::Algorithms::GreedyTransactionalLod::TransactionalRejectionHints const*, std::vector<ParallelRoam::Algorithms::GreedyTransactionalLod::RejectionHint, std::allocator<ParallelRoam::Algorithms::GreedyTransactionalLod::RejectionHint> >*)",0.0,0.22821576763485477,0,0,22044088
"ParallelRoam::Algorithms::GreedyTransactionalLod::TransactionalSamples::DonorPool(unsigned long, ParallelRoam::Algorithms::GreedyTransactionalLod::WorkLedger*) const",0.0,0.02074688796680498,0,0,2004008
"ParallelRoam::Algorithms::GreedyTransactionalLod::TransactionalSamples::Prefix(unsigned long, ParallelRoam::Algorithms::GreedyTransactionalLod::WorkLedger*) const",0.0,0.04149377593360996,0,0,4008016
"ParallelRoam::Algorithms::GreedyTransactionalLod::TransactionalSamples::PrepareView(ParallelRoam::Algorithms::GreedyTransactionalLod::TransactionalState const&, ParallelRoam::Algorithms::GreedyTransactionalLod::Configuration const&, ParallelRoam::Algorithms::GreedyTransactionalLod::WorkLedger&, ParallelRoam::Algorithms::GreedyTransactionalLod::TransactionalExecution const&)",0.0,0.16597510373443983,0,0,16032064
"ParallelRoam::Algorithms::GreedyTransactionalLod::TransactionalSamples::StrictlyInside(unsigned int, ParallelRoam::Algorithms::GreedyTransactionalLod::Point const&, ParallelRoam::Algorithms::GreedyTransactionalLod::Point const&, ParallelRoam::Algorithms::GreedyTransactionalLod::Point const&) const",0.0,0.1037344398340249,0,0,10020040
"ParallelRoam::Algorithms::GreedyTransactionalLod::TransactionalTerrainLodAlgorithm::BuildRenderData(ParallelRoam::Algorithms::TerrainLodBuildInput const&, ParallelRoam::Algorithms::TerrainLodRenderPacket&, std::__cxx11::basic_string<char, std::char_traits<char>, std::allocator<char> >*)",0.0,5.767634854771784,0,0,557114224
"ParallelRoam::Algorithms::GreedyTransactionalLod::TransactionalTerrainLodAlgorithm::Impl::Build(ParallelRoam::Algorithms::TerrainLodBuildInput const&, ParallelRoam::Algorithms::TerrainLodRenderPacket&, std::__cxx11::basic_string<char, std::char_traits<char>, std::allocator<char> >*)",0.0,5.767634854771784,0,0,557114224
ParallelRoam::Algorithms::GreedyTransactionalLod::WorkLedger::CheckLimit() const,0.0,0.02074688796680498,0,0,2004008
"ParallelRoam::Benchmark::Experiment::RunExperimentCpu(int, char**)",0.0,5.767634854771784,0,0,557114224
ParallelRoam::Tools::CpuThreadPool::WorkerLoop(),0.0,94.23236514522821,0,0,9102204336
__GI___clone3,0.0,94.23236514522821,0,0,9102204336
__libc_start_call_main,0.0,5.767634854771784,0,0,557114224
__libc_start_main@@GLIBC_2.34,0.0,5.767634854771784,0,0,557114224
_start,0.0,5.767634854771784,0,0,557114224
"boost::multiprecision::backends::rational_adaptor<boost::multiprecision::backends::cpp_int_backend<0ul, 0ul, (boost::multiprecision::cpp_integer_type)1, (boost::multiprecision::cpp_int_check_type)0, std::allocator<unsigned long long> > >::rational_adaptor(boost::multiprecision::backends::rational_adaptor<boost::multiprecision::backends::cpp_int_backend<0ul, 0ul, (boost::multiprecision::cpp_integer_type)1, (boost::multiprecision::cpp_int_check_type)0, std::allocator<unsigned long long> > > const&)",0.0,0.06224066390041494,0,0,6012024
"boost::multiprecision::number<boost::multiprecision::backends::rational_adaptor<boost::multiprecision::backends::cpp_int_backend<0ul, 0ul, (boost::multiprecision::cpp_integer_type)1, (boost::multiprecision::cpp_int_check_type)0, std::allocator<unsigned long long> > >, (boost::multiprecision::expression_template_option)1> ParallelRoam::Algorithms::GreedyTransactionalLod::QualityEvaluation::Height<boost::multiprecision::number<boost::multiprecision::backends::rational_adaptor<boost::multiprecision::backends::cpp_int_backend<0ul, 0ul, (boost::multiprecision::cpp_integer_type)1, (boost::multiprecision::cpp_int_check_type)0, std::allocator<unsigned long long> > >, (boost::multiprecision::expression_template_option)1> >(boost::multiprecision::number<boost::multiprecision::backends::rational_adaptor<boost::multiprecision::backends::cpp_int_backend<0ul, 0ul, (boost::multiprecision::cpp_integer_type)1, (boost::multiprecision::cpp_int_check_type)0, std::allocator<unsigned long long> > >, (boost::multiprecision::expression_template_option)1> const&, boost::multiprecision::number<boost::multiprecision::backends::rational_adaptor<boost::multiprecision::backends::cpp_int_backend<0ul, 0ul, (boost::multiprecision::cpp_integer_type)1, (boost::multiprecision::cpp_int_check_type)0, std::allocator<unsigned long long> > >, (boost::multiprecision::expression_template_option)1> const&, ParallelRoam::Algorithms::GreedyTransactionalLod::Point const&, ParallelRoam::Algorithms::GreedyTransactionalLod::Point const&, ParallelRoam::Algorithms::GreedyTransactionalLod::Point const&)",0.0,0.04149377593360996,0,0,4008016
"boost::multiprecision::number<boost::multiprecision::backends::rational_adaptor<boost::multiprecision::backends::cpp_int_backend<0ul, 0ul, (boost::multiprecision::cpp_integer_type)1, (boost::multiprecision::cpp_int_check_type)0, std::allocator<unsigned long long> > >, (boost::multiprecision::expression_template_option)1>::number<boost::multiprecision::detail::subtract_immediates, boost::multiprecision::number<boost::multiprecision::backends::rational_adaptor<boost::multiprecision::backends::cpp_int_backend<0ul, 0ul, (boost::multiprecision::cpp_integer_type)1, (boost::multiprecision::cpp_int_check_type)0, std::allocator<unsigned long long> > >, (boost::multiprecision::expression_template_option)1>, boost::multiprecision::number<boost::multiprecision::backends::rational_adaptor<boost::multiprecision::backends::cpp_int_backend<0ul, 0ul, (boost::multiprecision::cpp_integer_type)1, (boost::multiprecision::cpp_int_check_type)0, std::allocator<unsigned long long> > >, (boost::multiprecision::expression_template_option)1>, void, void>(boost::multiprecision::detail::expression<boost::multiprecision::detail::subtract_immediates, boost::multiprecision::number<boost::multiprecision::backends::rational_adaptor<boost::multiprecision::backends::cpp_int_backend<0ul, 0ul, (boost::multiprecision::cpp_integer_type)1, (boost::multiprecision::cpp_int_check_type)0, std::allocator<unsigned long long> > >, (boost::multiprecision::expression_template_option)1>, boost::multiprecision::number<boost::multiprecision::backends::rational_adaptor<boost::multiprecision::backends::cpp_int_backend<0ul, 0ul, (boost::multiprecision::cpp_integer_type)1, (boost::multiprecision::cpp_int_check_type)0, std::allocator<unsigned long long> > >, (boost::multiprecision::expression_template_option)1>, void, void> const&, std::enable_if<std::is_convertible<boost::multiprecision::detail::expression<boost::multiprecision::detail::subtract_immediates, boost::multiprecision::number<boost::multiprecision::backends::rational_adaptor<boost::multiprecision::backends::cpp_int_backend<0ul, 0ul, (boost::multiprecision::cpp_integer_type)1, (boost::multiprecision::cpp_int_check_type)0, std::allocator<unsigned long long> > >, (boost::multiprecision::expression_template_option)1>, boost::multiprecision::number<boost::multiprecision::backends::rational_adaptor<boost::multiprecision::backends::cpp_int_backend<0ul, 0ul, (boost::multiprecision::cpp_integer_type)1, (boost::multiprecision::cpp_int_check_type)0, std::allocator<unsigned long long> > >, (boost::multiprecision::expression_template_option)1>, void, void>::result_type, boost::multiprecision::number<boost::multiprecision::backends::rational_adaptor<boost::multiprecision::backends::cpp_int_backend<0ul, 0ul, (boost::multiprecision::cpp_integer_type)1, (boost::multiprecision::cpp_int_check_type)0, std::allocator<unsigned long long> > >, (boost::multiprecision::expression_template_option)1> >::value, void>::type*)",0.0,0.45643153526970953,0,0,44088176
start_thread,0.0,94.23236514522821,0,0,9102204336
"std::_Function_handler<void (), ParallelRoam::Tools::CpuThreadPool::ParallelFor(unsigned long, std::function<void (unsigned long)> const&)::{lambda()#1}>::_M_invoke(std::_Any_data const&)",0.0,94.23236514522821,0,0,9102204336
"std::_Function_handler<void (unsigned long), ParallelRoam::Algorithms::GreedyTransactionalLod::TransactionalExecution::Run(std::__cxx11::basic_string<char, std::char_traits<char>, std::allocator<char> > const&, unsigned long, ParallelRoam::Algorithms::GreedyTransactionalLod::WorkLedger&, std::function<void (unsigned long, unsigned long, ParallelRoam::Algorithms::GreedyTransactionalLod::WorkLedger&)> const&) const::{lambda(unsigned long)#1}>::_M_invoke(std::_Any_data const&, unsigned long&&)",0.0,94.23236514522821,0,0,9102204336
"std::_Function_handler<void (unsigned long), ParallelRoam::Tools::CpuTaskExecutor::Dispatch(unsigned long, std::function<void (unsigned long)> const&)::{lambda(unsigned long)#1}>::_M_invoke(std::_Any_data const&, unsigned long&&)",0.0,94.23236514522821,0,0,9102204336
"std::_Function_handler<void (unsigned long, unsigned long, ParallelRoam::Algorithms::GreedyTransactionalLod::WorkLedger&), ParallelRoam::Algorithms::GreedyTransactionalLod::TransactionalExecution::RunIndependent(std::__cxx11::basic_string<char, std::char_traits<char>, std::allocator<char> > const&, unsigned long, ParallelRoam::Algorithms::GreedyTransactionalLod::WorkLedger&, std::function<void (unsigned long, unsigned long, ParallelRoam::Algorithms::GreedyTransactionalLod::WorkLedger&)> const&) const::{lambda(unsigned long, unsigned long, ParallelRoam::Algorithms::GreedyTransactionalLod::WorkLedger&)#1}>::_M_invoke(std::_Any_data const&, unsigned long&&, unsigned long&&, ParallelRoam::Algorithms::GreedyTransactionalLod::WorkLedger&)",0.0,83.02904564315352,0,0,8020040016
"std::_Rb_tree<long, std::pair<long const, ParallelRoam::Algorithms::GreedyTransactionalLod::VertexRecord>, std::_Select1st<std::pair<long const, ParallelRoam::Algorithms::GreedyTransactionalLod::VertexRecord> >, std::less<long>, std::allocator<std::pair<long const, ParallelRoam::Algorithms::GreedyTransactionalLod::VertexRecord> > >::_M_erase(std::_Rb_tree_node<std::pair<long const, ParallelRoam::Algorithms::GreedyTransactionalLod::VertexRecord> >*) [clone .isra.0]",0.0,0.02074688796680498,0,0,2004008
"std::_Rb_tree<unsigned int, std::pair<unsigned int const, ParallelRoam::Algorithms::GreedyTransactionalLod::Triangle const*>, std::_Select1st<std::pair<unsigned int const, ParallelRoam::Algorithms::GreedyTransactionalLod::Triangle const*> >, std::less<unsigned int>, std::allocator<std::pair<unsigned int const, ParallelRoam::Algorithms::GreedyTransactionalLod::Triangle const*> > >::_M_erase(std::_Rb_tree_node<std::pair<unsigned int const, ParallelRoam::Algorithms::GreedyTransactionalLod::Triangle const*> >*) [clone .isra.0]",0.0,0.02074688796680498,0,0,2004008
"std::_Rb_tree<unsigned int, std::pair<unsigned int const, std::vector<ParallelRoam::Algorithms::GreedyTransactionalLod::Proposal const*, std::allocator<ParallelRoam::Algorithms::GreedyTransactionalLod::Proposal const*> > >, std::_Select1st<std::pair<unsigned int const, std::vector<ParallelRoam::Algorithms::GreedyTransactionalLod::Proposal const*, std::allocator<ParallelRoam::Algorithms::GreedyTransactionalLod::Proposal const*> > > >, std::less<unsigned int>, std::allocator<std::pair<unsigned int const, std::vector<ParallelRoam::Algorithms::GreedyTransactionalLod::Proposal const*, std::allocator<ParallelRoam::Algorithms::GreedyTransactionalLod::Proposal const*> > > > >::_M_erase(std::_Rb_tree_node<std::pair<unsigned int const, std::vector<ParallelRoam::Algorithms::GreedyTransactionalLod::Proposal const*, std::allocator<ParallelRoam::Algorithms::GreedyTransactionalLod::Proposal const*> > > >*) [clone .isra.0]",0.0,0.2074688796680498,0,0,20040080
"std::_Rb_tree_iterator<std::pair<unsigned int const, double> > std::_Rb_tree<unsigned int, std::pair<unsigned int const, double>, std::_Select1st<std::pair<unsigned int const, double> >, std::less<unsigned int>, std::allocator<std::pair<unsigned int const, double> > >::_M_emplace_hint_unique<std::piecewise_construct_t const&, std::tuple<unsigned int const&>, std::tuple<> >(std::_Rb_tree_const_iterator<std::pair<unsigned int const, double> >, std::piecewise_construct_t const&, std::tuple<unsigned int const&>&&, std::tuple<>&&) [clone .isra.0]",0.0,0.06224066390041494,0,0,6012024
"std::_Rb_tree_iterator<std::pair<unsigned int const, std::optional<std::tuple<double, long, unsigned int> > > > std::_Rb_tree<unsigned int, std::pair<unsigned int const, std::optional<std::tuple<double, long, unsigned int> > >, std::_Select1st<std::pair<unsigned int const, std::optional<std::tuple<double, long, unsigned int> > > >, std::less<unsigned int>, std::allocator<std::pair<unsigned int const, std::optional<std::tuple<double, long, unsigned int> > > > >::_M_emplace_hint_unique<std::piecewise_construct_t const&, std::tuple<unsigned int const&>, std::tuple<> >(std::_Rb_tree_const_iterator<std::pair<unsigned int const, std::optional<std::tuple<double, long, unsigned int> > > >, std::piecewise_construct_t const&, std::tuple<unsigned int const&>&&, std::tuple<>&&) [clone .isra.0]",0.0,0.02074688796680498,0,0,2004008
std::_Sp_counted_base<(__gnu_cxx::_Lock_policy)2>::_M_release(),0.0,0.02074688796680498,0,0,2004008
"std::enable_if<std::is_convertible<unsigned long long, boost::multiprecision::backends::cpp_int_backend<0ul, 0ul, (boost::multiprecision::cpp_integer_type)1, (boost::multiprecision::cpp_int_check_type)0, std::allocator<unsigned long long> > >::value&&std::is_integral<unsigned long long>::value, void>::type boost::multiprecision::backends::eval_divide<boost::multiprecision::backends::cpp_int_backend<0ul, 0ul, (boost::multiprecision::cpp_integer_type)1, (boost::multiprecision::cpp_int_check_type)0, std::allocator<unsigned long long> >, unsigned long long>(boost::multiprecision::backends::rational_adaptor<boost::multiprecision::backends::cpp_int_backend<0ul, 0ul, (boost::multiprecision::cpp_integer_type)1, (boost::multiprecision::cpp_int_check_type)0, std::allocator<unsigned long long> > >&, unsigned long long)",0.0,0.06224066390041494,0,0,6012024
"void boost::multiprecision::number<boost::multiprecision::backends::rational_adaptor<boost::multiprecision::backends::cpp_int_backend<0ul, 0ul, (boost::multiprecision::cpp_integer_type)1, (boost::multiprecision::cpp_int_check_type)0, std::allocator<unsigned long long> > >, (boost::multiprecision::expression_template_option)1>::do_assign<boost::multiprecision::detail::expression<boost::multiprecision::detail::minus, boost::multiprecision::detail::expression<boost::multiprecision::detail::multiplies, boost::multiprecision::detail::expression<boost::multiprecision::detail::subtract_immediates, boost::multiprecision::number<boost::multiprecision::backends::rational_adaptor<boost::multiprecision::backends::cpp_int_backend<0ul, 0ul, (boost::multiprecision::cpp_integer_type)1, (boost::multiprecision::cpp_int_check_type)0, std::allocator<unsigned long long> > >, (boost::multiprecision::expression_template_option)1>, boost::multiprecision::number<boost::multiprecision::backends::rational_adaptor<boost::multiprecision::backends::cpp_int_backend<0ul, 0ul, (boost::multiprecision::cpp_integer_type)1, (boost::multiprecision::cpp_int_check_type)0, std::allocator<unsigned long long> > >, (boost::multiprecision::expression_template_option)1>, void, void>, boost::multiprecision::detail::expression<boost::multiprecision::detail::subtract_immediates, boost::multiprecision::number<boost::multiprecision::backends::rational_adaptor<boost::multiprecision::backends::cpp_int_backend<0ul, 0ul, (boost::multiprecision::cpp_integer_type)1, (boost::multiprecision::cpp_int_check_type)0, std::allocator<unsigned long long> > >, (boost::multiprecision::expression_template_option)1>, boost::multiprecision::number<boost::multiprecision::backends::rational_adaptor<boost::multiprecision::backends::cpp_int_backend<0ul, 0ul, (boost::multiprecision::cpp_integer_type)1, (boost::multiprecision::cpp_int_check_type)0, std::allocator<unsigned long long> > >, (boost::multiprecision::expression_template_option)1>, void, void>, void, void>, boost::multiprecision::detail::expression<boost::multiprecision::detail::multiplies, boost::multiprecision::detail::expression<boost::multiprecision::detail::subtract_immediates, boost::multiprecision::number<boost::multiprecision::backends::rational_adaptor<boost::multiprecision::backends::cpp_int_backend<0ul, 0ul, (boost::multiprecision::cpp_integer_type)1, (boost::multiprecision::cpp_int_check_type)0, std::allocator<unsigned long long> > >, (boost::multiprecision::expression_template_option)1>, boost::multiprecision::number<boost::multiprecision::backends::rational_adaptor<boost::multiprecision::backends::cpp_int_backend<0ul, 0ul, (boost::multiprecision::cpp_integer_type)1, (boost::multiprecision::cpp_int_check_type)0, std::allocator<unsigned long long> > >, (boost::multiprecision::expression_template_option)1>, void, void>, boost::multiprecision::detail::expression<boost::multiprecision::detail::subtract_immediates, boost::multiprecision::number<boost::multiprecision::backends::rational_adaptor<boost::multiprecision::backends::cpp_int_backend<0ul, 0ul, (boost::multiprecision::cpp_integer_type)1, (boost::multiprecision::cpp_int_check_type)0, std::allocator<unsigned long long> > >, (boost::multiprecision::expression_template_option)1>, boost::multiprecision::number<boost::multiprecision::backends::rational_adaptor<boost::multiprecision::backends::cpp_int_backend<0ul, 0ul, (boost::multiprecision::cpp_integer_type)1, (boost::multiprecision::cpp_int_check_type)0, std::allocator<unsigned long long> > >, (boost::multiprecision::expression_template_option)1>, void, void>, void, void>, void, void> >(boost::multiprecision::detail::expression<boost::multiprecision::detail::minus, boost::multiprecision::detail::expression<boost::multiprecision::detail::multiplies, boost::multiprecision::detail::expression<boost::multiprecision::detail::subtract_immediates, boost::multiprecision::number<boost::multiprecision::backends::rational_adaptor<boost::multiprecision::backends::cpp_int_backend<0ul, 0ul, (boost::multiprecision::cpp_integer_type)1, (boost::multiprecision::cpp_int_check_type)0, std::allocator<unsigned long long> > >, (boost::multiprecision::expression_template_option)1>, boost::multiprecision::number<boost::multiprecision::backends::rational_adaptor<boost::multiprecision::backends::cpp_int_backend<0ul, 0ul, (boost::multiprecision::cpp_integer_type)1, (boost::multiprecision::cpp_int_check_type)0, std::allocator<unsigned long long> > >, (boost::multiprecision::expression_template_option)1>, void, void>, boost::multiprecision::detail::expression<boost::multiprecision::detail::subtract_immediates, boost::multiprecision::number<boost::multiprecision::backends::rational_adaptor<boost::multiprecision::backends::cpp_int_backend<0ul, 0ul, (boost::multiprecision::cpp_integer_type)1, (boost::multiprecision::cpp_int_check_type)0, std::allocator<unsigned long long> > >, (boost::multiprecision::expression_template_option)1>, boost::multiprecision::number<boost::multiprecision::backends::rational_adaptor<boost::multiprecision::backends::cpp_int_backend<0ul, 0ul, (boost::multiprecision::cpp_integer_type)1, (boost::multiprecision::cpp_int_check_type)0, std::allocator<unsigned long long> > >, (boost::multiprecision::expression_template_option)1>, void, void>, void, void>, boost::multiprecision::detail::expression<boost::multiprecision::detail::multiplies, boost::multiprecision::detail::expression<boost::multiprecision::detail::subtract_immediates, boost::multiprecision::number<boost::multiprecision::backends::rational_adaptor<boost::multiprecision::backends::cpp_int_backend<0ul, 0ul, (boost::multiprecision::cpp_integer_type)1, (boost::multiprecision::cpp_int_check_type)0, std::allocator<unsigned long long> > >, (boost::multiprecision::expression_template_option)1>, boost::multiprecision::number<boost::multiprecision::backends::rational_adaptor<boost::multiprecision::backends::cpp_int_backend<0ul, 0ul, (boost::multiprecision::cpp_integer_type)1, (boost::multiprecision::cpp_int_check_type)0, std::allocator<unsigned long long> > >, (boost::multiprecision::expression_template_option)1>, void, void>, boost::multiprecision::detail::expression<boost::multiprecision::detail::subtract_immediates, boost::multiprecision::number<boost::multiprecision::backends::rational_adaptor<boost::multiprecision::backends::cpp_int_backend<0ul, 0ul, (boost::multiprecision::cpp_integer_type)1, (boost::multiprecision::cpp_int_check_type)0, std::allocator<unsigned long long> > >, (boost::multiprecision::expression_template_option)1>, boost::multiprecision::number<boost::multiprecision::backends::rational_adaptor<boost::multiprecision::backends::cpp_int_backend<0ul, 0ul, (boost::multiprecision::cpp_integer_type)1, (boost::multiprecision::cpp_int_check_type)0, std::allocator<unsigned long long> > >, (boost::multiprecision::expression_template_option)1>, void, void>, void, void>, void, void> const&, boost::multiprecision::detail::minus const&) [clone .isra.0]",0.0,0.5186721991701245,0,0,50100200
"void boost::multiprecision::number<boost::multiprecision::backends::rational_adaptor<boost::multiprecision::backends::cpp_int_backend<0ul, 0ul, (boost::multiprecision::cpp_integer_type)1, (boost::multiprecision::cpp_int_check_type)0, std::allocator<unsigned long long> > >, (boost::multiprecision::expression_template_option)1>::do_assign<boost::multiprecision::detail::expression<boost::multiprecision::detail::minus, boost::multiprecision::detail::expression<boost::multiprecision::detail::multiplies, boost::multiprecision::detail::expression<boost::multiprecision::detail::subtract_immediates, boost::multiprecision::number<boost::multiprecision::backends::rational_adaptor<boost::multiprecision::backends::cpp_int_backend<0ul, 0ul, (boost::multiprecision::cpp_integer_type)1, (boost::multiprecision::cpp_int_check_type)0, std::allocator<unsigned long long> > >, (boost::multiprecision::expression_template_option)1>, boost::multiprecision::number<boost::multiprecision::backends::rational_adaptor<boost::multiprecision::backends::cpp_int_backend<0ul, 0ul, (boost::multiprecision::cpp_integer_type)1, (boost::multiprecision::cpp_int_check_type)0, std::allocator<unsigned long long> > >, (boost::multiprecision::expression_template_option)1>, void, void>, boost::multiprecision::number<boost::multiprecision::backends::rational_adaptor<boost::multiprecision::backends::cpp_int_backend<0ul, 0ul, (boost::multiprecision::cpp_integer_type)1, (boost::multiprecision::cpp_int_check_type)0, std::allocator<unsigned long long> > >, (boost::multiprecision::expression_template_option)1>, void, void>, boost::multiprecision::detail::expression<boost::multiprecision::detail::multiplies, boost::multiprecision::detail::expression<boost::multiprecision::detail::subtract_immediates, boost::multiprecision::number<boost::multiprecision::backends::rational_adaptor<boost::multiprecision::backends::cpp_int_backend<0ul, 0ul, (boost::multiprecision::cpp_integer_type)1, (boost::multiprecision::cpp_int_check_type)0, std::allocator<unsigned long long> > >, (boost::multiprecision::expression_template_option)1>, boost::multiprecision::number<boost::multiprecision::backends::rational_adaptor<boost::multiprecision::backends::cpp_int_backend<0ul, 0ul, (boost::multiprecision::cpp_integer_type)1, (boost::multiprecision::cpp_int_check_type)0, std::allocator<unsigned long long> > >, (boost::multiprecision::expression_template_option)1>, void, void>, boost::multiprecision::number<boost::multiprecision::backends::rational_adaptor<boost::multiprecision::backends::cpp_int_backend<0ul, 0ul, (boost::multiprecision::cpp_integer_type)1, (boost::multiprecision::cpp_int_check_type)0, std::allocator<unsigned long long> > >, (boost::multiprecision::expression_template_option)1>, void, void>, void, void> >(boost::multiprecision::detail::expression<boost::multiprecision::detail::minus, boost::multiprecision::detail::expression<boost::multiprecision::detail::multiplies, boost::multiprecision::detail::expression<boost::multiprecision::detail::subtract_immediates, boost::multiprecision::number<boost::multiprecision::backends::rational_adaptor<boost::multiprecision::backends::cpp_int_backend<0ul, 0ul, (boost::multiprecision::cpp_integer_type)1, (boost::multiprecision::cpp_int_check_type)0, std::allocator<unsigned long long> > >, (boost::multiprecision::expression_template_option)1>, boost::multiprecision::number<boost::multiprecision::backends::rational_adaptor<boost::multiprecision::backends::cpp_int_backend<0ul, 0ul, (boost::multiprecision::cpp_integer_type)1, (boost::multiprecision::cpp_int_check_type)0, std::allocator<unsigned long long> > >, (boost::multiprecision::expression_template_option)1>, void, void>, boost::multiprecision::number<boost::multiprecision::backends::rational_adaptor<boost::multiprecision::backends::cpp_int_backend<0ul, 0ul, (boost::multiprecision::cpp_integer_type)1, (boost::multiprecision::cpp_int_check_type)0, std::allocator<unsigned long long> > >, (boost::multiprecision::expression_template_option)1>, void, void>, boost::multiprecision::detail::expression<boost::multiprecision::detail::multiplies, boost::multiprecision::detail::expression<boost::multiprecision::detail::subtract_immediates, boost::multiprecision::number<boost::multiprecision::backends::rational_adaptor<boost::multiprecision::backends::cpp_int_backend<0ul, 0ul, (boost::multiprecision::cpp_integer_type)1, (boost::multiprecision::cpp_int_check_type)0, std::allocator<unsigned long long> > >, (boost::multiprecision::expression_template_option)1>, boost::multiprecision::number<boost::multiprecision::backends::rational_adaptor<boost::multiprecision::backends::cpp_int_backend<0ul, 0ul, (boost::multiprecision::cpp_integer_type)1, (boost::multiprecision::cpp_int_check_type)0, std::allocator<unsigned long long> > >, (boost::multiprecision::expression_template_option)1>, void, void>, boost::multiprecision::number<boost::multiprecision::backends::rational_adaptor<boost::multiprecision::backends::cpp_int_backend<0ul, 0ul, (boost::multiprecision::cpp_integer_type)1, (boost::multiprecision::cpp_int_check_type)0, std::allocator<unsigned long long> > >, (boost::multiprecision::expression_template_option)1>, void, void>, void, void> const&, boost::multiprecision::detail::minus const&) [clone .isra.0]",0.0,0.22821576763485477,0,0,22044088
"void boost::multiprecision::number<boost::multiprecision::backends::rational_adaptor<boost::multiprecision::backends::cpp_int_backend<0ul, 0ul, (boost::multiprecision::cpp_integer_type)1, (boost::multiprecision::cpp_int_check_type)0, std::allocator<unsigned long long> > >, (boost::multiprecision::expression_template_option)1>::do_assign<boost::multiprecision::detail::expression<boost::multiprecision::detail::minus, boost::multiprecision::detail::expression<boost::multiprecision::detail::multiply_immediates, boost::multiprecision::number<boost::multiprecision::backends::rational_adaptor<boost::multiprecision::backends::cpp_int_backend<0ul, 0ul, (boost::multiprecision::cpp_integer_type)1, (boost::multiprecision::cpp_int_check_type)0, std::allocator<unsigned long long> > >, (boost::multiprecision::expression_template_option)1>, boost::multiprecision::number<boost::multiprecision::backends::rational_adaptor<boost::multiprecision::backends::cpp_int_backend<0ul, 0ul, (boost::multiprecision::cpp_integer_type)1, (boost::multiprecision::cpp_int_check_type)0, std::allocator<unsigned long long> > >, (boost::multiprecision::expression_template_option)1>, void, void>, boost::multiprecision::detail::expression<boost::multiprecision::detail::multiply_immediates, boost::multiprecision::number<boost::multiprecision::backends::rational_adaptor<boost::multiprecision::backends::cpp_int_backend<0ul, 0ul, (boost::multiprecision::cpp_integer_type)1, (boost::multiprecision::cpp_int_check_type)0, std::allocator<unsigned long long> > >, (boost::multiprecision::expression_template_option)1>, boost::multiprecision::number<boost::multiprecision::backends::rational_adaptor<boost::multiprecision::backends::cpp_int_backend<0ul, 0ul, (boost::multiprecision::cpp_integer_type)1, (boost::multiprecision::cpp_int_check_type)0, std::allocator<unsigned long long> > >, (boost::multiprecision::expression_template_option)1>, void, void>, void, void> >(boost::multiprecision::detail::expression<boost::multiprecision::detail::minus, boost::multiprecision::detail::expression<boost::multiprecision::detail::multiply_immediates, boost::multiprecision::number<boost::multiprecision::backends::rational_adaptor<boost::multiprecision::backends::cpp_int_backend<0ul, 0ul, (boost::multiprecision::cpp_integer_type)1, (boost::multiprecision::cpp_int_check_type)0, std::allocator<unsigned long long> > >, (boost::multiprecision::expression_template_option)1>, boost::multiprecision::number<boost::multiprecision::backends::rational_adaptor<boost::multiprecision::backends::cpp_int_backend<0ul, 0ul, (boost::multiprecision::cpp_integer_type)1, (boost::multiprecision::cpp_int_check_type)0, std::allocator<unsigned long long> > >, (boost::multiprecision::expression_template_option)1>, void, void>, boost::multiprecision::detail::expression<boost::multiprecision::detail::multiply_immediates, boost::multiprecision::number<boost::multiprecision::backends::rational_adaptor<boost::multiprecision::backends::cpp_int_backend<0ul, 0ul, (boost::multiprecision::cpp_integer_type)1, (boost::multiprecision::cpp_int_check_type)0, std::allocator<unsigned long long> > >, (boost::multiprecision::expression_template_option)1>, boost::multiprecision::number<boost::multiprecision::backends::rational_adaptor<boost::multiprecision::backends::cpp_int_backend<0ul, 0ul, (boost::multiprecision::cpp_integer_type)1, (boost::multiprecision::cpp_int_check_type)0, std::allocator<unsigned long long> > >, (boost::multiprecision::expression_template_option)1>, void, void>, void, void> const&, boost::multiprecision::detail::minus const&) [clone .isra.0]",0.0,0.06224066390041494,0,0,6012024
"void boost::multiprecision::number<boost::multiprecision::backends::rational_adaptor<boost::multiprecision::backends::cpp_int_backend<0ul, 0ul, (boost::multiprecision::cpp_integer_type)1, (boost::multiprecision::cpp_int_check_type)0, std::allocator<unsigned long long> > >, (boost::multiprecision::expression_template_option)1>::do_assign<boost::multiprecision::detail::expression<boost::multiprecision::detail::plus, boost::multiprecision::detail::expression<boost::multiprecision::detail::multiply_immediates, boost::multiprecision::number<boost::multiprecision::backends::rational_adaptor<boost::multiprecision::backends::cpp_int_backend<0ul, 0ul, (boost::multiprecision::cpp_integer_type)1, (boost::multiprecision::cpp_int_check_type)0, std::allocator<unsigned long long> > >, (boost::multiprecision::expression_template_option)1>, boost::multiprecision::number<boost::multiprecision::backends::rational_adaptor<boost::multiprecision::backends::cpp_int_backend<0ul, 0ul, (boost::multiprecision::cpp_integer_type)1, (boost::multiprecision::cpp_int_check_type)0, std::allocator<unsigned long long> > >, (boost::multiprecision::expression_template_option)1>, void, void>, boost::multiprecision::detail::expression<boost::multiprecision::detail::multiply_immediates, boost::multiprecision::number<boost::multiprecision::backends::rational_adaptor<boost::multiprecision::backends::cpp_int_backend<0ul, 0ul, (boost::multiprecision::cpp_integer_type)1, (boost::multiprecision::cpp_int_check_type)0, std::allocator<unsigned long long> > >, (boost::multiprecision::expression_template_option)1>, boost::multiprecision::number<boost::multiprecision::backends::rational_adaptor<boost::multiprecision::backends::cpp_int_backend<0ul, 0ul, (boost::multiprecision::cpp_integer_type)1, (boost::multiprecision::cpp_int_check_type)0, std::allocator<unsigned long long> > >, (boost::multiprecision::expression_template_option)1>, void, void>, void, void> >(boost::multiprecision::detail::expression<boost::multiprecision::detail::plus, boost::multiprecision::detail::expression<boost::multiprecision::detail::multiply_immediates, boost::multiprecision::number<boost::multiprecision::backends::rational_adaptor<boost::multiprecision::backends::cpp_int_backend<0ul, 0ul, (boost::multiprecision::cpp_integer_type)1, (boost::multiprecision::cpp_int_check_type)0, std::allocator<unsigned long long> > >, (boost::multiprecision::expression_template_option)1>, boost::multiprecision::number<boost::multiprecision::backends::rational_adaptor<boost::multiprecision::backends::cpp_int_backend<0ul, 0ul, (boost::multiprecision::cpp_integer_type)1, (boost::multiprecision::cpp_int_check_type)0, std::allocator<unsigned long long> > >, (boost::multiprecision::expression_template_option)1>, void, void>, boost::multiprecision::detail::expression<boost::multiprecision::detail::multiply_immediates, boost::multiprecision::number<boost::multiprecision::backends::rational_adaptor<boost::multiprecision::backends::cpp_int_backend<0ul, 0ul, (boost::multiprecision::cpp_integer_type)1, (boost::multiprecision::cpp_int_check_type)0, std::allocator<unsigned long long> > >, (boost::multiprecision::expression_template_option)1>, boost::multiprecision::number<boost::multiprecision::backends::rational_adaptor<boost::multiprecision::backends::cpp_int_backend<0ul, 0ul, (boost::multiprecision::cpp_integer_type)1, (boost::multiprecision::cpp_int_check_type)0, std::allocator<unsigned long long> > >, (boost::multiprecision::expression_template_option)1>, void, void>, void, void> const&, boost::multiprecision::detail::plus const&) [clone .isra.0]",0.0,0.2697095435684647,0,0,26052104
