function,selfPercent,inclusivePercent,selfSamples,selfWeight,inclusiveWeight
__nextafter,16.96362286562732,16.96362286562732,457,915831656,915831656
"std::_Function_handler<void (unsigned long, unsigned long, ParallelRoam::Algorithms::GreedyTransactionalLod::WorkLedger&), ParallelRoam::Algorithms::GreedyTransactionalLod::TransactionalSamples::PrepareView(ParallelRoam::Algorithms::GreedyTransactionalLod::TransactionalState const&, ParallelRoam::Algorithms::GreedyTransactionalLod::Configuration const&, ParallelRoam::Algorithms::GreedyTransactionalLod::WorkLedger&, ParallelRoam::Algorithms::GreedyTransactionalLod::TransactionalExecution const&)::{lambda(auto:1, auto:2, ParallelRoam::Algorithms::GreedyTransactionalLod::WorkLedger&)#2}>::_M_invoke(std::_Any_data const&, unsigned long&&, unsigned long&&, ParallelRoam::Algorithms::GreedyTransactionalLod::WorkLedger&)",8.574610244988865,9.428359317000742,231,462925848,509018032
"std::enable_if<!boost::multiprecision::backends::is_trivial_cpp_int<boost::multiprecision::backends::cpp_int_backend<0ul, 0ul, (boost::multiprecision::cpp_integer_type)1, (boost::multiprecision::cpp_int_check_type)0, std::allocator<unsigned long long> > >::value, void>::type boost::multiprecision::backends::eval_gcd<0ul, 0ul, (boost::multiprecision::cpp_integer_type)1, (boost::multiprecision::cpp_int_check_type)0, std::allocator<unsigned long long> >(boost::multiprecision::backends::cpp_int_backend<0ul, 0ul, (boost::multiprecision::cpp_integer_type)1, (boost::multiprecision::cpp_int_check_type)0, std::allocator<unsigned long long> >&, boost::multiprecision::backends::cpp_int_backend<0ul, 0ul, (boost::multiprecision::cpp_integer_type)1, (boost::multiprecision::cpp_int_check_type)0, std::allocator<unsigned long long> > const&, boost::multiprecision::backends::cpp_int_backend<0ul, 0ul, (boost::multiprecision::cpp_integer_type)1, (boost::multiprecision::cpp_int_check_type)0, std::allocator<unsigned long long> > const&)",7.795100222717149,9.205642167780253,210,420841680,496993984
"ParallelRoam::Algorithms::GreedyTransactionalLod::TransactionalSamples::Project(ParallelRoam::Algorithms::GreedyTransactionalLod::Configuration const&, unsigned int, ParallelRoam::Algorithms::GreedyTransactionalLod::SampleValue, ParallelRoam::Algorithms::GreedyTransactionalLod::WorkLedger&) const",7.12694877505568,7.12694877505568,192,384769536,384769536
"std::_Function_handler<void (unsigned long, unsigned long, ParallelRoam::Algorithms::GreedyTransactionalLod::WorkLedger&), ParallelRoam::Algorithms::GreedyTransactionalLod::TransactionalSamples::PrepareView(ParallelRoam::Algorithms::GreedyTransactionalLod::TransactionalState const&, ParallelRoam::Algorithms::GreedyTransactionalLod::Configuration const&, ParallelRoam::Algorithms::GreedyTransactionalLod::WorkLedger&, ParallelRoam::Algorithms::GreedyTransactionalLod::TransactionalExecution const&)::{lambda(auto:1, auto:2, ParallelRoam::Algorithms::GreedyTransactionalLod::WorkLedger&)#1}>::_M_invoke(std::_Any_data const&, unsigned long&&, unsigned long&&, ParallelRoam::Algorithms::GreedyTransactionalLod::WorkLedger&)",4.974016332590943,12.694877505567929,134,268537072,685370736
"void boost::multiprecision::backends::divide_unsigned_helper<boost::multiprecision::backends::cpp_int_backend<0ul, 0ul, (boost::multiprecision::cpp_integer_type)1, (boost::multiprecision::cpp_int_check_type)0, std::allocator<unsigned long long> >, boost::multiprecision::backends::cpp_int_backend<0ul, 0ul, (boost::multiprecision::cpp_integer_type)1, (boost::multiprecision::cpp_int_check_type)0, std::allocator<unsigned long long> > >(boost::multiprecision::backends::cpp_int_backend<0ul, 0ul, (boost::multiprecision::cpp_integer_type)1, (boost::multiprecision::cpp_int_check_type)0, std::allocator<unsigned long long> >*, boost::multiprecision::backends::cpp_int_backend<0ul, 0ul, (boost::multiprecision::cpp_integer_type)1, (boost::multiprecision::cpp_int_check_type)0, std::allocator<unsigned long long> > const&, unsigned long long, boost::multiprecision::backends::cpp_int_backend<0ul, 0ul, (boost::multiprecision::cpp_integer_type)1, (boost::multiprecision::cpp_int_check_type)0, std::allocator<unsigned long long> >&)",3.4521158129175946,3.56347438752784,93,186372744,192384768
__wrap_scalbnl,2.6726057906458798,2.6726057906458798,72,144288576,144288576
"ParallelRoam::Algorithms::GreedyTransactionalLod::TransactionalQualityFaceEvidence::SideBounds(unsigned long, std::array<ParallelRoam::Algorithms::GreedyTransactionalLod::QualityEvaluation::Interval, 2ul> const&)",2.5241276911655532,2.7097253155159615,68,136272544,146292584
"ParallelRoam::Algorithms::GreedyTransactionalLod::TransactionalSamples::VisibleSupport(std::vector<unsigned int, std::allocator<unsigned int> > const&) const",2.338530066815145,4.008908685968819,63,126252504,216432864
"std::enable_if<((!boost::multiprecision::backends::is_trivial_cpp_int<boost::multiprecision::backends::cpp_int_backend<0ul, 0ul, (boost::multiprecision::cpp_integer_type)1, (boost::multiprecision::cpp_int_check_type)0, std::allocator<unsigned long long> > >::value)&&(!boost::multiprecision::backends::is_trivial_cpp_int<boost::multiprecision::backends::cpp_int_backend<0ul, 0ul, (boost::multiprecision::cpp_integer_type)1, (boost::multiprecision::cpp_int_check_type)0, std::allocator<unsigned long long> > >::value))&&(!boost::multiprecision::backends::is_trivial_cpp_int<boost::multiprecision::backends::cpp_int_backend<0ul, 0ul, (boost::multiprecision::cpp_integer_type)1, (boost::multiprecision::cpp_int_check_type)0, std::allocator<unsigned long long> > >::value), void>::type boost::multiprecision::backends::eval_multiply<0ul, 0ul, (boost::multiprecision::cpp_integer_type)1, (boost::multiprecision::cpp_int_check_type)0, std::allocator<unsigned long long>, 0ul, 0ul, (boost::multiprecision::cpp_integer_type)1, (boost::multiprecision::cpp_int_check_type)0, std::allocator<unsigned long long>, 0ul, 0ul, (boost::multiprecision::cpp_integer_type)1, (boost::multiprecision::cpp_int_check_type)0, std::allocator<unsigned long long> >(boost::multiprecision::backends::cpp_int_backend<0ul, 0ul, (boost::multiprecision::cpp_integer_type)1, (boost::multiprecision::cpp_int_check_type)0, std::allocator<unsigned long long> >&, boost::multiprecision::backends::cpp_int_backend<0ul, 0ul, (boost::multiprecision::cpp_integer_type)1, (boost::multiprecision::cpp_int_check_type)0, std::allocator<unsigned long long> > const&, boost::multiprecision::backends::cpp_int_backend<0ul, 0ul, (boost::multiprecision::cpp_integer_type)1, (boost::multiprecision::cpp_int_check_type)0, std::allocator<unsigned long long> > const&)",2.3014105419450632,3.0066815144766146,62,124248496,162324648
"void boost::multiprecision::backends::cpp_int_backend<0ul, 0ul, (boost::multiprecision::cpp_integer_type)1, (boost::multiprecision::cpp_int_check_type)0, std::allocator<unsigned long long> >::do_assign_float<long double>(long double)",2.078693392724573,5.159613956941351,56,112224448,278557112
"std::enable_if<std::is_floating_point<long double>::value, boost::multiprecision::backends::rational_adaptor<boost::multiprecision::backends::cpp_int_backend<0ul, 0ul, (boost::multiprecision::cpp_integer_type)1, (boost::multiprecision::cpp_int_check_type)0, std::allocator<unsigned long long> > >&>::type boost::multiprecision::backends::rational_adaptor<boost::multiprecision::backends::cpp_int_backend<0ul, 0ul, (boost::multiprecision::cpp_integer_type)1, (boost::multiprecision::cpp_int_check_type)0, std::allocator<unsigned long long> > >::operator=<long double>(long double) [clone .isra.0]",2.0415738678544915,15.330363771343727,55,110220440,827655304
__frexpl,1.8930957683741647,1.8930957683741647,51,102204408,102204408
"void std::__introsort_loop<__gnu_cxx::__normal_iterator<unsigned int*, std::vector<unsigned int, std::allocator<unsigned int> > >, long, __gnu_cxx::__ops::_Iter_less_iter>(__gnu_cxx::__normal_iterator<unsigned int*, std::vector<unsigned int, std::allocator<unsigned int> > >, __gnu_cxx::__normal_iterator<unsigned int*, std::vector<unsigned int, std::allocator<unsigned int> > >, long, __gnu_cxx::__ops::_Iter_less_iter) [clone .isra.0]",1.8188567186340014,1.8188567186340014,49,98196392,98196392
"ParallelRoam::Algorithms::GreedyTransactionalLod::QualityEvaluation::operator*(ParallelRoam::Algorithms::GreedyTransactionalLod::QualityEvaluation::Interval, ParallelRoam::Algorithms::GreedyTransactionalLod::QualityEvaluation::Interval)",1.5219005196733482,1.5219005196733482,41,82164328,82164328
__memmove_avx512_unaligned_erms,1.447661469933185,1.447661469933185,39,78156312,78156312
"void boost::multiprecision::backends::eval_add_subtract_imp<boost::multiprecision::backends::cpp_int_backend<0ul, 0ul, (boost::multiprecision::cpp_integer_type)1, (boost::multiprecision::cpp_int_check_type)0, std::allocator<unsigned long long> > >(boost::multiprecision::backends::rational_adaptor<boost::multiprecision::backends::cpp_int_backend<0ul, 0ul, (boost::multiprecision::cpp_integer_type)1, (boost::multiprecision::cpp_int_check_type)0, std::allocator<unsigned long long> > >&, boost::multiprecision::backends::rational_adaptor<boost::multiprecision::backends::cpp_int_backend<0ul, 0ul, (boost::multiprecision::cpp_integer_type)1, (boost::multiprecision::cpp_int_check_type)0, std::allocator<unsigned long long> > > const&, boost::multiprecision::backends::rational_adaptor<boost::multiprecision::backends::cpp_int_backend<0ul, 0ul, (boost::multiprecision::cpp_integer_type)1, (boost::multiprecision::cpp_int_check_type)0, std::allocator<unsigned long long> > > const&, bool)",1.3734224201930216,9.762435040831477,37,74148296,527054104
"void boost::multiprecision::backends::divide_unsigned_helper<boost::multiprecision::backends::cpp_int_backend<0ul, 0ul, (boost::multiprecision::cpp_integer_type)1, (boost::multiprecision::cpp_int_check_type)0, std::allocator<unsigned long long> >, boost::multiprecision::backends::cpp_int_backend<0ul, 0ul, (boost::multiprecision::cpp_integer_type)1, (boost::multiprecision::cpp_int_check_type)0, std::allocator<unsigned long long> >, boost::multiprecision::backends::cpp_int_backend<0ul, 0ul, (boost::multiprecision::cpp_integer_type)1, (boost::multiprecision::cpp_int_check_type)0, std::allocator<unsigned long long> > >(boost::multiprecision::backends::cpp_int_backend<0ul, 0ul, (boost::multiprecision::cpp_integer_type)1, (boost::multiprecision::cpp_int_check_type)0, std::allocator<unsigned long long> >*, boost::multiprecision::backends::cpp_int_backend<0ul, 0ul, (boost::multiprecision::cpp_integer_type)1, (boost::multiprecision::cpp_int_check_type)0, std::allocator<unsigned long long> > const&, boost::multiprecision::backends::cpp_int_backend<0ul, 0ul, (boost::multiprecision::cpp_integer_type)1, (boost::multiprecision::cpp_int_check_type)0, std::allocator<unsigned long long> > const&, boost::multiprecision::backends::cpp_int_backend<0ul, 0ul, (boost::multiprecision::cpp_integer_type)1, (boost::multiprecision::cpp_int_check_type)0, std::allocator<unsigned long long> >&)",1.2991833704528581,1.5961395694135114,35,70140280,86172344
"ParallelRoam::Algorithms::GreedyTransactionalLod::TransactionalSamples::Weights(unsigned int, ParallelRoam::Algorithms::GreedyTransactionalLod::Point const&, ParallelRoam::Algorithms::GreedyTransactionalLod::Point const&, ParallelRoam::Algorithms::GreedyTransactionalLod::Point const&, std::array<double, 3ul>&) const",1.2620638455827766,11.952487008166296,34,68136272,645290576
"boost::multiprecision::backends::cpp_int_base<0ul, 18446744073709551615ul, (boost::multiprecision::cpp_integer_type)1, (boost::multiprecision::cpp_int_check_type)0, std::allocator<unsigned long long>, false>::resize(unsigned long, unsigned long) [clone .isra.0]",1.2620638455827766,1.2620638455827766,34,68136272,68136272
"std::enable_if<!boost::multiprecision::backends::is_trivial_cpp_int<boost::multiprecision::backends::cpp_int_backend<0ul, 0ul, (boost::multiprecision::cpp_integer_type)1, (boost::multiprecision::cpp_int_check_type)0, std::allocator<unsigned long long> > >::value, void>::type boost::multiprecision::backends::eval_left_shift<0ul, 0ul, (boost::multiprecision::cpp_integer_type)1, (boost::multiprecision::cpp_int_check_type)0, std::allocator<unsigned long long> >(boost::multiprecision::backends::cpp_int_backend<0ul, 0ul, (boost::multiprecision::cpp_integer_type)1, (boost::multiprecision::cpp_int_check_type)0, std::allocator<unsigned long long> >&, unsigned __int128) [clone .part.0]",1.2249443207126949,1.2991833704528581,33,66132264,70140280
__vdso_clock_gettime,1.1878247958426131,1.1878247958426131,32,64128256,64128256
"std::array<ParallelRoam::Algorithms::GreedyTransactionalLod::QualityEvaluation::Interval, 4ul> ParallelRoam::Algorithms::GreedyTransactionalLod::QualityEvaluation::Clip<ParallelRoam::Algorithms::GreedyTransactionalLod::QualityEvaluation::Interval>(ParallelRoam::Algorithms::GreedyTransactionalLod::Configuration const&, ParallelRoam::Algorithms::GreedyTransactionalLod::QualityEvaluation::Interval const&, ParallelRoam::Algorithms::GreedyTransactionalLod::QualityEvaluation::Interval const&, ParallelRoam::Algorithms::GreedyTransactionalLod::QualityEvaluation::Interval const&)",1.1507052709725316,1.4847809948032664,31,62124248,80160320
"ParallelRoam::Algorithms::GreedyTransactionalLod::TransactionalSamples::Prepare(ParallelRoam::Algorithms::GreedyTransactionalLod::TransactionalState const&, ParallelRoam::Algorithms::GreedyTransactionalLod::PreparedTopology const&, ParallelRoam::Algorithms::GreedyTransactionalLod::WorkLedger&)",1.0393466963622866,2.858203414996288,28,56112224,154308616
ParallelRoam::Algorithms::GreedyTransactionalLod::TransactionalState::Vertex(long) const,1.0022271714922049,1.0022271714922049,27,54108216,54108216
__scalbnl,1.0022271714922049,1.0022271714922049,27,54108216,54108216
"void boost::multiprecision::backends::eval_multiply_imp<boost::multiprecision::backends::cpp_int_backend<0ul, 0ul, (boost::multiprecision::cpp_integer_type)1, (boost::multiprecision::cpp_int_check_type)0, std::allocator<unsigned long long> > >(boost::multiprecision::backends::rational_adaptor<boost::multiprecision::backends::cpp_int_backend<0ul, 0ul, (boost::multiprecision::cpp_integer_type)1, (boost::multiprecision::cpp_int_check_type)0, std::allocator<unsigned long long> > >&, boost::multiprecision::backends::rational_adaptor<boost::multiprecision::backends::cpp_int_backend<0ul, 0ul, (boost::multiprecision::cpp_integer_type)1, (boost::multiprecision::cpp_int_check_type)0, std::allocator<unsigned long long> > > const&, boost::multiprecision::backends::cpp_int_backend<0ul, 0ul, (boost::multiprecision::cpp_integer_type)1, (boost::multiprecision::cpp_int_check_type)0, std::allocator<unsigned long long> > const&, boost::multiprecision::backends::cpp_int_backend<0ul, 0ul, (boost::multiprecision::cpp_integer_type)1, (boost::multiprecision::cpp_int_check_type)0, std::allocator<unsigned long long> > const&)",1.0022271714922049,6.273199703043801,27,54108216,338677352
"void boost::multiprecision::backends::eval_gcd_lehmer<0ul, 0ul, (boost::multiprecision::cpp_integer_type)1, (boost::multiprecision::cpp_int_check_type)0, std::allocator<unsigned long long>, boost::multiprecision::backends::cpp_int_base<0ul, 18446744073709551615ul, (boost::multiprecision::cpp_integer_type)1, (boost::multiprecision::cpp_int_check_type)0, std::allocator<unsigned long long>, false>::scoped_shared_storage>(boost::multiprecision::backends::cpp_int_backend<0ul, 0ul, (boost::multiprecision::cpp_integer_type)1, (boost::multiprecision::cpp_int_check_type)0, std::allocator<unsigned long long> >&, boost::multiprecision::backends::cpp_int_backend<0ul, 0ul, (boost::multiprecision::cpp_integer_type)1, (boost::multiprecision::cpp_int_check_type)0, std::allocator<unsigned long long> >&, unsigned long, boost::multiprecision::backends::cpp_int_base<0ul, 18446744073709551615ul, (boost::multiprecision::cpp_integer_type)1, (boost::multiprecision::cpp_int_check_type)0, std::allocator<unsigned long long>, false>::scoped_shared_storage&)",0.9651076466221232,1.2991833704528581,26,52104208,70140280
"std::array<ParallelRoam::Algorithms::GreedyTransactionalLod::QualityEvaluation::Interval, 3ul> ParallelRoam::Algorithms::GreedyTransactionalLod::QualityEvaluation::Reference<ParallelRoam::Algorithms::GreedyTransactionalLod::QualityEvaluation::Interval>(ParallelRoam::Algorithms::GreedyTransactionalLod::TransactionalState const&, ParallelRoam::Algorithms::GreedyTransactionalLod::TransactionalSamples const&, unsigned int)",0.89086859688196,2.6726057906458798,24,48096192,144288576
"ParallelRoam::Algorithms::GreedyTransactionalLod::TransactionalProposalEvidence::Get(unsigned int, ParallelRoam::Algorithms::GreedyTransactionalLod::WorkLedger&)",0.8537490720118782,11.507052709725315,23,46092184,621242480
ParallelRoam::Algorithms::GreedyTransactionalLod::TransactionalSamples::Decode(unsigned int) const,0.7052709725315516,0.7052709725315516,19,38076152,38076152
"ParallelRoam::Algorithms::GreedyTransactionalLod::TransactionalCertification::Fit[abi:cxx11](ParallelRoam::Algorithms::GreedyTransactionalLod::TransactionalState const&, ParallelRoam::Algorithms::GreedyTransactionalLod::TransactionalSamples const&, ParallelRoam::Algorithms::GreedyTransactionalLod::Proposal&, ParallelRoam::Algorithms::GreedyTransactionalLod::WorkLedger&, ParallelRoam::Algorithms::GreedyTransactionalLod::SingleHeightFitInterval*)",0.6681514476614699,29.510022271714924,18,36072144,1593186360
nextafter@plt,0.6310319227913883,0.6310319227913883,17,34068136,34068136
"boost::multiprecision::backends::rational_adaptor<boost::multiprecision::backends::cpp_int_backend<0ul, 0ul, (boost::multiprecision::cpp_integer_type)1, (boost::multiprecision::cpp_int_check_type)0, std::allocator<unsigned long long> > >::rational_adaptor()",0.5939123979213066,0.5939123979213066,16,32064128,32064128
"void boost::multiprecision::backends::subtract_unsigned<boost::multiprecision::backends::cpp_int_backend<0ul, 0ul, (boost::multiprecision::cpp_integer_type)1, (boost::multiprecision::cpp_int_check_type)0, std::allocator<unsigned long long> >, boost::multiprecision::backends::cpp_int_backend<0ul, 0ul, (boost::multiprecision::cpp_integer_type)1, (boost::multiprecision::cpp_int_check_type)0, std::allocator<unsigned long long> >, boost::multiprecision::backends::cpp_int_backend<0ul, 0ul, (boost::multiprecision::cpp_integer_type)1, (boost::multiprecision::cpp_int_check_type)0, std::allocator<unsigned long long> > >(boost::multiprecision::backends::cpp_int_backend<0ul, 0ul, (boost::multiprecision::cpp_integer_type)1, (boost::multiprecision::cpp_int_check_type)0, std::allocator<unsigned long long> >&, boost::multiprecision::backends::cpp_int_backend<0ul, 0ul, (boost::multiprecision::cpp_integer_type)1, (boost::multiprecision::cpp_int_check_type)0, std::allocator<unsigned long long> > const&, boost::multiprecision::backends::cpp_int_backend<0ul, 0ul, (boost::multiprecision::cpp_integer_type)1, (boost::multiprecision::cpp_int_check_type)0, std::allocator<unsigned long long> > const&)",0.5939123979213066,0.5939123979213066,16,32064128,32064128
__umodti3,0.44543429844098,0.44543429844098,12,24048096,24048096
"std::array<boost::multiprecision::number<boost::multiprecision::backends::rational_adaptor<boost::multiprecision::backends::cpp_int_backend<0ul, 0ul, (boost::multiprecision::cpp_integer_type)1, (boost::multiprecision::cpp_int_check_type)0, std::allocator<unsigned long long> > >, (boost::multiprecision::expression_template_option)1>, 4ul> ParallelRoam::Algorithms::GreedyTransactionalLod::QualityEvaluation::Clip<boost::multiprecision::number<boost::multiprecision::backends::rational_adaptor<boost::multiprecision::backends::cpp_int_backend<0ul, 0ul, (boost::multiprecision::cpp_integer_type)1, (boost::multiprecision::cpp_int_check_type)0, std::allocator<unsigned long long> > >, (boost::multiprecision::expression_template_option)1> >(ParallelRoam::Algorithms::GreedyTransactionalLod::Configuration const&, boost::multiprecision::number<boost::multiprecision::backends::rational_adaptor<boost::multiprecision::backends::cpp_int_backend<0ul, 0ul, (boost::multiprecision::cpp_integer_type)1, (boost::multiprecision::cpp_int_check_type)0, std::allocator<unsigned long long> > >, (boost::multiprecision::expression_template_option)1> const&, boost::multiprecision::number<boost::multiprecision::backends::rational_adaptor<boost::multiprecision::backends::cpp_int_backend<0ul, 0ul, (boost::multiprecision::cpp_integer_type)1, (boost::multiprecision::cpp_int_check_type)0, std::allocator<unsigned long long> > >, (boost::multiprecision::expression_template_option)1> const&, boost::multiprecision::number<boost::multiprecision::backends::rational_adaptor<boost::multiprecision::backends::cpp_int_backend<0ul, 0ul, (boost::multiprecision::cpp_integer_type)1, (boost::multiprecision::cpp_int_check_type)0, std::allocator<unsigned long long> > >, (boost::multiprecision::expression_template_option)1> const&)",0.44543429844098,7.720861172976986,12,24048096,416833664
__libc_malloc2,0.4083147735708983,0.7423904974016332,11,22044088,40080160
hypot@@GLIBC_2.35,0.4083147735708983,0.4083147735708983,11,22044088,22044088
"ParallelRoam::Algorithms::GreedyTransactionalLod::QualityEvaluation::ErrorBounds(ParallelRoam::Algorithms::GreedyTransactionalLod::TransactionalState const&, ParallelRoam::Algorithms::GreedyTransactionalLod::TransactionalSamples const&, unsigned int, ParallelRoam::Algorithms::GreedyTransactionalLod::Proposal const*, ParallelRoam::Algorithms::GreedyTransactionalLod::WorkLedger&, ParallelRoam::Algorithms::GreedyTransactionalLod::TransactionalProposalEvidence*)",0.3711952487008166,8.054936896807721,10,20040080,434869736
"std::enable_if<(!boost::multiprecision::backends::is_trivial_cpp_int<boost::multiprecision::backends::cpp_int_backend<0ul, 0ul, (boost::multiprecision::cpp_integer_type)1, (boost::multiprecision::cpp_int_check_type)0, std::allocator<unsigned long long> > >::value)&&(!boost::multiprecision::backends::is_trivial_cpp_int<boost::multiprecision::backends::cpp_int_backend<0ul, 0ul, (boost::multiprecision::cpp_integer_type)1, (boost::multiprecision::cpp_int_check_type)0, std::allocator<unsigned long long> > >::value), void>::type boost::multiprecision::backends::eval_multiply<0ul, 0ul, (boost::multiprecision::cpp_integer_type)1, (boost::multiprecision::cpp_int_check_type)0, std::allocator<unsigned long long>, 0ul, 0ul, (boost::multiprecision::cpp_integer_type)1, (boost::multiprecision::cpp_int_check_type)0, std::allocator<unsigned long long> >(boost::multiprecision::backends::cpp_int_backend<0ul, 0ul, (boost::multiprecision::cpp_integer_type)1, (boost::multiprecision::cpp_int_check_type)0, std::allocator<unsigned long long> >&, boost::multiprecision::backends::cpp_int_backend<0ul, 0ul, (boost::multiprecision::cpp_integer_type)1, (boost::multiprecision::cpp_int_check_type)0, std::allocator<unsigned long long> > const&, unsigned long long const&)",0.3711952487008166,0.3711952487008166,10,20040080,20040080
"ParallelRoam::Algorithms::GreedyTransactionalLod::QualityEvaluation::Interval ParallelRoam::Algorithms::GreedyTransactionalLod::TransactionalQualityFaceEvidence::Interpolate<ParallelRoam::Algorithms::GreedyTransactionalLod::QualityEvaluation::Interval>(ParallelRoam::Algorithms::GreedyTransactionalLod::TransactionalQualityFaceEvidence::Coefficients<ParallelRoam::Algorithms::GreedyTransactionalLod::QualityEvaluation::Interval> const&, std::array<ParallelRoam::Algorithms::GreedyTransactionalLod::QualityEvaluation::Interval, 2ul> const&)",0.33407572383073497,1.1135857461024499,9,18036072,60120240
"ParallelRoam::Algorithms::GreedyTransactionalLod::TransactionalPointwiseQuality::Certify[abi:cxx11](ParallelRoam::Algorithms::GreedyTransactionalLod::TransactionalState const&, ParallelRoam::Algorithms::GreedyTransactionalLod::TransactionalSamples const&, ParallelRoam::Algorithms::GreedyTransactionalLod::Proposal&, bool, ParallelRoam::Algorithms::GreedyTransactionalLod::WorkLedger&)",0.33407572383073497,36.19153674832962,9,18036072,1953907800
"std::array<boost::multiprecision::number<boost::multiprecision::backends::rational_adaptor<boost::multiprecision::backends::cpp_int_backend<0ul, 0ul, (boost::multiprecision::cpp_integer_type)1, (boost::multiprecision::cpp_int_check_type)0, std::allocator<unsigned long long> > >, (boost::multiprecision::expression_template_option)1>, 3ul> ParallelRoam::Algorithms::GreedyTransactionalLod::QualityEvaluation::Reference<boost::multiprecision::number<boost::multiprecision::backends::rational_adaptor<boost::multiprecision::backends::cpp_int_backend<0ul, 0ul, (boost::multiprecision::cpp_integer_type)1, (boost::multiprecision::cpp_int_check_type)0, std::allocator<unsigned long long> > >, (boost::multiprecision::expression_template_option)1> >(ParallelRoam::Algorithms::GreedyTransactionalLod::TransactionalState const&, ParallelRoam::Algorithms::GreedyTransactionalLod::TransactionalSamples const&, unsigned int)",0.33407572383073497,3.080920564216778,9,18036072,166332664
_int_malloc,0.2969561989606533,0.33407572383073497,8,16032064,18036072
ParallelRoam::Algorithms::GreedyTransactionalLod::ReceiverCursor::Next(ParallelRoam::Algorithms::GreedyTransactionalLod::WorkLedger*),0.25983667409057165,5.79064587973274,7,14028056,312625248
"std::enable_if<std::is_convertible<unsigned long long, boost::multiprecision::backends::cpp_int_backend<0ul, 0ul, (boost::multiprecision::cpp_integer_type)1, (boost::multiprecision::cpp_int_check_type)0, std::allocator<unsigned long long> > >::value&&std::is_integral<unsigned long long>::value, void>::type boost::multiprecision::backends::eval_divide<boost::multiprecision::backends::cpp_int_backend<0ul, 0ul, (boost::multiprecision::cpp_integer_type)1, (boost::multiprecision::cpp_int_check_type)0, std::allocator<unsigned long long> >, unsigned long long>(boost::multiprecision::backends::rational_adaptor<boost::multiprecision::backends::cpp_int_backend<0ul, 0ul, (boost::multiprecision::cpp_integer_type)1, (boost::multiprecision::cpp_int_check_type)0, std::allocator<unsigned long long> > >&, unsigned long long)",0.25983667409057165,0.5567928730512249,7,14028056,30060120
malloc,0.22271714922049,0.22271714922049,6,12024048,12024048
"std::optional<ParallelRoam::Algorithms::GreedyTransactionalLod::QualityEvaluation::Interval> ParallelRoam::Algorithms::GreedyTransactionalLod::QualityEvaluation::ScreenPrepared<ParallelRoam::Algorithms::GreedyTransactionalLod::QualityEvaluation::Interval>(ParallelRoam::Algorithms::GreedyTransactionalLod::Configuration const&, std::array<ParallelRoam::Algorithms::GreedyTransactionalLod::QualityEvaluation::Interval, 3ul> const&, std::array<ParallelRoam::Algorithms::GreedyTransactionalLod::QualityEvaluation::Interval, 4ul> const&, ParallelRoam::Algorithms::GreedyTransactionalLod::QualityEvaluation::Interval const&)",0.22271714922049,3.4521158129175946,6,12024048,186372744
ParallelRoam::Algorithms::GreedyTransactionalLod::TransactionalQualityFaceEvidence::Bounds(),0.1855976243504083,0.22271714922049,5,10020040,12024048
"ParallelRoam::Algorithms::GreedyTransactionalLod::TransactionalSamples::BuildOrders(ParallelRoam::Algorithms::GreedyTransactionalLod::TransactionalState const&, std::vector<double, std::allocator<double> > const&, std::vector<std::optional<std::tuple<double, long, unsigned int> >, std::allocator<std::optional<std::tuple<double, long, unsigned int> > > >, ParallelRoam::Algorithms::GreedyTransactionalLod::TransactionalPriorityIndex<std::tuple<double, long, unsigned int> >&, ParallelRoam::Algorithms::GreedyTransactionalLod::TransactionalPriorityIndex<std::pair<double, long> >&, ParallelRoam::Algorithms::GreedyTransactionalLod::WorkLedger&)",0.1855976243504083,0.2969561989606533,5,10020040,16032064
memcpy@plt,0.1855976243504083,0.1855976243504083,5,10020040,10020040
"std::enable_if<!boost::multiprecision::backends::is_trivial_cpp_int<boost::multiprecision::backends::cpp_int_backend<0ul, 0ul, (boost::multiprecision::cpp_integer_type)1, (boost::multiprecision::cpp_int_check_type)0, std::allocator<unsigned long long> > >::value, void>::type boost::multiprecision::backends::eval_gcd<0ul, 0ul, (boost::multiprecision::cpp_integer_type)1, (boost::multiprecision::cpp_int_check_type)0, std::allocator<unsigned long long> >(boost::multiprecision::backends::cpp_int_backend<0ul, 0ul, (boost::multiprecision::cpp_integer_type)1, (boost::multiprecision::cpp_int_check_type)0, std::allocator<unsigned long long> >&, boost::multiprecision::backends::cpp_int_backend<0ul, 0ul, (boost::multiprecision::cpp_integer_type)1, (boost::multiprecision::cpp_int_check_type)0, std::allocator<unsigned long long> > const&, unsigned long long)",0.1855976243504083,0.1855976243504083,5,10020040,10020040
ParallelRoam::Algorithms::GreedyTransactionalLod::QualityEvaluation::(anonymous namespace)::BinaryFloor(double),0.14847809948032664,0.2969561989606533,4,8016032,16032064
"ParallelRoam::Algorithms::GreedyTransactionalLod::QualityEvaluation::operator/(ParallelRoam::Algorithms::GreedyTransactionalLod::QualityEvaluation::Interval, ParallelRoam::Algorithms::GreedyTransactionalLod::QualityEvaluation::Interval)",0.14847809948032664,0.14847809948032664,4,8016032,8016032
ParallelRoam::Algorithms::GreedyTransactionalLod::TransactionalQualitySampleEvidence::ExactCoordinate(),0.14847809948032664,4.380103934669636,4,8016032,236472944
"ParallelRoam::Algorithms::GreedyTransactionalLod::TransactionalSamples::Clip(ParallelRoam::Algorithms::GreedyTransactionalLod::Configuration const&, double, double, double)",0.14847809948032664,0.14847809948032664,4,8016032,8016032
ParallelRoam::Algorithms::GreedyTransactionalLod::TransactionalState::Face(unsigned int) const,0.14847809948032664,0.14847809948032664,4,8016032,8016032
__memset_avx512_unaligned_erms,0.14847809948032664,0.14847809948032664,4,8016032,8016032
_int_free_chunk,0.14847809948032664,0.2969561989606533,4,8016032,16032064
"boost::multiprecision::backends::cpp_int_backend<0ul, 0ul, (boost::multiprecision::cpp_integer_type)1, (boost::multiprecision::cpp_int_check_type)0, std::allocator<unsigned long long> >::~cpp_int_backend()",0.14847809948032664,0.14847809948032664,4,8016032,8016032
std::_Rb_tree_increment(std::_Rb_tree_node_base*),0.14847809948032664,0.14847809948032664,4,8016032,8016032
"void boost::multiprecision::backends::add_unsigned<boost::multiprecision::backends::cpp_int_backend<0ul, 0ul, (boost::multiprecision::cpp_integer_type)1, (boost::multiprecision::cpp_int_check_type)0, std::allocator<unsigned long long> >, boost::multiprecision::backends::cpp_int_backend<0ul, 0ul, (boost::multiprecision::cpp_integer_type)1, (boost::multiprecision::cpp_int_check_type)0, std::allocator<unsigned long long> >, boost::multiprecision::backends::cpp_int_backend<0ul, 0ul, (boost::multiprecision::cpp_integer_type)1, (boost::multiprecision::cpp_int_check_type)0, std::allocator<unsigned long long> > >(boost::multiprecision::backends::cpp_int_backend<0ul, 0ul, (boost::multiprecision::cpp_integer_type)1, (boost::multiprecision::cpp_int_check_type)0, std::allocator<unsigned long long> >&, boost::multiprecision::backends::cpp_int_backend<0ul, 0ul, (boost::multiprecision::cpp_integer_type)1, (boost::multiprecision::cpp_int_check_type)0, std::allocator<unsigned long long> > const&, boost::multiprecision::backends::cpp_int_backend<0ul, 0ul, (boost::multiprecision::cpp_integer_type)1, (boost::multiprecision::cpp_int_check_type)0, std::allocator<unsigned long long> > const&)",0.14847809948032664,0.14847809948032664,4,8016032,8016032
"void std::__introsort_loop<__gnu_cxx::__normal_iterator<std::pair<double, long>*, std::vector<std::pair<double, long>, std::allocator<std::pair<double, long> > > >, long, __gnu_cxx::__ops::_Iter_comp_iter<ParallelRoam::Algorithms::GreedyTransactionalLod::TransactionalPriorityIndex<std::pair<double, long> >::Sort(std::vector<std::pair<double, long>, std::allocator<std::pair<double, long> > >&, ParallelRoam::Algorithms::GreedyTransactionalLod::WorkLedger&)::{lambda(std::pair<double, long> const&, std::pair<double, long> const&)#1}> >(__gnu_cxx::__normal_iterator<std::pair<double, long>*, std::vector<std::pair<double, long>, std::allocator<std::pair<double, long> > > >, __gnu_cxx::__normal_iterator<std::pair<double, long>*, std::vector<std::pair<double, long>, std::allocator<std::pair<double, long> > > >, long, __gnu_cxx::__ops::_Iter_comp_iter<ParallelRoam::Algorithms::GreedyTransactionalLod::TransactionalPriorityIndex<std::pair<double, long> >::Sort(std::vector<std::pair<double, long>, std::allocator<std::pair<double, long> > >&, ParallelRoam::Algorithms::GreedyTransactionalLod::WorkLedger&)::{lambda(std::pair<double, long> const&, std::pair<double, long> const&)#1}>)",0.14847809948032664,0.14847809948032664,4,8016032,8016032
"ParallelRoam::Algorithms::GreedyTransactionalLod::QualityEvaluation::SameInterface(ParallelRoam::Algorithms::GreedyTransactionalLod::TransactionalState const&, ParallelRoam::Algorithms::GreedyTransactionalLod::Proposal const&, bool, std::vector<std::array<ParallelRoam::Algorithms::GreedyTransactionalLod::Point, 3ul>, std::allocator<std::array<ParallelRoam::Algorithms::GreedyTransactionalLod::Point, 3ul> > > const&, std::vector<std::array<ParallelRoam::Algorithms::GreedyTransactionalLod::Point, 3ul>, std::allocator<std::array<ParallelRoam::Algorithms::GreedyTransactionalLod::Point, 3ul> > > const&)",0.111358574610245,1.0764662212323681,3,6012024,58116232
"ParallelRoam::Algorithms::GreedyTransactionalLod::QualityEvaluation::VisibleBounds(ParallelRoam::Algorithms::GreedyTransactionalLod::Configuration const&, std::array<ParallelRoam::Algorithms::GreedyTransactionalLod::QualityEvaluation::Interval, 4ul> const&)",0.111358574610245,0.111358574610245,3,6012024,6012024
"ParallelRoam::Algorithms::GreedyTransactionalLod::TransactionalPredicates::Orientation(ParallelRoam::Algorithms::GreedyTransactionalLod::Point const&, ParallelRoam::Algorithms::GreedyTransactionalLod::Point const&, ParallelRoam::Algorithms::GreedyTransactionalLod::Point const&)",0.111358574610245,0.6681514476614699,3,6012024,36072144
"ParallelRoam::Algorithms::GreedyTransactionalLod::TransactionalProposalEvidence::Face(unsigned int, ParallelRoam::Algorithms::GreedyTransactionalLod::WorkLedger&)",0.111358574610245,0.44543429844098,3,6012024,24048096
"ParallelRoam::Algorithms::GreedyTransactionalLod::TransactionalQualitySampleEvidence::Cover(std::vector<ParallelRoam::Algorithms::GreedyTransactionalLod::TransactionalQualityFaceEvidence, std::allocator<ParallelRoam::Algorithms::GreedyTransactionalLod::TransactionalQualityFaceEvidence> >&)",0.111358574610245,15.033407572383073,3,6012024,811623240
ParallelRoam::Algorithms::GreedyTransactionalLod::WorkLedger::Touch(),0.111358574610245,1.2249443207126949,3,6012024,66132264
__memmove_chk_avx512_unaligned_erms,0.111358574610245,0.111358574610245,3,6012024,6012024
__udivti3,0.111358574610245,0.111358574610245,3,6012024,6012024
_int_free_merge_chunk,0.111358574610245,0.14847809948032664,3,6012024,8016032
"boost::multiprecision::number<boost::multiprecision::backends::rational_adaptor<boost::multiprecision::backends::cpp_int_backend<0ul, 0ul, (boost::multiprecision::cpp_integer_type)1, (boost::multiprecision::cpp_int_check_type)0, std::allocator<unsigned long long> > >, (boost::multiprecision::expression_template_option)1> ParallelRoam::Algorithms::GreedyTransactionalLod::TransactionalQualityFaceEvidence::Interpolate<boost::multiprecision::number<boost::multiprecision::backends::rational_adaptor<boost::multiprecision::backends::cpp_int_backend<0ul, 0ul, (boost::multiprecision::cpp_integer_type)1, (boost::multiprecision::cpp_int_check_type)0, std::allocator<unsigned long long> > >, (boost::multiprecision::expression_template_option)1> >(ParallelRoam::Algorithms::GreedyTransactionalLod::TransactionalQualityFaceEvidence::Coefficients<boost::multiprecision::number<boost::multiprecision::backends::rational_adaptor<boost::multiprecision::backends::cpp_int_backend<0ul, 0ul, (boost::multiprecision::cpp_integer_type)1, (boost::multiprecision::cpp_int_check_type)0, std::allocator<unsigned long long> > >, (boost::multiprecision::expression_template_option)1> > const&, std::array<boost::multiprecision::number<boost::multiprecision::backends::rational_adaptor<boost::multiprecision::backends::cpp_int_backend<0ul, 0ul, (boost::multiprecision::cpp_integer_type)1, (boost::multiprecision::cpp_int_check_type)0, std::allocator<unsigned long long> > >, (boost::multiprecision::expression_template_option)1>, 2ul> const&)",0.111358574610245,1.4105419450631032,3,6012024,76152304
cfree@GLIBC_2.2.5,0.111358574610245,0.111358574610245,3,6012024,6012024
operator new(unsigned long),0.111358574610245,0.8537490720118782,3,6012024,46092184
"std::_Rb_tree<std::tuple<char, long, long>, std::tuple<char, long, long>, std::_Identity<std::tuple<char, long, long> >, std::less<std::tuple<char, long, long> >, std::allocator<std::tuple<char, long, long> > >::find(std::tuple<char, long, long> const&) const",0.111358574610245,0.111358574610245,3,6012024,6012024
"std::array<boost::multiprecision::number<boost::multiprecision::backends::rational_adaptor<boost::multiprecision::backends::cpp_int_backend<0ul, 0ul, (boost::multiprecision::cpp_integer_type)1, (boost::multiprecision::cpp_int_check_type)0, std::allocator<unsigned long long> > >, (boost::multiprecision::expression_template_option)1>, 2ul> ParallelRoam::Algorithms::GreedyTransactionalLod::QualityEvaluation::Coordinate<boost::multiprecision::number<boost::multiprecision::backends::rational_adaptor<boost::multiprecision::backends::cpp_int_backend<0ul, 0ul, (boost::multiprecision::cpp_integer_type)1, (boost::multiprecision::cpp_int_check_type)0, std::allocator<unsigned long long> > >, (boost::multiprecision::expression_template_option)1> >(std::array<boost::multiprecision::number<boost::multiprecision::backends::rational_adaptor<boost::multiprecision::backends::cpp_int_backend<0ul, 0ul, (boost::multiprecision::cpp_integer_type)1, (boost::multiprecision::cpp_int_check_type)0, std::allocator<unsigned long long> > >, (boost::multiprecision::expression_template_option)1>, 3ul> const&, ParallelRoam::Algorithms::GreedyTransactionalLod::Configuration const&, bool)",0.111358574610245,1.0022271714922049,3,6012024,54108216
std::chrono::_V2::steady_clock::now(),0.111358574610245,1.3363028953229399,3,6012024,72144288
"ParallelRoam::Algorithms::GreedyTransactionalLod::(anonymous namespace)::Prepare(ParallelRoam::Algorithms::GreedyTransactionalLod::TransactionalState const&, ParallelRoam::Algorithms::GreedyTransactionalLod::TransactionalSamples const&, unsigned int, char, std::vector<unsigned int, std::allocator<unsigned int> >, ParallelRoam::Algorithms::GreedyTransactionalLod::Point const&, long, unsigned long)",0.07423904974016332,5.308092056421677,2,4008016,286573144
"ParallelRoam::Algorithms::GreedyTransactionalLod::QualityEvaluation::AddBounds(boost::multiprecision::number<boost::multiprecision::backends::rational_adaptor<boost::multiprecision::backends::cpp_int_backend<0ul, 0ul, (boost::multiprecision::cpp_integer_type)1, (boost::multiprecision::cpp_int_check_type)0, std::allocator<unsigned long long> > >, (boost::multiprecision::expression_template_option)1> const&, boost::multiprecision::number<boost::multiprecision::backends::rational_adaptor<boost::multiprecision::backends::cpp_int_backend<0ul, 0ul, (boost::multiprecision::cpp_integer_type)1, (boost::multiprecision::cpp_int_check_type)0, std::allocator<unsigned long long> > >, (boost::multiprecision::expression_template_option)1> const&, boost::multiprecision::number<boost::multiprecision::backends::cpp_int_backend<0ul, 0ul, (boost::multiprecision::cpp_integer_type)1, (boost::multiprecision::cpp_int_check_type)0, std::allocator<unsigned long long> >, (boost::multiprecision::expression_template_option)1>&, boost::multiprecision::number<boost::multiprecision::backends::cpp_int_backend<0ul, 0ul, (boost::multiprecision::cpp_integer_type)1, (boost::multiprecision::cpp_int_check_type)0, std::allocator<unsigned long long> >, (boost::multiprecision::expression_template_option)1>&)::{lambda(boost::multiprecision::number<boost::multiprecision::backends::rational_adaptor<boost::multiprecision::backends::cpp_int_backend<0ul, 0ul, (boost::multiprecision::cpp_integer_type)1, (boost::multiprecision::cpp_int_check_type)0, std::allocator<unsigned long long> > >, (boost::multiprecision::expression_template_option)1> const&)#1}::operator()(boost::multiprecision::number<boost::multiprecision::backends::rational_adaptor<boost::multiprecision::backends::cpp_int_backend<0ul, 0ul, (boost::multiprecision::cpp_integer_type)1, (boost::multiprecision::cpp_int_check_type)0, std::allocator<unsigned long long> > >, (boost::multiprecision::expression_template_option)1> const&) const [clone .isra.0]",0.07423904974016332,0.07423904974016332,2,4008016,4008016
"ParallelRoam::Algorithms::GreedyTransactionalLod::QualityEvaluation::ExactError(ParallelRoam::Algorithms::GreedyTransactionalLod::TransactionalState const&, ParallelRoam::Algorithms::GreedyTransactionalLod::TransactionalSamples const&, unsigned int, ParallelRoam::Algorithms::GreedyTransactionalLod::Proposal const*, ParallelRoam::Algorithms::GreedyTransactionalLod::TransactionalProposalEvidence*, ParallelRoam::Algorithms::GreedyTransactionalLod::WorkLedger*)",0.07423904974016332,4.083147735708983,2,4008016,220440880
ParallelRoam::Algorithms::GreedyTransactionalLod::QualityEvaluation::Finite(ParallelRoam::Algorithms::GreedyTransactionalLod::QualityEvaluation::Interval),0.07423904974016332,0.07423904974016332,2,4008016,4008016
"ParallelRoam::Algorithms::GreedyTransactionalLod::TransactionalPointwiseQuality::ValidateBatch(ParallelRoam::Algorithms::GreedyTransactionalLod::TransactionalState const&, ParallelRoam::Algorithms::GreedyTransactionalLod::TransactionalSamples const&, ParallelRoam::Algorithms::GreedyTransactionalLod::CertifiedBatch const&, ParallelRoam::Algorithms::GreedyTransactionalLod::WorkLedger&)",0.07423904974016332,0.89086859688196,2,4008016,48096192
"ParallelRoam::Algorithms::GreedyTransactionalLod::TransactionalPointwiseQuality::ValidateBatch(ParallelRoam::Algorithms::GreedyTransactionalLod::TransactionalState const&, ParallelRoam::Algorithms::GreedyTransactionalLod::TransactionalSamples const&, ParallelRoam::Algorithms::GreedyTransactionalLod::CertifiedBatch const&, ParallelRoam::Algorithms::GreedyTransactionalLod::WorkLedger&)::{lambda(ParallelRoam::Algorithms::GreedyTransactionalLod::Proposal const&, bool)#1}::operator()(ParallelRoam::Algorithms::GreedyTransactionalLod::Proposal const&, bool) const",0.07423904974016332,0.5196733481811433,2,4008016,28056112
"ParallelRoam::Algorithms::GreedyTransactionalLod::TransactionalPredicates::Shape(ParallelRoam::Algorithms::GreedyTransactionalLod::Point const&, ParallelRoam::Algorithms::GreedyTransactionalLod::Point const&, ParallelRoam::Algorithms::GreedyTransactionalLod::Point const&)",0.07423904974016332,3.600593912397921,2,4008016,194388776
"ParallelRoam::Algorithms::GreedyTransactionalLod::TransactionalPriorityIndex<std::pair<double, long> >::PrepareRepair(std::map<unsigned int, std::optional<std::pair<double, long> >, std::less<unsigned int>, std::allocator<std::pair<unsigned int const, std::optional<std::pair<double, long> > > > >, unsigned long, ParallelRoam::Algorithms::GreedyTransactionalLod::WorkLedger&)",0.07423904974016332,0.111358574610245,2,4008016,6012024
"ParallelRoam::Algorithms::GreedyTransactionalLod::TransactionalPriorityIndex<std::tuple<double, long, unsigned int> >::PrepareRepair(std::map<unsigned int, std::optional<std::tuple<double, long, unsigned int> >, std::less<unsigned int>, std::allocator<std::pair<unsigned int const, std::optional<std::tuple<double, long, unsigned int> > > > >, unsigned long, ParallelRoam::Algorithms::GreedyTransactionalLod::WorkLedger&)",0.07423904974016332,0.07423904974016332,2,4008016,4008016
ParallelRoam::Algorithms::GreedyTransactionalLod::TransactionalQualityFaceEvidence::Exact(),0.07423904974016332,0.7052709725315516,2,4008016,38076152
"ParallelRoam::Algorithms::GreedyTransactionalLod::TransactionalQualityFaceEvidence::ExactSide(unsigned long, std::array<boost::multiprecision::number<boost::multiprecision::backends::rational_adaptor<boost::multiprecision::backends::cpp_int_backend<0ul, 0ul, (boost::multiprecision::cpp_integer_type)1, (boost::multiprecision::cpp_int_check_type)0, std::allocator<unsigned long long> > >, (boost::multiprecision::expression_template_option)1>, 2ul> const&)",0.07423904974016332,2.0044543429844097,2,4008016,108216432
ParallelRoam::Algorithms::GreedyTransactionalLod::TransactionalQualitySampleEvidence::CoordinateBounds(),0.07423904974016332,2.4498886414253898,2,4008016,132264528
ParallelRoam::Algorithms::GreedyTransactionalLod::TransactionalQualitySampleEvidence::ExactClip(),0.07423904974016332,1.9673348181143282,2,4008016,106212424
ParallelRoam::Algorithms::GreedyTransactionalLod::TransactionalQualitySampleEvidence::ExactReference(),0.07423904974016332,3.2293986636971046,2,4008016,174348696
"ParallelRoam::Algorithms::GreedyTransactionalLod::TransactionalSamples::StoredWeights(unsigned int, ParallelRoam::Algorithms::GreedyTransactionalLod::Point const&, ParallelRoam::Algorithms::GreedyTransactionalLod::Point const&, ParallelRoam::Algorithms::GreedyTransactionalLod::Point const&) const",0.07423904974016332,0.07423904974016332,2,4008016,4008016
__udivmodti4,0.07423904974016332,0.07423904974016332,2,4008016,4008016
__umodti3@plt,0.07423904974016332,0.07423904974016332,2,4008016,4008016
"auto ParallelRoam::Algorithms::GreedyTransactionalLod::TransactionalReservation::Plan(ParallelRoam::Algorithms::GreedyTransactionalLod::TransactionalState const&, ParallelRoam::Algorithms::GreedyTransactionalLod::TransactionalSamples const&, ParallelRoam::Algorithms::GreedyTransactionalLod::WorkLedger&, ParallelRoam::Algorithms::GreedyTransactionalLod::TransactionalExecution const&)::{lambda(auto:1, auto:2, ParallelRoam::Algorithms::GreedyTransactionalLod::WorkLedger&)#1}::operator()<unsigned long, unsigned long>(unsigned long, unsigned long, ParallelRoam::Algorithms::GreedyTransactionalLod::WorkLedger&) const",0.07423904974016332,73.05122494432071,2,4008016,3943887744
"boost::multiprecision::backends::cpp_int_base<0ul, 18446744073709551615ul, (boost::multiprecision::cpp_integer_type)1, (boost::multiprecision::cpp_int_check_type)0, std::allocator<unsigned long long>, false>::cpp_int_base(boost::multiprecision::backends::cpp_int_base<0ul, 18446744073709551615ul, (boost::multiprecision::cpp_integer_type)1, (boost::multiprecision::cpp_int_check_type)0, std::allocator<unsigned long long>, false>&&)",0.07423904974016332,0.07423904974016332,2,4008016,4008016
"boost::multiprecision::backends::cpp_int_base<0ul, 18446744073709551615ul, (boost::multiprecision::cpp_integer_type)1, (boost::multiprecision::cpp_int_check_type)0, std::allocator<unsigned long long>, false>::resize(unsigned long, unsigned long) [clone .constprop.0]",0.07423904974016332,0.07423904974016332,2,4008016,4008016
"std::_Rb_tree_insert_and_rebalance(bool, std::_Rb_tree_node_base*, std::_Rb_tree_node_base*, std::_Rb_tree_node_base&)",0.07423904974016332,0.07423904974016332,2,4008016,4008016
"std::enable_if<!boost::multiprecision::backends::is_trivial_cpp_int<boost::multiprecision::backends::cpp_int_backend<0ul, 0ul, (boost::multiprecision::cpp_integer_type)1, (boost::multiprecision::cpp_int_check_type)0, std::allocator<unsigned long long> > >::value, unsigned long>::type boost::multiprecision::backends::eval_msb<0ul, 0ul, (boost::multiprecision::cpp_integer_type)1, (boost::multiprecision::cpp_int_check_type)0, std::allocator<unsigned long long> >(boost::multiprecision::backends::cpp_int_backend<0ul, 0ul, (boost::multiprecision::cpp_integer_type)1, (boost::multiprecision::cpp_int_check_type)0, std::allocator<unsigned long long> > const&)",0.07423904974016332,0.07423904974016332,2,4008016,4008016
unlink_chunk.isra.0,0.07423904974016332,0.07423904974016332,2,4008016,4008016
"void boost::multiprecision::backends::add_unsigned<boost::multiprecision::backends::cpp_int_backend<0ul, 0ul, (boost::multiprecision::cpp_integer_type)1, (boost::multiprecision::cpp_int_check_type)0, std::allocator<unsigned long long> >, boost::multiprecision::backends::cpp_int_backend<0ul, 0ul, (boost::multiprecision::cpp_integer_type)1, (boost::multiprecision::cpp_int_check_type)0, std::allocator<unsigned long long> > >(boost::multiprecision::backends::cpp_int_backend<0ul, 0ul, (boost::multiprecision::cpp_integer_type)1, (boost::multiprecision::cpp_int_check_type)0, std::allocator<unsigned long long> >&, boost::multiprecision::backends::cpp_int_backend<0ul, 0ul, (boost::multiprecision::cpp_integer_type)1, (boost::multiprecision::cpp_int_check_type)0, std::allocator<unsigned long long> > const&, unsigned long long const&)",0.07423904974016332,0.07423904974016332,2,4008016,4008016
"ParallelRoam::Algorithms::GreedyTransactionalLod::PreparedTopology::Geometry(ParallelRoam::Algorithms::GreedyTransactionalLod::TransactionalState const&, long) const",0.03711952487008166,0.03711952487008166,1,2004008,2004008
"ParallelRoam::Algorithms::GreedyTransactionalLod::QualityEvaluation::Area(std::array<ParallelRoam::Algorithms::GreedyTransactionalLod::Point, 3ul> const&)",0.03711952487008166,0.22271714922049,1,2004008,12024048
"ParallelRoam::Algorithms::GreedyTransactionalLod::QualityEvaluation::CoveringFace(ParallelRoam::Algorithms::GreedyTransactionalLod::TransactionalState const&, ParallelRoam::Algorithms::GreedyTransactionalLod::TransactionalSamples const&, unsigned int, ParallelRoam::Algorithms::GreedyTransactionalLod::Proposal const*)",0.03711952487008166,0.14847809948032664,1,2004008,8016032
"ParallelRoam::Algorithms::GreedyTransactionalLod::QualityEvaluation::Faces(ParallelRoam::Algorithms::GreedyTransactionalLod::TransactionalState const&, ParallelRoam::Algorithms::GreedyTransactionalLod::Proposal const&, bool, bool)",0.03711952487008166,0.03711952487008166,1,2004008,2004008
"ParallelRoam::Algorithms::GreedyTransactionalLod::ReceiverCursor::ReceiverCursor(ParallelRoam::Algorithms::GreedyTransactionalLod::TransactionalState const&, ParallelRoam::Algorithms::GreedyTransactionalLod::TransactionalSamples const&, unsigned int)",0.03711952487008166,0.03711952487008166,1,2004008,2004008
"ParallelRoam::Algorithms::GreedyTransactionalLod::TransactionalCertification::SetProgressTarget[abi:cxx11](ParallelRoam::Algorithms::GreedyTransactionalLod::TransactionalState const&, ParallelRoam::Algorithms::GreedyTransactionalLod::TransactionalSamples const&, ParallelRoam::Algorithms::GreedyTransactionalLod::Proposal&, ParallelRoam::Algorithms::GreedyTransactionalLod::WorkLedger&)",0.03711952487008166,4.157386785449146,1,2004008,224448896
"ParallelRoam::Algorithms::GreedyTransactionalLod::TransactionalCommit::Prepare(ParallelRoam::Algorithms::GreedyTransactionalLod::TransactionalState&, ParallelRoam::Algorithms::GreedyTransactionalLod::CertifiedBatch const&, ParallelRoam::Algorithms::GreedyTransactionalLod::WorkLedger&, ParallelRoam::Algorithms::GreedyTransactionalLod::TransactionalExecution const&, ParallelRoam::Algorithms::GreedyTransactionalLod::HeightSource const*)",0.03711952487008166,0.111358574610245,1,2004008,6012024
"ParallelRoam::Algorithms::GreedyTransactionalLod::TransactionalFlipRecovery::Construct(ParallelRoam::Algorithms::GreedyTransactionalLod::TransactionalState const&, unsigned int, std::array<long, 2ul>)",0.03711952487008166,0.03711952487008166,1,2004008,2004008
"ParallelRoam::Algorithms::GreedyTransactionalLod::TransactionalQualityFaceEvidence::Coefficients<boost::multiprecision::number<boost::multiprecision::backends::rational_adaptor<boost::multiprecision::backends::cpp_int_backend<0ul, 0ul, (boost::multiprecision::cpp_integer_type)1, (boost::multiprecision::cpp_int_check_type)0, std::allocator<unsigned long long> > >, (boost::multiprecision::expression_template_option)1> > ParallelRoam::Algorithms::GreedyTransactionalLod::TransactionalQualityFaceEvidence::Prepare<boost::multiprecision::number<boost::multiprecision::backends::rational_adaptor<boost::multiprecision::backends::cpp_int_backend<0ul, 0ul, (boost::multiprecision::cpp_integer_type)1, (boost::multiprecision::cpp_int_check_type)0, std::allocator<unsigned long long> > >, (boost::multiprecision::expression_template_option)1> >() const",0.03711952487008166,0.6310319227913883,1,2004008,34068136
ParallelRoam::Algorithms::GreedyTransactionalLod::TransactionalQualitySampleEvidence::VisibilityAgrees(),0.03711952487008166,1.2991833704528581,1,2004008,70140280
"ParallelRoam::Algorithms::GreedyTransactionalLod::TransactionalReservation::Conflict(ParallelRoam::Algorithms::GreedyTransactionalLod::TransactionFootprint const&, ParallelRoam::Algorithms::GreedyTransactionalLod::TransactionFootprint const&)",0.03711952487008166,0.03711952487008166,1,2004008,2004008
"ParallelRoam::Algorithms::GreedyTransactionalLod::TransactionalReservation::Plan(ParallelRoam::Algorithms::GreedyTransactionalLod::TransactionalState const&, ParallelRoam::Algorithms::GreedyTransactionalLod::TransactionalSamples const&, ParallelRoam::Algorithms::GreedyTransactionalLod::WorkLedger&, ParallelRoam::Algorithms::GreedyTransactionalLod::TransactionalExecution const&)",0.03711952487008166,0.22271714922049,1,2004008,12024048
"ParallelRoam::Algorithms::GreedyTransactionalLod::TransactionalSamples::Priority(ParallelRoam::Algorithms::GreedyTransactionalLod::Configuration const&, std::array<ParallelRoam::Algorithms::GreedyTransactionalLod::Point, 3ul> const&, double)",0.03711952487008166,0.03711952487008166,1,2004008,2004008
ParallelRoam::Algorithms::GreedyTransactionalLod::TransactionalSamples::Publish(ParallelRoam::Algorithms::GreedyTransactionalLod::PreparedSamples&&),0.03711952487008166,0.03711952487008166,1,2004008,2004008
"ParallelRoam::Algorithms::GreedyTransactionalLod::TransactionalSamples::SourceHeight(unsigned int, unsigned int, double) const",0.03711952487008166,0.03711952487008166,1,2004008,2004008
"ParallelRoam::Algorithms::GreedyTransactionalLod::TransactionalSamples::StrictlyInside(unsigned int, ParallelRoam::Algorithms::GreedyTransactionalLod::Point const&, ParallelRoam::Algorithms::GreedyTransactionalLod::Point const&, ParallelRoam::Algorithms::GreedyTransactionalLod::Point const&) const",0.03711952487008166,0.1855976243504083,1,2004008,10020040
ParallelRoam::Algorithms::GreedyTransactionalLod::WorkLedger::CheckLimit() const,0.03711952487008166,0.111358574610245,1,2004008,6012024
__memcpy_chk@plt,0.03711952487008166,0.03711952487008166,1,2004008,2004008
__syscall_cancel_arch_end,0.03711952487008166,0.03711952487008166,1,2004008,2004008
"boost::multiprecision::backends::cpp_int_base<0ul, 18446744073709551615ul, (boost::multiprecision::cpp_integer_type)1, (boost::multiprecision::cpp_int_check_type)0, std::allocator<unsigned long long>, false>::assign(boost::multiprecision::backends::cpp_int_base<0ul, 18446744073709551615ul, (boost::multiprecision::cpp_integer_type)1, (boost::multiprecision::cpp_int_check_type)0, std::allocator<unsigned long long>, false> const&) [clone .part.0]",0.03711952487008166,0.03711952487008166,1,2004008,2004008
"boost::multiprecision::backends::rational_adaptor<boost::multiprecision::backends::cpp_int_backend<0ul, 0ul, (boost::multiprecision::cpp_integer_type)1, (boost::multiprecision::cpp_int_check_type)0, std::allocator<unsigned long long> > >::compare(boost::multiprecision::backends::rational_adaptor<boost::multiprecision::backends::cpp_int_backend<0ul, 0ul, (boost::multiprecision::cpp_integer_type)1, (boost::multiprecision::cpp_int_check_type)0, std::allocator<unsigned long long> > > const&) const",0.03711952487008166,0.3711952487008166,1,2004008,20040080
"boost::multiprecision::backends::rational_adaptor<boost::multiprecision::backends::cpp_int_backend<0ul, 0ul, (boost::multiprecision::cpp_integer_type)1, (boost::multiprecision::cpp_int_check_type)0, std::allocator<unsigned long long> > >::rational_adaptor<unsigned long long>(unsigned long long const&, std::enable_if<std::is_constructible<boost::multiprecision::backends::cpp_int_backend<0ul, 0ul, (boost::multiprecision::cpp_integer_type)1, (boost::multiprecision::cpp_int_check_type)0, std::allocator<unsigned long long> >, unsigned long long>::value&&(!std::is_floating_point<unsigned long long>::value), void>::type const*)",0.03711952487008166,0.03711952487008166,1,2004008,2004008
clock_gettime@@GLIBC_2.17,0.03711952487008166,1.2249443207126949,1,2004008,66132264
frexpl@plt,0.03711952487008166,0.03711952487008166,1,2004008,2004008
ldexpl@plt,0.03711952487008166,0.03711952487008166,1,2004008,2004008
pthread_mutex_lock@@GLIBC_2.2.5,0.03711952487008166,0.03711952487008166,1,2004008,2004008
"std::_Rb_tree<unsigned int, std::pair<unsigned int const, std::vector<ParallelRoam::Algorithms::GreedyTransactionalLod::Proposal const*, std::allocator<ParallelRoam::Algorithms::GreedyTransactionalLod::Proposal const*> > >, std::_Select1st<std::pair<unsigned int const, std::vector<ParallelRoam::Algorithms::GreedyTransactionalLod::Proposal const*, std::allocator<ParallelRoam::Algorithms::GreedyTransactionalLod::Proposal const*> > > >, std::less<unsigned int>, std::allocator<std::pair<unsigned int const, std::vector<ParallelRoam::Algorithms::GreedyTransactionalLod::Proposal const*, std::allocator<ParallelRoam::Algorithms::GreedyTransactionalLod::Proposal const*> > > > >::_M_erase(std::_Rb_tree_node<std::pair<unsigned int const, std::vector<ParallelRoam::Algorithms::GreedyTransactionalLod::Proposal const*, std::allocator<ParallelRoam::Algorithms::GreedyTransactionalLod::Proposal const*> > > >*) [clone .isra.0]",0.03711952487008166,0.14847809948032664,1,2004008,8016032
"std::_Rb_tree_iterator<std::pair<long const, ParallelRoam::Algorithms::GreedyTransactionalLod::Point> > std::_Rb_tree<long, std::pair<long const, ParallelRoam::Algorithms::GreedyTransactionalLod::Point>, std::_Select1st<std::pair<long const, ParallelRoam::Algorithms::GreedyTransactionalLod::Point> >, std::less<long>, std::allocator<std::pair<long const, ParallelRoam::Algorithms::GreedyTransactionalLod::Point> > >::_M_emplace_hint_unique<long&, ParallelRoam::Algorithms::GreedyTransactionalLod::Point const&>(std::_Rb_tree_const_iterator<std::pair<long const, ParallelRoam::Algorithms::GreedyTransactionalLod::Point> >, long&, ParallelRoam::Algorithms::GreedyTransactionalLod::Point const&) [clone .isra.0]",0.03711952487008166,0.07423904974016332,1,2004008,4008016
"std::enable_if<!boost::multiprecision::backends::is_trivial_cpp_int<boost::multiprecision::backends::cpp_int_backend<0ul, 0ul, (boost::multiprecision::cpp_integer_type)1, (boost::multiprecision::cpp_int_check_type)0, std::allocator<unsigned long long> > >::value, void>::type boost::multiprecision::backends::eval_right_shift<0ul, 0ul, (boost::multiprecision::cpp_int_check_type)0, std::allocator<unsigned long long> >(boost::multiprecision::backends::cpp_int_backend<0ul, 0ul, (boost::multiprecision::cpp_integer_type)1, (boost::multiprecision::cpp_int_check_type)0, std::allocator<unsigned long long> >&, unsigned __int128)",0.03711952487008166,0.03711952487008166,1,2004008,2004008
"std::enable_if<std::is_convertible<long long, boost::multiprecision::backends::cpp_int_backend<0ul, 0ul, (boost::multiprecision::cpp_integer_type)1, (boost::multiprecision::cpp_int_check_type)0, std::allocator<unsigned long long> > >::value&&std::is_integral<long long>::value, void>::type boost::multiprecision::backends::eval_divide<boost::multiprecision::backends::cpp_int_backend<0ul, 0ul, (boost::multiprecision::cpp_integer_type)1, (boost::multiprecision::cpp_int_check_type)0, std::allocator<unsigned long long> >, long long>(boost::multiprecision::backends::rational_adaptor<boost::multiprecision::backends::cpp_int_backend<0ul, 0ul, (boost::multiprecision::cpp_integer_type)1, (boost::multiprecision::cpp_int_check_type)0, std::allocator<unsigned long long> > >&, long long)",0.03711952487008166,0.07423904974016332,1,2004008,4008016
"std::optional<boost::multiprecision::number<boost::multiprecision::backends::rational_adaptor<boost::multiprecision::backends::cpp_int_backend<0ul, 0ul, (boost::multiprecision::cpp_integer_type)1, (boost::multiprecision::cpp_int_check_type)0, std::allocator<unsigned long long> > >, (boost::multiprecision::expression_template_option)1> > ParallelRoam::Algorithms::GreedyTransactionalLod::QualityEvaluation::ScreenPrepared<boost::multiprecision::number<boost::multiprecision::backends::rational_adaptor<boost::multiprecision::backends::cpp_int_backend<0ul, 0ul, (boost::multiprecision::cpp_integer_type)1, (boost::multiprecision::cpp_int_check_type)0, std::allocator<unsigned long long> > >, (boost::multiprecision::expression_template_option)1> >(ParallelRoam::Algorithms::GreedyTransactionalLod::Configuration const&, std::array<boost::multiprecision::number<boost::multiprecision::backends::rational_adaptor<boost::multiprecision::backends::cpp_int_backend<0ul, 0ul, (boost::multiprecision::cpp_integer_type)1, (boost::multiprecision::cpp_int_check_type)0, std::allocator<unsigned long long> > >, (boost::multiprecision::expression_template_option)1>, 3ul> const&, std::array<boost::multiprecision::number<boost::multiprecision::backends::rational_adaptor<boost::multiprecision::backends::cpp_int_backend<0ul, 0ul, (boost::multiprecision::cpp_integer_type)1, (boost::multiprecision::cpp_int_check_type)0, std::allocator<unsigned long long> > >, (boost::multiprecision::expression_template_option)1>, 4ul> const&, boost::multiprecision::number<boost::multiprecision::backends::rational_adaptor<boost::multiprecision::backends::cpp_int_backend<0ul, 0ul, (boost::multiprecision::cpp_integer_type)1, (boost::multiprecision::cpp_int_check_type)0, std::allocator<unsigned long long> > >, (boost::multiprecision::expression_template_option)1> const&)",0.03711952487008166,5.902004454342984,1,2004008,318637272
"void boost::multiprecision::backends::eval_divide<boost::multiprecision::backends::cpp_int_backend<0ul, 0ul, (boost::multiprecision::cpp_integer_type)1, (boost::multiprecision::cpp_int_check_type)0, std::allocator<unsigned long long> > >(boost::multiprecision::backends::rational_adaptor<boost::multiprecision::backends::cpp_int_backend<0ul, 0ul, (boost::multiprecision::cpp_integer_type)1, (boost::multiprecision::cpp_int_check_type)0, std::allocator<unsigned long long> > >&, boost::multiprecision::backends::rational_adaptor<boost::multiprecision::backends::cpp_int_backend<0ul, 0ul, (boost::multiprecision::cpp_integer_type)1, (boost::multiprecision::cpp_int_check_type)0, std::allocator<unsigned long long> > > const&)",0.03711952487008166,1.1878247958426131,1,2004008,64128256
"void boost::multiprecision::number<boost::multiprecision::backends::rational_adaptor<boost::multiprecision::backends::cpp_int_backend<0ul, 0ul, (boost::multiprecision::cpp_integer_type)1, (boost::multiprecision::cpp_int_check_type)0, std::allocator<unsigned long long> > >, (boost::multiprecision::expression_template_option)1>::do_assign<boost::multiprecision::detail::expression<boost::multiprecision::detail::plus, boost::multiprecision::detail::expression<boost::multiprecision::detail::multiply_immediates, boost::multiprecision::number<boost::multiprecision::backends::rational_adaptor<boost::multiprecision::backends::cpp_int_backend<0ul, 0ul, (boost::multiprecision::cpp_integer_type)1, (boost::multiprecision::cpp_int_check_type)0, std::allocator<unsigned long long> > >, (boost::multiprecision::expression_template_option)1>, boost::multiprecision::number<boost::multiprecision::backends::rational_adaptor<boost::multiprecision::backends::cpp_int_backend<0ul, 0ul, (boost::multiprecision::cpp_integer_type)1, (boost::multiprecision::cpp_int_check_type)0, std::allocator<unsigned long long> > >, (boost::multiprecision::expression_template_option)1>, void, void>, boost::multiprecision::detail::expression<boost::multiprecision::detail::multiply_immediates, boost::multiprecision::number<boost::multiprecision::backends::rational_adaptor<boost::multiprecision::backends::cpp_int_backend<0ul, 0ul, (boost::multiprecision::cpp_integer_type)1, (boost::multiprecision::cpp_int_check_type)0, std::allocator<unsigned long long> > >, (boost::multiprecision::expression_template_option)1>, boost::multiprecision::number<boost::multiprecision::backends::rational_adaptor<boost::multiprecision::backends::cpp_int_backend<0ul, 0ul, (boost::multiprecision::cpp_integer_type)1, (boost::multiprecision::cpp_int_check_type)0, std::allocator<unsigned long long> > >, (boost::multiprecision::expression_template_option)1>, void, void>, void, void> >(boost::multiprecision::detail::expression<boost::multiprecision::detail::plus, boost::multiprecision::detail::expression<boost::multiprecision::detail::multiply_immediates, boost::multiprecision::number<boost::multiprecision::backends::rational_adaptor<boost::multiprecision::backends::cpp_int_backend<0ul, 0ul, (boost::multiprecision::cpp_integer_type)1, (boost::multiprecision::cpp_int_check_type)0, std::allocator<unsigned long long> > >, (boost::multiprecision::expression_template_option)1>, boost::multiprecision::number<boost::multiprecision::backends::rational_adaptor<boost::multiprecision::backends::cpp_int_backend<0ul, 0ul, (boost::multiprecision::cpp_integer_type)1, (boost::multiprecision::cpp_int_check_type)0, std::allocator<unsigned long long> > >, (boost::multiprecision::expression_template_option)1>, void, void>, boost::multiprecision::detail::expression<boost::multiprecision::detail::multiply_immediates, boost::multiprecision::number<boost::multiprecision::backends::rational_adaptor<boost::multiprecision::backends::cpp_int_backend<0ul, 0ul, (boost::multiprecision::cpp_integer_type)1, (boost::multiprecision::cpp_int_check_type)0, std::allocator<unsigned long long> > >, (boost::multiprecision::expression_template_option)1>, boost::multiprecision::number<boost::multiprecision::backends::rational_adaptor<boost::multiprecision::backends::cpp_int_backend<0ul, 0ul, (boost::multiprecision::cpp_integer_type)1, (boost::multiprecision::cpp_int_check_type)0, std::allocator<unsigned long long> > >, (boost::multiprecision::expression_template_option)1>, void, void>, void, void> const&, boost::multiprecision::detail::plus const&) [clone .isra.0]",0.03711952487008166,0.4083147735708983,1,2004008,22044088
ParallelRoam::Algorithms::GreedyTransactionalLod::(anonymous namespace)::QualityWork::~QualityWork(),0.0,0.03711952487008166,0,0,2004008
ParallelRoam::Algorithms::GreedyTransactionalLod::CertifiedBatch::~CertifiedBatch(),0.0,0.07423904974016332,0,0,4008016
"ParallelRoam::Algorithms::GreedyTransactionalLod::QualityEvaluation::AddBinaryBounds(double, double, boost::multiprecision::number<boost::multiprecision::backends::cpp_int_backend<0ul, 0ul, (boost::multiprecision::cpp_integer_type)1, (boost::multiprecision::cpp_int_check_type)0, std::allocator<unsigned long long> >, (boost::multiprecision::expression_template_option)1>&, boost::multiprecision::number<boost::multiprecision::backends::cpp_int_backend<0ul, 0ul, (boost::multiprecision::cpp_integer_type)1, (boost::multiprecision::cpp_int_check_type)0, std::allocator<unsigned long long> >, (boost::multiprecision::expression_template_option)1>&)",0.0,0.4083147735708983,0,0,22044088
"ParallelRoam::Algorithms::GreedyTransactionalLod::QualityEvaluation::AddBounds(boost::multiprecision::number<boost::multiprecision::backends::rational_adaptor<boost::multiprecision::backends::cpp_int_backend<0ul, 0ul, (boost::multiprecision::cpp_integer_type)1, (boost::multiprecision::cpp_int_check_type)0, std::allocator<unsigned long long> > >, (boost::multiprecision::expression_template_option)1> const&, boost::multiprecision::number<boost::multiprecision::backends::rational_adaptor<boost::multiprecision::backends::cpp_int_backend<0ul, 0ul, (boost::multiprecision::cpp_integer_type)1, (boost::multiprecision::cpp_int_check_type)0, std::allocator<unsigned long long> > >, (boost::multiprecision::expression_template_option)1> const&, boost::multiprecision::number<boost::multiprecision::backends::cpp_int_backend<0ul, 0ul, (boost::multiprecision::cpp_integer_type)1, (boost::multiprecision::cpp_int_check_type)0, std::allocator<unsigned long long> >, (boost::multiprecision::expression_template_option)1>&, boost::multiprecision::number<boost::multiprecision::backends::cpp_int_backend<0ul, 0ul, (boost::multiprecision::cpp_integer_type)1, (boost::multiprecision::cpp_int_check_type)0, std::allocator<unsigned long long> >, (boost::multiprecision::expression_template_option)1>&)",0.0,0.14847809948032664,0,0,8016032
"ParallelRoam::Algorithms::GreedyTransactionalLod::QualityEvaluation::RecordBits(boost::multiprecision::number<boost::multiprecision::backends::rational_adaptor<boost::multiprecision::backends::cpp_int_backend<0ul, 0ul, (boost::multiprecision::cpp_integer_type)1, (boost::multiprecision::cpp_int_check_type)0, std::allocator<unsigned long long> > >, (boost::multiprecision::expression_template_option)1> const&, ParallelRoam::Algorithms::GreedyTransactionalLod::WorkLedger&)",0.0,0.03711952487008166,0,0,2004008
"ParallelRoam::Algorithms::GreedyTransactionalLod::TransactionalCertification::Measure(ParallelRoam::Algorithms::GreedyTransactionalLod::TransactionalState const&, ParallelRoam::Algorithms::GreedyTransactionalLod::TransactionalSamples const&, ParallelRoam::Algorithms::GreedyTransactionalLod::Proposal&, ParallelRoam::Algorithms::GreedyTransactionalLod::WorkLedger&)",0.0,0.1855976243504083,0,0,10020040
"ParallelRoam::Algorithms::GreedyTransactionalLod::TransactionalCertification::Measure(ParallelRoam::Algorithms::GreedyTransactionalLod::TransactionalState const&, ParallelRoam::Algorithms::GreedyTransactionalLod::TransactionalSamples const&, ParallelRoam::Algorithms::GreedyTransactionalLod::Proposal&, ParallelRoam::Algorithms::GreedyTransactionalLod::WorkLedger&, ParallelRoam::Algorithms::GreedyTransactionalLod::TransactionalProposalEvidence*)",0.0,9.131403118040089,0,0,492985968
"ParallelRoam::Algorithms::GreedyTransactionalLod::TransactionalCommit::Prepare(ParallelRoam::Algorithms::GreedyTransactionalLod::TransactionalState&, ParallelRoam::Algorithms::GreedyTransactionalLod::CertifiedBatch const&, ParallelRoam::Algorithms::GreedyTransactionalLod::WorkLedger&, ParallelRoam::Algorithms::GreedyTransactionalLod::TransactionalExecution const&, ParallelRoam::Algorithms::GreedyTransactionalLod::HeightSource const*)::{lambda(ParallelRoam::Algorithms::GreedyTransactionalLod::Proposal const&, bool)#1}::operator()(ParallelRoam::Algorithms::GreedyTransactionalLod::Proposal const&, bool) const",0.0,0.07423904974016332,0,0,4008016
"ParallelRoam::Algorithms::GreedyTransactionalLod::TransactionalExecution::RunIndependent(std::__cxx11::basic_string<char, std::char_traits<char>, std::allocator<char> > const&, unsigned long, ParallelRoam::Algorithms::GreedyTransactionalLod::WorkLedger&, std::function<void (unsigned long, unsigned long, ParallelRoam::Algorithms::GreedyTransactionalLod::WorkLedger&)> const&) const",0.0,0.07423904974016332,0,0,4008016
"ParallelRoam::Algorithms::GreedyTransactionalLod::TransactionalFlipRecovery::FirstCertified(ParallelRoam::Algorithms::GreedyTransactionalLod::TransactionalState const&, ParallelRoam::Algorithms::GreedyTransactionalLod::TransactionalSamples const&, unsigned int, ParallelRoam::Algorithms::GreedyTransactionalLod::WorkLedger&, std::vector<std::pair<char, std::__cxx11::basic_string<char, std::char_traits<char>, std::allocator<char> > >, std::allocator<std::pair<char, std::__cxx11::basic_string<char, std::char_traits<char>, std::allocator<char> > > > >&)",0.0,0.33407572383073497,0,0,18036072
"ParallelRoam::Algorithms::GreedyTransactionalLod::TransactionalPipeline::Apply(ParallelRoam::Algorithms::GreedyTransactionalLod::CertifiedBatch const&, ParallelRoam::Algorithms::GreedyTransactionalLod::WorkLedger&)",0.0,4.046028210838902,0,0,218436872
"ParallelRoam::Algorithms::GreedyTransactionalLod::TransactionalPipeline::SetView(ParallelRoam::Algorithms::GreedyTransactionalLod::Configuration const&, ParallelRoam::Algorithms::GreedyTransactionalLod::WorkLedger&)",0.0,0.2969561989606533,0,0,16032064
ParallelRoam::Algorithms::GreedyTransactionalLod::TransactionalPipeline::Update(ParallelRoam::Algorithms::GreedyTransactionalLod::WorkLedger&),0.0,4.268745360059391,0,0,230460920
"ParallelRoam::Algorithms::GreedyTransactionalLod::TransactionalProposalEvidence::TransactionalProposalEvidence(ParallelRoam::Algorithms::GreedyTransactionalLod::TransactionalSamples const&, ParallelRoam::Algorithms::GreedyTransactionalLod::Proposal const&, ParallelRoam::Algorithms::GreedyTransactionalLod::WorkLedger&)",0.0,0.03711952487008166,0,0,2004008
"ParallelRoam::Algorithms::GreedyTransactionalLod::TransactionalProposals::CertifyReceiver[abi:cxx11](ParallelRoam::Algorithms::GreedyTransactionalLod::TransactionalState const&, ParallelRoam::Algorithms::GreedyTransactionalLod::TransactionalSamples const&, ParallelRoam::Algorithms::GreedyTransactionalLod::Proposal&, ParallelRoam::Algorithms::GreedyTransactionalLod::WorkLedger&)",0.0,30.066815144766146,0,0,1623246480
"ParallelRoam::Algorithms::GreedyTransactionalLod::TransactionalQualityFaceEvidence::ExactHeight(std::array<boost::multiprecision::number<boost::multiprecision::backends::rational_adaptor<boost::multiprecision::backends::cpp_int_backend<0ul, 0ul, (boost::multiprecision::cpp_integer_type)1, (boost::multiprecision::cpp_int_check_type)0, std::allocator<unsigned long long> > >, (boost::multiprecision::expression_template_option)1>, 2ul> const&)",0.0,1.4105419450631032,0,0,76152304
"ParallelRoam::Algorithms::GreedyTransactionalLod::TransactionalSamples::BoxCandidates(double, double, double, double, ParallelRoam::Algorithms::GreedyTransactionalLod::WorkLedger&) const",0.0,0.22271714922049,0,0,12024048
"ParallelRoam::Algorithms::GreedyTransactionalLod::TransactionalSamples::Enumerate(std::array<ParallelRoam::Algorithms::GreedyTransactionalLod::Point, 3ul> const&, ParallelRoam::Algorithms::GreedyTransactionalLod::WorkLedger&) const",0.0,1.447661469933185,0,0,78156312
"ParallelRoam::Algorithms::GreedyTransactionalLod::TransactionalSamples::PrepareView(ParallelRoam::Algorithms::GreedyTransactionalLod::TransactionalState const&, ParallelRoam::Algorithms::GreedyTransactionalLod::Configuration const&, ParallelRoam::Algorithms::GreedyTransactionalLod::WorkLedger&, ParallelRoam::Algorithms::GreedyTransactionalLod::TransactionalExecution const&)",0.0,0.2969561989606533,0,0,16032064
"ParallelRoam::Algorithms::GreedyTransactionalLod::TransactionalTerrainLodAlgorithm::BuildRenderData(ParallelRoam::Algorithms::TerrainLodBuildInput const&, ParallelRoam::Algorithms::TerrainLodRenderPacket&, std::__cxx11::basic_string<char, std::char_traits<char>, std::allocator<char> >*)",0.0,4.639940608760208,0,0,250501000
"ParallelRoam::Algorithms::GreedyTransactionalLod::TransactionalTerrainLodAlgorithm::Impl::Build(ParallelRoam::Algorithms::TerrainLodBuildInput const&, ParallelRoam::Algorithms::TerrainLodRenderPacket&, std::__cxx11::basic_string<char, std::char_traits<char>, std::allocator<char> >*)",0.0,4.639940608760208,0,0,250501000
"ParallelRoam::Benchmark::Experiment::RunExperimentCpu(int, char**)",0.0,4.639940608760208,0,0,250501000
ParallelRoam::Tools::CpuThreadPool::WorkerLoop(),0.0,95.36005939123979,0,0,5148296552
[unknown],0.0,95.36005939123979,0,0,5148296552
__GI___clone3,0.0,95.36005939123979,0,0,5148296552
__GI___futex_abstimed_wait_cancelable64,0.0,0.03711952487008166,0,0,2004008
__libc_start_call_main,0.0,4.639940608760208,0,0,250501000
__libc_start_main@@GLIBC_2.34,0.0,4.639940608760208,0,0,250501000
_start,0.0,4.639940608760208,0,0,250501000
"boost::multiprecision::backends::rational_adaptor<boost::multiprecision::backends::cpp_int_backend<0ul, 0ul, (boost::multiprecision::cpp_integer_type)1, (boost::multiprecision::cpp_int_check_type)0, std::allocator<unsigned long long> > >::rational_adaptor<long long>(long long const&, std::enable_if<std::is_constructible<boost::multiprecision::backends::cpp_int_backend<0ul, 0ul, (boost::multiprecision::cpp_integer_type)1, (boost::multiprecision::cpp_int_check_type)0, std::allocator<unsigned long long> >, long long>::value&&(!std::is_floating_point<long long>::value), void>::type const*)",0.0,0.07423904974016332,0,0,4008016
"boost::multiprecision::number<boost::multiprecision::backends::rational_adaptor<boost::multiprecision::backends::cpp_int_backend<0ul, 0ul, (boost::multiprecision::cpp_integer_type)1, (boost::multiprecision::cpp_int_check_type)0, std::allocator<unsigned long long> > >, (boost::multiprecision::expression_template_option)1> ParallelRoam::Algorithms::GreedyTransactionalLod::QualityEvaluation::Height<boost::multiprecision::number<boost::multiprecision::backends::rational_adaptor<boost::multiprecision::backends::cpp_int_backend<0ul, 0ul, (boost::multiprecision::cpp_integer_type)1, (boost::multiprecision::cpp_int_check_type)0, std::allocator<unsigned long long> > >, (boost::multiprecision::expression_template_option)1> >(boost::multiprecision::number<boost::multiprecision::backends::rational_adaptor<boost::multiprecision::backends::cpp_int_backend<0ul, 0ul, (boost::multiprecision::cpp_integer_type)1, (boost::multiprecision::cpp_int_check_type)0, std::allocator<unsigned long long> > >, (boost::multiprecision::expression_template_option)1> const&, boost::multiprecision::number<boost::multiprecision::backends::rational_adaptor<boost::multiprecision::backends::cpp_int_backend<0ul, 0ul, (boost::multiprecision::cpp_integer_type)1, (boost::multiprecision::cpp_int_check_type)0, std::allocator<unsigned long long> > >, (boost::multiprecision::expression_template_option)1> const&, ParallelRoam::Algorithms::GreedyTransactionalLod::Point const&, ParallelRoam::Algorithms::GreedyTransactionalLod::Point const&, ParallelRoam::Algorithms::GreedyTransactionalLod::Point const&)",0.0,0.779510022271715,0,0,42084168
"boost::multiprecision::number<boost::multiprecision::backends::rational_adaptor<boost::multiprecision::backends::cpp_int_backend<0ul, 0ul, (boost::multiprecision::cpp_integer_type)1, (boost::multiprecision::cpp_int_check_type)0, std::allocator<unsigned long long> > >, (boost::multiprecision::expression_template_option)1>::number<boost::multiprecision::detail::subtract_immediates, boost::multiprecision::number<boost::multiprecision::backends::rational_adaptor<boost::multiprecision::backends::cpp_int_backend<0ul, 0ul, (boost::multiprecision::cpp_integer_type)1, (boost::multiprecision::cpp_int_check_type)0, std::allocator<unsigned long long> > >, (boost::multiprecision::expression_template_option)1>, boost::multiprecision::number<boost::multiprecision::backends::rational_adaptor<boost::multiprecision::backends::cpp_int_backend<0ul, 0ul, (boost::multiprecision::cpp_integer_type)1, (boost::multiprecision::cpp_int_check_type)0, std::allocator<unsigned long long> > >, (boost::multiprecision::expression_template_option)1>, void, void>(boost::multiprecision::detail::expression<boost::multiprecision::detail::subtract_immediates, boost::multiprecision::number<boost::multiprecision::backends::rational_adaptor<boost::multiprecision::backends::cpp_int_backend<0ul, 0ul, (boost::multiprecision::cpp_integer_type)1, (boost::multiprecision::cpp_int_check_type)0, std::allocator<unsigned long long> > >, (boost::multiprecision::expression_template_option)1>, boost::multiprecision::number<boost::multiprecision::backends::rational_adaptor<boost::multiprecision::backends::cpp_int_backend<0ul, 0ul, (boost::multiprecision::cpp_integer_type)1, (boost::multiprecision::cpp_int_check_type)0, std::allocator<unsigned long long> > >, (boost::multiprecision::expression_template_option)1>, void, void> const&, std::enable_if<std::is_convertible<boost::multiprecision::detail::expression<boost::multiprecision::detail::subtract_immediates, boost::multiprecision::number<boost::multiprecision::backends::rational_adaptor<boost::multiprecision::backends::cpp_int_backend<0ul, 0ul, (boost::multiprecision::cpp_integer_type)1, (boost::multiprecision::cpp_int_check_type)0, std::allocator<unsigned long long> > >, (boost::multiprecision::expression_template_option)1>, boost::multiprecision::number<boost::multiprecision::backends::rational_adaptor<boost::multiprecision::backends::cpp_int_backend<0ul, 0ul, (boost::multiprecision::cpp_integer_type)1, (boost::multiprecision::cpp_int_check_type)0, std::allocator<unsigned long long> > >, (boost::multiprecision::expression_template_option)1>, void, void>::result_type, boost::multiprecision::number<boost::multiprecision::backends::rational_adaptor<boost::multiprecision::backends::cpp_int_backend<0ul, 0ul, (boost::multiprecision::cpp_integer_type)1, (boost::multiprecision::cpp_int_check_type)0, std::allocator<unsigned long long> > >, (boost::multiprecision::expression_template_option)1> >::value, void>::type*)",0.0,0.4083147735708983,0,0,22044088
pthread_cond_wait@@GLIBC_2.3.2,0.0,0.03711952487008166,0,0,2004008
start_thread,0.0,95.36005939123979,0,0,5148296552
"std::_Function_handler<void (), ParallelRoam::Tools::CpuThreadPool::ParallelFor(unsigned long, std::function<void (unsigned long)> const&)::{lambda()#1}>::_M_invoke(std::_Any_data const&)",0.0,95.28582034149963,0,0,5144288536
"std::_Function_handler<void (unsigned long), ParallelRoam::Algorithms::GreedyTransactionalLod::TransactionalExecution::Run(std::__cxx11::basic_string<char, std::char_traits<char>, std::allocator<char> > const&, unsigned long, ParallelRoam::Algorithms::GreedyTransactionalLod::WorkLedger&, std::function<void (unsigned long, unsigned long, ParallelRoam::Algorithms::GreedyTransactionalLod::WorkLedger&)> const&) const::{lambda(unsigned long)#1}>::_M_invoke(std::_Any_data const&, unsigned long&&)",0.0,95.28582034149963,0,0,5144288536
"std::_Function_handler<void (unsigned long), ParallelRoam::Tools::CpuTaskExecutor::Dispatch(unsigned long, std::function<void (unsigned long)> const&)::{lambda(unsigned long)#1}>::_M_invoke(std::_Any_data const&, unsigned long&&)",0.0,95.28582034149963,0,0,5144288536
"std::_Function_handler<void (unsigned long, unsigned long, ParallelRoam::Algorithms::GreedyTransactionalLod::WorkLedger&), ParallelRoam::Algorithms::GreedyTransactionalLod::TransactionalExecution::RunIndependent(std::__cxx11::basic_string<char, std::char_traits<char>, std::allocator<char> > const&, unsigned long, ParallelRoam::Algorithms::GreedyTransactionalLod::WorkLedger&, std::function<void (unsigned long, unsigned long, ParallelRoam::Algorithms::GreedyTransactionalLod::WorkLedger&)> const&) const::{lambda(unsigned long, unsigned long, ParallelRoam::Algorithms::GreedyTransactionalLod::WorkLedger&)#1}>::_M_invoke(std::_Any_data const&, unsigned long&&, unsigned long&&, ParallelRoam::Algorithms::GreedyTransactionalLod::WorkLedger&)",0.0,73.05122494432071,0,0,3943887744
"std::_Rb_tree<long, long, std::_Identity<long>, std::less<long>, std::allocator<long> >::_M_erase(std::_Rb_tree_node<long>*) [clone .isra.0]",0.0,0.03711952487008166,0,0,2004008
"std::_Rb_tree<std::tuple<char, long, long>, std::tuple<char, long, long>, std::_Identity<std::tuple<char, long, long> >, std::less<std::tuple<char, long, long> >, std::allocator<std::tuple<char, long, long> > >::_M_erase(std::_Rb_tree_node<std::tuple<char, long, long> >*) [clone .isra.0]",0.0,0.03711952487008166,0,0,2004008
"std::_Rb_tree<unsigned int, std::pair<unsigned int const, std::optional<std::pair<double, long> > >, std::_Select1st<std::pair<unsigned int const, std::optional<std::pair<double, long> > > >, std::less<unsigned int>, std::allocator<std::pair<unsigned int const, std::optional<std::pair<double, long> > > > >::_M_erase(std::_Rb_tree_node<std::pair<unsigned int const, std::optional<std::pair<double, long> > > >*) [clone .isra.0]",0.0,0.03711952487008166,0,0,2004008
"std::enable_if<std::is_convertible<boost::multiprecision::detail::expression<boost::multiprecision::detail::minus, boost::multiprecision::detail::expression<boost::multiprecision::detail::divide_immediates, boost::multiprecision::number<boost::multiprecision::backends::rational_adaptor<boost::multiprecision::backends::cpp_int_backend<0ul, 0ul, (boost::multiprecision::cpp_integer_type)1, (boost::multiprecision::cpp_int_check_type)0, std::allocator<unsigned long long> > >, (boost::multiprecision::expression_template_option)1>, boost::multiprecision::number<boost::multiprecision::backends::rational_adaptor<boost::multiprecision::backends::cpp_int_backend<0ul, 0ul, (boost::multiprecision::cpp_integer_type)1, (boost::multiprecision::cpp_int_check_type)0, std::allocator<unsigned long long> > >, (boost::multiprecision::expression_template_option)1>, void, void>, boost::multiprecision::detail::expression<boost::multiprecision::detail::divide_immediates, boost::multiprecision::number<boost::multiprecision::backends::rational_adaptor<boost::multiprecision::backends::cpp_int_backend<0ul, 0ul, (boost::multiprecision::cpp_integer_type)1, (boost::multiprecision::cpp_int_check_type)0, std::allocator<unsigned long long> > >, (boost::multiprecision::expression_template_option)1>, boost::multiprecision::number<boost::multiprecision::backends::rational_adaptor<boost::multiprecision::backends::cpp_int_backend<0ul, 0ul, (boost::multiprecision::cpp_integer_type)1, (boost::multiprecision::cpp_int_check_type)0, std::allocator<unsigned long long> > >, (boost::multiprecision::expression_template_option)1>, void, void>, void, void>::result_type, boost::multiprecision::number<boost::multiprecision::backends::rational_adaptor<boost::multiprecision::backends::cpp_int_backend<0ul, 0ul, (boost::multiprecision::cpp_integer_type)1, (boost::multiprecision::cpp_int_check_type)0, std::allocator<unsigned long long> > >, (boost::multiprecision::expression_template_option)1> >::value, boost::multiprecision::number<boost::multiprecision::backends::rational_adaptor<boost::multiprecision::backends::cpp_int_backend<0ul, 0ul, (boost::multiprecision::cpp_integer_type)1, (boost::multiprecision::cpp_int_check_type)0, std::allocator<unsigned long long> > >, (boost::multiprecision::expression_template_option)1>&>::type boost::multiprecision::number<boost::multiprecision::backends::rational_adaptor<boost::multiprecision::backends::cpp_int_backend<0ul, 0ul, (boost::multiprecision::cpp_integer_type)1, (boost::multiprecision::cpp_int_check_type)0, std::allocator<unsigned long long> > >, (boost::multiprecision::expression_template_option)1>::operator*=<boost::multiprecision::detail::minus, boost::multiprecision::detail::expression<boost::multiprecision::detail::divide_immediates, boost::multiprecision::number<boost::multiprecision::backends::rational_adaptor<boost::multiprecision::backends::cpp_int_backend<0ul, 0ul, (boost::multiprecision::cpp_integer_type)1, (boost::multiprecision::cpp_int_check_type)0, std::allocator<unsigned long long> > >, (boost::multiprecision::expression_template_option)1>, boost::multiprecision::number<boost::multiprecision::backends::rational_adaptor<boost::multiprecision::backends::cpp_int_backend<0ul, 0ul, (boost::multiprecision::cpp_integer_type)1, (boost::multiprecision::cpp_int_check_type)0, std::allocator<unsigned long long> > >, (boost::multiprecision::expression_template_option)1>, void, void>, boost::multiprecision::detail::expression<boost::multiprecision::detail::divide_immediates, boost::multiprecision::number<boost::multiprecision::backends::rational_adaptor<boost::multiprecision::backends::cpp_int_backend<0ul, 0ul, (boost::multiprecision::cpp_integer_type)1, (boost::multiprecision::cpp_int_check_type)0, std::allocator<unsigned long long> > >, (boost::multiprecision::expression_template_option)1>, boost::multiprecision::number<boost::multiprecision::backends::rational_adaptor<boost::multiprecision::backends::cpp_int_backend<0ul, 0ul, (boost::multiprecision::cpp_integer_type)1, (boost::multiprecision::cpp_int_check_type)0, std::allocator<unsigned long long> > >, (boost::multiprecision::expression_template_option)1>, void, void>, void, void>(boost::multiprecision::detail::expression<boost::multiprecision::detail::minus, boost::multiprecision::detail::expression<boost::multiprecision::detail::divide_immediates, boost::multiprecision::number<boost::multiprecision::backends::rational_adaptor<boost::multiprecision::backends::cpp_int_backend<0ul, 0ul, (boost::multiprecision::cpp_integer_type)1, (boost::multiprecision::cpp_int_check_type)0, std::allocator<unsigned long long> > >, (boost::multiprecision::expression_template_option)1>, boost::multiprecision::number<boost::multiprecision::backends::rational_adaptor<boost::multiprecision::backends::cpp_int_backend<0ul, 0ul, (boost::multiprecision::cpp_integer_type)1, (boost::multiprecision::cpp_int_check_type)0, std::allocator<unsigned long long> > >, (boost::multiprecision::expression_template_option)1>, void, void>, boost::multiprecision::detail::expression<boost::multiprecision::detail::divide_immediates, boost::multiprecision::number<boost::multiprecision::backends::rational_adaptor<boost::multiprecision::backends::cpp_int_backend<0ul, 0ul, (boost::multiprecision::cpp_integer_type)1, (boost::multiprecision::cpp_int_check_type)0, std::allocator<unsigned long long> > >, (boost::multiprecision::expression_template_option)1>, boost::multiprecision::number<boost::multiprecision::backends::rational_adaptor<boost::multiprecision::backends::cpp_int_backend<0ul, 0ul, (boost::multiprecision::cpp_integer_type)1, (boost::multiprecision::cpp_int_check_type)0, std::allocator<unsigned long long> > >, (boost::multiprecision::expression_template_option)1>, void, void>, void, void> const&) [clone .isra.0]",0.0,0.8537490720118782,0,0,46092184
"void boost::multiprecision::backends::eval_multiply_imp<boost::multiprecision::backends::cpp_int_backend<0ul, 0ul, (boost::multiprecision::cpp_integer_type)1, (boost::multiprecision::cpp_int_check_type)0, std::allocator<unsigned long long> >, long long>(boost::multiprecision::backends::cpp_int_backend<0ul, 0ul, (boost::multiprecision::cpp_integer_type)1, (boost::multiprecision::cpp_int_check_type)0, std::allocator<unsigned long long> >&, boost::multiprecision::backends::cpp_int_backend<0ul, 0ul, (boost::multiprecision::cpp_integer_type)1, (boost::multiprecision::cpp_int_check_type)0, std::allocator<unsigned long long> >&, long long)",0.0,0.03711952487008166,0,0,2004008
"void boost::multiprecision::backends::eval_multiply_imp<boost::multiprecision::backends::cpp_int_backend<0ul, 0ul, (boost::multiprecision::cpp_integer_type)1, (boost::multiprecision::cpp_int_check_type)0, std::allocator<unsigned long long> >, unsigned long long>(boost::multiprecision::backends::cpp_int_backend<0ul, 0ul, (boost::multiprecision::cpp_integer_type)1, (boost::multiprecision::cpp_int_check_type)0, std::allocator<unsigned long long> >&, boost::multiprecision::backends::cpp_int_backend<0ul, 0ul, (boost::multiprecision::cpp_integer_type)1, (boost::multiprecision::cpp_int_check_type)0, std::allocator<unsigned long long> >&, unsigned long long)",0.0,0.03711952487008166,0,0,2004008
"void boost::multiprecision::number<boost::multiprecision::backends::rational_adaptor<boost::multiprecision::backends::cpp_int_backend<0ul, 0ul, (boost::multiprecision::cpp_integer_type)1, (boost::multiprecision::cpp_int_check_type)0, std::allocator<unsigned long long> > >, (boost::multiprecision::expression_template_option)1>::do_assign<boost::multiprecision::detail::expression<boost::multiprecision::detail::minus, boost::multiprecision::detail::expression<boost::multiprecision::detail::divide_immediates, boost::multiprecision::number<boost::multiprecision::backends::rational_adaptor<boost::multiprecision::backends::cpp_int_backend<0ul, 0ul, (boost::multiprecision::cpp_integer_type)1, (boost::multiprecision::cpp_int_check_type)0, std::allocator<unsigned long long> > >, (boost::multiprecision::expression_template_option)1>, boost::multiprecision::number<boost::multiprecision::backends::rational_adaptor<boost::multiprecision::backends::cpp_int_backend<0ul, 0ul, (boost::multiprecision::cpp_integer_type)1, (boost::multiprecision::cpp_int_check_type)0, std::allocator<unsigned long long> > >, (boost::multiprecision::expression_template_option)1>, void, void>, boost::multiprecision::detail::expression<boost::multiprecision::detail::divide_immediates, boost::multiprecision::number<boost::multiprecision::backends::rational_adaptor<boost::multiprecision::backends::cpp_int_backend<0ul, 0ul, (boost::multiprecision::cpp_integer_type)1, (boost::multiprecision::cpp_int_check_type)0, std::allocator<unsigned long long> > >, (boost::multiprecision::expression_template_option)1>, boost::multiprecision::number<boost::multiprecision::backends::rational_adaptor<boost::multiprecision::backends::cpp_int_backend<0ul, 0ul, (boost::multiprecision::cpp_integer_type)1, (boost::multiprecision::cpp_int_check_type)0, std::allocator<unsigned long long> > >, (boost::multiprecision::expression_template_option)1>, void, void>, void, void> >(boost::multiprecision::detail::expression<boost::multiprecision::detail::minus, boost::multiprecision::detail::expression<boost::multiprecision::detail::divide_immediates, boost::multiprecision::number<boost::multiprecision::backends::rational_adaptor<boost::multiprecision::backends::cpp_int_backend<0ul, 0ul, (boost::multiprecision::cpp_integer_type)1, (boost::multiprecision::cpp_int_check_type)0, std::allocator<unsigned long long> > >, (boost::multiprecision::expression_template_option)1>, boost::multiprecision::number<boost::multiprecision::backends::rational_adaptor<boost::multiprecision::backends::cpp_int_backend<0ul, 0ul, (boost::multiprecision::cpp_integer_type)1, (boost::multiprecision::cpp_int_check_type)0, std::allocator<unsigned long long> > >, (boost::multiprecision::expression_template_option)1>, void, void>, boost::multiprecision::detail::expression<boost::multiprecision::detail::divide_immediates, boost::multiprecision::number<boost::multiprecision::backends::rational_adaptor<boost::multiprecision::backends::cpp_int_backend<0ul, 0ul, (boost::multiprecision::cpp_integer_type)1, (boost::multiprecision::cpp_int_check_type)0, std::allocator<unsigned long long> > >, (boost::multiprecision::expression_template_option)1>, boost::multiprecision::number<boost::multiprecision::backends::rational_adaptor<boost::multiprecision::backends::cpp_int_backend<0ul, 0ul, (boost::multiprecision::cpp_integer_type)1, (boost::multiprecision::cpp_int_check_type)0, std::allocator<unsigned long long> > >, (boost::multiprecision::expression_template_option)1>, void, void>, void, void> const&, boost::multiprecision::detail::minus const&) [clone .isra.0]",0.0,0.1855976243504083,0,0,10020040
"void boost::multiprecision::number<boost::multiprecision::backends::rational_adaptor<boost::multiprecision::backends::cpp_int_backend<0ul, 0ul, (boost::multiprecision::cpp_integer_type)1, (boost::multiprecision::cpp_int_check_type)0, std::allocator<unsigned long long> > >, (boost::multiprecision::expression_template_option)1>::do_assign<boost::multiprecision::detail::expression<boost::multiprecision::detail::minus, boost::multiprecision::detail::expression<boost::multiprecision::detail::multiplies, boost::multiprecision::detail::expression<boost::multiprecision::detail::subtract_immediates, boost::multiprecision::number<boost::multiprecision::backends::rational_adaptor<boost::multiprecision::backends::cpp_int_backend<0ul, 0ul, (boost::multiprecision::cpp_integer_type)1, (boost::multiprecision::cpp_int_check_type)0, std::allocator<unsigned long long> > >, (boost::multiprecision::expression_template_option)1>, boost::multiprecision::number<boost::multiprecision::backends::rational_adaptor<boost::multiprecision::backends::cpp_int_backend<0ul, 0ul, (boost::multiprecision::cpp_integer_type)1, (boost::multiprecision::cpp_int_check_type)0, std::allocator<unsigned long long> > >, (boost::multiprecision::expression_template_option)1>, void, void>, boost::multiprecision::detail::expression<boost::multiprecision::detail::subtract_immediates, boost::multiprecision::number<boost::multiprecision::backends::rational_adaptor<boost::multiprecision::backends::cpp_int_backend<0ul, 0ul, (boost::multiprecision::cpp_integer_type)1, (boost::multiprecision::cpp_int_check_type)0, std::allocator<unsigned long long> > >, (boost::multiprecision::expression_template_option)1>, boost::multiprecision::number<boost::multiprecision::backends::rational_adaptor<boost::multiprecision::backends::cpp_int_backend<0ul, 0ul, (boost::multiprecision::cpp_integer_type)1, (boost::multiprecision::cpp_int_check_type)0, std::allocator<unsigned long long> > >, (boost::multiprecision::expression_template_option)1>, void, void>, void, void>, boost::multiprecision::detail::expression<boost::multiprecision::detail::multiplies, boost::multiprecision::detail::expression<boost::multiprecision::detail::subtract_immediates, boost::multiprecision::number<boost::multiprecision::backends::rational_adaptor<boost::multiprecision::backends::cpp_int_backend<0ul, 0ul, (boost::multiprecision::cpp_integer_type)1, (boost::multiprecision::cpp_int_check_type)0, std::allocator<unsigned long long> > >, (boost::multiprecision::expression_template_option)1>, boost::multiprecision::number<boost::multiprecision::backends::rational_adaptor<boost::multiprecision::backends::cpp_int_backend<0ul, 0ul, (boost::multiprecision::cpp_integer_type)1, (boost::multiprecision::cpp_int_check_type)0, std::allocator<unsigned long long> > >, (boost::multiprecision::expression_template_option)1>, void, void>, boost::multiprecision::detail::expression<boost::multiprecision::detail::subtract_immediates, boost::multiprecision::number<boost::multiprecision::backends::rational_adaptor<boost::multiprecision::backends::cpp_int_backend<0ul, 0ul, (boost::multiprecision::cpp_integer_type)1, (boost::multiprecision::cpp_int_check_type)0, std::allocator<unsigned long long> > >, (boost::multiprecision::expression_template_option)1>, boost::multiprecision::number<boost::multiprecision::backends::rational_adaptor<boost::multiprecision::backends::cpp_int_backend<0ul, 0ul, (boost::multiprecision::cpp_integer_type)1, (boost::multiprecision::cpp_int_check_type)0, std::allocator<unsigned long long> > >, (boost::multiprecision::expression_template_option)1>, void, void>, void, void>, void, void> >(boost::multiprecision::detail::expression<boost::multiprecision::detail::minus, boost::multiprecision::detail::expression<boost::multiprecision::detail::multiplies, boost::multiprecision::detail::expression<boost::multiprecision::detail::subtract_immediates, boost::multiprecision::number<boost::multiprecision::backends::rational_adaptor<boost::multiprecision::backends::cpp_int_backend<0ul, 0ul, (boost::multiprecision::cpp_integer_type)1, (boost::multiprecision::cpp_int_check_type)0, std::allocator<unsigned long long> > >, (boost::multiprecision::expression_template_option)1>, boost::multiprecision::number<boost::multiprecision::backends::rational_adaptor<boost::multiprecision::backends::cpp_int_backend<0ul, 0ul, (boost::multiprecision::cpp_integer_type)1, (boost::multiprecision::cpp_int_check_type)0, std::allocator<unsigned long long> > >, (boost::multiprecision::expression_template_option)1>, void, void>, boost::multiprecision::detail::expression<boost::multiprecision::detail::subtract_immediates, boost::multiprecision::number<boost::multiprecision::backends::rational_adaptor<boost::multiprecision::backends::cpp_int_backend<0ul, 0ul, (boost::multiprecision::cpp_integer_type)1, (boost::multiprecision::cpp_int_check_type)0, std::allocator<unsigned long long> > >, (boost::multiprecision::expression_template_option)1>, boost::multiprecision::number<boost::multiprecision::backends::rational_adaptor<boost::multiprecision::backends::cpp_int_backend<0ul, 0ul, (boost::multiprecision::cpp_integer_type)1, (boost::multiprecision::cpp_int_check_type)0, std::allocator<unsigned long long> > >, (boost::multiprecision::expression_template_option)1>, void, void>, void, void>, boost::multiprecision::detail::expression<boost::multiprecision::detail::multiplies, boost::multiprecision::detail::expression<boost::multiprecision::detail::subtract_immediates, boost::multiprecision::number<boost::multiprecision::backends::rational_adaptor<boost::multiprecision::backends::cpp_int_backend<0ul, 0ul, (boost::multiprecision::cpp_integer_type)1, (boost::multiprecision::cpp_int_check_type)0, std::allocator<unsigned long long> > >, (boost::multiprecision::expression_template_option)1>, boost::multiprecision::number<boost::multiprecision::backends::rational_adaptor<boost::multiprecision::backends::cpp_int_backend<0ul, 0ul, (boost::multiprecision::cpp_integer_type)1, (boost::multiprecision::cpp_int_check_type)0, std::allocator<unsigned long long> > >, (boost::multiprecision::expression_template_option)1>, void, void>, boost::multiprecision::detail::expression<boost::multiprecision::detail::subtract_immediates, boost::multiprecision::number<boost::multiprecision::backends::rational_adaptor<boost::multiprecision::backends::cpp_int_backend<0ul, 0ul, (boost::multiprecision::cpp_integer_type)1, (boost::multiprecision::cpp_int_check_type)0, std::allocator<unsigned long long> > >, (boost::multiprecision::expression_template_option)1>, boost::multiprecision::number<boost::multiprecision::backends::rational_adaptor<boost::multiprecision::backends::cpp_int_backend<0ul, 0ul, (boost::multiprecision::cpp_integer_type)1, (boost::multiprecision::cpp_int_check_type)0, std::allocator<unsigned long long> > >, (boost::multiprecision::expression_template_option)1>, void, void>, void, void>, void, void> const&, boost::multiprecision::detail::minus const&) [clone .isra.0]",0.0,0.3711952487008166,0,0,20040080
"void boost::multiprecision::number<boost::multiprecision::backends::rational_adaptor<boost::multiprecision::backends::cpp_int_backend<0ul, 0ul, (boost::multiprecision::cpp_integer_type)1, (boost::multiprecision::cpp_int_check_type)0, std::allocator<unsigned long long> > >, (boost::multiprecision::expression_template_option)1>::do_assign<boost::multiprecision::detail::expression<boost::multiprecision::detail::minus, boost::multiprecision::detail::expression<boost::multiprecision::detail::multiplies, boost::multiprecision::detail::expression<boost::multiprecision::detail::subtract_immediates, boost::multiprecision::number<boost::multiprecision::backends::rational_adaptor<boost::multiprecision::backends::cpp_int_backend<0ul, 0ul, (boost::multiprecision::cpp_integer_type)1, (boost::multiprecision::cpp_int_check_type)0, std::allocator<unsigned long long> > >, (boost::multiprecision::expression_template_option)1>, boost::multiprecision::number<boost::multiprecision::backends::rational_adaptor<boost::multiprecision::backends::cpp_int_backend<0ul, 0ul, (boost::multiprecision::cpp_integer_type)1, (boost::multiprecision::cpp_int_check_type)0, std::allocator<unsigned long long> > >, (boost::multiprecision::expression_template_option)1>, void, void>, boost::multiprecision::number<boost::multiprecision::backends::rational_adaptor<boost::multiprecision::backends::cpp_int_backend<0ul, 0ul, (boost::multiprecision::cpp_integer_type)1, (boost::multiprecision::cpp_int_check_type)0, std::allocator<unsigned long long> > >, (boost::multiprecision::expression_template_option)1>, void, void>, boost::multiprecision::detail::expression<boost::multiprecision::detail::multiplies, boost::multiprecision::detail::expression<boost::multiprecision::detail::subtract_immediates, boost::multiprecision::number<boost::multiprecision::backends::rational_adaptor<boost::multiprecision::backends::cpp_int_backend<0ul, 0ul, (boost::multiprecision::cpp_integer_type)1, (boost::multiprecision::cpp_int_check_type)0, std::allocator<unsigned long long> > >, (boost::multiprecision::expression_template_option)1>, boost::multiprecision::number<boost::multiprecision::backends::rational_adaptor<boost::multiprecision::backends::cpp_int_backend<0ul, 0ul, (boost::multiprecision::cpp_integer_type)1, (boost::multiprecision::cpp_int_check_type)0, std::allocator<unsigned long long> > >, (boost::multiprecision::expression_template_option)1>, void, void>, boost::multiprecision::number<boost::multiprecision::backends::rational_adaptor<boost::multiprecision::backends::cpp_int_backend<0ul, 0ul, (boost::multiprecision::cpp_integer_type)1, (boost::multiprecision::cpp_int_check_type)0, std::allocator<unsigned long long> > >, (boost::multiprecision::expression_template_option)1>, void, void>, void, void> >(boost::multiprecision::detail::expression<boost::multiprecision::detail::minus, boost::multiprecision::detail::expression<boost::multiprecision::detail::multiplies, boost::multiprecision::detail::expression<boost::multiprecision::detail::subtract_immediates, boost::multiprecision::number<boost::multiprecision::backends::rational_adaptor<boost::multiprecision::backends::cpp_int_backend<0ul, 0ul, (boost::multiprecision::cpp_integer_type)1, (boost::multiprecision::cpp_int_check_type)0, std::allocator<unsigned long long> > >, (boost::multiprecision::expression_template_option)1>, boost::multiprecision::number<boost::multiprecision::backends::rational_adaptor<boost::multiprecision::backends::cpp_int_backend<0ul, 0ul, (boost::multiprecision::cpp_integer_type)1, (boost::multiprecision::cpp_int_check_type)0, std::allocator<unsigned long long> > >, (boost::multiprecision::expression_template_option)1>, void, void>, boost::multiprecision::number<boost::multiprecision::backends::rational_adaptor<boost::multiprecision::backends::cpp_int_backend<0ul, 0ul, (boost::multiprecision::cpp_integer_type)1, (boost::multiprecision::cpp_int_check_type)0, std::allocator<unsigned long long> > >, (boost::multiprecision::expression_template_option)1>, void, void>, boost::multiprecision::detail::expression<boost::multiprecision::detail::multiplies, boost::multiprecision::detail::expression<boost::multiprecision::detail::subtract_immediates, boost::multiprecision::number<boost::multiprecision::backends::rational_adaptor<boost::multiprecision::backends::cpp_int_backend<0ul, 0ul, (boost::multiprecision::cpp_integer_type)1, (boost::multiprecision::cpp_int_check_type)0, std::allocator<unsigned long long> > >, (boost::multiprecision::expression_template_option)1>, boost::multiprecision::number<boost::multiprecision::backends::rational_adaptor<boost::multiprecision::backends::cpp_int_backend<0ul, 0ul, (boost::multiprecision::cpp_integer_type)1, (boost::multiprecision::cpp_int_check_type)0, std::allocator<unsigned long long> > >, (boost::multiprecision::expression_template_option)1>, void, void>, boost::multiprecision::number<boost::multiprecision::backends::rational_adaptor<boost::multiprecision::backends::cpp_int_backend<0ul, 0ul, (boost::multiprecision::cpp_integer_type)1, (boost::multiprecision::cpp_int_check_type)0, std::allocator<unsigned long long> > >, (boost::multiprecision::expression_template_option)1>, void, void>, void, void> const&, boost::multiprecision::detail::minus const&) [clone .isra.0]",0.0,0.22271714922049,0,0,12024048
"void boost::multiprecision::number<boost::multiprecision::backends::rational_adaptor<boost::multiprecision::backends::cpp_int_backend<0ul, 0ul, (boost::multiprecision::cpp_integer_type)1, (boost::multiprecision::cpp_int_check_type)0, std::allocator<unsigned long long> > >, (boost::multiprecision::expression_template_option)1>::do_assign<boost::multiprecision::detail::expression<boost::multiprecision::detail::minus, boost::multiprecision::detail::expression<boost::multiprecision::detail::multiply_immediates, boost::multiprecision::number<boost::multiprecision::backends::rational_adaptor<boost::multiprecision::backends::cpp_int_backend<0ul, 0ul, (boost::multiprecision::cpp_integer_type)1, (boost::multiprecision::cpp_int_check_type)0, std::allocator<unsigned long long> > >, (boost::multiprecision::expression_template_option)1>, boost::multiprecision::number<boost::multiprecision::backends::rational_adaptor<boost::multiprecision::backends::cpp_int_backend<0ul, 0ul, (boost::multiprecision::cpp_integer_type)1, (boost::multiprecision::cpp_int_check_type)0, std::allocator<unsigned long long> > >, (boost::multiprecision::expression_template_option)1>, void, void>, boost::multiprecision::detail::expression<boost::multiprecision::detail::multiply_immediates, boost::multiprecision::number<boost::multiprecision::backends::rational_adaptor<boost::multiprecision::backends::cpp_int_backend<0ul, 0ul, (boost::multiprecision::cpp_integer_type)1, (boost::multiprecision::cpp_int_check_type)0, std::allocator<unsigned long long> > >, (boost::multiprecision::expression_template_option)1>, boost::multiprecision::number<boost::multiprecision::backends::rational_adaptor<boost::multiprecision::backends::cpp_int_backend<0ul, 0ul, (boost::multiprecision::cpp_integer_type)1, (boost::multiprecision::cpp_int_check_type)0, std::allocator<unsigned long long> > >, (boost::multiprecision::expression_template_option)1>, void, void>, void, void> >(boost::multiprecision::detail::expression<boost::multiprecision::detail::minus, boost::multiprecision::detail::expression<boost::multiprecision::detail::multiply_immediates, boost::multiprecision::number<boost::multiprecision::backends::rational_adaptor<boost::multiprecision::backends::cpp_int_backend<0ul, 0ul, (boost::multiprecision::cpp_integer_type)1, (boost::multiprecision::cpp_int_check_type)0, std::allocator<unsigned long long> > >, (boost::multiprecision::expression_template_option)1>, boost::multiprecision::number<boost::multiprecision::backends::rational_adaptor<boost::multiprecision::backends::cpp_int_backend<0ul, 0ul, (boost::multiprecision::cpp_integer_type)1, (boost::multiprecision::cpp_int_check_type)0, std::allocator<unsigned long long> > >, (boost::multiprecision::expression_template_option)1>, void, void>, boost::multiprecision::detail::expression<boost::multiprecision::detail::multiply_immediates, boost::multiprecision::number<boost::multiprecision::backends::rational_adaptor<boost::multiprecision::backends::cpp_int_backend<0ul, 0ul, (boost::multiprecision::cpp_integer_type)1, (boost::multiprecision::cpp_int_check_type)0, std::allocator<unsigned long long> > >, (boost::multiprecision::expression_template_option)1>, boost::multiprecision::number<boost::multiprecision::backends::rational_adaptor<boost::multiprecision::backends::cpp_int_backend<0ul, 0ul, (boost::multiprecision::cpp_integer_type)1, (boost::multiprecision::cpp_int_check_type)0, std::allocator<unsigned long long> > >, (boost::multiprecision::expression_template_option)1>, void, void>, void, void> const&, boost::multiprecision::detail::minus const&) [clone .isra.0]",0.0,0.07423904974016332,0,0,4008016
"void boost::multiprecision::number<boost::multiprecision::backends::rational_adaptor<boost::multiprecision::backends::cpp_int_backend<0ul, 0ul, (boost::multiprecision::cpp_integer_type)1, (boost::multiprecision::cpp_int_check_type)0, std::allocator<unsigned long long> > >, (boost::multiprecision::expression_template_option)1>::do_assign<boost::multiprecision::detail::expression<boost::multiprecision::detail::multiplies, boost::multiprecision::detail::expression<boost::multiprecision::detail::subtract_immediates, boost::multiprecision::number<boost::multiprecision::backends::rational_adaptor<boost::multiprecision::backends::cpp_int_backend<0ul, 0ul, (boost::multiprecision::cpp_integer_type)1, (boost::multiprecision::cpp_int_check_type)0, std::allocator<unsigned long long> > >, (boost::multiprecision::expression_template_option)1>, boost::multiprecision::number<boost::multiprecision::backends::rational_adaptor<boost::multiprecision::backends::cpp_int_backend<0ul, 0ul, (boost::multiprecision::cpp_integer_type)1, (boost::multiprecision::cpp_int_check_type)0, std::allocator<unsigned long long> > >, (boost::multiprecision::expression_template_option)1>, void, void>, boost::multiprecision::detail::expression<boost::multiprecision::detail::subtract_immediates, boost::multiprecision::number<boost::multiprecision::backends::rational_adaptor<boost::multiprecision::backends::cpp_int_backend<0ul, 0ul, (boost::multiprecision::cpp_integer_type)1, (boost::multiprecision::cpp_int_check_type)0, std::allocator<unsigned long long> > >, (boost::multiprecision::expression_template_option)1>, boost::multiprecision::number<boost::multiprecision::backends::rational_adaptor<boost::multiprecision::backends::cpp_int_backend<0ul, 0ul, (boost::multiprecision::cpp_integer_type)1, (boost::multiprecision::cpp_int_check_type)0, std::allocator<unsigned long long> > >, (boost::multiprecision::expression_template_option)1>, void, void>, void, void> >(boost::multiprecision::detail::expression<boost::multiprecision::detail::multiplies, boost::multiprecision::detail::expression<boost::multiprecision::detail::subtract_immediates, boost::multiprecision::number<boost::multiprecision::backends::rational_adaptor<boost::multiprecision::backends::cpp_int_backend<0ul, 0ul, (boost::multiprecision::cpp_integer_type)1, (boost::multiprecision::cpp_int_check_type)0, std::allocator<unsigned long long> > >, (boost::multiprecision::expression_template_option)1>, boost::multiprecision::number<boost::multiprecision::backends::rational_adaptor<boost::multiprecision::backends::cpp_int_backend<0ul, 0ul, (boost::multiprecision::cpp_integer_type)1, (boost::multiprecision::cpp_int_check_type)0, std::allocator<unsigned long long> > >, (boost::multiprecision::expression_template_option)1>, void, void>, boost::multiprecision::detail::expression<boost::multiprecision::detail::subtract_immediates, boost::multiprecision::number<boost::multiprecision::backends::rational_adaptor<boost::multiprecision::backends::cpp_int_backend<0ul, 0ul, (boost::multiprecision::cpp_integer_type)1, (boost::multiprecision::cpp_int_check_type)0, std::allocator<unsigned long long> > >, (boost::multiprecision::expression_template_option)1>, boost::multiprecision::number<boost::multiprecision::backends::rational_adaptor<boost::multiprecision::backends::cpp_int_backend<0ul, 0ul, (boost::multiprecision::cpp_integer_type)1, (boost::multiprecision::cpp_int_check_type)0, std::allocator<unsigned long long> > >, (boost::multiprecision::expression_template_option)1>, void, void>, void, void> const&, boost::multiprecision::detail::multiplies const&) [clone .isra.0]",0.0,0.3711952487008166,0,0,20040080
"void boost::multiprecision::number<boost::multiprecision::backends::rational_adaptor<boost::multiprecision::backends::cpp_int_backend<0ul, 0ul, (boost::multiprecision::cpp_integer_type)1, (boost::multiprecision::cpp_int_check_type)0, std::allocator<unsigned long long> > >, (boost::multiprecision::expression_template_option)1>::do_assign<boost::multiprecision::detail::expression<boost::multiprecision::detail::multiplies, boost::multiprecision::detail::expression<boost::multiprecision::detail::subtract_immediates, boost::multiprecision::number<boost::multiprecision::backends::rational_adaptor<boost::multiprecision::backends::cpp_int_backend<0ul, 0ul, (boost::multiprecision::cpp_integer_type)1, (boost::multiprecision::cpp_int_check_type)0, std::allocator<unsigned long long> > >, (boost::multiprecision::expression_template_option)1>, boost::multiprecision::number<boost::multiprecision::backends::rational_adaptor<boost::multiprecision::backends::cpp_int_backend<0ul, 0ul, (boost::multiprecision::cpp_integer_type)1, (boost::multiprecision::cpp_int_check_type)0, std::allocator<unsigned long long> > >, (boost::multiprecision::expression_template_option)1>, void, void>, boost::multiprecision::number<boost::multiprecision::backends::rational_adaptor<boost::multiprecision::backends::cpp_int_backend<0ul, 0ul, (boost::multiprecision::cpp_integer_type)1, (boost::multiprecision::cpp_int_check_type)0, std::allocator<unsigned long long> > >, (boost::multiprecision::expression_template_option)1>, void, void> >(boost::multiprecision::detail::expression<boost::multiprecision::detail::multiplies, boost::multiprecision::detail::expression<boost::multiprecision::detail::subtract_immediates, boost::multiprecision::number<boost::multiprecision::backends::rational_adaptor<boost::multiprecision::backends::cpp_int_backend<0ul, 0ul, (boost::multiprecision::cpp_integer_type)1, (boost::multiprecision::cpp_int_check_type)0, std::allocator<unsigned long long> > >, (boost::multiprecision::expression_template_option)1>, boost::multiprecision::number<boost::multiprecision::backends::rational_adaptor<boost::multiprecision::backends::cpp_int_backend<0ul, 0ul, (boost::multiprecision::cpp_integer_type)1, (boost::multiprecision::cpp_int_check_type)0, std::allocator<unsigned long long> > >, (boost::multiprecision::expression_template_option)1>, void, void>, boost::multiprecision::number<boost::multiprecision::backends::rational_adaptor<boost::multiprecision::backends::cpp_int_backend<0ul, 0ul, (boost::multiprecision::cpp_integer_type)1, (boost::multiprecision::cpp_int_check_type)0, std::allocator<unsigned long long> > >, (boost::multiprecision::expression_template_option)1>, void, void> const&, boost::multiprecision::detail::multiplies const&) [clone .isra.0]",0.0,0.111358574610245,0,0,6012024
"void boost::multiprecision::number<boost::multiprecision::backends::rational_adaptor<boost::multiprecision::backends::cpp_int_backend<0ul, 0ul, (boost::multiprecision::cpp_integer_type)1, (boost::multiprecision::cpp_int_check_type)0, std::allocator<unsigned long long> > >, (boost::multiprecision::expression_template_option)1>::do_assign<boost::multiprecision::detail::expression<boost::multiprecision::detail::multiplies, boost::multiprecision::number<boost::multiprecision::backends::rational_adaptor<boost::multiprecision::backends::cpp_int_backend<0ul, 0ul, (boost::multiprecision::cpp_integer_type)1, (boost::multiprecision::cpp_int_check_type)0, std::allocator<unsigned long long> > >, (boost::multiprecision::expression_template_option)1>, boost::multiprecision::detail::expression<boost::multiprecision::detail::subtract_immediates, boost::multiprecision::number<boost::multiprecision::backends::rational_adaptor<boost::multiprecision::backends::cpp_int_backend<0ul, 0ul, (boost::multiprecision::cpp_integer_type)1, (boost::multiprecision::cpp_int_check_type)0, std::allocator<unsigned long long> > >, (boost::multiprecision::expression_template_option)1>, boost::multiprecision::number<boost::multiprecision::backends::rational_adaptor<boost::multiprecision::backends::cpp_int_backend<0ul, 0ul, (boost::multiprecision::cpp_integer_type)1, (boost::multiprecision::cpp_int_check_type)0, std::allocator<unsigned long long> > >, (boost::multiprecision::expression_template_option)1>, void, void>, void, void> >(boost::multiprecision::detail::expression<boost::multiprecision::detail::multiplies, boost::multiprecision::number<boost::multiprecision::backends::rational_adaptor<boost::multiprecision::backends::cpp_int_backend<0ul, 0ul, (boost::multiprecision::cpp_integer_type)1, (boost::multiprecision::cpp_int_check_type)0, std::allocator<unsigned long long> > >, (boost::multiprecision::expression_template_option)1>, boost::multiprecision::detail::expression<boost::multiprecision::detail::subtract_immediates, boost::multiprecision::number<boost::multiprecision::backends::rational_adaptor<boost::multiprecision::backends::cpp_int_backend<0ul, 0ul, (boost::multiprecision::cpp_integer_type)1, (boost::multiprecision::cpp_int_check_type)0, std::allocator<unsigned long long> > >, (boost::multiprecision::expression_template_option)1>, boost::multiprecision::number<boost::multiprecision::backends::rational_adaptor<boost::multiprecision::backends::cpp_int_backend<0ul, 0ul, (boost::multiprecision::cpp_integer_type)1, (boost::multiprecision::cpp_int_check_type)0, std::allocator<unsigned long long> > >, (boost::multiprecision::expression_template_option)1>, void, void>, void, void> const&, boost::multiprecision::detail::multiplies const&) [clone .isra.0]",0.0,0.5567928730512249,0,0,30060120
