frame,rootIndex,task,thread,startMs,endMs,durationMs,fitCalls,fitMs,pointwiseCalls,pointwiseMs
3,2,receiver_stage/2,2,7.145379,7.354315,0.208936,6,0.096222,0,0.0
3,9,receiver_stage/2,2,7.354625,8.836345,1.48172,7,0.996897,1,0.36376
3,24,receiver_stage/2,2,8.836385,9.093948,0.257563,7,0.177971,0,0.0
3,32,receiver_stage/2,2,9.094058,9.215591,0.121533,4,0.086963,0,0.0
3,37,receiver_stage/2,2,9.215621,10.100145,0.884524,7,0.479563,1,0.328449
3,45,receiver_stage/2,2,10.100195,10.601899,0.501704,7,0.426353,0,0.0
3,54,receiver_stage/2,2,10.601929,11.127153,0.525224,7,0.4534,0,0.0
3,60,receiver_stage/2,2,11.127343,11.221396,0.094053,7,0.048702,0,0.0
3,64,receiver_stage/2,2,11.221426,11.359209,0.137783,7,0.083302,0,0.0
3,69,receiver_stage/2,2,11.359319,11.588676,0.229357,7,0.149912,0,0.0
3,74,receiver_stage/2,2,11.588716,11.994617,0.405901,7,0.35738,0,0.0
3,83,receiver_stage/2,2,11.994667,12.312915,0.318248,7,0.283257,0,0.0
3,93,receiver_stage/2,2,12.312945,12.4723,0.159355,7,0.063762,0,0.0
3,95,receiver_stage/2,2,12.47241,12.594553,0.122143,7,0.079452,0,0.0
3,101,receiver_stage/2,2,12.594653,12.886491,0.291838,7,0.163284,0,0.0
3,104,receiver_stage/2,2,12.886631,12.947433,0.060802,5,0.015802,0,0.0
3,107,receiver_stage/2,2,12.947723,13.304422,0.356699,7,0.312069,0,0.0
3,120,receiver_stage/2,2,13.304582,13.693683,0.389101,7,0.342898,0,0.0
3,127,receiver_stage/2,2,13.693733,14.006072,0.312339,7,0.259335,0,0.0
3,134,receiver_stage/2,2,14.006262,14.349031,0.342769,7,0.301098,0,0.0
3,142,receiver_stage/2,2,14.349061,14.586187,0.237126,7,0.154624,0,0.0
3,148,receiver_stage/2,2,14.586517,18.308059,3.721542,1,0.204035,1,3.506466
3,3,receiver_stage/3,3,7.155895,7.251578,0.095683,4,0.02834,0,0.0
3,8,receiver_stage/3,3,7.251618,11.160364,3.908746,2,0.578644,1,3.31021
3,61,receiver_stage/3,3,11.160414,11.261206,0.100792,7,0.055801,0,0.0
3,65,receiver_stage/3,3,11.261237,11.628697,0.36746,7,0.308228,0,0.0
3,75,receiver_stage/3,3,11.628757,11.792561,0.163804,7,0.083782,0,0.0
3,77,receiver_stage/3,3,11.792591,12.011517,0.218926,7,0.147164,0,0.0
3,84,receiver_stage/3,3,12.011557,12.12548,0.113923,7,0.055792,0,0.0
3,90,receiver_stage/3,3,12.12551,12.50063,0.37512,7,0.323377,0,0.0
3,96,receiver_stage/3,3,12.50069,12.703646,0.202956,7,0.078552,0,0.0
3,103,receiver_stage/3,3,12.703736,13.888078,1.184342,6,0.612927,1,0.501884
3,131,receiver_stage/3,3,13.888148,14.147415,0.259267,7,0.214936,0,0.0
3,137,receiver_stage/3,3,14.147445,14.389622,0.242177,7,0.176415,0,0.0
3,144,receiver_stage/3,3,14.389662,14.761552,0.37189,7,0.288269,0,0.0
3,152,receiver_stage/3,3,14.761602,15.085821,0.324219,7,0.277787,0,0.0
3,156,receiver_stage/3,3,15.085851,15.587785,0.501934,7,0.424252,0,0.0
3,4,receiver_stage/4,4,7.17237,7.407176,0.234806,6,0.153103,0,0.0
3,10,receiver_stage/4,4,7.407717,8.549508,1.141791,7,0.670968,1,0.36307
3,18,receiver_stage/4,4,8.549668,8.909437,0.359769,7,0.302757,0,0.0
3,27,receiver_stage/4,4,8.909497,9.079852,0.170355,4,0.134553,0,0.0
3,30,receiver_stage/4,4,9.079892,9.213446,0.133554,4,0.068552,0,0.0
3,35,receiver_stage/4,4,9.213476,9.304678,0.091202,4,0.064782,0,0.0
3,39,receiver_stage/4,4,9.304718,9.483103,0.178385,7,0.126874,0,0.0
3,40,receiver_stage/4,4,9.483123,9.625817,0.142694,7,0.095313,0,0.0
3,41,receiver_stage/4,4,9.625847,9.801512,0.175665,7,0.136733,0,0.0
3,43,receiver_stage/4,4,9.801542,10.151671,0.350129,7,0.277157,0,0.0
3,46,receiver_stage/4,4,10.151711,10.645505,0.493794,7,0.435592,0,0.0
3,55,receiver_stage/4,4,10.645635,11.277062,0.631427,7,0.516783,0,0.0
3,67,receiver_stage/4,4,11.277162,12.118305,0.841143,7,0.659497,1,0.112643
3,89,receiver_stage/4,4,12.118345,12.575747,0.457402,7,0.409981,0,0.0
3,100,receiver_stage/4,4,12.575857,12.948437,0.37258,7,0.316739,0,0.0
3,108,receiver_stage/4,4,12.948787,13.254806,0.306019,7,0.260956,0,0.0
3,117,receiver_stage/4,4,13.255266,13.815191,0.559925,7,0.505004,0,0.0
3,129,receiver_stage/4,4,13.815441,13.937814,0.122373,7,0.078881,0,0.0
3,133,receiver_stage/4,4,13.937905,14.350136,0.412231,7,0.37139,0,0.0
3,143,receiver_stage/4,4,14.350176,14.619903,0.269727,7,0.133912,0,0.0
3,150,receiver_stage/4,4,14.620003,15.211729,0.591726,7,0.515135,0,0.0
3,159,receiver_stage/4,4,15.211789,15.391424,0.179635,7,0.139873,0,0.0
3,1,receiver_stage/1,5,7.125693,7.497434,0.371741,7,0.232528,0,0.0
3,11,receiver_stage/1,5,7.497504,7.909655,0.412151,7,0.351709,0,0.0
3,13,receiver_stage/1,5,7.909685,8.200733,0.291048,7,0.263828,0,0.0
3,15,receiver_stage/1,5,8.200813,8.628994,0.428181,7,0.374419,0,0.0
3,20,receiver_stage/1,5,8.629015,8.777359,0.148344,7,0.117442,0,0.0
3,23,receiver_stage/1,5,8.777449,8.961994,0.184545,7,0.150482,0,0.0
3,29,receiver_stage/1,5,8.962054,9.111028,0.148974,7,0.085333,0,0.0
3,33,receiver_stage/1,5,9.111058,9.21365,0.102592,7,0.067302,0,0.0
3,36,receiver_stage/1,5,9.213681,13.089736,3.876055,2,0.620956,2,3.236299
3,113,receiver_stage/1,5,13.090166,13.22252,0.132354,7,0.079892,0,0.0
3,116,receiver_stage/1,5,13.22273,13.471417,0.248687,7,0.167436,0,0.0
3,122,receiver_stage/1,5,13.471517,13.58121,0.109693,7,0.059841,0,0.0
3,124,receiver_stage/1,5,13.58124,13.843777,0.262537,7,0.186153,0,0.0
3,130,receiver_stage/1,5,13.843827,13.935459,0.091632,7,0.050021,0,0.0
3,132,receiver_stage/1,5,13.935489,14.299549,0.36406,7,0.324568,0,0.0
3,140,receiver_stage/1,5,14.299609,14.541386,0.241777,7,0.156734,0,0.0
3,147,receiver_stage/1,5,14.541426,15.092671,0.551245,7,0.474065,0,0.0
3,157,receiver_stage/1,5,15.092781,15.204344,0.111563,7,0.066191,0,0.0
3,158,receiver_stage/1,5,15.204444,15.292756,0.088312,7,0.061482,0,0.0
3,6,receiver_stage/6,6,7.208451,8.759443,1.550992,6,1.195772,1,0.228477
3,22,receiver_stage/6,6,8.759483,8.890617,0.131134,7,0.10296,0,0.0
3,26,receiver_stage/6,6,8.890727,9.127363,0.236636,7,0.165114,0,0.0
3,34,receiver_stage/6,6,9.127483,9.235756,0.108273,7,0.072582,0,0.0
3,38,receiver_stage/6,6,9.235796,10.157031,0.921235,7,0.519154,1,0.317528
3,47,receiver_stage/6,6,10.157071,10.318186,0.161115,4,0.107003,0,0.0
3,48,receiver_stage/6,6,10.318216,10.429329,0.111113,7,0.074872,0,0.0
3,50,receiver_stage/6,6,10.429359,10.533542,0.104183,7,0.06153,0,0.0
3,52,receiver_stage/6,6,10.533572,10.82621,0.292638,7,0.199715,0,0.0
3,58,receiver_stage/6,6,10.82624,11.179789,0.353549,7,0.295468,0,0.0
3,62,receiver_stage/6,6,11.179849,11.402615,0.222766,7,0.186003,0,0.0
3,71,receiver_stage/6,6,11.402646,11.56122,0.158574,7,0.05353,0,0.0
3,73,receiver_stage/6,6,11.56125,11.684413,0.123163,7,0.054823,0,0.0
3,76,receiver_stage/6,6,11.684443,11.877578,0.193135,7,0.1162,0,0.0
3,80,receiver_stage/6,6,11.877608,11.982031,0.104423,7,0.068162,0,0.0
3,82,receiver_stage/6,6,11.982071,12.097074,0.115003,7,0.069231,0,0.0
3,88,receiver_stage/6,6,12.097105,12.426423,0.329318,7,0.287495,0,0.0
3,94,receiver_stage/6,6,12.426554,12.574167,0.147613,7,0.063061,0,0.0
3,99,receiver_stage/6,6,12.574497,13.04562,0.471123,7,0.414489,0,0.0
3,111,receiver_stage/6,6,13.04569,13.172664,0.126974,7,0.072842,0,0.0
3,114,receiver_stage/6,6,13.172934,13.267816,0.094882,7,0.04618,0,0.0
3,118,receiver_stage/6,6,13.267866,13.76849,0.500624,7,0.44843,0,0.0
3,128,receiver_stage/6,6,13.76855,14.248873,0.480323,7,0.425491,0,0.0
3,138,receiver_stage/6,6,14.248903,14.402487,0.153584,7,0.092453,0,0.0
3,146,receiver_stage/6,6,14.402517,14.675925,0.273408,7,0.192725,0,0.0
3,151,receiver_stage/6,6,14.675945,15.2509,0.574955,7,0.502202,0,0.0
3,7,receiver_stage/7,7,7.219066,10.918167,3.699101,3,0.501583,1,3.153346
3,59,receiver_stage/7,7,10.918317,11.360584,0.442267,7,0.377056,0,0.0
3,70,receiver_stage/7,7,11.360624,11.55265,0.192026,7,0.075822,0,0.0
3,72,receiver_stage/7,7,11.55269,11.807797,0.255107,7,0.206676,0,0.0
3,79,receiver_stage/7,7,11.807907,12.057313,0.249406,7,0.183344,0,0.0
3,87,receiver_stage/7,7,12.057344,12.504836,0.447492,7,0.407492,0,0.0
3,97,receiver_stage/7,7,12.504936,12.928137,0.423201,7,0.359559,0,0.0
3,106,receiver_stage/7,7,12.928197,13.03884,0.110643,7,0.068342,0,0.0
3,110,receiver_stage/7,7,13.03898,13.428681,0.389701,7,0.350851,0,0.0
3,121,receiver_stage/7,7,13.428821,13.569025,0.140204,7,0.083952,0,0.0
3,123,receiver_stage/7,7,13.569055,14.290304,0.721249,7,0.648537,0,0.0
3,139,receiver_stage/7,7,14.290374,14.392157,0.101783,7,0.05636,0,0.0
3,145,receiver_stage/7,7,14.392457,14.891961,0.499504,7,0.445232,0,0.0
3,153,receiver_stage/7,7,14.892021,15.074546,0.182525,7,0.111693,0,0.0
3,155,receiver_stage/7,7,15.074676,15.408825,0.334149,7,0.286097,0,0.0
3,5,receiver_stage/5,8,7.193365,8.341586,1.148221,7,0.767402,1,0.236256
3,17,receiver_stage/5,8,8.341806,8.87409,0.532284,7,0.475034,0,0.0
3,25,receiver_stage/5,8,8.87422,9.092792,0.218572,6,0.115492,0,0.0
3,31,receiver_stage/5,8,9.092892,9.783101,0.690209,7,0.382659,1,0.239986
3,42,receiver_stage/5,8,9.783181,10.027978,0.244797,7,0.170275,0,0.0
3,44,receiver_stage/5,8,10.028038,10.693836,0.665798,7,0.588366,0,0.0
3,56,receiver_stage/5,8,10.693896,11.20674,0.512844,7,0.455783,0,0.0
3,63,receiver_stage/5,8,11.20677,11.328663,0.121893,7,0.065682,0,0.0
3,68,receiver_stage/5,8,11.328693,11.805516,0.476823,7,0.406932,0,0.0
3,78,receiver_stage/5,8,11.805546,12.019882,0.214336,7,0.145154,0,0.0
3,85,receiver_stage/5,8,12.019932,12.166526,0.146594,7,0.102432,0,0.0
3,92,receiver_stage/5,8,12.166556,12.636899,0.470343,7,0.424249,0,0.0
3,102,receiver_stage/5,8,12.636929,12.907716,0.270787,7,0.149842,0,0.0
3,105,receiver_stage/5,8,12.907766,13.020329,0.112563,7,0.070012,0,0.0
3,109,receiver_stage/5,8,13.020649,13.278256,0.257607,7,0.222996,0,0.0
3,119,receiver_stage/5,8,13.278286,13.689367,0.411081,7,0.351268,0,0.0
3,126,receiver_stage/5,8,13.689407,14.13465,0.445243,7,0.38943,0,0.0
3,136,receiver_stage/5,8,14.13468,14.337365,0.202685,7,0.134523,0,0.0
3,141,receiver_stage/5,8,14.337395,14.604292,0.266897,7,0.196815,0,0.0
3,149,receiver_stage/5,8,14.604543,14.958052,0.353509,7,0.285346,0,0.0
3,154,receiver_stage/5,8,14.958602,15.433895,0.475293,7,0.396572,0,0.0
3,0,receiver_stage/0,9,7.122819,7.677334,0.554515,4,0.425352,0,0.0
3,12,receiver_stage/0,9,7.677874,7.940631,0.262757,7,0.222435,0,0.0
3,14,receiver_stage/0,9,7.940901,8.26279,0.321889,7,0.280708,0,0.0
3,16,receiver_stage/0,9,8.26307,8.6187,0.35563,7,0.298688,0,0.0
3,19,receiver_stage/0,9,8.61878,8.752393,0.133613,7,0.06768,0,0.0
3,21,receiver_stage/0,9,8.752463,8.936198,0.183735,7,0.129703,0,0.0
3,28,receiver_stage/0,9,8.936248,10.383688,1.44744,8,0.666997,3,0.71829
3,49,receiver_stage/0,9,10.383788,10.4815,0.097712,7,0.064171,0,0.0
3,51,receiver_stage/0,9,10.48158,10.586853,0.105273,7,0.069812,0,0.0
3,53,receiver_stage/0,9,10.586903,10.770018,0.183115,7,0.11198,0,0.0
3,57,receiver_stage/0,9,10.770048,11.267062,0.497014,7,0.441941,0,0.0
3,66,receiver_stage/0,9,11.267122,11.94803,0.680908,7,0.513265,1,0.113873
3,81,receiver_stage/0,9,11.94807,12.028233,0.080163,7,0.044243,0,0.0
3,86,receiver_stage/0,9,12.028263,12.146616,0.118353,4,0.090582,0,0.0
3,91,receiver_stage/0,9,12.146646,12.532526,0.38588,7,0.3375,0,0.0
3,98,receiver_stage/0,9,12.532636,13.067381,0.534745,7,0.474514,0,0.0
3,112,receiver_stage/0,9,13.067441,13.179214,0.111773,7,0.067611,0,0.0
3,115,receiver_stage/0,9,13.179424,13.641207,0.461783,7,0.367358,0,0.0
3,125,receiver_stage/0,9,13.641267,14.042397,0.40113,7,0.330708,0,0.0
3,135,receiver_stage/0,9,14.042498,18.643048,4.60055,2,0.854763,2,3.713177
4,5,receiver_stage/5,2,7.955727,8.032929,0.077202,4,0.02136,0,0.0
4,8,receiver_stage/5,2,8.037419,9.278083,1.240664,6,0.890876,1,0.233866
4,19,receiver_stage/5,2,9.278153,9.612332,0.334179,7,0.279469,0,0.0
4,21,receiver_stage/5,2,9.612742,9.817903,0.205161,7,0.133608,0,0.0
4,23,receiver_stage/5,2,9.817983,9.997607,0.179624,7,0.135493,0,0.0
4,26,receiver_stage/5,2,9.997697,10.137891,0.140194,7,0.115801,0,0.0
4,29,receiver_stage/5,2,10.138031,10.299326,0.161295,6,0.099551,0,0.0
4,32,receiver_stage/5,2,10.299366,10.45004,0.150674,4,0.120121,0,0.0
4,35,receiver_stage/5,2,10.45042,10.652335,0.201915,7,0.091393,0,0.0
4,38,receiver_stage/5,2,10.652535,11.478158,0.825623,7,0.48027,1,0.261448
4,46,receiver_stage/5,2,11.478218,11.656713,0.178495,4,0.119823,0,0.0
4,47,receiver_stage/5,2,11.656783,11.785396,0.128613,4,0.097172,0,0.0
4,48,receiver_stage/5,2,11.785446,11.889019,0.103573,7,0.06427,0,0.0
4,49,receiver_stage/5,2,11.889059,11.986732,0.097673,7,0.065871,0,0.0
4,51,receiver_stage/5,2,11.986802,12.141096,0.154294,7,0.102403,0,0.0
4,53,receiver_stage/5,2,12.141126,12.329281,0.188155,7,0.145843,0,0.0
4,57,receiver_stage/5,2,12.329361,12.869256,0.539895,7,0.462943,0,0.0
4,67,receiver_stage/5,2,12.869296,13.178784,0.309488,7,0.265807,0,0.0
4,77,receiver_stage/5,2,13.179074,13.512863,0.333789,7,0.299966,0,0.0
4,85,receiver_stage/5,2,13.513143,13.872113,0.35897,7,0.308008,0,0.0
4,91,receiver_stage/5,2,13.872383,14.357726,0.485343,7,0.406872,0,0.0
4,100,receiver_stage/5,2,14.357876,14.695566,0.33769,7,0.287957,0,0.0
4,111,receiver_stage/5,2,14.695596,14.902681,0.207085,7,0.118303,0,0.0
4,115,receiver_stage/5,2,14.902731,15.423215,0.520484,7,0.469364,0,0.0
4,128,receiver_stage/5,2,15.423325,15.96837,0.545045,7,0.468244,0,0.0
4,142,receiver_stage/5,2,15.96842,16.426433,0.458013,7,0.386749,0,0.0
4,156,receiver_stage/5,2,16.426523,16.732781,0.306258,7,0.260837,0,0.0
4,1,receiver_stage/1,3,7.898505,12.487995,4.58949,2,0.687118,1,3.86827
4,62,receiver_stage/1,3,12.488055,12.616389,0.128334,7,0.080162,0,0.0
4,63,receiver_stage/1,3,12.616459,12.689171,0.072712,7,0.042721,0,0.0
4,64,receiver_stage/1,3,12.689211,12.913077,0.223866,7,0.186605,0,0.0
4,69,receiver_stage/1,3,12.913157,13.04298,0.129823,7,0.056299,0,0.0
4,73,receiver_stage/1,3,13.043121,13.526454,0.483333,7,0.434031,0,0.0
4,87,receiver_stage/1,3,13.526524,13.877603,0.351079,7,0.293347,0,0.0
4,92,receiver_stage/1,3,13.877973,14.10901,0.231037,7,0.140073,0,0.0
4,95,receiver_stage/1,3,14.10909,14.456169,0.347079,7,0.289888,0,0.0
4,102,receiver_stage/1,3,14.456309,14.538381,0.082072,7,0.040531,0,0.0
4,104,receiver_stage/1,3,14.538411,14.655894,0.117483,7,0.076621,0,0.0
4,110,receiver_stage/1,3,14.655924,15.082906,0.426982,7,0.385099,0,0.0
4,122,receiver_stage/1,3,15.082966,15.428196,0.34523,7,0.303917,0,0.0
4,129,receiver_stage/1,3,15.428266,15.746474,0.318208,7,0.258356,0,0.0
4,136,receiver_stage/1,3,15.746574,15.828346,0.081772,7,0.048761,0,0.0
4,138,receiver_stage/1,3,15.828416,15.928069,0.099653,7,0.05623,0,0.0
4,140,receiver_stage/1,3,15.928139,16.159426,0.231287,7,0.114652,0,0.0
4,150,receiver_stage/1,3,16.159506,16.772222,0.612716,7,0.545745,0,0.0
4,4,receiver_stage/4,4,7.936881,8.102005,0.165124,6,0.081991,0,0.0
4,9,receiver_stage/4,4,8.102045,8.470056,0.368011,7,0.328969,0,0.0
4,14,receiver_stage/4,4,8.470086,10.630269,2.160183,1,0.180875,1,1.972278
4,37,receiver_stage/4,4,10.630359,11.894674,1.264315,6,1.086551,1,0.075992
4,50,receiver_stage/4,4,11.894744,12.086329,0.191585,7,0.129985,0,0.0
4,52,receiver_stage/4,4,12.086429,12.272704,0.186275,7,0.139485,0,0.0
4,55,receiver_stage/4,4,12.272794,12.452829,0.180035,7,0.114181,0,0.0
4,61,receiver_stage/4,4,12.452939,13.004744,0.551805,7,0.483883,0,0.0
4,72,receiver_stage/4,4,13.004804,13.551899,0.547095,7,0.479673,0,0.0
4,88,receiver_stage/4,4,13.552069,14.139215,0.587146,8,0.432131,1,0.070702
4,96,receiver_stage/4,4,14.139355,14.624248,0.484893,7,0.43733,0,0.0
4,108,receiver_stage/4,4,14.624279,14.925747,0.301468,7,0.258335,0,0.0
4,117,receiver_stage/4,4,14.925777,15.316687,0.39091,7,0.333299,0,0.0
4,124,receiver_stage/4,4,15.317807,15.700858,0.383051,7,0.34101,0,0.0
4,135,receiver_stage/4,4,15.700908,15.816561,0.115653,7,0.076621,0,0.0
4,137,receiver_stage/4,4,15.816641,15.959585,0.142944,7,0.090273,0,0.0
4,141,receiver_stage/4,4,15.959675,16.13723,0.177555,7,0.108844,0,0.0
4,148,receiver_stage/4,4,16.13755,16.50399,0.36644,7,0.292287,0,0.0
4,157,receiver_stage/4,4,16.50409,16.974072,0.469982,7,0.421891,0,0.0
4,0,receiver_stage/0,5,7.884615,12.446429,4.561814,2,0.736331,1,3.783573
4,60,receiver_stage/0,5,12.446509,12.973974,0.527465,7,0.43558,0,0.0
4,71,receiver_stage/0,5,12.974044,13.133538,0.159494,7,0.083952,0,0.0
4,75,receiver_stage/0,5,13.133748,13.511148,0.3774,7,0.32629,0,0.0
4,84,receiver_stage/0,5,13.511318,13.967741,0.456423,7,0.40935,0,0.0
4,93,receiver_stage/0,5,13.967831,14.148096,0.180265,7,0.059643,0,0.0
4,98,receiver_stage/0,5,14.148396,14.712141,0.563745,7,0.501215,0,0.0
4,112,receiver_stage/0,5,14.712871,14.946097,0.233226,7,0.148155,0,0.0
4,118,receiver_stage/0,5,14.946128,15.355818,0.40969,7,0.361129,0,0.0
4,126,receiver_stage/0,5,15.355898,15.517483,0.161585,7,0.06652,0,0.0
4,131,receiver_stage/0,5,15.517603,16.047427,0.529824,7,0.478093,0,0.0
4,145,receiver_stage/0,5,16.047467,16.208902,0.161435,7,0.118691,0,0.0
4,152,receiver_stage/0,5,16.209012,17.034174,0.825162,7,0.307848,1,0.439972
4,3,receiver_stage/3,6,7.935656,8.175253,0.239597,7,0.153394,0,0.0
4,11,receiver_stage/3,6,8.175293,8.492892,0.317599,7,0.284799,0,0.0
4,15,receiver_stage/3,6,8.493062,10.020793,1.527731,7,1.010597,1,0.36717
4,27,receiver_stage/3,6,10.020883,10.193208,0.172325,7,0.093194,0,0.0
4,30,receiver_stage/3,6,10.193388,10.394393,0.201005,7,0.143814,0,0.0
4,33,receiver_stage/3,6,10.394424,12.275085,1.880661,8,0.975335,3,0.819962
4,56,receiver_stage/3,6,12.275145,12.775138,0.499993,7,0.427511,0,0.0
4,65,receiver_stage/3,6,12.775429,12.889851,0.114422,7,0.066441,0,0.0
4,68,receiver_stage/3,6,12.890121,13.150259,0.260138,7,0.209886,0,0.0
4,76,receiver_stage/3,6,13.150379,13.275022,0.124643,7,0.070381,0,0.0
4,78,receiver_stage/3,6,13.275212,13.382995,0.107783,7,0.052841,0,0.0
4,80,receiver_stage/3,6,13.383115,13.503818,0.120703,7,0.07518,0,0.0
4,83,receiver_stage/3,6,13.503898,13.609031,0.105133,7,0.057401,0,0.0
4,89,receiver_stage/3,6,13.609181,14.29945,0.690269,7,0.509023,1,0.116543
4,99,receiver_stage/3,6,14.29951,14.742222,0.442712,7,0.395491,0,0.0
4,114,receiver_stage/3,6,14.742412,14.998539,0.256127,7,0.186944,0,0.0
4,121,receiver_stage/3,6,14.998669,15.247966,0.249297,7,0.211615,0,0.0
4,123,receiver_stage/3,6,15.248166,15.695968,0.447802,7,0.405562,0,0.0
4,134,receiver_stage/3,6,15.696028,16.15384,0.457812,7,0.408658,0,0.0
4,149,receiver_stage/3,6,16.15394,16.394697,0.240757,7,0.163934,0,0.0
4,155,receiver_stage/3,6,16.394807,16.815229,0.420422,7,0.375561,0,0.0
4,6,receiver_stage/6,7,7.968307,8.171783,0.203476,6,0.141314,0,0.0
4,10,receiver_stage/6,7,8.171833,8.418339,0.246506,7,0.210585,0,0.0
4,12,receiver_stage/6,7,8.418449,8.720638,0.302189,7,0.269146,0,0.0
4,16,receiver_stage/6,7,8.720748,9.207511,0.486763,7,0.424301,0,0.0
4,18,receiver_stage/6,7,9.207651,9.674744,0.467093,7,0.41663,0,0.0
4,22,receiver_stage/6,7,9.674944,9.830848,0.155904,6,0.072762,0,0.0
4,24,receiver_stage/6,7,9.831148,9.983792,0.152644,7,0.109404,0,0.0
4,25,receiver_stage/6,7,9.983822,10.098515,0.114693,7,0.092782,0,0.0
4,28,receiver_stage/6,7,10.099225,10.29186,0.192635,7,0.125215,0,0.0
4,31,receiver_stage/6,7,10.291891,14.452534,4.160643,1,0.445152,1,3.699981
4,101,receiver_stage/6,7,14.452984,14.577417,0.124433,7,0.07434,0,0.0
4,106,receiver_stage/6,7,14.577447,14.737862,0.160415,7,0.113324,0,0.0
4,113,receiver_stage/6,7,14.737912,14.961388,0.223476,7,0.148333,0,0.0
4,119,receiver_stage/6,7,14.961418,15.374569,0.413151,7,0.292418,0,0.0
4,127,receiver_stage/6,7,15.374759,15.684187,0.309428,7,0.227687,0,0.0
4,133,receiver_stage/6,7,15.684267,16.018677,0.33441,7,0.285326,0,0.0
4,144,receiver_stage/6,7,16.018787,16.165801,0.147014,7,0.112534,0,0.0
4,151,receiver_stage/6,7,16.165911,16.386457,0.220546,7,0.152034,0,0.0
4,154,receiver_stage/6,7,16.386677,16.752677,0.366,7,0.310899,0,0.0
4,7,receiver_stage/7,8,7.993008,8.951804,0.958796,7,0.590066,1,0.262987
4,17,receiver_stage/7,8,8.952294,9.337395,0.385101,7,0.320119,0,0.0
4,20,receiver_stage/7,8,9.337915,10.415974,1.078059,7,0.618854,1,0.368971
4,34,receiver_stage/7,8,10.416014,10.573998,0.157984,4,0.079672,0,0.0
4,36,receiver_stage/7,8,10.574888,11.38307,0.808182,6,0.598175,1,0.081072
4,45,receiver_stage/7,8,11.38334,12.419169,1.035829,7,0.550476,1,0.318298
4,58,receiver_stage/7,8,12.419259,12.778098,0.358839,7,0.284456,0,0.0
4,66,receiver_stage/7,8,12.778138,12.914802,0.136664,7,0.082823,0,0.0
4,70,receiver_stage/7,8,12.914922,13.327683,0.412761,7,0.358718,0,0.0
4,79,receiver_stage/7,8,13.327863,13.474817,0.146954,7,0.102232,0,0.0
4,82,receiver_stage/7,8,13.475028,13.637232,0.162204,7,0.093061,0,0.0
4,90,receiver_stage/7,8,13.637392,14.478775,0.841383,7,0.653358,1,0.114713
4,103,receiver_stage/7,8,14.478895,14.606828,0.127933,7,0.083571,0,0.0
4,107,receiver_stage/7,8,14.606868,14.967918,0.36105,7,0.31251,0,0.0
4,120,receiver_stage/7,8,14.967948,15.431671,0.463723,7,0.409591,0,0.0
4,130,receiver_stage/7,8,15.431771,16.007626,0.575855,7,0.507584,0,0.0
4,143,receiver_stage/7,8,16.007686,16.13039,0.122704,4,0.093733,0,0.0
4,147,receiver_stage/7,8,16.13051,16.568162,0.437652,7,0.39796,0,0.0
4,158,receiver_stage/7,8,16.568252,16.666014,0.097762,7,0.062802,0,0.0
4,159,receiver_stage/7,8,16.666095,16.756017,0.089922,7,0.062771,0,0.0
4,2,receiver_stage/2,9,7.912236,8.44668,0.534444,4,0.460913,0,0.0
4,13,receiver_stage/2,9,8.44674,10.665331,2.218591,1,0.188055,1,2.020345
4,39,receiver_stage/2,9,10.665431,10.822625,0.157194,4,0.105184,0,0.0
4,40,receiver_stage/2,9,10.822745,10.943508,0.120763,7,0.073781,0,0.0
4,41,receiver_stage/2,9,10.943589,11.042901,0.099312,7,0.064991,0,0.0
4,42,receiver_stage/2,9,11.042981,11.155044,0.112063,7,0.076341,0,0.0
4,43,receiver_stage/2,9,11.155134,11.243497,0.088363,7,0.060641,0,0.0
4,44,receiver_stage/2,9,11.243627,12.150101,0.906474,7,0.475461,1,0.352949
4,54,receiver_stage/2,9,12.150151,12.446199,0.296048,7,0.203077,0,0.0
4,59,receiver_stage/2,9,12.446259,13.094577,0.648318,7,0.575215,0,0.0
4,74,receiver_stage/2,9,13.094607,13.405175,0.310568,7,0.256507,0,0.0
4,81,receiver_stage/2,9,13.405345,13.524079,0.118734,7,0.058542,0,0.0
4,86,receiver_stage/2,9,13.524139,13.989321,0.465182,7,0.41012,0,0.0
4,94,receiver_stage/2,9,13.989401,14.145186,0.155785,7,0.043992,0,0.0
4,97,receiver_stage/2,9,14.145306,14.538736,0.39343,7,0.323307,0,0.0
4,105,receiver_stage/2,9,14.538757,14.65466,0.115903,7,0.074222,0,0.0
4,109,receiver_stage/2,9,14.6547,14.911677,0.256977,7,0.221006,0,0.0
4,116,receiver_stage/2,9,14.911707,15.353579,0.441872,7,0.3982,0,0.0
4,125,receiver_stage/2,9,15.354759,15.545954,0.191195,7,0.085701,0,0.0
4,132,receiver_stage/2,9,15.546014,15.883263,0.337249,7,0.290689,0,0.0
4,139,receiver_stage/2,9,15.883533,16.12085,0.237317,7,0.128214,0,0.0
4,146,receiver_stage/2,9,16.12093,16.368586,0.247656,7,0.216045,0,0.0
4,153,receiver_stage/2,9,16.368616,17.462446,1.09383,6,0.619547,1,0.409741
5,6,receiver_stage/6,2,7.965098,8.273866,0.308768,7,0.213707,0,0.0
5,10,receiver_stage/6,2,8.273936,8.688298,0.414362,7,0.370762,0,0.0
5,16,receiver_stage/6,2,8.688468,9.345105,0.656637,7,0.603276,0,0.0
5,21,receiver_stage/6,2,9.345165,9.540581,0.195416,7,0.155353,0,0.0
5,22,receiver_stage/6,2,9.540631,9.679135,0.138504,7,0.107313,0,0.0
5,24,receiver_stage/6,2,9.679385,9.88915,0.209765,7,0.173695,0,0.0
5,26,receiver_stage/6,2,9.88952,9.988793,0.099273,7,0.040461,0,0.0
5,29,receiver_stage/6,2,9.988963,10.090786,0.101823,6,0.051981,0,0.0
5,30,receiver_stage/6,2,10.091066,10.23229,0.141224,7,0.069122,0,0.0
5,32,receiver_stage/6,2,10.23265,10.435985,0.203335,7,0.139344,0,0.0
5,34,receiver_stage/6,2,10.436195,10.61653,0.180335,7,0.127874,0,0.0
5,36,receiver_stage/6,2,10.61668,12.704472,2.087792,8,1.158536,3,0.827761
5,63,receiver_stage/6,2,12.704512,13.032581,0.328069,7,0.290938,0,0.0
5,71,receiver_stage/6,2,13.032691,13.158664,0.125973,7,0.055583,0,0.0
5,73,receiver_stage/6,2,13.158744,13.347304,0.18856,7,0.115098,0,0.0
5,76,receiver_stage/6,2,13.347424,13.873348,0.525924,7,0.445373,0,0.0
5,82,receiver_stage/6,2,13.873448,13.95766,0.084212,7,0.047811,0,0.0
5,85,receiver_stage/6,2,13.957731,14.452944,0.495213,7,0.450541,0,0.0
5,95,receiver_stage/6,2,14.453004,15.020109,0.567105,7,0.512293,0,0.0
5,109,receiver_stage/6,2,15.020289,15.295407,0.275118,7,0.229506,0,0.0
5,113,receiver_stage/6,2,15.295437,15.659267,0.36383,7,0.311067,0,0.0
5,121,receiver_stage/6,2,15.659357,16.187321,0.527964,7,0.475782,0,0.0
5,130,receiver_stage/6,2,16.187441,16.368286,0.180845,7,0.111559,0,0.0
5,132,receiver_stage/6,2,16.368386,16.483899,0.115513,7,0.077221,0,0.0
5,135,receiver_stage/6,2,16.483969,16.599802,0.115833,7,0.079442,0,0.0
5,142,receiver_stage/6,2,16.600022,16.86569,0.265668,7,0.198255,0,0.0
5,153,receiver_stage/6,2,16.86572,17.048955,0.183235,7,0.068873,0,0.0
5,157,receiver_stage/6,2,17.049015,17.435495,0.38648,7,0.327248,0,0.0
5,3,receiver_stage/3,3,7.916016,8.280046,0.36403,7,0.254107,0,0.0
5,11,receiver_stage/3,3,8.280206,8.541453,0.261247,7,0.213095,0,0.0
5,14,receiver_stage/3,3,8.541573,8.983225,0.441652,7,0.379779,0,0.0
5,18,receiver_stage/3,3,8.983385,9.91938,0.935995,7,0.584875,1,0.244327
5,27,receiver_stage/3,3,9.91974,9.976942,0.057202,6,0.0178,0,0.0
5,28,receiver_stage/3,3,9.976972,10.135796,0.158824,7,0.098372,0,0.0
5,31,receiver_stage/3,3,10.136227,13.57427,3.438043,1,0.305718,1,3.122415
5,80,receiver_stage/3,3,13.57433,14.093484,0.519154,7,0.457213,0,0.0
5,90,receiver_stage/3,3,14.093554,14.532936,0.439382,7,0.391761,0,0.0
5,98,receiver_stage/3,3,14.533016,14.706251,0.173235,7,0.060391,0,0.0
5,102,receiver_stage/3,3,14.706301,14.807914,0.101613,7,0.06602,0,0.0
5,105,receiver_stage/3,3,14.807984,14.939457,0.131473,7,0.087562,0,0.0
5,108,receiver_stage/3,3,14.939517,15.070451,0.130934,4,0.101661,0,0.0
5,110,receiver_stage/3,3,15.070561,15.41675,0.346189,7,0.301837,0,0.0
5,116,receiver_stage/3,3,15.41685,15.583455,0.166605,7,0.119183,0,0.0
5,119,receiver_stage/3,3,15.583575,15.927944,0.344369,7,0.282127,0,0.0
5,124,receiver_stage/3,3,15.927994,16.196072,0.268078,7,0.191785,0,0.0
5,131,receiver_stage/3,3,16.196162,16.688505,0.492343,7,0.42311,0,0.0
5,145,receiver_stage/3,3,16.688565,16.818799,0.130234,7,0.093481,0,0.0
5,151,receiver_stage/3,3,16.818839,17.191249,0.37241,7,0.294478,0,0.0
5,0,receiver_stage/0,4,7.874399,9.569675,1.695276,5,0.820622,3,0.784072
5,23,receiver_stage/0,4,9.569895,9.771101,0.201206,7,0.155064,0,0.0
5,25,receiver_stage/0,4,9.771281,10.862501,1.09122,7,0.612177,1,0.36618
5,39,receiver_stage/0,4,10.862571,11.744165,0.881594,7,0.494933,1,0.276467
5,42,receiver_stage/0,4,11.744385,11.92829,0.183905,4,0.113112,0,0.0
5,45,receiver_stage/0,4,11.92874,12.746012,0.817272,6,0.645738,1,0.084632
5,65,receiver_stage/0,4,12.746182,12.914847,0.168665,7,0.119733,0,0.0
5,68,receiver_stage/0,4,12.914947,13.417371,0.502424,7,0.4342,0,0.0
5,77,receiver_stage/0,4,13.417431,13.954005,0.536574,7,0.462092,0,0.0
5,84,receiver_stage/0,4,13.954075,14.49645,0.542375,7,0.489652,0,0.0
5,96,receiver_stage/0,4,14.49657,15.129867,0.633297,7,0.554176,0,0.0
5,111,receiver_stage/0,4,15.129937,15.566299,0.436362,7,0.390241,0,0.0
5,118,receiver_stage/0,4,15.566369,16.071043,0.504674,7,0.459713,0,0.0
5,127,receiver_stage/0,4,16.071103,16.510505,0.439402,7,0.393201,0,0.0
5,138,receiver_stage/0,4,16.510595,18.715795,2.2052,2,0.400831,2,1.786698
5,4,receiver_stage/4,5,7.936591,11.918379,3.981788,1,0.453382,1,3.506205
5,44,receiver_stage/4,5,11.918579,12.053183,0.134604,7,0.080512,0,0.0
5,49,receiver_stage/4,5,12.053483,12.176906,0.123423,7,0.077721,0,0.0
5,52,receiver_stage/4,5,12.176927,12.283049,0.106122,7,0.06882,0,0.0
5,55,receiver_stage/4,5,12.283079,12.480605,0.197526,7,0.145014,0,0.0
5,58,receiver_stage/4,5,12.480715,12.699311,0.218596,7,0.182986,0,0.0
5,62,receiver_stage/4,5,12.699341,12.813784,0.114443,7,0.06804,0,0.0
5,66,receiver_stage/4,5,12.813864,13.097272,0.283408,7,0.196656,0,0.0
5,72,receiver_stage/4,5,13.097352,13.546404,0.449052,7,0.395489,0,0.0
5,79,receiver_stage/4,5,13.546464,13.884433,0.337969,7,0.289968,0,0.0
5,83,receiver_stage/4,5,13.884543,13.959925,0.075382,7,0.043469,0,0.0
5,86,receiver_stage/4,5,13.960005,14.270014,0.310009,7,0.253557,0,0.0
5,91,receiver_stage/4,5,14.270044,14.593882,0.323838,7,0.280618,0,0.0
5,100,receiver_stage/4,5,14.593963,15.321692,0.727729,7,0.516443,1,0.149594
5,114,receiver_stage/4,5,15.321752,16.001081,0.679329,7,0.550746,0,0.0
5,125,receiver_stage/4,5,16.001251,16.529705,0.528454,7,0.450072,0,0.0
5,140,receiver_stage/4,5,16.529915,16.750281,0.220366,7,0.147444,0,0.0
5,149,receiver_stage/4,5,16.750311,17.048349,0.298038,7,0.265677,0,0.0
5,156,receiver_stage/4,5,17.04845,17.269605,0.221155,7,0.151865,0,0.0
5,7,receiver_stage/7,6,7.986108,8.153463,0.167355,6,0.0837,0,0.0
5,8,receiver_stage/7,6,8.153503,8.204104,0.050601,4,0.017369,0,0.0
5,9,receiver_stage/7,6,8.204154,8.367919,0.163765,6,0.124004,0,0.0
5,12,receiver_stage/7,6,8.368089,8.681857,0.313768,7,0.278438,0,0.0
5,15,receiver_stage/7,6,8.682127,9.107669,0.425542,7,0.323237,0,0.0
5,20,receiver_stage/7,6,9.108669,10.891878,1.783209,7,1.212073,1,0.446642
5,40,receiver_stage/7,6,10.892208,11.912516,1.020308,7,0.532114,1,0.38241
5,43,receiver_stage/7,6,11.912696,12.027529,0.114833,7,0.071092,0,0.0
5,47,receiver_stage/7,6,12.027639,12.202293,0.174654,7,0.091391,0,0.0
5,53,receiver_stage/7,6,12.202413,12.396999,0.194586,7,0.141524,0,0.0
5,56,receiver_stage/7,6,12.397109,12.579674,0.182565,7,0.146414,0,0.0
5,60,receiver_stage/7,6,12.579784,12.722088,0.142304,7,0.083753,0,0.0
5,64,receiver_stage/7,6,12.722198,12.835291,0.113093,7,0.055351,0,0.0
5,67,receiver_stage/7,6,12.835391,13.013806,0.178415,7,0.110804,0,0.0
5,70,receiver_stage/7,6,13.013906,13.323919,0.310013,7,0.260922,0,0.0
5,75,receiver_stage/7,6,13.323969,13.993577,0.669608,7,0.579836,0,0.0
5,87,receiver_stage/7,6,13.993677,14.335976,0.342299,7,0.294118,0,0.0
5,92,receiver_stage/7,6,14.336046,14.439149,0.103103,7,0.063982,0,0.0
5,94,receiver_stage/7,6,14.439429,14.776498,0.337069,7,0.290565,0,0.0
5,104,receiver_stage/7,6,14.776529,14.881651,0.105122,7,0.066743,0,0.0
5,107,receiver_stage/7,6,14.881721,15.397345,0.515624,7,0.462699,0,0.0
5,115,receiver_stage/7,6,15.397405,15.553879,0.156474,7,0.117443,0,0.0
5,117,receiver_stage/7,6,15.553969,15.790046,0.236077,7,0.210325,0,0.0
5,123,receiver_stage/7,6,15.790306,16.387172,0.596866,8,0.439403,1,0.071822
5,133,receiver_stage/7,6,16.387222,16.469394,0.082172,7,0.048901,0,0.0
5,134,receiver_stage/7,6,16.469434,16.566027,0.096593,7,0.061571,0,0.0
5,141,receiver_stage/7,6,16.566117,16.784973,0.218856,7,0.145245,0,0.0
5,150,receiver_stage/7,6,16.785003,17.173494,0.388491,7,0.332849,0,0.0
5,5,receiver_stage/5,7,7.949802,8.443295,0.493493,4,0.42081,0,0.0
5,13,receiver_stage/5,7,8.443766,8.756344,0.312578,7,0.273425,0,0.0
5,17,receiver_stage/5,7,8.756364,9.081993,0.325629,7,0.273337,0,0.0
5,19,receiver_stage/5,7,9.082433,10.351987,1.269554,6,0.904736,1,0.266747
5,33,receiver_stage/5,7,10.352357,10.522002,0.169645,6,0.100823,0,0.0
5,35,receiver_stage/5,7,10.522232,10.645165,0.122933,4,0.086752,0,0.0
5,37,receiver_stage/5,7,10.645405,10.802189,0.156784,4,0.119853,0,0.0
5,38,receiver_stage/5,7,10.802339,10.950553,0.148214,4,0.068531,0,0.0
5,41,receiver_stage/5,7,10.951113,11.982876,1.031763,7,0.571158,1,0.335389
5,46,receiver_stage/5,7,11.983226,13.312722,1.329496,6,1.15807,1,0.072142
5,74,receiver_stage/5,7,13.312822,13.706973,0.394151,7,0.310429,0,0.0
5,81,receiver_stage/5,7,13.707023,14.045652,0.338629,7,0.286007,0,0.0
5,89,receiver_stage/5,7,14.045722,14.544935,0.499213,7,0.445471,0,0.0
5,99,receiver_stage/5,7,14.544995,14.688949,0.143954,7,0.044181,0,0.0
5,101,receiver_stage/5,7,14.688979,15.629275,0.940296,7,0.735729,1,0.128103
5,120,receiver_stage/5,7,15.629375,16.139009,0.509634,7,0.448464,0,0.0
5,128,receiver_stage/5,7,16.139089,16.502259,0.36317,7,0.319879,0,0.0
5,136,receiver_stage/5,7,16.502369,16.644573,0.142204,7,0.090689,0,0.0
5,144,receiver_stage/5,7,16.644643,16.741485,0.096842,7,0.055211,0,0.0
5,148,receiver_stage/5,7,16.741565,16.880999,0.139434,7,0.096851,0,0.0
5,154,receiver_stage/5,7,16.881089,17.054644,0.173555,7,0.06804,0,0.0
5,158,receiver_stage/5,7,17.054694,17.492796,0.438102,7,0.38928,0,0.0
5,2,receiver_stage/2,8,7.91355,12.030963,4.117413,1,0.432682,1,3.66291
5,48,receiver_stage/2,8,12.031043,12.109885,0.078842,6,0.024941,0,0.0
5,50,receiver_stage/2,8,12.109915,16.159185,4.04927,2,0.448703,1,3.579227
5,129,receiver_stage/2,8,16.159315,16.505905,0.34659,7,0.296367,0,0.0
5,137,receiver_stage/2,8,16.505995,16.614508,0.108513,7,0.056402,0,0.0
5,143,receiver_stage/2,8,16.614578,16.723791,0.109213,7,0.080462,0,0.0
5,147,receiver_stage/2,8,16.723821,16.898715,0.174894,7,0.138793,0,0.0
5,155,receiver_stage/2,8,16.898805,17.510362,0.611557,7,0.542975,0,0.0
5,1,receiver_stage/1,9,7.90332,12.134866,4.231546,1,0.439882,1,3.767593
5,51,receiver_stage/1,9,12.134916,12.256419,0.121503,7,0.07172,0,0.0
5,54,receiver_stage/1,9,12.256549,12.417733,0.161184,7,0.105352,0,0.0
5,57,receiver_stage/1,9,12.417863,12.519166,0.101303,4,0.068002,0,0.0
5,59,receiver_stage/1,9,12.519276,12.633939,0.114663,7,0.068311,0,0.0
5,61,receiver_stage/1,9,12.634079,12.935768,0.301689,7,0.264447,0,0.0
5,69,receiver_stage/1,9,12.935848,13.540804,0.604956,7,0.523662,0,0.0
5,78,receiver_stage/1,9,13.540914,14.002437,0.461523,7,0.41579,0,0.0
5,88,receiver_stage/1,9,14.002527,14.436099,0.433572,7,0.370751,0,0.0
5,93,receiver_stage/1,9,14.436149,14.515911,0.079762,7,0.042581,0,0.0
5,97,receiver_stage/1,9,14.515941,14.737917,0.221976,7,0.141794,0,0.0
5,103,receiver_stage/1,9,14.738197,14.835729,0.097532,7,0.065292,0,0.0
5,106,receiver_stage/1,9,14.835829,15.253241,0.417412,7,0.34907,0,0.0
5,112,receiver_stage/1,9,15.253301,15.686093,0.432792,7,0.381752,0,0.0
5,122,receiver_stage/1,9,15.686153,16.015562,0.329409,7,0.279728,0,0.0
5,126,receiver_stage/1,9,16.015672,16.516555,0.500883,7,0.454882,0,0.0
5,139,receiver_stage/1,9,16.516625,16.712731,0.196106,7,0.120293,0,0.0
5,146,receiver_stage/1,9,16.712761,16.823724,0.110963,7,0.071042,0,0.0
5,152,receiver_stage/1,9,16.823784,17.06194,0.238156,7,0.162324,0,0.0
5,159,receiver_stage/1,9,17.06202,17.366478,0.304458,7,0.260045,0,0.0
6,0,receiver_stage/0,2,7.966507,13.870688,5.904181,5,2.52648,4,3.278859
6,89,receiver_stage/0,2,13.870758,14.439404,0.568646,7,0.496563,0,0.0
6,102,receiver_stage/0,2,14.439694,14.922077,0.482383,7,0.43715,0,0.0
6,111,receiver_stage/0,2,14.922277,15.232235,0.309958,7,0.246437,0,0.0
6,117,receiver_stage/0,2,15.232585,15.643057,0.410472,7,0.370761,0,0.0
6,126,receiver_stage/0,2,15.648847,16.539901,0.891054,7,0.694539,1,0.118673
6,148,receiver_stage/0,2,16.539971,18.392732,1.852761,3,0.319329,1,1.511682
6,4,receiver_stage/4,3,8.025135,8.391125,0.36599,7,0.247408,0,0.0
6,12,receiver_stage/4,3,8.391505,8.815115,0.42361,7,0.363518,0,0.0
6,16,receiver_stage/4,3,8.815155,9.061812,0.246657,7,0.209706,0,0.0
6,20,receiver_stage/4,3,9.061912,9.205566,0.143654,7,0.109444,0,0.0
6,23,receiver_stage/4,3,9.205676,10.051349,0.845673,7,0.542845,1,0.211876
6,34,receiver_stage/4,3,10.051399,10.246604,0.195205,7,0.129274,0,0.0
6,36,receiver_stage/4,3,10.246764,10.478951,0.232187,7,0.166366,0,0.0
6,39,receiver_stage/4,3,10.479001,11.410406,0.931405,7,0.521003,1,0.317229
6,47,receiver_stage/4,3,11.410586,11.603181,0.192595,7,0.130194,0,0.0
6,50,receiver_stage/4,3,11.603231,11.788676,0.185445,7,0.147242,0,0.0
6,54,receiver_stage/4,3,11.788827,12.104485,0.315658,7,0.282876,0,0.0
6,60,receiver_stage/4,3,12.104615,12.565868,0.461253,7,0.326128,0,0.0
6,68,receiver_stage/4,3,12.566038,13.065531,0.499493,7,0.448431,0,0.0
6,74,receiver_stage/4,3,13.065591,13.129163,0.063572,6,0.02231,0,0.0
6,76,receiver_stage/4,3,13.129193,13.414811,0.285618,7,0.201384,0,0.0
6,82,receiver_stage/4,3,13.414841,13.912884,0.498043,7,0.422768,0,0.0
6,92,receiver_stage/4,3,13.912964,14.244333,0.331369,7,0.278358,0,0.0
6,96,receiver_stage/4,3,14.244513,14.399288,0.154775,4,0.121704,0,0.0
6,101,receiver_stage/4,3,14.399338,14.656485,0.257147,7,0.223166,0,0.0
6,109,receiver_stage/4,3,14.656515,15.031705,0.37519,7,0.321739,0,0.0
6,114,receiver_stage/4,3,15.035815,15.359264,0.323449,7,0.275548,0,0.0
6,120,receiver_stage/4,3,15.359354,15.59395,0.234596,7,0.142534,0,0.0
6,124,receiver_stage/4,3,15.59424,16.106434,0.512194,7,0.437261,0,0.0
6,136,receiver_stage/4,3,16.107014,16.214137,0.107123,7,0.056541,0,0.0
6,141,receiver_stage/4,3,16.215067,17.520033,1.304966,1,0.176555,1,1.121011
6,158,receiver_stage/4,3,17.520093,17.760919,0.240826,7,0.162773,0,0.0
6,1,receiver_stage/1,4,7.983267,11.597066,3.613799,3,0.40494,1,3.166787
6,49,receiver_stage/1,4,11.597356,11.858563,0.261207,7,0.191605,0,0.0
6,55,receiver_stage/1,4,11.858623,11.989097,0.130474,7,0.05892,0,0.0
6,58,receiver_stage/1,4,11.989127,12.10883,0.119703,7,0.065542,0,0.0
6,61,receiver_stage/1,4,12.10905,12.385387,0.276337,7,0.213806,0,0.0
6,65,receiver_stage/1,4,12.385888,13.21389,0.828002,6,0.648478,1,0.086102
6,78,receiver_stage/1,4,13.21395,13.736114,0.522164,7,0.450153,0,0.0
6,84,receiver_stage/1,4,13.736174,13.833597,0.097423,7,0.060351,0,0.0
6,87,receiver_stage/1,4,13.833667,13.908749,0.075082,7,0.041131,0,0.0
6,91,receiver_stage/1,4,13.908819,14.238338,0.329519,7,0.283508,0,0.0
6,95,receiver_stage/1,4,14.238408,14.338431,0.100023,7,0.064733,0,0.0
6,98,receiver_stage/1,4,14.338661,14.828524,0.489863,7,0.444803,0,0.0
6,110,receiver_stage/1,4,14.828584,15.305817,0.477233,7,0.423512,0,0.0
6,118,receiver_stage/1,4,15.306127,15.645036,0.338909,7,0.301768,0,0.0
6,127,receiver_stage/1,4,15.645176,15.983975,0.338799,7,0.157812,0,0.0
6,132,receiver_stage/1,4,15.984075,16.075938,0.091863,7,0.05104,0,0.0
6,135,receiver_stage/1,4,16.076248,16.192461,0.116213,7,0.081481,0,0.0
6,140,receiver_stage/1,4,16.192891,17.507257,1.314366,2,0.196796,1,1.10105
6,157,receiver_stage/1,4,17.507287,18.237087,0.7298,7,0.647767,0,0.0
6,3,receiver_stage/3,5,8.006198,8.187883,0.181685,7,0.099481,0,0.0
6,8,receiver_stage/3,5,8.188013,8.319477,0.131464,6,0.065691,0,0.0
6,9,receiver_stage/3,5,8.319537,8.367378,0.047841,4,0.016331,0,0.0
6,11,receiver_stage/3,5,8.367498,8.873472,0.505974,7,0.439562,0,0.0
6,17,receiver_stage/3,5,8.873552,9.226721,0.353169,7,0.315188,0,0.0
6,26,receiver_stage/3,5,9.226861,10.239139,1.012278,7,0.553634,1,0.36824
6,35,receiver_stage/3,5,10.239249,10.396743,0.157494,6,0.101392,0,0.0
6,38,receiver_stage/3,5,10.396783,11.282597,0.885814,7,0.452252,1,0.340349
6,46,receiver_stage/3,5,11.282837,11.430211,0.147374,4,0.070982,0,0.0
6,48,receiver_stage/3,5,11.430692,11.603676,0.172984,7,0.107671,0,0.0
6,51,receiver_stage/3,5,11.603706,12.438609,0.834903,7,0.496463,1,0.245157
6,66,receiver_stage/3,5,12.438639,13.776435,1.337796,6,1.145872,1,0.084142
6,86,receiver_stage/3,5,13.776505,13.879518,0.103013,7,0.064212,0,0.0
6,90,receiver_stage/3,5,13.879588,14.357261,0.477673,7,0.42762,0,0.0
6,100,receiver_stage/3,5,14.357481,14.530026,0.172545,7,0.118493,0,0.0
6,105,receiver_stage/3,5,14.530056,15.079861,0.549805,7,0.481553,0,0.0
6,115,receiver_stage/3,5,15.080071,15.350068,0.269997,7,0.222346,0,0.0
6,119,receiver_stage/3,5,15.350178,15.829921,0.479743,7,0.403321,0,0.0
6,129,receiver_stage/3,5,15.831371,15.943714,0.112343,7,0.063793,0,0.0
6,131,receiver_stage/3,5,15.943904,16.061458,0.117554,7,0.076632,0,0.0
6,134,receiver_stage/3,5,16.061708,16.16674,0.105032,7,0.055192,0,0.0
6,139,receiver_stage/3,5,16.166821,16.582752,0.415931,8,0.223685,1,0.128694
6,149,receiver_stage/3,5,16.582782,17.578029,0.995247,1,0.118153,1,0.870394
6,2,receiver_stage/2,6,7.994793,8.739533,0.74474,6,0.423402,1,0.228446
6,15,receiver_stage/2,6,8.739653,9.146995,0.407342,7,0.359661,0,0.0
6,22,receiver_stage/2,6,9.147145,9.324299,0.177154,7,0.141392,0,0.0
6,27,receiver_stage/2,6,9.324409,9.416152,0.091743,7,0.039701,0,0.0
6,28,receiver_stage/2,6,9.416172,9.460213,0.044041,6,0.01649,0,0.0
6,29,receiver_stage/2,6,9.460273,9.601507,0.141234,7,0.087773,0,0.0
6,30,receiver_stage/2,6,9.601537,9.683419,0.081882,6,0.047411,0,0.0
6,31,receiver_stage/2,6,9.683489,9.819543,0.136054,7,0.069882,0,0.0
6,32,receiver_stage/2,6,9.819573,9.932426,0.112853,4,0.084903,0,0.0
6,33,receiver_stage/2,6,9.932526,13.317158,3.384632,3,0.409972,1,2.95388
6,80,receiver_stage/2,6,13.317238,13.698259,0.381021,7,0.293328,0,0.0
6,83,receiver_stage/2,6,13.698299,14.211393,0.513094,7,0.443181,0,0.0
6,94,receiver_stage/2,6,14.211423,14.353437,0.142014,7,0.097022,0,0.0
6,99,receiver_stage/2,6,14.353637,14.510491,0.156854,7,0.115604,0,0.0
6,104,receiver_stage/2,6,14.510551,14.614184,0.103633,7,0.067492,0,0.0
6,107,receiver_stage/2,6,14.614244,15.010144,0.3959,7,0.33868,0,0.0
6,112,receiver_stage/2,6,15.010565,15.519288,0.508723,7,0.44364,0,0.0
6,122,receiver_stage/2,6,15.519858,15.667942,0.148084,7,0.044282,0,0.0
6,128,receiver_stage/2,6,15.667972,16.146105,0.478133,7,0.40699,0,0.0
6,137,receiver_stage/2,6,16.146196,16.29457,0.148374,7,0.097843,0,0.0
6,143,receiver_stage/2,6,16.29462,16.455764,0.161144,7,0.110593,0,0.0
6,146,receiver_stage/2,6,16.456134,17.05721,0.601076,8,0.441393,1,0.071652
6,153,receiver_stage/2,6,17.05725,17.167143,0.109893,7,0.070642,0,0.0
6,154,receiver_stage/2,6,17.167193,17.287607,0.120414,7,0.095704,0,0.0
6,156,receiver_stage/2,6,17.287637,17.526223,0.238586,7,0.162744,0,0.0
6,159,receiver_stage/2,6,17.526243,17.827791,0.301548,7,0.254004,0,0.0
6,7,receiver_stage/7,7,8.066344,8.320741,0.254397,7,0.156765,0,0.0
6,10,receiver_stage/7,7,8.320861,8.480165,0.159304,6,0.118493,0,0.0
6,13,receiver_stage/7,7,8.480235,8.945638,0.465403,7,0.41586,0,0.0
6,19,receiver_stage/7,7,8.945718,9.093592,0.147874,7,0.118684,0,0.0
6,21,receiver_stage/7,7,9.093692,9.209855,0.116163,7,0.092173,0,0.0
6,25,receiver_stage/7,7,9.209975,10.706782,1.496807,7,1.014082,1,0.376641
6,41,receiver_stage/7,7,10.707642,10.818375,0.110733,7,0.063,0,0.0
6,42,receiver_stage/7,7,10.818835,10.921868,0.103033,7,0.064791,0,0.0
6,43,receiver_stage/7,7,10.922418,11.063442,0.141024,7,0.074491,0,0.0
6,44,receiver_stage/7,7,11.063492,11.177845,0.114353,7,0.077261,0,0.0
6,45,receiver_stage/7,7,11.178115,11.778871,0.600756,6,0.360369,1,0.177825
6,53,receiver_stage/7,7,11.778961,11.915365,0.136404,7,0.074171,0,0.0
6,56,receiver_stage/7,7,11.915485,12.057369,0.141884,7,0.100023,0,0.0
6,59,receiver_stage/7,7,12.057469,12.194703,0.137234,7,0.082882,0,0.0
6,62,receiver_stage/7,7,12.194793,12.332576,0.137783,7,0.054461,0,0.0
6,64,receiver_stage/7,7,12.332857,12.46995,0.137093,7,0.079042,0,0.0
6,67,receiver_stage/7,7,12.47004,12.567013,0.096973,4,0.068072,0,0.0
6,69,receiver_stage/7,7,12.567153,12.901632,0.334479,7,0.290627,0,0.0
6,72,receiver_stage/7,7,12.901712,16.411418,3.509706,2,0.460773,1,3.031873
6,145,receiver_stage/7,7,16.411688,16.786558,0.37487,7,0.327099,0,0.0
6,151,receiver_stage/7,7,16.786988,16.896001,0.109013,7,0.062541,0,0.0
6,152,receiver_stage/7,7,16.896051,17.209789,0.313738,7,0.283877,0,0.0
6,155,receiver_stage/7,7,17.209889,17.60597,0.396081,7,0.314318,0,0.0
6,6,receiver_stage/6,8,8.051259,8.558653,0.507394,4,0.436561,0,0.0
6,14,receiver_stage/6,8,8.558933,8.909093,0.35016,7,0.292549,0,0.0
6,18,receiver_stage/6,8,8.909193,9.208921,0.299728,7,0.265817,0,0.0
6,24,receiver_stage/6,8,9.209031,10.373083,1.164052,6,0.872035,1,0.202545
6,37,receiver_stage/6,8,10.373123,10.572738,0.199615,4,0.111263,0,0.0
6,40,receiver_stage/6,8,10.572798,12.697506,2.124708,8,1.226583,3,0.791492
6,71,receiver_stage/6,8,12.697566,13.047116,0.34955,7,0.298699,0,0.0
6,73,receiver_stage/6,8,13.051336,13.20116,0.149824,7,0.086123,0,0.0
6,77,receiver_stage/6,8,13.20123,13.378665,0.177435,7,0.111363,0,0.0
6,81,receiver_stage/6,8,13.378755,14.027572,0.648817,7,0.576605,0,0.0
6,93,receiver_stage/6,8,14.027662,14.474275,0.446613,7,0.400622,0,0.0
6,103,receiver_stage/6,8,14.474535,14.606358,0.131823,7,0.088723,0,0.0
6,106,receiver_stage/6,8,14.606408,15.117382,0.510974,7,0.455491,0,0.0
6,116,receiver_stage/6,8,15.117432,15.442051,0.324619,7,0.287085,0,0.0
6,121,receiver_stage/6,8,15.442161,15.624466,0.182305,7,0.06312,0,0.0
6,125,receiver_stage/6,8,15.624676,16.315815,0.691139,7,0.516915,1,0.114733
6,144,receiver_stage/6,8,16.315895,16.656024,0.340129,7,0.304027,0,0.0
6,150,receiver_stage/6,8,16.656084,17.654911,0.998827,1,0.134874,1,0.856843
6,5,receiver_stage/5,9,8.040484,11.695744,3.65526,1,0.39678,1,3.238348
6,52,receiver_stage/5,9,11.695874,11.950841,0.254967,4,0.201826,0,0.0
6,57,receiver_stage/5,9,11.950981,12.206848,0.255867,7,0.215236,0,0.0
6,63,receiver_stage/5,9,12.206938,12.63711,0.430172,7,0.36496,0,0.0
6,70,receiver_stage/5,9,12.6372,13.099422,0.462222,7,0.40689,0,0.0
6,75,receiver_stage/5,9,13.099452,13.216345,0.116893,7,0.074562,0,0.0
6,79,receiver_stage/5,9,13.216416,13.75673,0.540314,7,0.463082,0,0.0
6,85,receiver_stage/5,9,13.75682,13.857123,0.100303,7,0.0715,0,0.0
6,88,receiver_stage/5,9,13.857183,14.303135,0.445952,7,0.375101,0,0.0
6,97,receiver_stage/5,9,14.303205,14.646184,0.342979,7,0.294397,0,0.0
6,108,receiver_stage/5,9,14.646695,15.021545,0.37485,7,0.322629,0,0.0
6,113,receiver_stage/5,9,15.021635,15.559639,0.538004,7,0.478663,0,0.0
6,123,receiver_stage/5,9,15.559699,15.892768,0.333069,7,0.243106,0,0.0
6,130,receiver_stage/5,9,15.893388,16.005661,0.112273,7,0.078481,0,0.0
6,133,receiver_stage/5,9,16.005861,16.160476,0.154615,7,0.094492,0,0.0
6,138,receiver_stage/5,9,16.160506,16.292809,0.132303,7,0.071331,0,0.0
6,142,receiver_stage/5,9,16.292849,16.476514,0.183665,7,0.140265,0,0.0
6,147,receiver_stage/5,9,16.476694,18.408097,1.931403,3,0.368059,1,1.537672
7,3,receiver_stage/3,2,6.437121,7.246763,0.809642,6,0.536616,1,0.189035
7,22,receiver_stage/3,2,7.246813,7.389937,0.143124,7,0.111403,0,0.0
7,26,receiver_stage/3,2,7.390017,8.603945,1.213928,6,0.93033,1,0.190626
7,54,receiver_stage/3,2,8.604035,8.724758,0.120723,7,0.068969,0,0.0
7,57,receiver_stage/3,2,8.724918,9.037327,0.312409,7,0.253935,0,0.0
7,64,receiver_stage/3,2,9.037377,9.372336,0.334959,7,0.284677,0,0.0
7,71,receiver_stage/3,2,9.372426,9.566121,0.193695,7,0.125283,0,0.0
7,74,receiver_stage/3,2,9.566202,9.665974,0.099772,7,0.063891,0,0.0
7,75,receiver_stage/3,2,9.666034,9.732056,0.066022,7,0.038839,0,0.0
7,77,receiver_stage/3,2,9.732116,10.220949,0.488833,7,0.439412,0,0.0
7,83,receiver_stage/3,2,10.221009,10.322822,0.101813,7,0.066522,0,0.0
7,86,receiver_stage/3,2,10.322882,10.61658,0.293698,7,0.240965,0,0.0
7,90,receiver_stage/3,2,10.61669,10.9812,0.36451,7,0.285707,0,0.0
7,97,receiver_stage/3,2,10.9815,12.339197,1.357697,6,1.1601,1,0.081982
7,127,receiver_stage/3,2,12.339447,13.021996,0.682549,7,0.510506,1,0.114773
7,146,receiver_stage/3,2,13.022096,13.130659,0.108563,7,0.077493,0,0.0
7,150,receiver_stage/3,2,13.130689,13.54533,0.414641,7,0.337698,0,0.0
7,157,receiver_stage/3,2,13.54539,14.214558,0.669168,7,0.594686,0,0.0
7,0,receiver_stage/0,3,6.398105,11.729526,5.331421,5,2.858873,4,2.386976
7,109,receiver_stage/0,3,11.729626,11.918481,0.188855,7,0.110783,0,0.0
7,114,receiver_stage/0,3,11.918561,11.983922,0.065361,6,0.022291,0,0.0
7,115,receiver_stage/0,3,11.983952,12.106616,0.122664,7,0.087052,0,0.0
7,117,receiver_stage/0,3,12.106736,12.222349,0.115613,7,0.060821,0,0.0
7,121,receiver_stage/0,3,12.222699,12.701112,0.478413,7,0.403972,0,0.0
7,135,receiver_stage/0,3,12.701202,12.826275,0.125073,7,0.091193,0,0.0
7,141,receiver_stage/0,3,12.826345,12.939329,0.112984,7,0.067771,0,0.0
7,144,receiver_stage/0,3,12.939479,13.030171,0.090692,7,0.051542,0,0.0
7,147,receiver_stage/0,3,13.030271,13.412931,0.38266,7,0.330668,0,0.0
7,156,receiver_stage/0,3,13.413001,13.665958,0.252957,7,0.174344,0,0.0
7,158,receiver_stage/0,3,13.666029,13.878744,0.212715,7,0.149101,0,0.0
7,7,receiver_stage/7,4,6.496952,6.727608,0.230656,7,0.126722,0,0.0
7,10,receiver_stage/7,4,6.727958,6.882262,0.154304,6,0.081232,0,0.0
7,15,receiver_stage/7,4,6.882312,7.364135,0.481823,7,0.42589,0,0.0
7,24,receiver_stage/7,4,7.364455,7.557891,0.193436,7,0.157574,0,0.0
7,31,receiver_stage/7,4,7.558021,7.672584,0.114563,4,0.085972,0,0.0
7,34,receiver_stage/7,4,7.672614,7.828718,0.156104,4,0.103403,0,0.0
7,38,receiver_stage/7,4,7.828838,7.933831,0.104993,7,0.06818,0,0.0
7,41,receiver_stage/7,4,7.933991,8.101635,0.167644,6,0.103833,0,0.0
7,44,receiver_stage/7,4,8.101785,8.260386,0.158601,7,0.107689,0,0.0
7,46,receiver_stage/7,4,8.260526,8.40543,0.144904,7,0.072901,0,0.0
7,48,receiver_stage/7,4,8.40549,8.588155,0.182665,7,0.129483,0,0.0
7,53,receiver_stage/7,4,8.588245,8.817411,0.229166,7,0.192626,0,0.0
7,59,receiver_stage/7,4,8.817741,9.272333,0.454592,7,0.39974,0,0.0
7,67,receiver_stage/7,4,9.272383,9.389817,0.117434,4,0.089712,0,0.0
7,72,receiver_stage/7,4,9.389957,9.88243,0.492473,7,0.429601,0,0.0
7,78,receiver_stage/7,4,9.88249,10.304752,0.422262,7,0.35987,0,0.0
7,84,receiver_stage/7,4,10.304822,10.638111,0.333289,7,0.283477,0,0.0
7,91,receiver_stage/7,4,10.638221,11.291608,0.653387,7,0.571225,0,0.0
7,102,receiver_stage/7,4,11.291698,11.631838,0.34014,7,0.289427,0,0.0
7,108,receiver_stage/7,4,11.632028,12.138602,0.506574,7,0.434533,0,0.0
7,119,receiver_stage/7,4,12.138662,12.256415,0.117753,7,0.072982,0,0.0
7,124,receiver_stage/7,4,12.256645,12.411509,0.154864,7,0.044461,0,0.0
7,128,receiver_stage/7,4,12.411709,13.255582,0.843873,7,0.664747,1,0.116553
7,154,receiver_stage/7,4,13.255652,13.831308,0.575656,8,0.42896,1,0.062722
7,5,receiver_stage/5,5,6.465767,6.670602,0.204835,7,0.124493,0,0.0
7,9,receiver_stage/5,5,6.670712,6.888108,0.217396,7,0.136552,0,0.0
7,16,receiver_stage/5,5,6.888218,7.216407,0.328189,7,0.277488,0,0.0
7,20,receiver_stage/5,5,7.216528,7.518556,0.302028,7,0.268917,0,0.0
7,30,receiver_stage/5,5,7.518706,7.568027,0.049321,6,0.017709,0,0.0
7,32,receiver_stage/5,5,7.568137,7.711401,0.143264,7,0.087313,0,0.0
7,36,receiver_stage/5,5,7.711511,7.809623,0.098112,7,0.060332,0,0.0
7,37,receiver_stage/5,5,7.809714,7.901186,0.091472,7,0.06407,0,0.0
7,40,receiver_stage/5,5,7.901366,8.094481,0.193115,7,0.126403,0,0.0
7,43,receiver_stage/5,5,8.094581,8.454501,0.35992,8,0.084412,0,0.0
7,49,receiver_stage/5,5,8.454571,8.624515,0.169944,7,0.107833,0,0.0
7,55,receiver_stage/5,5,8.624575,8.761919,0.137344,7,0.083663,0,0.0
7,58,receiver_stage/5,5,8.762569,8.888732,0.126163,7,0.055729,0,0.0
7,61,receiver_stage/5,5,8.888762,9.345095,0.456333,7,0.407121,0,0.0
7,70,receiver_stage/5,5,9.345165,9.700715,0.35555,7,0.262599,0,0.0
7,76,receiver_stage/5,5,9.700775,10.063234,0.362459,7,0.306059,0,0.0
7,81,receiver_stage/5,5,10.063294,10.389533,0.326239,7,0.278037,0,0.0
7,87,receiver_stage/5,5,10.389604,10.890667,0.501063,7,0.440089,0,0.0
7,95,receiver_stage/5,5,10.891047,10.99455,0.103503,7,0.067691,0,0.0
7,98,receiver_stage/5,5,10.99461,11.239987,0.245377,7,0.208176,0,0.0
7,101,receiver_stage/5,5,11.240017,11.571526,0.331509,7,0.297908,0,0.0
7,106,receiver_stage/5,5,11.571646,12.09617,0.524524,7,0.451943,0,0.0
7,116,receiver_stage/5,5,12.09623,12.227664,0.131434,7,0.096354,0,0.0
7,122,receiver_stage/5,5,12.227764,12.45079,0.223026,7,0.142364,0,0.0
7,130,receiver_stage/5,5,12.45087,12.537762,0.086892,7,0.049421,0,0.0
7,131,receiver_stage/5,5,12.537822,12.720217,0.182395,7,0.102462,0,0.0
7,137,receiver_stage/5,5,12.720297,12.892202,0.171905,7,0.137502,0,0.0
7,142,receiver_stage/5,5,12.892282,13.008295,0.116013,7,0.063471,0,0.0
7,145,receiver_stage/5,5,13.008395,13.159819,0.151424,7,0.089982,0,0.0
7,151,receiver_stage/5,5,13.159879,13.808477,0.648598,7,0.238424,1,0.35747
7,1,receiver_stage/1,6,6.40961,6.76853,0.35892,7,0.292389,0,0.0
7,12,receiver_stage/1,6,6.76884,6.943185,0.174345,6,0.120064,0,0.0
7,17,receiver_stage/1,6,6.943225,7.309075,0.36585,7,0.328577,0,0.0
7,23,receiver_stage/1,6,7.309155,7.433338,0.124183,7,0.098591,0,0.0
7,28,receiver_stage/1,6,7.433468,8.495847,1.062379,7,0.580195,1,0.393071
7,51,receiver_stage/1,6,8.495907,8.832066,0.336159,7,0.277887,0,0.0
7,60,receiver_stage/1,6,8.832266,9.003531,0.171265,7,0.095363,0,0.0
7,63,receiver_stage/1,6,9.003601,9.461103,0.457502,7,0.409412,0,0.0
7,73,receiver_stage/1,6,9.461184,10.031909,0.570725,7,0.492101,0,0.0
7,80,receiver_stage/1,6,10.032299,10.505182,0.472883,7,0.423453,0,0.0
7,89,receiver_stage/1,6,10.505242,10.827401,0.322159,7,0.274588,0,0.0
7,94,receiver_stage/1,6,10.827581,10.938404,0.110823,7,0.067752,0,0.0
7,96,receiver_stage/1,6,10.938434,11.755956,0.817522,6,0.646607,1,0.083742
7,110,receiver_stage/1,6,11.756076,12.292651,0.536575,7,0.475344,0,0.0
7,125,receiver_stage/1,6,12.292901,12.62806,0.335159,7,0.289337,0,0.0
7,133,receiver_stage/1,6,12.6281,12.768864,0.140764,7,0.089883,0,0.0
7,138,receiver_stage/1,6,12.769044,12.905467,0.136423,7,0.09527,0,0.0
7,143,receiver_stage/1,6,12.909307,13.041771,0.132464,7,0.081541,0,0.0
7,148,receiver_stage/1,6,13.041841,13.232656,0.190815,7,0.112484,0,0.0
7,153,receiver_stage/1,6,13.232726,16.283669,3.050943,1,0.537364,1,2.496998
7,2,receiver_stage/2,7,6.422755,6.745744,0.322989,7,0.02127,0,0.0
7,11,receiver_stage/2,7,6.745864,6.798695,0.052831,4,0.0177,0,0.0
7,13,receiver_stage/2,7,6.798725,7.234277,0.435552,7,0.382439,0,0.0
7,21,receiver_stage/2,7,7.234307,7.380651,0.146344,7,0.118421,0,0.0
7,25,receiver_stage/2,7,7.380742,8.285976,0.905234,7,0.565744,1,0.246417
7,47,receiver_stage/2,7,8.286596,8.457271,0.170675,7,0.120473,0,0.0
7,50,receiver_stage/2,7,8.457301,8.660526,0.203225,7,0.149671,0,0.0
7,56,receiver_stage/2,7,8.661126,9.078378,0.417252,7,0.294028,0,0.0
7,65,receiver_stage/2,7,9.078638,9.181101,0.102463,4,0.070643,0,0.0
7,66,receiver_stage/2,7,9.181191,9.315034,0.133843,4,0.068182,0,0.0
7,69,receiver_stage/2,7,9.315145,10.211549,0.896404,7,0.521884,1,0.293918
7,82,receiver_stage/2,7,10.211609,10.316542,0.104933,7,0.068603,0,0.0
7,85,receiver_stage/2,7,10.316612,10.777564,0.460952,7,0.410161,0,0.0
7,93,receiver_stage/2,7,10.777714,11.294248,0.516534,7,0.449353,0,0.0
7,103,receiver_stage/2,7,11.294559,11.768961,0.474402,7,0.427342,0,0.0
7,111,receiver_stage/2,7,11.769151,12.298446,0.529295,7,0.469552,0,0.0
7,126,receiver_stage/2,7,12.298936,16.051263,3.752327,2,0.604496,2,3.12781
7,6,receiver_stage/6,8,6.484798,6.833417,0.348619,7,0.238755,0,0.0
7,14,receiver_stage/6,8,6.833537,7.192767,0.35923,7,0.308017,0,0.0
7,19,receiver_stage/6,8,7.192877,7.505275,0.312398,7,0.275867,0,0.0
7,29,receiver_stage/6,8,7.505405,7.601338,0.095933,7,0.040141,0,0.0
7,33,receiver_stage/6,8,7.601438,7.697571,0.096133,6,0.050161,0,0.0
7,35,receiver_stage/6,8,7.697641,7.834934,0.137293,7,0.068702,0,0.0
7,39,receiver_stage/6,8,7.835004,7.935937,0.100933,7,0.066871,0,0.0
7,42,receiver_stage/6,8,7.936047,8.126762,0.190715,7,0.132244,0,0.0
7,45,receiver_stage/6,8,8.126822,8.521758,0.394936,7,0.352486,0,0.0
7,52,receiver_stage/6,8,8.521868,10.699547,2.177679,8,1.281303,3,0.792113
7,92,receiver_stage/6,8,10.699937,11.221341,0.521404,7,0.430823,0,0.0
7,100,receiver_stage/6,8,11.221481,11.631582,0.410101,7,0.371748,0,0.0
7,107,receiver_stage/6,8,11.631742,11.815097,0.183355,7,0.110623,0,0.0
7,113,receiver_stage/6,8,11.815207,12.187918,0.372711,7,0.321868,0,0.0
7,120,receiver_stage/6,8,12.188348,12.664971,0.476623,8,0.225037,1,0.129103
7,134,receiver_stage/6,8,12.665291,12.796674,0.131383,7,0.071553,0,0.0
7,139,receiver_stage/6,8,12.796724,13.116963,0.320239,7,0.284097,0,0.0
7,149,receiver_stage/6,8,13.117043,13.320748,0.203705,7,0.113032,0,0.0
7,155,receiver_stage/6,8,13.320808,13.72837,0.407562,7,0.320108,0,0.0
7,159,receiver_stage/6,8,13.7284,14.149476,0.421076,7,0.361056,0,0.0
7,4,receiver_stage/4,9,6.457482,6.652217,0.194735,7,0.111342,0,0.0
7,8,receiver_stage/4,9,6.652337,7.159761,0.507424,4,0.439752,0,0.0
7,18,receiver_stage/4,9,7.159811,7.414278,0.254467,7,0.214295,0,0.0
7,27,receiver_stage/4,9,7.414308,8.895478,1.48117,7,1.021767,1,0.35703
7,62,receiver_stage/4,9,8.895528,9.275709,0.380181,7,0.329319,0,0.0
7,68,receiver_stage/4,9,9.275769,9.978488,0.702719,6,0.494524,1,0.147124
7,79,receiver_stage/4,9,9.978538,10.471851,0.493313,7,0.43882,0,0.0
7,88,receiver_stage/4,9,10.471921,11.032206,0.560285,7,0.506804,0,0.0
7,99,receiver_stage/4,9,11.032356,11.382306,0.34995,7,0.308617,0,0.0
7,104,receiver_stage/4,9,11.382436,11.54251,0.160074,4,0.126212,0,0.0
7,105,receiver_stage/4,9,11.542641,11.810938,0.268297,7,0.193145,0,0.0
7,112,receiver_stage/4,9,11.811178,12.123276,0.312098,7,0.256307,0,0.0
7,118,receiver_stage/4,9,12.123426,12.24509,0.121664,7,0.090492,0,0.0
7,123,receiver_stage/4,9,12.24533,12.422214,0.176884,7,0.058821,0,0.0
7,129,receiver_stage/4,9,12.422244,12.541148,0.118904,7,0.079432,0,0.0
7,132,receiver_stage/4,9,12.541188,12.704032,0.162844,7,0.104083,0,0.0
7,136,receiver_stage/4,9,12.704152,12.816345,0.112193,7,0.06863,0,0.0
7,140,receiver_stage/4,9,12.817665,13.220926,0.403261,7,0.360401,0,0.0
7,152,receiver_stage/4,9,13.220996,13.991557,0.770561,7,0.339127,1,0.35071
8,6,receiver_stage/6,2,7.69101,8.07113,0.38012,7,0.259707,0,0.0
8,15,receiver_stage/6,2,8.071191,8.550413,0.479222,7,0.427351,0,0.0
8,22,receiver_stage/6,2,8.550573,11.628927,3.078354,4,0.877954,3,2.164128
8,77,receiver_stage/6,2,11.629017,11.969637,0.34062,7,0.222288,0,0.0
8,80,receiver_stage/6,2,11.969717,12.590444,0.620727,7,0.537196,0,0.0
8,91,receiver_stage/6,2,12.590544,12.786489,0.195945,7,0.114654,0,0.0
8,94,receiver_stage/6,2,12.786649,13.264352,0.477703,7,0.428089,0,0.0
8,107,receiver_stage/6,2,13.264602,13.386675,0.122073,7,0.065431,0,0.0
8,109,receiver_stage/6,2,13.386855,13.516739,0.129884,7,0.087782,0,0.0
8,111,receiver_stage/6,2,13.516789,13.786326,0.269537,7,0.183436,0,0.0
8,117,receiver_stage/6,2,13.786406,13.91813,0.131724,7,0.092542,0,0.0
8,121,receiver_stage/6,2,13.91822,14.224248,0.306028,7,0.256826,0,0.0
8,126,receiver_stage/6,2,14.224338,15.061541,0.837203,7,0.659219,1,0.115003
8,143,receiver_stage/6,2,15.061601,15.40531,0.343709,7,0.287637,0,0.0
8,152,receiver_stage/6,2,15.4054,16.028467,0.623067,7,0.554053,0,0.0
8,156,receiver_stage/6,2,16.028527,16.370617,0.34209,7,0.281117,0,0.0
8,159,receiver_stage/6,2,16.370667,16.758297,0.38763,7,0.302198,0,0.0
8,5,receiver_stage/5,3,7.679895,7.906521,0.226626,7,0.135963,0,0.0
8,9,receiver_stage/5,3,7.906561,8.128867,0.222306,7,0.139393,0,0.0
8,16,receiver_stage/5,3,8.129047,8.459196,0.330149,7,0.279178,0,0.0
8,20,receiver_stage/5,3,8.459296,8.766734,0.307438,7,0.267548,0,0.0
8,28,receiver_stage/5,3,8.766824,8.856097,0.089273,7,0.03932,0,0.0
8,31,receiver_stage/5,3,8.856127,8.948799,0.092672,6,0.04931,0,0.0
8,32,receiver_stage/5,3,8.948869,9.047282,0.098413,7,0.060641,0,0.0
8,34,receiver_stage/5,3,9.047352,10.515012,1.46766,6,1.215735,1,0.136504
8,60,receiver_stage/5,3,10.515052,10.870302,0.35525,7,0.290317,0,0.0
8,65,receiver_stage/5,3,10.870442,11.425077,0.554635,7,0.497084,0,0.0
8,73,receiver_stage/5,3,11.425137,11.873959,0.448822,7,0.361621,0,0.0
8,78,receiver_stage/5,3,11.874079,12.060874,0.186795,7,0.112862,0,0.0
8,82,receiver_stage/5,3,12.060984,12.307401,0.246417,7,0.207846,0,0.0
8,85,receiver_stage/5,3,12.307491,12.63415,0.326659,7,0.294287,0,0.0
8,92,receiver_stage/5,3,12.63425,13.098572,0.464322,7,0.39453,0,0.0
8,103,receiver_stage/5,3,13.098662,13.241126,0.142464,4,0.070212,0,0.0
8,106,receiver_stage/5,3,13.241216,13.36278,0.121564,7,0.070363,0,0.0
8,108,receiver_stage/5,3,13.36328,13.529474,0.166194,7,0.114782,0,0.0
8,112,receiver_stage/5,3,13.529524,13.724399,0.194875,7,0.066011,0,0.0
8,115,receiver_stage/5,3,13.724519,13.889784,0.165265,7,0.106923,0,0.0
8,120,receiver_stage/5,3,13.889904,14.337186,0.447282,7,0.40041,0,0.0
8,128,receiver_stage/5,3,14.337276,14.440769,0.103493,7,0.076911,0,0.0
8,131,receiver_stage/5,3,14.440859,14.741587,0.300728,7,0.267917,0,0.0
8,137,receiver_stage/5,3,14.741677,15.066296,0.324619,7,0.281279,0,0.0
8,144,receiver_stage/5,3,15.066336,15.272112,0.205776,7,0.118183,0,0.0
8,150,receiver_stage/5,3,15.272162,18.203592,2.93143,1,0.322029,1,2.599321
8,0,receiver_stage/1,4,7.645514,13.139553,5.494039,5,3.049562,4,2.348094
8,104,receiver_stage/1,4,13.139603,14.025677,0.886074,7,0.512493,1,0.288847
8,125,receiver_stage/1,4,14.025737,14.693106,0.667369,7,0.506515,1,0.104743
8,135,receiver_stage/1,4,14.693216,15.454576,0.76136,7,0.315237,1,0.36493
8,153,receiver_stage/1,4,15.458587,15.980901,0.522314,7,0.459774,0,0.0
8,155,receiver_stage/1,4,15.980951,16.200767,0.219816,7,0.156524,0,0.0
8,158,receiver_stage/1,4,16.200837,18.50322,2.302383,1,0.37567,1,1.917283
8,7,receiver_stage/7,5,7.692844,7.929121,0.236277,7,0.128602,0,0.0
8,10,receiver_stage/7,5,7.929151,8.070105,0.140954,6,0.071681,0,0.0
8,14,receiver_stage/7,5,8.070145,8.434455,0.36431,7,0.308058,0,0.0
8,19,receiver_stage/7,5,8.434485,8.741203,0.306718,7,0.273828,0,0.0
8,27,receiver_stage/7,5,8.741293,9.804002,1.062709,7,0.572724,1,0.39753
8,44,receiver_stage/7,5,9.804072,9.956436,0.152364,7,0.090121,0,0.0
8,47,receiver_stage/7,5,9.956486,10.0984,0.141914,7,0.054952,0,0.0
8,50,receiver_stage/7,5,10.09854,10.284455,0.185915,7,0.126423,0,0.0
8,54,receiver_stage/7,5,10.284705,12.797124,2.512419,3,0.046762,1,2.438187
8,95,receiver_stage/7,5,12.797184,12.934887,0.137703,7,0.09329,0,0.0
8,97,receiver_stage/7,5,12.935018,13.047471,0.112453,7,0.086152,0,0.0
8,100,receiver_stage/7,5,13.047581,13.75611,0.708529,7,0.625687,0,0.0
8,116,receiver_stage/7,5,13.75617,13.879973,0.123803,7,0.069281,0,0.0
8,119,receiver_stage/7,5,13.880063,14.370367,0.490304,7,0.439873,0,0.0
8,129,receiver_stage/7,5,14.370467,14.546951,0.176484,7,0.140462,0,0.0
8,134,receiver_stage/7,5,14.547061,15.176099,0.629038,7,0.230236,1,0.34071
8,148,receiver_stage/7,5,15.176179,18.016716,2.840537,2,0.450981,1,2.369755
8,1,receiver_stage/0,6,7.645629,8.05713,0.411501,7,0.302227,0,0.0
8,13,receiver_stage/0,6,8.05717,8.503372,0.446202,7,0.38421,0,0.0
8,21,receiver_stage/0,6,8.503432,8.619645,0.116213,4,0.086412,0,0.0
8,25,receiver_stage/0,6,8.619725,8.777599,0.157874,4,0.103712,0,0.0
8,29,receiver_stage/0,6,8.777699,8.829631,0.051932,6,0.01743,0,0.0
8,30,receiver_stage/0,6,8.829681,8.972835,0.143154,7,0.086632,0,0.0
8,33,receiver_stage/0,6,8.972945,9.071837,0.098892,7,0.066182,0,0.0
8,35,receiver_stage/0,6,9.071927,9.17718,0.105253,7,0.067171,0,0.0
8,36,receiver_stage/0,6,9.177281,9.267343,0.090062,7,0.062241,0,0.0
8,37,receiver_stage/0,6,9.267453,9.409037,0.141584,7,0.075472,0,0.0
8,38,receiver_stage/0,6,9.409087,9.741536,0.332449,7,0.299429,0,0.0
8,41,receiver_stage/0,6,9.741656,9.878659,0.137003,7,0.068861,0,0.0
8,45,receiver_stage/0,6,9.878859,10.186148,0.307289,7,0.265877,0,0.0
8,51,receiver_stage/0,6,10.190158,10.352672,0.162514,7,0.102133,0,0.0
8,55,receiver_stage/0,6,10.352942,10.476626,0.123684,4,0.09051,0,0.0
8,59,receiver_stage/0,6,10.476756,10.558298,0.081542,7,0.0412,0,0.0
8,62,receiver_stage/0,6,10.558398,10.884407,0.326009,8,0.049501,0,0.0
8,66,receiver_stage/0,6,10.884437,11.222776,0.338339,7,0.280538,0,0.0
8,69,receiver_stage/0,6,11.222956,11.409851,0.186895,6,0.105131,0,0.0
8,72,receiver_stage/0,6,11.409921,11.534025,0.124104,7,0.080713,0,0.0
8,76,receiver_stage/0,6,11.534105,11.880944,0.346839,7,0.288408,0,0.0
8,79,receiver_stage/0,6,11.880994,12.363337,0.482343,7,0.417388,0,0.0
8,86,receiver_stage/0,6,12.363437,12.46943,0.105993,7,0.067221,0,0.0
8,88,receiver_stage/0,6,12.46959,12.735317,0.265727,7,0.188963,0,0.0
8,93,receiver_stage/0,6,12.735447,13.077307,0.34186,7,0.291457,0,0.0
8,101,receiver_stage/0,6,13.077427,13.652432,0.575005,7,0.49029,0,0.0
8,114,receiver_stage/0,6,13.652492,14.539027,0.886535,7,0.360299,1,0.465613
8,133,receiver_stage/0,6,14.539087,14.720142,0.181055,4,0.129444,0,0.0
8,136,receiver_stage/0,6,14.720192,14.899056,0.178864,7,0.102332,0,0.0
8,141,receiver_stage/0,6,14.899097,15.078261,0.179164,7,0.104533,0,0.0
8,145,receiver_stage/0,6,15.078381,15.238456,0.160075,7,0.102803,0,0.0
8,149,receiver_stage/0,6,15.238546,18.177376,2.93883,1,0.319839,1,2.609421
8,2,receiver_stage/2,7,7.647269,7.971038,0.323769,7,0.025411,0,0.0
8,11,receiver_stage/2,7,7.971458,8.029239,0.057781,4,0.01839,0,0.0
8,12,receiver_stage/2,7,8.029269,8.205404,0.176135,6,0.124372,0,0.0
8,17,receiver_stage/2,7,8.205734,8.569034,0.3633,7,0.327828,0,0.0
8,23,receiver_stage/2,7,8.569144,9.448623,0.879479,7,0.556574,1,0.205586
8,39,receiver_stage/2,7,9.448813,9.613738,0.164925,7,0.089061,0,0.0
8,40,receiver_stage/2,7,9.613818,9.759712,0.145894,7,0.104073,0,0.0
8,42,receiver_stage/2,7,9.759922,9.983958,0.224036,7,0.184215,0,0.0
8,48,receiver_stage/2,7,9.984128,10.401679,0.417551,7,0.360869,0,0.0
8,56,receiver_stage/2,7,10.401839,10.736438,0.334599,7,0.271445,0,0.0
8,63,receiver_stage/2,7,10.736828,11.037246,0.300418,7,0.242676,0,0.0
8,68,receiver_stage/2,7,11.037416,11.282593,0.245177,7,0.159585,0,0.0
8,70,receiver_stage/2,7,11.282773,11.474928,0.192155,7,0.130214,0,0.0
8,74,receiver_stage/2,7,11.475018,11.986402,0.511384,7,0.448923,0,0.0
8,81,receiver_stage/2,7,11.986652,12.084175,0.097523,4,0.0674,0,0.0
8,83,receiver_stage/2,7,12.084275,12.404004,0.319729,7,0.283598,0,0.0
8,87,receiver_stage/2,7,12.404094,12.503796,0.099702,7,0.065751,0,0.0
8,89,receiver_stage/2,7,12.503927,13.00196,0.498033,7,0.424301,0,0.0
8,99,receiver_stage/2,7,13.00203,13.451202,0.449172,7,0.355338,0,0.0
8,110,receiver_stage/2,7,13.451242,13.979606,0.528364,7,0.439222,0,0.0
8,124,receiver_stage/2,7,13.979866,15.329643,1.349777,6,1.16001,1,0.083832
8,151,receiver_stage/2,7,15.329773,15.755615,0.425842,7,0.353548,0,0.0
8,154,receiver_stage/2,7,15.755685,16.092344,0.336659,7,0.286388,0,0.0
8,157,receiver_stage/2,7,16.092434,18.343365,2.250931,1,0.37206,1,1.867421
8,4,receiver_stage/4,8,7.677259,7.895125,0.217866,7,0.121762,0,0.0
8,8,receiver_stage/4,8,7.895225,8.375208,0.479983,4,0.40669,0,0.0
8,18,receiver_stage/4,8,8.375318,8.623045,0.247727,7,0.210534,0,0.0
8,26,receiver_stage/4,8,8.623135,10.066034,1.442899,7,0.951145,1,0.389
8,49,receiver_stage/4,8,10.066184,10.223729,0.157545,7,0.082573,0,0.0
8,53,receiver_stage/4,8,10.223799,10.426764,0.202965,7,0.153054,0,0.0
8,58,receiver_stage/4,8,10.426854,10.540687,0.113833,7,0.065322,0,0.0
8,61,receiver_stage/4,8,10.540747,10.99453,0.453783,7,0.405942,0,0.0
8,67,receiver_stage/4,8,10.99463,13.19614,2.20151,8,1.305585,3,0.783252
8,105,receiver_stage/4,8,13.1962,13.978111,0.781911,6,0.556694,1,0.160084
8,123,receiver_stage/4,8,13.978171,14.768923,0.790752,6,0.632788,1,0.071512
8,138,receiver_stage/4,8,14.769083,14.834824,0.065741,6,0.02233,0,0.0
8,139,receiver_stage/4,8,14.834854,14.948528,0.113674,7,0.079642,0,0.0
8,142,receiver_stage/4,8,14.948598,15.127602,0.179004,7,0.096082,0,0.0
8,146,receiver_stage/4,8,15.127702,17.209269,2.081567,1,0.299048,1,1.772808
8,3,receiver_stage/3,9,7.648819,8.60824,0.959421,6,0.596295,1,0.203116
8,24,receiver_stage/3,9,8.60842,9.795862,1.187442,6,0.899465,1,0.188435
8,43,receiver_stage/3,9,9.796042,9.922806,0.126764,7,0.068862,0,0.0
8,46,receiver_stage/3,9,9.923036,10.194473,0.271437,7,0.209953,0,0.0
8,52,receiver_stage/3,9,10.194543,10.403589,0.209046,7,0.146413,0,0.0
8,57,receiver_stage/3,9,10.403949,10.858281,0.454332,7,0.3963,0,0.0
8,64,receiver_stage/3,9,10.858481,11.374875,0.516394,7,0.441371,0,0.0
8,71,receiver_stage/3,9,11.375295,11.516369,0.141074,7,0.090391,0,0.0
8,75,receiver_stage/3,9,11.516699,12.106915,0.590216,7,0.534965,0,0.0
8,84,receiver_stage/3,9,12.107005,12.517267,0.410262,7,0.370362,0,0.0
8,90,receiver_stage/3,9,12.517377,12.879356,0.361979,8,0.178044,1,0.129604
8,96,receiver_stage/3,9,12.879406,12.986099,0.106693,7,0.056061,0,0.0
8,98,receiver_stage/3,9,12.986179,13.083032,0.096853,7,0.0671,0,0.0
8,102,receiver_stage/3,9,13.083162,13.645447,0.562285,7,0.487194,0,0.0
8,113,receiver_stage/3,9,13.645497,13.855883,0.210386,7,0.108633,0,0.0
8,118,receiver_stage/3,9,13.855943,13.953126,0.097183,7,0.058902,0,0.0
8,122,receiver_stage/3,9,13.953256,14.279955,0.326699,7,0.281038,0,0.0
8,127,receiver_stage/3,9,14.280045,14.395588,0.115543,7,0.086242,0,0.0
8,130,receiver_stage/3,9,14.395678,14.532251,0.136573,7,0.095752,0,0.0
8,132,receiver_stage/3,9,14.532322,14.865441,0.333119,7,0.303596,0,0.0
8,140,receiver_stage/3,9,14.865521,15.171579,0.306058,7,0.253127,0,0.0
8,147,receiver_stage/3,9,15.171769,18.072758,2.900989,3,0.521085,1,2.348294
9,7,receiver_stage/7,2,7.563262,7.791258,0.227996,7,0.126623,0,0.0
9,10,receiver_stage/7,2,7.791448,7.930912,0.139464,6,0.066721,0,0.0
9,15,receiver_stage/7,2,7.930942,8.344703,0.413761,7,0.368289,0,0.0
9,23,receiver_stage/7,2,8.345513,8.453976,0.108463,7,0.063132,0,0.0
9,26,receiver_stage/7,2,8.454006,9.636228,1.182222,6,0.885925,1,0.210445
9,39,receiver_stage/7,2,9.636488,9.932166,0.295678,7,0.217835,0,0.0
9,46,receiver_stage/7,2,9.932226,10.169662,0.237436,7,0.181225,0,0.0
9,53,receiver_stage/7,2,10.169692,10.668356,0.498664,7,0.450543,0,0.0
9,62,receiver_stage/7,2,10.668786,10.783949,0.115163,7,0.068792,0,0.0
9,65,receiver_stage/7,2,10.783969,11.336074,0.552105,7,0.487414,0,0.0
9,73,receiver_stage/7,2,11.336184,11.612942,0.276758,7,0.195516,0,0.0
9,79,receiver_stage/7,2,11.613002,11.741905,0.128903,7,0.074723,0,0.0
9,85,receiver_stage/7,2,11.742015,12.30162,0.559605,7,0.472652,0,0.0
9,96,receiver_stage/7,2,12.30167,12.802154,0.500484,7,0.422471,0,0.0
9,106,receiver_stage/7,2,12.802264,12.926008,0.123744,7,0.078612,0,0.0
9,112,receiver_stage/7,2,12.926148,13.863173,0.937025,7,0.555114,1,0.275527
9,128,receiver_stage/7,2,13.863393,14.264744,0.401351,7,0.33251,0,0.0
9,132,receiver_stage/7,2,14.264774,15.651742,1.386968,6,1.204943,1,0.082492
9,147,receiver_stage/7,2,15.651882,15.760175,0.108293,7,0.059381,0,0.0
9,149,receiver_stage/7,2,15.760205,15.983011,0.222806,7,0.129652,0,0.0
9,152,receiver_stage/7,2,15.983061,17.117652,1.134591,1,0.190535,1,0.936306
9,1,receiver_stage/1,3,7.466529,7.840719,0.37419,7,0.297877,0,0.0
9,12,receiver_stage/1,3,7.840759,8.015094,0.174335,6,0.122824,0,0.0
9,17,receiver_stage/1,3,8.015194,9.241997,1.226803,1,0.123683,1,1.09525
9,30,receiver_stage/1,3,9.242557,9.388631,0.146074,7,0.070931,0,0.0
9,33,receiver_stage/1,3,9.388671,9.499134,0.110463,7,0.069122,0,0.0
9,35,receiver_stage/1,3,9.499304,9.775742,0.276438,7,0.211616,0,0.0
9,41,receiver_stage/1,3,9.775972,9.919816,0.143844,7,0.082703,0,0.0
9,45,receiver_stage/1,3,9.919846,10.122981,0.203135,7,0.148173,0,0.0
9,52,receiver_stage/1,3,10.123621,10.533032,0.409411,7,0.335869,0,0.0
9,60,receiver_stage/1,3,10.605634,11.16766,0.562026,7,0.497932,0,0.0
9,71,receiver_stage/1,3,11.16791,11.654683,0.486773,7,0.437571,0,0.0
9,80,receiver_stage/1,3,11.654973,11.759356,0.104383,7,0.066552,0,0.0
9,86,receiver_stage/1,3,11.759416,12.30133,0.541914,7,0.462201,0,0.0
9,95,receiver_stage/1,3,12.30137,12.982039,0.680669,7,0.607986,0,0.0
9,113,receiver_stage/1,3,12.982139,13.155854,0.173715,7,0.137974,0,0.0
9,118,receiver_stage/1,3,13.155994,13.74894,0.592946,7,0.514696,0,0.0
9,125,receiver_stage/1,3,13.74901,14.064419,0.315409,7,0.259525,0,0.0
9,131,receiver_stage/1,3,14.064619,14.901671,0.837052,6,0.660027,1,0.084982
9,141,receiver_stage/1,3,14.901981,16.025382,1.123401,1,0.184595,1,0.929565
9,153,receiver_stage/1,3,16.025422,16.094784,0.069362,6,0.02347,0,0.0
9,155,receiver_stage/1,3,16.094814,16.251218,0.156404,4,0.127504,0,0.0
9,157,receiver_stage/1,3,16.251278,18.756027,2.504749,1,0.448323,1,2.046256
9,5,receiver_stage/5,4,7.526114,7.75159,0.225476,7,0.130002,0,0.0
9,9,receiver_stage/5,4,7.751711,7.978037,0.226326,7,0.149294,0,0.0
9,16,receiver_stage/5,4,7.978067,8.290955,0.312888,7,0.277036,0,0.0
9,21,receiver_stage/5,4,8.291105,9.616581,1.325476,1,0.123254,1,1.195982
9,38,receiver_stage/5,4,9.616831,9.815517,0.198686,7,0.110403,0,0.0
9,43,receiver_stage/5,4,9.815577,10.014052,0.198475,7,0.138254,0,0.0
9,47,receiver_stage/5,4,10.014162,10.112435,0.098273,7,0.04062,0,0.0
9,50,receiver_stage/5,4,10.112465,10.242778,0.130313,6,0.080283,0,0.0
9,54,receiver_stage/5,4,10.243098,10.619919,0.376821,7,0.311728,0,0.0
9,61,receiver_stage/5,4,10.620109,10.975238,0.355129,7,0.297699,0,0.0
9,67,receiver_stage/5,4,10.975819,11.373329,0.39751,7,0.340828,0,0.0
9,74,receiver_stage/5,4,11.373569,11.969745,0.596176,7,0.516123,0,0.0
9,89,receiver_stage/5,4,11.969855,12.067318,0.097463,4,0.06882,0,0.0
9,92,receiver_stage/5,4,12.067598,14.549436,2.481838,8,1.552801,3,0.818783
9,136,receiver_stage/5,4,14.549736,15.149472,0.599736,7,0.517784,0,0.0
9,144,receiver_stage/5,4,15.149722,15.381434,0.231712,7,0.103134,0,0.0
9,146,receiver_stage/5,4,15.381474,15.766375,0.384901,7,0.317117,0,0.0
9,150,receiver_stage/5,4,15.766405,15.94055,0.174145,7,0.106505,0,0.0
9,151,receiver_stage/5,4,15.9406,17.157188,1.216588,3,0.223076,1,0.974482
9,2,receiver_stage/2,5,7.486564,7.810703,0.324139,7,0.02297,0,0.0
9,11,receiver_stage/2,5,7.810833,7.866674,0.055841,4,0.017749,0,0.0
9,13,receiver_stage/2,5,7.866774,8.242934,0.37616,7,0.335949,0,0.0
9,20,receiver_stage/2,5,8.242974,8.411809,0.168835,4,0.108743,0,0.0
9,25,receiver_stage/2,5,8.411899,9.301638,0.889739,7,0.560264,1,0.208256
9,32,receiver_stage/2,5,9.301948,10.329946,1.027998,7,0.569726,1,0.36821
9,57,receiver_stage/2,5,10.329996,10.413839,0.083843,7,0.041901,0,0.0
9,59,receiver_stage/2,5,10.413999,11.009915,0.595916,7,0.519334,0,0.0
9,68,receiver_stage/2,5,11.010395,11.161589,0.151194,7,0.079691,0,0.0
9,70,receiver_stage/2,5,11.162099,11.490268,0.328169,7,0.289527,0,0.0
9,76,receiver_stage/2,5,11.490378,11.593081,0.102703,7,0.054822,0,0.0
9,77,receiver_stage/2,5,11.593151,11.706544,0.113393,7,0.087093,0,0.0
9,83,receiver_stage/2,5,11.706644,11.987821,0.281177,7,0.197643,0,0.0
9,90,receiver_stage/2,5,11.987941,12.320891,0.33295,7,0.288448,0,0.0
9,97,receiver_stage/2,5,12.321001,12.839675,0.518674,7,0.450353,0,0.0
9,108,receiver_stage/2,5,12.839805,13.442241,0.602436,7,0.511824,0,0.0
9,120,receiver_stage/2,5,13.442311,13.75906,0.316749,7,0.260487,0,0.0
9,126,receiver_stage/2,5,13.75942,13.951675,0.192255,7,0.103473,0,0.0
9,129,receiver_stage/2,5,13.951965,14.85514,0.903175,7,0.386771,1,0.460192
9,140,receiver_stage/2,5,14.85532,18.654524,3.799204,1,0.440312,1,3.340802
9,3,receiver_stage/3,6,7.493844,8.350638,0.856794,6,0.569306,1,0.193965
9,24,receiver_stage/3,6,8.350708,8.455791,0.105083,7,0.070371,0,0.0
9,27,receiver_stage/3,6,8.455821,9.8949,1.439079,7,0.960086,1,0.369841
9,44,receiver_stage/3,6,9.89514,10.26758,0.37244,7,0.112323,0,0.0
9,55,receiver_stage/3,6,10.26803,10.758564,0.490534,7,0.430203,0,0.0
9,64,receiver_stage/3,6,10.759384,11.156454,0.39707,7,0.322149,0,0.0
9,69,receiver_stage/3,6,11.156614,11.488103,0.331489,7,0.269925,0,0.0
9,75,receiver_stage/3,6,11.488213,11.608257,0.120044,7,0.081582,0,0.0
9,78,receiver_stage/3,6,11.608367,11.71762,0.109253,7,0.069492,0,0.0
9,84,receiver_stage/3,6,11.71769,11.957206,0.239516,7,0.152124,0,0.0
9,88,receiver_stage/3,6,11.957356,12.138691,0.181335,6,0.01709,0,0.0
9,93,receiver_stage/3,6,12.138721,12.45867,0.319949,8,0.052161,0,0.0
9,98,receiver_stage/3,6,12.45882,12.651825,0.193005,7,0.126382,0,0.0
9,102,receiver_stage/3,6,12.651935,12.753608,0.101673,7,0.056011,0,0.0
9,104,receiver_stage/3,6,12.753728,12.879381,0.125653,7,0.092363,0,0.0
9,109,receiver_stage/3,6,12.879441,13.122688,0.243247,7,0.154425,0,0.0
9,116,receiver_stage/3,6,13.122798,13.56588,0.443082,7,0.39652,0,0.0
9,122,receiver_stage/3,6,13.56607,14.330181,0.764111,6,0.538744,1,0.164694
9,133,receiver_stage/3,6,14.330471,14.529026,0.198555,7,0.089701,0,0.0
9,135,receiver_stage/3,6,14.529087,14.955828,0.426741,7,0.350829,0,0.0
9,142,receiver_stage/3,6,14.955858,16.077503,1.121645,1,0.168795,1,0.94618
9,154,receiver_stage/3,6,16.077603,16.214687,0.137084,7,0.084812,0,0.0
9,156,receiver_stage/3,6,16.214707,18.788437,2.57373,1,0.452822,1,2.108307
9,4,receiver_stage/4,7,7.50614,7.712425,0.206285,7,0.115381,0,0.0
9,8,receiver_stage/4,7,7.712555,8.187878,0.475323,4,0.41185,0,0.0
9,19,receiver_stage/4,7,8.187988,8.303761,0.115773,4,0.085651,0,0.0
9,22,receiver_stage/4,7,8.304331,9.592207,1.287876,2,0.157723,1,1.119841
9,37,receiver_stage/4,7,9.592387,10.043689,0.451302,7,0.38135,0,0.0
9,48,receiver_stage/4,7,10.043819,10.09712,0.053301,6,0.01783,0,0.0
9,49,receiver_stage/4,7,10.09714,10.269875,0.172735,7,0.108253,0,0.0
9,56,receiver_stage/4,7,10.270195,10.384038,0.113843,7,0.06679,0,0.0
9,58,receiver_stage/4,7,10.384088,10.700937,0.316849,7,0.246886,0,0.0
9,63,receiver_stage/4,7,10.701387,10.838421,0.137034,7,0.093804,0,0.0
9,66,receiver_stage/4,7,10.838481,11.320304,0.481823,7,0.421191,0,0.0
9,72,receiver_stage/4,7,11.320394,11.684364,0.36397,7,0.320247,0,0.0
9,82,receiver_stage/4,7,11.684474,12.154576,0.470102,7,0.396459,0,0.0
9,94,receiver_stage/4,7,12.154676,12.509886,0.35521,7,0.280807,0,0.0
9,100,receiver_stage/4,7,12.510006,12.711242,0.201236,7,0.131993,0,0.0
9,103,receiver_stage/4,7,12.711342,12.827175,0.115833,7,0.086552,0,0.0
9,107,receiver_stage/4,7,12.827205,13.00678,0.179575,4,0.099462,0,0.0
9,114,receiver_stage/4,7,13.00687,13.152744,0.145874,7,0.101152,0,0.0
9,117,receiver_stage/4,7,13.152844,13.700029,0.547185,4,0.478783,0,0.0
9,124,receiver_stage/4,7,13.700079,14.584283,0.884204,7,0.685766,1,0.119554
9,137,receiver_stage/4,7,14.584623,14.825219,0.240596,7,0.161583,0,0.0
9,139,receiver_stage/4,7,14.825249,15.159688,0.334439,7,0.290649,0,0.0
9,145,receiver_stage/4,7,15.159829,15.705293,0.545464,7,0.428411,0,0.0
9,148,receiver_stage/4,7,15.705363,16.31548,0.610117,7,0.510715,0,0.0
9,158,receiver_stage/4,7,16.31554,16.459574,0.144034,7,0.079634,0,0.0
9,6,receiver_stage/6,8,7.544356,7.898446,0.35409,7,0.236978,0,0.0
9,14,receiver_stage/6,8,7.898596,8.147822,0.249226,7,0.209515,0,0.0
9,18,receiver_stage/6,8,8.147942,8.843841,0.695899,7,0.524865,1,0.120183
9,28,receiver_stage/6,8,8.843951,8.961935,0.117984,7,0.070742,0,0.0
9,29,receiver_stage/6,8,8.962005,9.288303,0.326298,7,0.297398,0,0.0
9,31,receiver_stage/6,8,9.288783,9.456648,0.167865,7,0.116183,0,0.0
9,34,receiver_stage/6,8,9.456768,9.563431,0.106663,7,0.068781,0,0.0
9,36,receiver_stage/6,8,9.563651,9.696735,0.133084,7,0.057251,0,0.0
9,40,receiver_stage/6,8,9.696925,9.812748,0.115823,7,0.065721,0,0.0
9,42,receiver_stage/6,8,9.813508,10.119896,0.306388,7,0.266748,0,0.0
9,51,receiver_stage/6,8,10.120076,11.670148,1.550072,6,1.317264,1,0.115753
9,81,receiver_stage/6,8,11.670288,11.859644,0.189356,7,0.115043,0,0.0
9,87,receiver_stage/6,8,11.859754,11.989137,0.129383,7,0.077152,0,0.0
9,91,receiver_stage/6,8,11.989257,12.481531,0.492274,7,0.441033,0,0.0
9,99,receiver_stage/6,8,12.481631,12.647535,0.165904,6,0.100682,0,0.0
9,101,receiver_stage/6,8,12.647725,12.791369,0.143644,7,0.091023,0,0.0
9,105,receiver_stage/6,8,12.791749,12.911632,0.119883,7,0.084562,0,0.0
9,111,receiver_stage/6,8,12.911792,13.075867,0.164075,7,0.049981,0,0.0
9,115,receiver_stage/6,8,13.076097,13.470848,0.394751,7,0.350708,0,0.0
9,121,receiver_stage/6,8,13.471018,13.811617,0.340599,7,0.284138,0,0.0
9,127,receiver_stage/6,8,13.811757,13.992932,0.181175,7,0.096244,0,0.0
9,130,receiver_stage/6,8,13.993092,16.424373,2.431281,3,0.255417,1,2.156234
9,159,receiver_stage/6,8,16.424563,16.537426,0.112863,7,0.055392,0,0.0
9,0,receiver_stage/0,9,7.451292,12.907451,5.456159,5,2.972521,4,2.394025
9,110,receiver_stage/0,9,12.907541,13.164458,0.256917,7,0.101402,0,0.0
9,119,receiver_stage/0,9,13.164548,13.694412,0.529864,7,0.470733,0,0.0
9,123,receiver_stage/0,9,13.694472,14.401042,0.70657,7,0.527825,1,0.116814
9,134,receiver_stage/0,9,14.401102,14.782932,0.38183,7,0.317098,0,0.0
9,138,receiver_stage/0,9,14.782972,15.124961,0.341989,7,0.280528,0,0.0
9,143,receiver_stage/0,9,15.125001,17.537947,2.412946,2,0.293357,1,2.081037
10,4,receiver_stage/4,2,7.960657,8.155092,0.194435,7,0.109352,0,0.0
10,8,receiver_stage/4,2,8.155262,8.609414,0.454152,4,0.39717,0,0.0
10,20,receiver_stage/4,2,8.609514,8.717647,0.108133,7,0.069472,0,0.0
10,25,receiver_stage/4,2,8.717677,9.007685,0.290008,7,0.210785,0,0.0
10,31,receiver_stage/4,2,9.008055,9.146879,0.138824,7,0.082113,0,0.0
10,36,receiver_stage/4,2,9.146999,9.567271,0.420272,7,0.378891,0,0.0
10,49,receiver_stage/4,2,9.567431,10.474755,0.907324,7,0.585085,1,0.223146
10,63,receiver_stage/4,2,10.474935,10.879456,0.404521,7,0.325928,0,0.0
10,68,receiver_stage/4,2,10.879827,11.38447,0.504643,7,0.430961,0,0.0
10,82,receiver_stage/4,2,11.38455,11.75223,0.36768,7,0.322036,0,0.0
10,89,receiver_stage/4,2,11.75229,11.865063,0.112773,7,0.059413,0,0.0
10,92,receiver_stage/4,2,11.865104,12.361147,0.496043,7,0.419721,0,0.0
10,101,receiver_stage/4,2,12.361227,12.697246,0.336019,7,0.283868,0,0.0
10,109,receiver_stage/4,2,12.697296,12.84993,0.152634,7,0.04507,0,0.0
10,112,receiver_stage/4,2,12.84997,13.159979,0.310009,7,0.254797,0,0.0
10,117,receiver_stage/4,2,13.160009,13.297552,0.137543,4,0.069803,0,0.0
10,121,receiver_stage/4,2,13.297612,14.176866,0.879254,7,0.506622,1,0.291838
10,135,receiver_stage/4,2,14.176916,14.520216,0.3433,7,0.308878,0,0.0
10,141,receiver_stage/4,2,14.520426,15.78285,1.262424,2,0.148384,1,1.10427
10,152,receiver_stage/4,2,15.78294,19.094196,3.311256,1,0.463782,1,2.829623
10,5,receiver_stage/5,3,7.971617,8.169883,0.198266,7,0.121893,0,0.0
10,9,receiver_stage/5,3,8.169933,8.541853,0.37192,7,0.334527,0,0.0
10,15,receiver_stage/5,3,8.541973,8.593394,0.051421,4,0.016861,0,0.0
10,18,receiver_stage/5,3,8.593424,9.308754,0.71533,7,0.535244,1,0.117963
10,40,receiver_stage/5,3,9.308884,9.466068,0.157184,7,0.104763,0,0.0
10,44,receiver_stage/5,3,9.466108,9.53933,0.073222,7,0.039321,0,0.0
10,47,receiver_stage/5,3,9.53941,10.150472,0.611062,7,0.545748,0,0.0
10,57,receiver_stage/5,3,10.150742,10.279585,0.128843,7,0.093772,0,0.0
10,61,receiver_stage/5,3,10.279805,10.693176,0.413371,7,0.372278,0,0.0
10,65,receiver_stage/5,3,10.693806,11.124358,0.430552,7,0.382068,0,0.0
10,73,receiver_stage/5,3,11.124568,12.519036,1.394468,6,1.16597,1,0.121173
10,106,receiver_stage/5,3,12.519106,13.004399,0.485293,7,0.411451,0,0.0
10,115,receiver_stage/5,3,13.004529,13.165184,0.160655,6,0.099753,0,0.0
10,118,receiver_stage/5,3,13.165344,13.39541,0.230066,7,0.106112,0,0.0
10,125,receiver_stage/5,3,13.39556,13.853903,0.458343,7,0.386007,0,0.0
10,132,receiver_stage/5,3,13.853953,16.589667,2.735714,1,0.455562,1,2.269042
10,7,receiver_stage/7,4,8.005753,8.23378,0.228027,7,0.123532,0,0.0
10,10,receiver_stage/7,4,8.23391,8.482266,0.248356,7,0.212556,0,0.0
10,14,receiver_stage/7,4,8.482406,8.60856,0.126154,6,0.062351,0,0.0
10,19,receiver_stage/7,4,8.6087,8.706332,0.097632,7,0.060811,0,0.0
10,23,receiver_stage/7,4,8.706353,8.946209,0.239856,7,0.091702,0,0.0
10,30,receiver_stage/7,4,8.946359,9.079543,0.133184,7,0.078992,0,0.0
10,34,receiver_stage/7,4,9.080003,9.184096,0.104093,7,0.067013,0,0.0
10,38,receiver_stage/7,4,9.184286,9.648058,0.463772,7,0.411222,0,0.0
10,51,receiver_stage/7,4,9.648478,11.18606,1.537582,7,1.048558,1,0.36509
10,75,receiver_stage/7,4,11.18637,11.237791,0.051421,6,0.01771,0,0.0
10,78,receiver_stage/7,4,11.237831,11.54623,0.308399,7,0.202915,0,0.0
10,85,receiver_stage/7,4,11.54629,11.680863,0.134573,7,0.098672,0,0.0
10,87,receiver_stage/7,4,11.680914,11.814127,0.133213,7,0.068692,0,0.0
10,90,receiver_stage/7,4,11.814237,12.165547,0.35131,7,0.279867,0,0.0
10,98,receiver_stage/7,4,12.165637,12.461075,0.295438,7,0.263767,0,0.0
10,103,receiver_stage/7,4,12.461185,12.634079,0.172894,7,0.094611,0,0.0
10,108,receiver_stage/7,4,12.634139,12.813484,0.179345,7,0.059241,0,0.0
10,110,receiver_stage/7,4,12.813614,13.303388,0.489774,7,0.437633,0,0.0
10,122,receiver_stage/7,4,13.303818,13.544744,0.240926,7,0.176024,0,0.0
10,127,receiver_stage/7,4,13.544994,13.714919,0.169925,7,0.089883,0,0.0
10,131,receiver_stage/7,4,13.714969,16.563837,2.848868,2,0.533644,1,2.293153
10,3,receiver_stage/3,5,7.942381,8.777394,0.835013,6,0.568846,1,0.187915
10,27,receiver_stage/3,5,8.777444,9.220136,0.442692,7,0.3776,0,0.0
10,39,receiver_stage/3,5,9.220376,9.402981,0.182605,7,0.124602,0,0.0
10,42,receiver_stage/3,5,9.403071,9.583156,0.180085,7,0.145394,0,0.0
10,50,receiver_stage/3,5,9.583346,10.793159,1.209813,6,0.899184,1,0.215346
10,67,receiver_stage/3,5,10.793219,11.075106,0.281887,7,0.193685,0,0.0
10,70,receiver_stage/3,5,11.075186,11.523149,0.447963,7,0.386559,0,0.0
10,84,receiver_stage/3,5,11.523239,11.616971,0.093732,4,0.066772,0,0.0
10,86,receiver_stage/3,5,11.617051,11.742355,0.125304,7,0.094813,0,0.0
10,88,receiver_stage/3,5,11.742415,11.902019,0.159604,7,0.100712,0,0.0
10,93,receiver_stage/3,5,11.902089,12.456604,0.554515,7,0.482503,0,0.0
10,102,receiver_stage/3,5,12.456664,12.630279,0.173615,7,0.101702,0,0.0
10,107,receiver_stage/3,5,12.630349,12.856405,0.226056,7,0.140105,0,0.0
10,113,receiver_stage/3,5,12.856505,13.181184,0.324679,7,0.279807,0,0.0
10,119,receiver_stage/3,5,13.181214,13.556114,0.3749,7,0.313557,0,0.0
10,128,receiver_stage/3,5,13.556144,13.665377,0.109233,7,0.06428,0,0.0
10,130,receiver_stage/3,5,13.665647,14.440948,0.775301,6,0.556955,1,0.152824
10,139,receiver_stage/3,5,14.441278,14.86845,0.427172,7,0.363859,0,0.0
10,145,receiver_stage/3,5,14.86862,15.095416,0.226796,7,0.160114,0,0.0
10,148,receiver_stage/3,5,15.095446,16.049742,0.954296,7,0.75025,1,0.096473
10,154,receiver_stage/3,5,16.049792,16.494554,0.444762,7,0.3934,0,0.0
10,158,receiver_stage/3,5,16.494594,17.289766,0.795172,6,0.631448,1,0.080502
10,0,receiver_stage/0,6,7.902435,13.404785,5.50235,5,3.057543,4,2.352173
10,126,receiver_stage/0,6,13.404855,14.033102,0.628247,7,0.553854,0,0.0
10,134,receiver_stage/0,6,14.033242,14.409173,0.375931,7,0.33236,0,0.0
10,138,receiver_stage/0,6,14.409203,14.867215,0.458012,7,0.39575,0,0.0
10,144,receiver_stage/0,6,14.867245,15.077491,0.210246,7,0.144845,0,0.0
10,147,receiver_stage/0,6,15.077651,15.172334,0.094683,7,0.04429,0,0.0
10,150,receiver_stage/0,6,15.172364,16.070198,0.897834,7,0.493303,1,0.293428
10,155,receiver_stage/0,6,16.070258,16.230122,0.159864,7,0.078241,0,0.0
10,156,receiver_stage/0,6,16.230182,16.563891,0.333709,7,0.286757,0,0.0
10,1,receiver_stage/1,7,7.915166,8.302326,0.38716,7,0.318798,0,0.0
10,12,receiver_stage/1,7,8.302466,8.619635,0.317169,7,0.277776,0,0.0
10,21,receiver_stage/1,7,8.619705,8.739428,0.119723,7,0.069422,0,0.0
10,26,receiver_stage/1,7,8.739468,8.915083,0.175615,7,0.090992,0,0.0
10,29,receiver_stage/1,7,8.915273,9.15505,0.239777,7,0.197824,0,0.0
10,37,receiver_stage/1,7,9.15508,9.493969,0.338889,7,0.283597,0,0.0
10,45,receiver_stage/1,7,9.494059,9.844528,0.350469,7,0.284878,0,0.0
10,52,receiver_stage/1,7,9.844848,9.959712,0.114864,7,0.070551,0,0.0
10,54,receiver_stage/1,7,9.959742,10.961869,1.002127,7,0.567454,1,0.35117
10,69,receiver_stage/1,7,10.962519,11.148234,0.185715,7,0.111154,0,0.0
10,74,receiver_stage/1,7,11.148654,11.239746,0.091092,7,0.039611,0,0.0
10,79,receiver_stage/1,7,11.239786,11.421701,0.181915,7,0.111243,0,0.0
10,83,receiver_stage/1,7,11.421732,11.935065,0.513333,7,0.463623,0,0.0
10,95,receiver_stage/1,7,11.935125,12.020028,0.084903,7,0.049101,0,0.0
10,96,receiver_stage/1,7,12.020098,12.191812,0.171714,7,0.137002,0,0.0
10,100,receiver_stage/1,7,12.191902,14.492585,2.300683,8,1.353117,3,0.840292
10,140,receiver_stage/1,7,14.492655,15.744649,1.251994,1,0.138914,1,1.10455
10,151,receiver_stage/1,7,15.744719,16.810968,1.066249,7,0.728429,1,0.256457
10,2,receiver_stage/2,8,7.932421,8.239719,0.307298,7,0.0205,0,0.0
10,11,receiver_stage/2,8,8.239859,8.565618,0.325759,7,0.290207,0,0.0
10,17,receiver_stage/2,8,8.565688,8.679341,0.113653,4,0.085152,0,0.0
10,22,receiver_stage/2,8,8.679371,9.00909,0.329719,7,0.290337,0,0.0
10,32,receiver_stage/2,8,9.00911,9.315928,0.306818,7,0.266656,0,0.0
10,41,receiver_stage/2,8,9.315958,9.511494,0.195536,7,0.144804,0,0.0
10,46,receiver_stage/2,8,9.511704,10.068559,0.556855,7,0.463134,0,0.0
10,56,receiver_stage/2,8,10.068719,10.177442,0.108723,7,0.055641,0,0.0
10,59,receiver_stage/2,8,10.177472,10.431579,0.254107,7,0.210325,0,0.0
10,62,receiver_stage/2,8,10.431609,10.758818,0.327209,7,0.295137,0,0.0
10,66,receiver_stage/2,8,10.758848,11.076896,0.318048,7,0.274288,0,0.0
10,71,receiver_stage/2,8,11.077137,11.186819,0.109682,7,0.067222,0,0.0
10,77,receiver_stage/2,8,11.186849,11.319513,0.132664,6,0.078421,0,0.0
10,80,receiver_stage/2,8,11.320333,11.853188,0.532855,7,0.463423,0,0.0
10,91,receiver_stage/2,8,11.853238,12.496555,0.643317,7,0.567513,0,0.0
10,104,receiver_stage/2,8,12.496585,12.933867,0.437282,7,0.320366,0,0.0
10,114,receiver_stage/2,8,12.933927,13.132363,0.198436,7,0.126534,0,0.0
10,116,receiver_stage/2,8,13.132623,13.315788,0.183165,7,0.127413,0,0.0
10,123,receiver_stage/2,8,13.315828,13.648357,0.332529,7,0.274007,0,0.0
10,129,receiver_stage/2,8,13.648517,14.194001,0.545484,7,0.455233,0,0.0
10,136,receiver_stage/2,8,14.194061,14.52372,0.329659,7,0.288576,0,0.0
10,142,receiver_stage/2,8,14.52392,14.725586,0.201666,7,0.114723,0,0.0
10,143,receiver_stage/2,8,14.726036,14.989003,0.262967,7,0.194237,0,0.0
10,146,receiver_stage/2,8,14.989273,15.118717,0.129444,7,0.072551,0,0.0
10,149,receiver_stage/2,8,15.118957,15.902688,0.783731,7,0.569325,1,0.097433
10,153,receiver_stage/2,8,15.902748,19.141906,3.239158,1,0.457543,1,2.769435
10,6,receiver_stage/6,9,7.985153,8.344712,0.359559,7,0.231767,0,0.0
10,13,receiver_stage/6,9,8.344762,8.555768,0.211006,7,0.133032,0,0.0
10,16,receiver_stage/6,9,8.555848,8.707092,0.151244,6,0.114252,0,0.0
10,24,receiver_stage/6,9,8.707222,8.868807,0.161585,7,0.114863,0,0.0
10,28,receiver_stage/6,9,8.868977,9.027571,0.158594,7,0.080372,0,0.0
10,33,receiver_stage/6,9,9.027661,9.136964,0.109303,7,0.067222,0,0.0
10,35,receiver_stage/6,9,9.137134,9.440112,0.302978,7,0.251728,0,0.0
10,43,receiver_stage/6,9,9.440302,9.542355,0.102053,7,0.062162,0,0.0
10,48,receiver_stage/6,9,9.542585,9.933555,0.39097,7,0.337057,0,0.0
10,53,receiver_stage/6,9,9.933675,10.034368,0.100693,7,0.064731,0,0.0
10,55,receiver_stage/6,9,10.034398,10.150801,0.116403,7,0.080631,0,0.0
10,58,receiver_stage/6,9,10.150831,10.265345,0.114514,7,0.069482,0,0.0
10,60,receiver_stage/6,9,10.265455,10.585153,0.319698,7,0.283808,0,0.0
10,64,receiver_stage/6,9,10.585274,11.081847,0.496573,7,0.438622,0,0.0
10,72,receiver_stage/6,9,11.082067,11.18665,0.104583,7,0.065963,0,0.0
10,76,receiver_stage/6,9,11.1868,11.336064,0.149264,7,0.086451,0,0.0
10,81,receiver_stage/6,9,11.336104,11.91754,0.581436,7,0.499043,0,0.0
10,94,receiver_stage/6,9,11.91775,12.032103,0.114353,7,0.076932,0,0.0
10,97,receiver_stage/6,9,12.032173,12.169076,0.136903,7,0.095512,0,0.0
10,99,receiver_stage/6,9,12.169156,12.502026,0.33287,7,0.301237,0,0.0
10,105,receiver_stage/6,9,12.502116,12.833245,0.331129,8,0.049259,0,0.0
10,111,receiver_stage/6,9,12.833275,13.276407,0.443132,7,0.397831,0,0.0
10,120,receiver_stage/6,9,13.276447,13.38073,0.104283,8,0.067913,0,0.0
10,124,receiver_stage/6,9,13.3826,13.916244,0.533644,4,0.472593,0,0.0
10,133,receiver_stage/6,9,13.916304,14.225563,0.309259,7,0.260495,0,0.0
10,137,receiver_stage/6,9,14.225833,16.349711,2.123878,2,0.190315,1,1.918732
10,157,receiver_stage/6,9,16.349801,16.532945,0.183144,7,0.110002,0,0.0
10,159,receiver_stage/6,9,16.532985,17.908007,1.375022,6,1.169743,1,0.078322
11,0,receiver_stage/0,2,7.022202,12.536062,5.51386,5,3.057793,4,2.367044
11,118,receiver_stage/0,2,12.536102,13.149359,0.613257,7,0.486932,0,0.0
11,124,receiver_stage/0,2,13.149479,13.431987,0.282508,7,0.198245,0,0.0
11,131,receiver_stage/0,2,13.432047,17.676973,4.244926,1,0.496674,1,3.735102
11,149,receiver_stage/0,2,17.677073,20.951202,3.274129,1,0.406761,1,2.854278
11,4,receiver_stage/4,3,7.086894,7.277669,0.190775,7,0.110652,0,0.0
11,8,receiver_stage/4,3,7.277779,7.740242,0.462463,4,0.40365,0,0.0
11,21,receiver_stage/4,3,7.740372,8.092311,0.351939,7,0.306166,0,0.0
11,31,receiver_stage/4,3,8.092951,8.40094,0.307989,7,0.264484,0,0.0
11,41,receiver_stage/4,3,8.40108,8.500132,0.099052,7,0.065731,0,0.0
11,45,receiver_stage/4,3,8.500162,8.894108,0.393946,7,0.355363,0,0.0
11,52,receiver_stage/4,3,8.894208,9.101044,0.206836,7,0.117304,0,0.0
11,56,receiver_stage/4,3,9.101084,10.102321,1.001237,7,0.655158,1,0.224386
11,69,receiver_stage/4,3,10.102411,10.215504,0.113093,4,0.076641,0,0.0
11,71,receiver_stage/4,3,10.215864,10.327467,0.111603,7,0.05754,0,0.0
11,74,receiver_stage/4,3,10.327497,10.42701,0.099513,7,0.040231,0,0.0
11,78,receiver_stage/4,3,10.42704,10.783209,0.356169,7,0.295617,0,0.0
11,83,receiver_stage/4,3,10.783319,11.134569,0.35125,7,0.291597,0,0.0
11,91,receiver_stage/4,3,11.134609,11.511119,0.37651,7,0.312549,0,0.0
11,96,receiver_stage/4,3,11.511249,11.729915,0.218666,7,0.153453,0,0.0
11,104,receiver_stage/4,3,11.730015,12.029993,0.299978,7,0.270967,0,0.0
11,109,receiver_stage/4,3,12.030143,12.157447,0.127304,7,0.073422,0,0.0
11,112,receiver_stage/4,3,12.157507,12.292621,0.135114,4,0.070532,0,0.0
11,116,receiver_stage/4,3,12.292651,13.105573,0.812922,7,0.586556,1,0.112433
11,123,receiver_stage/4,3,13.105633,13.258127,0.152494,7,0.095253,0,0.0
11,127,receiver_stage/4,3,13.258217,13.671968,0.413751,4,0.356599,0,0.0
11,134,receiver_stage/4,3,13.672018,14.153351,0.481333,7,0.433933,0,0.0
11,137,receiver_stage/4,3,14.153461,14.935553,0.782092,6,0.554976,1,0.163394
11,142,receiver_stage/4,3,14.935613,18.262163,3.32655,3,0.597275,1,2.694953
11,151,receiver_stage/4,3,18.262243,19.409965,1.147722,7,0.861072,1,0.185216
11,157,receiver_stage/4,3,19.410015,19.554029,0.144014,7,0.070183,0,0.0
11,159,receiver_stage/4,3,19.554059,22.379116,2.825057,2,0.501734,1,2.297853
11,7,receiver_stage/7,4,7.127364,7.34625,0.218886,7,0.122313,0,0.0
11,10,receiver_stage/7,4,7.34636,7.586476,0.240116,7,0.206156,0,0.0
11,14,receiver_stage/7,4,7.586536,7.71527,0.128734,6,0.062891,0,0.0
11,18,receiver_stage/7,4,7.7154,7.814342,0.098942,7,0.060882,0,0.0
11,22,receiver_stage/7,4,7.814622,7.930256,0.115634,7,0.054303,0,0.0
11,27,receiver_stage/7,4,7.930416,8.07991,0.149494,7,0.079393,0,0.0
11,30,receiver_stage/7,4,8.08013,8.214203,0.134073,7,0.080443,0,0.0
11,34,receiver_stage/7,4,8.214293,8.313926,0.099633,7,0.062871,0,0.0
11,39,receiver_stage/7,4,8.314856,8.521022,0.206166,7,0.155113,0,0.0
11,48,receiver_stage/7,4,8.521162,8.993201,0.472039,7,0.405617,0,0.0
11,54,receiver_stage/7,4,8.993451,9.116724,0.123273,7,0.072021,0,0.0
11,57,receiver_stage/7,4,9.117464,10.483611,1.366147,6,1.031166,1,0.233106
11,79,receiver_stage/7,4,10.483751,10.907613,0.423862,7,0.36746,0,0.0
11,86,receiver_stage/7,4,10.907773,11.302274,0.394501,7,0.298368,0,0.0
11,94,receiver_stage/7,4,11.302414,11.505589,0.203175,7,0.084181,0,0.0
11,95,receiver_stage/7,4,11.505659,11.655443,0.149784,7,0.055131,0,0.0
11,102,receiver_stage/7,4,11.655574,12.010073,0.354499,7,0.317689,0,0.0
11,108,receiver_stage/7,4,12.010193,13.167254,1.157061,7,0.734948,1,0.340279
11,125,receiver_stage/7,4,13.167334,13.395321,0.227987,6,0.160476,0,0.0
11,129,receiver_stage/7,4,13.395441,16.30336,2.907919,1,0.300618,1,2.598421
11,146,receiver_stage/7,4,16.30345,19.387714,3.084264,1,0.388951,1,2.681203
11,156,receiver_stage/7,4,19.388094,19.553419,0.165325,7,0.066274,0,0.0
11,158,receiver_stage/7,4,19.553449,22.436741,2.883292,2,0.528355,1,2.327517
11,2,receiver_stage/2,5,7.054667,7.365266,0.310599,7,0.02089,0,0.0
11,11,receiver_stage/2,5,7.365596,7.677274,0.311678,7,0.272378,0,0.0
11,16,receiver_stage/2,5,7.677544,7.855339,0.177795,6,0.121293,0,0.0
11,25,receiver_stage/2,5,7.856399,8.043234,0.186835,7,0.104123,0,0.0
11,29,receiver_stage/2,5,8.043294,8.161667,0.118373,7,0.065791,0,0.0
11,32,receiver_stage/2,5,8.161707,8.27366,0.111953,7,0.069022,0,0.0
11,36,receiver_stage/2,5,8.273691,8.451165,0.177474,7,0.124923,0,0.0
11,44,receiver_stage/2,5,8.451186,8.903888,0.452702,7,0.410962,0,0.0
11,53,receiver_stage/2,5,8.903948,9.417372,0.513424,7,0.435682,0,0.0
11,64,receiver_stage/2,5,9.417472,9.661378,0.243906,7,0.148954,0,0.0
11,65,receiver_stage/2,5,9.661438,10.134411,0.472973,7,0.41689,0,0.0
11,70,receiver_stage/2,5,10.134441,10.291326,0.156885,7,0.092642,0,0.0
11,73,receiver_stage/2,5,10.291356,10.369038,0.077682,7,0.047841,0,0.0
11,75,receiver_stage/2,5,10.369228,10.424559,0.055331,6,0.01734,0,0.0
11,77,receiver_stage/2,5,10.424589,10.568303,0.143714,7,0.094703,0,0.0
11,80,receiver_stage/2,5,10.568743,10.927803,0.35906,7,0.294867,0,0.0
11,87,receiver_stage/2,5,10.928033,11.587381,0.659348,7,0.572756,0,0.0
11,100,receiver_stage/2,5,11.587461,12.122165,0.534704,7,0.474191,0,0.0
11,111,receiver_stage/2,5,12.122275,12.213988,0.091713,8,0.0382,0,0.0
11,114,receiver_stage/2,5,12.214028,12.523976,0.309948,7,0.271107,0,0.0
11,117,receiver_stage/2,5,12.524007,13.470712,0.946705,7,0.564504,1,0.273408
11,132,receiver_stage/2,5,13.470782,17.639606,4.168824,1,0.470193,1,3.688171
11,148,receiver_stage/2,5,17.639656,20.926816,3.28716,2,0.429121,1,2.833418
11,6,receiver_stage/6,6,7.114175,7.460485,0.34631,7,0.238067,0,0.0
11,13,receiver_stage/6,6,7.460655,7.674,0.213345,7,0.133843,0,0.0
11,15,receiver_stage/6,6,7.6741,7.724412,0.050312,4,0.017261,0,0.0
11,20,receiver_stage/6,6,7.724822,7.843175,0.118353,7,0.069772,0,0.0
11,24,receiver_stage/6,6,7.843405,8.169474,0.326069,7,0.266626,0,0.0
11,33,receiver_stage/6,6,8.169624,8.279867,0.110243,7,0.06979,0,0.0
11,37,receiver_stage/6,6,8.280027,8.439041,0.159014,7,0.102563,0,0.0
11,42,receiver_stage/6,6,8.439111,8.685188,0.246077,7,0.209144,0,0.0
11,49,receiver_stage/6,6,8.685278,9.273699,0.588421,7,0.51117,0,0.0
11,61,receiver_stage/6,6,9.274189,9.833814,0.559625,7,0.486501,0,0.0
11,67,receiver_stage/6,6,9.833874,10.986485,1.152611,7,0.605047,1,0.415711
11,88,receiver_stage/6,6,10.986655,11.51317,0.526515,7,0.43409,0,0.0
11,97,receiver_stage/6,6,11.51321,11.847309,0.334099,7,0.275037,0,0.0
11,105,receiver_stage/6,6,11.847439,14.175102,2.327663,8,1.395986,3,0.829333
11,138,receiver_stage/6,6,14.175192,16.181686,2.006494,1,0.299648,1,1.696066
11,144,receiver_stage/6,6,16.181756,18.261663,2.079907,1,0.297848,1,1.770188
11,150,receiver_stage/6,6,18.261893,19.321802,1.059909,7,0.73281,1,0.181345
11,154,receiver_stage/6,6,19.321862,19.755824,0.433962,7,0.371818,0,0.0
11,5,receiver_stage/5,7,7.095859,7.299704,0.203845,7,0.123973,0,0.0
11,9,receiver_stage/5,7,7.299725,7.722626,0.422901,7,0.35745,0,0.0
11,19,receiver_stage/5,7,7.722886,7.835319,0.112433,7,0.070982,0,0.0
11,23,receiver_stage/5,7,7.835449,7.998623,0.163174,7,0.11391,0,0.0
11,28,receiver_stage/5,7,7.999293,8.22418,0.224887,7,0.182665,0,0.0
11,35,receiver_stage/5,7,8.22431,8.302852,0.078542,7,0.039861,0,0.0
11,38,receiver_stage/5,7,8.302972,8.505697,0.202725,7,0.146325,0,0.0
11,46,receiver_stage/5,7,8.505727,8.771205,0.265478,7,0.189496,0,0.0
11,50,receiver_stage/5,7,8.771315,9.269438,0.498123,7,0.409421,0,0.0
11,60,receiver_stage/5,7,9.269528,9.388061,0.118533,7,0.085941,0,0.0
11,63,receiver_stage/5,7,9.388101,9.753691,0.36559,7,0.253527,0,0.0
11,66,receiver_stage/5,7,9.753931,10.291256,0.537325,7,0.461345,0,0.0
11,72,receiver_stage/5,7,10.291286,10.407939,0.116653,7,0.075821,0,0.0
11,76,receiver_stage/5,7,10.407969,10.618375,0.210406,7,0.146022,0,0.0
11,81,receiver_stage/5,7,10.618615,10.835051,0.216436,7,0.117562,0,0.0
11,84,receiver_stage/5,7,10.835271,10.988935,0.153664,7,0.088152,0,0.0
11,89,receiver_stage/5,7,10.989705,11.521279,0.531574,7,0.450053,0,0.0
11,98,receiver_stage/5,7,11.521369,11.654273,0.132904,7,0.068122,0,0.0
11,101,receiver_stage/5,7,11.654373,11.90923,0.254857,7,0.221876,0,0.0
11,106,receiver_stage/5,7,11.9093,12.242609,0.333309,8,0.049401,0,0.0
11,115,receiver_stage/5,7,12.242649,13.266807,1.024158,7,0.810843,1,0.112433
11,128,receiver_stage/5,7,13.266947,16.210567,2.94362,1,0.318869,1,2.613591
11,145,receiver_stage/5,7,16.210687,18.274943,2.064256,1,0.291078,1,1.762068
11,152,receiver_stage/5,7,18.275003,21.306616,3.031613,1,0.324588,1,2.695974
11,1,receiver_stage/1,8,7.038341,7.403511,0.36517,7,0.292827,0,0.0
11,12,receiver_stage/1,8,7.403551,7.71208,0.308529,7,0.270096,0,0.0
11,17,receiver_stage/1,8,7.71214,8.441139,0.728999,7,0.550446,1,0.119093
11,43,receiver_stage/1,8,8.441339,8.788279,0.34694,7,0.306779,0,0.0
11,51,receiver_stage/1,8,8.788419,9.144879,0.35646,7,0.299309,0,0.0
11,58,receiver_stage/1,8,9.144999,10.679881,1.534882,7,1.045668,1,0.36776
11,82,receiver_stage/1,8,10.679921,10.894796,0.214875,7,0.119473,0,0.0
11,85,receiver_stage/1,8,10.894876,11.02976,0.134884,6,0.066672,0,0.0
11,90,receiver_stage/1,8,11.03505,11.247506,0.212456,7,0.102131,0,0.0
11,92,receiver_stage/1,8,11.247536,11.728819,0.481283,7,0.403712,0,0.0
11,103,receiver_stage/1,8,11.728929,12.105949,0.37702,7,0.340548,0,0.0
11,110,receiver_stage/1,8,12.106029,12.205632,0.099603,7,0.049201,0,0.0
11,113,receiver_stage/1,8,12.205662,12.636624,0.430962,7,0.383399,0,0.0
11,119,receiver_stage/1,8,12.636664,12.85311,0.216446,7,0.111665,0,0.0
11,121,receiver_stage/1,8,12.85318,13.024904,0.171724,7,0.112122,0,0.0
11,122,receiver_stage/1,8,13.024995,13.531698,0.506703,7,0.456862,0,0.0
11,133,receiver_stage/1,8,13.531778,14.006351,0.474573,7,0.414649,0,0.0
11,136,receiver_stage/1,8,14.006391,14.33517,0.328779,7,0.288158,0,0.0
11,140,receiver_stage/1,8,14.33534,14.753792,0.418452,7,0.384648,0,0.0
11,141,receiver_stage/1,8,14.753812,15.256255,0.502443,7,0.466112,0,0.0
11,143,receiver_stage/1,8,15.256315,18.417062,3.160747,1,0.447192,1,2.702984
11,153,receiver_stage/1,8,18.417132,21.454774,3.037642,1,0.295568,1,2.731294
11,3,receiver_stage/3,9,7.065473,7.925756,0.860283,6,0.589098,1,0.191375
11,26,receiver_stage/3,9,7.925806,8.391919,0.466113,7,0.404682,0,0.0
11,40,receiver_stage/3,9,8.392299,8.512282,0.119983,7,0.073732,0,0.0
11,47,receiver_stage/3,9,8.512312,9.061817,0.549505,7,0.460441,0,0.0
11,55,receiver_stage/3,9,9.061977,9.17976,0.117783,7,0.069121,0,0.0
11,59,receiver_stage/3,9,9.18005,9.299974,0.119924,7,0.086002,0,0.0
11,62,receiver_stage/3,9,9.300464,9.857289,0.556825,7,0.498625,0,0.0
11,68,receiver_stage/3,9,9.857349,11.291688,1.434339,6,1.189273,1,0.119254
11,93,receiver_stage/3,9,11.291738,11.524914,0.233176,7,0.143063,0,0.0
11,99,receiver_stage/3,9,11.524974,11.934995,0.410021,7,0.349568,0,0.0
11,107,receiver_stage/3,9,11.938876,12.8241,0.885224,7,0.518645,1,0.264908
11,120,receiver_stage/3,9,12.82416,13.19107,0.36691,7,0.30429,0,0.0
11,126,receiver_stage/3,9,13.19114,13.417256,0.226116,7,0.154534,0,0.0
11,130,receiver_stage/3,9,13.417486,13.92119,0.503704,4,0.442271,0,0.0
11,135,receiver_stage/3,9,13.92125,14.30303,0.38178,7,0.332839,0,0.0
11,139,receiver_stage/3,9,14.30309,16.305615,2.002525,1,0.272648,1,1.720777
11,147,receiver_stage/3,9,16.305895,19.375388,3.069493,1,0.386881,1,2.670212
11,155,receiver_stage/3,9,19.375448,19.861912,0.486464,7,0.425469,0,0.0
12,5,receiver_stage/5,2,7.862706,8.211095,0.348389,7,0.218595,0,0.0
12,11,receiver_stage/5,2,8.211245,8.353559,0.142314,4,0.044443,0,0.0
12,16,receiver_stage/5,2,8.353729,8.718999,0.36527,7,0.231618,0,0.0
12,22,receiver_stage/5,2,8.719179,8.975896,0.256717,7,0.185206,0,0.0
12,29,receiver_stage/5,2,8.975996,9.185622,0.209626,7,0.157825,0,0.0
12,37,receiver_stage/5,2,9.185692,9.525211,0.339519,7,0.297437,0,0.0
12,42,receiver_stage/5,2,9.525351,10.035064,0.509713,7,0.453281,0,0.0
12,52,receiver_stage/5,2,10.035104,10.180548,0.145444,7,0.091141,0,0.0
12,56,receiver_stage/5,2,10.180768,10.323432,0.142664,7,0.094453,0,0.0
12,60,receiver_stage/5,2,10.323512,11.172085,0.848573,7,0.554183,1,0.209456
12,69,receiver_stage/5,2,11.172175,12.734788,1.562613,6,1.326385,1,0.118683
12,92,receiver_stage/5,2,12.734948,14.922117,2.187169,8,1.279165,3,0.804963
12,113,receiver_stage/5,2,14.922187,15.087392,0.165205,7,0.107964,0,0.0
12,115,receiver_stage/5,2,15.087482,17.552989,2.465507,1,0.414521,1,2.040486
12,135,receiver_stage/5,2,17.553119,20.001556,2.448437,1,0.281958,1,2.154859
12,142,receiver_stage/5,2,20.001646,21.546018,1.544372,1,0.202176,1,1.329136
12,151,receiver_stage/5,2,21.546068,24.245877,2.699809,2,0.426351,1,2.245977
12,7,receiver_stage/7,3,7.891856,8.291367,0.399511,7,0.240916,0,0.0
12,13,receiver_stage/7,3,8.291447,8.847812,0.556365,7,0.453813,0,0.0
12,26,receiver_stage/7,3,8.847872,9.073758,0.225886,7,0.170204,0,0.0
12,31,receiver_stage/7,3,9.073859,9.177031,0.103172,7,0.066571,0,0.0
12,36,receiver_stage/7,3,9.177191,9.548571,0.37138,7,0.331298,0,0.0
12,43,receiver_stage/7,3,9.548661,9.943687,0.395026,7,0.336864,0,0.0
12,50,receiver_stage/7,3,9.943757,10.520053,0.576296,7,0.502254,0,0.0
12,63,receiver_stage/7,3,10.520123,10.856922,0.336799,7,0.274798,0,0.0
12,67,receiver_stage/7,3,10.857012,11.370666,0.513654,7,0.44471,0,0.0
12,72,receiver_stage/7,3,11.370786,11.935581,0.564795,7,0.44387,0,0.0
12,82,receiver_stage/7,3,11.935981,12.048714,0.112733,6,0.056852,0,0.0
12,85,receiver_stage/7,3,12.048884,13.031751,0.982867,7,0.756059,1,0.125724
12,100,receiver_stage/7,3,13.031821,13.168565,0.136744,4,0.069212,0,0.0
12,101,receiver_stage/7,3,13.169785,13.329859,0.160074,7,0.077771,0,0.0
12,105,receiver_stage/7,3,13.330419,15.212781,1.882362,1,0.209575,1,1.664356
12,116,receiver_stage/7,3,15.218411,15.451527,0.233116,7,0.139044,0,0.0
12,121,receiver_stage/7,3,15.451947,18.035448,2.583501,1,0.36715,1,2.20536
12,140,receiver_stage/7,3,18.035508,20.855525,2.820017,1,0.452592,1,2.350635
12,145,receiver_stage/7,3,20.855655,21.019199,0.163544,7,0.063571,0,0.0
12,146,receiver_stage/7,3,21.020149,24.17482,3.154671,8,2.889513,1,0.077172
12,0,receiver_stage/0,4,7.787422,13.397575,5.610153,5,3.034692,4,2.484978
12,107,receiver_stage/0,4,13.397685,14.289659,0.891974,7,0.539966,1,0.266287
12,110,receiver_stage/0,4,14.289729,14.657899,0.36817,7,0.318829,0,0.0
12,111,receiver_stage/0,4,14.657919,14.795693,0.137774,7,0.063441,0,0.0
12,112,receiver_stage/0,4,14.795923,14.978018,0.182095,7,0.08405,0,0.0
12,114,receiver_stage/0,4,14.978038,17.515707,2.537669,3,0.474722,1,2.040616
12,132,receiver_stage/0,4,17.516057,17.694032,0.177975,7,0.07633,0,0.0
12,138,receiver_stage/0,4,17.694092,20.791836,3.097744,1,0.455383,1,2.630791
12,144,receiver_stage/0,4,20.791896,21.224878,0.432982,7,0.36283,0,0.0
12,148,receiver_stage/0,4,21.225008,21.483095,0.258087,7,0.167903,0,0.0
12,150,receiver_stage/0,4,21.483125,21.748862,0.265737,7,0.185396,0,0.0
12,154,receiver_stage/0,4,21.748922,22.876053,1.127131,7,0.933176,1,0.077472
12,4,receiver_stage/4,5,7.840659,8.079076,0.238417,7,0.122324,0,0.0
12,8,receiver_stage/4,5,8.079226,9.047992,0.968766,4,0.845363,0,0.0
12,30,receiver_stage/4,5,9.048132,9.160385,0.112253,7,0.069493,0,0.0
12,35,receiver_stage/4,5,9.160485,9.399772,0.239287,7,0.208865,0,0.0
12,41,receiver_stage/4,5,9.400852,9.959966,0.559114,7,0.499194,0,0.0
12,51,receiver_stage/4,5,9.960006,10.548423,0.588417,7,0.482913,0,0.0
12,64,receiver_stage/4,5,10.548473,10.904012,0.355539,7,0.277678,0,0.0
12,68,receiver_stage/4,5,10.904092,11.91579,1.011698,7,0.563095,1,0.364119
12,81,receiver_stage/4,5,11.91593,12.070014,0.154084,7,0.091391,0,0.0
12,86,receiver_stage/4,5,12.070164,12.947668,0.877504,7,0.655727,1,0.099453
12,98,receiver_stage/4,5,12.947728,13.299498,0.35177,7,0.300247,0,0.0
12,104,receiver_stage/4,5,13.299638,15.541789,2.242151,2,0.34883,1,1.876021
12,124,receiver_stage/4,5,15.542009,16.580207,1.038198,7,0.71933,1,0.171604
12,128,receiver_stage/4,5,16.580367,18.601702,2.021335,1,0.286318,1,1.722907
12,141,receiver_stage/4,5,18.601772,21.419169,2.817397,1,0.456992,1,2.346954
12,149,receiver_stage/4,5,21.419339,22.068617,0.649278,7,0.572986,0,0.0
12,156,receiver_stage/4,5,22.068647,22.395316,0.326669,7,0.261907,0,0.0
12,158,receiver_stage/4,5,22.395346,24.682748,2.287402,2,0.311219,1,1.962023
12,1,receiver_stage/1,6,7.801798,8.167198,0.3654,7,0.290217,0,0.0
12,10,receiver_stage/1,6,8.167318,8.295081,0.127763,6,0.062361,0,0.0
12,14,receiver_stage/1,6,8.295201,8.410624,0.115423,7,0.055851,0,0.0
12,17,receiver_stage/1,6,8.410734,8.686482,0.275748,7,0.234155,0,0.0
12,20,receiver_stage/1,6,8.686572,9.080862,0.39429,7,0.278235,0,0.0
12,32,receiver_stage/1,6,9.081153,9.35023,0.269077,7,0.190574,0,0.0
12,38,receiver_stage/1,6,9.35034,9.557076,0.206736,7,0.134784,0,0.0
12,44,receiver_stage/1,6,9.557256,9.70336,0.146104,7,0.085961,0,0.0
12,45,receiver_stage/1,6,9.70359,9.807063,0.103473,7,0.067252,0,0.0
12,47,receiver_stage/1,6,9.807213,10.325357,0.518144,7,0.469134,0,0.0
12,61,receiver_stage/1,6,10.325407,11.526909,1.201502,6,0.901063,1,0.207495
12,73,receiver_stage/1,6,11.527129,11.791237,0.264108,7,0.167903,0,0.0
12,76,receiver_stage/1,6,11.791317,11.89658,0.105263,8,0.039942,0,0.0
12,79,receiver_stage/1,6,11.89661,11.983042,0.086432,7,0.039142,0,0.0
12,84,receiver_stage/1,6,11.983072,12.095075,0.112003,7,0.062751,0,0.0
12,87,receiver_stage/1,6,12.095315,12.696311,0.600996,7,0.533294,0,0.0
12,90,receiver_stage/1,6,12.696511,12.882046,0.185535,7,0.110163,0,0.0
12,96,receiver_stage/1,6,12.882106,13.400901,0.518795,7,0.464243,0,0.0
12,108,receiver_stage/1,6,13.401491,15.274532,1.873041,1,0.192195,1,1.672006
12,118,receiver_stage/1,6,15.274682,15.497978,0.223296,7,0.143964,0,0.0
12,123,receiver_stage/1,6,15.498258,15.59743,0.099172,7,0.056691,0,0.0
12,125,receiver_stage/1,6,15.59756,16.796773,1.199213,7,0.899985,1,0.202426
12,129,receiver_stage/1,6,16.797153,17.545934,0.748781,6,0.533815,1,0.152724
12,134,receiver_stage/1,6,17.546074,20.072753,2.526679,1,0.279347,1,2.238092
12,143,receiver_stage/1,6,20.072813,21.687497,1.614684,2,0.259507,1,1.337787
12,153,receiver_stage/1,6,21.687567,21.859021,0.171454,7,0.114663,0,0.0
12,155,receiver_stage/1,6,21.859141,22.084427,0.225286,7,0.158354,0,0.0
12,157,receiver_stage/1,6,22.084507,24.408761,2.324254,1,0.274687,1,2.041166
12,6,receiver_stage/6,7,7.877274,8.267285,0.390011,7,0.278048,0,0.0
12,12,receiver_stage/6,7,8.267335,8.442109,0.174774,6,0.123492,0,0.0
12,18,receiver_stage/6,7,8.442219,8.565293,0.123074,7,0.065872,0,0.0
12,19,receiver_stage/6,7,8.565363,8.735798,0.170435,7,0.114332,0,0.0
12,23,receiver_stage/6,7,8.735848,8.81763,0.081782,7,0.047081,0,0.0
12,24,receiver_stage/6,7,8.81771,8.922963,0.105253,7,0.068632,0,0.0
12,27,receiver_stage/6,7,8.923063,9.139239,0.216176,7,0.109873,0,0.0
12,33,receiver_stage/6,7,9.139709,9.72182,0.582111,7,0.497618,0,0.0
12,46,receiver_stage/6,7,9.72187,10.0926,0.37073,7,0.312599,0,0.0
12,53,receiver_stage/6,7,10.092711,10.194783,0.102072,7,0.055982,0,0.0
12,57,receiver_stage/6,7,10.194923,10.496971,0.302048,7,0.263977,0,0.0
12,62,receiver_stage/6,7,10.497161,10.714267,0.217106,7,0.153365,0,0.0
12,66,receiver_stage/6,7,10.714377,11.257962,0.543585,7,0.459613,0,0.0
12,71,receiver_stage/6,7,11.258022,11.828968,0.570946,7,0.489143,0,0.0
12,77,receiver_stage/6,7,11.829008,12.735592,0.906584,7,0.509884,1,0.283028
12,93,receiver_stage/6,7,12.735682,12.855486,0.119804,7,0.068202,0,0.0
12,94,receiver_stage/6,7,12.855546,12.938608,0.083062,7,0.039761,0,0.0
12,97,receiver_stage/6,7,12.939008,13.283247,0.344239,7,0.298007,0,0.0
12,103,receiver_stage/6,7,13.283327,15.487207,2.20388,1,0.295268,1,1.895981
12,122,receiver_stage/6,7,15.487267,15.612081,0.124814,7,0.071302,0,0.0
12,126,receiver_stage/6,7,15.612111,17.010949,1.398838,1,0.178925,1,1.210203
12,130,receiver_stage/6,7,17.011339,17.517023,0.505684,7,0.420792,0,0.0
12,133,receiver_stage/6,7,17.517103,17.657207,0.140104,7,0.066492,0,0.0
12,136,receiver_stage/6,7,17.661207,22.842698,5.181491,2,0.896804,1,4.250226
12,159,receiver_stage/6,7,22.842798,25.543746,2.700948,2,0.421311,1,2.255136
12,2,receiver_stage/2,8,7.813193,8.126332,0.313139,7,0.020732,0,0.0
12,9,receiver_stage/2,8,8.126402,8.343748,0.217346,7,0.137563,0,0.0
12,15,receiver_stage/2,8,8.343778,8.832391,0.488613,7,0.425931,0,0.0
12,25,receiver_stage/2,8,8.832491,8.941394,0.108903,7,0.067801,0,0.0
12,28,receiver_stage/2,8,8.941524,9.145899,0.204375,7,0.147115,0,0.0
12,34,receiver_stage/2,8,9.146009,9.370816,0.224807,7,0.182875,0,0.0
12,39,receiver_stage/2,8,9.370846,9.915485,0.544639,7,0.462547,0,0.0
12,49,receiver_stage/2,8,9.915575,10.102871,0.187296,7,0.113414,0,0.0
12,54,receiver_stage/2,8,10.102901,10.196593,0.093692,4,0.067692,0,0.0
12,58,receiver_stage/2,8,10.196703,10.549033,0.35233,7,0.307448,0,0.0
12,65,receiver_stage/2,8,10.549123,11.195,0.645877,7,0.565614,0,0.0
12,70,receiver_stage/2,8,11.19538,11.660683,0.465303,7,0.388561,0,0.0
12,74,receiver_stage/2,8,11.660763,11.838878,0.178115,7,0.060962,0,0.0
12,78,receiver_stage/2,8,11.838988,12.950258,1.11127,7,0.746129,1,0.285578
12,99,receiver_stage/2,8,12.950348,13.274537,0.324189,8,0.050331,0,0.0
12,102,receiver_stage/2,8,13.274577,13.475333,0.200756,7,0.124834,0,0.0
12,109,receiver_stage/2,8,13.475413,15.302512,1.827099,1,0.183085,1,1.636774
12,119,receiver_stage/2,8,15.302762,15.840437,0.537675,4,0.449482,0,0.0
12,127,receiver_stage/2,8,15.840537,17.190934,1.350397,1,0.169054,1,1.174242
12,131,receiver_stage/2,8,17.191094,17.677097,0.486003,7,0.428941,0,0.0
12,137,receiver_stage/2,8,17.677147,22.849528,5.172381,2,0.857784,1,4.278556
12,3,receiver_stage/3,9,7.824408,8.708153,0.883745,6,0.570466,1,0.225277
12,21,receiver_stage/3,9,8.708223,9.385011,0.676788,7,0.504723,1,0.113774
12,40,receiver_stage/3,9,9.385041,9.846153,0.461112,7,0.390558,0,0.0
12,48,receiver_stage/3,9,9.846283,10.145882,0.299599,7,0.206655,0,0.0
12,55,receiver_stage/3,9,10.145972,10.317826,0.171854,7,0.136474,0,0.0
12,59,receiver_stage/3,9,10.318106,11.769706,1.4516,7,0.992747,1,0.34716
12,75,receiver_stage/3,9,11.769776,11.9109,0.141124,7,0.04612,0,0.0
12,80,receiver_stage/3,9,11.91106,11.965081,0.054021,6,0.01777,0,0.0
12,83,receiver_stage/3,9,11.965121,12.099555,0.134434,7,0.080683,0,0.0
12,88,receiver_stage/3,9,12.099795,12.29862,0.198825,7,0.099881,0,0.0
12,89,receiver_stage/3,9,12.29887,12.714452,0.415582,7,0.366102,0,0.0
12,91,receiver_stage/3,9,12.714672,12.872156,0.157484,7,0.079782,0,0.0
12,95,receiver_stage/3,9,12.872346,13.367289,0.494943,7,0.435223,0,0.0
12,106,receiver_stage/3,9,13.367349,15.2195,1.852151,1,0.194855,1,1.648685
12,117,receiver_stage/3,9,15.21989,15.412155,0.192265,6,0.121093,0,0.0
12,120,receiver_stage/3,9,15.412445,18.011886,2.599441,1,0.37622,1,2.20707
12,139,receiver_stage/3,9,18.011956,21.199133,3.187177,2,0.525084,1,2.633172
12,147,receiver_stage/3,9,21.199203,21.641545,0.442342,7,0.347909,0,0.0
12,152,receiver_stage/3,9,21.641605,24.94872,3.307115,1,0.459912,1,2.832412
13,1,receiver_stage/1,2,6.508052,6.883272,0.37522,7,0.300159,0,0.0
13,12,receiver_stage/1,2,6.883372,7.062447,0.179075,6,0.129434,0,0.0
13,18,receiver_stage/1,2,7.062477,7.219271,0.156794,7,0.103453,0,0.0
13,23,receiver_stage/1,2,7.219431,7.691634,0.472203,7,0.420929,0,0.0
13,33,receiver_stage/1,2,7.691694,7.851679,0.159985,7,0.093583,0,0.0
13,38,receiver_stage/1,2,7.851699,8.28159,0.429891,7,0.37057,0,0.0
13,46,receiver_stage/1,2,8.28165,8.832205,0.550555,7,0.472892,0,0.0
13,52,receiver_stage/1,2,8.832535,8.98889,0.156355,7,0.044362,0,0.0
13,56,receiver_stage/1,2,8.98937,9.869404,0.880034,7,0.565815,1,0.217026
13,62,receiver_stage/1,2,9.869524,10.035628,0.166104,7,0.077071,0,0.0
13,64,receiver_stage/1,2,10.035728,10.187222,0.151494,7,0.097803,0,0.0
13,67,receiver_stage/1,2,10.187442,10.333096,0.145654,7,0.075982,0,0.0
13,70,receiver_stage/1,2,10.333236,10.689466,0.35623,7,0.305169,0,0.0
13,75,receiver_stage/1,2,10.689546,10.738757,0.049211,6,0.01786,0,0.0
13,77,receiver_stage/1,2,10.738787,10.83476,0.095973,6,0.054501,0,0.0
13,82,receiver_stage/1,2,10.83487,10.929022,0.094152,7,0.05904,0,0.0
13,85,receiver_stage/1,2,10.929113,11.032955,0.103842,7,0.057551,0,0.0
13,90,receiver_stage/1,2,11.033055,11.149599,0.116544,7,0.056493,0,0.0
13,96,receiver_stage/1,2,11.149729,11.282172,0.132443,4,0.069652,0,0.0
13,101,receiver_stage/1,2,11.282262,11.603941,0.321679,8,0.049481,0,0.0
13,108,receiver_stage/1,2,11.604011,14.973413,3.369402,8,3.089875,1,0.083923
13,140,receiver_stage/1,2,14.973483,15.206999,0.233516,7,0.162284,0,0.0
13,141,receiver_stage/1,2,15.207309,15.407405,0.200096,7,0.127724,0,0.0
13,143,receiver_stage/1,2,15.407505,15.58957,0.182065,7,0.127693,0,0.0
13,147,receiver_stage/1,2,15.58968,18.073057,2.483377,1,0.463453,1,2.008264
13,157,receiver_stage/1,2,18.073117,18.445178,0.372061,7,0.314706,0,0.0
13,2,receiver_stage/2,3,6.521862,6.850151,0.328289,7,0.021921,0,0.0
13,11,receiver_stage/2,3,6.850271,6.904813,0.054542,4,0.01804,0,0.0
13,13,receiver_stage/2,3,6.904843,7.028536,0.123693,7,0.079092,0,0.0
13,17,receiver_stage/2,3,7.028636,7.207531,0.178895,7,0.128734,0,0.0
13,22,receiver_stage/2,3,7.207561,7.703445,0.495884,7,0.437442,0,0.0
13,34,receiver_stage/2,3,7.703525,7.810477,0.106952,7,0.057641,0,0.0
13,37,receiver_stage/2,3,7.810817,8.131106,0.320289,7,0.280145,0,0.0
13,43,receiver_stage/2,3,8.131546,8.561748,0.430202,7,0.330347,0,0.0
13,49,receiver_stage/2,3,8.562018,9.056361,0.494343,7,0.402851,0,0.0
13,58,receiver_stage/2,3,9.057042,10.509711,1.452669,6,1.203042,1,0.127624
13,73,receiver_stage/2,3,10.509871,10.639875,0.130004,7,0.066742,0,0.0
13,74,receiver_stage/2,3,10.639955,10.731347,0.091392,7,0.039929,0,0.0
13,76,receiver_stage/2,3,10.731377,10.870871,0.139494,7,0.089463,0,0.0
13,83,receiver_stage/2,3,10.870961,10.968574,0.097613,7,0.064222,0,0.0
13,89,receiver_stage/2,3,10.968714,11.108497,0.139783,7,0.06606,0,0.0
13,94,receiver_stage/2,3,11.108617,11.471667,0.36305,7,0.309727,0,0.0
13,106,receiver_stage/2,3,11.471767,12.562847,1.09108,7,0.762707,1,0.189345
13,121,receiver_stage/2,3,12.563057,13.0211,0.458043,7,0.389322,0,0.0
13,126,receiver_stage/2,3,13.02115,13.269476,0.248326,7,0.170222,0,0.0
13,130,receiver_stage/2,3,13.269547,13.365489,0.095942,7,0.064042,0,0.0
13,132,receiver_stage/2,3,13.365869,15.453386,2.087517,1,0.189055,1,1.889852
13,144,receiver_stage/2,3,15.453566,17.708587,2.255021,1,0.283968,1,1.958433
13,155,receiver_stage/2,3,17.708667,18.109488,0.400821,7,0.330519,0,0.0
13,158,receiver_stage/2,3,18.109529,18.636403,0.526874,7,0.473223,0,0.0
13,0,receiver_stage/0,4,6.484941,12.156396,5.671455,5,3.067464,4,2.497978
13,117,receiver_stage/0,4,12.156586,13.04387,0.887284,7,0.526934,1,0.267968
13,127,receiver_stage/0,4,13.04396,13.391909,0.347949,7,0.274287,0,0.0
13,133,receiver_stage/0,4,13.39227,15.501837,2.109567,1,0.198295,1,1.904852
13,145,receiver_stage/0,4,15.501897,17.851411,2.349514,2,0.35563,1,1.974474
13,156,receiver_stage/0,4,17.851531,18.345405,0.493874,7,0.432621,0,0.0
13,3,receiver_stage/3,5,6.529587,7.396451,0.866864,6,0.580554,1,0.198496
13,28,receiver_stage/3,5,7.396591,7.885664,0.489073,7,0.434331,0,0.0
13,40,receiver_stage/3,5,7.886264,8.282715,0.396451,7,0.332707,0,0.0
13,47,receiver_stage/3,5,8.282885,9.21123,0.928345,7,0.506635,1,0.302108
13,60,receiver_stage/3,5,9.21173,9.987651,0.775921,7,0.557415,1,0.087002
13,63,receiver_stage/3,5,9.988101,10.380972,0.392871,7,0.333969,0,0.0
13,71,receiver_stage/3,5,10.381122,10.739772,0.35865,7,0.298198,0,0.0
13,78,receiver_stage/3,5,10.739872,10.889746,0.149874,7,0.075793,0,0.0
13,84,receiver_stage/3,5,10.889816,13.087586,2.19777,8,1.236033,3,0.863272
13,128,receiver_stage/3,5,13.087686,13.24125,0.153564,7,0.092143,0,0.0
13,129,receiver_stage/3,5,13.2416,13.331153,0.089553,7,0.051932,0,0.0
13,131,receiver_stage/3,5,13.331293,13.423425,0.092132,7,0.065282,0,0.0
13,134,receiver_stage/3,5,13.423575,13.912749,0.489174,4,0.426771,0,0.0
13,135,receiver_stage/3,5,13.912859,14.383631,0.470772,7,0.380909,0,0.0
13,137,receiver_stage/3,5,14.383981,15.852261,1.46828,7,0.970104,1,0.38635
13,149,receiver_stage/3,5,15.852441,16.233292,0.380851,7,0.321397,0,0.0
13,152,receiver_stage/3,5,16.233822,18.958856,2.725034,1,0.462013,1,2.252401
13,7,receiver_stage/7,6,6.599458,6.838025,0.238567,7,0.129382,0,0.0
13,10,receiver_stage/7,6,6.838225,6.987999,0.149774,6,0.069782,0,0.0
13,15,receiver_stage/7,6,6.988489,7.126183,0.137694,7,0.091334,0,0.0
13,21,receiver_stage/7,6,7.126313,7.561225,0.434912,7,0.37055,0,0.0
13,31,receiver_stage/7,6,7.561605,8.11654,0.554935,7,0.448421,0,0.0
13,42,receiver_stage/7,6,8.11684,8.234063,0.117223,4,0.077212,0,0.0
13,44,receiver_stage/7,6,8.234213,8.967713,0.7335,7,0.641138,0,0.0
13,54,receiver_stage/7,6,8.968263,9.078286,0.110023,7,0.05829,0,0.0
13,59,receiver_stage/7,6,9.078746,10.121004,1.042258,7,0.818804,1,0.108473
13,66,receiver_stage/7,6,10.121294,10.246818,0.125524,7,0.069672,0,0.0
13,69,receiver_stage/7,6,10.247158,10.792233,0.545075,7,0.487315,0,0.0
13,81,receiver_stage/7,6,10.792303,10.960937,0.168634,7,0.106371,0,0.0
13,87,receiver_stage/7,6,10.960967,11.04572,0.084753,7,0.051532,0,0.0
13,93,receiver_stage/7,6,11.0458,11.180443,0.134643,7,0.067042,0,0.0
13,97,receiver_stage/7,6,11.180553,11.369868,0.189315,7,0.153244,0,0.0
13,104,receiver_stage/7,6,11.369988,11.628206,0.258218,7,0.173535,0,0.0
13,111,receiver_stage/7,6,11.628616,11.857392,0.228776,7,0.162903,0,0.0
13,114,receiver_stage/7,6,11.857612,12.53164,0.674028,7,0.594425,0,0.0
13,120,receiver_stage/7,6,12.53182,13.002763,0.470943,7,0.392592,0,0.0
13,125,receiver_stage/7,6,13.002843,14.202636,1.199793,7,0.988805,1,0.078002
13,136,receiver_stage/7,6,14.202746,14.50853,0.305784,7,0.213423,0,0.0
13,138,receiver_stage/7,6,14.50905,15.760405,1.251355,7,0.792001,1,0.35637
13,148,receiver_stage/7,6,15.760615,18.241806,2.481191,1,0.480453,1,1.974208
13,159,receiver_stage/7,6,18.241866,21.368791,3.126925,1,0.539464,1,2.56169
13,5,receiver_stage/5,7,6.566484,6.775029,0.208545,7,0.123793,0,0.0
13,9,receiver_stage/5,7,6.775069,6.999795,0.224726,7,0.137764,0,0.0
13,16,receiver_stage/5,7,6.999915,7.105508,0.105593,7,0.067551,0,0.0
13,20,receiver_stage/5,7,7.105618,7.300944,0.195326,7,0.150843,0,0.0
13,26,receiver_stage/5,7,7.301054,7.400666,0.099612,7,0.065101,0,0.0
13,29,receiver_stage/5,7,7.400716,7.690214,0.289498,7,0.199437,0,0.0
13,32,receiver_stage/5,7,7.690414,8.26715,0.576736,7,0.484483,0,0.0
13,45,receiver_stage/5,7,8.26729,8.818945,0.551655,7,0.460142,0,0.0
13,51,receiver_stage/5,7,8.819485,9.00176,0.182275,7,0.059211,0,0.0
13,57,receiver_stage/5,7,9.00201,10.197363,1.195353,6,0.879743,1,0.215816
13,68,receiver_stage/5,7,10.197453,10.758118,0.560665,7,0.487255,0,0.0
13,79,receiver_stage/5,7,10.758178,10.932393,0.174215,7,0.097091,0,0.0
13,86,receiver_stage/5,7,10.932493,11.033715,0.101222,7,0.057821,0,0.0
13,91,receiver_stage/5,7,11.033776,11.223681,0.189905,7,0.135763,0,0.0
13,99,receiver_stage/5,7,11.223791,11.368884,0.145093,7,0.111372,0,0.0
13,103,receiver_stage/5,7,11.368994,11.626632,0.257638,7,0.190705,0,0.0
13,110,receiver_stage/5,7,11.626972,11.737915,0.110943,7,0.062923,0,0.0
13,113,receiver_stage/5,7,11.738085,12.111495,0.37341,7,0.287687,0,0.0
13,116,receiver_stage/5,7,12.111715,12.344221,0.232506,7,0.158164,0,0.0
13,119,receiver_stage/5,7,12.344291,16.183726,3.839435,1,0.490404,1,3.336621
13,151,receiver_stage/5,7,16.183956,19.018373,2.834417,1,0.467593,1,2.343854
13,4,receiver_stage/4,8,6.545363,6.758479,0.213116,7,0.112911,0,0.0
13,8,receiver_stage/4,8,6.758659,7.221511,0.462852,4,0.401831,0,0.0
13,24,receiver_stage/4,8,7.221581,7.54752,0.325939,7,0.275316,0,0.0
13,30,receiver_stage/4,8,7.54765,7.726895,0.179245,7,0.10953,0,0.0
13,36,receiver_stage/4,8,7.727155,8.015933,0.288778,7,0.101084,0,0.0
13,41,receiver_stage/4,8,8.016053,8.560998,0.544945,7,0.487584,0,0.0
13,48,receiver_stage/4,8,8.561098,9.622277,1.061179,7,0.709398,1,0.269498
13,61,receiver_stage/4,8,9.622747,10.083069,0.460322,7,0.391732,0,0.0
13,65,receiver_stage/4,8,10.083219,11.122148,1.038929,7,0.576095,1,0.36119
13,95,receiver_stage/4,8,11.122218,11.244361,0.122143,7,0.05704,0,0.0
13,100,receiver_stage/4,8,11.244461,11.412075,0.167614,7,0.124523,0,0.0
13,105,receiver_stage/4,8,11.412095,11.608951,0.196856,7,0.113513,0,0.0
13,109,receiver_stage/4,8,11.609091,11.721744,0.112653,7,0.055651,0,0.0
13,112,receiver_stage/4,8,11.721984,12.062933,0.340949,7,0.271647,0,0.0
13,115,receiver_stage/4,8,12.063253,12.273709,0.210456,7,0.143595,0,0.0
13,118,receiver_stage/4,8,12.273849,16.138974,3.865125,1,0.523294,1,3.30617
13,150,receiver_stage/4,8,16.139034,16.70172,0.562686,7,0.493011,0,0.0
13,154,receiver_stage/4,8,16.70177,20.306068,3.604298,1,0.612567,1,2.977231
13,6,receiver_stage/6,9,6.583694,6.951594,0.3679,7,0.247706,0,0.0
13,14,receiver_stage/6,9,6.951714,7.063987,0.112273,7,0.067991,0,0.0
13,19,receiver_stage/6,9,7.064107,7.264793,0.200686,7,0.146224,0,0.0
13,25,receiver_stage/6,9,7.264913,7.366356,0.101443,7,0.066293,0,0.0
13,27,receiver_stage/6,9,7.366376,7.704845,0.338469,7,0.291028,0,0.0
13,35,receiver_stage/6,9,7.705165,7.88488,0.179715,7,0.138243,0,0.0
13,39,receiver_stage/6,9,7.88529,8.598849,0.713559,7,0.512293,1,0.138314
13,50,receiver_stage/6,9,8.599429,8.844416,0.244987,7,0.152163,0,0.0
13,53,receiver_stage/6,9,8.844516,8.98455,0.140034,7,0.082052,0,0.0
13,55,receiver_stage/6,9,8.98472,10.429119,1.444399,7,0.986625,1,0.350369
13,72,receiver_stage/6,9,10.429259,10.782709,0.35345,7,0.301826,0,0.0
13,80,receiver_stage/6,9,10.783039,10.962664,0.179625,7,0.082741,0,0.0
13,88,receiver_stage/6,9,10.962734,11.039396,0.076662,7,0.046221,0,0.0
13,92,receiver_stage/6,9,11.039496,11.2119,0.172404,7,0.123823,0,0.0
13,98,receiver_stage/6,9,11.212,11.354194,0.142194,7,0.100121,0,0.0
13,102,receiver_stage/6,9,11.354275,11.56471,0.210435,7,0.150774,0,0.0
13,107,receiver_stage/6,9,11.56491,12.728862,1.163952,7,0.889946,1,0.172894
13,122,receiver_stage/6,9,12.729072,12.878576,0.149504,7,0.060641,0,0.0
13,123,receiver_stage/6,9,12.878736,13.000999,0.122263,7,0.06665,0,0.0
13,124,receiver_stage/6,9,13.001079,14.735676,1.734597,1,0.193086,1,1.534621
13,139,receiver_stage/6,9,14.736666,15.392254,0.655588,7,0.570875,0,0.0
13,142,receiver_stage/6,9,15.392344,15.557319,0.164975,6,0.101122,0,0.0
13,146,receiver_stage/6,9,15.557379,16.35184,0.794461,6,0.562145,1,0.168435
13,153,receiver_stage/6,9,16.352,20.149774,3.797774,2,0.786492,1,2.976831
14,4,receiver_stage/4,2,6.825946,7.045472,0.219526,7,0.114393,0,0.0
14,8,receiver_stage/4,2,7.045592,7.518545,0.472953,4,0.40746,0,0.0
14,22,receiver_stage/4,2,7.518755,7.835254,0.316499,7,0.264239,0,0.0
14,31,receiver_stage/4,2,7.835434,8.329347,0.493913,7,0.419881,0,0.0
14,42,receiver_stage/4,2,8.329957,8.465041,0.135084,7,0.078321,0,0.0
14,45,receiver_stage/4,2,8.465221,9.362415,0.897194,7,0.628986,1,0.111903
14,58,receiver_stage/4,2,9.362475,9.54261,0.180135,7,0.097402,0,0.0
14,65,receiver_stage/4,2,9.542641,9.623873,0.081232,7,0.043521,0,0.0
14,68,receiver_stage/4,2,9.623973,9.773247,0.149274,7,0.112093,0,0.0
14,71,receiver_stage/4,2,9.773787,10.128056,0.354269,7,0.275727,0,0.0
14,73,receiver_stage/4,2,10.128166,10.322482,0.194316,7,0.138215,0,0.0
14,75,receiver_stage/4,2,10.322622,10.437395,0.114773,7,0.056542,0,0.0
14,76,receiver_stage/4,2,10.437935,10.537747,0.099812,7,0.059982,0,0.0
14,79,receiver_stage/4,2,10.537778,11.615472,1.077694,7,0.777597,1,0.178445
14,95,receiver_stage/4,2,11.615512,11.749696,0.134184,4,0.069093,0,0.0
14,97,receiver_stage/4,2,11.749816,12.178157,0.428341,7,0.378261,0,0.0
14,109,receiver_stage/4,2,12.178217,12.309791,0.131574,4,0.106923,0,0.0
14,113,receiver_stage/4,2,12.310161,15.315193,3.005032,1,0.329739,1,2.648722
14,138,receiver_stage/4,2,15.315263,17.863612,2.548349,1,0.469933,1,2.064346
14,6,receiver_stage/6,3,6.856508,7.269329,0.412821,7,0.298257,0,0.0
14,14,receiver_stage/6,3,7.269469,7.385202,0.115733,7,0.071801,0,0.0
14,19,receiver_stage/6,3,7.385612,7.66737,0.281758,7,0.237376,0,0.0
14,27,receiver_stage/6,3,7.66766,7.819464,0.151804,7,0.095001,0,0.0
14,30,receiver_stage/6,3,7.819694,8.010059,0.190365,7,0.116044,0,0.0
14,35,receiver_stage/6,3,8.01019,8.320938,0.310748,7,0.275135,0,0.0
14,41,receiver_stage/6,3,8.321608,8.902704,0.581096,7,0.502915,0,0.0
14,51,receiver_stage/6,3,8.902874,9.072518,0.169644,7,0.105423,0,0.0
14,56,receiver_stage/6,3,9.072868,10.64061,1.567742,7,1.092689,1,0.36267
14,81,receiver_stage/6,3,10.64135,11.907775,1.266425,7,1.039618,1,0.084913
14,100,receiver_stage/6,3,11.907845,12.027228,0.119383,7,0.083891,0,0.0
14,104,receiver_stage/6,3,12.027328,12.123491,0.096163,7,0.0644,0,0.0
14,107,receiver_stage/6,3,12.123531,12.46932,0.345789,8,0.04953,0,0.0
14,117,receiver_stage/6,3,12.46938,12.640595,0.171215,7,0.127953,0,0.0
14,122,receiver_stage/6,3,12.640625,12.81573,0.175105,7,0.123901,0,0.0
14,123,receiver_stage/6,3,12.81576,12.966224,0.150464,7,0.103643,0,0.0
14,127,receiver_stage/6,3,12.966314,13.485358,0.519044,7,0.345029,1,0.106853
14,133,receiver_stage/6,3,13.485398,15.470802,1.985404,1,0.282978,1,1.693496
14,139,receiver_stage/6,3,15.470972,18.554581,3.083609,1,0.302028,1,2.76845
14,0,receiver_stage/0,4,6.765164,12.294864,5.5297,5,3.015873,4,2.422197
14,112,receiver_stage/0,4,12.294994,12.48867,0.193676,7,0.116173,0,0.0
14,118,receiver_stage/0,4,12.48877,12.905711,0.416941,7,0.328819,0,0.0
14,126,receiver_stage/0,4,12.905811,13.712523,0.806712,7,0.486604,1,0.255457
14,135,receiver_stage/0,4,13.712593,13.9475,0.234907,7,0.178925,0,0.0
14,136,receiver_stage/0,4,13.94753,14.158875,0.211345,7,0.170924,0,0.0
14,137,receiver_stage/0,4,14.158955,16.715485,2.55653,1,0.474523,1,2.070436
14,148,receiver_stage/0,4,16.715965,16.90795,0.191985,7,0.084662,0,0.0
14,152,receiver_stage/0,4,16.90808,17.64563,0.73755,6,0.532065,1,0.146644
14,158,receiver_stage/0,4,17.64569,17.846896,0.201206,7,0.134833,0,0.0
14,2,receiver_stage/2,5,6.79576,7.142479,0.346719,7,0.020931,0,0.0
14,11,receiver_stage/2,5,7.142609,7.199901,0.057292,4,0.017789,0,0.0
14,13,receiver_stage/2,5,7.199931,7.315704,0.115773,7,0.073683,0,0.0
14,17,receiver_stage/2,5,7.315734,7.52018,0.204446,7,0.147995,0,0.0
14,23,receiver_stage/2,5,7.52041,7.629593,0.109183,7,0.066701,0,0.0
14,25,receiver_stage/2,5,7.629773,7.965712,0.335939,7,0.290848,0,0.0
14,34,receiver_stage/2,5,7.965982,8.109876,0.143894,7,0.095023,0,0.0
14,37,receiver_stage/2,5,8.110316,8.209929,0.099613,4,0.069073,0,0.0
14,40,receiver_stage/2,5,8.210239,8.748643,0.538404,7,0.460781,0,0.0
14,48,receiver_stage/2,5,8.748703,8.932668,0.183965,7,0.06232,0,0.0
14,53,receiver_stage/2,5,8.932968,9.412331,0.479363,7,0.428641,0,0.0
14,60,receiver_stage/2,5,9.412361,10.651185,1.238824,6,0.932835,1,0.216185
14,82,receiver_stage/2,5,10.651335,10.757088,0.105753,7,0.04662,0,0.0
14,83,receiver_stage/2,5,10.757109,10.798449,0.04134,6,0.01687,0,0.0
14,85,receiver_stage/2,5,10.798479,11.143069,0.34459,7,0.266745,0,0.0
14,88,receiver_stage/2,5,11.143129,11.288333,0.145204,7,0.072371,0,0.0
14,91,receiver_stage/2,5,11.288433,11.403116,0.114683,7,0.071202,0,0.0
14,94,receiver_stage/2,5,11.403246,11.857208,0.453962,7,0.410811,0,0.0
14,99,receiver_stage/2,5,11.857258,11.973701,0.116443,7,0.063299,0,0.0
14,102,receiver_stage/2,5,11.973772,12.096665,0.122893,7,0.076641,0,0.0
14,105,receiver_stage/2,5,12.096695,12.182027,0.085332,7,0.063092,0,0.0
14,110,receiver_stage/2,5,12.182127,12.422064,0.239937,6,0.167864,0,0.0
14,115,receiver_stage/2,5,12.422124,12.583088,0.160964,7,0.105584,0,0.0
14,119,receiver_stage/2,5,12.583188,12.823145,0.239957,7,0.162215,0,0.0
14,124,receiver_stage/2,5,12.823265,13.02144,0.198175,7,0.146533,0,0.0
14,128,receiver_stage/2,5,13.02147,13.600866,0.579396,7,0.413721,1,0.101893
14,134,receiver_stage/2,5,13.600906,15.633531,2.032625,2,0.33844,1,1.678585
14,140,receiver_stage/2,5,15.633591,18.712759,3.079168,1,0.305838,1,2.762099
14,7,receiver_stage/7,6,6.870106,7.128414,0.258308,7,0.154625,0,0.0
14,10,receiver_stage/7,6,7.128544,7.276698,0.148154,6,0.075152,0,0.0
14,15,receiver_stage/7,6,7.276878,7.503654,0.226776,7,0.163643,0,0.0
14,21,receiver_stage/7,6,7.504314,7.908915,0.404601,7,0.356901,0,0.0
14,33,receiver_stage/7,6,7.909065,8.080759,0.171694,7,0.134483,0,0.0
14,36,receiver_stage/7,6,8.08089,8.440679,0.359789,7,0.324399,0,0.0
14,44,receiver_stage/7,6,8.440799,9.479338,1.038539,7,0.811702,1,0.120084
14,62,receiver_stage/7,6,9.479678,9.592221,0.112543,7,0.062701,0,0.0
14,66,receiver_stage/7,6,9.592251,9.768936,0.176685,7,0.140934,0,0.0
14,70,receiver_stage/7,6,9.769176,13.082022,3.312846,8,3.025178,1,0.099813
14,129,receiver_stage/7,6,13.082062,16.004502,2.92244,1,0.34337,1,2.56687
14,141,receiver_stage/7,6,16.004652,16.442644,0.437992,7,0.349139,0,0.0
14,145,receiver_stage/7,6,16.442724,16.824314,0.38159,7,0.281476,0,0.0
14,151,receiver_stage/7,6,16.824834,17.338258,0.513424,4,0.444522,0,0.0
14,156,receiver_stage/7,6,17.338598,17.549474,0.210876,7,0.135984,0,0.0
14,157,receiver_stage/7,6,17.549494,17.704108,0.154614,6,0.101141,0,0.0
14,159,receiver_stage/7,6,17.704448,20.023816,2.319368,1,0.217106,1,2.095162
14,3,receiver_stage/3,7,6.81298,7.680904,0.867924,6,0.587906,1,0.193855
14,28,receiver_stage/3,7,7.681234,7.806408,0.125174,7,0.060691,0,0.0
14,29,receiver_stage/3,7,7.806428,8.110276,0.303848,7,0.201355,0,0.0
14,38,receiver_stage/3,7,8.110426,8.484176,0.37375,7,0.286157,0,0.0
14,46,receiver_stage/3,7,8.484206,9.015841,0.531635,7,0.443163,0,0.0
14,55,receiver_stage/3,7,9.015901,9.36672,0.350819,7,0.298358,0,0.0
14,59,receiver_stage/3,7,9.36675,10.269245,0.902495,7,0.586136,1,0.218306
14,74,receiver_stage/3,7,10.269295,10.507461,0.238166,7,0.171185,0,0.0
14,77,receiver_stage/3,7,10.507681,11.062296,0.554615,7,0.490393,0,0.0
14,87,receiver_stage/3,7,11.062406,11.164419,0.102013,6,0.05078,0,0.0
14,89,receiver_stage/3,7,11.164489,11.327404,0.162915,7,0.094271,0,0.0
14,92,receiver_stage/3,7,11.327504,11.402586,0.075082,7,0.02486,0,0.0
14,93,receiver_stage/3,7,11.402606,11.723844,0.321238,7,0.276007,0,0.0
14,96,receiver_stage/3,7,11.723944,12.145286,0.421342,7,0.362469,0,0.0
14,108,receiver_stage/3,7,12.145346,12.350432,0.205086,7,0.131225,0,0.0
14,114,receiver_stage/3,7,12.350492,12.604238,0.253746,7,0.182243,0,0.0
14,120,receiver_stage/3,7,12.604308,13.213345,0.609037,7,0.543695,0,0.0
14,131,receiver_stage/3,7,13.213385,16.262168,3.048783,1,0.297028,1,2.743435
14,143,receiver_stage/3,7,16.262228,16.626628,0.3644,7,0.306379,0,0.0
14,147,receiver_stage/3,7,16.626738,16.788303,0.161565,7,0.081142,0,0.0
14,149,receiver_stage/3,7,16.788553,16.924306,0.135753,7,0.094913,0,0.0
14,154,receiver_stage/3,7,16.924467,22.738925,5.814458,1,0.840603,1,4.946055
14,1,receiver_stage/1,8,6.77818,7.15597,0.37779,7,0.308529,0,0.0
14,12,receiver_stage/1,8,7.15599,7.336585,0.180595,6,0.129512,0,0.0
14,18,receiver_stage/1,8,7.336675,7.542531,0.205856,7,0.152744,0,0.0
14,24,receiver_stage/1,8,7.542621,7.645343,0.102722,7,0.065512,0,0.0
14,26,receiver_stage/1,8,7.645383,8.114196,0.468813,7,0.423171,0,0.0
14,39,receiver_stage/1,8,8.114316,8.816585,0.702269,7,0.613466,0,0.0
14,50,receiver_stage/1,8,8.816645,8.99385,0.177205,7,0.079311,0,0.0
14,54,receiver_stage/1,8,8.99398,9.33747,0.34349,7,0.294058,0,0.0
14,57,receiver_stage/1,8,9.33771,9.505154,0.167444,7,0.077642,0,0.0
14,63,receiver_stage/1,8,9.505464,10.573493,1.068029,7,0.592506,1,0.35049
14,80,receiver_stage/1,8,10.573573,11.773486,1.199913,7,0.883923,1,0.216396
14,98,receiver_stage/1,8,11.773566,11.91594,0.142374,7,0.062051,0,0.0
14,101,receiver_stage/1,8,11.91598,12.021853,0.105873,7,0.068171,0,0.0
14,103,receiver_stage/1,8,12.021943,12.118945,0.097002,7,0.053181,0,0.0
14,106,receiver_stage/1,8,12.119056,12.254619,0.135563,7,0.068052,0,0.0
14,111,receiver_stage/1,8,12.254649,12.428274,0.173625,6,0.129564,0,0.0
14,116,receiver_stage/1,8,12.428364,12.629649,0.201285,7,0.134893,0,0.0
14,121,receiver_stage/1,8,12.629739,12.896237,0.266498,7,0.189254,0,0.0
14,125,receiver_stage/1,8,12.896297,13.096922,0.200625,7,0.156653,0,0.0
14,130,receiver_stage/1,8,13.096972,16.111714,3.014742,1,0.33971,1,2.667042
14,142,receiver_stage/1,8,16.111774,16.566457,0.454683,7,0.394151,0,0.0
14,146,receiver_stage/1,8,16.566487,16.914046,0.347559,7,0.209925,0,0.0
14,153,receiver_stage/1,8,16.914106,21.601844,4.687738,1,0.530154,1,4.139843
14,5,receiver_stage/5,9,6.839882,7.067728,0.227846,7,0.140103,0,0.0
14,9,receiver_stage/5,9,7.067758,7.289524,0.221766,7,0.139024,0,0.0
14,16,receiver_stage/5,9,7.290034,7.458779,0.168745,7,0.105423,0,0.0
14,20,receiver_stage/5,9,7.458909,7.855839,0.39693,7,0.335177,0,0.0
14,32,receiver_stage/5,9,7.856019,8.402854,0.546835,7,0.467252,0,0.0
14,43,receiver_stage/5,9,8.402895,8.506657,0.103762,7,0.052522,0,0.0
14,47,receiver_stage/5,9,8.506767,8.788885,0.282118,7,0.180814,0,0.0
14,49,receiver_stage/5,9,8.788955,8.932679,0.143724,7,0.04301,0,0.0
14,52,receiver_stage/5,9,8.932929,9.412672,0.479743,7,0.417882,0,0.0
14,61,receiver_stage/5,9,9.413252,9.514935,0.101683,7,0.056841,0,0.0
14,64,receiver_stage/5,9,9.515105,9.607127,0.092022,7,0.052631,0,0.0
14,67,receiver_stage/5,9,9.607857,9.767752,0.159895,7,0.103834,0,0.0
14,69,receiver_stage/5,9,9.767852,9.912756,0.144904,7,0.116842,0,0.0
14,72,receiver_stage/5,9,9.912846,10.513892,0.601046,7,0.532035,0,0.0
14,78,receiver_stage/5,9,10.514002,10.779404,0.265402,7,0.19091,0,0.0
14,84,receiver_stage/5,9,10.779474,11.043861,0.264387,7,0.177545,0,0.0
14,86,receiver_stage/5,9,11.044031,11.190305,0.146274,7,0.087852,0,0.0
14,90,receiver_stage/5,9,11.190325,13.247691,2.057366,8,1.157763,3,0.803712
14,132,receiver_stage/5,9,13.247751,16.273614,3.025863,2,0.324028,1,2.682504
14,144,receiver_stage/5,9,16.273944,16.811008,0.537064,7,0.474232,0,0.0
14,150,receiver_stage/5,9,16.811248,16.988853,0.177605,7,0.104042,0,0.0
14,155,receiver_stage/5,9,16.989213,22.479388,5.490175,1,0.796441,1,4.675113
15,4,receiver_stage/4,2,7.511745,7.835674,0.323929,7,0.112172,0,0.0
15,12,receiver_stage/4,2,7.835824,8.002439,0.166615,7,0.105912,0,0.0
15,15,receiver_stage/4,2,8.002549,8.104102,0.101553,7,0.066212,0,0.0
15,17,receiver_stage/4,2,8.104202,8.156403,0.052201,4,0.01667,0,0.0
15,19,receiver_stage/4,2,8.156533,8.484012,0.327479,7,0.286838,0,0.0
15,28,receiver_stage/4,2,8.484122,9.084258,0.600136,7,0.514514,0,0.0
15,39,receiver_stage/4,2,9.084318,9.353385,0.269067,7,0.170563,0,0.0
15,41,receiver_stage/4,2,9.353425,9.517559,0.164134,7,0.05762,0,0.0
15,45,receiver_stage/4,2,9.517619,9.994062,0.476443,7,0.429382,0,0.0
15,60,receiver_stage/4,2,9.994142,13.141068,3.146926,8,2.877588,1,0.085713
15,115,receiver_stage/4,2,13.141148,15.612235,2.471087,1,0.302609,1,2.157798
15,128,receiver_stage/4,2,15.612525,15.872993,0.260468,7,0.159114,0,0.0
15,131,receiver_stage/4,2,15.873443,16.619503,0.74606,7,0.496974,1,0.162305
15,136,receiver_stage/4,2,16.620113,19.148202,2.528089,2,0.502934,1,2.002305
15,148,receiver_stage/4,2,19.148262,19.44535,0.297088,7,0.178216,0,0.0
15,150,receiver_stage/4,2,19.44543,20.55746,1.11203,7,0.73579,1,0.237006
15,153,receiver_stage/4,2,20.5576,23.961513,3.403913,3,0.426101,1,2.95055
15,7,receiver_stage/7,3,7.558996,7.779402,0.220406,7,0.123373,0,0.0
15,9,receiver_stage/7,3,7.779513,8.000148,0.220635,7,0.138443,0,0.0
15,14,receiver_stage/7,3,8.000249,8.198444,0.198195,7,0.152485,0,0.0
15,20,receiver_stage/7,3,8.198514,8.670877,0.472363,7,0.42548,0,0.0
15,34,receiver_stage/7,3,8.670947,9.043657,0.37271,7,0.295939,0,0.0
15,38,receiver_stage/7,3,9.043767,9.673864,0.630097,7,0.482344,0,0.0
15,49,receiver_stage/7,3,9.674024,9.777267,0.103243,7,0.056921,0,0.0
15,52,receiver_stage/7,3,9.777407,9.86454,0.087133,7,0.052121,0,0.0
15,54,receiver_stage/7,3,9.86471,10.015414,0.150704,7,0.116604,0,0.0
15,62,receiver_stage/7,3,10.015574,10.320732,0.305158,7,0.240406,0,0.0
15,70,receiver_stage/7,3,10.320862,11.608722,1.28786,7,0.860873,1,0.291963
15,78,receiver_stage/7,3,11.608822,11.715955,0.107133,7,0.059062,0,0.0
15,82,receiver_stage/7,3,11.715985,11.92561,0.209625,7,0.147574,0,0.0
15,87,receiver_stage/7,3,11.9257,12.052314,0.126614,7,0.066212,0,0.0
15,91,receiver_stage/7,3,12.052444,12.104505,0.052061,6,0.017231,0,0.0
15,92,receiver_stage/7,3,12.104535,12.485466,0.380931,7,0.299297,0,0.0
15,101,receiver_stage/7,3,12.485496,12.607859,0.122363,7,0.071751,0,0.0
15,103,receiver_stage/7,3,12.607899,12.700852,0.092953,7,0.042061,0,0.0
15,106,receiver_stage/7,3,12.700882,12.890897,0.190015,7,0.139454,0,0.0
15,111,receiver_stage/7,3,12.890957,15.770525,2.879568,1,0.386811,1,2.477117
15,130,receiver_stage/7,3,15.770945,16.32388,0.552935,7,0.297699,1,0.161705
15,133,receiver_stage/7,3,16.323911,16.496005,0.172094,7,0.065811,0,0.0
15,135,receiver_stage/7,3,16.496095,19.044615,2.54852,2,0.549344,1,1.976354
15,146,receiver_stage/7,3,19.044675,21.630445,2.58577,3,0.497484,1,2.050586
15,156,receiver_stage/7,3,21.630515,23.027873,1.397358,1,0.180205,1,1.205593
15,6,receiver_stage/6,4,7.552136,8.218254,0.666118,7,0.462741,0,0.0
15,22,receiver_stage/6,4,8.218384,8.371018,0.152634,7,0.107463,0,0.0
15,26,receiver_stage/6,4,8.371098,8.548183,0.177085,7,0.108173,0,0.0
15,29,receiver_stage/6,4,8.548293,8.644476,0.096183,4,0.068051,0,0.0
15,33,receiver_stage/6,4,8.645266,9.524454,0.879188,7,0.608216,1,0.107473
15,46,receiver_stage/6,4,9.524494,9.914875,0.390381,7,0.336229,0,0.0
15,56,receiver_stage/6,4,9.915175,10.053649,0.138474,7,0.106214,0,0.0
15,63,receiver_stage/6,4,10.053759,11.225291,1.171532,7,0.956146,1,0.077613
15,72,receiver_stage/6,4,11.225391,11.449617,0.224226,7,0.131752,0,0.0
15,76,receiver_stage/6,4,11.449907,11.850808,0.400901,7,0.345918,0,0.0
15,84,receiver_stage/6,4,11.850848,13.734949,1.884101,8,0.933785,3,0.858634
15,118,receiver_stage/6,4,13.735009,14.051788,0.316779,7,0.265416,0,0.0
15,119,receiver_stage/6,4,14.051888,14.51529,0.463402,7,0.41615,0,0.0
15,121,receiver_stage/6,4,14.51538,14.683395,0.168015,7,0.092352,0,0.0
15,122,receiver_stage/6,4,14.683465,14.845489,0.162024,7,0.070491,0,0.0
15,124,receiver_stage/6,4,14.845539,17.640146,2.794607,2,0.431851,1,2.345814
15,142,receiver_stage/6,4,17.640216,17.820271,0.180055,6,0.107523,0,0.0
15,143,receiver_stage/6,4,17.820321,18.020156,0.199835,7,0.136952,0,0.0
15,145,receiver_stage/6,4,18.020246,19.544958,1.524712,6,1.277067,1,0.119214
15,151,receiver_stage/6,4,19.545028,21.344717,1.799689,7,1.374257,1,0.226646
15,154,receiver_stage/6,4,21.344837,22.622702,1.277865,1,0.187995,1,1.07781
15,159,receiver_stage/6,4,22.622772,23.768823,1.146051,4,0.704229,1,0.381391
15,5,receiver_stage/5,5,7.53796,7.769746,0.231786,7,0.125852,0,0.0
15,8,receiver_stage/5,5,7.769876,8.25344,0.483564,4,0.423441,0,0.0
15,23,receiver_stage/5,5,8.25358,8.565968,0.312388,7,0.272818,0,0.0
15,30,receiver_stage/5,5,8.566268,8.711012,0.144744,7,0.08026,0,0.0
15,35,receiver_stage/5,5,8.711112,9.425002,0.71389,7,0.623507,0,0.0
15,42,receiver_stage/5,5,9.425052,9.597016,0.171964,7,0.126313,0,0.0
15,47,receiver_stage/5,5,9.597096,9.943546,0.34645,7,0.295266,0,0.0
15,58,receiver_stage/5,5,9.943636,10.077069,0.133433,7,0.074542,0,0.0
15,65,receiver_stage/5,5,10.077129,10.281315,0.204186,7,0.109062,0,0.0
15,69,receiver_stage/5,5,10.281365,11.287242,1.005877,7,0.558595,1,0.36005
15,73,receiver_stage/5,5,11.287312,11.429516,0.142204,4,0.114213,0,0.0
15,74,receiver_stage/5,5,11.429886,11.644922,0.215036,6,0.145535,0,0.0
15,80,receiver_stage/5,5,11.644972,11.847408,0.202436,7,0.140203,0,0.0
15,83,receiver_stage/5,5,11.847498,12.033373,0.185875,7,0.150214,0,0.0
15,90,receiver_stage/5,5,12.033743,12.126075,0.092332,7,0.039551,0,0.0
15,93,receiver_stage/5,5,12.126115,12.378162,0.252047,7,0.167305,0,0.0
15,98,receiver_stage/5,5,12.378192,12.765993,0.387801,7,0.294726,0,0.0
15,108,receiver_stage/5,5,12.766043,15.430225,2.664182,3,0.325209,1,2.314783
15,125,receiver_stage/5,5,15.430285,16.969277,1.538992,2,0.426212,1,1.087539
15,138,receiver_stage/5,5,16.969317,21.988714,5.019397,1,0.607757,1,4.381979
15,157,receiver_stage/5,5,21.988834,23.433404,1.44457,1,0.253877,1,1.179733
15,2,receiver_stage/2,6,7.475309,7.792907,0.317598,7,0.023972,0,0.0
15,10,receiver_stage/2,6,7.793027,7.934441,0.141414,6,0.072742,0,0.0
15,13,receiver_stage/2,6,7.934651,8.135687,0.201036,7,0.147324,0,0.0
15,18,receiver_stage/2,6,8.135817,8.302691,0.166874,6,0.118773,0,0.0
15,24,receiver_stage/2,6,8.302721,8.64244,0.339719,7,0.301886,0,0.0
15,32,receiver_stage/2,6,8.6426,9.689279,1.046679,7,0.78073,1,0.160174
15,50,receiver_stage/2,6,9.689529,9.845623,0.156094,7,0.079322,0,0.0
15,53,receiver_stage/2,6,9.845743,9.921835,0.076092,7,0.0434,0,0.0
15,57,receiver_stage/2,6,9.921935,10.089659,0.167724,7,0.138824,0,0.0
15,66,receiver_stage/2,6,10.089709,11.540689,1.45098,7,0.960015,1,0.379101
15,77,receiver_stage/2,6,11.540759,11.880138,0.339379,7,0.301528,0,0.0
15,85,receiver_stage/2,6,11.880288,12.019272,0.138984,4,0.068582,0,0.0
15,89,receiver_stage/2,6,12.019362,12.136375,0.117013,7,0.053589,0,0.0
15,94,receiver_stage/2,6,12.136405,12.749792,0.613387,7,0.545115,0,0.0
15,107,receiver_stage/2,6,12.749962,12.946667,0.196705,7,0.126793,0,0.0
15,113,receiver_stage/2,6,12.946797,13.117722,0.170925,7,0.085151,0,0.0
15,114,receiver_stage/2,6,13.117772,15.569289,2.451517,1,0.299688,1,2.142559
15,127,receiver_stage/2,6,15.569339,15.9903,0.420961,7,0.33532,0,0.0
15,132,receiver_stage/2,6,15.99048,16.432842,0.442362,4,0.38149,0,0.0
15,134,receiver_stage/2,6,16.432962,17.282766,0.849804,7,0.773923,0,0.0
15,139,receiver_stage/2,6,17.282816,22.57357,5.290754,1,0.822183,1,4.443881
15,158,receiver_stage/2,6,22.5737,23.959272,1.385572,6,0.857759,1,0.38214
15,1,receiver_stage/1,7,7.467223,7.833443,0.36622,7,0.294378,0,0.0
15,11,receiver_stage/1,7,7.833483,8.08412,0.250637,7,0.129431,0,0.0
15,16,receiver_stage/1,7,8.08426,8.201453,0.117193,7,0.078061,0,0.0
15,21,receiver_stage/1,7,8.201553,8.375808,0.174255,7,0.137404,0,0.0
15,27,receiver_stage/1,7,8.375918,8.882222,0.506304,7,0.431332,0,0.0
15,37,receiver_stage/1,7,8.883482,9.472413,0.588931,7,0.505918,0,0.0
15,43,receiver_stage/1,7,9.472503,9.606596,0.134093,7,0.094581,0,0.0
15,48,receiver_stage/1,7,9.606666,9.707169,0.100503,7,0.05741,0,0.0
15,51,receiver_stage/1,7,9.707299,9.871604,0.164305,7,0.094353,0,0.0
15,55,receiver_stage/1,7,9.871794,10.004477,0.132683,7,0.096422,0,0.0
15,61,receiver_stage/1,7,10.004507,10.213333,0.208826,7,0.151343,0,0.0
15,67,receiver_stage/1,7,10.213433,11.081267,0.867834,7,0.542794,1,0.233646
15,71,receiver_stage/1,7,11.081527,12.184517,1.10299,7,0.841843,1,0.172395
15,96,receiver_stage/1,7,12.184637,12.335361,0.150724,7,0.089231,0,0.0
15,97,receiver_stage/1,7,12.335491,12.420493,0.085002,6,0.04826,0,0.0
15,100,receiver_stage/1,7,12.420523,12.541177,0.120654,7,0.071074,0,0.0
15,102,receiver_stage/1,7,12.541207,12.66902,0.127813,7,0.070131,0,0.0
15,104,receiver_stage/1,7,12.66907,12.869475,0.200405,7,0.124402,0,0.0
15,110,receiver_stage/1,7,12.869535,13.249456,0.379921,8,0.055211,0,0.0
15,116,receiver_stage/1,7,13.249496,13.649427,0.399931,7,0.330179,0,0.0
15,117,receiver_stage/1,7,13.649527,14.062588,0.413061,7,0.365429,0,0.0
15,120,receiver_stage/1,7,14.062628,14.813229,0.750601,7,0.431584,1,0.257997
15,123,receiver_stage/1,7,14.813389,17.610395,2.797006,2,0.459503,1,2.317723
15,141,receiver_stage/1,7,17.610465,17.826961,0.216496,7,0.139444,0,0.0
15,144,receiver_stage/1,7,17.827071,19.373203,1.546132,6,1.271665,1,0.118093
15,149,receiver_stage/1,7,19.373543,19.684221,0.310678,7,0.205657,0,0.0
15,152,receiver_stage/1,7,19.684391,22.899079,3.214688,1,0.37511,1,2.827067
15,3,receiver_stage/3,8,7.499739,8.342772,0.843033,6,0.571285,1,0.187635
15,25,receiver_stage/3,8,8.342893,8.640641,0.297748,7,0.199236,0,0.0
15,31,receiver_stage/3,8,8.640751,8.735453,0.094702,7,0.052491,0,0.0
15,36,receiver_stage/3,8,8.735473,9.311358,0.575885,7,0.493334,0,0.0
15,40,receiver_stage/3,8,9.312198,9.495223,0.183025,7,0.066152,0,0.0
15,44,receiver_stage/3,8,9.495303,9.970646,0.475343,7,0.412028,0,0.0
15,59,receiver_stage/3,8,9.970736,10.076119,0.105383,7,0.062842,0,0.0
15,64,receiver_stage/3,8,10.076149,10.221093,0.144944,7,0.071871,0,0.0
15,68,receiver_stage/3,8,10.221163,11.446786,1.225623,6,0.870694,1,0.263797
15,75,receiver_stage/3,8,11.446836,11.632172,0.185336,6,0.140203,0,0.0
15,79,receiver_stage/3,8,11.632522,11.715894,0.083372,7,0.050671,0,0.0
15,81,receiver_stage/3,8,11.715924,11.884028,0.168104,7,0.110443,0,0.0
15,86,receiver_stage/3,8,11.884338,12.010242,0.125904,7,0.063393,0,0.0
15,88,receiver_stage/3,8,12.010342,12.157066,0.146724,7,0.095472,0,0.0
15,95,receiver_stage/3,8,12.157186,12.383352,0.226166,7,0.151203,0,0.0
15,99,receiver_stage/3,8,12.383562,12.68667,0.303108,7,0.183314,0,0.0
15,105,receiver_stage/3,8,12.68697,12.864075,0.177105,7,0.069741,0,0.0
15,109,receiver_stage/3,8,12.864115,15.470586,2.606471,2,0.312349,1,2.280912
15,126,receiver_stage/3,8,15.470666,16.769412,1.298746,1,0.228857,1,1.058669
15,137,receiver_stage/3,8,16.769472,17.569033,0.799561,6,0.569014,1,0.159575
15,140,receiver_stage/3,8,17.569123,22.847977,5.278854,1,0.803882,1,4.456721
15,0,receiver_stage/0,9,7.459108,12.913541,5.454433,5,3.000655,4,2.359506
15,112,receiver_stage/0,9,12.914251,15.734058,2.819807,1,0.37384,1,2.431287
15,129,receiver_stage/0,9,15.734108,19.062209,3.328101,1,0.455153,1,2.857998
15,147,receiver_stage/0,9,19.062279,21.517096,2.454817,1,0.397461,1,2.043516
15,155,receiver_stage/0,9,21.517216,22.832141,1.314925,2,0.287808,1,1.004027
16,7,receiver_stage/6,2,8.002679,8.43643,0.433751,7,0.247387,0,0.0
16,15,receiver_stage/6,2,8.4365,8.505182,0.068682,4,0.02131,0,0.0
16,18,receiver_stage/6,2,8.505292,8.701808,0.196516,7,0.118054,0,0.0
16,21,receiver_stage/6,2,8.701838,8.809821,0.107983,4,0.070333,0,0.0
16,24,receiver_stage/6,2,8.810341,9.391237,0.580896,7,0.49429,0,0.0
16,34,receiver_stage/6,2,9.391327,9.551771,0.160444,7,0.078201,0,0.0
16,36,receiver_stage/6,2,9.551841,23.024433,13.472592,8,8.992239,7,4.272998
16,130,receiver_stage/6,2,23.024543,30.527317,7.502774,3,2.259702,3,5.17118
16,4,receiver_stage/4,3,7.954392,8.149608,0.195216,7,0.110764,0,0.0
16,8,receiver_stage/4,3,8.149728,8.61346,0.463732,4,0.40247,0,0.0
16,19,receiver_stage/4,3,8.61377,9.130934,0.517164,7,0.442673,0,0.0
16,28,receiver_stage/4,3,9.131144,9.305179,0.174035,7,0.058221,0,0.0
16,30,receiver_stage/4,3,9.305339,9.851304,0.545965,7,0.467792,0,0.0
16,41,receiver_stage/4,3,9.851684,10.05602,0.204336,7,0.115402,0,0.0
16,44,receiver_stage/4,3,10.05626,11.52534,1.46908,7,0.998467,1,0.35728
16,60,receiver_stage/4,3,11.52566,11.681334,0.155674,7,0.080392,0,0.0
16,62,receiver_stage/4,3,11.681454,11.890569,0.209115,7,0.123402,0,0.0
16,67,receiver_stage/4,3,11.890669,12.102825,0.212156,7,0.153814,0,0.0
16,70,receiver_stage/4,3,12.102895,12.531927,0.429032,7,0.381821,0,0.0
16,77,receiver_stage/4,3,12.532027,12.630159,0.098132,7,0.0399,0,0.0
16,82,receiver_stage/4,3,12.630189,13.446442,0.816253,7,0.742022,0,0.0
16,86,receiver_stage/4,3,13.446592,15.019704,1.573112,6,1.291685,1,0.126844
16,101,receiver_stage/4,3,15.019834,15.156818,0.136984,7,0.057592,0,0.0
16,102,receiver_stage/4,3,15.156988,19.360143,4.203155,1,0.533134,1,3.65642
16,118,receiver_stage/4,3,19.360223,20.525385,1.165162,7,0.868823,1,0.127974
16,122,receiver_stage/4,3,20.525455,23.191377,2.665922,1,0.37308,1,2.282992
16,131,receiver_stage/4,3,23.191447,24.844072,1.652625,3,0.337849,1,1.284335
16,142,receiver_stage/4,3,24.844162,25.10652,0.262358,7,0.127511,0,0.0
16,146,receiver_stage/4,3,25.10662,25.392347,0.285727,7,0.214285,0,0.0
16,148,receiver_stage/4,3,25.392418,27.574687,2.182269,1,0.296068,1,1.879051
16,156,receiver_stage/4,3,27.574757,28.402229,0.827472,6,0.657647,1,0.078303
16,159,receiver_stage/4,3,28.402259,33.454632,5.052373,7,1.760857,1,3.038318
16,3,receiver_stage/3,4,7.942596,8.81461,0.872014,6,0.564135,1,0.210706
16,25,receiver_stage/3,4,8.81518,9.362665,0.547485,7,0.473113,0,0.0
16,32,receiver_stage/3,4,9.362965,9.765791,0.402826,7,0.348794,0,0.0
16,39,receiver_stage/3,4,9.766061,10.893791,1.12773,7,0.838711,1,0.189695
16,49,receiver_stage/3,4,10.894092,11.144078,0.249986,7,0.182115,0,0.0
16,52,receiver_stage/3,4,11.144138,11.284252,0.140114,7,0.083342,0,0.0
16,53,receiver_stage/3,4,11.284272,11.364244,0.079972,7,0.041442,0,0.0
16,55,receiver_stage/3,4,11.364344,11.524769,0.160425,7,0.087464,0,0.0
16,59,receiver_stage/3,4,11.524829,11.767565,0.242736,7,0.169264,0,0.0
16,63,receiver_stage/3,4,11.767666,11.93771,0.170044,7,0.103292,0,0.0
16,69,receiver_stage/3,4,11.93779,12.30531,0.36752,7,0.313338,0,0.0
16,74,receiver_stage/3,4,12.30539,12.428953,0.123563,7,0.077281,0,0.0
16,75,receiver_stage/3,4,12.429034,12.541346,0.112312,7,0.073041,0,0.0
16,78,receiver_stage/3,4,12.541706,12.592838,0.051132,6,0.017431,0,0.0
16,80,receiver_stage/3,4,12.592868,12.68645,0.093582,6,0.049051,0,0.0
16,83,receiver_stage/3,4,12.68666,14.793238,2.106578,2,0.311398,1,1.778929
16,99,receiver_stage/3,4,14.793318,17.604204,2.810886,1,0.464303,1,2.327113
16,110,receiver_stage/3,4,17.604254,17.781639,0.177385,7,0.097832,0,0.0
16,111,receiver_stage/3,4,17.78185,17.874972,0.093122,7,0.04398,0,0.0
16,113,receiver_stage/3,4,17.875192,20.040161,2.164969,2,0.398921,1,1.743888
16,121,receiver_stage/3,4,20.040221,22.676853,2.636632,1,0.375801,1,2.246201
16,129,receiver_stage/3,4,22.676923,24.76291,2.085987,2,0.309809,1,1.755718
16,141,receiver_stage/3,4,24.76297,25.028987,0.266017,7,0.140624,0,0.0
16,145,receiver_stage/3,4,25.029077,25.708876,0.679799,7,0.590139,0,0.0
16,149,receiver_stage/3,4,25.708936,26.046935,0.337999,7,0.291017,0,0.0
16,150,receiver_stage/3,4,26.047125,28.983385,2.93626,1,0.383931,1,2.536869
16,5,receiver_stage/5,5,7.974526,8.227423,0.252897,7,0.157313,0,0.0
16,9,receiver_stage/5,5,8.227563,8.337026,0.109463,7,0.072302,0,0.0
16,12,receiver_stage/5,5,8.337146,8.47082,0.133674,6,0.065731,0,0.0
16,16,receiver_stage/5,5,8.47109,8.655195,0.184105,6,0.137403,0,0.0
16,20,receiver_stage/5,5,8.655565,9.247811,0.592246,7,0.505013,0,0.0
16,29,receiver_stage/5,5,9.247991,9.392025,0.144034,7,0.04347,0,0.0
16,35,receiver_stage/5,5,9.392465,9.600821,0.208356,7,0.105742,0,0.0
16,37,receiver_stage/5,5,9.600911,10.842464,1.241553,7,1.000509,1,0.104213
16,48,receiver_stage/5,5,10.842614,10.980308,0.137694,7,0.079962,0,0.0
16,50,receiver_stage/5,5,10.980458,11.370189,0.389731,7,0.296826,0,0.0
16,56,receiver_stage/5,5,11.370309,11.830802,0.460493,7,0.373161,0,0.0
16,65,receiver_stage/5,5,11.874243,12.12759,0.253347,7,0.166193,0,0.0
16,71,receiver_stage/5,5,12.12765,12.439459,0.311809,7,0.264454,0,0.0
16,76,receiver_stage/5,5,12.439559,13.824447,1.384888,8,0.627208,3,0.669968
16,88,receiver_stage/5,5,13.824777,14.153505,0.328728,8,0.050071,0,0.0
16,90,receiver_stage/5,5,14.153546,14.475514,0.321968,7,0.208015,0,0.0
16,93,receiver_stage/5,5,14.476284,14.613398,0.137114,7,0.074653,0,0.0
16,95,receiver_stage/5,5,14.613868,14.746482,0.132614,7,0.075531,0,0.0
16,97,receiver_stage/5,5,14.747462,15.892973,1.145511,7,0.73599,1,0.270757
16,105,receiver_stage/5,5,15.893043,16.626493,0.73345,7,0.652468,0,0.0
16,108,receiver_stage/5,5,16.626613,17.801215,1.174602,1,0.120913,1,1.043889
16,112,receiver_stage/5,5,17.801265,19.80801,2.006745,1,0.304539,1,1.687296
16,119,receiver_stage/5,5,19.80808,20.765626,0.957546,7,0.741298,1,0.098823
16,123,receiver_stage/5,5,20.765696,23.85159,3.085894,2,0.580685,1,2.483138
16,132,receiver_stage/5,5,23.85168,25.359581,1.507901,1,0.232937,1,1.264374
16,147,receiver_stage/5,5,25.359701,27.479279,2.119578,1,0.294958,1,1.811769
16,154,receiver_stage/5,5,27.479339,27.712385,0.233046,7,0.186614,0,0.0
16,157,receiver_stage/5,5,27.712445,29.070142,1.357697,6,1.161501,1,0.083852
16,6,receiver_stage/7,6,8.001793,8.353453,0.35166,7,0.245835,0,0.0
16,14,receiver_stage/7,6,8.353473,8.839446,0.485973,7,0.432681,0,0.0
16,26,receiver_stage/7,6,8.840706,9.373001,0.532295,7,0.446272,0,0.0
16,33,receiver_stage/7,6,9.373351,9.775572,0.402221,7,0.340618,0,0.0
16,40,receiver_stage/7,6,9.775872,9.981017,0.205145,7,0.137551,0,0.0
16,43,receiver_stage/7,6,9.981387,10.172732,0.191345,7,0.152922,0,0.0
16,46,receiver_stage/7,6,10.173232,11.406076,1.232844,6,0.911054,1,0.225857
16,57,receiver_stage/7,6,11.406186,11.649033,0.242847,7,0.164213,0,0.0
16,61,receiver_stage/7,6,11.649143,11.850608,0.201465,7,0.104962,0,0.0
16,66,receiver_stage/7,6,11.850748,12.561537,0.710789,7,0.668627,0,0.0
16,79,receiver_stage/7,6,12.561647,12.720002,0.158355,7,0.094992,0,0.0
16,84,receiver_stage/7,6,12.720102,14.84246,2.122358,2,0.330968,1,1.776519
16,100,receiver_stage/7,6,14.84253,15.277401,0.434871,7,0.369059,0,0.0
16,104,receiver_stage/7,6,15.277491,15.994791,0.7173,7,0.624966,0,0.0
16,106,receiver_stage/7,6,15.994851,19.282021,3.28717,2,0.494003,1,2.771656
16,116,receiver_stage/7,6,19.282101,22.024466,2.742365,1,0.332449,1,2.398695
16,125,receiver_stage/7,6,22.024536,22.248102,0.223566,7,0.139413,0,0.0
16,126,receiver_stage/7,6,22.248282,22.406426,0.158144,6,0.103352,0,0.0
16,127,receiver_stage/7,6,22.406956,22.599121,0.192165,7,0.131583,0,0.0
16,128,receiver_stage/7,6,22.599321,24.637107,2.037786,1,0.285748,1,1.740598
16,138,receiver_stage/7,6,24.637287,24.910304,0.273017,7,0.179325,0,0.0
16,143,receiver_stage/7,6,24.910404,27.433803,2.523399,1,0.464522,1,2.046036
16,153,receiver_stage/7,6,27.433863,30.773169,3.339306,2,0.541286,1,2.75759
16,0,receiver_stage/0,7,7.898235,13.479818,5.581583,5,3.070494,4,2.403906
16,87,receiver_stage/0,7,13.480048,14.124185,0.644137,7,0.348909,1,0.228546
16,89,receiver_stage/0,7,14.124315,14.440044,0.315729,7,0.180255,0,0.0
16,92,receiver_stage/0,7,14.440454,14.771783,0.331329,7,0.277186,0,0.0
16,98,receiver_stage/0,7,14.771883,16.601403,1.82952,7,1.385688,1,0.280308
16,107,receiver_stage/0,7,16.601463,19.964964,3.363501,2,0.495924,1,2.847187
16,120,receiver_stage/0,7,19.965034,24.291052,4.326018,1,0.640217,1,3.66593
16,134,receiver_stage/0,7,24.291122,24.485608,0.194486,7,0.085831,0,0.0
16,136,receiver_stage/0,7,24.485708,24.759885,0.274177,7,0.203556,0,0.0
16,139,receiver_stage/0,7,24.759955,26.896244,2.136289,3,0.270917,1,1.84687
16,152,receiver_stage/0,7,26.896324,30.0698,3.173476,1,0.464643,1,2.684543
16,1,receiver_stage/1,8,7.919545,8.278165,0.35862,7,0.290367,0,0.0
16,11,receiver_stage/1,8,8.278205,8.497741,0.219536,7,0.133123,0,0.0
16,17,receiver_stage/1,8,8.497951,8.807959,0.310008,7,0.200965,0,0.0
16,23,receiver_stage/1,8,8.808079,9.671823,0.863744,7,0.641407,0,0.0
16,38,receiver_stage/1,8,9.672003,10.767282,1.095279,7,0.75238,1,0.187906
16,47,receiver_stage/1,8,10.767842,11.7732,1.005358,7,0.553195,1,0.362929
16,64,receiver_stage/1,8,11.77325,11.916164,0.142914,4,0.076323,0,0.0
16,68,receiver_stage/1,8,11.916274,12.283704,0.36743,7,0.301226,0,0.0
16,73,receiver_stage/1,8,12.283794,15.224454,2.94066,1,0.290638,1,2.640422
16,103,receiver_stage/1,8,15.224504,19.338166,4.113662,1,0.507144,1,3.592148
16,117,receiver_stage/1,8,19.338236,24.108796,4.77056,2,1.073009,2,3.663709
16,133,receiver_stage/1,8,24.108906,24.293071,0.184165,7,0.073463,0,0.0
16,135,receiver_stage/1,8,24.293351,24.507007,0.213656,7,0.119033,0,0.0
16,137,receiver_stage/1,8,24.507097,24.760644,0.253547,7,0.185436,0,0.0
16,140,receiver_stage/1,8,24.760734,26.848941,2.088207,3,0.270627,1,1.798089
16,151,receiver_stage/1,8,26.848991,29.356449,2.507458,1,0.407121,1,2.080026
16,2,receiver_stage/2,9,7.92304,8.236399,0.313359,7,0.021141,0,0.0
16,10,receiver_stage/2,9,8.236519,8.351272,0.114753,7,0.072241,0,0.0
16,13,receiver_stage/2,9,8.351302,8.704682,0.35338,7,0.292207,0,0.0
16,22,receiver_stage/2,9,8.704862,9.095682,0.39082,7,0.283446,0,0.0
16,27,receiver_stage/2,9,9.095842,9.313408,0.217566,7,0.123763,0,0.0
16,31,receiver_stage/2,9,9.313688,9.915265,0.601577,7,0.532913,0,0.0
16,42,receiver_stage/2,9,9.915365,10.156292,0.240927,7,0.164254,0,0.0
16,45,receiver_stage/2,9,10.156322,11.047106,0.890784,7,0.567514,1,0.216586
16,51,receiver_stage/2,9,11.047586,11.357664,0.310078,7,0.183413,0,0.0
16,54,receiver_stage/2,9,11.357694,11.515509,0.157815,7,0.096563,0,0.0
16,58,receiver_stage/2,9,11.515649,12.149016,0.633367,7,0.561895,0,0.0
16,72,receiver_stage/2,9,12.149116,12.626359,0.477243,7,0.427811,0,0.0
16,81,receiver_stage/2,9,12.626539,12.795924,0.169385,7,0.060982,0,0.0
16,85,receiver_stage/2,9,12.795994,14.403627,1.607633,6,1.329437,1,0.123783
16,91,receiver_stage/2,9,14.403787,14.544691,0.140904,7,0.068541,0,0.0
16,94,receiver_stage/2,9,14.544871,14.717786,0.172915,7,0.129124,0,0.0
16,96,receiver_stage/2,9,14.718116,17.147862,2.429746,1,0.285658,1,2.133798
16,109,receiver_stage/2,9,17.147922,18.473958,1.326036,2,0.198595,1,1.11195
16,114,receiver_stage/2,9,18.474548,19.230399,0.755851,6,0.544935,1,0.139633
16,115,receiver_stage/2,9,19.230419,21.974534,2.744115,1,0.291387,1,2.443937
16,124,receiver_stage/2,9,21.974584,24.930805,2.956221,2,0.498014,1,2.433907
16,144,receiver_stage/2,9,24.930865,27.520285,2.58942,2,0.514965,1,2.032175
16,155,receiver_stage/2,9,27.520345,27.745461,0.225116,7,0.182945,0,0.0
16,158,receiver_stage/2,9,27.745511,32.562733,4.817222,7,1.559973,1,3.001842
17,0,receiver_stage/0,2,6.724253,12.242134,5.517881,5,3.021362,4,2.398696
17,88,receiver_stage/0,2,12.242334,12.433119,0.190785,7,0.074463,0,0.0
17,90,receiver_stage/0,2,12.433399,12.655335,0.221936,7,0.164275,0,0.0
17,92,receiver_stage/0,2,12.655415,12.810429,0.155014,7,0.091382,0,0.0
17,95,receiver_stage/0,2,12.810509,12.930463,0.119954,7,0.08106,0,0.0
17,98,receiver_stage/0,2,12.930713,15.626036,2.695323,2,0.326168,1,2.352404
17,128,receiver_stage/0,2,15.626166,18.785292,3.159126,1,0.470383,1,2.671823
17,138,receiver_stage/0,2,18.785532,21.445145,2.659613,1,0.39845,1,2.246162
17,148,receiver_stage/0,2,21.445315,24.663743,3.218428,1,0.382431,1,2.819467
17,155,receiver_stage/0,2,24.663903,26.654627,1.990724,2,0.302727,1,1.668646
17,7,receiver_stage/7,3,6.829577,7.052553,0.222976,7,0.124663,0,0.0
17,10,receiver_stage/7,3,7.052593,7.183526,0.130933,6,0.066922,0,0.0
17,14,receiver_stage/7,3,7.183697,7.912526,0.728829,7,0.640395,0,0.0
17,27,receiver_stage/7,3,7.912906,8.077631,0.164725,7,0.044241,0,0.0
17,33,receiver_stage/7,3,8.077701,9.321585,1.243884,7,0.924557,1,0.219886
17,54,receiver_stage/7,3,9.322225,10.208859,0.886634,7,0.562524,1,0.233247
17,63,receiver_stage/7,3,10.208989,10.707003,0.498014,7,0.438911,0,0.0
17,70,receiver_stage/7,3,10.707133,13.408306,2.701173,1,0.307899,1,2.367234
17,102,receiver_stage/7,3,13.408476,14.219238,0.810762,6,0.541703,1,0.191566
17,108,receiver_stage/7,3,14.219508,14.559908,0.3404,7,0.247395,0,0.0
17,110,receiver_stage/7,3,14.560028,15.047191,0.487163,7,0.41411,0,0.0
17,119,receiver_stage/7,3,15.047441,15.556855,0.509414,7,0.418521,0,0.0
17,127,receiver_stage/7,3,15.556975,18.67483,3.117855,1,0.452093,1,2.653422
17,137,receiver_stage/7,3,18.67497,21.276591,2.601621,1,0.390411,1,2.19638
17,147,receiver_stage/7,3,21.276891,24.632882,3.355991,1,0.622637,1,2.714014
17,154,receiver_stage/7,3,24.633042,26.654456,2.021414,2,0.248526,1,1.754056
17,2,receiver_stage/2,4,6.764609,7.075977,0.311368,7,0.021711,0,0.0
17,11,receiver_stage/2,4,7.076087,7.366565,0.290478,7,0.201686,0,0.0
17,18,receiver_stage/2,4,7.366685,7.735015,0.36833,7,0.284838,0,0.0
17,24,receiver_stage/2,4,7.735105,8.251919,0.516814,7,0.43112,0,0.0
17,34,receiver_stage/2,4,8.25253,8.398533,0.146003,7,0.074043,0,0.0
17,37,receiver_stage/2,4,8.398994,8.533857,0.134863,7,0.045931,0,0.0
17,41,receiver_stage/2,4,8.533907,8.732142,0.198235,7,0.087121,0,0.0
17,45,receiver_stage/2,4,8.732502,8.985359,0.252857,7,0.167664,0,0.0
17,49,receiver_stage/2,4,8.985449,9.354399,0.36895,7,0.300287,0,0.0
17,55,receiver_stage/2,4,9.354539,10.595113,1.240574,6,0.890124,1,0.243517
17,67,receiver_stage/2,4,10.595193,11.288922,0.693729,7,0.616217,0,0.0
17,79,receiver_stage/2,4,11.288952,11.440116,0.151164,7,0.088311,0,0.0
17,82,receiver_stage/2,4,11.440246,11.574,0.133754,7,0.052792,0,0.0
17,83,receiver_stage/2,4,11.57404,11.679583,0.105543,7,0.040009,0,0.0
17,84,receiver_stage/2,4,11.679603,11.809086,0.129483,7,0.065912,0,0.0
17,87,receiver_stage/2,4,11.809226,12.815544,1.006318,7,0.760488,1,0.117634
17,96,receiver_stage/2,4,12.815774,12.990199,0.174425,7,0.098592,0,0.0
17,100,receiver_stage/2,4,12.990499,15.039264,2.048765,1,0.187945,1,1.85261
17,118,receiver_stage/2,4,15.039414,15.291681,0.252267,7,0.127923,0,0.0
17,123,receiver_stage/2,4,15.291761,16.097443,0.805682,8,0.433531,1,0.287998
17,129,receiver_stage/2,4,16.097504,17.4392,1.341696,1,0.186305,1,1.146811
17,134,receiver_stage/2,4,17.43927,20.781781,3.342511,2,0.484554,1,2.834467
17,144,receiver_stage/2,4,20.781881,23.046673,2.264792,1,0.290937,1,1.957434
17,149,receiver_stage/2,4,23.046733,23.387112,0.340379,7,0.252779,0,0.0
17,150,receiver_stage/2,4,23.387172,23.886896,0.499724,7,0.43586,0,0.0
17,153,receiver_stage/2,4,23.886976,26.649771,2.762795,1,0.463063,1,2.287242
17,3,receiver_stage/3,5,6.770124,7.607577,0.837453,6,0.563356,1,0.191565
17,22,receiver_stage/3,5,7.607717,7.778952,0.171235,7,0.085084,0,0.0
17,25,receiver_stage/3,5,7.778982,7.999198,0.220216,7,0.126402,0,0.0
17,30,receiver_stage/3,5,7.999728,8.335527,0.335799,7,0.282318,0,0.0
17,35,receiver_stage/3,5,8.335557,8.46076,0.125203,7,0.0719,0,0.0
17,40,receiver_stage/3,5,8.46107,8.698012,0.236942,7,0.140249,0,0.0
17,43,receiver_stage/3,5,8.698062,8.864246,0.166184,7,0.100682,0,0.0
17,47,receiver_stage/3,5,8.864306,9.093492,0.229186,7,0.152164,0,0.0
17,50,receiver_stage/3,5,9.093702,9.908585,0.814883,6,0.669627,1,0.089272
17,60,receiver_stage/3,5,9.910955,10.10131,0.190355,7,0.081691,0,0.0
17,61,receiver_stage/3,5,10.10136,10.948173,0.846813,7,0.769301,0,0.0
17,72,receiver_stage/3,5,10.948403,11.052146,0.103743,7,0.042971,0,0.0
17,73,receiver_stage/3,5,11.052256,11.19108,0.138824,7,0.106112,0,0.0
17,77,receiver_stage/3,5,11.19136,11.286582,0.095222,7,0.03989,0,0.0
17,78,receiver_stage/3,5,11.286612,11.325983,0.039371,6,0.01679,0,0.0
17,80,receiver_stage/3,5,11.326023,11.419116,0.093093,6,0.04993,0,0.0
17,81,receiver_stage/3,5,11.419296,11.744225,0.324929,8,0.050012,0,0.0
17,86,receiver_stage/3,5,11.744255,12.876305,1.13205,7,0.846922,1,0.116563
17,97,receiver_stage/3,5,12.876495,13.008989,0.132494,7,0.070492,0,0.0
17,101,receiver_stage/3,5,13.009329,15.031904,2.022575,2,0.212876,1,1.797889
17,117,receiver_stage/3,5,15.032034,15.297112,0.265078,7,0.141612,0,0.0
17,124,receiver_stage/3,5,15.297142,20.130973,4.833831,7,1.579183,1,3.002142
17,139,receiver_stage/3,5,20.131043,20.516104,0.385061,7,0.309448,0,0.0
17,141,receiver_stage/3,5,20.516164,21.071629,0.555465,7,0.492173,0,0.0
17,145,receiver_stage/3,5,21.071719,23.392702,2.320983,2,0.324739,1,1.976814
17,151,receiver_stage/3,5,23.392762,26.273375,2.880613,2,0.339289,1,2.519993
17,1,receiver_stage/1,6,6.736618,7.094908,0.35829,7,0.291887,0,0.0
17,12,receiver_stage/1,6,7.094928,7.283463,0.188535,7,0.112592,0,0.0
17,16,receiver_stage/1,6,7.283603,7.456818,0.173215,6,0.122085,0,0.0
17,20,receiver_stage/1,6,7.457158,7.962811,0.505653,7,0.42503,0,0.0
17,28,receiver_stage/1,6,7.963001,8.440364,0.477363,7,0.417721,0,0.0
17,38,receiver_stage/1,6,8.440745,8.892837,0.452092,7,0.305717,0,0.0
17,48,receiver_stage/1,6,8.893047,10.413309,1.520262,7,1.035717,1,0.35869
17,65,receiver_stage/1,6,10.413369,10.907882,0.494513,7,0.43886,0,0.0
17,71,receiver_stage/1,6,10.908002,11.058026,0.150024,7,0.083761,0,0.0
17,74,receiver_stage/1,6,11.058116,11.173709,0.115593,7,0.088303,0,0.0
17,76,receiver_stage/1,6,11.173779,13.689688,2.515909,2,0.313078,1,2.18939
17,104,receiver_stage/1,6,13.689748,13.979486,0.289738,7,0.211497,0,0.0
17,106,receiver_stage/1,6,13.979716,14.353296,0.37358,7,0.272786,0,0.0
17,109,receiver_stage/1,6,14.353476,14.669695,0.316219,7,0.232788,0,0.0
17,111,receiver_stage/1,6,14.669835,14.831139,0.161304,7,0.104172,0,0.0
17,114,receiver_stage/1,6,14.831289,14.982663,0.151374,7,0.064742,0,0.0
17,116,receiver_stage/1,6,14.982773,15.184379,0.201606,7,0.165935,0,0.0
17,122,receiver_stage/1,6,15.184419,17.212904,2.028485,1,0.192085,1,1.83002
17,131,receiver_stage/1,6,17.212964,17.393479,0.180515,6,0.107802,0,0.0
17,132,receiver_stage/1,6,17.393519,17.593784,0.200265,7,0.136764,0,0.0
17,135,receiver_stage/1,6,17.593894,23.817654,6.22376,1,0.840953,1,5.360566
17,152,receiver_stage/1,6,23.817704,26.691663,2.873959,3,0.529355,1,2.308563
17,4,receiver_stage/4,7,6.781249,6.980795,0.199546,7,0.115633,0,0.0
17,8,receiver_stage/4,7,6.980905,7.480649,0.499744,4,0.420223,0,0.0
17,21,receiver_stage/4,7,7.480699,8.010153,0.529454,7,0.45355,0,0.0
17,31,receiver_stage/4,7,8.010313,8.365973,0.35566,7,0.298019,0,0.0
17,36,receiver_stage/4,7,8.366253,8.546162,0.179909,7,0.115187,0,0.0
17,42,receiver_stage/4,7,8.546272,8.717447,0.171175,7,0.115322,0,0.0
17,44,receiver_stage/4,7,8.717477,9.102288,0.384811,7,0.30053,0,0.0
17,51,receiver_stage/4,7,9.102328,10.227498,1.12517,6,0.925754,1,0.091473
17,64,receiver_stage/4,7,10.227628,10.601529,0.373901,7,0.312278,0,0.0
17,68,receiver_stage/4,7,10.601579,11.687028,1.085449,7,0.707609,1,0.240736
17,85,receiver_stage/4,7,11.687068,14.711151,3.024083,2,0.303759,1,2.700674
17,112,receiver_stage/4,7,14.711551,15.06448,0.352929,7,0.298897,0,0.0
17,120,receiver_stage/4,7,15.064591,15.40416,0.339569,7,0.254985,0,0.0
17,125,receiver_stage/4,7,15.40419,20.20045,4.79626,7,1.633174,1,2.93758
17,140,receiver_stage/4,7,20.20057,20.691524,0.490954,7,0.413799,0,0.0
17,142,receiver_stage/4,7,20.691714,21.159567,0.467853,7,0.407512,0,0.0
17,146,receiver_stage/4,7,21.159657,24.725519,3.565862,3,0.7652,1,2.74808
17,156,receiver_stage/4,7,24.725719,32.178928,7.453209,8,2.836887,4,4.408056
17,5,receiver_stage/5,8,6.803471,7.023827,0.220356,7,0.134313,0,0.0
17,9,receiver_stage/5,8,7.023937,7.234252,0.210315,7,0.137643,0,0.0
17,15,receiver_stage/5,8,7.234342,7.283844,0.049502,4,0.01673,0,0.0
17,17,receiver_stage/5,8,7.283924,7.378516,0.094592,4,0.068522,0,0.0
17,19,receiver_stage/5,8,7.378616,8.035164,0.656548,7,0.576485,0,0.0
17,32,receiver_stage/5,8,8.035504,9.175475,1.139971,7,0.743099,1,0.262077
17,52,receiver_stage/5,8,9.175585,9.306688,0.131103,7,0.081052,0,0.0
17,53,receiver_stage/5,8,9.307158,9.419041,0.111883,7,0.072932,0,0.0
17,56,receiver_stage/5,8,9.419272,10.499421,1.080149,7,0.571356,1,0.413391
17,66,receiver_stage/5,8,10.499481,11.093697,0.594216,7,0.509363,0,0.0
17,75,receiver_stage/5,8,11.093807,13.588765,2.494958,2,0.312579,1,2.166919
17,103,receiver_stage/5,8,13.589175,13.829092,0.239917,7,0.126734,0,0.0
17,105,receiver_stage/5,8,13.829292,14.065808,0.236516,7,0.158065,0,0.0
17,107,receiver_stage/5,8,14.065938,14.808448,0.74251,7,0.656608,0,0.0
17,113,receiver_stage/5,8,14.808518,14.977003,0.168485,7,0.065081,0,0.0
17,115,receiver_stage/5,8,14.977253,15.161208,0.183955,7,0.149515,0,0.0
17,121,receiver_stage/5,8,15.161278,17.197724,2.036446,1,0.186805,1,1.840291
17,130,receiver_stage/5,8,17.197804,17.4164,0.218596,7,0.139194,0,0.0
17,133,receiver_stage/5,8,17.41643,20.753571,3.337141,1,0.457122,1,2.868969
17,143,receiver_stage/5,8,20.753701,38.321364,17.567663,8,5.738843,7,11.672057
17,6,receiver_stage/6,9,6.81062,7.15236,0.34174,7,0.236536,0,0.0
17,13,receiver_stage/6,9,7.1524,7.634793,0.482393,7,0.41602,0,0.0
17,23,receiver_stage/6,9,7.634953,7.818648,0.183695,7,0.092913,0,0.0
17,26,receiver_stage/6,9,7.818878,7.988423,0.169545,7,0.057432,0,0.0
17,29,receiver_stage/6,9,7.988643,8.450505,0.461862,7,0.41077,0,0.0
17,39,receiver_stage/6,9,8.450705,8.796245,0.34554,7,0.217728,0,0.0
17,46,receiver_stage/6,9,8.796355,9.422822,0.626467,7,0.554994,0,0.0
17,57,receiver_stage/6,9,9.422852,9.565536,0.142684,4,0.069652,0,0.0
17,58,receiver_stage/6,9,9.565706,9.806642,0.240936,7,0.150163,0,0.0
17,59,receiver_stage/6,9,9.806672,10.10711,0.300438,7,0.217988,0,0.0
17,62,receiver_stage/6,9,10.1074,10.605934,0.498534,7,0.412701,0,0.0
17,69,receiver_stage/6,9,10.606434,12.353642,1.747208,7,1.343856,1,0.245347
17,89,receiver_stage/6,9,12.353902,12.527146,0.173244,7,0.124392,0,0.0
17,91,receiver_stage/6,9,12.527296,12.679571,0.152275,7,0.068484,0,0.0
17,93,receiver_stage/6,9,12.679631,12.795544,0.115913,7,0.059681,0,0.0
17,94,receiver_stage/6,9,12.795744,12.937548,0.141804,7,0.094013,0,0.0
17,99,receiver_stage/6,9,12.937578,15.407945,2.470367,2,0.315549,1,2.140648
17,126,receiver_stage/6,9,15.408075,18.338795,2.93072,3,0.394571,1,2.506728
17,136,receiver_stage/6,9,18.338925,24.735839,6.396914,2,0.905156,1,5.451888
17,157,receiver_stage/6,9,24.735879,24.968366,0.232487,7,0.135643,0,0.0
17,158,receiver_stage/6,9,24.968446,25.185602,0.217156,7,0.145434,0,0.0
17,159,receiver_stage/6,9,25.185702,25.390827,0.205125,7,0.140764,0,0.0
18,2,receiver_stage/2,2,8.05672,8.371879,0.315159,7,0.020871,0,0.0
18,10,receiver_stage/2,2,8.371909,8.557184,0.185275,7,0.115904,0,0.0
18,14,receiver_stage/2,2,8.557294,8.689157,0.131863,6,0.063501,0,0.0
18,17,receiver_stage/2,2,8.689267,8.850012,0.160745,6,0.117514,0,0.0
18,21,receiver_stage/2,2,8.850052,9.354815,0.504763,7,0.441151,0,0.0
18,30,receiver_stage/2,2,9.355025,9.718785,0.36376,7,0.278648,0,0.0
18,39,receiver_stage/2,2,9.719105,10.052824,0.333719,7,0.250076,0,0.0
18,42,receiver_stage/2,2,10.052964,10.182198,0.129234,7,0.076592,0,0.0
18,46,receiver_stage/2,2,10.182228,10.61375,0.431522,7,0.381232,0,0.0
18,53,receiver_stage/2,2,10.61378,12.503551,1.889771,3,0.249167,1,1.621074
18,81,receiver_stage/2,2,12.503621,12.567713,0.064092,6,0.02079,0,0.0
18,82,receiver_stage/2,2,12.567743,13.032136,0.464393,7,0.386071,0,0.0
18,90,receiver_stage/2,2,13.032416,13.127048,0.094632,7,0.059261,0,0.0
18,95,receiver_stage/2,2,13.127148,18.025782,4.898634,7,1.614954,1,2.983892
18,129,receiver_stage/2,2,18.026262,20.072848,2.046586,3,0.248517,1,1.771599
18,144,receiver_stage/2,2,20.073448,20.322675,0.249227,7,0.165206,0,0.0
18,146,receiver_stage/2,2,20.322705,20.711085,0.38838,7,0.313579,0,0.0
18,151,receiver_stage/2,2,20.711155,20.951022,0.239867,7,0.114574,0,0.0
18,154,receiver_stage/2,2,20.951112,22.684819,1.733707,1,0.225046,1,1.499311
18,5,receiver_stage/5,3,8.104476,8.311802,0.207326,7,0.124373,0,0.0
18,9,receiver_stage/5,3,8.311832,8.6011,0.289268,7,0.201856,0,0.0
18,15,receiver_stage/5,3,8.60113,8.696343,0.095213,4,0.068453,0,0.0
18,18,receiver_stage/5,3,8.696463,9.043032,0.346569,7,0.273137,0,0.0
18,25,receiver_stage/5,3,9.043142,9.283019,0.239877,7,0.061692,0,0.0
18,28,receiver_stage/5,3,9.283199,9.410362,0.127163,7,0.071622,0,0.0
18,32,receiver_stage/5,3,9.410392,9.567756,0.157364,7,0.081119,0,0.0
18,35,receiver_stage/5,3,9.567786,9.739481,0.171695,7,0.101401,0,0.0
18,40,receiver_stage/5,3,9.742681,10.181703,0.439022,7,0.3529,0,0.0
18,45,receiver_stage/5,3,10.181753,10.562273,0.38052,7,0.316117,0,0.0
18,52,receiver_stage/5,3,10.562303,12.043934,1.481631,7,1.007799,1,0.35836
18,66,receiver_stage/5,3,12.043994,12.175487,0.131493,7,0.054401,0,0.0
18,70,receiver_stage/5,3,12.175578,12.299291,0.123713,7,0.064221,0,0.0
18,76,receiver_stage/5,3,12.299321,12.497526,0.198205,7,0.165453,0,0.0
18,80,receiver_stage/5,3,12.497556,12.585289,0.087733,7,0.03936,0,0.0
18,83,receiver_stage/5,3,12.585319,12.912078,0.326759,7,0.254487,0,0.0
18,88,receiver_stage/5,3,12.912168,13.120673,0.208505,7,0.145172,0,0.0
18,93,receiver_stage/5,3,13.120713,13.219456,0.098743,7,0.057201,0,0.0
18,97,receiver_stage/5,3,13.219486,13.547125,0.327639,7,0.265145,0,0.0
18,105,receiver_stage/5,3,13.547465,13.715489,0.168024,7,0.063512,0,0.0
18,109,receiver_stage/5,3,13.715629,15.047536,1.331907,1,0.155734,1,1.169782
18,117,receiver_stage/5,3,15.047676,18.059328,3.011652,2,0.334468,1,2.657523
18,130,receiver_stage/5,3,18.059378,18.634254,0.574876,7,0.500384,0,0.0
18,135,receiver_stage/5,3,18.634294,18.847209,0.212915,7,0.08239,0,0.0
18,136,receiver_stage/5,3,18.847889,19.048745,0.200856,7,0.127192,0,0.0
18,138,receiver_stage/5,3,19.048775,19.23313,0.184355,7,0.128023,0,0.0
18,140,receiver_stage/5,3,19.23316,20.524535,1.291375,1,0.113973,1,1.171992
18,148,receiver_stage/5,3,20.524595,20.819633,0.295038,7,0.240626,0,0.0
18,152,receiver_stage/5,3,20.819663,21.102091,0.282428,7,0.208026,0,0.0
18,155,receiver_stage/5,3,21.102151,22.852749,1.750598,1,0.219616,1,1.524112
18,1,receiver_stage/1,4,8.042625,8.404294,0.361669,7,0.293099,0,0.0
18,11,receiver_stage/1,4,8.404334,8.892338,0.488004,7,0.415861,0,0.0
18,22,receiver_stage/1,4,8.892418,9.389361,0.496943,7,0.423159,0,0.0
18,31,receiver_stage/1,4,9.389531,9.69205,0.302519,7,0.182005,0,0.0
18,38,receiver_stage/1,4,9.69243,10.402529,0.710099,7,0.627335,0,0.0
18,50,receiver_stage/1,4,10.402599,12.184567,1.781968,7,1.367638,1,0.242936
18,71,receiver_stage/1,4,12.184627,13.247836,1.063209,7,0.809061,1,0.106363
18,100,receiver_stage/1,4,13.247957,13.73004,0.482083,7,0.419381,0,0.0
18,110,receiver_stage/1,4,13.73007,16.492705,2.762635,1,0.306588,1,2.446377
18,122,receiver_stage/1,4,16.492775,18.214302,1.721527,7,1.233322,1,0.34371
18,132,receiver_stage/1,4,18.214362,22.710495,4.496133,3,0.770069,1,3.676401
18,7,receiver_stage/6,5,8.129557,8.454486,0.324929,7,0.198475,0,0.0
18,12,receiver_stage/6,5,8.454526,9.003371,0.548845,7,0.463261,0,0.0
18,24,receiver_stage/6,5,9.003481,9.172226,0.168745,7,0.060432,0,0.0
18,27,receiver_stage/6,5,9.172366,10.361758,1.189392,7,0.898735,1,0.188055
18,49,receiver_stage/6,5,10.362158,11.508849,1.146691,7,0.717447,1,0.244057
18,59,receiver_stage/6,5,11.509179,11.696254,0.187075,7,0.0853,0,0.0
18,60,receiver_stage/6,5,11.696324,11.814698,0.118374,7,0.053341,0,0.0
18,62,receiver_stage/6,5,11.814758,11.931791,0.117033,7,0.068151,0,0.0
18,65,receiver_stage/6,5,11.931861,12.116356,0.184495,7,0.131623,0,0.0
18,69,receiver_stage/6,5,12.116456,12.28249,0.166034,7,0.095991,0,0.0
18,75,receiver_stage/6,5,12.282601,12.467655,0.185054,7,0.151332,0,0.0
18,79,receiver_stage/6,5,12.467966,12.744033,0.276067,7,0.206535,0,0.0
18,85,receiver_stage/6,5,12.744123,12.840706,0.096583,6,0.0499,0,0.0
18,87,receiver_stage/6,5,12.840786,13.103253,0.262467,7,0.196965,0,0.0
18,92,receiver_stage/6,5,13.103353,13.237036,0.133683,7,0.086751,0,0.0
18,98,receiver_stage/6,5,13.237157,13.706439,0.469282,7,0.403142,0,0.0
18,107,receiver_stage/6,5,13.706489,14.280085,0.573596,7,0.42957,0,0.0
18,115,receiver_stage/6,5,14.280375,15.224911,0.944536,7,0.73452,0,0.0
18,119,receiver_stage/6,5,15.225001,17.073101,1.8481,1,0.301068,1,1.532142
18,124,receiver_stage/6,5,17.073161,17.376249,0.303088,7,0.225886,0,0.0
18,126,receiver_stage/6,5,17.376359,19.439266,2.062907,1,0.185385,1,1.870391
18,141,receiver_stage/6,5,19.439356,21.4312,1.991844,1,0.231416,1,1.749548
18,157,receiver_stage/6,5,21.43133,21.661106,0.229776,7,0.151351,0,0.0
18,158,receiver_stage/6,5,21.661226,22.953511,1.292285,7,0.819492,1,0.318479
18,0,receiver_stage/0,6,8.025024,13.432266,5.407242,5,2.994716,4,2.319535
18,103,receiver_stage/0,6,13.432376,13.714773,0.282397,7,0.237306,0,0.0
18,108,receiver_stage/0,6,13.714973,14.193906,0.478933,7,0.355108,0,0.0
18,114,receiver_stage/0,6,14.194236,15.079171,0.884935,7,0.75992,0,0.0
18,118,receiver_stage/0,6,15.079251,15.851382,0.772131,6,0.544216,1,0.162784
18,120,receiver_stage/0,6,15.851452,17.60724,1.755788,1,0.273217,1,1.473471
18,127,receiver_stage/0,6,17.60729,19.672516,2.065226,2,0.246076,1,1.802019
18,142,receiver_stage/0,6,19.672566,19.922423,0.249857,7,0.132735,0,0.0
18,143,receiver_stage/0,6,19.923033,20.141339,0.218306,7,0.145773,0,0.0
18,145,receiver_stage/0,6,20.141379,20.373925,0.232546,7,0.178756,0,0.0
18,147,receiver_stage/0,6,20.374005,20.56245,0.188445,7,0.097183,0,0.0
18,149,receiver_stage/0,6,20.56252,20.701874,0.139354,7,0.083163,0,0.0
18,150,receiver_stage/0,6,20.701924,20.896399,0.194475,7,0.107643,0,0.0
18,153,receiver_stage/0,6,20.896489,21.149116,0.252627,7,0.182676,0,0.0
18,156,receiver_stage/0,6,21.149176,23.032638,1.883462,2,0.267617,1,1.602364
18,3,receiver_stage/3,7,8.069525,8.911548,0.842023,6,0.565823,1,0.189866
18,23,receiver_stage/3,7,8.911608,9.118784,0.207176,7,0.125953,0,0.0
18,26,receiver_stage/3,7,9.118824,10.216024,1.0972,7,0.740731,1,0.160934
18,47,receiver_stage/3,7,10.216184,10.538073,0.321889,7,0.263338,0,0.0
18,51,receiver_stage/3,7,10.538263,10.682337,0.144074,4,0.069302,0,0.0
18,54,receiver_stage/3,7,10.682517,10.82511,0.142593,7,0.106063,0,0.0
18,56,receiver_stage/3,7,10.825251,11.89454,1.069289,7,0.550495,1,0.429702
18,64,receiver_stage/3,7,11.8946,12.077235,0.182635,7,0.131913,0,0.0
18,68,receiver_stage/3,7,12.077575,12.188998,0.111423,7,0.077073,0,0.0
18,72,receiver_stage/3,7,12.189088,13.124913,0.935825,7,0.7248,1,0.096032
18,94,receiver_stage/3,7,13.125003,13.258297,0.133294,7,0.0669,0,0.0
18,101,receiver_stage/3,7,13.258327,13.37243,0.114103,7,0.072612,0,0.0
18,102,receiver_stage/3,7,13.37245,13.437632,0.065182,7,0.03659,0,0.0
18,104,receiver_stage/3,7,13.437742,13.555375,0.117633,7,0.059611,0,0.0
18,106,receiver_stage/3,7,13.555425,13.7493,0.193875,7,0.080421,0,0.0
18,111,receiver_stage/3,7,13.74947,16.443984,2.694514,1,0.293578,1,2.393256
18,121,receiver_stage/3,7,16.444044,16.570077,0.126033,7,0.060061,0,0.0
18,123,receiver_stage/3,7,16.570137,18.229532,1.659395,7,1.176223,1,0.344029
18,133,receiver_stage/3,7,18.229612,22.53143,4.301818,1,0.627837,1,3.65752
18,159,receiver_stage/3,7,22.5315,23.837966,1.306466,7,0.864593,1,0.314039
18,6,receiver_stage/7,8,8.128951,8.47268,0.343729,7,0.237816,0,0.0
18,13,receiver_stage/7,8,8.472711,8.681706,0.208995,7,0.133332,0,0.0
18,16,receiver_stage/7,8,8.681726,8.736908,0.055182,4,0.017199,0,0.0
18,19,receiver_stage/7,8,8.737028,9.422216,0.685188,7,0.605527,0,0.0
18,33,receiver_stage/7,8,9.422416,9.590761,0.168345,7,0.070391,0,0.0
18,37,receiver_stage/7,8,9.591681,9.890629,0.298948,7,0.173926,0,0.0
18,41,receiver_stage/7,8,9.890939,10.057314,0.166375,7,0.102783,0,0.0
18,43,receiver_stage/7,8,10.057434,10.234829,0.177395,7,0.063652,0,0.0
18,48,receiver_stage/7,8,10.235249,10.799964,0.564715,7,0.508752,0,0.0
18,55,receiver_stage/7,8,10.800144,10.958558,0.158414,7,0.123064,0,0.0
18,58,receiver_stage/7,8,10.958718,12.281201,1.322483,6,0.969873,1,0.248177
18,74,receiver_stage/7,8,12.281351,12.387824,0.106473,7,0.060542,0,0.0
18,78,receiver_stage/7,8,12.387924,12.99768,0.609756,7,0.539825,0,0.0
18,89,receiver_stage/7,8,12.99779,13.239937,0.242147,7,0.159745,0,0.0
18,99,receiver_stage/7,8,13.240057,13.843003,0.602946,7,0.533204,0,0.0
18,112,receiver_stage/7,8,13.843333,14.10878,0.265447,7,0.132023,0,0.0
18,113,receiver_stage/7,8,14.10957,14.324356,0.214786,7,0.108434,0,0.0
18,116,receiver_stage/7,8,14.324846,17.223155,2.898309,1,0.284067,1,2.605891
18,125,receiver_stage/7,8,17.223285,17.779891,0.556606,7,0.470321,0,0.0
18,128,receiver_stage/7,8,17.780171,24.296408,6.516237,3,2.13808,3,4.311047
18,4,receiver_stage/4,9,8.087526,8.284101,0.196575,7,0.110502,0,0.0
18,8,receiver_stage/4,9,8.284211,8.783285,0.499074,4,0.435962,0,0.0
18,20,receiver_stage/4,9,8.783415,9.3317,0.548285,7,0.448974,0,0.0
18,29,receiver_stage/4,9,9.33192,9.426872,0.094952,7,0.04322,0,0.0
18,34,receiver_stage/4,9,9.426992,9.579856,0.152864,7,0.098762,0,0.0
18,36,receiver_stage/4,9,9.579886,10.07041,0.490524,7,0.39271,0,0.0
18,44,receiver_stage/4,9,10.07078,10.869842,0.799062,7,0.71971,0,0.0
18,57,receiver_stage/4,9,10.869902,11.777756,0.907854,7,0.579715,1,0.226906
18,61,receiver_stage/4,9,11.777816,11.890579,0.112763,7,0.060752,0,0.0
18,63,receiver_stage/4,9,11.89093,12.065134,0.174204,7,0.069351,0,0.0
18,67,receiver_stage/4,9,12.065184,12.216248,0.151064,7,0.106632,0,0.0
18,73,receiver_stage/4,9,12.216328,12.356782,0.140454,7,0.088182,0,0.0
18,77,receiver_stage/4,9,12.356872,12.673061,0.316189,8,0.049402,0,0.0
18,84,receiver_stage/4,9,12.673101,12.819215,0.146114,7,0.087872,0,0.0
18,86,receiver_stage/4,9,12.819305,13.043341,0.224036,7,0.122303,0,0.0
18,91,receiver_stage/4,9,13.043391,13.145814,0.102423,7,0.068111,0,0.0
18,96,receiver_stage/4,9,13.145844,18.106689,4.960845,7,1.685625,1,3.047273
18,131,receiver_stage/4,9,18.106759,18.564152,0.457393,7,0.390221,0,0.0
18,134,receiver_stage/4,9,18.564212,18.975603,0.411391,7,0.331879,0,0.0
18,137,receiver_stage/4,9,18.975793,19.140367,0.164574,6,0.100912,0,0.0
18,139,receiver_stage/4,9,19.140407,25.996124,6.855717,2,1.327276,2,5.49368
19,1,receiver_stage/1,2,7.710745,8.083835,0.37309,7,0.300118,0,0.0
19,11,receiver_stage/1,2,8.083876,8.744533,0.660657,7,0.582376,0,0.0
19,25,receiver_stage/1,2,8.744823,8.837356,0.092533,7,0.046721,0,0.0
19,27,receiver_stage/1,2,8.837386,9.128134,0.290748,7,0.182774,0,0.0
19,34,receiver_stage/1,2,9.128284,9.247537,0.119253,7,0.074762,0,0.0
19,38,receiver_stage/1,2,9.247687,9.520725,0.273038,7,0.166134,0,0.0
19,41,receiver_stage/1,2,9.520845,10.601804,1.080959,7,0.70273,1,0.241546
19,63,receiver_stage/1,2,10.601954,11.665503,1.063549,7,0.813122,1,0.113153
19,67,receiver_stage/1,2,11.665663,11.949361,0.283698,7,0.214526,0,0.0
19,74,receiver_stage/1,2,11.949551,12.368422,0.418871,7,0.309199,0,0.0
19,81,receiver_stage/1,2,12.368472,12.470115,0.101643,7,0.057751,0,0.0
19,86,receiver_stage/1,2,12.470185,12.681341,0.211156,7,0.144154,0,0.0
19,88,receiver_stage/1,2,12.681441,13.475432,0.793991,3,0.066152,1,0.711909
19,101,receiver_stage/1,2,13.475502,13.899904,0.424402,7,0.352448,0,0.0
19,102,receiver_stage/1,2,13.899934,14.177552,0.277618,7,0.209256,0,0.0
19,104,receiver_stage/1,2,14.177632,14.413028,0.235396,7,0.129212,0,0.0
19,105,receiver_stage/1,2,14.413308,14.627934,0.214626,7,0.10982,0,0.0
19,111,receiver_stage/1,2,14.628114,14.726407,0.098293,7,0.064482,0,0.0
19,114,receiver_stage/1,2,14.728867,14.949363,0.220496,7,0.086462,0,0.0
19,119,receiver_stage/1,2,14.949883,15.179519,0.229636,7,0.113564,0,0.0
19,124,receiver_stage/1,2,15.179629,15.477687,0.298058,7,0.251126,0,0.0
19,127,receiver_stage/1,2,15.477747,15.628471,0.150724,7,0.098801,0,0.0
19,130,receiver_stage/1,2,15.628501,15.908539,0.280038,7,0.206607,0,0.0
19,134,receiver_stage/1,2,15.908569,15.981481,0.072912,7,0.04716,0,0.0
19,136,receiver_stage/1,2,15.981641,18.961432,2.979791,1,0.462213,1,2.505668
19,152,receiver_stage/1,2,18.961472,20.412372,1.4509,7,0.991056,1,0.35454
19,7,receiver_stage/7,3,7.815134,8.253456,0.438322,7,0.246207,0,0.0
19,14,receiver_stage/7,3,8.253536,8.671347,0.417811,7,0.272387,0,0.0
19,21,receiver_stage/7,3,8.671457,8.924874,0.253417,6,0.191805,0,0.0
19,29,receiver_stage/7,3,8.924994,9.093788,0.168794,7,0.071362,0,0.0
19,33,receiver_stage/7,3,9.093978,9.219592,0.125614,7,0.078101,0,0.0
19,37,receiver_stage/7,3,9.219762,9.665539,0.445777,7,0.360144,0,0.0
19,42,receiver_stage/7,3,9.665759,11.254032,1.588273,7,1.197122,1,0.243317
19,64,receiver_stage/7,3,11.254102,11.754236,0.500134,7,0.412699,0,0.0
19,69,receiver_stage/7,3,11.754286,11.865749,0.111463,7,0.057611,0,0.0
19,72,receiver_stage/7,3,11.865889,12.432854,0.566965,7,0.498493,0,0.0
19,84,receiver_stage/7,3,12.433154,12.63891,0.205756,7,0.115413,0,0.0
19,87,receiver_stage/7,3,12.63907,12.858226,0.219156,7,0.154935,0,0.0
19,91,receiver_stage/7,3,12.858346,14.553612,1.695266,7,1.202522,1,0.35892
19,108,receiver_stage/7,3,14.553802,14.709297,0.155495,7,0.093462,0,0.0
19,113,receiver_stage/7,3,14.709387,14.886681,0.177294,7,0.097362,0,0.0
19,117,receiver_stage/7,3,14.887031,15.590421,0.70339,6,0.479254,1,0.163344
19,129,receiver_stage/7,3,15.590661,15.709794,0.119133,7,0.085263,0,0.0
19,133,receiver_stage/7,3,15.713874,16.932367,1.218493,7,0.814461,1,0.294918
19,138,receiver_stage/7,3,16.932447,17.153243,0.220796,7,0.148855,0,0.0
19,142,receiver_stage/7,3,17.153343,17.249596,0.096253,7,0.063942,0,0.0
19,144,receiver_stage/7,3,17.249666,18.086989,0.837323,7,0.565724,1,0.188475
19,151,receiver_stage/7,3,18.087039,19.328683,1.241644,7,0.766509,1,0.36532
19,154,receiver_stage/7,3,19.328753,19.504647,0.175894,7,0.104611,0,0.0
19,155,receiver_stage/7,3,19.504727,19.6111,0.106373,7,0.046701,0,0.0
19,156,receiver_stage/7,3,19.61143,19.758854,0.147424,7,0.084502,0,0.0
19,158,receiver_stage/7,3,19.758874,20.082573,0.323699,7,0.281388,0,0.0
19,3,receiver_stage/3,4,7.73003,8.531112,0.801082,6,0.522823,1,0.192085
19,17,receiver_stage/3,4,8.531162,8.82449,0.293328,7,0.145193,0,0.0
19,26,receiver_stage/3,4,8.82455,9.18085,0.3563,7,0.273598,0,0.0
19,36,receiver_stage/3,4,9.18095,9.940121,0.759171,7,0.692469,0,0.0
19,46,receiver_stage/3,4,9.940171,10.418204,0.478033,7,0.425172,0,0.0
19,57,receiver_stage/3,4,10.418384,10.547837,0.129453,7,0.062641,0,0.0
19,61,receiver_stage/3,4,10.547907,11.805261,1.257354,6,0.915514,1,0.247467
19,71,receiver_stage/3,4,11.805581,12.247974,0.442393,7,0.371209,0,0.0
19,80,receiver_stage/3,4,12.248164,12.402728,0.154564,7,0.089002,0,0.0
19,83,receiver_stage/3,4,12.402788,13.108617,0.705829,7,0.606396,0,0.0
19,94,receiver_stage/3,4,13.108687,13.241371,0.132684,7,0.086362,0,0.0
19,96,receiver_stage/3,4,13.241461,13.397235,0.155774,7,0.06275,0,0.0
19,99,receiver_stage/3,4,13.397425,14.975948,1.578523,1,0.208466,1,1.363567
19,120,receiver_stage/3,4,14.976028,20.745125,5.769097,1,0.831282,1,4.915794
19,6,receiver_stage/6,5,7.789268,8.140507,0.351239,7,0.236395,0,0.0
19,13,receiver_stage/6,5,8.140627,8.663161,0.522534,7,0.438971,0,0.0
19,20,receiver_stage/6,5,8.663192,8.716563,0.053371,4,0.01723,0,0.0
19,22,receiver_stage/6,5,8.716613,9.771241,1.054628,7,0.759441,1,0.179235
19,43,receiver_stage/6,5,9.771291,10.144181,0.37289,7,0.313308,0,0.0
19,48,receiver_stage/6,5,10.144291,10.255694,0.111403,7,0.056501,0,0.0
19,52,receiver_stage/6,5,10.255725,10.437109,0.181384,7,0.128324,0,0.0
19,58,receiver_stage/6,5,10.437149,12.021262,1.584113,7,1.075139,1,0.400551
19,75,receiver_stage/6,5,12.021332,12.440394,0.419062,7,0.304796,0,0.0
19,85,receiver_stage/6,5,12.440424,12.707651,0.267227,7,0.199335,0,0.0
19,89,receiver_stage/6,5,12.707831,12.808354,0.100523,7,0.053071,0,0.0
19,90,receiver_stage/6,5,12.808474,12.900656,0.092182,7,0.058062,0,0.0
19,92,receiver_stage/6,5,12.900736,14.51416,1.613424,7,1.146689,1,0.353599
19,107,receiver_stage/6,5,14.51426,14.565092,0.050832,6,0.01808,0,0.0
19,109,receiver_stage/6,5,14.565122,14.663135,0.098013,6,0.051832,0,0.0
19,112,receiver_stage/6,5,14.663665,14.794768,0.131103,7,0.067121,0,0.0
19,116,receiver_stage/6,5,14.794868,14.998274,0.203406,7,0.083033,0,0.0
19,121,receiver_stage/6,5,14.998604,20.787542,5.788938,2,0.879483,1,4.880924
19,0,receiver_stage/0,6,7.691384,13.138613,5.447229,5,2.899987,4,2.440656
19,95,receiver_stage/0,6,13.138663,13.255216,0.116553,7,0.063651,0,0.0
19,97,receiver_stage/0,6,13.255326,13.41077,0.155444,7,0.064252,0,0.0
19,100,receiver_stage/0,6,13.410801,13.992796,0.581995,7,0.514783,0,0.0
19,103,receiver_stage/0,6,13.992856,14.48283,0.489974,7,0.423112,0,0.0
19,106,receiver_stage/0,6,14.48297,14.575872,0.092902,7,0.040631,0,0.0
19,110,receiver_stage/0,6,14.575902,14.733856,0.157954,7,0.114032,0,0.0
19,115,receiver_stage/0,6,14.734296,15.136087,0.401791,7,0.328319,0,0.0
19,123,receiver_stage/0,6,15.136207,15.336983,0.200776,7,0.096833,0,0.0
19,125,receiver_stage/0,6,15.337083,15.474267,0.137184,7,0.082281,0,0.0
19,126,receiver_stage/0,6,15.474457,15.658432,0.183975,7,0.104503,0,0.0
19,131,receiver_stage/0,6,15.658482,15.924169,0.265687,7,0.192826,0,0.0
19,135,receiver_stage/0,6,15.924349,19.207268,3.282919,3,0.571696,1,2.682163
19,153,receiver_stage/0,6,19.207408,19.64099,0.433582,7,0.35898,0,0.0
19,157,receiver_stage/0,6,19.64135,19.837986,0.196636,7,0.098423,0,0.0
19,159,receiver_stage/0,6,19.838036,24.75717,4.919134,1,0.657378,1,4.239496
19,2,receiver_stage/2,7,7.722085,8.050084,0.327999,7,0.021439,0,0.0
19,10,receiver_stage/2,7,8.050124,8.423495,0.373371,7,0.293938,0,0.0
19,15,receiver_stage/2,7,8.424585,8.559178,0.134593,6,0.06324,0,0.0
19,18,receiver_stage/2,7,8.559208,8.722323,0.163115,7,0.059701,0,0.0
19,23,receiver_stage/2,7,8.722503,9.859164,1.136661,7,0.868074,1,0.177135
19,45,receiver_stage/2,7,9.859214,10.170852,0.311638,7,0.264147,0,0.0
19,50,receiver_stage/2,7,10.170942,10.320786,0.149844,7,0.064651,0,0.0
19,54,receiver_stage/2,7,10.320836,10.45293,0.132094,7,0.091212,0,0.0
19,59,receiver_stage/2,7,10.45297,11.501969,1.048999,7,0.594307,1,0.361409
19,66,receiver_stage/2,7,11.502099,12.153176,0.651077,7,0.567064,0,0.0
19,77,receiver_stage/2,7,12.153206,12.237529,0.084323,7,0.050342,0,0.0
19,78,receiver_stage/2,7,12.237689,17.06334,4.825651,7,1.630974,1,2.924769
19,139,receiver_stage/2,7,17.0634,17.287906,0.224506,7,0.150254,0,0.0
19,145,receiver_stage/2,7,17.288006,20.485514,3.197508,1,0.423071,1,2.761206
19,4,receiver_stage/4,8,7.748286,7.950861,0.202575,7,0.114092,0,0.0
19,8,receiver_stage/4,8,7.950981,8.440275,0.489294,4,0.414091,0,0.0
19,16,receiver_stage/4,8,8.440355,8.943809,0.503454,7,0.425703,0,0.0
19,30,receiver_stage/4,8,8.947529,9.093053,0.145524,7,0.099602,0,0.0
19,32,receiver_stage/4,8,9.093213,9.468513,0.3753,7,0.293227,0,0.0
19,40,receiver_stage/4,8,9.468673,9.781546,0.312873,7,0.181495,0,0.0
19,44,receiver_stage/4,8,9.781596,10.225058,0.443462,7,0.392371,0,0.0
19,51,receiver_stage/4,8,10.225088,10.388012,0.162924,7,0.119342,0,0.0
19,56,receiver_stage/4,8,10.388082,10.554667,0.166585,7,0.094313,0,0.0
19,62,receiver_stage/4,8,10.554697,11.77456,1.219863,7,0.933275,1,0.120563
19,70,receiver_stage/4,8,11.77463,12.1415,0.36687,7,0.281197,0,0.0
19,76,receiver_stage/4,8,12.14154,12.239113,0.097573,7,0.0583,0,0.0
19,79,receiver_stage/4,8,12.239393,17.099585,4.860192,7,1.676864,1,2.94017
19,140,receiver_stage/4,8,17.099645,17.378903,0.279258,7,0.206403,0,0.0
19,146,receiver_stage/4,8,17.378953,17.600339,0.221386,7,0.150085,0,0.0
19,147,receiver_stage/4,8,17.600409,17.753353,0.152944,6,0.101261,0,0.0
19,148,receiver_stage/4,8,17.753373,17.944808,0.191435,7,0.131203,0,0.0
19,149,receiver_stage/4,8,17.944828,20.781256,2.836428,1,0.448972,1,2.377435
19,5,receiver_stage/5,9,7.764147,7.982063,0.217916,7,0.126773,0,0.0
19,9,receiver_stage/5,9,7.982123,8.099176,0.117053,4,0.071301,0,0.0
19,12,receiver_stage/5,9,8.099216,8.597079,0.497863,7,0.41822,0,0.0
19,19,receiver_stage/5,9,8.59718,8.733023,0.135843,7,0.043761,0,0.0
19,24,receiver_stage/5,9,8.733083,8.850156,0.117073,7,0.068412,0,0.0
19,28,receiver_stage/5,9,8.850216,8.99786,0.147644,7,0.078292,0,0.0
19,31,receiver_stage/5,9,8.99795,9.160765,0.162815,7,0.098003,0,0.0
19,35,receiver_stage/5,9,9.161025,9.310509,0.149484,7,0.059652,0,0.0
19,39,receiver_stage/5,9,9.310539,10.005538,0.694999,7,0.616876,0,0.0
19,47,receiver_stage/5,9,10.005648,10.145851,0.140203,4,0.069152,0,0.0
19,49,receiver_stage/5,9,10.146121,10.259214,0.113093,7,0.066451,0,0.0
19,53,receiver_stage/5,9,10.259285,10.373428,0.114143,7,0.050192,0,0.0
19,55,receiver_stage/5,9,10.373518,10.483931,0.110413,7,0.077052,0,0.0
19,60,receiver_stage/5,9,10.484021,11.413636,0.929615,7,0.579224,1,0.250206
19,65,receiver_stage/5,9,11.413696,11.751545,0.337849,7,0.262378,0,0.0
19,68,receiver_stage/5,9,11.751745,11.900529,0.148784,7,0.088992,0,0.0
19,73,receiver_stage/5,9,11.900599,12.373452,0.472853,7,0.412741,0,0.0
19,82,receiver_stage/5,9,12.373722,13.01343,0.639708,7,0.553796,0,0.0
19,93,receiver_stage/5,9,13.01348,13.337528,0.324048,8,0.052001,0,0.0
19,98,receiver_stage/5,9,13.337588,14.905571,1.567983,1,0.211505,1,1.345577
19,118,receiver_stage/5,9,14.905601,15.111607,0.206006,7,0.110313,0,0.0
19,122,receiver_stage/5,9,15.111837,15.534158,0.422321,7,0.34867,0,0.0
19,128,receiver_stage/5,9,15.534218,15.674842,0.140624,7,0.076792,0,0.0
19,132,receiver_stage/5,9,15.674942,16.890455,1.215513,7,0.76897,1,0.306969
19,137,receiver_stage/5,9,16.890535,17.102691,0.212156,7,0.118433,0,0.0
19,141,receiver_stage/5,9,17.102811,17.216314,0.113503,7,0.078892,0,0.0
19,143,receiver_stage/5,9,17.216374,17.995255,0.778881,7,0.504912,1,0.178345
19,150,receiver_stage/5,9,17.995305,20.984887,2.989582,2,0.605666,1,2.365185
20,5,receiver_stage/5,2,6.717194,6.92811,0.210916,7,0.125744,0,0.0
20,9,receiver_stage/5,2,6.92826,7.112795,0.184535,4,0.145133,0,0.0
20,13,receiver_stage/5,2,7.113075,7.774873,0.661798,7,0.585707,0,0.0
20,24,receiver_stage/5,2,7.774923,7.968778,0.193855,7,0.098111,0,0.0
20,29,receiver_stage/5,2,7.969008,8.165664,0.196656,7,0.135864,0,0.0
20,34,receiver_stage/5,2,8.165834,8.499827,0.333993,7,0.254859,0,0.0
20,38,receiver_stage/5,2,8.499877,9.052602,0.552725,7,0.481533,0,0.0
20,47,receiver_stage/5,2,9.052962,9.3468,0.293838,7,0.211905,0,0.0
20,57,receiver_stage/5,2,9.34695,9.460483,0.113533,7,0.058821,0,0.0
20,59,receiver_stage/5,2,9.460723,11.246027,1.785304,7,1.11052,1,0.52992
20,72,receiver_stage/5,2,11.246137,11.818992,0.572855,7,0.407032,0,0.0
20,77,receiver_stage/5,2,11.819082,12.188673,0.369591,7,0.193665,0,0.0
20,85,receiver_stage/5,2,12.188773,12.539342,0.350569,7,0.213554,0,0.0
20,92,receiver_stage/5,2,12.539402,12.859731,0.320329,7,0.204796,0,0.0
20,97,receiver_stage/5,2,12.859851,13.114468,0.254617,7,0.171174,0,0.0
20,102,receiver_stage/5,2,13.114508,13.422796,0.308288,7,0.219466,0,0.0
20,104,receiver_stage/5,2,13.422906,14.326121,0.903215,7,0.820305,0,0.0
20,117,receiver_stage/5,2,14.326191,18.565627,4.239436,1,0.497064,1,3.729662
20,132,receiver_stage/5,2,18.565697,26.566705,8.001008,2,1.268814,1,6.696303
20,157,receiver_stage/5,2,26.566795,26.791481,0.224686,7,0.140193,0,0.0
20,158,receiver_stage/5,2,26.791511,26.955685,0.164174,7,0.106193,0,0.0
20,3,receiver_stage/3,3,6.687603,7.563487,0.875884,6,0.540445,1,0.248796
20,17,receiver_stage/3,3,7.563637,7.718152,0.154515,7,0.050171,0,0.0
20,21,receiver_stage/3,3,7.718242,7.892296,0.174054,6,0.126082,0,0.0
20,28,receiver_stage/3,3,7.892476,8.02639,0.133914,7,0.080801,0,0.0
20,32,receiver_stage/3,3,8.02726,8.480151,0.452891,7,0.200265,0,0.0
20,37,receiver_stage/3,3,8.480191,8.889923,0.409732,7,0.347099,0,0.0
20,42,receiver_stage/3,3,8.890083,9.053007,0.162924,7,0.114934,0,0.0
20,48,receiver_stage/3,3,9.053517,10.150967,1.09745,7,0.831401,1,0.108133
20,62,receiver_stage/3,3,10.151017,10.472841,0.321824,7,0.245702,0,0.0
20,64,receiver_stage/3,3,10.473011,10.702607,0.229596,7,0.155956,0,0.0
20,67,receiver_stage/3,3,10.702687,11.690194,0.987507,7,0.555085,1,0.35214
20,74,receiver_stage/3,3,11.690334,11.820818,0.130484,7,0.086592,0,0.0
20,78,receiver_stage/3,3,11.820898,12.002233,0.181335,7,0.068672,0,0.0
20,82,receiver_stage/3,3,12.002283,12.414744,0.412461,7,0.336778,0,0.0
20,88,receiver_stage/3,3,12.414834,12.64015,0.225316,7,0.159755,0,0.0
20,94,receiver_stage/3,3,12.64035,12.813715,0.173365,7,0.097982,0,0.0
20,95,receiver_stage/3,3,12.813735,12.904377,0.090642,7,0.039461,0,0.0
20,99,receiver_stage/3,3,12.904437,14.10888,1.204443,7,0.76327,1,0.34163
20,113,receiver_stage/3,3,14.109,14.334906,0.225906,7,0.150904,0,0.0
20,118,receiver_stage/3,3,14.338976,16.749762,2.410786,1,0.274557,1,2.128598
20,124,receiver_stage/3,3,16.750252,19.033824,2.283572,7,1.348766,1,0.72324
20,133,receiver_stage/3,3,19.033894,22.250242,3.216348,1,0.462312,1,2.740385
20,141,receiver_stage/3,3,22.250312,23.64026,1.389948,1,0.230577,1,1.146751
20,148,receiver_stage/3,3,23.64031,23.821015,0.180705,7,0.111903,0,0.0
20,151,receiver_stage/3,3,23.821075,24.683999,0.862924,6,0.685639,1,0.085372
20,152,receiver_stage/3,3,24.684319,26.033015,1.348696,6,1.177921,1,0.070202
20,155,receiver_stage/3,3,26.033125,27.007122,0.973997,7,0.739959,1,0.115653
20,0,receiver_stage/0,4,6.637356,11.701914,5.064558,5,2.504958,4,2.464768
20,75,receiver_stage/0,4,11.702014,11.815547,0.113533,7,0.072473,0,0.0
20,76,receiver_stage/0,4,11.815637,11.992052,0.176415,7,0.095113,0,0.0
20,81,receiver_stage/0,4,11.992132,12.219808,0.227676,7,0.116752,0,0.0
20,86,receiver_stage/0,4,12.219908,12.482625,0.262717,7,0.133763,0,0.0
20,91,receiver_stage/0,4,12.482675,12.902337,0.419662,7,0.331159,0,0.0
20,98,receiver_stage/0,4,12.902397,13.00466,0.102263,6,0.05151,0,0.0
20,101,receiver_stage/0,4,13.00469,13.137513,0.132823,7,0.068492,0,0.0
20,103,receiver_stage/0,4,13.137553,13.620737,0.483184,7,0.405851,0,0.0
20,105,receiver_stage/0,4,13.620797,13.885534,0.264737,7,0.184406,0,0.0
20,110,receiver_stage/0,4,13.885594,14.48789,0.602296,6,0.37492,1,0.173965
20,123,receiver_stage/0,4,14.48794,16.873765,2.385825,7,1.229152,1,0.759381
20,125,receiver_stage/0,4,16.873825,17.098651,0.224826,7,0.144892,0,0.0
20,127,receiver_stage/0,4,17.098681,17.293467,0.194786,7,0.130442,0,0.0
20,130,receiver_stage/0,4,17.293497,22.065607,4.77211,3,0.931285,1,3.788053
20,140,receiver_stage/0,4,22.065727,22.416906,0.351179,7,0.309827,0,0.0
20,144,receiver_stage/0,4,22.416956,27.102904,4.685948,3,0.753199,1,3.885676
20,1,receiver_stage/1,5,6.657997,7.017177,0.35918,7,0.290668,0,0.0
20,11,receiver_stage/1,5,7.017367,7.730926,0.713559,7,0.616187,0,0.0
20,22,receiver_stage/1,5,7.731016,8.858987,1.127971,7,0.803612,1,0.181415
20,41,receiver_stage/1,5,8.859077,9.006371,0.147294,7,0.062902,0,0.0
20,46,receiver_stage/1,5,9.006481,9.579916,0.573435,7,0.496132,0,0.0
20,60,receiver_stage/1,5,9.579997,11.037906,1.457909,7,0.999336,1,0.35028
20,69,receiver_stage/1,5,11.037966,11.438847,0.400881,7,0.336278,0,0.0
20,73,receiver_stage/1,5,11.438917,11.91811,0.479193,7,0.419182,0,0.0
20,80,receiver_stage/1,5,11.91822,12.177917,0.259697,7,0.134612,0,0.0
20,84,receiver_stage/1,5,12.177977,12.450335,0.272358,8,0.051031,0,0.0
20,90,receiver_stage/1,5,12.450365,13.697569,1.247204,7,0.828843,1,0.309849
20,107,receiver_stage/1,5,13.697659,13.797091,0.099432,7,0.065572,0,0.0
20,108,receiver_stage/1,5,13.797121,13.948135,0.151014,7,0.08648,0,0.0
20,111,receiver_stage/1,5,13.948165,14.140091,0.191926,7,0.116703,0,0.0
20,114,receiver_stage/1,5,14.140121,14.429849,0.289728,7,0.216797,0,0.0
20,122,receiver_stage/1,5,14.429989,21.465831,7.035842,2,1.674576,2,5.317225
20,136,receiver_stage/1,5,21.465901,21.8004,0.334499,7,0.282958,0,0.0
20,138,receiver_stage/1,5,21.80043,22.277103,0.476673,7,0.426252,0,0.0
20,142,receiver_stage/1,5,22.277163,23.695501,1.418338,3,0.283257,1,1.10915
20,149,receiver_stage/1,5,23.695661,26.475587,2.779926,7,2.104906,1,0.389341
20,156,receiver_stage/1,5,26.475697,29.758867,3.28317,1,0.460873,1,2.809377
20,4,receiver_stage/4,6,6.694337,6.896723,0.202386,7,0.114701,0,0.0
20,8,receiver_stage/4,6,6.896913,7.440788,0.543875,4,0.474783,0,0.0
20,16,receiver_stage/4,6,7.440978,7.781267,0.340289,7,0.084421,0,0.0
20,25,receiver_stage/4,6,7.781427,7.973952,0.192525,7,0.079002,0,0.0
20,30,receiver_stage/4,6,7.975003,8.391824,0.416821,7,0.327576,0,0.0
20,35,receiver_stage/4,6,8.392274,8.847546,0.455272,7,0.37591,0,0.0
20,40,receiver_stage/4,6,8.847636,8.946439,0.098803,7,0.050661,0,0.0
20,44,receiver_stage/4,6,8.946479,9.059262,0.112783,7,0.04989,0,0.0
20,49,receiver_stage/4,6,9.059292,10.053179,0.993887,7,0.76861,1,0.108393
20,61,receiver_stage/4,6,10.053249,10.255595,0.202346,7,0.116861,0,0.0
20,63,receiver_stage/4,6,10.255685,10.477521,0.221836,7,0.144603,0,0.0
20,65,receiver_stage/4,6,10.477581,10.628475,0.150894,7,0.100282,0,0.0
20,66,receiver_stage/4,6,10.628525,10.720307,0.091782,7,0.054211,0,0.0
20,68,receiver_stage/4,6,10.720337,11.243891,0.523554,7,0.464262,0,0.0
20,71,receiver_stage/4,6,11.243972,12.419674,1.175702,6,0.870264,1,0.217826
20,89,receiver_stage/4,6,12.419734,13.683578,1.263844,7,0.800651,1,0.308148
20,106,receiver_stage/4,6,13.683718,13.802881,0.119163,7,0.081971,0,0.0
20,109,receiver_stage/4,6,13.802911,13.948945,0.146034,7,0.081452,0,0.0
20,112,receiver_stage/4,6,13.949035,14.169741,0.220706,7,0.148484,0,0.0
20,116,receiver_stage/4,6,14.169771,14.407768,0.237997,7,0.204265,0,0.0
20,119,receiver_stage/4,6,14.407848,21.713327,7.305479,3,0.959907,1,6.292982
20,137,receiver_stage/4,6,21.713387,21.996855,0.283468,7,0.230706,0,0.0
20,139,receiver_stage/4,6,21.996915,22.341114,0.344199,7,0.305657,0,0.0
20,143,receiver_stage/4,6,22.341144,26.852287,4.511143,1,0.655267,1,3.839905
20,159,receiver_stage/4,6,26.852427,29.774077,2.92165,3,0.616497,1,2.268322
20,7,receiver_stage/7,7,6.756925,7.171226,0.414301,7,0.238846,0,0.0
20,14,receiver_stage/7,7,7.171296,7.68402,0.512724,7,0.428939,0,0.0
20,20,receiver_stage/7,7,7.68421,7.744172,0.059962,4,0.01823,0,0.0
20,23,receiver_stage/7,7,7.744792,9.201982,1.45719,7,0.936665,1,0.248627
20,52,receiver_stage/7,7,9.202262,9.307455,0.105193,7,0.062572,0,0.0
20,56,receiver_stage/7,7,9.307585,9.452569,0.144984,7,0.09303,0,0.0
20,58,receiver_stage/7,7,9.452929,11.046872,1.593943,7,1.058258,1,0.420621
20,70,receiver_stage/7,7,11.046912,11.885705,0.838793,7,0.561885,1,0.194715
20,79,receiver_stage/7,7,11.885735,12.058029,0.172294,7,0.070971,0,0.0
20,83,receiver_stage/7,7,12.058159,12.276075,0.217916,7,0.096532,0,0.0
20,87,receiver_stage/7,7,12.276175,12.561443,0.285268,7,0.212795,0,0.0
20,93,receiver_stage/7,7,12.561583,12.855811,0.294228,7,0.246407,0,0.0
20,96,receiver_stage/7,7,12.855871,12.904842,0.048971,6,0.01766,0,0.0
20,100,receiver_stage/7,7,12.904882,14.411103,1.506221,7,1.041196,1,0.35413
20,120,receiver_stage/7,7,14.411193,17.100967,2.689774,3,0.451871,1,2.20681
20,128,receiver_stage/7,7,17.101197,20.412267,3.31107,1,0.466103,1,2.824657
20,134,receiver_stage/7,7,20.412337,23.162422,2.750085,1,0.478843,1,2.256081
20,145,receiver_stage/7,7,23.162482,25.352012,2.18953,7,1.646224,1,0.264627
20,153,receiver_stage/7,7,25.352102,30.927094,5.574992,2,1.210393,2,4.324668
20,2,receiver_stage/2,8,6.662732,6.991361,0.328629,7,0.021149,0,0.0
20,10,receiver_stage/2,8,6.991781,7.382381,0.3906,7,0.297958,0,0.0
20,15,receiver_stage/2,8,7.382781,7.663259,0.280478,7,0.144113,0,0.0
20,19,receiver_stage/2,8,7.663709,7.849184,0.185475,6,0.082113,0,0.0
20,26,receiver_stage/2,8,7.849414,8.007328,0.157914,7,0.103042,0,0.0
20,31,receiver_stage/2,8,8.007609,8.468286,0.460677,7,0.352804,0,0.0
20,36,receiver_stage/2,8,8.468406,8.947639,0.479233,7,0.40889,0,0.0
20,45,receiver_stage/2,8,8.948059,9.099983,0.151924,4,0.071412,0,0.0
20,51,receiver_stage/2,8,9.101263,9.215936,0.114673,7,0.057632,0,0.0
20,53,receiver_stage/2,8,9.216246,9.304899,0.088653,7,0.050281,0,0.0
20,55,receiver_stage/2,8,9.305009,14.157055,4.852046,7,1.67984,1,2.93978
20,115,receiver_stage/2,8,14.157155,14.415792,0.258637,7,0.211226,0,0.0
20,121,receiver_stage/2,8,14.415822,16.977502,2.56168,1,0.37612,1,2.174229
20,126,receiver_stage/2,8,16.977682,17.159887,0.182205,6,0.108093,0,0.0
20,129,receiver_stage/2,8,17.159917,20.453237,3.29332,1,0.451622,1,2.831357
20,135,receiver_stage/2,8,20.453537,23.204132,2.750595,1,0.474893,1,2.261162
20,146,receiver_stage/2,8,23.204202,25.470194,2.265992,7,1.727436,1,0.262767
20,154,receiver_stage/2,8,25.470284,27.259583,1.789299,7,1.48998,1,0.117133
20,6,receiver_stage/6,9,6.730054,7.076564,0.34651,7,0.236866,0,0.0
20,12,receiver_stage/6,9,7.076924,7.630509,0.553585,7,0.462331,0,0.0
20,18,receiver_stage/6,9,7.630739,7.857115,0.226376,7,0.135343,0,0.0
20,27,receiver_stage/6,9,7.857235,8.04994,0.192705,7,0.108513,0,0.0
20,33,receiver_stage/6,9,8.05002,8.813686,0.763666,7,0.666262,0,0.0
20,39,receiver_stage/6,9,8.813726,8.945189,0.131463,7,0.061681,0,0.0
20,43,receiver_stage/6,9,8.945459,9.077403,0.131944,7,0.095742,0,0.0
20,50,receiver_stage/6,9,9.077853,9.245967,0.168114,7,0.092052,0,0.0
20,54,receiver_stage/6,9,9.246097,17.315582,8.069485,7,2.357839,1,5.369646
20,131,receiver_stage/6,9,17.315772,23.408858,6.093086,1,0.865063,1,5.207602
20,147,receiver_stage/6,9,23.408948,23.738727,0.329779,7,0.206345,0,0.0
20,150,receiver_stage/6,9,23.738857,27.894961,4.156104,7,3.161045,1,0.654197
21,6,receiver_stage/6,2,6.868688,7.801053,0.932365,7,0.717659,0,0.0
21,24,receiver_stage/6,2,7.801153,8.488142,0.686989,7,0.539804,0,0.0
21,36,receiver_stage/6,2,8.488382,13.440782,4.9524,7,1.705571,1,3.022833
21,98,receiver_stage/6,2,13.440822,13.609346,0.168524,7,0.096021,0,0.0
21,102,receiver_stage/6,2,13.609686,13.704259,0.094573,7,0.058521,0,0.0
21,103,receiver_stage/6,2,13.704349,13.793001,0.088652,7,0.051179,0,0.0
21,105,receiver_stage/6,2,13.793181,14.044308,0.251127,7,0.214054,0,0.0
21,106,receiver_stage/6,2,14.044428,14.502321,0.457893,7,0.411442,0,0.0
21,108,receiver_stage/6,2,14.502441,14.819769,0.317328,7,0.283257,0,0.0
21,110,receiver_stage/6,2,14.819839,14.988294,0.168455,7,0.05769,0,0.0
21,113,receiver_stage/6,2,14.988364,17.264726,2.276362,1,0.272877,1,1.996715
21,122,receiver_stage/6,2,17.264766,18.220782,0.956016,7,0.727018,1,0.100483
21,130,receiver_stage/6,2,18.220862,19.96766,1.746798,2,0.326628,1,1.405979
21,136,receiver_stage/6,2,19.96773,22.110108,2.142378,1,0.278758,1,1.85001
21,146,receiver_stage/6,2,22.110188,24.074882,1.964694,7,1.674415,1,0.112683
21,152,receiver_stage/6,2,24.074982,24.553275,0.478293,7,0.403291,0,0.0
21,155,receiver_stage/6,2,24.553625,26.778935,2.22531,2,0.318699,1,1.889671
21,1,receiver_stage/1,3,6.78269,7.16558,0.38289,7,0.304299,0,0.0
21,12,receiver_stage/1,3,7.16562,7.219311,0.053691,4,0.01736,0,0.0
21,13,receiver_stage/1,3,7.219332,7.383486,0.164154,6,0.122663,0,0.0
21,17,receiver_stage/1,3,7.383606,7.582581,0.198975,7,0.119082,0,0.0
21,22,receiver_stage/1,3,7.582691,8.25957,0.676879,7,0.595566,0,0.0
21,30,receiver_stage/1,3,8.25963,8.405274,0.145644,4,0.072321,0,0.0
21,34,receiver_stage/1,3,8.405484,9.478988,1.073504,7,0.812066,1,0.124594
21,43,receiver_stage/1,3,9.479518,9.703914,0.224396,7,0.156223,0,0.0
21,46,receiver_stage/1,3,9.705224,9.805067,0.099843,7,0.065463,0,0.0
21,48,receiver_stage/1,3,9.805097,10.332181,0.527084,7,0.462981,0,0.0
21,51,receiver_stage/1,3,10.332241,10.532127,0.199886,7,0.082432,0,0.0
21,55,receiver_stage/1,3,10.532197,11.37614,0.843943,7,0.557574,1,0.206136
21,64,receiver_stage/1,3,11.3762,11.656118,0.279918,7,0.180275,0,0.0
21,66,receiver_stage/1,3,11.656178,11.840813,0.184635,7,0.098612,0,0.0
21,69,receiver_stage/1,3,11.840883,12.030138,0.189255,7,0.119053,0,0.0
21,73,receiver_stage/1,3,12.030248,12.227043,0.196795,8,0.049872,0,0.0
21,74,receiver_stage/1,3,12.227063,12.373397,0.146334,7,0.105883,0,0.0
21,77,receiver_stage/1,3,12.373457,12.533391,0.159934,7,0.113432,0,0.0
21,83,receiver_stage/1,3,12.533462,14.821354,2.287892,7,1.337537,1,0.75675
21,111,receiver_stage/1,3,14.821434,15.091771,0.270337,7,0.172146,0,0.0
21,116,receiver_stage/1,3,15.091851,15.213685,0.121834,7,0.057701,0,0.0
21,117,receiver_stage/1,3,15.213755,17.914538,2.700783,7,2.045347,1,0.399441
21,126,receiver_stage/1,3,17.914828,18.134554,0.219726,7,0.146762,0,0.0
21,129,receiver_stage/1,3,18.134594,19.941064,1.80647,2,0.36075,1,1.426109
21,135,receiver_stage/1,3,19.941144,22.74554,2.804396,1,0.490783,1,2.298873
21,150,receiver_stage/1,3,22.74563,28.812195,6.066565,1,0.855613,1,5.188321
21,2,receiver_stage/2,4,6.796705,7.129844,0.333139,7,0.02229,0,0.0
21,10,receiver_stage/2,4,7.130024,7.34729,0.217266,7,0.139024,0,0.0
21,16,receiver_stage/2,4,7.3474,7.508634,0.161234,7,0.101333,0,0.0
21,20,receiver_stage/2,4,7.508674,7.907585,0.398911,7,0.306648,0,0.0
21,26,receiver_stage/2,4,7.907715,8.272065,0.36435,7,0.280978,0,0.0
21,31,receiver_stage/2,4,8.272115,8.375888,0.103773,7,0.058262,0,0.0
21,33,receiver_stage/2,4,8.376048,9.554695,1.178647,7,0.89428,1,0.123183
21,44,receiver_stage/2,4,9.555335,9.814802,0.259467,7,0.173804,0,0.0
21,49,receiver_stage/2,4,9.814912,11.261501,1.446589,7,0.976136,1,0.35945
21,62,receiver_stage/2,4,11.261561,12.533366,1.271805,7,0.833232,1,0.320079
21,82,receiver_stage/2,4,12.533446,14.791108,2.257662,7,1.234393,1,0.74837
21,109,receiver_stage/2,4,14.791208,14.995213,0.204005,7,0.130324,0,0.0
21,114,receiver_stage/2,4,14.995303,17.291376,2.296073,1,0.278998,1,2.010105
21,123,receiver_stage/2,4,17.291596,20.682768,3.391172,1,0.468763,1,2.903939
21,140,receiver_stage/2,4,20.683398,20.844323,0.160925,7,0.094421,0,0.0
21,141,receiver_stage/2,4,20.844383,21.716457,0.872074,6,0.67528,1,0.082873
21,145,receiver_stage/2,4,21.716507,23.006402,1.289895,7,0.993787,1,0.118463
21,151,receiver_stage/2,4,23.006502,25.916481,2.909979,2,0.342449,1,2.553199
21,158,receiver_stage/2,4,25.916551,26.216129,0.299578,7,0.208666,0,0.0
21,0,receiver_stage/0,5,6.761518,11.104491,4.342973,5,2.04855,4,2.20133
21,60,receiver_stage/0,5,11.104581,11.360638,0.256057,7,0.121443,0,0.0
21,63,receiver_stage/0,5,11.360728,11.699318,0.33859,7,0.261728,0,0.0
21,67,receiver_stage/0,5,11.699378,11.986405,0.287027,7,0.240555,0,0.0
21,72,receiver_stage/0,5,11.986515,12.260513,0.273998,7,0.199104,0,0.0
21,75,receiver_stage/0,5,12.260573,12.432298,0.171725,7,0.077472,0,0.0
21,79,receiver_stage/0,5,12.432468,12.676764,0.244296,7,0.165985,0,0.0
21,85,receiver_stage/0,5,12.676804,12.725986,0.049182,6,0.01802,0,0.0
21,88,receiver_stage/0,5,12.726026,12.857679,0.131653,7,0.067762,0,0.0
21,92,receiver_stage/0,5,12.857789,13.077645,0.219856,8,0.102513,0,0.0
21,94,receiver_stage/0,5,13.077725,13.773884,0.696159,7,0.614348,0,0.0
21,104,receiver_stage/0,5,13.773944,16.988022,3.214078,1,0.451803,1,2.749815
21,121,receiver_stage/0,5,16.988092,18.76856,1.780468,7,1.48082,1,0.100123
21,132,receiver_stage/0,5,18.76875,21.192068,2.423318,2,0.322329,1,2.084478
21,143,receiver_stage/0,5,21.192548,21.542026,0.349478,7,0.230924,0,0.0
21,144,receiver_stage/0,5,21.542376,22.180893,0.638517,7,0.562824,0,0.0
21,148,receiver_stage/0,5,22.181143,24.132297,1.951154,1,0.170624,1,1.770609
21,153,receiver_stage/0,5,24.132377,24.382464,0.250087,7,0.135635,0,0.0
21,154,receiver_stage/0,5,24.382674,26.511672,2.128998,1,0.295478,1,1.82179
21,7,receiver_stage/7,6,6.885637,7.321449,0.435812,7,0.246346,0,0.0
21,15,receiver_stage/7,6,7.321599,7.658729,0.33713,7,0.161913,0,0.0
21,23,receiver_stage/7,6,7.658859,8.08023,0.421371,7,0.317277,0,0.0
21,27,receiver_stage/7,6,8.08036,8.587124,0.506764,7,0.445803,0,0.0
21,37,receiver_stage/7,6,8.587214,8.802494,0.21528,7,0.110174,0,0.0
21,38,receiver_stage/7,6,8.802564,8.902797,0.100233,7,0.0558,0,0.0
21,39,receiver_stage/7,6,8.902917,9.050621,0.147704,7,0.089962,0,0.0
21,40,receiver_stage/7,6,9.051431,9.156774,0.105343,7,0.054581,0,0.0
21,41,receiver_stage/7,6,9.156984,9.3881,0.231116,7,0.123224,0,0.0
21,42,receiver_stage/7,6,9.38865,9.647497,0.258847,7,0.193343,0,0.0
21,45,receiver_stage/7,6,9.647527,9.763911,0.116384,7,0.076943,0,0.0
21,47,receiver_stage/7,6,9.764231,10.036428,0.272197,7,0.207644,0,0.0
21,50,receiver_stage/7,6,10.036518,10.442289,0.405771,7,0.335309,0,0.0
21,54,receiver_stage/7,6,10.442359,11.446346,1.003987,7,0.562646,1,0.354459
21,65,receiver_stage/7,6,11.446376,11.842687,0.396311,7,0.325559,0,0.0
21,70,receiver_stage/7,6,11.842757,12.269419,0.426662,7,0.348629,0,0.0
21,76,receiver_stage/7,6,12.269499,12.458694,0.189195,7,0.135252,0,0.0
21,81,receiver_stage/7,6,12.458754,12.762042,0.303288,7,0.229646,0,0.0
21,89,receiver_stage/7,6,12.762092,13.215625,0.453533,6,0.261828,1,0.147964
21,96,receiver_stage/7,6,13.215715,13.450321,0.234606,7,0.147134,0,0.0
21,99,receiver_stage/7,6,13.450401,17.79146,4.341059,1,0.489584,1,3.840085
21,124,receiver_stage/7,6,17.79171,18.012996,0.221286,7,0.138553,0,0.0
21,127,receiver_stage/7,6,18.013066,20.266127,2.253061,1,0.287638,1,1.955093
21,137,receiver_stage/7,6,20.266507,26.2471,5.980593,1,0.852673,1,5.095029
21,5,receiver_stage/5,7,6.850047,7.078083,0.228036,7,0.133842,0,0.0
21,9,receiver_stage/5,7,7.078203,7.556636,0.478433,4,0.420321,0,0.0
21,21,receiver_stage/5,7,7.556746,7.820854,0.264108,7,0.177233,0,0.0
21,25,receiver_stage/5,7,7.821004,8.318377,0.497373,7,0.433082,0,0.0
21,32,receiver_stage/5,7,8.318567,8.41167,0.093103,7,0.052401,0,0.0
21,35,receiver_stage/5,7,8.41191,13.300282,4.888372,7,1.669704,1,2.961381
21,97,receiver_stage/5,7,13.300372,13.537689,0.237317,7,0.164864,0,0.0
21,101,receiver_stage/5,7,13.537749,16.972422,3.434673,1,0.294168,1,3.130865
21,120,receiver_stage/5,7,16.972492,18.326379,1.353887,7,0.981376,1,0.231376
21,131,receiver_stage/5,7,18.326539,20.678823,2.352284,1,0.306118,1,2.036515
21,139,receiver_stage/5,7,20.678923,20.881159,0.202236,7,0.115443,0,0.0
21,142,receiver_stage/5,7,20.881779,22.283337,1.401558,6,1.187372,1,0.100713
21,149,receiver_stage/5,7,22.283407,25.553666,3.270259,1,0.479823,1,2.773945
21,156,receiver_stage/5,7,25.553706,31.029426,5.47572,1,0.88709,1,4.554519
21,4,receiver_stage/4,8,6.829531,7.047647,0.218116,7,0.116503,0,0.0
21,8,receiver_stage/4,8,7.047687,7.14963,0.101943,4,0.068013,0,0.0
21,11,receiver_stage/4,8,7.14972,7.277973,0.128253,6,0.064262,0,0.0
21,14,receiver_stage/4,8,7.278093,7.429957,0.151864,7,0.081691,0,0.0
21,18,receiver_stage/4,8,7.429987,8.216559,0.786572,7,0.602508,1,0.104123
21,29,receiver_stage/4,8,8.216819,10.350206,2.133387,1,0.172005,1,1.952652
21,52,receiver_stage/4,8,10.350286,10.536241,0.185955,7,0.078912,0,0.0
21,56,receiver_stage/4,8,10.536262,11.747184,1.210922,6,0.900173,1,0.205016
21,68,receiver_stage/4,8,11.747254,11.911189,0.163935,7,0.089572,0,0.0
21,71,receiver_stage/4,8,11.911289,12.414253,0.502964,7,0.420962,0,0.0
21,78,receiver_stage/4,8,12.414313,12.617438,0.203125,7,0.120793,0,0.0
21,84,receiver_stage/4,8,12.617538,12.707901,0.090363,7,0.04017,0,0.0
21,87,receiver_stage/4,8,12.707941,12.806723,0.098782,6,0.050531,0,0.0
21,90,receiver_stage/4,8,12.806803,13.118742,0.311939,7,0.267298,0,0.0
21,95,receiver_stage/4,8,13.118822,13.452621,0.333799,7,0.263827,0,0.0
21,100,receiver_stage/4,8,13.452711,15.908098,2.455387,1,0.272828,1,2.175649
21,119,receiver_stage/4,8,15.908218,19.147546,3.239328,7,2.794896,1,0.238157
21,133,receiver_stage/4,8,19.147606,19.403763,0.256157,7,0.223705,0,0.0
21,134,receiver_stage/4,8,19.403793,22.115297,2.711504,1,0.483303,1,2.21638
21,147,receiver_stage/4,8,22.115377,25.790888,3.675511,1,0.514544,1,3.144115
21,157,receiver_stage/4,8,25.791578,26.067325,0.275747,7,0.170023,0,0.0
21,159,receiver_stage/4,8,26.067545,26.288711,0.221166,7,0.154774,0,0.0
21,3,receiver_stage/3,9,6.8063,7.455188,0.648888,6,0.391462,1,0.172285
21,19,receiver_stage/3,9,7.455528,8.202268,0.74674,7,0.591694,1,0.085952
21,28,receiver_stage/3,9,8.202638,10.369497,2.166859,1,0.202116,1,1.949973
21,53,receiver_stage/3,9,10.369547,10.546752,0.177205,7,0.079512,0,0.0
21,57,receiver_stage/3,9,10.546782,10.782888,0.236106,7,0.133793,0,0.0
21,58,receiver_stage/3,9,10.782978,11.000194,0.217216,7,0.111702,0,0.0
21,59,receiver_stage/3,9,11.000304,11.20529,0.204986,7,0.110093,0,0.0
21,61,receiver_stage/3,9,11.20535,12.449594,1.244244,7,0.801553,1,0.301558
21,80,receiver_stage/3,9,12.449684,12.68559,0.235906,7,0.161165,0,0.0
21,86,receiver_stage/3,9,12.68569,12.833264,0.147574,7,0.088093,0,0.0
21,91,receiver_stage/3,9,12.833334,12.976578,0.143244,7,0.080161,0,0.0
21,93,receiver_stage/3,9,12.976708,14.489669,1.512961,1,0.075122,1,1.431489
21,107,receiver_stage/3,9,14.489709,14.86745,0.377741,7,0.328661,0,0.0
21,112,receiver_stage/3,9,14.86753,15.067515,0.199985,7,0.067672,0,0.0
21,115,receiver_stage/3,9,15.067535,15.226769,0.159234,7,0.096032,0,0.0
21,118,receiver_stage/3,9,15.226849,17.907542,2.680693,7,1.987333,1,0.388141
21,125,receiver_stage/3,9,17.908313,18.073007,0.164694,6,0.100583,0,0.0
21,128,receiver_stage/3,9,18.073057,20.317128,2.244071,2,0.33737,1,1.892081
21,138,receiver_stage/3,9,20.317208,26.428765,6.111557,2,0.926826,1,5.13143
22,6,receiver_stage/6,2,7.006251,7.372611,0.36636,7,0.248499,0,0.0
22,14,receiver_stage/6,2,7.372721,7.654679,0.281958,7,0.195824,0,0.0
22,21,receiver_stage/6,2,7.654809,7.751612,0.096803,7,0.05976,0,0.0
22,24,receiver_stage/6,2,7.751712,8.901747,1.150035,7,0.882398,1,0.127733
22,47,receiver_stage/6,2,8.902067,12.255599,3.353532,7,1.014698,1,2.19134
22,88,receiver_stage/6,2,12.255669,15.184549,2.92888,3,0.415131,1,2.481338
22,110,receiver_stage/6,2,15.184679,15.373194,0.188515,7,0.122432,0,0.0
22,112,receiver_stage/6,2,15.373224,15.59377,0.220546,7,0.146623,0,0.0
22,116,receiver_stage/6,2,15.59384,15.797055,0.203215,7,0.116863,0,0.0
22,119,receiver_stage/6,2,15.797275,15.993041,0.195766,7,0.127984,0,0.0
22,121,receiver_stage/6,2,15.993171,16.175776,0.182605,7,0.127982,0,0.0
22,123,receiver_stage/6,2,16.175906,20.117873,3.941967,1,0.507394,1,3.421823
22,137,receiver_stage/6,2,20.121793,20.423761,0.301968,7,0.191914,0,0.0
22,138,receiver_stage/6,2,20.424152,20.806022,0.38187,7,0.297018,0,0.0
22,139,receiver_stage/6,2,20.806322,21.058969,0.252647,7,0.180293,0,0.0
22,141,receiver_stage/6,2,21.059029,26.204179,5.14515,2,0.951837,1,4.154933
22,7,receiver_stage/7,3,7.011501,7.243448,0.231947,7,0.135122,0,0.0
22,10,receiver_stage/7,3,7.243568,7.378101,0.134533,6,0.066632,0,0.0
22,15,receiver_stage/7,3,7.378131,8.235315,0.857184,7,0.73922,0,0.0
22,36,receiver_stage/7,3,8.236005,13.898989,5.662984,8,2.754555,3,2.705944
22,96,receiver_stage/7,3,13.899349,14.332721,0.433372,7,0.348709,0,0.0
22,103,receiver_stage/7,3,14.332841,16.382902,2.050061,1,0.220161,1,1.82017
22,125,receiver_stage/7,3,16.383012,18.356546,1.973534,1,0.192745,1,1.769529
22,130,receiver_stage/7,3,18.356676,22.336549,3.979873,1,0.449882,1,3.512471
22,148,receiver_stage/7,3,22.336599,22.855303,0.518704,7,0.43925,0,0.0
22,153,receiver_stage/7,3,22.863834,25.767013,2.903179,2,0.437682,1,2.446227
22,3,receiver_stage/3,4,6.946119,7.660378,0.714259,4,0.497484,1,0.157955
22,22,receiver_stage/3,4,7.660528,7.752611,0.092083,7,0.052882,0,0.0
22,25,receiver_stage/3,4,7.752741,7.893044,0.140303,7,0.088302,0,0.0
22,28,receiver_stage/3,4,7.893165,8.006097,0.112932,7,0.057841,0,0.0
22,31,receiver_stage/3,4,8.006307,8.266535,0.260228,7,0.194316,0,0.0
22,38,receiver_stage/3,4,8.266655,8.46544,0.198785,7,0.080441,0,0.0
22,41,receiver_stage/3,4,8.46568,8.769508,0.303828,7,0.124723,0,0.0
22,44,receiver_stage/3,4,8.769668,9.018435,0.248767,7,0.174913,0,0.0
22,49,receiver_stage/3,4,9.018485,9.246781,0.228296,7,0.116133,0,0.0
22,53,receiver_stage/3,4,9.246922,9.397905,0.150983,7,0.083763,0,0.0
22,55,receiver_stage/3,4,9.398136,9.5579,0.159764,7,0.111051,0,0.0
22,58,receiver_stage/3,4,9.55795,9.788906,0.230956,7,0.172313,0,0.0
22,61,receiver_stage/3,4,9.788936,9.94917,0.160234,7,0.112333,0,0.0
22,65,receiver_stage/3,4,9.949431,10.055243,0.105812,7,0.074371,0,0.0
22,67,receiver_stage/3,4,10.055323,10.273379,0.218056,7,0.144913,0,0.0
22,69,receiver_stage/3,4,10.27352,10.504076,0.230556,7,0.178696,0,0.0
22,71,receiver_stage/3,4,10.504186,10.914402,0.410216,7,0.322213,0,0.0
22,76,receiver_stage/3,4,10.914482,13.285867,2.371385,3,0.208054,1,2.142019
22,94,receiver_stage/3,4,13.286237,13.584145,0.297908,7,0.236968,0,0.0
22,95,receiver_stage/3,4,13.584605,14.070958,0.486353,7,0.42248,0,0.0
22,98,receiver_stage/3,4,14.071018,14.211392,0.140374,7,0.089002,0,0.0
22,101,receiver_stage/3,4,14.211452,14.342305,0.130853,7,0.076371,0,0.0
22,104,receiver_stage/3,4,14.342495,16.423012,2.080517,2,0.224196,1,1.84431
22,126,receiver_stage/3,4,16.423162,18.699084,2.275922,1,0.121493,1,2.139558
22,134,receiver_stage/3,4,18.699214,20.912385,2.213171,2,0.327409,1,1.862811
22,140,receiver_stage/3,4,20.912555,21.200962,0.288407,7,0.193795,0,0.0
22,142,receiver_stage/3,4,21.201002,27.279928,6.078926,2,1.633815,1,4.40554
22,0,receiver_stage/0,5,6.910843,7.298983,0.38814,7,0.299358,0,0.0
22,12,receiver_stage/0,5,7.299004,7.467158,0.168154,6,0.118644,0,0.0
22,18,receiver_stage/0,5,7.467468,7.891979,0.424511,7,0.375969,0,0.0
22,27,receiver_stage/0,5,7.892199,8.027683,0.135484,7,0.088882,0,0.0
22,32,receiver_stage/0,5,8.027713,8.235899,0.208186,7,0.141823,0,0.0
22,37,receiver_stage/0,5,8.236099,8.665135,0.429036,7,0.357963,0,0.0
22,43,receiver_stage/0,5,8.665225,8.977333,0.312108,7,0.229448,0,0.0
22,48,receiver_stage/0,5,8.977493,9.22655,0.249057,7,0.135012,0,0.0
22,52,receiver_stage/0,5,9.22666,9.503318,0.276658,7,0.230226,0,0.0
22,57,receiver_stage/0,5,9.503568,9.838847,0.335279,7,0.294729,0,0.0
22,63,receiver_stage/0,5,9.839107,11.078291,1.239184,6,0.921555,1,0.223556
22,80,receiver_stage/0,5,11.082531,11.254755,0.172224,7,0.058091,0,0.0
22,83,receiver_stage/0,5,11.254855,13.097146,1.842291,3,0.237086,1,1.587324
22,93,receiver_stage/0,5,13.097366,14.082602,0.985236,7,0.727229,1,0.101183
22,99,receiver_stage/0,5,14.082962,14.194926,0.111964,7,0.064762,0,0.0
22,100,receiver_stage/0,5,14.195196,17.3078,3.112604,1,0.283788,1,2.817456
22,127,receiver_stage/0,5,17.30784,21.748972,4.441132,2,0.617646,1,3.788344
22,145,receiver_stage/0,5,21.749342,22.384299,0.634957,7,0.544044,0,0.0
22,150,receiver_stage/0,5,22.384349,22.765769,0.38142,7,0.306297,0,0.0
22,151,receiver_stage/0,5,22.765819,23.233342,0.467523,7,0.412639,0,0.0
22,155,receiver_stage/0,5,23.233532,29.514503,6.280971,1,0.892284,1,5.351726
22,4,receiver_stage/4,6,6.957754,7.16859,0.210836,7,0.113523,0,0.0
22,8,receiver_stage/4,6,7.16872,7.642273,0.473553,4,0.411292,0,0.0
22,19,receiver_stage/4,6,7.642383,7.954201,0.311818,7,0.264817,0,0.0
22,30,receiver_stage/4,6,7.954301,8.169097,0.214796,7,0.1172,0,0.0
22,35,receiver_stage/4,6,8.169287,8.62732,0.458033,7,0.392391,0,0.0
22,42,receiver_stage/4,6,8.62735,8.897907,0.270557,7,0.138244,0,0.0
22,46,receiver_stage/4,6,8.897997,9.072492,0.174495,7,0.073011,0,0.0
22,51,receiver_stage/4,6,9.072712,9.271417,0.198705,7,0.100322,0,0.0
22,54,receiver_stage/4,6,9.271457,10.833085,1.561628,7,1.035963,1,0.408861
22,74,receiver_stage/4,6,10.833165,11.012699,0.179534,7,0.111703,0,0.0
22,78,receiver_stage/4,6,11.01279,12.362646,1.349856,7,0.958586,1,0.239437
22,89,receiver_stage/4,6,12.362766,12.544321,0.181555,7,0.113394,0,0.0
22,90,receiver_stage/4,6,12.544371,12.644714,0.100343,6,0.06016,0,0.0
22,91,receiver_stage/4,6,12.644844,12.778178,0.133334,7,0.068771,0,0.0
22,92,receiver_stage/4,6,12.778298,14.70661,1.928312,7,1.551891,1,0.110833
22,109,receiver_stage/4,6,14.70673,15.4354,0.72867,7,0.672187,0,0.0
22,113,receiver_stage/4,6,15.43546,17.712072,2.276612,2,0.233057,1,2.028655
22,128,receiver_stage/4,6,17.712152,23.084349,5.372197,2,0.531074,1,4.813622
22,154,receiver_stage/4,6,23.084889,23.452149,0.36726,7,0.227727,0,0.0
22,156,receiver_stage/4,6,23.453129,24.315662,0.862533,7,0.76386,0,0.0
22,157,receiver_stage/4,6,24.316242,24.854207,0.537965,7,0.484825,0,0.0
22,158,receiver_stage/4,6,24.854497,27.028581,2.174084,7,1.700399,1,0.173435
22,2,receiver_stage/2,7,6.934554,7.455158,0.520604,6,0.277307,1,0.167254
22,17,receiver_stage/2,7,7.455248,7.848508,0.39326,7,0.334439,0,0.0
22,26,receiver_stage/2,7,7.848548,7.950921,0.102373,7,0.057081,0,0.0
22,29,receiver_stage/2,7,7.951001,8.094455,0.143454,4,0.073811,0,0.0
22,33,receiver_stage/2,7,8.094635,8.335822,0.241187,7,0.162133,0,0.0
22,39,receiver_stage/2,7,8.335942,9.615727,1.279785,7,0.810242,1,0.321109
22,59,receiver_stage/2,7,9.615767,10.654605,1.038838,7,0.569234,1,0.379241
22,72,receiver_stage/2,7,10.654675,10.895422,0.240747,7,0.154634,0,0.0
22,75,receiver_stage/2,7,10.895452,11.021025,0.125573,7,0.056211,0,0.0
22,79,receiver_stage/2,7,11.021085,11.22114,0.200055,7,0.126412,0,0.0
22,82,receiver_stage/2,7,11.22119,11.407016,0.185826,7,0.064562,0,0.0
22,85,receiver_stage/2,7,11.407136,11.455137,0.048001,6,0.017769,0,0.0
22,87,receiver_stage/2,7,11.455167,14.357846,2.902679,7,2.149268,1,0.421981
22,105,receiver_stage/2,7,14.357936,15.583729,1.225793,7,0.941463,1,0.113894
22,115,receiver_stage/2,7,15.583809,15.729473,0.145664,7,0.079151,0,0.0
22,118,receiver_stage/2,7,15.729574,18.489589,2.760015,1,0.352139,1,2.399136
22,131,receiver_stage/2,7,18.489719,18.698544,0.208825,7,0.113032,0,0.0
22,133,receiver_stage/2,7,18.698574,20.031601,1.333027,6,1.153003,1,0.078792
22,136,receiver_stage/2,7,20.031661,25.076518,5.044857,1,0.726995,1,4.300922
22,159,receiver_stage/2,7,25.077048,26.97603,1.898982,7,1.48623,1,0.189025
22,5,receiver_stage/5,8,6.982835,7.200971,0.218136,7,0.127385,0,0.0
22,9,receiver_stage/5,8,7.201091,7.417147,0.216056,7,0.137723,0,0.0
22,16,receiver_stage/5,8,7.417257,7.648613,0.231356,7,0.154625,0,0.0
22,20,receiver_stage/5,8,7.648683,8.138986,0.490303,7,0.440561,0,0.0
22,34,receiver_stage/5,8,8.139106,8.381243,0.242137,7,0.184295,0,0.0
22,40,receiver_stage/5,8,8.381383,9.654778,1.273395,7,0.836382,1,0.319459
22,60,receiver_stage/5,8,9.654928,9.843733,0.188805,7,0.123994,0,0.0
22,64,receiver_stage/5,8,9.843763,9.969266,0.125503,7,0.082132,0,0.0
22,66,receiver_stage/5,8,9.969306,10.181442,0.212136,7,0.127533,0,0.0
22,68,receiver_stage/5,8,10.181572,10.381638,0.200066,7,0.139615,0,0.0
22,70,receiver_stage/5,8,10.382808,11.118397,0.735589,7,0.617764,0,0.0
22,81,receiver_stage/5,8,11.118477,11.360844,0.242367,7,0.146183,0,0.0
22,84,receiver_stage/5,8,11.360944,11.452537,0.091593,7,0.04017,0,0.0
22,86,receiver_stage/5,8,11.452567,14.283244,2.830677,7,2.17044,1,0.384651
22,102,receiver_stage/5,8,14.283334,14.386267,0.102933,7,0.054582,0,0.0
22,106,receiver_stage/5,8,14.386297,16.231027,1.84473,7,1.577424,1,0.111743
22,124,receiver_stage/5,8,16.231097,18.272553,2.041456,1,0.193505,1,1.840001
22,129,receiver_stage/5,8,18.272653,21.601113,3.32846,1,0.472473,1,2.838137
22,144,receiver_stage/5,8,21.601483,21.950263,0.34878,7,0.248077,0,0.0
22,146,receiver_stage/5,8,21.950403,22.096007,0.145604,7,0.08345,0,0.0
22,147,receiver_stage/5,8,22.096557,22.383925,0.287368,7,0.154573,0,0.0
22,149,receiver_stage/5,8,22.383975,22.806636,0.422661,7,0.348549,0,0.0
22,152,receiver_stage/5,8,22.807626,25.964462,3.156836,2,0.35705,1,2.770135
22,1,receiver_stage/1,9,6.920613,7.254502,0.333889,7,0.026661,0,0.0
22,11,receiver_stage/1,9,7.254612,7.308123,0.053511,4,0.017911,0,0.0
22,13,receiver_stage/1,9,7.308153,7.693794,0.385641,7,0.302407,0,0.0
22,23,receiver_stage/1,9,7.693824,8.831505,1.137681,7,0.822413,1,0.154574
22,45,receiver_stage/1,9,8.831545,9.02359,0.192045,7,0.075322,0,0.0
22,50,receiver_stage/1,9,9.02401,9.423261,0.399251,7,0.316078,0,0.0
22,56,receiver_stage/1,9,9.423481,9.833002,0.409521,7,0.33739,0,0.0
22,62,receiver_stage/1,9,9.833062,10.725477,0.892415,7,0.583225,1,0.220186
22,73,receiver_stage/1,9,10.725537,10.960133,0.234596,7,0.165835,0,0.0
22,77,receiver_stage/1,9,10.960223,14.065578,3.105355,7,2.700714,1,0.221426
22,97,receiver_stage/1,9,14.065768,14.404297,0.338529,7,0.294858,0,0.0
22,107,receiver_stage/1,9,14.404377,14.658744,0.254367,7,0.165194,0,0.0
22,108,receiver_stage/1,9,14.658864,15.25222,0.593356,7,0.530914,0,0.0
22,111,receiver_stage/1,9,15.2523,15.518877,0.266577,7,0.196475,0,0.0
22,114,receiver_stage/1,9,15.518978,15.650331,0.131353,7,0.080742,0,0.0
22,117,receiver_stage/1,9,15.650361,15.894448,0.244087,7,0.160925,0,0.0
22,120,receiver_stage/1,9,15.894478,16.053762,0.159284,6,0.099102,0,0.0
22,122,receiver_stage/1,9,16.053792,18.597701,2.543909,1,0.275928,1,2.258641
22,132,receiver_stage/1,9,18.597831,19.433974,0.836143,6,0.659398,1,0.078952
22,135,receiver_stage/1,9,19.434014,21.308826,1.874812,2,0.33392,1,1.526122
22,143,receiver_stage/1,9,21.308956,37.982834,16.673878,8,9.741469,7,6.667451
23,1,receiver_stage/1,2,6.42695,6.627796,0.200846,7,0.118864,0,0.0
23,9,receiver_stage/1,2,6.628056,7.010946,0.38289,7,0.301487,0,0.0
23,18,receiver_stage/1,2,7.011056,7.480629,0.469573,7,0.419109,0,0.0
23,27,receiver_stage/1,2,7.480649,7.693485,0.212836,7,0.080062,0,0.0
23,32,receiver_stage/1,2,7.693515,8.082135,0.38862,7,0.307538,0,0.0
23,42,receiver_stage/1,2,8.082366,9.631508,1.549142,7,1.01279,1,0.417641
23,64,receiver_stage/1,2,9.631638,9.984877,0.353239,7,0.307607,0,0.0
23,71,receiver_stage/1,2,9.984967,10.295746,0.310779,7,0.228687,0,0.0
23,74,receiver_stage/1,2,10.295826,10.480291,0.184465,7,0.125682,0,0.0
23,76,receiver_stage/1,2,10.480351,10.575704,0.095353,7,0.06494,0,0.0
23,79,receiver_stage/1,2,10.575794,10.788469,0.212675,7,0.118653,0,0.0
23,82,receiver_stage/1,2,10.788549,10.836331,0.047782,6,0.01759,0,0.0
23,84,receiver_stage/1,2,10.836371,10.975955,0.139584,7,0.085812,0,0.0
23,87,receiver_stage/1,2,10.976045,11.18197,0.205925,7,0.092482,0,0.0
23,92,receiver_stage/1,2,11.18209,11.482828,0.300738,7,0.196316,0,0.0
23,93,receiver_stage/1,2,11.482898,11.708414,0.225516,7,0.142932,0,0.0
23,95,receiver_stage/1,2,11.708814,11.89277,0.183956,7,0.129384,0,0.0
23,98,receiver_stage/1,2,11.89286,12.160127,0.267267,7,0.130103,0,0.0
23,99,receiver_stage/1,2,12.160177,12.390223,0.230046,7,0.107872,0,0.0
23,100,receiver_stage/1,2,12.390353,12.605019,0.214666,7,0.109772,0,0.0
23,101,receiver_stage/1,2,12.605189,12.773874,0.168685,7,0.05104,0,0.0
23,102,receiver_stage/1,2,12.774194,15.697603,2.923409,2,0.502364,1,2.398945
23,121,receiver_stage/1,2,15.697693,19.031524,3.333831,8,2.275212,3,0.891454
23,126,receiver_stage/1,2,19.031784,21.915033,2.883249,1,0.453892,1,2.418416
23,133,receiver_stage/1,2,21.915103,26.693343,4.77824,1,0.679829,1,4.079841
23,154,receiver_stage/1,2,26.693403,32.209519,5.516116,2,0.887803,1,4.591551
23,0,receiver_stage/0,3,6.41836,7.984143,1.565783,5,0.165093,1,1.348837
23,40,receiver_stage/0,3,7.984363,8.278451,0.294088,7,0.167105,0,0.0
23,45,receiver_stage/0,3,8.278551,8.526128,0.247577,7,0.157615,0,0.0
23,48,receiver_stage/0,3,8.527528,9.389941,0.862413,7,0.557105,1,0.211236
23,62,receiver_stage/0,3,9.390441,9.644958,0.254517,7,0.213805,0,0.0
23,65,receiver_stage/0,3,9.645078,9.948306,0.303228,7,0.277897,0,0.0
23,69,receiver_stage/0,3,9.948346,10.190368,0.242022,7,0.148203,0,0.0
23,72,receiver_stage/0,3,10.190438,10.436645,0.246207,7,0.165563,0,0.0
23,75,receiver_stage/0,3,10.436735,10.559428,0.122693,7,0.083751,0,0.0
23,78,receiver_stage/0,3,10.559478,10.704502,0.145024,7,0.076893,0,0.0
23,81,receiver_stage/0,3,10.704562,10.804135,0.099573,7,0.040851,0,0.0
23,83,receiver_stage/0,3,10.804165,10.938489,0.134324,7,0.069111,0,0.0
23,86,receiver_stage/0,3,10.938569,13.844398,2.905829,2,0.234476,1,2.658713
23,109,receiver_stage/0,3,13.844468,14.082584,0.238116,7,0.147103,0,0.0
23,114,receiver_stage/0,3,14.082634,14.935958,0.853324,6,0.685437,1,0.081623
23,119,receiver_stage/0,3,14.936028,20.908781,5.972753,1,0.841263,1,5.11103
23,130,receiver_stage/0,3,20.908831,22.046892,1.138061,7,0.744361,1,0.204655
23,134,receiver_stage/0,3,22.046952,22.423222,0.37627,7,0.248907,0,0.0
23,135,receiver_stage/0,3,22.423322,22.666478,0.243156,7,0.135543,0,0.0
23,136,receiver_stage/0,3,22.666578,22.909275,0.242697,7,0.133522,0,0.0
23,137,receiver_stage/0,3,22.909325,23.241754,0.332429,7,0.236367,0,0.0
23,139,receiver_stage/0,3,23.241844,25.996799,2.754955,1,0.476013,1,2.269202
23,150,receiver_stage/0,3,25.996869,28.757535,2.760666,2,0.37581,1,2.355865
23,158,receiver_stage/0,3,28.757585,29.174206,0.416621,7,0.276917,0,0.0
23,6,receiver_stage/6,4,6.495767,8.80796,2.312193,3,0.34914,1,1.926903
23,52,receiver_stage/6,4,8.80807,9.058667,0.250597,7,0.164785,0,0.0
23,57,receiver_stage/6,4,9.059077,9.281133,0.222056,7,0.071581,0,0.0
23,60,receiver_stage/6,4,9.281423,11.163974,1.882551,7,1.602291,1,0.105273
23,91,receiver_stage/6,4,11.164094,13.475857,2.311763,1,0.270567,1,2.031845
23,105,receiver_stage/6,4,13.475937,13.92257,0.446633,7,0.380001,0,0.0
23,111,receiver_stage/6,4,13.9226,14.30351,0.38091,7,0.32988,0,0.0
23,116,receiver_stage/6,4,14.30358,16.975553,2.671973,2,0.308449,1,2.345134
23,124,receiver_stage/6,4,16.975613,21.231249,4.255636,2,0.658598,1,3.570898
23,131,receiver_stage/6,4,21.231349,24.153059,2.92171,3,0.534055,1,2.352995
23,141,receiver_stage/6,4,24.153149,26.197254,2.044105,7,1.330856,1,0.527064
23,151,receiver_stage/6,4,26.197724,28.944399,2.746675,2,0.350788,1,2.380495
23,159,receiver_stage/6,4,28.944549,29.230507,0.285958,7,0.156763,0,0.0
23,7,receiver_stage/7,5,6.517193,6.77492,0.257727,7,0.161595,0,0.0
23,12,receiver_stage/7,5,6.77504,7.007336,0.232296,7,0.158554,0,0.0
23,17,receiver_stage/7,5,7.007606,7.330415,0.322809,7,0.266228,0,0.0
23,23,receiver_stage/7,5,7.330525,7.601843,0.271318,7,0.203186,0,0.0
23,30,receiver_stage/7,5,7.602083,7.910011,0.307928,7,0.236417,0,0.0
23,37,receiver_stage/7,5,7.910271,8.61529,0.705019,7,0.478873,1,0.125463
23,51,receiver_stage/7,5,8.61558,8.866537,0.250957,7,0.158062,0,0.0
23,55,receiver_stage/7,5,8.867027,9.088173,0.221146,7,0.078752,0,0.0
23,59,receiver_stage/7,5,9.088333,11.889959,2.801626,7,2.113957,1,0.387401
23,97,receiver_stage/7,5,11.889999,13.670498,1.780499,7,1.388747,1,0.170645
23,107,receiver_stage/7,5,13.670598,13.941045,0.270447,7,0.199144,0,0.0
23,112,receiver_stage/7,5,13.941075,14.294935,0.35386,7,0.302728,0,0.0
23,115,receiver_stage/7,5,14.294995,15.605371,1.310376,6,1.125061,1,0.080602
23,120,receiver_stage/7,5,15.605501,15.94277,0.337269,7,0.249146,0,0.0
23,123,receiver_stage/7,5,15.94285,23.072234,7.129384,1,0.831042,1,6.276961
23,138,receiver_stage/7,5,23.072314,25.770418,2.698104,1,0.470743,1,2.20976
23,149,receiver_stage/7,5,25.770468,26.595291,0.824823,7,0.551877,1,0.171574
23,153,receiver_stage/7,5,26.595391,26.718114,0.122723,7,0.070952,0,0.0
23,155,receiver_stage/7,5,26.718144,32.095945,5.377801,2,0.870505,1,4.474336
23,4,receiver_stage/4,6,6.471501,6.618295,0.146794,7,0.02098,0,0.0
23,8,receiver_stage/4,6,6.618415,6.754719,0.136304,6,0.067643,0,0.0
23,11,receiver_stage/4,6,6.754769,7.380736,0.625967,7,0.555725,0,0.0
23,25,receiver_stage/4,6,7.380946,7.621563,0.240617,7,0.158795,0,0.0
23,31,receiver_stage/4,6,7.622373,7.865339,0.242966,7,0.170505,0,0.0
23,36,receiver_stage/4,6,7.865539,8.606329,0.74079,7,0.484072,1,0.121083
23,50,receiver_stage/4,6,8.606429,8.832566,0.226137,7,0.127255,0,0.0
23,53,receiver_stage/4,6,8.832736,9.082282,0.249546,7,0.178344,0,0.0
23,58,receiver_stage/4,6,9.082502,11.698944,2.616442,7,1.986443,1,0.3849
23,94,receiver_stage/4,6,11.699014,11.883949,0.184935,6,0.113534,0,0.0
23,96,receiver_stage/4,6,11.884209,13.74875,1.864541,7,1.498522,1,0.176915
23,108,receiver_stage/4,6,13.74882,13.995346,0.246526,7,0.172486,0,0.0
23,113,receiver_stage/4,6,13.995446,14.50285,0.507404,7,0.456841,0,0.0
23,118,receiver_stage/4,6,14.5029,20.590036,6.087136,3,0.951525,1,5.089509
23,129,receiver_stage/4,6,20.590106,21.726407,1.136301,7,0.797481,1,0.205796
23,132,receiver_stage/4,6,21.726538,24.674558,2.94802,2,0.543924,1,2.385895
23,144,receiver_stage/4,6,24.674648,25.056648,0.382,7,0.259156,0,0.0
23,146,receiver_stage/4,6,25.057188,29.037087,3.979899,1,0.507563,1,3.454565
23,2,receiver_stage/2,7,6.446211,6.646187,0.199976,7,0.120232,0,0.0
23,10,receiver_stage/2,7,6.646227,6.909064,0.262837,7,0.171144,0,0.0
23,15,receiver_stage/2,7,6.909114,7.295085,0.385971,7,0.32789,0,0.0
23,22,receiver_stage/2,7,7.295115,7.50561,0.210495,7,0.117504,0,0.0
23,28,receiver_stage/2,7,7.50564,7.714016,0.208376,7,0.106593,0,0.0
23,33,receiver_stage/2,7,7.714286,7.916912,0.202626,7,0.097823,0,0.0
23,38,receiver_stage/2,7,7.917172,8.079086,0.161914,7,0.063521,0,0.0
23,41,receiver_stage/2,7,8.079226,8.346593,0.267367,7,0.151643,0,0.0
23,46,receiver_stage/2,7,8.346653,8.545359,0.198706,7,0.140883,0,0.0
23,49,receiver_stage/2,7,8.545619,9.71183,1.166211,6,0.870293,1,0.212145
23,66,receiver_stage/2,7,9.71192,9.829584,0.117664,7,0.075212,0,0.0
23,67,receiver_stage/2,7,9.829614,9.914796,0.085182,7,0.049381,0,0.0
23,68,receiver_stage/2,7,9.914876,12.800899,2.886023,3,0.237216,1,2.629496
23,103,receiver_stage/2,7,12.801019,15.74119,2.940171,2,0.548005,1,2.364225
23,122,receiver_stage/2,7,15.74145,20.106609,4.365159,2,0.555745,1,3.780133
23,128,receiver_stage/2,7,20.106689,24.20176,4.095071,2,0.677408,1,3.382082
23,142,receiver_stage/2,7,24.20193,24.598531,0.396601,7,0.250718,0,0.0
23,143,receiver_stage/2,7,24.598621,24.92149,0.322869,7,0.178234,0,0.0
23,145,receiver_stage/2,7,24.92165,25.155216,0.233566,7,0.137955,0,0.0
23,147,receiver_stage/2,7,25.155466,29.197637,4.042171,1,0.482243,1,3.550817
23,3,receiver_stage/3,8,6.455341,6.79677,0.341429,7,0.236226,0,0.0
23,13,receiver_stage/3,8,6.79689,6.854982,0.058092,4,0.01757,0,0.0
23,14,receiver_stage/3,8,6.855002,7.017246,0.162244,6,0.120353,0,0.0
23,19,receiver_stage/3,8,7.017276,7.15351,0.136234,7,0.086882,0,0.0
23,20,receiver_stage/3,8,7.15353,7.243372,0.089842,7,0.05403,0,0.0
23,21,receiver_stage/3,8,7.243392,7.377326,0.133934,4,0.070052,0,0.0
23,24,receiver_stage/3,8,7.377496,7.587702,0.210206,7,0.144884,0,0.0
23,29,receiver_stage/3,8,7.587842,7.825668,0.237826,7,0.128622,0,0.0
23,35,receiver_stage/3,8,7.825778,7.973852,0.148074,7,0.083092,0,0.0
23,39,receiver_stage/3,8,7.973882,8.127227,0.153345,7,0.062283,0,0.0
23,44,receiver_stage/3,8,8.127337,8.491967,0.36463,7,0.287067,0,0.0
23,47,receiver_stage/3,8,8.492007,9.541575,1.049568,7,0.560804,1,0.398481
23,63,receiver_stage/3,8,9.541645,9.971037,0.429392,7,0.384151,0,0.0
23,70,receiver_stage/3,8,9.971147,10.515232,0.544085,7,0.466343,0,0.0
23,77,receiver_stage/3,8,10.515282,10.646555,0.131273,7,0.080923,0,0.0
23,80,receiver_stage/3,8,10.646665,10.897552,0.250887,7,0.164385,0,0.0
23,85,receiver_stage/3,8,10.897642,10.993565,0.095923,6,0.049471,0,0.0
23,89,receiver_stage/3,8,10.993645,25.533421,14.539776,8,8.476541,7,5.88052
23,148,receiver_stage/3,8,25.533581,26.343513,0.809932,7,0.540233,1,0.152975
23,152,receiver_stage/3,8,26.343633,26.730124,0.386491,7,0.346419,0,0.0
23,156,receiver_stage/3,8,26.730184,31.049142,4.318958,2,0.76523,1,3.530647
23,5,receiver_stage/5,9,6.482216,6.970289,0.488073,4,0.41424,0,0.0
23,16,receiver_stage/5,9,6.970399,7.399761,0.429362,7,0.379049,0,0.0
23,26,receiver_stage/5,9,7.399791,7.809992,0.410201,7,0.337137,0,0.0
23,34,receiver_stage/5,9,7.811042,8.08966,0.278618,7,0.225566,0,0.0
23,43,receiver_stage/5,9,8.08969,8.8413,0.75161,7,0.656949,0,0.0
23,54,receiver_stage/5,9,8.84141,9.055236,0.213826,7,0.125112,0,0.0
23,56,receiver_stage/5,9,9.056476,9.300563,0.244087,7,0.143932,0,0.0
23,61,receiver_stage/5,9,9.300723,10.28952,0.988797,7,0.748579,1,0.109133
23,73,receiver_stage/5,9,10.28957,10.980409,0.690839,7,0.643009,0,0.0
23,88,receiver_stage/5,9,10.980509,11.112192,0.131683,7,0.046051,0,0.0
23,90,receiver_stage/5,9,11.112222,13.440106,2.327884,1,0.286007,1,2.033326
23,104,receiver_stage/5,9,13.440146,13.662892,0.222746,7,0.139752,0,0.0
23,106,receiver_stage/5,9,13.663132,13.892998,0.229866,7,0.154094,0,0.0
23,110,receiver_stage/5,9,13.893028,14.350641,0.457613,7,0.409372,0,0.0
23,117,receiver_stage/5,9,14.350691,17.015253,2.664562,1,0.271627,1,2.383365
23,125,receiver_stage/5,9,17.015513,20.009185,2.993672,1,0.603636,1,2.369335
23,127,receiver_stage/5,9,20.009255,24.060165,4.05091,1,0.648717,1,3.376222
23,140,receiver_stage/5,9,24.060225,27.238472,3.178247,7,2.382545,1,0.516664
23,157,receiver_stage/5,9,27.238532,31.600081,4.361549,3,0.783991,1,3.532666
24,5,receiver_stage/5,2,7.264949,7.915516,0.650567,7,0.554882,0,0.0
24,15,receiver_stage/5,2,7.915676,8.06126,0.145584,7,0.100033,0,0.0
24,19,receiver_stage/5,2,8.0614,8.272926,0.211526,7,0.144783,0,0.0
24,24,receiver_stage/5,2,8.273006,8.541423,0.268417,7,0.211275,0,0.0
24,32,receiver_stage/5,2,8.541533,8.77035,0.228817,7,0.114174,0,0.0
24,38,receiver_stage/5,2,8.77046,11.475437,2.704977,7,2.06151,1,0.39333
24,68,receiver_stage/5,2,11.475687,11.597461,0.121774,7,0.060123,0,0.0
24,72,receiver_stage/5,2,11.597611,11.863378,0.265767,7,0.114042,0,0.0
24,77,receiver_stage/5,2,11.863518,12.006102,0.142584,7,0.06206,0,0.0
24,79,receiver_stage/5,2,12.006242,15.045275,3.039033,1,0.311918,1,2.719575
24,100,receiver_stage/5,2,15.045615,19.938968,4.893353,1,0.497394,1,4.379539
24,138,receiver_stage/5,2,19.939018,20.38124,0.442222,7,0.275386,0,0.0
24,139,receiver_stage/5,2,20.38147,20.635337,0.253867,7,0.140042,0,0.0
24,140,receiver_stage/5,2,20.635367,23.495345,2.859978,1,0.385801,1,2.460867
24,143,receiver_stage/5,2,23.495475,23.836264,0.340789,7,0.206784,0,0.0
24,145,receiver_stage/5,2,23.836394,24.216185,0.379791,7,0.265455,0,0.0
24,149,receiver_stage/5,2,24.216305,26.537718,2.321413,7,1.443439,1,0.708599
24,157,receiver_stage/5,2,26.537798,27.092433,0.554635,7,0.493582,0,0.0
24,158,receiver_stage/5,2,27.092523,27.520965,0.428442,7,0.373951,0,0.0
24,159,receiver_stage/5,2,27.521015,27.72398,0.202965,7,0.117463,0,0.0
24,7,receiver_stage/7,3,7.290684,7.679094,0.38841,7,0.239727,0,0.0
24,12,receiver_stage/7,3,7.679254,8.321807,0.642553,7,0.566641,0,0.0
24,27,receiver_stage/7,3,8.321977,8.615425,0.293448,7,0.237707,0,0.0
24,33,receiver_stage/7,3,8.615565,8.81172,0.196155,7,0.117213,0,0.0
24,39,receiver_stage/7,3,8.81183,11.544675,2.732845,7,2.016785,1,0.401751
24,71,receiver_stage/7,3,11.544785,11.820342,0.275557,7,0.121004,0,0.0
24,76,receiver_stage/7,3,11.820522,13.974691,2.154169,8,1.413139,3,0.619586
24,94,receiver_stage/7,3,13.974771,17.24977,3.274999,2,0.292668,1,2.965381
24,113,receiver_stage/7,3,17.24985,17.538638,0.288788,7,0.153414,0,0.0
24,116,receiver_stage/7,3,17.538708,18.683829,1.145121,7,0.741119,1,0.277097
24,124,receiver_stage/7,3,18.683919,23.552782,4.868863,2,1.203823,2,3.610008
24,144,receiver_stage/7,3,23.553172,23.889971,0.336799,7,0.188915,0,0.0
24,146,receiver_stage/7,3,23.890051,25.535086,1.645035,7,1.127271,1,0.35669
24,153,receiver_stage/7,3,25.538856,28.102216,2.56336,7,1.375127,1,0.991567
24,4,receiver_stage/4,4,7.249362,7.513669,0.264307,7,0.175404,0,0.0
24,8,receiver_stage/4,4,7.513809,7.648363,0.134554,6,0.065801,0,0.0
24,11,receiver_stage/4,4,7.648393,7.962832,0.314439,7,0.263685,0,0.0
24,17,receiver_stage/4,4,7.962872,8.177258,0.214386,7,0.130562,0,0.0
24,22,receiver_stage/4,4,8.177418,8.360123,0.182705,7,0.125393,0,0.0
24,28,receiver_stage/4,4,8.360213,8.511757,0.151544,7,0.085482,0,0.0
24,31,receiver_stage/4,4,8.511857,8.749073,0.237216,7,0.127871,0,0.0
24,37,receiver_stage/4,4,8.749203,10.239208,1.490005,7,1.013733,1,0.36868
24,48,receiver_stage/4,4,10.239298,10.606298,0.367,7,0.329239,0,0.0
24,51,receiver_stage/4,4,10.606388,11.342449,0.736061,7,0.67877,0,0.0
24,65,receiver_stage/4,4,11.342539,11.39393,0.051391,6,0.018219,0,0.0
24,67,receiver_stage/4,4,11.39397,11.497033,0.103063,6,0.05026,0,0.0
24,69,receiver_stage/4,4,11.497163,11.606506,0.109343,7,0.060582,0,0.0
24,73,receiver_stage/4,4,11.606596,11.794551,0.187955,7,0.05418,0,0.0
24,75,receiver_stage/4,4,11.794701,13.687643,1.892942,1,0.160444,1,1.726578
24,93,receiver_stage/4,4,13.687703,16.89638,3.208677,1,0.245847,1,2.9502
24,112,receiver_stage/4,4,16.89642,17.319052,0.422632,7,0.248757,0,0.0
24,114,receiver_stage/4,4,17.319142,17.584739,0.265597,7,0.148975,0,0.0
24,118,receiver_stage/4,4,17.584779,18.386131,0.801352,6,0.637587,1,0.081582
24,122,receiver_stage/4,4,18.386371,19.045079,0.658708,7,0.587006,0,0.0
24,126,receiver_stage/4,4,19.045139,19.317076,0.271937,7,0.139215,0,0.0
24,127,receiver_stage/4,4,19.317166,19.676266,0.3591,7,0.247297,0,0.0
24,134,receiver_stage/4,4,19.676606,23.968663,4.292057,1,0.525105,1,3.748982
24,147,receiver_stage/4,4,23.968773,25.31038,1.341607,7,0.834893,1,0.37768
24,151,receiver_stage/4,4,25.31048,31.399955,6.089475,1,0.812712,1,5.254703
24,2,receiver_stage/2,5,7.218221,7.714374,0.496153,4,0.420031,0,0.0
24,13,receiver_stage/2,5,7.714595,7.773506,0.058911,4,0.01805,0,0.0
24,14,receiver_stage/2,5,7.773536,7.946221,0.172685,6,0.123203,0,0.0
24,16,receiver_stage/2,5,7.946351,8.163267,0.216916,7,0.167334,0,0.0
24,21,receiver_stage/2,5,8.163317,8.314481,0.151164,4,0.081022,0,0.0
24,26,receiver_stage/2,5,8.314641,8.509756,0.195115,7,0.101872,0,0.0
24,30,receiver_stage/2,5,8.510086,8.66072,0.150634,7,0.065121,0,0.0
24,36,receiver_stage/2,5,8.660831,8.913527,0.252696,7,0.182283,0,0.0
24,42,receiver_stage/2,5,8.913647,9.949015,1.035368,7,0.563785,1,0.3521
24,46,receiver_stage/2,5,9.949335,10.377257,0.427922,7,0.378609,0,0.0
24,49,receiver_stage/2,5,10.377657,10.792378,0.414721,7,0.331791,0,0.0
24,55,receiver_stage/2,5,10.792458,12.581307,1.788849,2,0.151944,1,1.621624
24,81,receiver_stage/2,5,12.581347,13.085471,0.504124,7,0.443362,0,0.0
24,85,receiver_stage/2,5,13.085591,13.323537,0.237946,7,0.156194,0,0.0
24,88,receiver_stage/2,5,13.323627,13.493322,0.169695,7,0.108543,0,0.0
24,92,receiver_stage/2,5,13.493412,14.630893,1.137481,7,0.723418,1,0.243337
24,96,receiver_stage/2,5,14.631053,14.827258,0.196205,6,0.126832,0,0.0
24,97,receiver_stage/2,5,14.827308,15.036994,0.209686,7,0.146223,0,0.0
24,99,receiver_stage/2,5,15.037124,17.568643,2.531519,1,0.263998,1,2.260211
24,117,receiver_stage/2,5,17.568843,19.393783,1.82494,7,1.376308,1,0.261337
24,130,receiver_stage/2,5,19.394213,19.591048,0.196835,7,0.101372,0,0.0
24,132,receiver_stage/2,5,19.591788,19.928638,0.33685,7,0.239336,0,0.0
24,137,receiver_stage/2,5,19.928798,23.371082,3.442284,1,0.395891,1,3.035923
24,142,receiver_stage/2,5,23.371182,29.764376,6.393194,1,0.873904,1,5.48641
24,6,receiver_stage/6,6,7.280197,7.603086,0.322889,7,0.221315,0,0.0
24,9,receiver_stage/6,6,7.603236,7.977696,0.37446,7,0.316238,0,0.0
24,18,receiver_stage/6,6,7.977796,8.257144,0.279348,7,0.212227,0,0.0
24,23,receiver_stage/6,6,8.257264,8.47394,0.216676,7,0.168564,0,0.0
24,29,receiver_stage/6,6,8.47405,8.630074,0.156024,7,0.0619,0,0.0
24,34,receiver_stage/6,6,8.630204,8.84708,0.216876,7,0.144842,0,0.0
24,40,receiver_stage/6,6,8.8472,10.654965,1.807765,7,1.504818,1,0.120723
24,52,receiver_stage/6,6,10.655335,10.881411,0.226076,7,0.139483,0,0.0
24,57,receiver_stage/6,6,10.881711,11.149949,0.268238,7,0.180444,0,0.0
24,62,receiver_stage/6,6,11.150039,11.283912,0.133873,7,0.068822,0,0.0
24,64,receiver_stage/6,6,11.284062,11.376905,0.092843,7,0.039733,0,0.0
24,66,receiver_stage/6,6,11.376935,11.515709,0.138774,7,0.088153,0,0.0
24,70,receiver_stage/6,6,11.515789,11.739475,0.223686,7,0.108662,0,0.0
24,74,receiver_stage/6,6,11.739595,11.932,0.192405,7,0.126033,0,0.0
24,78,receiver_stage/6,6,11.9321,12.30338,0.37128,7,0.300539,0,0.0
24,80,receiver_stage/6,6,12.30347,15.439046,3.135576,1,0.284897,1,2.844248
24,101,receiver_stage/6,6,15.439126,15.637081,0.197955,8,0.08513,0,0.0
24,104,receiver_stage/6,6,15.637461,18.095488,2.458027,2,0.285677,1,2.151179
24,120,receiver_stage/6,6,18.095548,18.338225,0.242677,7,0.155604,0,0.0
24,121,receiver_stage/6,6,18.338285,18.563211,0.224926,7,0.150293,0,0.0
24,123,receiver_stage/6,6,18.563311,18.940621,0.37731,7,0.300878,0,0.0
24,125,receiver_stage/6,6,18.940811,19.318421,0.37761,7,0.239236,0,0.0
24,128,receiver_stage/6,6,19.318531,19.576969,0.258438,7,0.148275,0,0.0
24,131,receiver_stage/6,6,19.577189,19.708272,0.131083,7,0.04578,0,0.0
24,135,receiver_stage/6,6,19.708342,25.392707,5.684365,3,0.794951,1,4.849342
24,152,receiver_stage/6,6,25.392837,28.211074,2.818237,7,1.598854,1,1.028858
24,3,receiver_stage/3,7,7.234297,7.628378,0.394081,7,0.300897,0,0.0
24,10,receiver_stage/3,7,7.628528,8.07137,0.442842,7,0.39099,0,0.0
24,20,receiver_stage/3,7,8.07156,8.294636,0.223076,7,0.150363,0,0.0
24,25,receiver_stage/3,7,8.294996,8.657236,0.36224,7,0.292168,0,0.0
24,35,receiver_stage/3,7,8.657376,8.876122,0.218746,7,0.143162,0,0.0
24,41,receiver_stage/3,7,8.876242,9.885744,1.009502,7,0.764596,1,0.123083
24,45,receiver_stage/3,7,9.885924,10.146721,0.260797,7,0.216887,0,0.0
24,47,receiver_stage/3,7,10.146811,10.489251,0.34244,7,0.300458,0,0.0
24,50,receiver_stage/3,7,10.489381,10.702026,0.212645,7,0.144132,0,0.0
24,53,receiver_stage/3,7,10.702186,10.871881,0.169695,7,0.117773,0,0.0
24,56,receiver_stage/3,7,10.872011,11.086937,0.214926,7,0.118212,0,0.0
24,60,receiver_stage/3,7,11.086967,12.919517,1.83255,7,1.44147,1,0.192265
24,83,receiver_stage/3,7,12.919587,13.236576,0.316989,7,0.268277,0,0.0
24,87,receiver_stage/3,7,13.236716,13.459602,0.222886,7,0.153573,0,0.0
24,89,receiver_stage/3,7,13.459682,15.5857,2.126018,1,0.188905,1,1.930183
24,102,receiver_stage/3,7,15.58598,15.97309,0.38711,7,0.341239,0,0.0
24,107,receiver_stage/3,7,15.97312,16.264778,0.291658,7,0.160893,0,0.0
24,108,receiver_stage/3,7,16.264878,16.677539,0.412661,7,0.289629,0,0.0
24,111,receiver_stage/3,7,16.677609,19.602419,2.92481,2,0.356049,1,2.554539
24,133,receiver_stage/3,7,19.602479,19.876087,0.273608,7,0.151524,0,0.0
24,136,receiver_stage/3,7,19.876167,25.580632,5.704465,3,0.72328,1,4.923274
24,154,receiver_stage/3,7,25.580712,25.781888,0.201176,7,0.117833,0,0.0
24,155,receiver_stage/3,7,25.781948,29.14605,3.364102,1,0.456742,1,2.89669
24,1,receiver_stage/1,8,7.201921,9.849453,2.647532,1,0.339379,1,2.287663
24,43,receiver_stage/1,8,9.849793,10.787509,0.937716,7,0.611477,1,0.218406
24,54,receiver_stage/1,8,10.787599,10.901492,0.113893,7,0.077022,0,0.0
24,58,receiver_stage/1,8,10.901582,11.039585,0.138003,7,0.082992,0,0.0
24,59,receiver_stage/1,8,11.039715,11.174149,0.134434,7,0.072281,0,0.0
24,63,receiver_stage/1,8,11.174429,12.982678,1.808249,1,0.133134,1,1.669275
24,84,receiver_stage/1,8,12.982748,13.471092,0.488344,7,0.428821,0,0.0
24,90,receiver_stage/1,8,13.471122,15.6053,2.134178,2,0.213566,1,1.908732
24,103,receiver_stage/1,8,15.60536,15.737844,0.132484,7,0.074841,0,0.0
24,105,receiver_stage/1,8,15.738034,15.924889,0.186855,7,0.098152,0,0.0
24,106,receiver_stage/1,8,15.924979,16.321239,0.39626,7,0.249187,0,0.0
24,109,receiver_stage/1,8,16.321289,16.651078,0.329789,7,0.206103,0,0.0
24,110,receiver_stage/1,8,16.651138,21.329846,4.678708,1,0.532834,1,4.134503
24,141,receiver_stage/1,8,21.329896,24.106222,2.776326,1,0.382971,1,2.378065
24,148,receiver_stage/1,8,24.106542,26.528698,2.422156,7,1.547612,1,0.693839
24,156,receiver_stage/1,8,26.528808,29.976072,3.447264,2,0.525664,1,2.897179
24,0,receiver_stage/0,9,7.18733,9.877698,2.690368,3,0.327628,1,2.312808
24,44,receiver_stage/0,9,9.877798,11.094101,1.216303,6,0.911735,1,0.202166
24,61,receiver_stage/0,9,11.094201,12.861159,1.766958,7,1.385928,1,0.181215
24,82,receiver_stage/0,9,12.861259,13.216759,0.3555,7,0.301659,0,0.0
24,86,receiver_stage/0,9,13.216839,13.481426,0.264587,7,0.194395,0,0.0
24,91,receiver_stage/0,9,13.481506,14.590316,1.10881,7,0.74569,1,0.234347
24,95,receiver_stage/0,9,14.590376,14.858434,0.268058,7,0.165483,0,0.0
24,98,receiver_stage/0,9,14.858564,17.425864,2.5673,1,0.291968,1,2.264542
24,115,receiver_stage/0,9,17.425944,17.805334,0.37939,7,0.255496,0,0.0
24,119,receiver_stage/0,9,17.805384,19.389487,1.584103,6,1.398677,1,0.079012
24,129,receiver_stage/0,9,19.389557,24.506997,5.11744,2,0.536065,1,4.553724
24,150,receiver_stage/0,9,24.507127,30.579633,6.072506,1,0.824132,1,5.223053
25,7,receiver_stage/7,2,5.603243,5.787938,0.184695,4,0.097263,0,0.0
25,12,receiver_stage/7,2,5.788188,8.346053,2.557865,7,1.881912,1,0.444417
25,42,receiver_stage/7,2,8.346133,8.541568,0.195435,7,0.131304,0,0.0
25,49,receiver_stage/7,2,8.541678,8.63507,0.093392,7,0.0415,0,0.0
25,53,receiver_stage/7,2,8.63511,8.773554,0.138444,7,0.087792,0,0.0
25,59,receiver_stage/7,2,8.773584,8.928878,0.155294,8,0.0722,0,0.0
25,64,receiver_stage/7,2,8.928918,13.336379,4.407461,3,0.425002,1,3.959898
25,119,receiver_stage/7,2,13.336449,15.96248,2.626031,7,1.407949,1,1.023988
25,135,receiver_stage/7,2,15.96256,16.837104,0.874544,7,0.533814,1,0.267357
25,142,receiver_stage/7,2,16.837184,17.755309,0.918125,7,0.73534,1,0.106303
25,147,receiver_stage/7,2,17.755369,24.842372,7.087003,1,1.198222,1,5.87231
25,5,receiver_stage/5,3,5.565071,7.089513,1.524442,1,0.162564,1,1.344967
25,27,receiver_stage/5,3,7.089613,7.579406,0.489793,7,0.436801,0,0.0
25,36,receiver_stage/5,3,7.579506,8.742108,1.162602,6,0.863763,1,0.206306
25,57,receiver_stage/5,3,8.742158,9.140889,0.398731,7,0.362529,0,0.0
25,65,receiver_stage/5,3,9.140949,9.318953,0.178004,7,0.096202,0,0.0
25,68,receiver_stage/5,3,9.318993,9.54449,0.225497,7,0.153804,0,0.0
25,73,receiver_stage/5,3,9.54452,9.815697,0.271177,7,0.150415,0,0.0
25,78,receiver_stage/5,3,9.815737,10.034793,0.219056,7,0.150235,0,0.0
25,85,receiver_stage/5,3,10.034903,10.27895,0.244047,7,0.133465,0,0.0
25,88,receiver_stage/5,3,10.27908,10.623369,0.344289,7,0.227316,0,0.0
25,96,receiver_stage/5,3,10.623399,13.310882,2.687483,1,0.308969,1,2.370644
25,118,receiver_stage/5,3,13.310992,16.098598,2.787606,7,1.579612,1,1.020258
25,136,receiver_stage/5,3,16.099038,16.940471,0.841433,8,0.573704,1,0.171165
25,143,receiver_stage/5,3,16.940571,20.022305,3.081734,1,0.39814,1,2.672733
25,148,receiver_stage/5,3,20.022455,25.344461,5.322006,3,0.915035,1,4.341899
25,1,receiver_stage/1,4,5.510254,5.762461,0.252207,7,0.160443,0,0.0
25,10,receiver_stage/1,4,5.762561,6.002408,0.239847,7,0.132293,0,0.0
25,15,receiver_stage/1,4,6.002438,6.974424,0.971986,7,0.71514,1,0.145374
25,25,receiver_stage/1,4,6.974484,7.141919,0.167435,7,0.119623,0,0.0
25,29,receiver_stage/1,4,7.141959,7.550144,0.408185,7,0.366865,0,0.0
25,35,receiver_stage/1,4,7.550264,8.450629,0.900365,7,0.585386,1,0.218145
25,44,receiver_stage/1,4,8.450699,8.531281,0.080582,7,0.02797,0,0.0
25,48,receiver_stage/1,4,8.531321,8.667195,0.135874,7,0.071222,0,0.0
25,54,receiver_stage/1,4,8.667225,8.766147,0.098922,6,0.051371,0,0.0
25,58,receiver_stage/1,4,8.766177,8.877931,0.111754,7,0.066432,0,0.0
25,60,receiver_stage/1,4,8.877961,9.343083,0.465122,7,0.41014,0,0.0
25,69,receiver_stage/1,4,9.343133,9.60849,0.265357,7,0.194515,0,0.0
25,76,receiver_stage/1,4,9.608511,10.309,0.700489,8,0.36739,1,0.227907
25,89,receiver_stage/1,4,10.30905,10.594107,0.285057,7,0.150814,0,0.0
25,94,receiver_stage/1,4,10.594137,10.829074,0.234937,6,0.117615,0,0.0
25,100,receiver_stage/1,4,10.829144,11.122982,0.293838,7,0.159575,0,0.0
25,103,receiver_stage/1,4,11.123032,11.43122,0.308188,7,0.202835,0,0.0
25,105,receiver_stage/1,4,11.43125,12.673494,1.242244,7,0.776531,1,0.35293
25,112,receiver_stage/1,4,12.673524,12.851029,0.177505,7,0.062942,0,0.0
25,114,receiver_stage/1,4,12.851059,13.060205,0.209146,7,0.072643,0,0.0
25,115,receiver_stage/1,4,13.060255,13.27129,0.211035,7,0.141774,0,0.0
25,117,receiver_stage/1,4,13.27132,13.61057,0.33925,7,0.292976,0,0.0
25,121,receiver_stage/1,4,13.61065,14.013801,0.403151,7,0.285117,0,0.0
25,124,receiver_stage/1,4,14.013851,14.599767,0.585916,7,0.443963,1,0.067753
25,127,receiver_stage/1,4,14.599807,17.716772,3.116965,1,0.305728,1,2.804137
25,146,receiver_stage/1,4,17.716892,24.138627,6.421735,1,0.866764,1,5.532141
25,156,receiver_stage/1,4,24.138917,24.308511,0.169594,7,0.100782,0,0.0
25,157,receiver_stage/1,4,24.308532,24.411244,0.102712,7,0.054491,0,0.0
25,159,receiver_stage/1,4,24.411514,27.18055,2.769036,2,0.434681,1,2.308053
25,6,receiver_stage/6,5,5.582327,7.084458,1.502131,1,0.153454,1,1.333227
25,26,receiver_stage/6,5,7.084498,7.402726,0.318228,7,0.270095,0,0.0
25,31,receiver_stage/6,5,7.402856,7.53895,0.136094,7,0.0648,0,0.0
25,34,receiver_stage/6,5,7.53898,8.520767,0.981787,7,0.546434,1,0.343519
25,47,receiver_stage/6,5,8.520857,8.894287,0.37343,7,0.293888,0,0.0
25,61,receiver_stage/6,5,8.894407,9.279287,0.38488,7,0.33209,0,0.0
25,67,receiver_stage/6,5,9.279347,9.36277,0.083423,7,0.043641,0,0.0
25,71,receiver_stage/6,5,9.36283,9.545125,0.182295,7,0.113643,0,0.0
25,74,receiver_stage/6,5,9.545155,9.892654,0.347499,7,0.235304,0,0.0
25,82,receiver_stage/6,5,9.893024,10.007477,0.114453,7,0.070761,0,0.0
25,84,receiver_stage/6,5,10.007517,10.356287,0.34877,7,0.232717,0,0.0
25,90,receiver_stage/6,5,10.356317,10.614384,0.258067,7,0.136163,0,0.0
25,95,receiver_stage/6,5,10.614424,10.825669,0.211245,7,0.147643,0,0.0
25,99,receiver_stage/6,5,10.826139,11.184599,0.35846,7,0.254056,0,0.0
25,104,receiver_stage/6,5,11.184659,12.814804,1.630145,7,1.10766,1,0.36288
25,113,receiver_stage/6,5,12.814864,13.449571,0.634707,7,0.529774,0,0.0
25,120,receiver_stage/6,5,13.449621,13.737299,0.287678,7,0.154085,0,0.0
25,123,receiver_stage/6,5,13.737359,14.472799,0.73544,7,0.593477,1,0.068042
25,126,receiver_stage/6,5,14.472869,17.589644,3.116775,1,0.300968,1,2.804157
25,145,receiver_stage/6,5,17.589704,23.971778,6.382074,1,0.900184,1,5.456409
25,154,receiver_stage/6,5,23.971888,29.954641,5.982753,1,0.843633,1,5.114309
25,3,receiver_stage/3,6,5.537605,5.617737,0.080132,4,0.022072,0,0.0
25,8,receiver_stage/3,6,5.617867,5.805522,0.187655,7,0.079032,0,0.0
25,13,receiver_stage/3,6,5.805632,8.549267,2.743635,7,2.032294,1,0.425082
25,50,receiver_stage/3,6,8.549337,8.602529,0.053192,6,0.01832,0,0.0
25,51,receiver_stage/3,6,8.602619,8.725672,0.123053,7,0.077712,0,0.0
25,56,receiver_stage/3,6,8.727042,9.841912,1.11487,7,0.733888,1,0.220916
25,79,receiver_stage/3,6,9.841982,10.48823,0.646248,7,0.573796,0,0.0
25,93,receiver_stage/3,6,10.48836,10.688945,0.200585,7,0.129814,0,0.0
25,97,receiver_stage/3,6,10.689085,10.886101,0.197016,7,0.096252,0,0.0
25,101,receiver_stage/3,6,10.886131,11.722374,0.836243,6,0.664458,1,0.084763
25,106,receiver_stage/3,6,11.722424,11.927249,0.204825,7,0.091361,0,0.0
25,107,receiver_stage/3,6,11.927279,12.052563,0.125284,7,0.070783,0,0.0
25,108,receiver_stage/3,6,12.053043,12.414933,0.36189,7,0.240337,0,0.0
25,110,receiver_stage/3,6,12.415043,14.844989,2.429946,7,1.522132,1,0.72905
25,128,receiver_stage/3,6,14.845059,15.25807,0.413011,7,0.275115,0,0.0
25,132,receiver_stage/3,6,15.25813,16.215406,0.957276,7,0.644626,1,0.175535
25,137,receiver_stage/3,6,16.215426,20.877344,4.661918,1,0.507774,1,4.137573
25,151,receiver_stage/3,6,20.877474,22.912569,2.035095,1,0.209116,1,1.811879
25,153,receiver_stage/3,6,22.912699,36.304529,13.39183,8,6.860017,6,6.326056
25,2,receiver_stage/2,7,5.523605,5.68869,0.165085,6,0.084452,0,0.0
25,9,receiver_stage/2,7,5.68873,5.846984,0.158254,7,0.066052,0,0.0
25,14,receiver_stage/2,7,5.847014,7.649583,1.802569,7,1.501472,1,0.132803
25,37,receiver_stage/2,7,7.649783,7.767086,0.117303,7,0.077232,0,0.0
25,38,receiver_stage/2,7,7.767176,7.989892,0.222716,7,0.114873,0,0.0
25,39,receiver_stage/2,7,7.989922,8.211578,0.221656,7,0.101832,0,0.0
25,40,receiver_stage/2,7,8.211599,8.424264,0.212665,7,0.108203,0,0.0
25,43,receiver_stage/2,7,8.424434,8.913248,0.488814,7,0.439782,0,0.0
25,63,receiver_stage/2,7,8.913338,9.423881,0.510543,7,0.457792,0,0.0
25,72,receiver_stage/2,7,9.423931,9.765331,0.3414,7,0.230365,0,0.0
25,77,receiver_stage/2,7,9.765361,9.976807,0.211446,7,0.144723,0,0.0
25,83,receiver_stage/2,7,9.976837,10.061599,0.084762,7,0.043691,0,0.0
25,86,receiver_stage/2,7,10.061669,10.425069,0.3634,7,0.249518,0,0.0
25,91,receiver_stage/2,7,10.425099,10.787159,0.36206,7,0.243256,0,0.0
25,98,receiver_stage/2,7,10.787199,10.905102,0.117903,7,0.044712,0,0.0
25,102,receiver_stage/2,7,10.905212,12.239098,1.333886,6,1.143209,1,0.085723
25,109,receiver_stage/2,7,12.239158,12.508876,0.269718,7,0.144934,0,0.0
25,111,receiver_stage/2,7,12.508906,15.001664,2.492758,7,1.581343,1,0.7345
25,130,receiver_stage/2,7,15.001734,15.403385,0.401651,7,0.264009,0,0.0
25,133,receiver_stage/2,7,15.403455,16.259008,0.855553,7,0.567995,1,0.174145
25,138,receiver_stage/2,7,16.259038,16.597337,0.338299,7,0.257757,0,0.0
25,140,receiver_stage/2,7,16.597367,22.030505,5.433138,3,1.47011,3,3.924336
25,152,receiver_stage/2,7,22.030615,24.127773,2.097158,2,0.251966,1,1.825389
25,155,receiver_stage/2,7,24.128053,24.316208,0.188155,7,0.097552,0,0.0
25,158,receiver_stage/2,7,24.316238,28.78369,4.467452,1,0.657118,1,3.793363
25,0,receiver_stage/0,8,5.500074,6.052309,0.552235,4,0.466403,0,0.0
25,17,receiver_stage/0,8,6.052369,6.282586,0.230217,7,0.152563,0,0.0
25,19,receiver_stage/0,8,6.282696,6.516942,0.234246,7,0.176804,0,0.0
25,21,receiver_stage/0,8,6.516972,6.730508,0.213536,7,0.143754,0,0.0
25,23,receiver_stage/0,8,6.730608,6.921773,0.191165,7,0.130374,0,0.0
25,24,receiver_stage/0,8,6.921823,7.108048,0.186225,7,0.119724,0,0.0
25,28,receiver_stage/0,8,7.108138,7.461938,0.3538,7,0.30658,0,0.0
25,32,receiver_stage/0,8,7.461978,8.909247,1.447269,7,0.982717,1,0.36033
25,62,receiver_stage/0,8,8.909317,9.239626,0.330309,7,0.275348,0,0.0
25,66,receiver_stage/0,8,9.239976,9.344189,0.104213,7,0.066531,0,0.0
25,70,receiver_stage/0,8,9.344269,9.570555,0.226286,7,0.155602,0,0.0
25,75,receiver_stage/0,8,9.570645,9.847993,0.277348,7,0.169143,0,0.0
25,81,receiver_stage/0,8,9.848053,14.386317,4.538264,2,0.427632,1,4.092772
25,125,receiver_stage/0,8,14.386387,14.850029,0.463642,7,0.337129,0,0.0
25,129,receiver_stage/0,8,14.850109,15.118817,0.268708,7,0.140122,0,0.0
25,131,receiver_stage/0,8,15.118947,15.447536,0.328589,7,0.222436,0,0.0
25,134,receiver_stage/0,8,15.447576,16.389601,0.942025,7,0.530044,1,0.287777
25,139,receiver_stage/0,8,16.389661,16.620428,0.230767,7,0.152715,0,0.0
25,141,receiver_stage/0,8,16.620498,17.394859,0.774361,7,0.549995,1,0.121603
25,144,receiver_stage/0,8,17.394919,20.606106,3.211187,2,0.411001,1,2.784166
25,150,receiver_stage/0,8,20.606426,30.99544,10.389014,2,2.670272,2,7.6543
25,4,receiver_stage/4,9,5.554371,5.770256,0.215885,6,0.145432,0,0.0
25,11,receiver_stage/4,9,5.770306,6.002923,0.232617,7,0.118384,0,0.0
25,16,receiver_stage/4,9,6.003103,6.197078,0.193975,7,0.116373,0,0.0
25,18,receiver_stage/4,9,6.197108,6.394933,0.197825,7,0.138852,0,0.0
25,20,receiver_stage/4,9,6.394963,6.608159,0.213196,7,0.151524,0,0.0
25,22,receiver_stage/4,9,6.608189,7.322354,0.714165,7,0.666863,0,0.0
25,30,receiver_stage/4,9,7.322434,7.478788,0.156354,7,0.097751,0,0.0
25,33,receiver_stage/4,9,7.478908,8.256729,0.777821,4,0.068461,1,0.689039
25,41,receiver_stage/4,9,8.257019,8.453245,0.196226,7,0.061072,0,0.0
25,45,receiver_stage/4,9,8.453285,8.517586,0.064301,7,0.020709,0,0.0
25,46,receiver_stage/4,9,8.517616,8.623709,0.106093,7,0.0458,0,0.0
25,52,receiver_stage/4,9,8.623739,8.713722,0.089983,7,0.050582,0,0.0
25,55,receiver_stage/4,9,8.713762,9.842462,1.1287,7,0.758811,1,0.254877
25,80,receiver_stage/4,9,9.842522,10.191442,0.34892,7,0.286797,0,0.0
25,87,receiver_stage/4,9,10.191792,10.444909,0.253117,7,0.150633,0,0.0
25,92,receiver_stage/4,9,10.445289,13.131152,2.685863,3,0.336028,1,2.326423
25,116,receiver_stage/4,9,13.131222,13.614555,0.483333,7,0.421731,0,0.0
25,122,receiver_stage/4,9,13.614595,20.442412,6.827817,1,0.832612,1,5.979604
25,149,receiver_stage/4,9,20.442492,25.677154,5.234662,2,0.883585,1,4.308017
26,3,receiver_stage/3,2,7.390557,7.469489,0.078932,4,0.021521,0,0.0
26,8,receiver_stage/3,2,7.469629,7.740456,0.270827,7,0.149973,0,0.0
26,15,receiver_stage/3,2,7.740566,7.989813,0.249247,7,0.181395,0,0.0
26,21,receiver_stage/3,2,7.989913,8.9845,0.994587,7,0.555655,1,0.34986
26,30,receiver_stage/3,2,8.98453,9.383321,0.398791,7,0.277875,0,0.0
26,35,receiver_stage/3,2,9.383391,9.7243,0.340909,7,0.290376,0,0.0
26,44,receiver_stage/3,2,9.72434,10.08079,0.35645,7,0.233724,0,0.0
26,53,receiver_stage/3,2,10.08089,10.169833,0.088943,7,0.039279,0,0.0
26,57,receiver_stage/3,2,10.169863,10.508882,0.339019,7,0.225565,0,0.0
26,68,receiver_stage/3,2,10.508972,12.99597,2.486998,7,1.617323,1,0.688309
26,97,receiver_stage/3,2,12.99604,13.253617,0.257577,7,0.166124,0,0.0
26,99,receiver_stage/3,2,13.253767,14.408578,1.154811,6,0.987747,1,0.080442
26,108,receiver_stage/3,2,14.409038,14.914222,0.505184,7,0.448353,0,0.0
26,116,receiver_stage/3,2,14.914352,15.298082,0.38373,7,0.249237,0,0.0
26,118,receiver_stage/3,2,15.298212,15.541269,0.243057,7,0.139053,0,0.0
26,119,receiver_stage/3,2,15.541369,22.026716,6.485347,1,0.804292,1,5.661984
26,144,receiver_stage/3,2,22.026766,24.086152,2.059386,1,0.289518,1,1.757398
26,151,receiver_stage/3,2,24.086232,24.493123,0.406891,8,0.326978,0,0.0
26,156,receiver_stage/3,2,24.493213,24.605766,0.112553,6,0.060461,0,0.0
26,158,receiver_stage/3,2,24.609496,27.438634,2.829138,3,0.552304,1,2.248982
26,4,receiver_stage/4,3,7.406372,7.616588,0.210216,6,0.144334,0,0.0
26,12,receiver_stage/4,3,7.616628,7.813933,0.197305,7,0.116603,0,0.0
26,17,receiver_stage/4,3,7.814103,8.233685,0.419582,7,0.37011,0,0.0
26,24,receiver_stage/4,3,8.233715,8.357828,0.124113,7,0.07416,0,0.0
26,25,receiver_stage/4,3,8.357858,8.44344,0.085582,7,0.047799,0,0.0
26,27,receiver_stage/4,3,8.44355,9.595317,1.151767,7,0.757126,1,0.223396
26,40,receiver_stage/4,3,9.595447,10.307746,0.712299,7,0.562234,0,0.0
26,64,receiver_stage/4,3,10.307816,10.485751,0.177935,7,0.094953,0,0.0
26,67,receiver_stage/4,3,10.485891,10.720268,0.234377,7,0.133135,0,0.0
26,72,receiver_stage/4,3,10.720368,11.113668,0.3933,7,0.329608,0,0.0
26,76,receiver_stage/4,3,11.113788,11.710375,0.596587,7,0.501915,0,0.0
26,86,receiver_stage/4,3,11.710425,11.9073,0.196875,7,0.132253,0,0.0
26,89,receiver_stage/4,3,11.90742,12.27406,0.36664,7,0.246465,0,0.0
26,93,receiver_stage/4,3,12.27416,13.228836,0.954676,8,0.660747,1,0.193885
26,98,receiver_stage/4,3,13.228926,13.995997,0.767071,6,0.600906,1,0.072472
26,105,receiver_stage/4,3,13.996247,14.864101,0.867854,7,0.712838,1,0.082792
26,115,receiver_stage/4,3,14.864241,15.21295,0.348709,7,0.204944,0,0.0
26,117,receiver_stage/4,3,15.21302,15.56904,0.35602,7,0.244845,0,0.0
26,120,receiver_stage/4,3,15.56907,22.042266,6.473196,1,0.784451,1,5.669584
26,145,receiver_stage/4,3,22.042356,24.176605,2.134249,2,0.317219,1,1.798499
26,153,receiver_stage/4,3,24.176675,24.404631,0.227956,7,0.104813,0,0.0
26,155,receiver_stage/4,3,24.404661,24.636937,0.232276,7,0.119313,0,0.0
26,159,receiver_stage/4,3,24.637037,26.716394,2.079357,1,0.282708,1,1.787739
26,2,receiver_stage/2,4,7.37786,7.555545,0.177685,6,0.084402,0,0.0
26,9,receiver_stage/2,4,7.555625,7.791602,0.235977,7,0.118983,0,0.0
26,16,receiver_stage/2,4,7.791632,8.038678,0.247046,7,0.209465,0,0.0
26,22,receiver_stage/2,4,8.038718,8.874501,0.835783,7,0.550246,1,0.204475
26,28,receiver_stage/2,4,8.874591,8.980374,0.105783,7,0.066681,0,0.0
26,29,receiver_stage/2,4,8.980434,9.046076,0.065642,7,0.039809,0,0.0
26,31,receiver_stage/2,4,9.046186,9.349844,0.303658,7,0.181424,0,0.0
26,34,receiver_stage/2,4,9.349904,9.765686,0.415782,7,0.36787,0,0.0
26,46,receiver_stage/2,4,9.765796,10.126475,0.360679,7,0.244016,0,0.0
26,55,receiver_stage/2,4,10.126565,10.270079,0.143514,7,0.086682,0,0.0
26,63,receiver_stage/2,4,10.270119,11.320688,1.050569,7,0.671299,1,0.286078
26,80,receiver_stage/2,4,11.320768,11.619346,0.298578,7,0.252457,0,0.0
26,85,receiver_stage/2,4,11.619416,11.7799,0.160484,6,0.09904,0,0.0
26,87,receiver_stage/2,4,11.77993,12.12136,0.34143,7,0.231045,0,0.0
26,91,receiver_stage/2,4,12.12145,12.372617,0.251167,7,0.146366,0,0.0
26,94,receiver_stage/2,4,12.372707,13.340023,0.967316,7,0.525873,1,0.320128
26,101,receiver_stage/2,4,13.340303,13.704943,0.36464,7,0.253526,0,0.0
26,104,receiver_stage/2,4,13.705193,14.454383,0.74919,7,0.552173,1,0.094092
26,110,receiver_stage/2,4,14.454413,17.316922,2.862509,8,1.0648,1,1.620294
26,128,receiver_stage/2,4,17.317012,17.773624,0.456612,7,0.393011,0,0.0
26,129,receiver_stage/2,4,17.773794,17.942859,0.169065,7,0.101243,0,0.0
26,130,receiver_stage/2,4,17.943139,18.248927,0.305788,7,0.247407,0,0.0
26,131,receiver_stage/2,4,18.249287,18.499034,0.249747,7,0.173234,0,0.0
26,135,receiver_stage/2,4,18.499104,18.668348,0.169244,7,0.099091,0,0.0
26,136,receiver_stage/2,4,18.668568,22.999256,4.330688,1,0.517734,1,3.803193
26,147,receiver_stage/2,4,22.999326,25.889355,2.890029,3,0.581296,1,2.273932
26,6,receiver_stage/6,5,7.441878,7.668145,0.226267,7,0.095832,0,0.0
26,14,receiver_stage/6,5,7.668205,7.916201,0.247996,7,0.160654,0,0.0
26,20,receiver_stage/6,5,7.916311,9.396881,1.48057,7,0.983055,1,0.35655
26,36,receiver_stage/6,5,9.396961,9.71856,0.321599,7,0.268548,0,0.0
26,43,receiver_stage/6,5,9.71867,9.806942,0.088272,7,0.04404,0,0.0
26,47,receiver_stage/6,5,9.807022,10.07285,0.265828,7,0.158075,0,0.0
26,52,receiver_stage/6,5,10.07289,10.205913,0.133023,7,0.067812,0,0.0
26,59,receiver_stage/6,5,10.205944,10.46375,0.257806,7,0.135332,0,0.0
26,66,receiver_stage/6,5,10.46402,10.795289,0.331269,7,0.231275,0,0.0
26,73,receiver_stage/6,5,10.795429,11.016445,0.221016,7,0.087072,0,0.0
26,74,receiver_stage/6,5,11.016495,11.161409,0.144914,7,0.083232,0,0.0
26,77,receiver_stage/6,5,11.161529,11.361455,0.199926,7,0.070921,0,0.0
26,81,receiver_stage/6,5,11.361575,11.597171,0.235596,7,0.197725,0,0.0
26,84,receiver_stage/6,5,11.597262,11.792647,0.195385,7,0.125884,0,0.0
26,88,receiver_stage/6,5,11.792727,12.039083,0.246356,7,0.137293,0,0.0
26,90,receiver_stage/6,5,12.039203,12.262939,0.223736,7,0.119353,0,0.0
26,92,receiver_stage/6,5,12.263059,12.586378,0.323319,7,0.218236,0,0.0
26,95,receiver_stage/6,5,12.586578,13.530624,0.944046,7,0.575596,1,0.294958
26,102,receiver_stage/6,5,13.530684,18.472869,4.942185,3,1.329276,3,3.581269
26,134,receiver_stage/6,5,18.472999,18.693855,0.220856,7,0.115892,0,0.0
26,137,receiver_stage/6,5,18.694265,19.716893,1.022628,7,0.587625,1,0.318468
26,138,receiver_stage/6,5,19.716963,20.765521,1.048558,7,0.625235,1,0.317969
26,141,receiver_stage/6,5,20.765581,23.241209,2.475628,2,0.339219,1,2.122008
26,148,receiver_stage/6,5,23.241269,25.994424,2.753155,1,0.481643,1,2.257742
26,5,receiver_stage/5,6,7.421158,7.616173,0.195015,4,0.091243,0,0.0
26,11,receiver_stage/5,6,7.616393,9.063412,1.447019,7,0.996318,1,0.299898
26,32,receiver_stage/5,6,9.063513,9.472048,0.408535,7,0.287749,0,0.0
26,38,receiver_stage/5,6,9.472228,9.685624,0.213396,7,0.145225,0,0.0
26,41,receiver_stage/5,6,9.685734,10.005663,0.319929,7,0.270047,0,0.0
26,50,receiver_stage/5,6,10.005783,10.221059,0.215276,7,0.150585,0,0.0
26,61,receiver_stage/5,6,10.221169,10.513967,0.292798,8,0.03122,0,0.0
26,69,receiver_stage/5,6,10.513997,12.871381,2.357384,7,1.49626,1,0.690429
26,96,receiver_stage/5,6,12.871451,13.291432,0.419981,7,0.317808,0,0.0
26,100,receiver_stage/5,6,13.291652,13.56932,0.277668,7,0.155573,0,0.0
26,103,receiver_stage/5,6,13.56946,16.802608,3.233148,3,0.365891,1,2.843937
26,125,receiver_stage/5,6,16.803598,21.375093,4.571495,1,0.509363,1,4.048531
26,143,receiver_stage/5,6,21.375163,26.302157,4.926994,3,0.72207,1,4.167023
26,7,receiver_stage/7,7,7.453854,7.64667,0.192816,7,0.086533,0,0.0
26,13,receiver_stage/7,7,7.64671,7.877556,0.230846,7,0.151893,0,0.0
26,19,receiver_stage/7,7,7.877666,8.3799,0.502234,7,0.456103,0,0.0
26,26,receiver_stage/7,7,8.38004,9.69443,1.31439,7,0.966261,1,0.225686
26,42,receiver_stage/7,7,9.69453,9.851544,0.157014,7,0.104883,0,0.0
26,48,receiver_stage/7,7,9.851594,10.086851,0.235257,7,0.160684,0,0.0
26,54,receiver_stage/7,7,10.086941,10.137132,0.050191,6,0.0175,0,0.0
26,56,receiver_stage/7,7,10.137162,10.229795,0.092633,6,0.050311,0,0.0
26,62,receiver_stage/7,7,10.229825,11.582802,1.352977,7,0.893744,1,0.309449
26,83,receiver_stage/7,7,11.582902,14.290675,2.707773,7,1.289113,1,1.235463
26,106,receiver_stage/7,7,14.290795,14.427339,0.136544,7,0.062102,0,0.0
26,109,receiver_stage/7,7,14.427539,14.725297,0.297758,7,0.260097,0,0.0
26,113,receiver_stage/7,7,14.725417,17.263437,2.53802,7,0.722089,1,1.704377
26,127,receiver_stage/7,7,17.263527,18.47164,1.208113,1,0.129913,1,1.07085
26,133,receiver_stage/7,7,18.47167,20.829014,2.357344,1,0.287568,1,2.060536
26,142,receiver_stage/7,7,20.829074,25.881022,5.051948,2,0.76407,1,4.248896
26,0,receiver_stage/0,8,7.343235,7.856829,0.513594,4,0.429142,0,0.0
26,18,receiver_stage/0,8,7.856859,8.214749,0.35789,7,0.308708,0,0.0
26,23,receiver_stage/0,8,8.214879,9.410482,1.195603,6,0.898535,1,0.205896
26,37,receiver_stage/0,8,9.410572,9.915115,0.504543,7,0.450202,0,0.0
26,49,receiver_stage/0,8,9.915165,10.186993,0.271828,7,0.194905,0,0.0
26,58,receiver_stage/0,8,10.187023,10.43744,0.250417,7,0.131435,0,0.0
26,65,receiver_stage/0,8,10.43756,10.555193,0.117633,7,0.044162,0,0.0
26,70,receiver_stage/0,8,10.555313,11.019146,0.463833,7,0.40341,0,0.0
26,75,receiver_stage/0,8,11.019216,11.209001,0.189785,7,0.063311,0,0.0
26,79,receiver_stage/0,8,11.209081,15.975901,4.76682,1,0.251517,1,4.503223
26,121,receiver_stage/0,8,15.976041,16.221757,0.245716,7,0.110763,0,0.0
26,122,receiver_stage/0,8,16.221797,16.446954,0.225157,7,0.111453,0,0.0
26,123,receiver_stage/0,8,16.447284,16.69404,0.246756,7,0.105802,0,0.0
26,124,receiver_stage/0,8,16.69407,16.898776,0.204706,7,0.054181,0,0.0
26,126,receiver_stage/0,8,16.898836,18.312384,1.413548,3,0.306068,1,1.078959
26,132,receiver_stage/0,8,18.312504,23.913077,5.600573,2,1.034917,2,4.538885
26,149,receiver_stage/0,8,23.913147,23.984649,0.071502,6,0.024131,0,0.0
26,150,receiver_stage/0,8,23.984679,24.108053,0.123374,7,0.085913,0,0.0
26,152,receiver_stage/0,8,24.108103,24.306428,0.198325,7,0.05134,0,0.0
26,154,receiver_stage/0,8,24.306518,24.535954,0.229436,7,0.097942,0,0.0
26,157,receiver_stage/0,8,24.536064,27.179656,2.643592,3,0.438183,1,2.182219
26,1,receiver_stage/1,9,7.362996,7.615793,0.252797,7,0.159315,0,0.0
26,10,receiver_stage/1,9,7.615853,9.280128,1.664275,7,1.177692,1,0.317889
26,33,receiver_stage/1,9,9.280498,9.521775,0.241277,7,0.139115,0,0.0
26,39,receiver_stage/1,9,9.521905,9.765201,0.243296,7,0.156434,0,0.0
26,45,receiver_stage/1,9,9.765251,10.029649,0.264398,7,0.150436,0,0.0
26,51,receiver_stage/1,9,10.029679,10.206283,0.176604,7,0.112963,0,0.0
26,60,receiver_stage/1,9,10.206413,10.577433,0.37102,7,0.246565,0,0.0
26,71,receiver_stage/1,9,10.578504,11.19057,0.612066,7,0.548772,0,0.0
26,78,receiver_stage/1,9,11.19062,11.393876,0.203256,7,0.127973,0,0.0
26,82,receiver_stage/1,9,11.393966,14.292025,2.898059,7,1.592383,1,1.119491
26,107,receiver_stage/1,9,14.292125,14.47146,0.179335,7,0.091042,0,0.0
26,111,receiver_stage/1,9,14.47168,14.616844,0.145164,7,0.091363,0,0.0
26,112,receiver_stage/1,9,14.616954,14.739777,0.122823,7,0.077332,0,0.0
26,114,receiver_stage/1,9,14.739847,19.841866,5.102019,1,0.537485,1,4.550274
26,139,receiver_stage/1,9,19.841946,20.088113,0.246167,7,0.167045,0,0.0
26,140,receiver_stage/1,9,20.088173,22.89982,2.811647,1,0.302468,1,2.502039
26,146,receiver_stage/1,9,22.89994,27.963638,5.063698,1,0.507414,1,4.542764
27,3,receiver_stage/3,2,7.808823,7.974947,0.166124,6,0.084252,0,0.0
27,10,receiver_stage/3,2,7.975007,8.177453,0.202446,7,0.120506,0,0.0
27,15,receiver_stage/3,2,8.177573,8.600344,0.422771,7,0.373288,0,0.0
27,25,receiver_stage/3,2,8.600374,8.880282,0.279908,7,0.155954,0,0.0
27,26,receiver_stage/3,2,8.880402,9.207081,0.326679,7,0.231434,0,0.0
27,28,receiver_stage/3,2,9.207181,9.578031,0.37085,7,0.238706,0,0.0
27,35,receiver_stage/3,2,9.578161,9.948671,0.37051,7,0.293918,0,0.0
27,46,receiver_stage/3,2,9.948941,10.28805,0.339109,7,0.233236,0,0.0
27,56,receiver_stage/3,2,10.28816,10.509276,0.221116,7,0.069462,0,0.0
27,62,receiver_stage/3,2,10.509416,10.967639,0.458223,7,0.312218,0,0.0
27,69,receiver_stage/3,2,10.967949,11.292688,0.324739,7,0.169074,0,0.0
27,72,receiver_stage/3,2,11.292748,12.303435,1.010687,7,0.799442,1,0.111793
27,81,receiver_stage/3,2,12.303495,12.647505,0.34401,7,0.229886,0,0.0
27,85,receiver_stage/3,2,12.647605,12.873101,0.225496,7,0.100252,0,0.0
27,89,receiver_stage/3,2,12.873141,15.837602,2.964461,3,0.394891,1,2.54874
27,131,receiver_stage/3,2,15.838012,18.633158,2.795146,1,0.473153,1,2.304713
27,142,receiver_stage/3,2,18.633198,24.657652,6.024454,1,0.840393,1,5.161681
27,151,receiver_stage/3,2,24.657702,28.477586,3.819884,2,0.717639,1,3.068313
27,155,receiver_stage/3,2,28.477856,28.755354,0.277498,7,0.168155,0,0.0
27,156,receiver_stage/3,2,28.755574,32.051204,3.29563,2,0.547796,1,2.723254
27,0,receiver_stage/0,3,7.765806,8.2836,0.517794,4,0.432223,0,0.0
27,20,receiver_stage/0,3,8.283701,9.36211,1.078409,7,0.744581,1,0.217916
27,32,receiver_stage/0,3,9.36223,9.632037,0.269807,7,0.187005,0,0.0
27,38,receiver_stage/0,3,9.632087,9.860383,0.228296,7,0.154154,0,0.0
27,43,receiver_stage/0,3,9.860513,10.213473,0.35296,7,0.240565,0,0.0
27,53,receiver_stage/0,3,10.213513,10.361787,0.148274,7,0.070492,0,0.0
27,57,receiver_stage/0,3,10.361857,10.557253,0.195396,7,0.124044,0,0.0
27,63,receiver_stage/0,3,10.557283,10.81799,0.260707,7,0.122965,0,0.0
27,66,receiver_stage/0,3,10.8182,11.447447,0.629247,7,0.311389,1,0.222326
27,73,receiver_stage/0,3,11.447817,11.771806,0.323989,7,0.187745,0,0.0
27,75,receiver_stage/0,3,11.771886,11.991102,0.219216,7,0.131723,0,0.0
27,77,receiver_stage/0,3,11.991162,12.203477,0.212315,7,0.146304,0,0.0
27,80,receiver_stage/0,3,12.203588,12.528706,0.325118,7,0.177914,0,0.0
27,82,receiver_stage/0,3,12.528756,12.873336,0.34458,7,0.240978,0,0.0
27,90,receiver_stage/0,3,12.873416,13.275137,0.401721,7,0.35672,0,0.0
27,99,receiver_stage/0,3,13.275237,13.527504,0.252267,7,0.130473,0,0.0
27,104,receiver_stage/0,3,13.527564,15.358123,1.830559,1,0.200355,1,1.620714
27,121,receiver_stage/0,3,15.358224,15.622511,0.264287,7,0.125992,0,0.0
27,125,receiver_stage/0,3,15.622561,15.833566,0.211005,7,0.127222,0,0.0
27,130,receiver_stage/0,3,15.833636,16.022412,0.188776,7,0.120424,0,0.0
27,133,receiver_stage/0,3,16.022632,16.210917,0.188285,7,0.059101,0,0.0
27,136,receiver_stage/0,3,16.210987,16.3297,0.118713,7,0.075622,0,0.0
27,138,receiver_stage/0,3,16.3298,16.518415,0.188615,7,0.093572,0,0.0
27,140,receiver_stage/0,3,16.518515,19.795094,3.276579,7,2.380545,1,0.622497
27,144,receiver_stage/0,3,19.795304,23.501306,3.706002,2,0.583585,1,3.097555
27,150,receiver_stage/0,3,23.501436,29.275243,5.773807,1,0.845243,1,4.906394
27,157,receiver_stage/0,3,29.275363,31.932236,2.656873,1,0.393871,1,2.249702
27,7,receiver_stage/7,4,7.87363,8.067995,0.194365,7,0.084431,0,0.0
27,14,receiver_stage/7,4,8.068025,8.321602,0.253577,7,0.215505,0,0.0
27,22,receiver_stage/7,4,8.321682,9.215516,0.893834,7,0.562405,1,0.219546
27,29,receiver_stage/7,4,9.215646,9.500594,0.284948,7,0.154395,0,0.0
27,34,receiver_stage/7,4,9.500644,10.183987,0.683343,7,0.601249,0,0.0
27,52,receiver_stage/7,4,10.184077,10.374123,0.190046,7,0.081533,0,0.0
27,58,receiver_stage/7,4,10.374233,10.472965,0.098732,7,0.03974,0,0.0
27,60,receiver_stage/7,4,10.472995,10.618189,0.145194,7,0.088143,0,0.0
27,65,receiver_stage/7,4,10.61848,10.982199,0.363719,7,0.247876,0,0.0
27,70,receiver_stage/7,4,10.982589,12.659885,1.677296,7,1.038837,1,0.535125
27,86,receiver_stage/7,4,12.659955,12.900222,0.240267,7,0.115172,0,0.0
27,91,receiver_stage/7,4,12.900482,13.078966,0.178484,7,0.110942,0,0.0
27,94,receiver_stage/7,4,13.079027,13.19513,0.116103,7,0.062682,0,0.0
27,96,receiver_stage/7,4,13.1954,14.194397,0.998997,7,0.567415,1,0.316788
27,109,receiver_stage/7,4,14.194467,14.382122,0.187655,7,0.105393,0,0.0
27,113,receiver_stage/7,4,14.386732,14.790633,0.403901,8,0.317408,0,0.0
27,116,receiver_stage/7,4,14.790663,15.05259,0.261927,7,0.220496,0,0.0
27,118,receiver_stage/7,4,15.05291,15.268726,0.215816,7,0.048151,0,0.0
27,120,receiver_stage/7,4,15.268756,15.539894,0.271138,7,0.125633,0,0.0
27,124,receiver_stage/7,4,15.539944,29.33916,13.799216,8,8.679457,6,4.897333
27,158,receiver_stage/7,4,29.33927,32.085614,2.746344,3,0.485123,1,2.22587
27,1,receiver_stage/1,5,7.782542,7.960547,0.178005,4,0.093511,0,0.0
27,9,receiver_stage/1,5,7.960597,8.213563,0.252966,7,0.124643,0,0.0
27,17,receiver_stage/1,5,8.213693,8.585504,0.371811,7,0.329789,0,0.0
27,24,receiver_stage/1,5,8.585684,9.008125,0.422441,7,0.230997,0,0.0
27,27,receiver_stage/1,5,9.008195,9.269702,0.261507,7,0.151573,0,0.0
27,30,receiver_stage/1,5,9.270462,9.631432,0.36097,7,0.248995,0,0.0
27,37,receiver_stage/1,5,9.631492,9.90602,0.274528,7,0.203456,0,0.0
27,44,receiver_stage/1,5,9.90612,10.087795,0.181675,7,0.094442,0,0.0
27,49,receiver_stage/1,5,10.087875,12.871201,2.783326,7,1.584803,1,1.021268
27,88,receiver_stage/1,5,12.871301,13.068866,0.197565,7,0.054441,0,0.0
27,93,receiver_stage/1,5,13.068966,13.22106,0.152094,7,0.073561,0,0.0
27,98,receiver_stage/1,5,13.22114,13.354374,0.133234,8,0.079363,0,0.0
27,101,receiver_stage/1,5,13.354504,13.469747,0.115243,7,0.068612,0,0.0
27,102,receiver_stage/1,5,13.469857,13.710033,0.240176,7,0.177723,0,0.0
27,106,receiver_stage/1,5,13.710093,13.849647,0.139554,7,0.072512,0,0.0
27,107,receiver_stage/1,5,13.849707,14.003651,0.153944,7,0.089393,0,0.0
27,108,receiver_stage/1,5,14.003761,14.195077,0.191316,7,0.084712,0,0.0
27,110,receiver_stage/1,5,14.195127,14.344681,0.149554,7,0.063562,0,0.0
27,112,receiver_stage/1,5,14.344711,19.882432,5.537721,3,1.517792,2,3.961998
27,145,receiver_stage/1,5,19.882672,20.587591,0.704919,7,0.500885,1,0.103343
27,146,receiver_stage/1,5,20.587641,21.308331,0.72069,7,0.540615,1,0.086253
27,147,receiver_stage/1,5,21.308401,27.017766,5.709365,3,0.863733,1,4.797661
27,152,receiver_stage/1,5,27.017846,30.690947,3.673101,1,0.642157,1,3.014463
27,5,receiver_stage/5,6,7.835473,8.046709,0.211236,6,0.143694,0,0.0
27,11,receiver_stage/5,6,8.046749,8.271495,0.224746,7,0.145922,0,0.0
27,18,receiver_stage/5,6,8.271575,9.75158,1.480005,7,1.000101,1,0.370371
27,40,receiver_stage/5,6,9.75168,10.11905,0.36737,7,0.238587,0,0.0
27,51,receiver_stage/5,6,10.1191,10.266684,0.147584,7,0.068971,0,0.0
27,54,receiver_stage/5,6,10.267074,10.450229,0.183155,7,0.061621,0,0.0
27,59,receiver_stage/5,6,10.450269,10.49913,0.048861,6,0.017431,0,0.0
27,61,receiver_stage/5,6,10.49916,10.593423,0.094263,6,0.050761,0,0.0
27,64,receiver_stage/5,6,10.593543,10.87148,0.277937,7,0.160914,0,0.0
27,67,receiver_stage/5,6,10.87152,11.550389,0.678869,7,0.346731,1,0.262787
27,74,receiver_stage/5,6,11.550619,11.924369,0.37375,7,0.256277,0,0.0
27,76,receiver_stage/5,6,11.924489,12.131515,0.207026,6,0.113514,0,0.0
27,79,receiver_stage/5,6,12.131605,12.937166,0.805561,6,0.656609,1,0.084152
27,92,receiver_stage/5,6,12.937236,13.285496,0.34826,7,0.285056,0,0.0
27,100,receiver_stage/5,6,13.285676,13.490582,0.204906,7,0.105755,0,0.0
27,103,receiver_stage/5,6,13.490682,13.660796,0.170114,7,0.104203,0,0.0
27,105,receiver_stage/5,6,13.660876,15.514737,1.853861,2,0.209616,1,1.629385
27,123,receiver_stage/5,6,15.514937,15.656121,0.141184,6,0.072701,0,0.0
27,127,receiver_stage/5,6,15.656361,15.830635,0.174274,7,0.093933,0,0.0
27,129,receiver_stage/5,6,15.831025,16.040011,0.208986,7,0.117272,0,0.0
27,134,receiver_stage/5,6,16.040281,16.337859,0.297578,6,0.175554,0,0.0
27,139,receiver_stage/5,6,16.337909,34.370551,18.032642,8,9.573909,7,8.262527
27,4,receiver_stage/4,7,7.828539,7.914561,0.086022,4,0.0238,0,0.0
27,8,receiver_stage/4,7,7.914601,8.178139,0.263538,7,0.149814,0,0.0
27,16,receiver_stage/4,7,8.178249,8.534048,0.355799,7,0.310966,0,0.0
27,23,receiver_stage/4,7,8.534128,9.756751,1.222623,6,0.917494,1,0.210865
27,41,receiver_stage/4,7,9.757001,10.046769,0.289768,7,0.151162,0,0.0
27,48,receiver_stage/4,7,10.046929,15.815106,5.768177,3,1.683176,3,4.03159
27,128,receiver_stage/4,7,15.815316,16.158406,0.34309,7,0.287399,0,0.0
27,135,receiver_stage/4,7,16.158546,16.222427,0.063881,6,0.02233,0,0.0
27,137,receiver_stage/4,7,16.222457,43.548933,27.326476,8,15.232594,7,11.769713
27,6,receiver_stage/6,8,7.854794,8.05393,0.199136,7,0.086913,0,0.0
27,13,receiver_stage/6,8,8.05401,8.313697,0.259687,7,0.187075,0,0.0
27,21,receiver_stage/6,8,8.313817,9.433397,1.11958,7,0.73568,1,0.224756
27,33,receiver_stage/6,8,9.433587,9.730935,0.297348,7,0.207244,0,0.0
27,39,receiver_stage/6,8,9.730975,9.91949,0.188515,7,0.119922,0,0.0
27,45,receiver_stage/6,8,9.9196,10.046113,0.126513,7,0.04487,0,0.0
27,47,receiver_stage/6,8,10.046343,10.274519,0.228176,7,0.133644,0,0.0
27,55,receiver_stage/6,8,10.274669,10.907197,0.632528,7,0.533974,0,0.0
27,68,receiver_stage/6,8,10.907297,11.258636,0.351339,7,0.234336,0,0.0
27,71,receiver_stage/6,8,11.258786,12.068088,0.809302,7,0.594296,1,0.103522
27,78,receiver_stage/6,8,12.068138,12.607463,0.539325,6,0.36946,1,0.079652
27,83,receiver_stage/6,8,12.607563,12.86211,0.254547,7,0.148293,0,0.0
27,87,receiver_stage/6,8,12.86222,13.115687,0.253467,7,0.107442,0,0.0
27,95,receiver_stage/6,8,13.115767,13.207179,0.091412,7,0.04586,0,0.0
27,97,receiver_stage/6,8,13.2073,14.267428,1.060128,7,0.639565,1,0.313979
27,111,receiver_stage/6,8,14.267578,14.415212,0.147634,7,0.072261,0,0.0
27,114,receiver_stage/6,8,14.415372,14.774242,0.35887,7,0.306978,0,0.0
27,115,receiver_stage/6,8,14.774272,14.980628,0.206356,7,0.167916,0,0.0
27,117,receiver_stage/6,8,14.980658,15.195394,0.214736,7,0.195345,0,0.0
27,119,receiver_stage/6,8,15.195434,15.42426,0.228826,7,0.115242,0,0.0
27,122,receiver_stage/6,8,15.42431,15.647256,0.222946,7,0.122103,0,0.0
27,126,receiver_stage/6,8,15.647506,15.990995,0.343489,7,0.285538,0,0.0
27,132,receiver_stage/6,8,15.991076,18.829463,2.838387,2,0.544205,1,2.270962
27,143,receiver_stage/6,8,18.829593,22.511723,3.68213,2,0.558975,1,3.089014
27,148,receiver_stage/6,8,22.512173,28.312241,5.800068,3,0.996648,1,4.747729
27,154,receiver_stage/6,8,28.313091,31.217691,2.9046,3,0.558936,1,2.306673
27,2,receiver_stage/2,9,7.800162,8.052519,0.252357,7,0.160075,0,0.0
27,12,receiver_stage/2,9,8.052869,8.272845,0.219976,7,0.146284,0,0.0
27,19,receiver_stage/2,9,8.272895,9.303183,1.030288,7,0.566954,1,0.37745
27,31,receiver_stage/2,9,9.303283,9.593791,0.290508,7,0.162113,0,0.0
27,36,receiver_stage/2,9,9.593841,9.837748,0.243907,7,0.166223,0,0.0
27,42,receiver_stage/2,9,9.837878,10.099335,0.261457,7,0.136384,0,0.0
27,50,receiver_stage/2,9,10.099455,12.621214,2.521759,7,1.289926,1,1.039818
27,84,receiver_stage/2,9,12.621294,16.991203,4.369909,3,0.405811,1,3.941368
27,141,receiver_stage/2,9,16.991273,22.957526,5.966253,1,0.835843,1,5.10785
27,149,receiver_stage/2,9,22.957716,27.247223,4.289507,2,1.141691,2,3.116216
27,153,receiver_stage/2,9,27.247293,30.044939,2.797646,1,0.476173,1,2.305943
27,159,receiver_stage/2,9,30.045009,33.328308,3.283299,3,0.572125,1,2.674692
28,4,receiver_stage/4,2,7.219332,7.49598,0.276648,7,0.160285,0,0.0
28,12,receiver_stage/4,2,7.4961,7.714826,0.218726,7,0.144812,0,0.0
28,20,receiver_stage/4,2,7.714986,8.065635,0.350649,7,0.238217,0,0.0
28,29,receiver_stage/4,2,8.065735,8.24694,0.181205,7,0.113675,0,0.0
28,31,receiver_stage/4,2,8.24697,8.491987,0.245017,7,0.131191,0,0.0
28,34,receiver_stage/4,2,8.492077,8.665392,0.173315,7,0.093624,0,0.0
28,38,receiver_stage/4,2,8.665542,9.033512,0.36797,7,0.234317,0,0.0
28,44,receiver_stage/4,2,9.033562,9.248258,0.214696,7,0.075822,0,0.0
28,51,receiver_stage/4,2,9.248598,14.124941,4.876343,2,0.568366,1,4.263387
28,116,receiver_stage/4,2,14.125461,14.920272,0.794811,7,0.567265,1,0.098103
28,121,receiver_stage/4,2,14.920312,15.223921,0.303609,7,0.196813,0,0.0
28,123,receiver_stage/4,2,15.223981,19.647331,4.42335,1,0.485713,1,3.927707
28,132,receiver_stage/4,2,19.647611,22.098538,2.450927,1,0.242607,1,2.19599
28,137,receiver_stage/4,2,22.098618,25.810709,3.712091,1,0.633658,1,3.061863
28,146,receiver_stage/4,2,25.810969,47.299481,21.488512,8,9.063462,7,12.204736
28,0,receiver_stage/0,3,7.153044,7.701279,0.548235,4,0.451622,0,0.0
28,18,receiver_stage/0,3,7.701419,8.053049,0.35163,7,0.236395,0,0.0
28,28,receiver_stage/0,3,8.053149,8.297336,0.244187,7,0.163883,0,0.0
28,33,receiver_stage/0,3,8.297466,8.697596,0.40013,7,0.267447,0,0.0
28,39,receiver_stage/0,3,8.697706,9.082328,0.384622,7,0.243465,0,0.0
28,45,receiver_stage/0,3,9.082428,10.152057,1.069629,7,0.933975,0,0.0
28,66,receiver_stage/0,3,10.152317,13.007465,2.855148,5,0.256638,1,2.56002
28,104,receiver_stage/0,3,13.007565,13.359335,0.35177,7,0.185486,0,0.0
28,109,receiver_stage/0,3,13.359365,13.54807,0.188705,6,0.106995,0,0.0
28,112,receiver_stage/0,3,13.54811,19.07357,5.52546,7,4.134292,1,1.037449
28,127,receiver_stage/0,3,19.07365,19.528193,0.454543,7,0.336609,0,0.0
28,130,receiver_stage/0,3,19.528313,25.989559,6.461246,2,0.987428,1,5.438968
28,147,receiver_stage/0,3,25.989719,39.115867,13.126148,1,2.20464,1,10.874827
28,1,receiver_stage/1,4,7.172391,7.391607,0.219216,4,0.112293,0,0.0
28,8,receiver_stage/1,4,7.391767,7.453749,0.061982,4,0.01967,0,0.0
28,11,receiver_stage/1,4,7.453769,7.689435,0.235666,7,0.160154,0,0.0
28,17,receiver_stage/1,4,7.689636,7.969103,0.279467,7,0.224635,0,0.0
28,26,receiver_stage/1,4,7.969133,8.195359,0.226226,7,0.152302,0,0.0
28,30,receiver_stage/1,4,8.195379,8.542519,0.34714,7,0.228636,0,0.0
28,36,receiver_stage/1,4,8.542549,8.722774,0.180225,7,0.08164,0,0.0
28,40,receiver_stage/1,4,8.722924,9.237611,0.514687,7,0.326198,0,0.0
28,50,receiver_stage/1,4,9.237651,17.601499,8.363848,1,0.877754,1,7.465334
28,126,receiver_stage/1,4,17.601789,22.278317,4.676528,2,0.572606,1,4.078181
28,138,receiver_stage/1,4,22.278447,25.345431,3.066984,7,2.534458,1,0.275208
28,145,receiver_stage/1,4,25.345531,30.347427,5.001896,1,0.687639,1,4.297237
28,151,receiver_stage/1,4,30.347597,30.976044,0.628447,7,0.420791,0,0.0
28,152,receiver_stage/1,4,30.976114,31.906279,0.930165,7,0.800902,0,0.0
28,156,receiver_stage/1,4,31.906319,32.146736,0.240417,7,0.159334,0,0.0
28,157,receiver_stage/1,4,32.146796,32.319461,0.172665,7,0.106954,0,0.0
28,158,receiver_stage/1,4,32.319551,45.897061,13.57751,2,4.496254,2,9.012715
28,3,receiver_stage/3,5,7.202336,7.399982,0.197646,7,0.089622,0,0.0
28,9,receiver_stage/3,5,7.400022,7.576697,0.176675,6,0.125983,0,0.0
28,15,receiver_stage/3,5,7.576807,7.71936,0.142553,7,0.101463,0,0.0
28,21,receiver_stage/3,5,7.71941,7.968757,0.249347,7,0.135133,0,0.0
28,25,receiver_stage/3,5,7.968857,9.192481,1.223624,6,0.903534,1,0.214516
28,48,receiver_stage/3,5,9.192631,9.933671,0.74104,7,0.540364,1,0.097812
28,62,receiver_stage/3,5,9.933881,10.199998,0.266117,7,0.146973,0,0.0
28,68,receiver_stage/3,5,10.200028,10.444695,0.244667,7,0.112891,0,0.0
28,73,receiver_stage/3,5,10.444765,10.6278,0.183035,7,0.105201,0,0.0
28,76,receiver_stage/3,5,10.62843,10.920168,0.291738,7,0.041202,0,0.0
28,79,receiver_stage/3,5,10.920198,11.258527,0.338329,7,0.196205,0,0.0
28,82,receiver_stage/3,5,11.258617,11.401341,0.142724,8,0.084023,0,0.0
28,84,receiver_stage/3,5,11.401421,11.566775,0.165354,7,0.101312,0,0.0
28,86,receiver_stage/3,5,11.566805,11.698179,0.131374,7,0.065231,0,0.0
28,89,receiver_stage/3,5,11.698279,11.863453,0.165174,7,0.102623,0,0.0
28,91,receiver_stage/3,5,11.863493,11.956116,0.092623,7,0.06367,0,0.0
28,94,receiver_stage/3,5,11.956156,12.172482,0.216326,7,0.117392,0,0.0
28,98,receiver_stage/3,5,12.172552,12.576843,0.404291,8,0.328309,0,0.0
28,101,receiver_stage/3,5,12.576873,12.745338,0.168465,7,0.092702,0,0.0
28,102,receiver_stage/3,5,12.745558,13.084687,0.339129,7,0.293906,0,0.0
28,105,receiver_stage/3,5,13.084737,13.327073,0.242336,7,0.098473,0,0.0
28,108,receiver_stage/3,5,13.327344,13.481418,0.154074,7,0.085533,0,0.0
28,110,receiver_stage/3,5,13.481528,13.658962,0.177434,7,0.05697,0,0.0
28,113,receiver_stage/3,5,13.658983,16.528401,2.869418,1,0.303818,1,2.55455
28,124,receiver_stage/3,5,16.528481,20.939701,4.41122,1,0.497834,1,3.899306
28,135,receiver_stage/3,5,20.939771,23.285985,2.346214,3,0.214756,1,2.088087
28,140,receiver_stage/3,5,23.286075,27.740347,4.454272,1,0.609286,1,3.818605
28,148,receiver_stage/3,5,27.740427,27.948182,0.207755,7,0.088121,0,0.0
28,149,receiver_stage/3,5,27.948212,33.231556,5.283344,1,0.821922,1,4.442991
28,5,receiver_stage/5,6,7.231332,7.50914,0.277808,7,0.141842,0,0.0
28,13,receiver_stage/5,6,7.50917,7.761156,0.251986,7,0.183465,0,0.0
28,23,receiver_stage/5,6,7.761266,8.841036,1.07977,7,0.613256,1,0.36733
28,43,receiver_stage/5,6,8.841186,9.218146,0.37696,7,0.265137,0,0.0
28,49,receiver_stage/5,6,9.218196,10.148302,0.930106,7,0.742209,1,0.100022
28,65,receiver_stage/5,6,10.148492,10.347727,0.199235,7,0.133882,0,0.0
28,71,receiver_stage/5,6,10.347927,13.669618,3.321691,8,0.036291,1,2.970511
28,114,receiver_stage/5,6,13.669688,16.579327,2.909639,1,0.295678,1,2.602851
28,125,receiver_stage/5,6,16.579397,19.24735,2.667953,1,0.298678,1,2.357495
28,128,receiver_stage/5,6,19.24742,19.544228,0.296808,7,0.213995,0,0.0
28,131,receiver_stage/5,6,19.544258,20.545325,1.001067,7,0.710459,1,0.169435
28,133,receiver_stage/5,6,20.545405,20.70725,0.161845,7,0.088203,0,0.0
28,134,receiver_stage/5,6,20.70731,20.946416,0.239106,7,0.121102,0,0.0
28,136,receiver_stage/5,6,20.946466,24.928585,3.982119,3,0.837913,1,3.095955
28,142,receiver_stage/5,6,24.928655,31.446723,6.518068,1,0.842213,1,5.654045
28,153,receiver_stage/5,6,31.446773,31.618887,0.172114,4,0.132304,0,0.0
28,155,receiver_stage/5,6,31.618987,32.357817,0.73883,7,0.473682,1,0.175574
28,159,receiver_stage/5,6,32.357897,34.000702,1.642805,7,1.11464,1,0.330549
28,6,receiver_stage/6,7,7.264149,7.540957,0.276808,7,0.163555,0,0.0
28,14,receiver_stage/6,7,7.541317,7.742742,0.201425,7,0.137053,0,0.0
28,22,receiver_stage/6,7,7.743182,9.32029,1.577108,7,1.097625,1,0.36519
28,53,receiver_stage/6,7,9.32033,9.427863,0.107533,7,0.041921,0,0.0
28,56,receiver_stage/6,7,9.427983,9.829944,0.401961,7,0.261947,0,0.0
28,61,receiver_stage/6,7,9.830114,10.193454,0.36334,7,0.248107,0,0.0
28,67,receiver_stage/6,7,10.193484,10.444071,0.250587,7,0.107403,0,0.0
28,72,receiver_stage/6,7,10.444101,10.98547,0.541369,7,0.446922,0,0.0
28,80,receiver_stage/6,7,10.98555,11.247077,0.261527,7,0.160403,0,0.0
28,81,receiver_stage/6,7,11.247137,11.387101,0.139964,7,0.0697,0,0.0
28,83,receiver_stage/6,7,11.387211,11.538595,0.151384,7,0.0689,0,0.0
28,85,receiver_stage/6,7,11.538695,11.689159,0.150464,7,0.05383,0,0.0
28,88,receiver_stage/6,7,11.689259,11.899015,0.209756,7,0.145773,0,0.0
28,93,receiver_stage/6,7,11.899115,12.103731,0.204616,7,0.162735,0,0.0
28,97,receiver_stage/6,7,12.103761,38.507866,26.404105,8,14.631594,7,11.484773
28,7,receiver_stage/7,8,7.293204,7.592203,0.298999,6,0.166506,0,0.0
28,16,receiver_stage/7,8,7.592313,7.956933,0.36462,7,0.315308,0,0.0
28,24,receiver_stage/7,8,7.957033,8.798705,0.841672,7,0.547384,1,0.210465
28,42,receiver_stage/7,8,8.798845,9.092673,0.293828,7,0.150784,0,0.0
28,46,receiver_stage/7,8,9.092944,9.34651,0.253566,7,0.092632,0,0.0
28,54,receiver_stage/7,8,9.34686,9.405032,0.058172,6,0.01939,0,0.0
28,55,receiver_stage/7,8,9.405052,9.69804,0.292988,7,0.164304,0,0.0
28,60,receiver_stage/7,8,9.69815,10.06771,0.36956,7,0.237356,0,0.0
28,64,receiver_stage/7,8,10.06782,10.231605,0.163785,6,0.101432,0,0.0
28,70,receiver_stage/7,8,10.231705,10.471691,0.239986,7,0.05475,0,0.0
28,74,receiver_stage/7,8,10.471781,10.907423,0.435642,7,0.294408,0,0.0
28,78,receiver_stage/7,8,10.907553,11.956501,1.048948,7,0.627959,1,0.310078
28,95,receiver_stage/7,8,11.956541,12.240999,0.284458,7,0.218006,0,0.0
28,99,receiver_stage/7,8,12.241089,12.461145,0.220056,7,0.138614,0,0.0
28,100,receiver_stage/7,8,12.461205,12.851266,0.390061,7,0.31187,0,0.0
28,103,receiver_stage/7,8,12.851616,13.087032,0.235416,7,0.049822,0,0.0
28,106,receiver_stage/7,8,13.087202,13.312488,0.225286,7,0.116183,0,0.0
28,107,receiver_stage/7,8,13.312628,13.491083,0.178455,7,0.087911,0,0.0
28,111,receiver_stage/7,8,13.491203,13.717299,0.226096,6,0.109954,0,0.0
28,115,receiver_stage/7,8,13.71753,14.377197,0.659667,7,0.45858,1,0.109973
28,117,receiver_stage/7,8,14.377228,14.439609,0.062381,6,0.02144,0,0.0
28,118,receiver_stage/7,8,14.439639,14.578663,0.139024,7,0.098552,0,0.0
28,119,receiver_stage/7,8,14.578713,14.8307,0.251987,7,0.084222,0,0.0
28,120,receiver_stage/7,8,14.83079,15.036705,0.205915,7,0.103001,0,0.0
28,122,receiver_stage/7,8,15.036745,19.494867,4.458122,1,0.492513,1,3.952138
28,129,receiver_stage/7,8,19.494997,22.972452,3.477455,1,0.463263,1,2.997142
28,139,receiver_stage/7,8,22.972542,24.963226,1.990684,7,1.644565,1,0.167754
28,143,receiver_stage/7,8,24.963296,25.138601,0.175305,7,0.080051,0,0.0
28,144,receiver_stage/7,8,25.138681,31.579426,6.440745,1,0.805852,1,5.618743
28,154,receiver_stage/7,8,31.579566,32.425029,0.845463,7,0.547464,1,0.176655
28,2,receiver_stage/2,9,7.200837,7.449504,0.248667,7,0.110244,0,0.0
28,10,receiver_stage/2,9,7.449534,7.713571,0.264037,7,0.168855,0,0.0
28,19,receiver_stage/2,9,7.713731,7.984908,0.271177,7,0.155903,0,0.0
28,27,receiver_stage/2,9,7.984968,8.260666,0.275698,7,0.196715,0,0.0
28,32,receiver_stage/2,9,8.260696,8.512653,0.251957,7,0.135364,0,0.0
28,35,receiver_stage/2,9,8.512683,8.637916,0.125233,7,0.044081,0,0.0
28,37,receiver_stage/2,9,8.637946,8.77494,0.136994,7,0.068801,0,0.0
28,41,receiver_stage/2,9,8.77497,9.111209,0.336239,7,0.204385,0,0.0
28,47,receiver_stage/2,9,9.111489,9.318605,0.207116,7,0.129204,0,0.0
28,52,receiver_stage/2,9,9.318635,9.455018,0.136383,7,0.069111,0,0.0
28,57,receiver_stage/2,9,9.455048,9.611293,0.156245,7,0.087704,0,0.0
28,58,receiver_stage/2,9,9.611353,9.697855,0.086502,6,0.04719,0,0.0
28,59,receiver_stage/2,9,9.698025,10.004863,0.306838,7,0.155634,0,0.0
28,63,receiver_stage/2,9,10.004943,10.204699,0.199756,7,0.129693,0,0.0
28,69,receiver_stage/2,9,10.204729,10.482406,0.277677,7,0.110961,0,0.0
28,75,receiver_stage/2,9,10.482676,10.640911,0.158235,7,0.071074,0,0.0
28,77,receiver_stage/2,9,10.640941,11.681449,1.040508,7,0.600887,1,0.326599
28,87,receiver_stage/2,9,11.681789,11.804292,0.122503,7,0.070671,0,0.0
28,90,receiver_stage/2,9,11.804322,11.895865,0.091543,7,0.052122,0,0.0
28,92,receiver_stage/2,9,11.895925,12.09722,0.201295,7,0.111543,0,0.0
28,96,receiver_stage/2,9,12.097301,24.730135,12.632834,8,7.783242,6,4.643528
28,141,receiver_stage/2,9,24.730235,29.229668,4.499433,1,0.606857,1,3.871796
28,150,receiver_stage/2,9,29.229798,34.477551,5.247753,1,0.828733,1,4.399
29,5,receiver_stage/5,2,7.342461,7.585447,0.242986,6,0.154975,0,0.0
29,11,receiver_stage/5,2,7.585597,7.915706,0.330109,7,0.206146,0,0.0
29,20,receiver_stage/5,2,7.915886,8.567244,0.651358,7,0.441311,0,0.0
29,34,receiver_stage/5,2,8.567354,8.707948,0.140594,7,0.0687,0,0.0
29,38,receiver_stage/5,2,8.708058,8.967135,0.259077,7,0.153923,0,0.0
29,42,receiver_stage/5,2,8.967235,9.12887,0.161635,7,0.089153,0,0.0
29,46,receiver_stage/5,2,9.129,9.338795,0.209795,6,0.068291,0,0.0
29,52,receiver_stage/5,2,9.338985,9.52334,0.184355,7,0.108052,0,0.0
29,58,receiver_stage/5,2,9.523541,10.571509,1.047968,7,0.596033,1,0.33756
29,85,receiver_stage/5,2,10.571649,10.745614,0.173965,7,0.091393,0,0.0
29,87,receiver_stage/5,2,10.745724,10.97501,0.229286,7,0.152902,0,0.0
29,91,receiver_stage/5,2,10.97524,11.265888,0.290648,7,0.192045,0,0.0
29,97,receiver_stage/5,2,11.266048,11.434662,0.168614,7,0.093201,0,0.0
29,103,receiver_stage/5,2,11.435032,12.222004,0.786972,7,0.529594,1,0.167925
29,109,receiver_stage/5,2,12.222134,23.397264,11.17513,2,2.782421,2,8.336377
29,136,receiver_stage/5,2,23.397314,23.581339,0.184025,7,0.103623,0,0.0
29,137,receiver_stage/5,2,23.581359,23.697352,0.115993,7,0.056961,0,0.0
29,139,receiver_stage/5,2,23.697442,24.00818,0.310738,7,0.141613,0,0.0
29,141,receiver_stage/5,2,24.00821,26.56624,2.55803,1,0.39006,1,2.157619
29,150,receiver_stage/5,2,26.56631,29.255903,2.689593,1,0.480304,1,2.194719
29,156,receiver_stage/5,2,29.255953,33.282363,4.02641,1,0.623107,1,3.386222
29,0,receiver_stage/0,3,7.248188,7.786322,0.538134,4,0.441681,0,0.0
29,19,receiver_stage/0,3,7.786462,7.975467,0.189005,7,0.117113,0,0.0
29,22,receiver_stage/0,3,7.975567,8.235055,0.259488,7,0.137923,0,0.0
29,27,receiver_stage/0,3,8.235075,8.42113,0.186055,7,0.118613,0,0.0
29,31,receiver_stage/0,3,8.42116,8.656346,0.235186,7,0.133911,0,0.0
29,36,receiver_stage/0,3,8.656456,8.919013,0.262557,7,0.153004,0,0.0
29,41,receiver_stage/0,3,8.919123,9.320704,0.401581,7,0.203696,0,0.0
29,51,receiver_stage/0,3,9.320804,9.752646,0.431842,7,0.374518,0,0.0
29,65,receiver_stage/0,3,9.752846,10.113016,0.36017,7,0.300758,0,0.0
29,75,receiver_stage/0,3,10.113076,10.371483,0.258407,6,0.127033,0,0.0
29,81,receiver_stage/0,3,10.371513,10.505007,0.133494,7,0.074204,0,0.0
29,83,receiver_stage/0,3,10.505037,12.011848,1.506811,7,1.159762,1,0.168665
29,108,receiver_stage/0,3,12.011948,13.322053,1.310105,8,0.866533,1,0.228926
29,113,receiver_stage/0,3,13.322123,17.832447,4.510324,3,0.840724,1,3.627249
29,119,receiver_stage/0,3,17.832647,19.7783,1.945653,1,0.300668,1,1.628915
29,123,receiver_stage/0,3,19.77858,23.715677,3.937097,1,0.453212,1,3.468325
29,140,receiver_stage/0,3,23.715777,24.012605,0.296828,7,0.158142,0,0.0
29,142,receiver_stage/0,3,24.012805,25.2937,1.280895,4,0.997707,1,0.214235
29,147,receiver_stage/0,3,25.29379,28.391475,3.097685,1,0.490674,1,2.591041
29,153,receiver_stage/0,3,28.391705,29.883385,1.49168,7,1.025348,1,0.304248
29,2,receiver_stage/2,4,7.291688,7.597396,0.305708,7,0.183874,0,0.0
29,13,receiver_stage/2,4,7.597546,8.003457,0.405911,7,0.217057,0,0.0
29,24,receiver_stage/2,4,8.003587,8.332736,0.329149,7,0.122363,0,0.0
29,28,receiver_stage/2,4,8.332856,8.595373,0.262517,7,0.166984,0,0.0
29,35,receiver_stage/2,4,8.595423,8.757638,0.162215,7,0.096462,0,0.0
29,40,receiver_stage/2,4,8.757748,9.223626,0.465878,7,0.309614,0,0.0
29,49,receiver_stage/2,4,9.223666,9.506934,0.283268,7,0.123545,0,0.0
29,56,receiver_stage/2,4,9.507354,9.670309,0.162955,6,0.101572,0,0.0
29,61,receiver_stage/2,4,9.670339,9.795272,0.124933,7,0.071851,0,0.0
29,67,receiver_stage/2,4,9.795332,10.075,0.279668,7,0.236727,0,0.0
29,72,receiver_stage/2,4,10.07511,10.45683,0.38172,8,0.313427,0,0.0
29,82,receiver_stage/2,4,10.45686,10.568793,0.111933,7,0.0688,0,0.0
29,84,receiver_stage/2,4,10.568823,12.262699,1.693876,7,1.364206,1,0.163205
29,110,receiver_stage/2,4,12.262859,14.259474,1.996615,7,1.653615,1,0.155084
29,114,receiver_stage/2,4,14.259534,18.099888,3.840354,1,0.500374,1,3.32613
29,120,receiver_stage/2,4,18.099948,20.065002,1.965054,2,0.338589,1,1.607574
29,125,receiver_stage/2,4,20.065062,20.247347,0.182285,7,0.113222,0,0.0
29,126,receiver_stage/2,4,20.247577,20.35503,0.107453,7,0.060002,0,0.0
29,127,receiver_stage/2,4,20.35512,20.507444,0.152324,4,0.123504,0,0.0
29,128,receiver_stage/2,4,20.507464,25.061768,4.554304,1,0.658358,1,3.835934
29,145,receiver_stage/2,4,25.061878,29.300394,4.238516,1,0.513904,1,3.709451
29,157,receiver_stage/2,4,29.300464,29.670944,0.37048,7,0.247897,0,0.0
29,159,receiver_stage/2,4,29.670994,35.242076,5.571082,1,0.786302,1,4.76905
29,3,receiver_stage/3,5,7.298834,7.478879,0.180045,6,0.088352,0,0.0
29,10,receiver_stage/3,5,7.478969,7.742066,0.263097,7,0.173566,0,0.0
29,17,receiver_stage/3,5,7.742136,8.008183,0.266047,7,0.193854,0,0.0
29,25,receiver_stage/3,5,8.008294,8.475376,0.467082,7,0.400429,0,0.0
29,33,receiver_stage/3,5,8.475496,9.704054,1.228558,6,0.872594,1,0.263832
29,62,receiver_stage/3,5,9.704094,9.91924,0.215146,7,0.144653,0,0.0
29,70,receiver_stage/3,5,9.91927,10.147946,0.228676,7,0.097372,0,0.0
29,76,receiver_stage/3,5,10.147977,10.805064,0.657087,7,0.459852,1,0.094053
29,88,receiver_stage/3,5,10.805344,11.080462,0.275118,7,0.202824,0,0.0
29,95,receiver_stage/3,5,11.080492,11.218246,0.137754,6,0.089692,0,0.0
29,96,receiver_stage/3,5,11.218296,11.341779,0.123483,7,0.086361,0,0.0
29,102,receiver_stage/3,5,11.341809,11.976026,0.634217,7,0.41582,1,0.133373
29,107,receiver_stage/3,5,11.976056,16.339955,4.363899,1,0.613136,1,3.738462
29,117,receiver_stage/3,5,16.340105,18.845374,2.505269,1,0.477393,1,2.011265
29,122,receiver_stage/3,5,18.845514,21.889457,3.043943,1,0.460373,1,2.56493
29,131,receiver_stage/3,5,21.889497,26.080391,4.190894,1,0.641008,1,3.532406
29,149,receiver_stage/3,5,26.080631,28.767064,2.686433,1,0.476563,1,2.191099
29,155,receiver_stage/3,5,28.767294,32.969459,4.202165,2,0.74142,1,3.424864
29,1,receiver_stage/1,6,7.263007,7.467333,0.204326,4,0.114662,0,0.0
29,9,receiver_stage/1,6,7.467463,7.73351,0.266047,7,0.191175,0,0.0
29,16,receiver_stage/1,6,7.73359,7.957306,0.223716,7,0.152624,0,0.0
29,21,receiver_stage/1,6,7.957446,8.205473,0.248027,7,0.133013,0,0.0
29,26,receiver_stage/1,6,8.205583,8.384348,0.178765,7,0.060352,0,0.0
29,30,receiver_stage/1,6,8.384428,8.741797,0.357369,7,0.247707,0,0.0
29,39,receiver_stage/1,6,8.741908,9.110687,0.368779,7,0.247745,0,0.0
29,44,receiver_stage/1,6,9.110737,9.18768,0.076943,6,0.038341,0,0.0
29,47,receiver_stage/1,6,9.18783,9.430796,0.242966,7,0.112653,0,0.0
29,54,receiver_stage/1,6,9.430846,9.58761,0.156764,7,0.074261,0,0.0
29,59,receiver_stage/1,6,9.58806,10.636479,1.048419,7,0.623366,1,0.312329
29,86,receiver_stage/1,6,10.636659,10.889766,0.253107,7,0.126552,0,0.0
29,89,receiver_stage/1,6,10.889796,11.076321,0.186525,7,0.112583,0,0.0
29,94,receiver_stage/1,6,11.076371,11.299757,0.223386,7,0.133174,0,0.0
29,99,receiver_stage/1,6,11.299797,32.215468,20.915671,8,8.53907,7,12.183533
29,6,receiver_stage/6,7,7.34585,7.586077,0.240227,7,0.144784,0,0.0
29,12,receiver_stage/6,7,7.586227,7.754752,0.168525,7,0.112034,0,0.0
29,18,receiver_stage/6,7,7.754862,7.978838,0.223976,7,0.151024,0,0.0
29,23,receiver_stage/6,7,7.978958,8.333417,0.354459,7,0.244228,0,0.0
29,29,receiver_stage/6,7,8.333527,8.451751,0.118224,7,0.045341,0,0.0
29,32,receiver_stage/6,7,8.451811,9.386656,0.934845,7,0.564034,1,0.283258
29,53,receiver_stage/6,7,9.386926,9.720765,0.333839,7,0.269096,0,0.0
29,64,receiver_stage/6,7,9.720805,9.87772,0.156915,7,0.091702,0,0.0
29,68,receiver_stage/6,7,9.87775,10.077195,0.199445,7,0.050301,0,0.0
29,73,receiver_stage/6,7,10.077225,10.211219,0.133994,6,0.064613,0,0.0
29,78,receiver_stage/6,7,10.211249,10.360123,0.148874,7,0.087002,0,0.0
29,80,receiver_stage/6,7,10.360153,11.284558,0.924405,7,0.669807,1,0.144344
29,98,receiver_stage/6,7,11.284818,11.523164,0.238346,7,0.111553,0,0.0
29,105,receiver_stage/6,7,11.523195,12.851071,1.327876,7,0.858323,1,0.337769
29,111,receiver_stage/6,7,12.851131,14.460105,1.608974,7,1.286415,1,0.146704
29,115,receiver_stage/6,7,14.460175,18.415382,3.955207,1,0.608166,1,3.336431
29,121,receiver_stage/6,7,18.415512,21.515747,3.100235,1,0.473823,1,2.610881
29,129,receiver_stage/6,7,21.515877,21.843656,0.327779,7,0.185153,0,0.0
29,130,receiver_stage/6,7,21.843686,22.208396,0.36471,7,0.253207,0,0.0
29,133,receiver_stage/6,7,22.208416,22.453703,0.245287,7,0.178715,0,0.0
29,135,receiver_stage/6,7,22.453733,24.456067,2.002334,2,0.335749,1,1.650315
29,144,receiver_stage/6,7,24.456127,27.212692,2.756565,1,0.38004,1,2.363494
29,152,receiver_stage/6,7,27.212782,29.412922,2.20014,2,0.333708,1,1.83885
29,158,receiver_stage/6,7,29.412992,29.69797,0.284978,7,0.162334,0,0.0
29,7,receiver_stage/7,8,7.363805,7.694874,0.331069,7,0.179875,0,0.0
29,15,receiver_stage/7,8,7.694934,8.700892,1.005958,7,0.555015,1,0.3633
29,37,receiver_stage/7,8,8.700922,9.067702,0.36678,7,0.257757,0,0.0
29,43,receiver_stage/7,8,9.067812,9.211336,0.143524,7,0.057232,0,0.0
29,48,receiver_stage/7,8,9.211386,9.467703,0.256317,7,0.126532,0,0.0
29,55,receiver_stage/7,8,9.467733,9.664588,0.196855,7,0.130301,0,0.0
29,60,receiver_stage/7,8,9.664618,9.792202,0.127584,8,0.073681,0,0.0
29,66,receiver_stage/7,8,9.792242,9.946526,0.154284,7,0.089072,0,0.0
29,71,receiver_stage/7,8,9.946556,10.169172,0.222616,7,0.116873,0,0.0
29,77,receiver_stage/7,8,10.169212,10.920992,0.75178,7,0.543904,1,0.104113
29,90,receiver_stage/7,8,10.921132,11.025235,0.104103,7,0.041201,0,0.0
29,93,receiver_stage/7,8,11.025265,11.310743,0.285478,7,0.195054,0,0.0
29,101,receiver_stage/7,8,11.310803,11.537519,0.226716,7,0.111792,0,0.0
29,106,receiver_stage/7,8,11.537549,16.060933,4.523384,3,0.771102,1,3.694781
29,116,receiver_stage/7,8,16.061063,21.992834,5.931771,2,1.311106,2,4.584164
29,132,receiver_stage/7,8,21.992944,22.232511,0.239567,7,0.148133,0,0.0
29,134,receiver_stage/7,8,22.232621,24.167984,1.935363,1,0.288498,1,1.636655
29,143,receiver_stage/7,8,24.168054,25.163961,0.995907,6,0.738311,1,0.175705
29,146,receiver_stage/7,8,25.164111,25.727016,0.562905,7,0.491464,0,0.0
29,148,receiver_stage/7,8,25.727056,28.663696,2.93664,1,0.453982,1,2.471697
29,154,receiver_stage/7,8,28.663756,30.174238,1.510482,7,1.044908,1,0.299428
29,4,receiver_stage/4,9,7.320844,7.407357,0.086513,4,0.02242,0,0.0
29,8,receiver_stage/4,9,7.407397,7.649963,0.242566,7,0.166834,0,0.0
29,14,receiver_stage/4,9,7.650073,9.127373,1.4773,7,1.005897,1,0.36638
29,45,receiver_stage/4,9,9.127433,9.309548,0.182115,7,0.101362,0,0.0
29,50,receiver_stage/4,9,9.309578,9.509724,0.200146,7,0.053429,0,0.0
29,57,receiver_stage/4,9,9.509774,9.709519,0.199745,7,0.136824,0,0.0
29,63,receiver_stage/4,9,9.709549,9.882574,0.173025,7,0.104773,0,0.0
29,69,receiver_stage/4,9,9.882604,10.08919,0.206586,7,0.095191,0,0.0
29,74,receiver_stage/4,9,10.08922,10.269505,0.180285,7,0.057891,0,0.0
29,79,receiver_stage/4,9,10.269535,10.983984,0.714449,7,0.460111,1,0.145844
29,92,receiver_stage/4,9,10.984224,11.305673,0.321449,7,0.231485,0,0.0
29,100,receiver_stage/4,9,11.305733,11.474328,0.168595,7,0.08487,0,0.0
29,104,receiver_stage/4,9,11.474448,13.127743,1.653295,7,1.154902,1,0.321979
29,112,receiver_stage/4,9,13.127833,17.299966,4.172133,1,0.639978,1,3.503245
29,118,receiver_stage/4,9,17.300026,19.783804,2.483778,1,0.467293,1,2.001734
29,124,receiver_stage/4,9,19.783864,23.67314,3.889276,2,0.474054,1,3.392832
29,138,receiver_stage/4,9,23.67319,26.97524,3.30205,1,0.3926,1,2.892009
29,151,receiver_stage/4,9,26.97538,29.700105,2.724725,3,0.556215,1,2.131909
30,7,receiver_stage/7,2,6.984347,7.250964,0.266617,7,0.190314,0,0.0
30,15,receiver_stage/7,2,7.251014,7.382547,0.131533,7,0.047242,0,0.0
30,17,receiver_stage/7,2,7.382597,7.618064,0.235467,7,0.135754,0,0.0
30,23,receiver_stage/7,2,7.618374,8.789631,1.171257,7,0.622856,1,0.395571
30,47,receiver_stage/7,2,8.789971,8.972196,0.182225,7,0.092641,0,0.0
30,53,receiver_stage/7,2,8.972326,9.230183,0.257857,7,0.108083,0,0.0
30,59,receiver_stage/7,2,9.230273,9.476629,0.246356,6,0.119842,0,0.0
30,67,receiver_stage/7,2,9.476779,9.688805,0.212026,7,0.119674,0,0.0
30,71,receiver_stage/7,2,9.688835,9.838409,0.149574,7,0.0476,0,0.0
30,78,receiver_stage/7,2,9.838469,10.035105,0.196636,7,0.083214,0,0.0
30,86,receiver_stage/7,2,10.035165,10.289902,0.254737,7,0.118652,0,0.0
30,90,receiver_stage/7,2,10.290022,10.705843,0.415821,7,0.293006,0,0.0
30,94,receiver_stage/7,2,10.705893,13.713565,3.007672,1,0.306889,1,2.691413
30,113,receiver_stage/7,2,13.713645,15.972677,2.259032,3,0.307749,1,1.919073
30,132,receiver_stage/7,2,15.972757,22.165736,6.192979,1,0.900715,1,5.266224
30,144,receiver_stage/7,2,22.165916,30.872727,8.706811,1,1.432009,1,7.244512
30,1,receiver_stage/1,3,6.880568,7.085184,0.204616,4,0.114332,0,0.0
30,8,receiver_stage/1,3,7.085334,7.151456,0.066122,4,0.019,0,0.0
30,10,receiver_stage/1,3,7.151606,7.579607,0.428001,7,0.273207,0,0.0
30,22,receiver_stage/1,3,7.580007,9.202151,1.622144,7,1.039488,1,0.467133
30,58,receiver_stage/1,3,9.202401,9.408877,0.206476,7,0.061061,0,0.0
30,63,receiver_stage/1,3,9.409127,9.534701,0.125574,7,0.072312,0,0.0
30,68,receiver_stage/1,3,9.534751,9.766847,0.232096,7,0.146473,0,0.0
30,74,receiver_stage/1,3,9.767117,9.905411,0.138294,7,0.070081,0,0.0
30,83,receiver_stage/1,3,9.905531,10.200269,0.294738,7,0.139045,0,0.0
30,88,receiver_stage/1,3,10.200439,10.366473,0.166034,7,0.093112,0,0.0
30,91,receiver_stage/1,3,10.366523,12.653066,2.286543,1,0.308459,1,1.968904
30,107,receiver_stage/1,3,12.653356,14.100215,1.446859,2,0.163274,1,1.256944
30,120,receiver_stage/1,3,14.100275,14.341332,0.241057,7,0.143693,0,0.0
30,126,receiver_stage/1,3,14.341442,16.560462,2.21902,1,0.279417,1,1.931823
30,134,receiver_stage/1,3,16.560642,21.912538,5.351896,1,0.923555,1,4.39005
30,143,receiver_stage/1,3,21.912728,32.033424,10.120696,2,1.547102,1,8.512132
30,0,receiver_stage/0,4,6.867027,7.428173,0.561146,4,0.469424,0,0.0
30,19,receiver_stage/0,4,7.428433,7.745451,0.317018,7,0.201225,0,0.0
30,28,receiver_stage/0,4,7.745962,8.040439,0.294477,7,0.159724,0,0.0
30,32,receiver_stage/0,4,8.040669,8.346948,0.306279,7,0.111033,0,0.0
30,37,receiver_stage/0,4,8.347068,8.79513,0.448062,7,0.361599,0,0.0
30,48,receiver_stage/0,4,8.79517,9.019476,0.224306,7,0.149125,0,0.0
30,56,receiver_stage/0,4,9.019636,9.421707,0.402071,8,0.315248,0,0.0
30,64,receiver_stage/0,4,9.421737,9.664464,0.242727,7,0.153084,0,0.0
30,70,receiver_stage/0,4,9.664754,9.835808,0.171054,7,0.091011,0,0.0
30,77,receiver_stage/0,4,9.835948,10.003773,0.167825,7,0.101983,0,0.0
30,85,receiver_stage/0,4,10.003933,10.417994,0.414061,7,0.328948,0,0.0
30,92,receiver_stage/0,4,10.418014,12.904472,2.486458,1,0.309569,1,2.168179
30,109,receiver_stage/0,4,12.904512,13.824477,0.919965,8,0.46698,1,0.33749
30,115,receiver_stage/0,4,13.824517,14.101185,0.276668,7,0.195764,0,0.0
30,121,receiver_stage/0,4,14.101255,14.488655,0.3874,7,0.269956,0,0.0
30,129,receiver_stage/0,4,14.488705,14.751923,0.263218,7,0.077553,0,0.0
30,130,receiver_stage/0,4,14.751993,20.746066,5.994073,1,0.905245,1,5.070908
30,139,receiver_stage/0,4,20.746316,21.082765,0.336449,7,0.193294,0,0.0
30,140,receiver_stage/0,4,21.082825,21.298001,0.215176,7,0.135124,0,0.0
30,141,receiver_stage/0,4,21.298111,27.739467,6.441356,2,0.994397,1,5.414668
30,159,receiver_stage/0,4,27.739527,28.055875,0.316348,7,0.139394,0,0.0
30,5,receiver_stage/5,5,6.94685,7.211287,0.264437,7,0.167483,0,0.0
30,13,receiver_stage/5,5,7.211357,7.935847,0.72449,7,0.490084,0,0.0
30,31,receiver_stage/5,5,7.935887,8.225205,0.289318,7,0.145094,0,0.0
30,35,receiver_stage/5,5,8.225505,8.654167,0.428662,7,0.37803,0,0.0
30,44,receiver_stage/5,5,8.654237,8.913684,0.259447,7,0.166853,0,0.0
30,51,receiver_stage/5,5,8.913774,9.86413,0.950356,7,0.644375,1,0.218906
30,80,receiver_stage/5,5,9.86423,11.686873,1.822643,7,1.40906,1,0.210256
30,97,receiver_stage/5,5,11.687233,12.108845,0.421612,7,0.343609,0,0.0
30,101,receiver_stage/5,5,12.108955,12.278009,0.169054,7,0.093632,0,0.0
30,105,receiver_stage/5,5,12.278149,12.531272,0.253123,7,0.125751,0,0.0
30,106,receiver_stage/5,5,12.531343,12.80846,0.277117,7,0.161514,0,0.0
30,108,receiver_stage/5,5,12.80861,14.26142,1.45281,2,0.178615,1,1.260585
30,124,receiver_stage/5,5,14.26158,17.802726,3.541146,2,0.551315,2,2.9664
30,136,receiver_stage/5,5,17.803066,23.600014,5.796948,2,0.893165,1,4.861053
30,146,receiver_stage/5,5,23.600084,26.847233,3.247149,1,0.469803,1,2.762675
30,151,receiver_stage/5,5,26.847333,27.11195,0.264617,7,0.175835,0,0.0
30,153,receiver_stage/5,5,27.11206,27.236443,0.124383,7,0.057193,0,0.0
30,155,receiver_stage/5,5,27.236473,27.684385,0.447912,7,0.391309,0,0.0
30,158,receiver_stage/5,5,27.684415,28.272916,0.588501,7,0.481247,0,0.0
30,3,receiver_stage/3,6,6.916639,7.097474,0.180835,6,0.086483,0,0.0
30,9,receiver_stage/3,6,7.097655,7.268439,0.170784,6,0.123714,0,0.0
30,16,receiver_stage/3,6,7.268469,7.624199,0.35573,7,0.237409,0,0.0
30,24,receiver_stage/3,6,7.624279,8.545274,0.920995,7,0.578115,1,0.256407
30,41,receiver_stage/3,6,8.545484,8.751289,0.205805,7,0.136653,0,0.0
30,46,receiver_stage/3,6,8.751609,9.004356,0.252747,7,0.156735,0,0.0
30,54,receiver_stage/3,6,9.004716,9.275584,0.270868,7,0.122811,0,0.0
30,61,receiver_stage/3,6,9.275744,9.542651,0.266907,7,0.132523,0,0.0
30,69,receiver_stage/3,6,9.543081,9.809168,0.266087,7,0.196946,0,0.0
30,76,receiver_stage/3,6,9.809198,9.951812,0.142614,7,0.097512,0,0.0
30,84,receiver_stage/3,6,9.951942,15.674388,5.722446,3,0.942084,1,4.73409
30,131,receiver_stage/3,6,15.674708,21.813355,6.138647,1,0.998507,1,5.112639
30,142,receiver_stage/3,6,21.813475,24.890429,3.076954,1,0.468743,1,2.588091
30,148,receiver_stage/3,6,24.890479,26.643727,1.753248,7,0.944166,1,0.588236
30,150,receiver_stage/3,6,26.643877,30.458751,3.814874,2,0.7229,1,3.064374
30,2,receiver_stage/2,7,6.896444,7.190522,0.294078,7,0.179175,0,0.0
30,12,receiver_stage/2,7,7.190842,7.48203,0.291188,7,0.147524,0,0.0
30,21,receiver_stage/2,7,7.48209,7.669665,0.187575,7,0.116543,0,0.0
30,26,receiver_stage/2,7,7.669925,7.82619,0.156265,7,0.074672,0,0.0
30,29,receiver_stage/2,7,7.82645,8.21088,0.38443,7,0.276427,0,0.0
30,34,receiver_stage/2,7,8.21097,8.357824,0.146854,7,0.06911,0,0.0
30,38,receiver_stage/2,7,8.358844,8.517179,0.158335,7,0.072692,0,0.0
30,40,receiver_stage/2,7,8.517259,8.56949,0.052231,6,0.019381,0,0.0
30,43,receiver_stage/2,7,8.56954,8.816871,0.247331,8,0.167929,0,0.0
30,49,receiver_stage/2,7,8.816911,9.009316,0.192405,7,0.121603,0,0.0
30,55,receiver_stage/2,7,9.009476,9.260783,0.251307,7,0.124003,0,0.0
30,60,receiver_stage/2,7,9.260803,9.434268,0.173465,7,0.090792,0,0.0
30,65,receiver_stage/2,7,9.434298,9.704875,0.270577,7,0.194144,0,0.0
30,72,receiver_stage/2,7,9.704915,9.86777,0.162855,7,0.085863,0,0.0
30,81,receiver_stage/2,7,9.86793,11.313459,1.445529,8,0.947995,1,0.279338
30,95,receiver_stage/2,7,11.313789,11.510864,0.197075,7,0.108612,0,0.0
30,96,receiver_stage/2,7,11.511034,11.788222,0.277188,7,0.225566,0,0.0
30,98,receiver_stage/2,7,11.789412,11.982887,0.193475,7,0.108081,0,0.0
30,99,receiver_stage/2,7,11.982917,12.139592,0.156675,7,0.086694,0,0.0
30,102,receiver_stage/2,7,12.140022,12.263695,0.123673,7,0.062472,0,0.0
30,104,receiver_stage/2,7,12.263985,13.357555,1.09357,6,0.7962,1,0.206026
30,110,receiver_stage/2,7,13.358065,13.616532,0.258467,7,0.169574,0,0.0
30,111,receiver_stage/2,7,13.616602,13.851328,0.234726,7,0.171134,0,0.0
30,116,receiver_stage/2,7,13.851368,14.042363,0.190995,7,0.118573,0,0.0
30,117,receiver_stage/2,7,14.042393,14.29039,0.247997,7,0.186025,0,0.0
30,125,receiver_stage/2,7,14.29057,16.362617,2.072047,1,0.296409,1,1.766758
30,133,receiver_stage/2,7,16.362747,18.721791,2.359044,1,0.3616,1,1.980594
30,137,receiver_stage/2,7,18.721871,24.830108,6.108237,1,0.859563,1,5.223313
30,147,receiver_stage/2,7,24.830158,28.020005,3.189847,7,1.953394,2,1.045948
30,6,receiver_stage/6,8,6.964966,7.236113,0.271147,7,0.176043,0,0.0
30,14,receiver_stage/6,8,7.236463,7.424678,0.188215,7,0.100422,0,0.0
30,18,receiver_stage/6,8,7.424988,7.667155,0.242167,7,0.162605,0,0.0
30,25,receiver_stage/6,8,7.667635,8.963645,1.29601,6,0.957991,1,0.246806
30,52,receiver_stage/6,8,8.963735,9.192931,0.229196,7,0.0542,0,0.0
30,57,receiver_stage/6,8,9.193131,9.323565,0.130434,6,0.064791,0,0.0
30,62,receiver_stage/6,8,9.323645,9.463859,0.140214,7,0.078231,0,0.0
30,66,receiver_stage/6,8,9.464049,9.713896,0.249847,7,0.161855,0,0.0
30,73,receiver_stage/6,8,9.714056,9.87387,0.159814,7,0.088112,0,0.0
30,82,receiver_stage/6,8,9.87399,10.095536,0.221546,7,0.133563,0,0.0
30,87,receiver_stage/6,8,10.099846,10.24515,0.145304,7,0.070361,0,0.0
30,89,receiver_stage/6,8,10.24525,10.562003,0.316753,7,0.168314,0,0.0
30,93,receiver_stage/6,8,10.562073,14.080058,3.517985,1,0.321328,1,3.185676
30,119,receiver_stage/6,8,14.080108,14.220532,0.140424,7,0.077032,0,0.0
30,123,receiver_stage/6,8,14.220662,14.359836,0.139174,4,0.110082,0,0.0
30,127,receiver_stage/6,8,14.359866,17.658106,3.29824,1,0.474232,1,2.812097
30,135,receiver_stage/6,8,17.658186,23.474485,5.816299,1,0.851623,1,4.939555
30,145,receiver_stage/6,8,23.474565,26.878088,3.403523,1,0.536735,1,2.847028
30,152,receiver_stage/6,8,26.878168,27.169745,0.291577,7,0.224815,0,0.0
30,154,receiver_stage/6,8,27.169775,27.32971,0.159935,7,0.084662,0,0.0
30,156,receiver_stage/6,8,27.32979,27.570306,0.240516,7,0.116034,0,0.0
30,157,receiver_stage/6,8,27.570346,27.750281,0.179935,7,0.066721,0,0.0
30,4,receiver_stage/4,9,6.933445,7.175552,0.242107,7,0.148404,0,0.0
30,11,receiver_stage/4,9,7.175672,7.445139,0.269467,7,0.140704,0,0.0
30,20,receiver_stage/4,9,7.445579,7.677425,0.231846,7,0.152993,0,0.0
30,27,receiver_stage/4,9,7.677635,7.84684,0.169205,7,0.103393,0,0.0
30,30,receiver_stage/4,9,7.84688,8.091377,0.244497,7,0.105064,0,0.0
30,33,receiver_stage/4,9,8.091567,8.282262,0.190695,7,0.049221,0,0.0
30,36,receiver_stage/4,9,8.282382,8.457667,0.175285,7,0.107263,0,0.0
30,39,receiver_stage/4,9,8.457787,8.556969,0.099182,7,0.042781,0,0.0
30,42,receiver_stage/4,9,8.557029,8.714854,0.157825,6,0.055422,0,0.0
30,45,receiver_stage/4,9,8.714904,8.899809,0.184905,6,0.116483,0,0.0
30,50,receiver_stage/4,9,8.900169,9.785953,0.885784,7,0.538054,1,0.244747
30,75,receiver_stage/4,9,9.786353,9.852085,0.065732,6,0.021881,0,0.0
30,79,receiver_stage/4,9,9.852115,12.104421,2.252306,7,1.902836,1,0.158135
30,100,receiver_stage/4,9,12.104771,12.233154,0.128383,7,0.060762,0,0.0
30,103,receiver_stage/4,9,12.233354,13.643367,1.410013,4,1.132194,1,0.208945
30,112,receiver_stage/4,9,13.643407,13.813002,0.169595,4,0.123834,0,0.0
30,114,receiver_stage/4,9,13.813032,14.042608,0.229576,7,0.158235,0,0.0
30,118,receiver_stage/4,9,14.042738,14.132031,0.089293,7,0.053542,0,0.0
30,122,receiver_stage/4,9,14.132061,14.432649,0.300588,7,0.181306,0,0.0
30,128,receiver_stage/4,9,14.432699,19.322332,4.889633,3,1.10458,3,3.741882
30,138,receiver_stage/4,9,19.322612,25.319946,5.997334,1,0.873244,1,5.095439
30,149,receiver_stage/4,9,25.320286,29.285469,3.965183,2,0.703789,1,3.202292
31,3,receiver_stage/3,2,7.158586,7.265349,0.106763,4,0.02314,0,0.0
31,8,receiver_stage/3,2,7.265479,7.67598,0.410501,7,0.270086,0,0.0
31,17,receiver_stage/3,2,7.67601,8.04133,0.36532,7,0.257988,0,0.0
31,28,receiver_stage/3,2,8.04147,8.193534,0.152064,7,0.088761,0,0.0
31,30,receiver_stage/3,2,8.193564,8.388569,0.195005,7,0.126901,0,0.0
31,35,receiver_stage/3,2,8.388899,8.621556,0.232657,7,0.098433,0,0.0
31,41,receiver_stage/3,2,8.621666,8.754309,0.132643,7,0.075112,0,0.0
31,45,receiver_stage/3,2,8.754339,9.027422,0.273083,7,0.19336,0,0.0
31,56,receiver_stage/3,2,9.027592,9.393382,0.36579,7,0.260116,0,0.0
31,62,receiver_stage/3,2,9.393532,9.521915,0.128383,7,0.071442,0,0.0
31,65,receiver_stage/3,2,9.521985,10.512952,0.990967,6,0.721229,1,0.191705
31,79,receiver_stage/3,2,10.513142,12.568378,2.055236,1,0.159704,1,1.887531
31,95,receiver_stage/3,2,12.568518,16.841425,4.272907,2,0.603686,1,3.640409
31,108,receiver_stage/3,2,16.841745,19.349543,2.507798,1,0.278068,1,2.21807
31,127,receiver_stage/3,2,19.349673,23.309071,3.959398,3,1.068028,2,2.855598
31,149,receiver_stage/3,2,23.309151,24.917675,1.608524,1,0.201775,1,1.395548
31,158,receiver_stage/3,2,24.917735,26.705484,1.787749,7,1.411779,1,0.165465
31,7,receiver_stage/7,3,7.246099,7.563888,0.317789,7,0.168533,0,0.0
31,12,receiver_stage/7,3,7.564238,7.762323,0.198085,7,0.120172,0,0.0
31,21,receiver_stage/7,3,7.762833,7.910637,0.147804,7,0.070892,0,0.0
31,23,receiver_stage/7,3,7.910707,8.01781,0.107103,7,0.050072,0,0.0
31,27,receiver_stage/7,3,8.01816,8.198895,0.180735,7,0.108162,0,0.0
31,31,receiver_stage/7,3,8.199275,8.352419,0.153144,6,0.093013,0,0.0
31,34,receiver_stage/7,3,8.353139,8.573255,0.220116,7,0.097632,0,0.0
31,40,receiver_stage/7,3,8.573465,8.819532,0.246067,6,0.115143,0,0.0
31,49,receiver_stage/7,3,8.819702,8.989391,0.169689,7,0.082972,0,0.0
31,54,receiver_stage/7,3,8.989431,9.185087,0.195656,7,0.111924,0,0.0
31,59,receiver_stage/7,3,9.185177,9.604268,0.419091,7,0.34569,0,0.0
31,67,receiver_stage/7,3,9.604528,9.730361,0.125833,7,0.061089,0,0.0
31,69,receiver_stage/7,3,9.730832,9.826734,0.095902,7,0.046031,0,0.0
31,71,receiver_stage/7,3,9.826764,9.978638,0.151874,7,0.087661,0,0.0
31,72,receiver_stage/7,3,9.978738,10.085201,0.106463,7,0.058152,0,0.0
31,73,receiver_stage/7,3,10.085231,10.335708,0.250477,7,0.148855,0,0.0
31,76,receiver_stage/7,3,10.335808,10.527203,0.191395,7,0.130763,0,0.0
31,81,receiver_stage/7,3,10.527493,10.663587,0.136094,7,0.088292,0,0.0
31,85,receiver_stage/7,3,10.663697,14.869692,4.205995,1,0.522054,1,3.674191
31,98,receiver_stage/7,3,14.869762,18.002637,3.132875,1,0.320219,1,2.799616
31,118,receiver_stage/7,3,18.002787,18.294255,0.291468,7,0.223126,0,0.0
31,120,receiver_stage/7,3,18.294375,18.456159,0.161784,7,0.086071,0,0.0
31,122,receiver_stage/7,3,18.456269,18.575073,0.118804,7,0.061092,0,0.0
31,123,receiver_stage/7,3,18.575183,18.712046,0.136863,7,0.091681,0,0.0
31,125,receiver_stage/7,3,18.712077,21.589085,2.877008,1,0.522814,1,2.330814
31,140,receiver_stage/7,3,21.589265,21.867722,0.278457,7,0.184834,0,0.0
31,144,receiver_stage/7,3,21.867873,22.178121,0.310248,7,0.224985,0,0.0
31,146,receiver_stage/7,3,22.178231,27.67479,5.496559,2,1.605013,2,3.851135
31,1,receiver_stage/1,4,7.12317,7.414688,0.291518,7,0.191655,0,0.0
31,10,receiver_stage/1,4,7.414798,7.686515,0.271717,7,0.195445,0,0.0
31,18,receiver_stage/1,4,7.687165,8.530418,0.843253,7,0.422341,1,0.341819
31,38,receiver_stage/1,4,8.530658,8.660082,0.129424,6,0.065162,0,0.0
31,43,receiver_stage/1,4,8.660492,8.828146,0.167654,7,0.091842,0,0.0
31,50,receiver_stage/1,4,8.828396,10.406169,1.577773,7,1.232144,1,0.174125
31,77,receiver_stage/1,4,10.406219,10.660386,0.254167,7,0.180556,0,0.0
31,84,receiver_stage/1,4,10.660476,14.912062,4.251586,1,0.532444,1,3.706921
31,99,receiver_stage/1,4,14.912142,16.798453,1.886311,7,1.011607,1,0.691898
31,107,receiver_stage/1,4,16.798904,19.354493,2.555589,1,0.283498,1,2.260821
31,128,receiver_stage/1,4,19.354613,25.031728,5.677115,3,0.915035,1,4.709529
31,6,receiver_stage/6,5,7.232483,7.565452,0.332969,7,0.178626,0,0.0
31,13,receiver_stage/6,5,7.565492,8.796796,1.231304,7,0.79897,1,0.34717
31,47,receiver_stage/6,5,8.796816,9.000661,0.203845,7,0.128835,0,0.0
31,55,receiver_stage/6,5,9.001031,9.299209,0.298178,7,0.185254,0,0.0
31,61,receiver_stage/6,5,9.299369,11.484059,2.18469,1,0.168794,1,2.005665
31,94,receiver_stage/6,5,11.484189,15.786706,4.302517,2,0.547966,1,3.727591
31,102,receiver_stage/6,5,15.786846,16.446504,0.659658,7,0.509284,0,0.0
31,105,receiver_stage/6,5,16.446644,16.797874,0.35123,7,0.224364,0,0.0
31,106,receiver_stage/6,5,16.798844,17.081402,0.282558,7,0.173155,0,0.0
31,109,receiver_stage/6,5,17.081952,17.356449,0.274497,7,0.143715,0,0.0
31,112,receiver_stage/6,5,17.356689,17.528444,0.171755,7,0.054792,0,0.0
31,115,receiver_stage/6,5,17.528634,17.782061,0.253427,7,0.158704,0,0.0
31,116,receiver_stage/6,5,17.782241,17.939295,0.157054,7,0.06002,0,0.0
31,117,receiver_stage/6,5,17.939385,18.179832,0.240447,7,0.167693,0,0.0
31,119,receiver_stage/6,5,18.179852,18.302915,0.123063,7,0.056301,0,0.0
31,121,receiver_stage/6,5,18.303065,18.772258,0.469193,7,0.41559,0,0.0
31,126,receiver_stage/6,5,18.772388,21.342068,2.56968,2,0.375621,1,2.175169
31,138,receiver_stage/6,5,21.342998,24.206016,2.863018,1,0.545735,1,2.296403
31,151,receiver_stage/6,5,24.206156,24.500864,0.294708,7,0.151863,0,0.0
31,153,receiver_stage/6,5,24.500984,24.624997,0.124013,4,0.093433,0,0.0
31,155,receiver_stage/6,5,24.625108,26.276172,1.651064,2,0.243176,1,1.394798
31,5,receiver_stage/5,6,7.202862,7.636874,0.434012,7,0.279157,0,0.0
31,16,receiver_stage/5,6,7.637574,7.915671,0.278097,7,0.160804,0,0.0
31,24,receiver_stage/5,6,7.915861,7.969603,0.053742,6,0.018209,0,0.0
31,25,receiver_stage/5,6,7.969633,8.111927,0.142294,7,0.072741,0,0.0
31,29,receiver_stage/5,6,8.111957,8.207569,0.095612,6,0.050122,0,0.0
31,33,receiver_stage/5,6,8.207599,8.414935,0.207336,7,0.046981,0,0.0
31,37,receiver_stage/5,6,8.415255,8.809896,0.394641,8,0.320769,0,0.0
31,48,receiver_stage/5,6,8.810016,8.98853,0.178514,6,0.02786,0,0.0
31,53,receiver_stage/5,6,8.98857,9.160865,0.172295,7,0.085701,0,0.0
31,58,receiver_stage/5,6,9.161135,9.442053,0.280918,7,0.234416,0,0.0
31,63,receiver_stage/5,6,9.442353,9.532275,0.089922,7,0.041871,0,0.0
31,66,receiver_stage/5,6,9.532306,9.68679,0.154484,7,0.093632,0,0.0
31,68,receiver_stage/5,6,9.68706,9.802673,0.115613,7,0.069891,0,0.0
31,70,receiver_stage/5,6,9.802803,10.616285,0.813482,8,0.42598,1,0.309369
31,82,receiver_stage/5,6,10.616315,10.80573,0.189415,4,0.154963,0,0.0
31,88,receiver_stage/5,6,10.80578,11.060607,0.254827,7,0.165263,0,0.0
31,93,receiver_stage/5,6,11.060827,15.352644,4.291817,2,0.602856,1,3.66726
31,100,receiver_stage/5,6,15.352774,17.209925,1.857151,7,0.928376,1,0.752
31,111,receiver_stage/5,6,17.209985,17.431801,0.221816,7,0.113153,0,0.0
31,113,receiver_stage/5,6,17.431981,19.526688,2.094707,7,1.715477,1,0.200265
31,131,receiver_stage/5,6,19.526758,19.679142,0.152384,7,0.058721,0,0.0
31,132,receiver_stage/5,6,19.679872,19.877407,0.197535,7,0.117293,0,0.0
31,133,receiver_stage/5,6,19.877428,20.289759,0.412331,7,0.36187,0,0.0
31,134,receiver_stage/5,6,20.289779,20.598507,0.308728,7,0.278568,0,0.0
31,135,receiver_stage/5,6,20.598527,20.979758,0.381231,7,0.342758,0,0.0
31,136,receiver_stage/5,6,20.979818,21.223314,0.243496,7,0.215214,0,0.0
31,137,receiver_stage/5,6,21.223644,23.944978,2.721334,1,0.490083,1,2.2134
31,150,receiver_stage/5,6,23.946088,24.239536,0.293448,7,0.148022,0,0.0
31,152,receiver_stage/5,6,24.239666,24.523124,0.283458,7,0.212684,0,0.0
31,154,receiver_stage/5,6,24.523214,26.143708,1.620494,2,0.255108,1,1.351636
31,4,receiver_stage/4,7,7.184277,7.416303,0.232026,6,0.155343,0,0.0
31,11,receiver_stage/4,7,7.416393,7.695611,0.279218,7,0.196406,0,0.0
31,19,receiver_stage/4,7,7.695641,8.560854,0.865213,7,0.566824,1,0.209976
31,39,receiver_stage/4,7,8.561034,8.76252,0.201486,7,0.059732,0,0.0
31,46,receiver_stage/4,7,8.76255,9.069028,0.306478,7,0.235186,0,0.0
31,57,receiver_stage/4,7,9.069168,9.257873,0.188705,7,0.106012,0,0.0
31,60,receiver_stage/4,7,9.257913,9.444458,0.186545,7,0.111942,0,0.0
31,64,receiver_stage/4,7,9.444488,10.683292,1.238804,4,0.963617,1,0.203235
31,87,receiver_stage/4,7,10.683352,10.809435,0.126083,7,0.071021,0,0.0
31,89,receiver_stage/4,7,10.809515,10.99946,0.189945,7,0.118682,0,0.0
31,92,receiver_stage/4,7,10.99954,15.593826,4.594286,2,0.544815,1,4.02946
31,101,receiver_stage/4,7,15.593886,16.025138,0.431252,7,0.274698,0,0.0
31,103,receiver_stage/4,7,16.025298,16.351166,0.325868,7,0.151164,0,0.0
31,104,receiver_stage/4,7,16.351216,17.20822,0.857004,7,0.67475,0,0.0
31,110,receiver_stage/4,7,17.2084,17.464317,0.255917,7,0.141935,0,0.0
31,114,receiver_stage/4,7,17.464447,19.500682,2.036235,7,1.670495,1,0.195225
31,130,receiver_stage/4,7,19.500742,22.528865,3.028123,1,0.296118,1,2.723144
31,148,receiver_stage/4,7,22.529035,25.005242,2.476207,1,0.474503,1,1.986694
31,159,receiver_stage/4,7,25.005302,26.74312,1.737818,7,1.398678,1,0.173585
31,0,receiver_stage/0,8,7.101703,7.620927,0.519224,4,0.426231,0,0.0
31,15,receiver_stage/0,8,7.621207,7.845623,0.224416,7,0.139453,0,0.0
31,22,receiver_stage/0,8,7.845783,7.989547,0.143764,8,0.079562,0,0.0
31,26,receiver_stage/0,8,7.989627,8.203993,0.214366,7,0.146434,0,0.0
31,32,receiver_stage/0,8,8.204454,8.403759,0.199305,7,0.132633,0,0.0
31,36,receiver_stage/0,8,8.403799,8.631315,0.227516,7,0.116521,0,0.0
31,42,receiver_stage/0,8,8.631345,8.742458,0.111113,7,0.068791,0,0.0
31,44,receiver_stage/0,8,8.742488,8.875392,0.132904,7,0.04629,0,0.0
31,51,receiver_stage/0,8,8.875442,10.165597,1.290155,7,0.989507,1,0.142444
31,74,receiver_stage/0,8,10.165627,10.516356,0.350729,7,0.236895,0,0.0
31,80,receiver_stage/0,8,10.516387,10.626729,0.110342,7,0.056881,0,0.0
31,83,receiver_stage/0,8,10.62676,10.892297,0.265537,7,0.078702,0,0.0
31,91,receiver_stage/0,8,10.892457,14.67292,3.780463,1,0.500044,1,3.266919
31,97,receiver_stage/0,8,14.67299,19.44075,4.76776,2,0.577936,1,4.164714
31,129,receiver_stage/0,8,19.44083,24.824617,5.383787,1,0.846273,1,4.514274
31,156,receiver_stage/0,8,24.824767,27.49753,2.672763,1,0.480493,1,2.175449
31,2,receiver_stage/2,9,7.13906,7.327105,0.188045,6,0.086412,0,0.0
31,9,receiver_stage/2,9,7.327145,7.572412,0.245267,7,0.158746,0,0.0
31,14,receiver_stage/2,9,7.572512,7.734596,0.162084,7,0.073271,0,0.0
31,20,receiver_stage/2,9,7.734626,8.931189,1.196563,6,0.901216,1,0.210465
31,52,receiver_stage/2,9,8.931699,10.252815,1.321116,8,0.878855,1,0.215005
31,75,receiver_stage/2,9,10.252935,10.508492,0.255557,7,0.146164,0,0.0
31,78,receiver_stage/2,9,10.508522,10.668966,0.160444,4,0.127693,0,0.0
31,86,receiver_stage/2,9,10.669026,10.81677,0.147744,7,0.096902,0,0.0
31,90,receiver_stage/2,9,10.81684,14.556782,3.739942,1,0.491073,1,3.235688
31,96,receiver_stage/2,9,14.556842,18.700715,4.143873,2,0.544045,1,3.570497
31,124,receiver_stage/2,9,18.700785,21.44559,2.744805,1,0.471393,1,2.256581
31,139,receiver_stage/2,9,21.44576,21.679057,0.233297,7,0.128313,0,0.0
31,141,receiver_stage/2,9,21.679097,21.733798,0.054701,5,0.015771,0,0.0
31,142,receiver_stage/2,9,21.733828,21.784059,0.050231,5,0.01426,0,0.0
31,143,receiver_stage/2,9,21.784089,22.008806,0.224717,7,0.157125,0,0.0
31,145,receiver_stage/2,9,22.008836,22.349045,0.340209,7,0.229796,0,0.0
31,147,receiver_stage/2,9,22.349165,24.867584,2.518419,2,0.507844,1,1.988605
31,157,receiver_stage/2,9,24.867654,27.690581,2.822927,2,0.619486,1,2.17828
